<?xml version="1.0" encoding="UTF-8"?>
<gpx version="1.1" creator="camino-2027 split of compostelle.fr CAMINO_FRANCES.gpx" xmlns="http://www.topografix.com/GPX/1/1">
  <metadata><name>도보 v2 DAY 7 사아군 → 레온</name><desc>compostelle.fr (VisuGPX) 도보 노선을 자전거 일정 경계로 잘라 낸 것 · 2026-09-12</desc></metadata>
  <trk><name>도보 v2 DAY 7 · 사아군 → 레온</name><trkseg>
      <trkpt lat="42.370730" lon="-5.029320"><ele>827.2</ele></trkpt>
      <trkpt lat="42.370730" lon="-5.029380"><ele>826.9</ele></trkpt>
      <trkpt lat="42.370730" lon="-5.029390"><ele>826.9</ele></trkpt>
      <trkpt lat="42.370730" lon="-5.029550"><ele>826.2</ele></trkpt>
      <trkpt lat="42.370730" lon="-5.029810"><ele>825.0</ele></trkpt>
      <trkpt lat="42.370740" lon="-5.030070"><ele>824.0</ele></trkpt>
      <trkpt lat="42.370730" lon="-5.030140"><ele>823.7</ele></trkpt>
      <trkpt lat="42.370730" lon="-5.030230"><ele>823.4</ele></trkpt>
      <trkpt lat="42.370730" lon="-5.030280"><ele>823.2</ele></trkpt>
      <trkpt lat="42.370730" lon="-5.030370"><ele>823.1</ele></trkpt>
      <trkpt lat="42.370740" lon="-5.030430"><ele>823.0</ele></trkpt>
      <trkpt lat="42.370740" lon="-5.030480"><ele>822.9</ele></trkpt>
      <trkpt lat="42.370740" lon="-5.030550"><ele>822.7</ele></trkpt>
      <trkpt lat="42.370740" lon="-5.030610"><ele>822.6</ele></trkpt>
      <trkpt lat="42.370740" lon="-5.030690"><ele>822.4</ele></trkpt>
      <trkpt lat="42.370740" lon="-5.030760"><ele>822.3</ele></trkpt>
      <trkpt lat="42.370730" lon="-5.030820"><ele>822.2</ele></trkpt>
      <trkpt lat="42.370720" lon="-5.030870"><ele>822.1</ele></trkpt>
      <trkpt lat="42.370700" lon="-5.030920"><ele>822.0</ele></trkpt>
      <trkpt lat="42.370680" lon="-5.030980"><ele>821.9</ele></trkpt>
      <trkpt lat="42.370670" lon="-5.031030"><ele>821.8</ele></trkpt>
      <trkpt lat="42.370660" lon="-5.031090"><ele>821.6</ele></trkpt>
      <trkpt lat="42.370660" lon="-5.031150"><ele>821.5</ele></trkpt>
      <trkpt lat="42.370650" lon="-5.031220"><ele>821.4</ele></trkpt>
      <trkpt lat="42.370640" lon="-5.031270"><ele>821.3</ele></trkpt>
      <trkpt lat="42.370630" lon="-5.031330"><ele>821.1</ele></trkpt>
      <trkpt lat="42.370620" lon="-5.031380"><ele>821.0</ele></trkpt>
      <trkpt lat="42.370600" lon="-5.031430"><ele>820.9</ele></trkpt>
      <trkpt lat="42.370590" lon="-5.031470"><ele>820.7</ele></trkpt>
      <trkpt lat="42.370580" lon="-5.031530"><ele>820.6</ele></trkpt>
      <trkpt lat="42.370560" lon="-5.031570"><ele>820.5</ele></trkpt>
      <trkpt lat="42.370540" lon="-5.031640"><ele>820.3</ele></trkpt>
      <trkpt lat="42.370530" lon="-5.031690"><ele>820.2</ele></trkpt>
      <trkpt lat="42.370520" lon="-5.031750"><ele>820.1</ele></trkpt>
      <trkpt lat="42.370500" lon="-5.031800"><ele>820.0</ele></trkpt>
      <trkpt lat="42.370490" lon="-5.031860"><ele>819.9</ele></trkpt>
      <trkpt lat="42.370480" lon="-5.031910"><ele>819.9</ele></trkpt>
      <trkpt lat="42.370460" lon="-5.031970"><ele>819.8</ele></trkpt>
      <trkpt lat="42.370450" lon="-5.032020"><ele>819.7</ele></trkpt>
      <trkpt lat="42.370440" lon="-5.032070"><ele>819.6</ele></trkpt>
      <trkpt lat="42.370430" lon="-5.032130"><ele>819.5</ele></trkpt>
      <trkpt lat="42.370420" lon="-5.032180"><ele>819.4</ele></trkpt>
      <trkpt lat="42.370420" lon="-5.032240"><ele>819.4</ele></trkpt>
      <trkpt lat="42.370420" lon="-5.032290"><ele>819.3</ele></trkpt>
      <trkpt lat="42.370420" lon="-5.032350"><ele>819.2</ele></trkpt>
      <trkpt lat="42.370420" lon="-5.032400"><ele>819.1</ele></trkpt>
      <trkpt lat="42.370420" lon="-5.032460"><ele>819.1</ele></trkpt>
      <trkpt lat="42.370420" lon="-5.032510"><ele>819.0</ele></trkpt>
      <trkpt lat="42.370420" lon="-5.032570"><ele>818.9</ele></trkpt>
      <trkpt lat="42.370420" lon="-5.032650"><ele>818.8</ele></trkpt>
      <trkpt lat="42.370420" lon="-5.032700"><ele>818.7</ele></trkpt>
      <trkpt lat="42.370420" lon="-5.032760"><ele>818.6</ele></trkpt>
      <trkpt lat="42.370420" lon="-5.032820"><ele>818.5</ele></trkpt>
      <trkpt lat="42.370420" lon="-5.032870"><ele>818.4</ele></trkpt>
      <trkpt lat="42.370420" lon="-5.032920"><ele>818.3</ele></trkpt>
      <trkpt lat="42.370420" lon="-5.032980"><ele>818.1</ele></trkpt>
      <trkpt lat="42.370420" lon="-5.033060"><ele>818.0</ele></trkpt>
      <trkpt lat="42.370420" lon="-5.033130"><ele>817.8</ele></trkpt>
      <trkpt lat="42.370420" lon="-5.033190"><ele>817.6</ele></trkpt>
      <trkpt lat="42.370420" lon="-5.033250"><ele>817.4</ele></trkpt>
      <trkpt lat="42.370420" lon="-5.033330"><ele>817.1</ele></trkpt>
      <trkpt lat="42.370420" lon="-5.033380"><ele>817.0</ele></trkpt>
      <trkpt lat="42.370420" lon="-5.033440"><ele>816.8</ele></trkpt>
      <trkpt lat="42.370420" lon="-5.033490"><ele>816.6</ele></trkpt>
      <trkpt lat="42.370420" lon="-5.033550"><ele>816.4</ele></trkpt>
      <trkpt lat="42.370420" lon="-5.033600"><ele>816.2</ele></trkpt>
      <trkpt lat="42.370420" lon="-5.033660"><ele>816.0</ele></trkpt>
      <trkpt lat="42.370420" lon="-5.033710"><ele>815.9</ele></trkpt>
      <trkpt lat="42.370400" lon="-5.033770"><ele>815.7</ele></trkpt>
      <trkpt lat="42.370390" lon="-5.033800"><ele>815.6</ele></trkpt>
      <trkpt lat="42.370360" lon="-5.033910"><ele>815.3</ele></trkpt>
      <trkpt lat="42.370340" lon="-5.033960"><ele>815.1</ele></trkpt>
      <trkpt lat="42.370340" lon="-5.034030"><ele>814.9</ele></trkpt>
      <trkpt lat="42.370320" lon="-5.034090"><ele>814.7</ele></trkpt>
      <trkpt lat="42.370300" lon="-5.034150"><ele>814.5</ele></trkpt>
      <trkpt lat="42.370290" lon="-5.034200"><ele>814.3</ele></trkpt>
      <trkpt lat="42.370270" lon="-5.034240"><ele>814.2</ele></trkpt>
      <trkpt lat="42.370250" lon="-5.034270"><ele>814.2</ele></trkpt>
      <trkpt lat="42.370240" lon="-5.034320"><ele>814.0</ele></trkpt>
      <trkpt lat="42.370230" lon="-5.034370"><ele>813.9</ele></trkpt>
      <trkpt lat="42.370220" lon="-5.034440"><ele>813.7</ele></trkpt>
      <trkpt lat="42.370210" lon="-5.034500"><ele>813.4</ele></trkpt>
      <trkpt lat="42.370200" lon="-5.034540"><ele>813.2</ele></trkpt>
      <trkpt lat="42.370200" lon="-5.034610"><ele>812.9</ele></trkpt>
      <trkpt lat="42.370180" lon="-5.034670"><ele>812.6</ele></trkpt>
      <trkpt lat="42.370160" lon="-5.034710"><ele>812.5</ele></trkpt>
      <trkpt lat="42.370140" lon="-5.034760"><ele>812.3</ele></trkpt>
      <trkpt lat="42.370120" lon="-5.034800"><ele>812.2</ele></trkpt>
      <trkpt lat="42.370090" lon="-5.034860"><ele>811.9</ele></trkpt>
      <trkpt lat="42.370070" lon="-5.034910"><ele>811.7</ele></trkpt>
      <trkpt lat="42.370040" lon="-5.034970"><ele>811.5</ele></trkpt>
      <trkpt lat="42.370030" lon="-5.035020"><ele>811.2</ele></trkpt>
      <trkpt lat="42.370000" lon="-5.035060"><ele>811.0</ele></trkpt>
      <trkpt lat="42.369970" lon="-5.035090"><ele>810.8</ele></trkpt>
      <trkpt lat="42.369940" lon="-5.035120"><ele>810.6</ele></trkpt>
      <trkpt lat="42.369910" lon="-5.035150"><ele>810.4</ele></trkpt>
      <trkpt lat="42.369880" lon="-5.035180"><ele>810.3</ele></trkpt>
      <trkpt lat="42.369840" lon="-5.035210"><ele>810.1</ele></trkpt>
      <trkpt lat="42.369800" lon="-5.035240"><ele>809.9</ele></trkpt>
      <trkpt lat="42.369760" lon="-5.035260"><ele>809.8</ele></trkpt>
      <trkpt lat="42.369710" lon="-5.035290"><ele>809.7</ele></trkpt>
      <trkpt lat="42.369670" lon="-5.035310"><ele>809.5</ele></trkpt>
      <trkpt lat="42.369640" lon="-5.035340"><ele>809.3</ele></trkpt>
      <trkpt lat="42.369600" lon="-5.035370"><ele>809.1</ele></trkpt>
      <trkpt lat="42.369570" lon="-5.035390"><ele>809.0</ele></trkpt>
      <trkpt lat="42.369530" lon="-5.035400"><ele>809.0</ele></trkpt>
      <trkpt lat="42.369500" lon="-5.035410"><ele>808.9</ele></trkpt>
      <trkpt lat="42.369460" lon="-5.035420"><ele>808.8</ele></trkpt>
      <trkpt lat="42.369420" lon="-5.035430"><ele>808.8</ele></trkpt>
      <trkpt lat="42.369390" lon="-5.035450"><ele>808.6</ele></trkpt>
      <trkpt lat="42.369350" lon="-5.035490"><ele>808.4</ele></trkpt>
      <trkpt lat="42.369320" lon="-5.035520"><ele>808.2</ele></trkpt>
      <trkpt lat="42.369290" lon="-5.035550"><ele>808.1</ele></trkpt>
      <trkpt lat="42.369260" lon="-5.035560"><ele>808.0</ele></trkpt>
      <trkpt lat="42.369100" lon="-5.035630"><ele>807.6</ele></trkpt>
      <trkpt lat="42.368990" lon="-5.035680"><ele>807.2</ele></trkpt>
      <trkpt lat="42.368980" lon="-5.035680"><ele>807.2</ele></trkpt>
      <trkpt lat="42.368880" lon="-5.035760"><ele>806.7</ele></trkpt>
      <trkpt lat="42.368840" lon="-5.035780"><ele>806.6</ele></trkpt>
      <trkpt lat="42.368810" lon="-5.035810"><ele>806.4</ele></trkpt>
      <trkpt lat="42.368780" lon="-5.035850"><ele>806.1</ele></trkpt>
      <trkpt lat="42.368750" lon="-5.035890"><ele>805.8</ele></trkpt>
      <trkpt lat="42.368720" lon="-5.035940"><ele>805.5</ele></trkpt>
      <trkpt lat="42.368720" lon="-5.035990"><ele>805.2</ele></trkpt>
      <trkpt lat="42.368720" lon="-5.036040"><ele>804.8</ele></trkpt>
      <trkpt lat="42.368720" lon="-5.036090"><ele>804.5</ele></trkpt>
      <trkpt lat="42.368740" lon="-5.036290"><ele>803.3</ele></trkpt>
      <trkpt lat="42.368750" lon="-5.036310"><ele>803.2</ele></trkpt>
      <trkpt lat="42.368810" lon="-5.036620"><ele>802.4</ele></trkpt>
      <trkpt lat="42.368840" lon="-5.036810"><ele>801.9</ele></trkpt>
      <trkpt lat="42.368860" lon="-5.036860"><ele>801.8</ele></trkpt>
      <trkpt lat="42.368880" lon="-5.036910"><ele>801.8</ele></trkpt>
      <trkpt lat="42.368900" lon="-5.036960"><ele>801.7</ele></trkpt>
      <trkpt lat="42.368920" lon="-5.037020"><ele>801.6</ele></trkpt>
      <trkpt lat="42.368930" lon="-5.037070"><ele>801.5</ele></trkpt>
      <trkpt lat="42.368950" lon="-5.037120"><ele>801.4</ele></trkpt>
      <trkpt lat="42.368950" lon="-5.037140"><ele>801.4</ele></trkpt>
      <trkpt lat="42.369030" lon="-5.037430"><ele>801.7</ele></trkpt>
      <trkpt lat="42.369170" lon="-5.037830"><ele>802.5</ele></trkpt>
      <trkpt lat="42.369350" lon="-5.038260"><ele>803.2</ele></trkpt>
      <trkpt lat="42.369510" lon="-5.038680"><ele>803.5</ele></trkpt>
      <trkpt lat="42.369710" lon="-5.039180"><ele>802.6</ele></trkpt>
      <trkpt lat="42.369870" lon="-5.039600"><ele>802.2</ele></trkpt>
      <trkpt lat="42.370010" lon="-5.039970"><ele>802.5</ele></trkpt>
      <trkpt lat="42.370180" lon="-5.040460"><ele>802.3</ele></trkpt>
      <trkpt lat="42.370320" lon="-5.040800"><ele>801.7</ele></trkpt>
      <trkpt lat="42.370460" lon="-5.041200"><ele>801.5</ele></trkpt>
      <trkpt lat="42.370560" lon="-5.041550"><ele>801.9</ele></trkpt>
      <trkpt lat="42.370730" lon="-5.041890"><ele>802.4</ele></trkpt>
      <trkpt lat="42.370860" lon="-5.042280"><ele>802.9</ele></trkpt>
      <trkpt lat="42.371030" lon="-5.042660"><ele>802.7</ele></trkpt>
      <trkpt lat="42.371220" lon="-5.043110"><ele>802.4</ele></trkpt>
      <trkpt lat="42.371370" lon="-5.043610"><ele>802.0</ele></trkpt>
      <trkpt lat="42.371420" lon="-5.043710"><ele>802.0</ele></trkpt>
      <trkpt lat="42.371560" lon="-5.044110"><ele>802.9</ele></trkpt>
      <trkpt lat="42.371570" lon="-5.044120"><ele>802.9</ele></trkpt>
      <trkpt lat="42.371720" lon="-5.044510"><ele>803.9</ele></trkpt>
      <trkpt lat="42.371730" lon="-5.044520"><ele>803.9</ele></trkpt>
      <trkpt lat="42.371840" lon="-5.044810"><ele>804.0</ele></trkpt>
      <trkpt lat="42.371850" lon="-5.044810"><ele>804.0</ele></trkpt>
      <trkpt lat="42.371980" lon="-5.045160"><ele>804.0</ele></trkpt>
      <trkpt lat="42.372030" lon="-5.045220"><ele>804.0</ele></trkpt>
      <trkpt lat="42.372130" lon="-5.045510"><ele>804.0</ele></trkpt>
      <trkpt lat="42.372140" lon="-5.045510"><ele>804.0</ele></trkpt>
      <trkpt lat="42.372280" lon="-5.045800"><ele>804.1</ele></trkpt>
      <trkpt lat="42.372280" lon="-5.045810"><ele>804.1</ele></trkpt>
      <trkpt lat="42.372410" lon="-5.046080"><ele>804.0</ele></trkpt>
      <trkpt lat="42.372580" lon="-5.046320"><ele>803.8</ele></trkpt>
      <trkpt lat="42.372750" lon="-5.046650"><ele>803.7</ele></trkpt>
      <trkpt lat="42.372750" lon="-5.046650"><ele>803.7</ele></trkpt>
      <trkpt lat="42.372870" lon="-5.046870"><ele>803.7</ele></trkpt>
      <trkpt lat="42.373030" lon="-5.047250"><ele>803.1</ele></trkpt>
      <trkpt lat="42.373050" lon="-5.047270"><ele>803.1</ele></trkpt>
      <trkpt lat="42.373180" lon="-5.047520"><ele>802.7</ele></trkpt>
      <trkpt lat="42.373340" lon="-5.047790"><ele>802.4</ele></trkpt>
      <trkpt lat="42.373460" lon="-5.048040"><ele>802.1</ele></trkpt>
      <trkpt lat="42.373600" lon="-5.048310"><ele>801.8</ele></trkpt>
      <trkpt lat="42.373740" lon="-5.048600"><ele>801.8</ele></trkpt>
      <trkpt lat="42.373880" lon="-5.048850"><ele>802.0</ele></trkpt>
      <trkpt lat="42.373910" lon="-5.048910"><ele>802.1</ele></trkpt>
      <trkpt lat="42.373930" lon="-5.048950"><ele>802.2</ele></trkpt>
      <trkpt lat="42.373960" lon="-5.048990"><ele>802.4</ele></trkpt>
      <trkpt lat="42.373980" lon="-5.049050"><ele>802.5</ele></trkpt>
      <trkpt lat="42.373990" lon="-5.049100"><ele>802.6</ele></trkpt>
      <trkpt lat="42.373990" lon="-5.049150"><ele>802.7</ele></trkpt>
      <trkpt lat="42.373980" lon="-5.049210"><ele>802.8</ele></trkpt>
      <trkpt lat="42.373980" lon="-5.049260"><ele>802.9</ele></trkpt>
      <trkpt lat="42.373960" lon="-5.049310"><ele>803.0</ele></trkpt>
      <trkpt lat="42.373950" lon="-5.049370"><ele>803.1</ele></trkpt>
      <trkpt lat="42.373950" lon="-5.049430"><ele>803.2</ele></trkpt>
      <trkpt lat="42.373950" lon="-5.049480"><ele>803.3</ele></trkpt>
      <trkpt lat="42.373950" lon="-5.049550"><ele>803.4</ele></trkpt>
      <trkpt lat="42.373970" lon="-5.049600"><ele>803.6</ele></trkpt>
      <trkpt lat="42.373980" lon="-5.049640"><ele>803.7</ele></trkpt>
      <trkpt lat="42.374010" lon="-5.049670"><ele>803.7</ele></trkpt>
      <trkpt lat="42.374040" lon="-5.049700"><ele>803.9</ele></trkpt>
      <trkpt lat="42.374070" lon="-5.049750"><ele>803.9</ele></trkpt>
      <trkpt lat="42.374100" lon="-5.049770"><ele>803.9</ele></trkpt>
      <trkpt lat="42.374140" lon="-5.049800"><ele>804.0</ele></trkpt>
      <trkpt lat="42.374180" lon="-5.049820"><ele>804.0</ele></trkpt>
      <trkpt lat="42.374220" lon="-5.049840"><ele>804.1</ele></trkpt>
      <trkpt lat="42.374260" lon="-5.049840"><ele>804.2</ele></trkpt>
      <trkpt lat="42.374300" lon="-5.049850"><ele>804.2</ele></trkpt>
      <trkpt lat="42.374340" lon="-5.049850"><ele>804.3</ele></trkpt>
      <trkpt lat="42.374370" lon="-5.049880"><ele>804.3</ele></trkpt>
      <trkpt lat="42.374400" lon="-5.049910"><ele>804.3</ele></trkpt>
      <trkpt lat="42.374430" lon="-5.049940"><ele>804.4</ele></trkpt>
      <trkpt lat="42.374470" lon="-5.049960"><ele>804.4</ele></trkpt>
      <trkpt lat="42.374510" lon="-5.049980"><ele>804.5</ele></trkpt>
      <trkpt lat="42.374530" lon="-5.050020"><ele>804.5</ele></trkpt>
      <trkpt lat="42.374620" lon="-5.050240"><ele>804.5</ele></trkpt>
      <trkpt lat="42.374760" lon="-5.050510"><ele>804.2</ele></trkpt>
      <trkpt lat="42.374880" lon="-5.050740"><ele>803.7</ele></trkpt>
      <trkpt lat="42.375060" lon="-5.051090"><ele>802.8</ele></trkpt>
      <trkpt lat="42.375230" lon="-5.051450"><ele>802.6</ele></trkpt>
      <trkpt lat="42.375330" lon="-5.051680"><ele>802.6</ele></trkpt>
      <trkpt lat="42.375350" lon="-5.051730"><ele>802.7</ele></trkpt>
      <trkpt lat="42.375370" lon="-5.051780"><ele>802.7</ele></trkpt>
      <trkpt lat="42.375390" lon="-5.051840"><ele>802.7</ele></trkpt>
      <trkpt lat="42.375420" lon="-5.051910"><ele>802.7</ele></trkpt>
      <trkpt lat="42.375430" lon="-5.051950"><ele>802.7</ele></trkpt>
      <trkpt lat="42.375450" lon="-5.052010"><ele>802.7</ele></trkpt>
      <trkpt lat="42.375470" lon="-5.052060"><ele>802.7</ele></trkpt>
      <trkpt lat="42.375490" lon="-5.052110"><ele>802.9</ele></trkpt>
      <trkpt lat="42.375520" lon="-5.052150"><ele>802.9</ele></trkpt>
      <trkpt lat="42.375540" lon="-5.052190"><ele>803.0</ele></trkpt>
      <trkpt lat="42.375560" lon="-5.052250"><ele>803.1</ele></trkpt>
      <trkpt lat="42.375580" lon="-5.052300"><ele>803.1</ele></trkpt>
      <trkpt lat="42.375600" lon="-5.052350"><ele>803.2</ele></trkpt>
      <trkpt lat="42.375620" lon="-5.052400"><ele>803.2</ele></trkpt>
      <trkpt lat="42.375640" lon="-5.052450"><ele>803.3</ele></trkpt>
      <trkpt lat="42.375650" lon="-5.052500"><ele>803.3</ele></trkpt>
      <trkpt lat="42.375670" lon="-5.052560"><ele>803.4</ele></trkpt>
      <trkpt lat="42.375690" lon="-5.052630"><ele>803.4</ele></trkpt>
      <trkpt lat="42.375700" lon="-5.052700"><ele>803.5</ele></trkpt>
      <trkpt lat="42.375720" lon="-5.052760"><ele>803.6</ele></trkpt>
      <trkpt lat="42.375740" lon="-5.052810"><ele>803.6</ele></trkpt>
      <trkpt lat="42.375750" lon="-5.052860"><ele>803.6</ele></trkpt>
      <trkpt lat="42.375770" lon="-5.052920"><ele>803.7</ele></trkpt>
      <trkpt lat="42.375780" lon="-5.052990"><ele>803.7</ele></trkpt>
      <trkpt lat="42.375800" lon="-5.053070"><ele>803.6</ele></trkpt>
      <trkpt lat="42.375800" lon="-5.053100"><ele>803.6</ele></trkpt>
      <trkpt lat="42.375870" lon="-5.053600"><ele>803.2</ele></trkpt>
      <trkpt lat="42.375920" lon="-5.053940"><ele>803.0</ele></trkpt>
      <trkpt lat="42.375990" lon="-5.054340"><ele>803.4</ele></trkpt>
      <trkpt lat="42.376080" lon="-5.054760"><ele>803.8</ele></trkpt>
      <trkpt lat="42.376160" lon="-5.055110"><ele>804.5</ele></trkpt>
      <trkpt lat="42.376230" lon="-5.055580"><ele>805.5</ele></trkpt>
      <trkpt lat="42.376330" lon="-5.056130"><ele>806.5</ele></trkpt>
      <trkpt lat="42.376420" lon="-5.056550"><ele>807.1</ele></trkpt>
      <trkpt lat="42.376490" lon="-5.056940"><ele>807.5</ele></trkpt>
      <trkpt lat="42.376590" lon="-5.057360"><ele>807.6</ele></trkpt>
      <trkpt lat="42.376670" lon="-5.057800"><ele>807.8</ele></trkpt>
      <trkpt lat="42.376770" lon="-5.058280"><ele>808.9</ele></trkpt>
      <trkpt lat="42.376910" lon="-5.058790"><ele>810.3</ele></trkpt>
      <trkpt lat="42.377030" lon="-5.059190"><ele>811.3</ele></trkpt>
      <trkpt lat="42.377140" lon="-5.059580"><ele>812.0</ele></trkpt>
      <trkpt lat="42.377260" lon="-5.060170"><ele>812.2</ele></trkpt>
      <trkpt lat="42.377380" lon="-5.060610"><ele>812.4</ele></trkpt>
      <trkpt lat="42.377490" lon="-5.061050"><ele>812.8</ele></trkpt>
      <trkpt lat="42.377610" lon="-5.061590"><ele>813.5</ele></trkpt>
      <trkpt lat="42.377730" lon="-5.061990"><ele>814.3</ele></trkpt>
      <trkpt lat="42.377860" lon="-5.062440"><ele>814.8</ele></trkpt>
      <trkpt lat="42.377970" lon="-5.062820"><ele>814.9</ele></trkpt>
      <trkpt lat="42.378080" lon="-5.063270"><ele>814.4</ele></trkpt>
      <trkpt lat="42.378220" lon="-5.063680"><ele>813.3</ele></trkpt>
      <trkpt lat="42.378380" lon="-5.064070"><ele>811.9</ele></trkpt>
      <trkpt lat="42.378460" lon="-5.064300"><ele>810.9</ele></trkpt>
      <trkpt lat="42.378480" lon="-5.064350"><ele>810.7</ele></trkpt>
      <trkpt lat="42.378510" lon="-5.064390"><ele>810.5</ele></trkpt>
      <trkpt lat="42.378540" lon="-5.064470"><ele>810.2</ele></trkpt>
      <trkpt lat="42.378560" lon="-5.064510"><ele>810.1</ele></trkpt>
      <trkpt lat="42.378580" lon="-5.064560"><ele>810.0</ele></trkpt>
      <trkpt lat="42.378610" lon="-5.064590"><ele>810.1</ele></trkpt>
      <trkpt lat="42.378630" lon="-5.064620"><ele>810.0</ele></trkpt>
      <trkpt lat="42.378760" lon="-5.064810"><ele>810.1</ele></trkpt>
      <trkpt lat="42.378970" lon="-5.065140"><ele>810.0</ele></trkpt>
      <trkpt lat="42.379140" lon="-5.065370"><ele>810.1</ele></trkpt>
      <trkpt lat="42.379310" lon="-5.065660"><ele>810.4</ele></trkpt>
      <trkpt lat="42.379470" lon="-5.065920"><ele>810.9</ele></trkpt>
      <trkpt lat="42.379480" lon="-5.065910"><ele>810.9</ele></trkpt>
      <trkpt lat="42.379640" lon="-5.066220"><ele>811.2</ele></trkpt>
      <trkpt lat="42.379790" lon="-5.066500"><ele>811.4</ele></trkpt>
      <trkpt lat="42.379970" lon="-5.066800"><ele>811.4</ele></trkpt>
      <trkpt lat="42.380130" lon="-5.067060"><ele>811.2</ele></trkpt>
      <trkpt lat="42.380300" lon="-5.067300"><ele>810.8</ele></trkpt>
      <trkpt lat="42.380420" lon="-5.067460"><ele>810.3</ele></trkpt>
      <trkpt lat="42.380470" lon="-5.067510"><ele>810.2</ele></trkpt>
      <trkpt lat="42.380500" lon="-5.067540"><ele>810.1</ele></trkpt>
      <trkpt lat="42.380520" lon="-5.067580"><ele>810.0</ele></trkpt>
      <trkpt lat="42.380550" lon="-5.067620"><ele>809.9</ele></trkpt>
      <trkpt lat="42.380580" lon="-5.067690"><ele>809.7</ele></trkpt>
      <trkpt lat="42.380600" lon="-5.067740"><ele>809.5</ele></trkpt>
      <trkpt lat="42.380630" lon="-5.067790"><ele>809.5</ele></trkpt>
      <trkpt lat="42.380640" lon="-5.067840"><ele>809.4</ele></trkpt>
      <trkpt lat="42.380680" lon="-5.067900"><ele>809.4</ele></trkpt>
      <trkpt lat="42.380700" lon="-5.067970"><ele>809.3</ele></trkpt>
      <trkpt lat="42.380730" lon="-5.068020"><ele>809.3</ele></trkpt>
      <trkpt lat="42.380750" lon="-5.068060"><ele>809.2</ele></trkpt>
      <trkpt lat="42.380790" lon="-5.068110"><ele>809.2</ele></trkpt>
      <trkpt lat="42.380810" lon="-5.068160"><ele>809.2</ele></trkpt>
      <trkpt lat="42.380840" lon="-5.068210"><ele>809.2</ele></trkpt>
      <trkpt lat="42.380860" lon="-5.068260"><ele>809.2</ele></trkpt>
      <trkpt lat="42.380880" lon="-5.068320"><ele>809.2</ele></trkpt>
      <trkpt lat="42.380920" lon="-5.068390"><ele>809.2</ele></trkpt>
      <trkpt lat="42.380940" lon="-5.068450"><ele>809.2</ele></trkpt>
      <trkpt lat="42.380960" lon="-5.068490"><ele>809.2</ele></trkpt>
      <trkpt lat="42.380980" lon="-5.068530"><ele>809.2</ele></trkpt>
      <trkpt lat="42.380980" lon="-5.068550"><ele>809.2</ele></trkpt>
      <trkpt lat="42.381100" lon="-5.068820"><ele>809.5</ele></trkpt>
      <trkpt lat="42.381200" lon="-5.069090"><ele>810.1</ele></trkpt>
      <trkpt lat="42.381350" lon="-5.069580"><ele>811.0</ele></trkpt>
      <trkpt lat="42.381490" lon="-5.070050"><ele>812.2</ele></trkpt>
      <trkpt lat="42.381640" lon="-5.070420"><ele>813.3</ele></trkpt>
      <trkpt lat="42.381780" lon="-5.070870"><ele>814.8</ele></trkpt>
      <trkpt lat="42.381860" lon="-5.071170"><ele>815.6</ele></trkpt>
      <trkpt lat="42.381880" lon="-5.071240"><ele>815.8</ele></trkpt>
      <trkpt lat="42.381910" lon="-5.071340"><ele>816.0</ele></trkpt>
      <trkpt lat="42.381930" lon="-5.071400"><ele>816.1</ele></trkpt>
      <trkpt lat="42.381950" lon="-5.071460"><ele>816.3</ele></trkpt>
      <trkpt lat="42.381960" lon="-5.071510"><ele>816.3</ele></trkpt>
      <trkpt lat="42.381980" lon="-5.071570"><ele>816.4</ele></trkpt>
      <trkpt lat="42.382000" lon="-5.071630"><ele>816.5</ele></trkpt>
      <trkpt lat="42.382030" lon="-5.071690"><ele>816.6</ele></trkpt>
      <trkpt lat="42.382040" lon="-5.071760"><ele>816.7</ele></trkpt>
      <trkpt lat="42.382050" lon="-5.071820"><ele>816.7</ele></trkpt>
      <trkpt lat="42.382060" lon="-5.071890"><ele>816.8</ele></trkpt>
      <trkpt lat="42.382070" lon="-5.071960"><ele>816.9</ele></trkpt>
      <trkpt lat="42.382080" lon="-5.072030"><ele>817.0</ele></trkpt>
      <trkpt lat="42.382090" lon="-5.072090"><ele>817.1</ele></trkpt>
      <trkpt lat="42.382100" lon="-5.072170"><ele>817.1</ele></trkpt>
      <trkpt lat="42.382100" lon="-5.072220"><ele>817.2</ele></trkpt>
      <trkpt lat="42.382120" lon="-5.072370"><ele>817.4</ele></trkpt>
      <trkpt lat="42.382140" lon="-5.072560"><ele>817.5</ele></trkpt>
      <trkpt lat="42.382140" lon="-5.072810"><ele>817.8</ele></trkpt>
      <trkpt lat="42.382140" lon="-5.072870"><ele>817.9</ele></trkpt>
      <trkpt lat="42.382140" lon="-5.072920"><ele>818.0</ele></trkpt>
      <trkpt lat="42.382140" lon="-5.072980"><ele>818.1</ele></trkpt>
      <trkpt lat="42.382140" lon="-5.073050"><ele>818.2</ele></trkpt>
      <trkpt lat="42.382140" lon="-5.073120"><ele>818.3</ele></trkpt>
      <trkpt lat="42.382140" lon="-5.073170"><ele>818.4</ele></trkpt>
      <trkpt lat="42.382140" lon="-5.073250"><ele>818.6</ele></trkpt>
      <trkpt lat="42.382140" lon="-5.073300"><ele>818.7</ele></trkpt>
      <trkpt lat="42.382140" lon="-5.073370"><ele>818.8</ele></trkpt>
      <trkpt lat="42.382140" lon="-5.073420"><ele>818.8</ele></trkpt>
      <trkpt lat="42.382150" lon="-5.073480"><ele>818.9</ele></trkpt>
      <trkpt lat="42.382150" lon="-5.073540"><ele>819.0</ele></trkpt>
      <trkpt lat="42.382160" lon="-5.073620"><ele>819.1</ele></trkpt>
      <trkpt lat="42.382160" lon="-5.073680"><ele>819.1</ele></trkpt>
      <trkpt lat="42.382170" lon="-5.073730"><ele>819.1</ele></trkpt>
      <trkpt lat="42.382170" lon="-5.073780"><ele>819.2</ele></trkpt>
      <trkpt lat="42.382180" lon="-5.073820"><ele>819.2</ele></trkpt>
      <trkpt lat="42.382210" lon="-5.073850"><ele>819.1</ele></trkpt>
      <trkpt lat="42.382250" lon="-5.073880"><ele>819.0</ele></trkpt>
      <trkpt lat="42.382280" lon="-5.073920"><ele>818.9</ele></trkpt>
      <trkpt lat="42.382300" lon="-5.073940"><ele>818.9</ele></trkpt>
      <trkpt lat="42.382330" lon="-5.073970"><ele>818.8</ele></trkpt>
      <trkpt lat="42.382340" lon="-5.074020"><ele>818.9</ele></trkpt>
      <trkpt lat="42.382340" lon="-5.074070"><ele>818.9</ele></trkpt>
      <trkpt lat="42.382350" lon="-5.074130"><ele>818.9</ele></trkpt>
      <trkpt lat="42.382350" lon="-5.074180"><ele>819.0</ele></trkpt>
      <trkpt lat="42.382350" lon="-5.074240"><ele>819.0</ele></trkpt>
      <trkpt lat="42.382350" lon="-5.074300"><ele>819.1</ele></trkpt>
      <trkpt lat="42.382360" lon="-5.074360"><ele>819.1</ele></trkpt>
      <trkpt lat="42.382360" lon="-5.074410"><ele>819.1</ele></trkpt>
      <trkpt lat="42.382360" lon="-5.074480"><ele>819.2</ele></trkpt>
      <trkpt lat="42.382370" lon="-5.074550"><ele>819.3</ele></trkpt>
      <trkpt lat="42.382370" lon="-5.074600"><ele>819.3</ele></trkpt>
      <trkpt lat="42.382380" lon="-5.074670"><ele>819.4</ele></trkpt>
      <trkpt lat="42.382400" lon="-5.074740"><ele>819.4</ele></trkpt>
      <trkpt lat="42.382400" lon="-5.074790"><ele>819.4</ele></trkpt>
      <trkpt lat="42.382410" lon="-5.074840"><ele>819.4</ele></trkpt>
      <trkpt lat="42.382410" lon="-5.074870"><ele>819.4</ele></trkpt>
      <trkpt lat="42.382400" lon="-5.075090"><ele>819.6</ele></trkpt>
      <trkpt lat="42.382400" lon="-5.075370"><ele>819.8</ele></trkpt>
      <trkpt lat="42.382400" lon="-5.075380"><ele>819.8</ele></trkpt>
      <trkpt lat="42.382400" lon="-5.075690"><ele>820.2</ele></trkpt>
      <trkpt lat="42.382420" lon="-5.075980"><ele>820.6</ele></trkpt>
      <trkpt lat="42.382420" lon="-5.075990"><ele>820.6</ele></trkpt>
      <trkpt lat="42.382440" lon="-5.076270"><ele>821.0</ele></trkpt>
      <trkpt lat="42.382440" lon="-5.076280"><ele>821.0</ele></trkpt>
      <trkpt lat="42.382440" lon="-5.076470"><ele>821.2</ele></trkpt>
      <trkpt lat="42.382430" lon="-5.076520"><ele>821.3</ele></trkpt>
      <trkpt lat="42.382430" lon="-5.076580"><ele>821.4</ele></trkpt>
      <trkpt lat="42.382430" lon="-5.076630"><ele>821.4</ele></trkpt>
      <trkpt lat="42.382440" lon="-5.076680"><ele>821.5</ele></trkpt>
      <trkpt lat="42.382440" lon="-5.076700"><ele>821.5</ele></trkpt>
      <trkpt lat="42.382500" lon="-5.076790"><ele>821.7</ele></trkpt>
      <trkpt lat="42.382530" lon="-5.076830"><ele>821.8</ele></trkpt>
      <trkpt lat="42.382540" lon="-5.076880"><ele>821.9</ele></trkpt>
      <trkpt lat="42.382540" lon="-5.076920"><ele>822.0</ele></trkpt>
      <trkpt lat="42.382510" lon="-5.076950"><ele>822.0</ele></trkpt>
      <trkpt lat="42.382470" lon="-5.076970"><ele>821.9</ele></trkpt>
      <trkpt lat="42.382440" lon="-5.077000"><ele>821.9</ele></trkpt>
      <trkpt lat="42.382430" lon="-5.077050"><ele>822.0</ele></trkpt>
      <trkpt lat="42.382430" lon="-5.077110"><ele>822.0</ele></trkpt>
      <trkpt lat="42.382430" lon="-5.077170"><ele>822.1</ele></trkpt>
      <trkpt lat="42.382430" lon="-5.077230"><ele>822.1</ele></trkpt>
      <trkpt lat="42.382430" lon="-5.077280"><ele>822.1</ele></trkpt>
      <trkpt lat="42.382440" lon="-5.077340"><ele>822.2</ele></trkpt>
      <trkpt lat="42.382460" lon="-5.077400"><ele>822.3</ele></trkpt>
      <trkpt lat="42.382480" lon="-5.077470"><ele>822.3</ele></trkpt>
      <trkpt lat="42.382490" lon="-5.077520"><ele>822.4</ele></trkpt>
      <trkpt lat="42.382510" lon="-5.077570"><ele>822.5</ele></trkpt>
      <trkpt lat="42.382530" lon="-5.077610"><ele>822.5</ele></trkpt>
      <trkpt lat="42.382560" lon="-5.077640"><ele>822.6</ele></trkpt>
      <trkpt lat="42.382590" lon="-5.077670"><ele>822.6</ele></trkpt>
      <trkpt lat="42.382620" lon="-5.077700"><ele>822.7</ele></trkpt>
      <trkpt lat="42.382650" lon="-5.077740"><ele>822.7</ele></trkpt>
      <trkpt lat="42.382680" lon="-5.077790"><ele>822.8</ele></trkpt>
      <trkpt lat="42.382710" lon="-5.077830"><ele>822.9</ele></trkpt>
      <trkpt lat="42.382730" lon="-5.077860"><ele>822.9</ele></trkpt>
      <trkpt lat="42.382760" lon="-5.077900"><ele>822.9</ele></trkpt>
      <trkpt lat="42.382790" lon="-5.077950"><ele>822.9</ele></trkpt>
      <trkpt lat="42.382810" lon="-5.077990"><ele>822.9</ele></trkpt>
      <trkpt lat="42.382830" lon="-5.078050"><ele>822.9</ele></trkpt>
      <trkpt lat="42.382840" lon="-5.078100"><ele>822.9</ele></trkpt>
      <trkpt lat="42.382850" lon="-5.078150"><ele>822.9</ele></trkpt>
      <trkpt lat="42.382860" lon="-5.078210"><ele>822.9</ele></trkpt>
      <trkpt lat="42.382860" lon="-5.078260"><ele>822.8</ele></trkpt>
      <trkpt lat="42.382860" lon="-5.078270"><ele>822.8</ele></trkpt>
      <trkpt lat="42.382930" lon="-5.078600"><ele>822.9</ele></trkpt>
      <trkpt lat="42.382990" lon="-5.079010"><ele>822.7</ele></trkpt>
      <trkpt lat="42.383070" lon="-5.079420"><ele>821.8</ele></trkpt>
      <trkpt lat="42.383160" lon="-5.079840"><ele>820.8</ele></trkpt>
      <trkpt lat="42.383200" lon="-5.080250"><ele>819.9</ele></trkpt>
      <trkpt lat="42.383290" lon="-5.080700"><ele>820.0</ele></trkpt>
      <trkpt lat="42.383350" lon="-5.081110"><ele>820.7</ele></trkpt>
      <trkpt lat="42.383430" lon="-5.081560"><ele>821.9</ele></trkpt>
      <trkpt lat="42.383470" lon="-5.081950"><ele>822.9</ele></trkpt>
      <trkpt lat="42.383550" lon="-5.082380"><ele>823.9</ele></trkpt>
      <trkpt lat="42.383580" lon="-5.082550"><ele>824.2</ele></trkpt>
      <trkpt lat="42.383620" lon="-5.082870"><ele>824.6</ele></trkpt>
      <trkpt lat="42.383670" lon="-5.083130"><ele>824.8</ele></trkpt>
      <trkpt lat="42.383700" lon="-5.083380"><ele>824.8</ele></trkpt>
      <trkpt lat="42.383740" lon="-5.083730"><ele>825.1</ele></trkpt>
      <trkpt lat="42.383740" lon="-5.083780"><ele>825.1</ele></trkpt>
      <trkpt lat="42.383750" lon="-5.083900"><ele>825.2</ele></trkpt>
      <trkpt lat="42.383750" lon="-5.083960"><ele>825.3</ele></trkpt>
      <trkpt lat="42.383750" lon="-5.084010"><ele>825.4</ele></trkpt>
      <trkpt lat="42.383760" lon="-5.084060"><ele>825.4</ele></trkpt>
      <trkpt lat="42.383760" lon="-5.084120"><ele>825.5</ele></trkpt>
      <trkpt lat="42.383760" lon="-5.084200"><ele>825.5</ele></trkpt>
      <trkpt lat="42.383770" lon="-5.084260"><ele>825.6</ele></trkpt>
      <trkpt lat="42.383770" lon="-5.084330"><ele>825.7</ele></trkpt>
      <trkpt lat="42.383780" lon="-5.084410"><ele>825.8</ele></trkpt>
      <trkpt lat="42.383780" lon="-5.084470"><ele>825.8</ele></trkpt>
      <trkpt lat="42.383780" lon="-5.084550"><ele>825.8</ele></trkpt>
      <trkpt lat="42.383780" lon="-5.084560"><ele>825.8</ele></trkpt>
      <trkpt lat="42.383810" lon="-5.084830"><ele>825.9</ele></trkpt>
      <trkpt lat="42.383830" lon="-5.085240"><ele>825.7</ele></trkpt>
      <trkpt lat="42.383860" lon="-5.085620"><ele>825.5</ele></trkpt>
      <trkpt lat="42.383900" lon="-5.086080"><ele>825.2</ele></trkpt>
      <trkpt lat="42.383900" lon="-5.086090"><ele>825.2</ele></trkpt>
      <trkpt lat="42.383920" lon="-5.086520"><ele>825.5</ele></trkpt>
      <trkpt lat="42.383940" lon="-5.086820"><ele>825.9</ele></trkpt>
      <trkpt lat="42.383970" lon="-5.087220"><ele>826.5</ele></trkpt>
      <trkpt lat="42.383990" lon="-5.087680"><ele>827.0</ele></trkpt>
      <trkpt lat="42.384030" lon="-5.088160"><ele>826.7</ele></trkpt>
      <trkpt lat="42.384050" lon="-5.088550"><ele>825.9</ele></trkpt>
      <trkpt lat="42.384060" lon="-5.088760"><ele>825.6</ele></trkpt>
      <trkpt lat="42.384090" lon="-5.089160"><ele>825.2</ele></trkpt>
      <trkpt lat="42.384110" lon="-5.089330"><ele>825.0</ele></trkpt>
      <trkpt lat="42.384120" lon="-5.089560"><ele>824.8</ele></trkpt>
      <trkpt lat="42.384130" lon="-5.089950"><ele>825.1</ele></trkpt>
      <trkpt lat="42.384130" lon="-5.090390"><ele>825.6</ele></trkpt>
      <trkpt lat="42.384110" lon="-5.090890"><ele>825.7</ele></trkpt>
      <trkpt lat="42.384100" lon="-5.091320"><ele>825.5</ele></trkpt>
      <trkpt lat="42.384090" lon="-5.091740"><ele>825.8</ele></trkpt>
      <trkpt lat="42.384050" lon="-5.092320"><ele>825.8</ele></trkpt>
      <trkpt lat="42.384030" lon="-5.092890"><ele>826.3</ele></trkpt>
      <trkpt lat="42.384010" lon="-5.093300"><ele>826.6</ele></trkpt>
      <trkpt lat="42.384010" lon="-5.093760"><ele>827.1</ele></trkpt>
      <trkpt lat="42.383990" lon="-5.094090"><ele>827.4</ele></trkpt>
      <trkpt lat="42.383960" lon="-5.094550"><ele>827.5</ele></trkpt>
      <trkpt lat="42.383950" lon="-5.094900"><ele>827.3</ele></trkpt>
      <trkpt lat="42.383950" lon="-5.095280"><ele>827.0</ele></trkpt>
      <trkpt lat="42.383920" lon="-5.095650"><ele>826.8</ele></trkpt>
      <trkpt lat="42.383920" lon="-5.095660"><ele>826.8</ele></trkpt>
      <trkpt lat="42.383910" lon="-5.096000"><ele>826.6</ele></trkpt>
      <trkpt lat="42.383910" lon="-5.095980"><ele>826.6</ele></trkpt>
      <trkpt lat="42.383900" lon="-5.096270"><ele>826.6</ele></trkpt>
      <trkpt lat="42.383880" lon="-5.096560"><ele>826.7</ele></trkpt>
      <trkpt lat="42.383880" lon="-5.096810"><ele>826.9</ele></trkpt>
      <trkpt lat="42.383880" lon="-5.097130"><ele>826.8</ele></trkpt>
      <trkpt lat="42.383910" lon="-5.097630"><ele>826.2</ele></trkpt>
      <trkpt lat="42.383910" lon="-5.097640"><ele>826.2</ele></trkpt>
      <trkpt lat="42.383960" lon="-5.098380"><ele>826.0</ele></trkpt>
      <trkpt lat="42.383960" lon="-5.098390"><ele>826.1</ele></trkpt>
      <trkpt lat="42.384010" lon="-5.099120"><ele>826.9</ele></trkpt>
      <trkpt lat="42.384060" lon="-5.099830"><ele>827.6</ele></trkpt>
      <trkpt lat="42.384100" lon="-5.100520"><ele>827.8</ele></trkpt>
      <trkpt lat="42.384100" lon="-5.100530"><ele>827.8</ele></trkpt>
      <trkpt lat="42.384120" lon="-5.101090"><ele>828.3</ele></trkpt>
      <trkpt lat="42.384180" lon="-5.101670"><ele>829.1</ele></trkpt>
      <trkpt lat="42.384190" lon="-5.102120"><ele>829.4</ele></trkpt>
      <trkpt lat="42.384210" lon="-5.102410"><ele>829.3</ele></trkpt>
      <trkpt lat="42.384230" lon="-5.102810"><ele>828.8</ele></trkpt>
      <trkpt lat="42.384270" lon="-5.103310"><ele>828.9</ele></trkpt>
      <trkpt lat="42.384300" lon="-5.103720"><ele>829.2</ele></trkpt>
      <trkpt lat="42.384330" lon="-5.104210"><ele>829.8</ele></trkpt>
      <trkpt lat="42.384340" lon="-5.104610"><ele>829.9</ele></trkpt>
      <trkpt lat="42.384370" lon="-5.104980"><ele>829.7</ele></trkpt>
      <trkpt lat="42.384410" lon="-5.105320"><ele>829.4</ele></trkpt>
      <trkpt lat="42.384430" lon="-5.105660"><ele>829.3</ele></trkpt>
      <trkpt lat="42.384450" lon="-5.105780"><ele>829.4</ele></trkpt>
      <trkpt lat="42.384470" lon="-5.106290"><ele>829.3</ele></trkpt>
      <trkpt lat="42.384490" lon="-5.106610"><ele>829.0</ele></trkpt>
      <trkpt lat="42.384510" lon="-5.106890"><ele>828.8</ele></trkpt>
      <trkpt lat="42.384520" lon="-5.107340"><ele>828.5</ele></trkpt>
      <trkpt lat="42.384540" lon="-5.107700"><ele>828.2</ele></trkpt>
      <trkpt lat="42.384560" lon="-5.108010"><ele>828.0</ele></trkpt>
      <trkpt lat="42.384590" lon="-5.108390"><ele>828.2</ele></trkpt>
      <trkpt lat="42.384620" lon="-5.108800"><ele>828.5</ele></trkpt>
      <trkpt lat="42.384650" lon="-5.109110"><ele>828.7</ele></trkpt>
      <trkpt lat="42.384650" lon="-5.109170"><ele>828.7</ele></trkpt>
      <trkpt lat="42.384660" lon="-5.109240"><ele>828.7</ele></trkpt>
      <trkpt lat="42.384660" lon="-5.109290"><ele>828.8</ele></trkpt>
      <trkpt lat="42.384660" lon="-5.109340"><ele>828.8</ele></trkpt>
      <trkpt lat="42.384660" lon="-5.109400"><ele>828.8</ele></trkpt>
      <trkpt lat="42.384660" lon="-5.109470"><ele>828.9</ele></trkpt>
      <trkpt lat="42.384660" lon="-5.109530"><ele>828.9</ele></trkpt>
      <trkpt lat="42.384650" lon="-5.109590"><ele>828.9</ele></trkpt>
      <trkpt lat="42.384640" lon="-5.109650"><ele>828.9</ele></trkpt>
      <trkpt lat="42.384630" lon="-5.109690"><ele>828.9</ele></trkpt>
      <trkpt lat="42.384620" lon="-5.109750"><ele>828.9</ele></trkpt>
      <trkpt lat="42.384610" lon="-5.109800"><ele>828.9</ele></trkpt>
      <trkpt lat="42.384590" lon="-5.109850"><ele>828.9</ele></trkpt>
      <trkpt lat="42.384590" lon="-5.109900"><ele>828.8</ele></trkpt>
      <trkpt lat="42.384580" lon="-5.109950"><ele>828.8</ele></trkpt>
      <trkpt lat="42.384570" lon="-5.110000"><ele>828.7</ele></trkpt>
      <trkpt lat="42.384570" lon="-5.110060"><ele>828.7</ele></trkpt>
      <trkpt lat="42.384570" lon="-5.110110"><ele>828.6</ele></trkpt>
      <trkpt lat="42.384560" lon="-5.110180"><ele>828.5</ele></trkpt>
      <trkpt lat="42.384570" lon="-5.110230"><ele>828.5</ele></trkpt>
      <trkpt lat="42.384590" lon="-5.110280"><ele>828.5</ele></trkpt>
      <trkpt lat="42.384610" lon="-5.110330"><ele>828.4</ele></trkpt>
      <trkpt lat="42.384640" lon="-5.110370"><ele>828.5</ele></trkpt>
      <trkpt lat="42.384660" lon="-5.110420"><ele>828.5</ele></trkpt>
      <trkpt lat="42.384680" lon="-5.110460"><ele>828.5</ele></trkpt>
      <trkpt lat="42.384710" lon="-5.110510"><ele>828.5</ele></trkpt>
      <trkpt lat="42.384710" lon="-5.110570"><ele>828.6</ele></trkpt>
      <trkpt lat="42.384720" lon="-5.110640"><ele>828.6</ele></trkpt>
      <trkpt lat="42.384740" lon="-5.110710"><ele>828.6</ele></trkpt>
      <trkpt lat="42.384750" lon="-5.110780"><ele>828.6</ele></trkpt>
      <trkpt lat="42.384760" lon="-5.110840"><ele>828.6</ele></trkpt>
      <trkpt lat="42.384770" lon="-5.110910"><ele>828.5</ele></trkpt>
      <trkpt lat="42.384780" lon="-5.111000"><ele>828.5</ele></trkpt>
      <trkpt lat="42.384790" lon="-5.111050"><ele>828.5</ele></trkpt>
      <trkpt lat="42.384850" lon="-5.111270"><ele>828.4</ele></trkpt>
      <trkpt lat="42.384920" lon="-5.111640"><ele>828.3</ele></trkpt>
      <trkpt lat="42.384980" lon="-5.111860"><ele>828.2</ele></trkpt>
      <trkpt lat="42.385050" lon="-5.112160"><ele>828.1</ele></trkpt>
      <trkpt lat="42.385110" lon="-5.112510"><ele>828.1</ele></trkpt>
      <trkpt lat="42.385210" lon="-5.112820"><ele>828.1</ele></trkpt>
      <trkpt lat="42.385270" lon="-5.113140"><ele>828.1</ele></trkpt>
      <trkpt lat="42.385360" lon="-5.113380"><ele>828.3</ele></trkpt>
      <trkpt lat="42.385430" lon="-5.113680"><ele>828.5</ele></trkpt>
      <trkpt lat="42.385500" lon="-5.114000"><ele>828.8</ele></trkpt>
      <trkpt lat="42.385590" lon="-5.114310"><ele>829.3</ele></trkpt>
      <trkpt lat="42.385710" lon="-5.114850"><ele>829.8</ele></trkpt>
      <trkpt lat="42.385790" lon="-5.115250"><ele>829.9</ele></trkpt>
      <trkpt lat="42.385870" lon="-5.115720"><ele>830.4</ele></trkpt>
      <trkpt lat="42.385930" lon="-5.116040"><ele>830.7</ele></trkpt>
      <trkpt lat="42.385970" lon="-5.116320"><ele>831.0</ele></trkpt>
      <trkpt lat="42.386030" lon="-5.116610"><ele>831.5</ele></trkpt>
      <trkpt lat="42.386110" lon="-5.116950"><ele>832.1</ele></trkpt>
      <trkpt lat="42.386180" lon="-5.117290"><ele>832.3</ele></trkpt>
      <trkpt lat="42.386230" lon="-5.117590"><ele>832.4</ele></trkpt>
      <trkpt lat="42.386340" lon="-5.117980"><ele>832.6</ele></trkpt>
      <trkpt lat="42.386490" lon="-5.118410"><ele>833.1</ele></trkpt>
      <trkpt lat="42.386590" lon="-5.118700"><ele>833.6</ele></trkpt>
      <trkpt lat="42.386700" lon="-5.118990"><ele>833.9</ele></trkpt>
      <trkpt lat="42.386830" lon="-5.119420"><ele>833.6</ele></trkpt>
      <trkpt lat="42.386920" lon="-5.119710"><ele>833.3</ele></trkpt>
      <trkpt lat="42.387000" lon="-5.120050"><ele>833.1</ele></trkpt>
      <trkpt lat="42.387040" lon="-5.120170"><ele>833.1</ele></trkpt>
      <trkpt lat="42.387110" lon="-5.120680"><ele>833.9</ele></trkpt>
      <trkpt lat="42.387180" lon="-5.121070"><ele>835.1</ele></trkpt>
      <trkpt lat="42.387270" lon="-5.121460"><ele>836.0</ele></trkpt>
      <trkpt lat="42.387360" lon="-5.121850"><ele>836.6</ele></trkpt>
      <trkpt lat="42.387440" lon="-5.122280"><ele>836.8</ele></trkpt>
      <trkpt lat="42.387540" lon="-5.122770"><ele>837.0</ele></trkpt>
      <trkpt lat="42.387650" lon="-5.123220"><ele>837.5</ele></trkpt>
      <trkpt lat="42.387710" lon="-5.123630"><ele>837.7</ele></trkpt>
      <trkpt lat="42.387790" lon="-5.123920"><ele>837.6</ele></trkpt>
      <trkpt lat="42.387810" lon="-5.124200"><ele>837.6</ele></trkpt>
      <trkpt lat="42.387880" lon="-5.124530"><ele>837.6</ele></trkpt>
      <trkpt lat="42.387960" lon="-5.124880"><ele>837.8</ele></trkpt>
      <trkpt lat="42.388040" lon="-5.125240"><ele>837.9</ele></trkpt>
      <trkpt lat="42.388080" lon="-5.125530"><ele>837.9</ele></trkpt>
      <trkpt lat="42.388150" lon="-5.125870"><ele>837.0</ele></trkpt>
      <trkpt lat="42.388230" lon="-5.126250"><ele>836.3</ele></trkpt>
      <trkpt lat="42.388290" lon="-5.126540"><ele>836.0</ele></trkpt>
      <trkpt lat="42.388380" lon="-5.127050"><ele>835.6</ele></trkpt>
      <trkpt lat="42.388470" lon="-5.127530"><ele>835.8</ele></trkpt>
      <trkpt lat="42.388560" lon="-5.127950"><ele>836.7</ele></trkpt>
      <trkpt lat="42.388630" lon="-5.128350"><ele>837.9</ele></trkpt>
      <trkpt lat="42.388720" lon="-5.128780"><ele>839.3</ele></trkpt>
      <trkpt lat="42.388790" lon="-5.129100"><ele>839.9</ele></trkpt>
      <trkpt lat="42.388870" lon="-5.129530"><ele>840.3</ele></trkpt>
      <trkpt lat="42.388960" lon="-5.129990"><ele>840.3</ele></trkpt>
      <trkpt lat="42.389030" lon="-5.130340"><ele>839.7</ele></trkpt>
      <trkpt lat="42.389080" lon="-5.130620"><ele>838.9</ele></trkpt>
      <trkpt lat="42.389110" lon="-5.130730"><ele>838.7</ele></trkpt>
      <trkpt lat="42.389130" lon="-5.130780"><ele>838.5</ele></trkpt>
      <trkpt lat="42.389140" lon="-5.130840"><ele>838.3</ele></trkpt>
      <trkpt lat="42.389160" lon="-5.130910"><ele>838.1</ele></trkpt>
      <trkpt lat="42.389170" lon="-5.130970"><ele>837.9</ele></trkpt>
      <trkpt lat="42.389180" lon="-5.131030"><ele>837.7</ele></trkpt>
      <trkpt lat="42.389190" lon="-5.131100"><ele>837.5</ele></trkpt>
      <trkpt lat="42.389210" lon="-5.131170"><ele>837.3</ele></trkpt>
      <trkpt lat="42.389220" lon="-5.131220"><ele>837.1</ele></trkpt>
      <trkpt lat="42.389240" lon="-5.131270"><ele>837.0</ele></trkpt>
      <trkpt lat="42.389280" lon="-5.131370"><ele>836.8</ele></trkpt>
      <trkpt lat="42.389300" lon="-5.131440"><ele>836.6</ele></trkpt>
      <trkpt lat="42.389310" lon="-5.131490"><ele>836.5</ele></trkpt>
      <trkpt lat="42.389320" lon="-5.131550"><ele>836.3</ele></trkpt>
      <trkpt lat="42.389330" lon="-5.131600"><ele>836.2</ele></trkpt>
      <trkpt lat="42.389340" lon="-5.131640"><ele>836.0</ele></trkpt>
      <trkpt lat="42.389350" lon="-5.131700"><ele>835.9</ele></trkpt>
      <trkpt lat="42.389360" lon="-5.131760"><ele>835.6</ele></trkpt>
      <trkpt lat="42.389380" lon="-5.131830"><ele>835.4</ele></trkpt>
      <trkpt lat="42.389390" lon="-5.131900"><ele>835.2</ele></trkpt>
      <trkpt lat="42.389400" lon="-5.131940"><ele>835.1</ele></trkpt>
      <trkpt lat="42.389420" lon="-5.132000"><ele>834.9</ele></trkpt>
      <trkpt lat="42.389420" lon="-5.132060"><ele>834.7</ele></trkpt>
      <trkpt lat="42.389430" lon="-5.132100"><ele>834.7</ele></trkpt>
      <trkpt lat="42.389440" lon="-5.132160"><ele>834.6</ele></trkpt>
      <trkpt lat="42.389440" lon="-5.132230"><ele>834.5</ele></trkpt>
      <trkpt lat="42.389440" lon="-5.132300"><ele>834.3</ele></trkpt>
      <trkpt lat="42.389450" lon="-5.132350"><ele>834.3</ele></trkpt>
      <trkpt lat="42.389450" lon="-5.132410"><ele>834.1</ele></trkpt>
      <trkpt lat="42.389450" lon="-5.132490"><ele>834.0</ele></trkpt>
      <trkpt lat="42.389460" lon="-5.132550"><ele>834.0</ele></trkpt>
      <trkpt lat="42.389460" lon="-5.132630"><ele>833.9</ele></trkpt>
      <trkpt lat="42.389460" lon="-5.132700"><ele>833.9</ele></trkpt>
      <trkpt lat="42.389450" lon="-5.132760"><ele>833.8</ele></trkpt>
      <trkpt lat="42.389450" lon="-5.132810"><ele>833.7</ele></trkpt>
      <trkpt lat="42.389440" lon="-5.132860"><ele>833.7</ele></trkpt>
      <trkpt lat="42.389420" lon="-5.132910"><ele>833.5</ele></trkpt>
      <trkpt lat="42.389410" lon="-5.132960"><ele>833.5</ele></trkpt>
      <trkpt lat="42.389400" lon="-5.133010"><ele>833.5</ele></trkpt>
      <trkpt lat="42.389400" lon="-5.133040"><ele>833.5</ele></trkpt>
      <trkpt lat="42.389350" lon="-5.133190"><ele>833.5</ele></trkpt>
      <trkpt lat="42.389310" lon="-5.133470"><ele>833.8</ele></trkpt>
      <trkpt lat="42.389270" lon="-5.133720"><ele>834.5</ele></trkpt>
      <trkpt lat="42.389220" lon="-5.134000"><ele>835.3</ele></trkpt>
      <trkpt lat="42.389160" lon="-5.134380"><ele>836.9</ele></trkpt>
      <trkpt lat="42.389070" lon="-5.134720"><ele>838.3</ele></trkpt>
      <trkpt lat="42.389030" lon="-5.135140"><ele>839.9</ele></trkpt>
      <trkpt lat="42.388970" lon="-5.135490"><ele>840.9</ele></trkpt>
      <trkpt lat="42.388910" lon="-5.135860"><ele>841.4</ele></trkpt>
      <trkpt lat="42.388850" lon="-5.136290"><ele>842.2</ele></trkpt>
      <trkpt lat="42.388780" lon="-5.136720"><ele>842.9</ele></trkpt>
      <trkpt lat="42.388710" lon="-5.137100"><ele>843.9</ele></trkpt>
      <trkpt lat="42.388640" lon="-5.137590"><ele>845.6</ele></trkpt>
      <trkpt lat="42.388580" lon="-5.137840"><ele>846.7</ele></trkpt>
      <trkpt lat="42.388530" lon="-5.138190"><ele>848.0</ele></trkpt>
      <trkpt lat="42.388470" lon="-5.138500"><ele>849.1</ele></trkpt>
      <trkpt lat="42.388460" lon="-5.138550"><ele>849.2</ele></trkpt>
      <trkpt lat="42.388450" lon="-5.138620"><ele>849.4</ele></trkpt>
      <trkpt lat="42.388430" lon="-5.138670"><ele>849.4</ele></trkpt>
      <trkpt lat="42.388420" lon="-5.138730"><ele>849.5</ele></trkpt>
      <trkpt lat="42.388410" lon="-5.138770"><ele>849.6</ele></trkpt>
      <trkpt lat="42.388390" lon="-5.138820"><ele>849.7</ele></trkpt>
      <trkpt lat="42.388370" lon="-5.138890"><ele>849.8</ele></trkpt>
      <trkpt lat="42.388370" lon="-5.138960"><ele>849.9</ele></trkpt>
      <trkpt lat="42.388360" lon="-5.139020"><ele>850.0</ele></trkpt>
      <trkpt lat="42.388350" lon="-5.139080"><ele>850.0</ele></trkpt>
      <trkpt lat="42.388340" lon="-5.139130"><ele>850.0</ele></trkpt>
      <trkpt lat="42.388330" lon="-5.139190"><ele>850.0</ele></trkpt>
      <trkpt lat="42.388320" lon="-5.139270"><ele>850.0</ele></trkpt>
      <trkpt lat="42.388320" lon="-5.139320"><ele>850.0</ele></trkpt>
      <trkpt lat="42.388300" lon="-5.139400"><ele>850.1</ele></trkpt>
      <trkpt lat="42.388290" lon="-5.139440"><ele>850.1</ele></trkpt>
      <trkpt lat="42.388250" lon="-5.139720"><ele>849.9</ele></trkpt>
      <trkpt lat="42.388180" lon="-5.139990"><ele>849.7</ele></trkpt>
      <trkpt lat="42.388150" lon="-5.140320"><ele>849.5</ele></trkpt>
      <trkpt lat="42.388110" lon="-5.140750"><ele>850.2</ele></trkpt>
      <trkpt lat="42.388060" lon="-5.141100"><ele>850.9</ele></trkpt>
      <trkpt lat="42.388040" lon="-5.141420"><ele>851.5</ele></trkpt>
      <trkpt lat="42.388010" lon="-5.141730"><ele>852.1</ele></trkpt>
      <trkpt lat="42.387930" lon="-5.142120"><ele>852.5</ele></trkpt>
      <trkpt lat="42.387900" lon="-5.142420"><ele>852.7</ele></trkpt>
      <trkpt lat="42.387880" lon="-5.142760"><ele>852.8</ele></trkpt>
      <trkpt lat="42.387850" lon="-5.143030"><ele>852.8</ele></trkpt>
      <trkpt lat="42.387850" lon="-5.143080"><ele>852.8</ele></trkpt>
      <trkpt lat="42.387840" lon="-5.143130"><ele>852.8</ele></trkpt>
      <trkpt lat="42.387840" lon="-5.143200"><ele>852.8</ele></trkpt>
      <trkpt lat="42.387840" lon="-5.143250"><ele>852.9</ele></trkpt>
      <trkpt lat="42.387840" lon="-5.143310"><ele>852.9</ele></trkpt>
      <trkpt lat="42.387830" lon="-5.143350"><ele>852.9</ele></trkpt>
      <trkpt lat="42.387820" lon="-5.143410"><ele>852.9</ele></trkpt>
      <trkpt lat="42.387810" lon="-5.143470"><ele>852.9</ele></trkpt>
      <trkpt lat="42.387810" lon="-5.143530"><ele>852.9</ele></trkpt>
      <trkpt lat="42.387800" lon="-5.143600"><ele>852.9</ele></trkpt>
      <trkpt lat="42.387800" lon="-5.143660"><ele>853.0</ele></trkpt>
      <trkpt lat="42.387790" lon="-5.143710"><ele>853.1</ele></trkpt>
      <trkpt lat="42.387790" lon="-5.143770"><ele>853.3</ele></trkpt>
      <trkpt lat="42.387790" lon="-5.143820"><ele>853.4</ele></trkpt>
      <trkpt lat="42.387780" lon="-5.143870"><ele>853.5</ele></trkpt>
      <trkpt lat="42.387780" lon="-5.143930"><ele>853.7</ele></trkpt>
      <trkpt lat="42.387780" lon="-5.143980"><ele>853.8</ele></trkpt>
      <trkpt lat="42.387770" lon="-5.144040"><ele>853.9</ele></trkpt>
      <trkpt lat="42.387770" lon="-5.144100"><ele>854.1</ele></trkpt>
      <trkpt lat="42.387760" lon="-5.144160"><ele>854.2</ele></trkpt>
      <trkpt lat="42.387760" lon="-5.144220"><ele>854.3</ele></trkpt>
      <trkpt lat="42.387750" lon="-5.144270"><ele>854.4</ele></trkpt>
      <trkpt lat="42.387740" lon="-5.144340"><ele>854.5</ele></trkpt>
      <trkpt lat="42.387740" lon="-5.144390"><ele>854.6</ele></trkpt>
      <trkpt lat="42.387720" lon="-5.144450"><ele>854.7</ele></trkpt>
      <trkpt lat="42.387720" lon="-5.144500"><ele>854.8</ele></trkpt>
      <trkpt lat="42.387710" lon="-5.144560"><ele>855.0</ele></trkpt>
      <trkpt lat="42.387710" lon="-5.144610"><ele>855.0</ele></trkpt>
      <trkpt lat="42.387710" lon="-5.144660"><ele>855.1</ele></trkpt>
      <trkpt lat="42.387710" lon="-5.144720"><ele>855.2</ele></trkpt>
      <trkpt lat="42.387710" lon="-5.144790"><ele>855.3</ele></trkpt>
      <trkpt lat="42.387710" lon="-5.144850"><ele>855.3</ele></trkpt>
      <trkpt lat="42.387720" lon="-5.144900"><ele>855.4</ele></trkpt>
      <trkpt lat="42.387740" lon="-5.144970"><ele>855.5</ele></trkpt>
      <trkpt lat="42.387760" lon="-5.145020"><ele>855.6</ele></trkpt>
      <trkpt lat="42.387790" lon="-5.145070"><ele>855.6</ele></trkpt>
      <trkpt lat="42.387800" lon="-5.145110"><ele>855.6</ele></trkpt>
      <trkpt lat="42.387810" lon="-5.145130"><ele>855.6</ele></trkpt>
      <trkpt lat="42.387940" lon="-5.145430"><ele>855.8</ele></trkpt>
      <trkpt lat="42.387990" lon="-5.145570"><ele>855.7</ele></trkpt>
      <trkpt lat="42.388130" lon="-5.145830"><ele>855.1</ele></trkpt>
      <trkpt lat="42.388220" lon="-5.146010"><ele>854.5</ele></trkpt>
      <trkpt lat="42.388310" lon="-5.146140"><ele>854.0</ele></trkpt>
      <trkpt lat="42.388340" lon="-5.146200"><ele>853.7</ele></trkpt>
      <trkpt lat="42.388370" lon="-5.146240"><ele>853.6</ele></trkpt>
      <trkpt lat="42.388400" lon="-5.146280"><ele>853.4</ele></trkpt>
      <trkpt lat="42.388440" lon="-5.146320"><ele>853.2</ele></trkpt>
      <trkpt lat="42.388460" lon="-5.146360"><ele>853.0</ele></trkpt>
      <trkpt lat="42.388480" lon="-5.146400"><ele>852.9</ele></trkpt>
      <trkpt lat="42.388510" lon="-5.146430"><ele>852.7</ele></trkpt>
      <trkpt lat="42.388540" lon="-5.146470"><ele>852.5</ele></trkpt>
      <trkpt lat="42.388580" lon="-5.146490"><ele>852.3</ele></trkpt>
      <trkpt lat="42.388610" lon="-5.146520"><ele>852.2</ele></trkpt>
      <trkpt lat="42.388640" lon="-5.146560"><ele>851.9</ele></trkpt>
      <trkpt lat="42.388660" lon="-5.146570"><ele>851.8</ele></trkpt>
      <trkpt lat="42.388740" lon="-5.146640"><ele>851.4</ele></trkpt>
      <trkpt lat="42.388770" lon="-5.146670"><ele>851.2</ele></trkpt>
      <trkpt lat="42.388800" lon="-5.146700"><ele>851.0</ele></trkpt>
      <trkpt lat="42.388830" lon="-5.146740"><ele>850.8</ele></trkpt>
      <trkpt lat="42.388860" lon="-5.146780"><ele>850.6</ele></trkpt>
      <trkpt lat="42.388880" lon="-5.146810"><ele>850.5</ele></trkpt>
      <trkpt lat="42.388910" lon="-5.146850"><ele>850.3</ele></trkpt>
      <trkpt lat="42.388940" lon="-5.146870"><ele>850.2</ele></trkpt>
      <trkpt lat="42.388980" lon="-5.146890"><ele>850.1</ele></trkpt>
      <trkpt lat="42.389010" lon="-5.146920"><ele>850.0</ele></trkpt>
      <trkpt lat="42.389040" lon="-5.146940"><ele>850.0</ele></trkpt>
      <trkpt lat="42.389080" lon="-5.146960"><ele>850.0</ele></trkpt>
      <trkpt lat="42.389110" lon="-5.146980"><ele>849.9</ele></trkpt>
      <trkpt lat="42.389150" lon="-5.147000"><ele>849.9</ele></trkpt>
      <trkpt lat="42.389180" lon="-5.147020"><ele>849.9</ele></trkpt>
      <trkpt lat="42.389210" lon="-5.147060"><ele>849.9</ele></trkpt>
      <trkpt lat="42.389240" lon="-5.147100"><ele>849.8</ele></trkpt>
      <trkpt lat="42.389270" lon="-5.147140"><ele>849.8</ele></trkpt>
      <trkpt lat="42.389290" lon="-5.147170"><ele>849.8</ele></trkpt>
      <trkpt lat="42.389320" lon="-5.147200"><ele>849.8</ele></trkpt>
      <trkpt lat="42.389350" lon="-5.147240"><ele>849.8</ele></trkpt>
      <trkpt lat="42.389390" lon="-5.147280"><ele>849.8</ele></trkpt>
      <trkpt lat="42.389420" lon="-5.147330"><ele>849.7</ele></trkpt>
      <trkpt lat="42.389440" lon="-5.147380"><ele>849.8</ele></trkpt>
      <trkpt lat="42.389460" lon="-5.147420"><ele>849.8</ele></trkpt>
      <trkpt lat="42.389480" lon="-5.147470"><ele>849.8</ele></trkpt>
      <trkpt lat="42.389500" lon="-5.147500"><ele>849.9</ele></trkpt>
      <trkpt lat="42.389590" lon="-5.147630"><ele>850.0</ele></trkpt>
      <trkpt lat="42.389770" lon="-5.147910"><ele>850.6</ele></trkpt>
      <trkpt lat="42.389890" lon="-5.148080"><ele>851.2</ele></trkpt>
      <trkpt lat="42.390020" lon="-5.148340"><ele>851.8</ele></trkpt>
      <trkpt lat="42.390200" lon="-5.148650"><ele>852.3</ele></trkpt>
      <trkpt lat="42.390340" lon="-5.148880"><ele>852.5</ele></trkpt>
      <trkpt lat="42.390560" lon="-5.149290"><ele>852.8</ele></trkpt>
      <trkpt lat="42.390650" lon="-5.149530"><ele>853.2</ele></trkpt>
      <trkpt lat="42.390750" lon="-5.149760"><ele>853.4</ele></trkpt>
      <trkpt lat="42.390760" lon="-5.149770"><ele>853.4</ele></trkpt>
      <trkpt lat="42.390880" lon="-5.150040"><ele>853.6</ele></trkpt>
      <trkpt lat="42.391010" lon="-5.150380"><ele>854.1</ele></trkpt>
      <trkpt lat="42.391140" lon="-5.150750"><ele>854.7</ele></trkpt>
      <trkpt lat="42.391250" lon="-5.151050"><ele>855.3</ele></trkpt>
      <trkpt lat="42.391360" lon="-5.151330"><ele>855.6</ele></trkpt>
      <trkpt lat="42.391520" lon="-5.151690"><ele>856.3</ele></trkpt>
      <trkpt lat="42.391650" lon="-5.151920"><ele>856.9</ele></trkpt>
      <trkpt lat="42.391810" lon="-5.152260"><ele>857.7</ele></trkpt>
      <trkpt lat="42.391950" lon="-5.152520"><ele>858.5</ele></trkpt>
      <trkpt lat="42.391990" lon="-5.152560"><ele>858.6</ele></trkpt>
      <trkpt lat="42.392000" lon="-5.152600"><ele>858.7</ele></trkpt>
      <trkpt lat="42.392160" lon="-5.152830"><ele>859.4</ele></trkpt>
      <trkpt lat="42.392160" lon="-5.152840"><ele>859.4</ele></trkpt>
      <trkpt lat="42.392300" lon="-5.153090"><ele>859.7</ele></trkpt>
      <trkpt lat="42.392300" lon="-5.153090"><ele>859.7</ele></trkpt>
      <trkpt lat="42.392470" lon="-5.153390"><ele>860.0</ele></trkpt>
      <trkpt lat="42.392580" lon="-5.153610"><ele>860.1</ele></trkpt>
      <trkpt lat="42.392580" lon="-5.153620"><ele>860.1</ele></trkpt>
      <trkpt lat="42.392780" lon="-5.153930"><ele>860.2</ele></trkpt>
      <trkpt lat="42.392940" lon="-5.154260"><ele>860.1</ele></trkpt>
      <trkpt lat="42.393080" lon="-5.154500"><ele>860.1</ele></trkpt>
      <trkpt lat="42.393250" lon="-5.154860"><ele>860.1</ele></trkpt>
      <trkpt lat="42.393270" lon="-5.154870"><ele>860.1</ele></trkpt>
      <trkpt lat="42.393370" lon="-5.155010"><ele>860.1</ele></trkpt>
      <trkpt lat="42.393530" lon="-5.155300"><ele>860.1</ele></trkpt>
      <trkpt lat="42.393670" lon="-5.155520"><ele>859.9</ele></trkpt>
      <trkpt lat="42.393790" lon="-5.155770"><ele>859.8</ele></trkpt>
      <trkpt lat="42.393910" lon="-5.156020"><ele>859.7</ele></trkpt>
      <trkpt lat="42.394010" lon="-5.156210"><ele>859.9</ele></trkpt>
      <trkpt lat="42.394030" lon="-5.156220"><ele>859.9</ele></trkpt>
      <trkpt lat="42.394110" lon="-5.156350"><ele>860.2</ele></trkpt>
      <trkpt lat="42.394120" lon="-5.156370"><ele>860.3</ele></trkpt>
      <trkpt lat="42.394180" lon="-5.156480"><ele>860.6</ele></trkpt>
      <trkpt lat="42.394180" lon="-5.156480"><ele>860.6</ele></trkpt>
      <trkpt lat="42.394240" lon="-5.156650"><ele>860.9</ele></trkpt>
      <trkpt lat="42.394390" lon="-5.156980"><ele>861.6</ele></trkpt>
      <trkpt lat="42.394510" lon="-5.157220"><ele>862.1</ele></trkpt>
      <trkpt lat="42.394630" lon="-5.157490"><ele>862.6</ele></trkpt>
      <trkpt lat="42.394760" lon="-5.157770"><ele>863.0</ele></trkpt>
      <trkpt lat="42.394820" lon="-5.157910"><ele>863.1</ele></trkpt>
      <trkpt lat="42.394940" lon="-5.158260"><ele>863.6</ele></trkpt>
      <trkpt lat="42.395050" lon="-5.158510"><ele>864.0</ele></trkpt>
      <trkpt lat="42.395150" lon="-5.158800"><ele>864.8</ele></trkpt>
      <trkpt lat="42.395270" lon="-5.159080"><ele>865.9</ele></trkpt>
      <trkpt lat="42.395300" lon="-5.159130"><ele>866.1</ele></trkpt>
      <trkpt lat="42.395410" lon="-5.159430"><ele>867.2</ele></trkpt>
      <trkpt lat="42.395410" lon="-5.159430"><ele>867.2</ele></trkpt>
      <trkpt lat="42.395510" lon="-5.159650"><ele>867.8</ele></trkpt>
      <trkpt lat="42.395530" lon="-5.159680"><ele>867.8</ele></trkpt>
      <trkpt lat="42.395640" lon="-5.159970"><ele>868.3</ele></trkpt>
      <trkpt lat="42.395650" lon="-5.159970"><ele>868.3</ele></trkpt>
      <trkpt lat="42.395760" lon="-5.160230"><ele>868.7</ele></trkpt>
      <trkpt lat="42.395780" lon="-5.160270"><ele>868.8</ele></trkpt>
      <trkpt lat="42.395880" lon="-5.160540"><ele>868.9</ele></trkpt>
      <trkpt lat="42.395890" lon="-5.160540"><ele>868.9</ele></trkpt>
      <trkpt lat="42.395990" lon="-5.160740"><ele>869.1</ele></trkpt>
      <trkpt lat="42.395990" lon="-5.160740"><ele>869.1</ele></trkpt>
      <trkpt lat="42.396140" lon="-5.161100"><ele>869.3</ele></trkpt>
      <trkpt lat="42.396150" lon="-5.161110"><ele>869.3</ele></trkpt>
      <trkpt lat="42.396250" lon="-5.161350"><ele>869.1</ele></trkpt>
      <trkpt lat="42.396260" lon="-5.161360"><ele>869.1</ele></trkpt>
      <trkpt lat="42.396370" lon="-5.161620"><ele>868.5</ele></trkpt>
      <trkpt lat="42.396400" lon="-5.161670"><ele>868.4</ele></trkpt>
      <trkpt lat="42.396500" lon="-5.161900"><ele>867.7</ele></trkpt>
      <trkpt lat="42.396590" lon="-5.162130"><ele>866.9</ele></trkpt>
      <trkpt lat="42.396700" lon="-5.162340"><ele>866.0</ele></trkpt>
      <trkpt lat="42.396740" lon="-5.162480"><ele>865.4</ele></trkpt>
      <trkpt lat="42.396750" lon="-5.162490"><ele>865.3</ele></trkpt>
      <trkpt lat="42.396880" lon="-5.162780"><ele>863.8</ele></trkpt>
      <trkpt lat="42.397000" lon="-5.163020"><ele>862.4</ele></trkpt>
      <trkpt lat="42.397150" lon="-5.163380"><ele>860.1</ele></trkpt>
      <trkpt lat="42.397220" lon="-5.163670"><ele>858.5</ele></trkpt>
      <trkpt lat="42.397240" lon="-5.163720"><ele>858.3</ele></trkpt>
      <trkpt lat="42.397260" lon="-5.163790"><ele>858.0</ele></trkpt>
      <trkpt lat="42.397270" lon="-5.163840"><ele>857.7</ele></trkpt>
      <trkpt lat="42.397300" lon="-5.163900"><ele>857.4</ele></trkpt>
      <trkpt lat="42.397310" lon="-5.163970"><ele>857.1</ele></trkpt>
      <trkpt lat="42.397330" lon="-5.164020"><ele>857.0</ele></trkpt>
      <trkpt lat="42.397350" lon="-5.164070"><ele>856.8</ele></trkpt>
      <trkpt lat="42.397360" lon="-5.164120"><ele>856.6</ele></trkpt>
      <trkpt lat="42.397380" lon="-5.164190"><ele>856.4</ele></trkpt>
      <trkpt lat="42.397390" lon="-5.164260"><ele>856.2</ele></trkpt>
      <trkpt lat="42.397410" lon="-5.164320"><ele>856.1</ele></trkpt>
      <trkpt lat="42.397420" lon="-5.164380"><ele>855.9</ele></trkpt>
      <trkpt lat="42.397430" lon="-5.164430"><ele>855.8</ele></trkpt>
      <trkpt lat="42.397430" lon="-5.164490"><ele>855.8</ele></trkpt>
      <trkpt lat="42.397450" lon="-5.164550"><ele>855.9</ele></trkpt>
      <trkpt lat="42.397450" lon="-5.164600"><ele>855.9</ele></trkpt>
      <trkpt lat="42.397450" lon="-5.164680"><ele>856.0</ele></trkpt>
      <trkpt lat="42.397470" lon="-5.164770"><ele>856.2</ele></trkpt>
      <trkpt lat="42.397470" lon="-5.164820"><ele>856.3</ele></trkpt>
      <trkpt lat="42.397490" lon="-5.164890"><ele>856.4</ele></trkpt>
      <trkpt lat="42.397490" lon="-5.164970"><ele>856.5</ele></trkpt>
      <trkpt lat="42.397510" lon="-5.165050"><ele>856.7</ele></trkpt>
      <trkpt lat="42.397510" lon="-5.165090"><ele>856.8</ele></trkpt>
      <trkpt lat="42.397560" lon="-5.165240"><ele>857.3</ele></trkpt>
      <trkpt lat="42.397660" lon="-5.165670"><ele>858.5</ele></trkpt>
      <trkpt lat="42.397680" lon="-5.165890"><ele>859.0</ele></trkpt>
      <trkpt lat="42.397720" lon="-5.166090"><ele>859.3</ele></trkpt>
      <trkpt lat="42.397760" lon="-5.166330"><ele>859.7</ele></trkpt>
      <trkpt lat="42.397820" lon="-5.166560"><ele>859.5</ele></trkpt>
      <trkpt lat="42.397920" lon="-5.166820"><ele>859.6</ele></trkpt>
      <trkpt lat="42.398020" lon="-5.167150"><ele>859.5</ele></trkpt>
      <trkpt lat="42.398160" lon="-5.167460"><ele>859.5</ele></trkpt>
      <trkpt lat="42.398290" lon="-5.167750"><ele>859.5</ele></trkpt>
      <trkpt lat="42.398410" lon="-5.168030"><ele>860.3</ele></trkpt>
      <trkpt lat="42.398540" lon="-5.168330"><ele>861.1</ele></trkpt>
      <trkpt lat="42.398550" lon="-5.168350"><ele>861.2</ele></trkpt>
      <trkpt lat="42.398700" lon="-5.168800"><ele>862.1</ele></trkpt>
      <trkpt lat="42.398830" lon="-5.169100"><ele>862.3</ele></trkpt>
      <trkpt lat="42.398980" lon="-5.169430"><ele>862.3</ele></trkpt>
      <trkpt lat="42.399020" lon="-5.169620"><ele>862.4</ele></trkpt>
      <trkpt lat="42.399130" lon="-5.169860"><ele>862.9</ele></trkpt>
      <trkpt lat="42.399250" lon="-5.170170"><ele>863.7</ele></trkpt>
      <trkpt lat="42.399370" lon="-5.170510"><ele>864.5</ele></trkpt>
      <trkpt lat="42.399520" lon="-5.170850"><ele>865.2</ele></trkpt>
      <trkpt lat="42.399650" lon="-5.171220"><ele>866.1</ele></trkpt>
      <trkpt lat="42.399790" lon="-5.171580"><ele>866.9</ele></trkpt>
      <trkpt lat="42.399960" lon="-5.171920"><ele>867.6</ele></trkpt>
      <trkpt lat="42.400070" lon="-5.172230"><ele>868.2</ele></trkpt>
      <trkpt lat="42.400180" lon="-5.172540"><ele>868.7</ele></trkpt>
      <trkpt lat="42.400300" lon="-5.172850"><ele>869.0</ele></trkpt>
      <trkpt lat="42.400420" lon="-5.173220"><ele>869.2</ele></trkpt>
      <trkpt lat="42.400520" lon="-5.173450"><ele>869.4</ele></trkpt>
      <trkpt lat="42.400680" lon="-5.173870"><ele>869.9</ele></trkpt>
      <trkpt lat="42.400790" lon="-5.174070"><ele>870.1</ele></trkpt>
      <trkpt lat="42.400910" lon="-5.174400"><ele>870.3</ele></trkpt>
      <trkpt lat="42.401050" lon="-5.174740"><ele>870.3</ele></trkpt>
      <trkpt lat="42.401180" lon="-5.175100"><ele>869.7</ele></trkpt>
      <trkpt lat="42.401290" lon="-5.175400"><ele>869.3</ele></trkpt>
      <trkpt lat="42.401420" lon="-5.175750"><ele>868.9</ele></trkpt>
      <trkpt lat="42.401550" lon="-5.176100"><ele>868.7</ele></trkpt>
      <trkpt lat="42.401730" lon="-5.176470"><ele>868.8</ele></trkpt>
      <trkpt lat="42.401890" lon="-5.176890"><ele>869.5</ele></trkpt>
      <trkpt lat="42.402060" lon="-5.177290"><ele>870.1</ele></trkpt>
      <trkpt lat="42.402190" lon="-5.177570"><ele>870.4</ele></trkpt>
      <trkpt lat="42.402340" lon="-5.177940"><ele>870.7</ele></trkpt>
      <trkpt lat="42.402460" lon="-5.178240"><ele>870.9</ele></trkpt>
      <trkpt lat="42.402570" lon="-5.178520"><ele>871.2</ele></trkpt>
      <trkpt lat="42.402700" lon="-5.178850"><ele>871.8</ele></trkpt>
      <trkpt lat="42.402760" lon="-5.179030"><ele>872.1</ele></trkpt>
      <trkpt lat="42.402770" lon="-5.179090"><ele>872.2</ele></trkpt>
      <trkpt lat="42.402810" lon="-5.179230"><ele>872.4</ele></trkpt>
      <trkpt lat="42.402860" lon="-5.179380"><ele>872.7</ele></trkpt>
      <trkpt lat="42.402890" lon="-5.179440"><ele>872.8</ele></trkpt>
      <trkpt lat="42.402920" lon="-5.179520"><ele>872.9</ele></trkpt>
      <trkpt lat="42.402940" lon="-5.179570"><ele>873.0</ele></trkpt>
      <trkpt lat="42.402960" lon="-5.179630"><ele>873.1</ele></trkpt>
      <trkpt lat="42.402980" lon="-5.179690"><ele>873.1</ele></trkpt>
      <trkpt lat="42.403010" lon="-5.179740"><ele>873.2</ele></trkpt>
      <trkpt lat="42.403030" lon="-5.179800"><ele>873.2</ele></trkpt>
      <trkpt lat="42.403060" lon="-5.179840"><ele>873.2</ele></trkpt>
      <trkpt lat="42.403090" lon="-5.179880"><ele>873.3</ele></trkpt>
      <trkpt lat="42.403110" lon="-5.179930"><ele>873.3</ele></trkpt>
      <trkpt lat="42.403130" lon="-5.179980"><ele>873.3</ele></trkpt>
      <trkpt lat="42.403160" lon="-5.180040"><ele>873.2</ele></trkpt>
      <trkpt lat="42.403190" lon="-5.180090"><ele>873.2</ele></trkpt>
      <trkpt lat="42.403220" lon="-5.180140"><ele>873.2</ele></trkpt>
      <trkpt lat="42.403250" lon="-5.180200"><ele>873.2</ele></trkpt>
      <trkpt lat="42.403270" lon="-5.180240"><ele>873.1</ele></trkpt>
      <trkpt lat="42.403300" lon="-5.180280"><ele>873.1</ele></trkpt>
      <trkpt lat="42.403330" lon="-5.180340"><ele>873.0</ele></trkpt>
      <trkpt lat="42.403350" lon="-5.180390"><ele>872.9</ele></trkpt>
      <trkpt lat="42.403380" lon="-5.180440"><ele>872.8</ele></trkpt>
      <trkpt lat="42.403400" lon="-5.180530"><ele>872.7</ele></trkpt>
      <trkpt lat="42.403430" lon="-5.180610"><ele>872.6</ele></trkpt>
      <trkpt lat="42.403450" lon="-5.180670"><ele>872.5</ele></trkpt>
      <trkpt lat="42.403470" lon="-5.180730"><ele>872.4</ele></trkpt>
      <trkpt lat="42.403490" lon="-5.180780"><ele>872.4</ele></trkpt>
      <trkpt lat="42.403500" lon="-5.180830"><ele>872.3</ele></trkpt>
      <trkpt lat="42.403520" lon="-5.180880"><ele>872.3</ele></trkpt>
      <trkpt lat="42.403550" lon="-5.180940"><ele>872.2</ele></trkpt>
      <trkpt lat="42.403570" lon="-5.180990"><ele>872.1</ele></trkpt>
      <trkpt lat="42.403610" lon="-5.181080"><ele>872.0</ele></trkpt>
      <trkpt lat="42.403640" lon="-5.181160"><ele>872.1</ele></trkpt>
      <trkpt lat="42.403660" lon="-5.181200"><ele>872.1</ele></trkpt>
      <trkpt lat="42.403680" lon="-5.181250"><ele>872.1</ele></trkpt>
      <trkpt lat="42.403700" lon="-5.181320"><ele>872.2</ele></trkpt>
      <trkpt lat="42.403720" lon="-5.181370"><ele>872.2</ele></trkpt>
      <trkpt lat="42.403730" lon="-5.181410"><ele>872.2</ele></trkpt>
      <trkpt lat="42.403740" lon="-5.181440"><ele>872.2</ele></trkpt>
      <trkpt lat="42.403900" lon="-5.181880"><ele>872.7</ele></trkpt>
      <trkpt lat="42.404040" lon="-5.182200"><ele>873.2</ele></trkpt>
      <trkpt lat="42.404160" lon="-5.182480"><ele>873.5</ele></trkpt>
      <trkpt lat="42.404280" lon="-5.182830"><ele>873.8</ele></trkpt>
      <trkpt lat="42.404290" lon="-5.182830"><ele>873.8</ele></trkpt>
      <trkpt lat="42.404430" lon="-5.183210"><ele>873.9</ele></trkpt>
      <trkpt lat="42.404600" lon="-5.183610"><ele>874.1</ele></trkpt>
      <trkpt lat="42.404600" lon="-5.183620"><ele>874.1</ele></trkpt>
      <trkpt lat="42.404740" lon="-5.184030"><ele>874.7</ele></trkpt>
      <trkpt lat="42.404970" lon="-5.184530"><ele>875.4</ele></trkpt>
      <trkpt lat="42.405160" lon="-5.184910"><ele>875.5</ele></trkpt>
      <trkpt lat="42.405350" lon="-5.185360"><ele>875.2</ele></trkpt>
      <trkpt lat="42.405550" lon="-5.185780"><ele>875.8</ele></trkpt>
      <trkpt lat="42.405750" lon="-5.186150"><ele>876.8</ele></trkpt>
      <trkpt lat="42.405930" lon="-5.186490"><ele>877.1</ele></trkpt>
      <trkpt lat="42.405930" lon="-5.186490"><ele>877.1</ele></trkpt>
      <trkpt lat="42.406050" lon="-5.186770"><ele>877.2</ele></trkpt>
      <trkpt lat="42.406210" lon="-5.187110"><ele>877.3</ele></trkpt>
      <trkpt lat="42.406360" lon="-5.187430"><ele>877.5</ele></trkpt>
      <trkpt lat="42.406520" lon="-5.187760"><ele>878.0</ele></trkpt>
      <trkpt lat="42.406640" lon="-5.188010"><ele>878.3</ele></trkpt>
      <trkpt lat="42.406810" lon="-5.188380"><ele>878.7</ele></trkpt>
      <trkpt lat="42.406960" lon="-5.188700"><ele>878.7</ele></trkpt>
      <trkpt lat="42.407140" lon="-5.189050"><ele>878.3</ele></trkpt>
      <trkpt lat="42.407300" lon="-5.189420"><ele>877.7</ele></trkpt>
      <trkpt lat="42.407460" lon="-5.189730"><ele>877.4</ele></trkpt>
      <trkpt lat="42.407610" lon="-5.190090"><ele>877.9</ele></trkpt>
      <trkpt lat="42.407720" lon="-5.190360"><ele>878.3</ele></trkpt>
      <trkpt lat="42.407730" lon="-5.190370"><ele>878.3</ele></trkpt>
      <trkpt lat="42.407920" lon="-5.190780"><ele>878.4</ele></trkpt>
      <trkpt lat="42.407940" lon="-5.190790"><ele>878.4</ele></trkpt>
      <trkpt lat="42.408110" lon="-5.191150"><ele>878.7</ele></trkpt>
      <trkpt lat="42.408220" lon="-5.191410"><ele>878.8</ele></trkpt>
      <trkpt lat="42.408250" lon="-5.191450"><ele>878.9</ele></trkpt>
      <trkpt lat="42.408270" lon="-5.191510"><ele>878.9</ele></trkpt>
      <trkpt lat="42.408290" lon="-5.191570"><ele>878.9</ele></trkpt>
      <trkpt lat="42.408320" lon="-5.191640"><ele>878.9</ele></trkpt>
      <trkpt lat="42.408350" lon="-5.191690"><ele>878.9</ele></trkpt>
      <trkpt lat="42.408380" lon="-5.191740"><ele>878.9</ele></trkpt>
      <trkpt lat="42.408400" lon="-5.191800"><ele>879.0</ele></trkpt>
      <trkpt lat="42.408420" lon="-5.191850"><ele>879.0</ele></trkpt>
      <trkpt lat="42.408450" lon="-5.191890"><ele>879.0</ele></trkpt>
      <trkpt lat="42.408470" lon="-5.191940"><ele>879.0</ele></trkpt>
      <trkpt lat="42.408490" lon="-5.191980"><ele>879.0</ele></trkpt>
      <trkpt lat="42.408520" lon="-5.192020"><ele>879.0</ele></trkpt>
      <trkpt lat="42.408540" lon="-5.192070"><ele>879.0</ele></trkpt>
      <trkpt lat="42.408560" lon="-5.192110"><ele>879.0</ele></trkpt>
      <trkpt lat="42.408580" lon="-5.192170"><ele>879.0</ele></trkpt>
      <trkpt lat="42.408600" lon="-5.192220"><ele>878.9</ele></trkpt>
      <trkpt lat="42.408610" lon="-5.192230"><ele>878.9</ele></trkpt>
      <trkpt lat="42.408710" lon="-5.192470"><ele>878.7</ele></trkpt>
      <trkpt lat="42.408820" lon="-5.192690"><ele>878.3</ele></trkpt>
      <trkpt lat="42.408950" lon="-5.193020"><ele>877.8</ele></trkpt>
      <trkpt lat="42.408960" lon="-5.193030"><ele>877.8</ele></trkpt>
      <trkpt lat="42.409070" lon="-5.193270"><ele>877.5</ele></trkpt>
      <trkpt lat="42.409080" lon="-5.193280"><ele>877.5</ele></trkpt>
      <trkpt lat="42.409250" lon="-5.193560"><ele>877.2</ele></trkpt>
      <trkpt lat="42.409280" lon="-5.193610"><ele>877.2</ele></trkpt>
      <trkpt lat="42.409390" lon="-5.193850"><ele>876.9</ele></trkpt>
      <trkpt lat="42.409550" lon="-5.194190"><ele>876.7</ele></trkpt>
      <trkpt lat="42.409700" lon="-5.194570"><ele>876.5</ele></trkpt>
      <trkpt lat="42.409800" lon="-5.194840"><ele>876.4</ele></trkpt>
      <trkpt lat="42.409900" lon="-5.195130"><ele>876.2</ele></trkpt>
      <trkpt lat="42.410070" lon="-5.195480"><ele>876.0</ele></trkpt>
      <trkpt lat="42.410260" lon="-5.195910"><ele>875.4</ele></trkpt>
      <trkpt lat="42.410400" lon="-5.196200"><ele>875.1</ele></trkpt>
      <trkpt lat="42.410520" lon="-5.196470"><ele>875.0</ele></trkpt>
      <trkpt lat="42.410640" lon="-5.196720"><ele>875.4</ele></trkpt>
      <trkpt lat="42.410780" lon="-5.197040"><ele>875.8</ele></trkpt>
      <trkpt lat="42.410950" lon="-5.197400"><ele>876.3</ele></trkpt>
      <trkpt lat="42.411080" lon="-5.197660"><ele>876.7</ele></trkpt>
      <trkpt lat="42.411180" lon="-5.197900"><ele>876.8</ele></trkpt>
      <trkpt lat="42.411350" lon="-5.198200"><ele>876.7</ele></trkpt>
      <trkpt lat="42.411450" lon="-5.198460"><ele>876.7</ele></trkpt>
      <trkpt lat="42.411560" lon="-5.198790"><ele>876.6</ele></trkpt>
      <trkpt lat="42.411730" lon="-5.199170"><ele>876.3</ele></trkpt>
      <trkpt lat="42.411890" lon="-5.199590"><ele>875.7</ele></trkpt>
      <trkpt lat="42.412010" lon="-5.199860"><ele>875.3</ele></trkpt>
      <trkpt lat="42.412150" lon="-5.200180"><ele>874.9</ele></trkpt>
      <trkpt lat="42.412240" lon="-5.200490"><ele>874.7</ele></trkpt>
      <trkpt lat="42.412280" lon="-5.200540"><ele>874.7</ele></trkpt>
      <trkpt lat="42.412320" lon="-5.200620"><ele>874.7</ele></trkpt>
      <trkpt lat="42.412340" lon="-5.200670"><ele>874.7</ele></trkpt>
      <trkpt lat="42.412360" lon="-5.200720"><ele>874.8</ele></trkpt>
      <trkpt lat="42.412380" lon="-5.200760"><ele>874.8</ele></trkpt>
      <trkpt lat="42.412400" lon="-5.200800"><ele>874.8</ele></trkpt>
      <trkpt lat="42.412420" lon="-5.200840"><ele>874.9</ele></trkpt>
      <trkpt lat="42.412450" lon="-5.200880"><ele>874.9</ele></trkpt>
      <trkpt lat="42.412470" lon="-5.200930"><ele>874.9</ele></trkpt>
      <trkpt lat="42.412490" lon="-5.200980"><ele>874.9</ele></trkpt>
      <trkpt lat="42.412520" lon="-5.201020"><ele>875.0</ele></trkpt>
      <trkpt lat="42.412550" lon="-5.201080"><ele>875.0</ele></trkpt>
      <trkpt lat="42.412580" lon="-5.201130"><ele>875.1</ele></trkpt>
      <trkpt lat="42.412610" lon="-5.201200"><ele>875.1</ele></trkpt>
      <trkpt lat="42.412630" lon="-5.201270"><ele>875.1</ele></trkpt>
      <trkpt lat="42.412670" lon="-5.201310"><ele>875.2</ele></trkpt>
      <trkpt lat="42.412680" lon="-5.201330"><ele>875.2</ele></trkpt>
      <trkpt lat="42.412850" lon="-5.201690"><ele>875.4</ele></trkpt>
      <trkpt lat="42.412970" lon="-5.201910"><ele>875.6</ele></trkpt>
      <trkpt lat="42.413060" lon="-5.202130"><ele>875.5</ele></trkpt>
      <trkpt lat="42.413250" lon="-5.202550"><ele>875.7</ele></trkpt>
      <trkpt lat="42.413420" lon="-5.202840"><ele>876.1</ele></trkpt>
      <trkpt lat="42.413570" lon="-5.203120"><ele>876.0</ele></trkpt>
      <trkpt lat="42.413700" lon="-5.203390"><ele>875.8</ele></trkpt>
      <trkpt lat="42.413810" lon="-5.203590"><ele>875.7</ele></trkpt>
      <trkpt lat="42.413930" lon="-5.203820"><ele>875.6</ele></trkpt>
      <trkpt lat="42.413940" lon="-5.203820"><ele>875.6</ele></trkpt>
      <trkpt lat="42.414050" lon="-5.204080"><ele>875.7</ele></trkpt>
      <trkpt lat="42.414160" lon="-5.204310"><ele>875.7</ele></trkpt>
      <trkpt lat="42.414310" lon="-5.204680"><ele>875.7</ele></trkpt>
      <trkpt lat="42.414450" lon="-5.205070"><ele>875.4</ele></trkpt>
      <trkpt lat="42.414690" lon="-5.205510"><ele>874.6</ele></trkpt>
      <trkpt lat="42.414790" lon="-5.205710"><ele>874.2</ele></trkpt>
      <trkpt lat="42.414940" lon="-5.206060"><ele>873.5</ele></trkpt>
      <trkpt lat="42.415150" lon="-5.206380"><ele>873.5</ele></trkpt>
      <trkpt lat="42.415340" lon="-5.206710"><ele>873.7</ele></trkpt>
      <trkpt lat="42.415480" lon="-5.206970"><ele>873.8</ele></trkpt>
      <trkpt lat="42.415490" lon="-5.206970"><ele>873.8</ele></trkpt>
      <trkpt lat="42.415610" lon="-5.207200"><ele>873.8</ele></trkpt>
      <trkpt lat="42.415770" lon="-5.207560"><ele>873.8</ele></trkpt>
      <trkpt lat="42.415890" lon="-5.207820"><ele>873.8</ele></trkpt>
      <trkpt lat="42.416050" lon="-5.208040"><ele>873.8</ele></trkpt>
      <trkpt lat="42.416200" lon="-5.208330"><ele>873.8</ele></trkpt>
      <trkpt lat="42.416350" lon="-5.208600"><ele>874.0</ele></trkpt>
      <trkpt lat="42.416540" lon="-5.208910"><ele>874.0</ele></trkpt>
      <trkpt lat="42.416720" lon="-5.209250"><ele>873.9</ele></trkpt>
      <trkpt lat="42.416930" lon="-5.209570"><ele>873.7</ele></trkpt>
      <trkpt lat="42.417100" lon="-5.209850"><ele>873.6</ele></trkpt>
      <trkpt lat="42.417130" lon="-5.209860"><ele>873.6</ele></trkpt>
      <trkpt lat="42.417260" lon="-5.210070"><ele>873.7</ele></trkpt>
      <trkpt lat="42.417270" lon="-5.210090"><ele>873.8</ele></trkpt>
      <trkpt lat="42.417460" lon="-5.210440"><ele>874.2</ele></trkpt>
      <trkpt lat="42.417640" lon="-5.210710"><ele>874.7</ele></trkpt>
      <trkpt lat="42.417770" lon="-5.210990"><ele>875.0</ele></trkpt>
      <trkpt lat="42.417780" lon="-5.210990"><ele>875.1</ele></trkpt>
      <trkpt lat="42.417920" lon="-5.211310"><ele>875.6</ele></trkpt>
      <trkpt lat="42.418100" lon="-5.211590"><ele>876.2</ele></trkpt>
      <trkpt lat="42.418290" lon="-5.211960"><ele>876.5</ele></trkpt>
      <trkpt lat="42.418420" lon="-5.212280"><ele>876.4</ele></trkpt>
      <trkpt lat="42.418430" lon="-5.212300"><ele>876.4</ele></trkpt>
      <trkpt lat="42.418620" lon="-5.212640"><ele>876.2</ele></trkpt>
      <trkpt lat="42.418740" lon="-5.212870"><ele>876.1</ele></trkpt>
      <trkpt lat="42.418740" lon="-5.212870"><ele>876.1</ele></trkpt>
      <trkpt lat="42.418860" lon="-5.213120"><ele>876.2</ele></trkpt>
      <trkpt lat="42.418860" lon="-5.213130"><ele>876.2</ele></trkpt>
      <trkpt lat="42.419030" lon="-5.213480"><ele>876.5</ele></trkpt>
      <trkpt lat="42.419190" lon="-5.213830"><ele>876.6</ele></trkpt>
      <trkpt lat="42.419190" lon="-5.213830"><ele>876.6</ele></trkpt>
      <trkpt lat="42.419350" lon="-5.214120"><ele>876.7</ele></trkpt>
      <trkpt lat="42.419470" lon="-5.214340"><ele>876.6</ele></trkpt>
      <trkpt lat="42.419590" lon="-5.214610"><ele>876.6</ele></trkpt>
      <trkpt lat="42.419710" lon="-5.214810"><ele>876.8</ele></trkpt>
      <trkpt lat="42.419870" lon="-5.215140"><ele>877.3</ele></trkpt>
      <trkpt lat="42.419960" lon="-5.215260"><ele>877.7</ele></trkpt>
      <trkpt lat="42.420040" lon="-5.215340"><ele>877.8</ele></trkpt>
      <trkpt lat="42.420080" lon="-5.215340"><ele>877.9</ele></trkpt>
      <trkpt lat="42.420120" lon="-5.215350"><ele>877.9</ele></trkpt>
      <trkpt lat="42.420150" lon="-5.215390"><ele>877.9</ele></trkpt>
      <trkpt lat="42.420180" lon="-5.215430"><ele>877.9</ele></trkpt>
      <trkpt lat="42.420200" lon="-5.215490"><ele>877.9</ele></trkpt>
      <trkpt lat="42.420220" lon="-5.215530"><ele>877.8</ele></trkpt>
      <trkpt lat="42.420240" lon="-5.215580"><ele>877.8</ele></trkpt>
      <trkpt lat="42.420260" lon="-5.215620"><ele>877.8</ele></trkpt>
      <trkpt lat="42.420290" lon="-5.215680"><ele>877.8</ele></trkpt>
      <trkpt lat="42.420310" lon="-5.215730"><ele>877.8</ele></trkpt>
      <trkpt lat="42.420330" lon="-5.215770"><ele>877.8</ele></trkpt>
      <trkpt lat="42.420430" lon="-5.216010"><ele>877.7</ele></trkpt>
      <trkpt lat="42.420440" lon="-5.216010"><ele>877.7</ele></trkpt>
      <trkpt lat="42.420570" lon="-5.216240"><ele>877.7</ele></trkpt>
      <trkpt lat="42.420570" lon="-5.216240"><ele>877.7</ele></trkpt>
      <trkpt lat="42.420710" lon="-5.216520"><ele>878.2</ele></trkpt>
      <trkpt lat="42.420710" lon="-5.216520"><ele>878.2</ele></trkpt>
      <trkpt lat="42.420840" lon="-5.216820"><ele>878.7</ele></trkpt>
      <trkpt lat="42.420870" lon="-5.216850"><ele>878.7</ele></trkpt>
      <trkpt lat="42.420890" lon="-5.216900"><ele>878.8</ele></trkpt>
      <trkpt lat="42.420910" lon="-5.216950"><ele>878.9</ele></trkpt>
      <trkpt lat="42.420930" lon="-5.216990"><ele>878.9</ele></trkpt>
      <trkpt lat="42.420950" lon="-5.217040"><ele>878.9</ele></trkpt>
      <trkpt lat="42.420980" lon="-5.217110"><ele>879.0</ele></trkpt>
      <trkpt lat="42.421000" lon="-5.217160"><ele>879.0</ele></trkpt>
      <trkpt lat="42.421020" lon="-5.217210"><ele>879.0</ele></trkpt>
      <trkpt lat="42.421040" lon="-5.217270"><ele>879.1</ele></trkpt>
      <trkpt lat="42.421070" lon="-5.217310"><ele>879.1</ele></trkpt>
      <trkpt lat="42.421090" lon="-5.217350"><ele>879.1</ele></trkpt>
      <trkpt lat="42.421110" lon="-5.217400"><ele>879.1</ele></trkpt>
      <trkpt lat="42.421140" lon="-5.217450"><ele>879.2</ele></trkpt>
      <trkpt lat="42.421170" lon="-5.217510"><ele>879.3</ele></trkpt>
      <trkpt lat="42.421200" lon="-5.217560"><ele>879.3</ele></trkpt>
      <trkpt lat="42.421220" lon="-5.217610"><ele>879.4</ele></trkpt>
      <trkpt lat="42.421250" lon="-5.217660"><ele>879.5</ele></trkpt>
      <trkpt lat="42.421270" lon="-5.217700"><ele>879.5</ele></trkpt>
      <trkpt lat="42.421300" lon="-5.217760"><ele>879.5</ele></trkpt>
      <trkpt lat="42.421330" lon="-5.217810"><ele>879.6</ele></trkpt>
      <trkpt lat="42.421360" lon="-5.217880"><ele>879.6</ele></trkpt>
      <trkpt lat="42.421380" lon="-5.217920"><ele>879.6</ele></trkpt>
      <trkpt lat="42.421400" lon="-5.217970"><ele>879.6</ele></trkpt>
      <trkpt lat="42.421430" lon="-5.218020"><ele>879.7</ele></trkpt>
      <trkpt lat="42.421450" lon="-5.218060"><ele>879.7</ele></trkpt>
      <trkpt lat="42.421480" lon="-5.218120"><ele>879.7</ele></trkpt>
      <trkpt lat="42.421510" lon="-5.218160"><ele>879.7</ele></trkpt>
      <trkpt lat="42.421540" lon="-5.218210"><ele>879.7</ele></trkpt>
      <trkpt lat="42.421570" lon="-5.218250"><ele>879.8</ele></trkpt>
      <trkpt lat="42.421600" lon="-5.218310"><ele>879.8</ele></trkpt>
      <trkpt lat="42.421630" lon="-5.218360"><ele>879.8</ele></trkpt>
      <trkpt lat="42.421660" lon="-5.218400"><ele>879.8</ele></trkpt>
      <trkpt lat="42.421690" lon="-5.218470"><ele>879.8</ele></trkpt>
      <trkpt lat="42.421720" lon="-5.218500"><ele>879.9</ele></trkpt>
      <trkpt lat="42.421740" lon="-5.218550"><ele>879.9</ele></trkpt>
      <trkpt lat="42.421760" lon="-5.218600"><ele>879.9</ele></trkpt>
      <trkpt lat="42.421790" lon="-5.218640"><ele>879.9</ele></trkpt>
      <trkpt lat="42.421810" lon="-5.218680"><ele>879.8</ele></trkpt>
      <trkpt lat="42.421840" lon="-5.218740"><ele>879.8</ele></trkpt>
      <trkpt lat="42.421870" lon="-5.218800"><ele>879.8</ele></trkpt>
      <trkpt lat="42.421890" lon="-5.218860"><ele>879.8</ele></trkpt>
      <trkpt lat="42.421910" lon="-5.218910"><ele>879.8</ele></trkpt>
      <trkpt lat="42.421930" lon="-5.218970"><ele>879.7</ele></trkpt>
      <trkpt lat="42.421940" lon="-5.219020"><ele>879.7</ele></trkpt>
      <trkpt lat="42.421970" lon="-5.219070"><ele>879.7</ele></trkpt>
      <trkpt lat="42.421990" lon="-5.219130"><ele>879.6</ele></trkpt>
      <trkpt lat="42.422010" lon="-5.219170"><ele>879.6</ele></trkpt>
      <trkpt lat="42.422030" lon="-5.219220"><ele>879.6</ele></trkpt>
      <trkpt lat="42.422060" lon="-5.219280"><ele>879.5</ele></trkpt>
      <trkpt lat="42.422080" lon="-5.219310"><ele>879.5</ele></trkpt>
      <trkpt lat="42.422080" lon="-5.219330"><ele>879.5</ele></trkpt>
      <trkpt lat="42.422140" lon="-5.219440"><ele>879.5</ele></trkpt>
      <trkpt lat="42.422160" lon="-5.219480"><ele>879.5</ele></trkpt>
      <trkpt lat="42.422180" lon="-5.219540"><ele>879.5</ele></trkpt>
      <trkpt lat="42.422200" lon="-5.219580"><ele>879.5</ele></trkpt>
      <trkpt lat="42.422230" lon="-5.219640"><ele>879.5</ele></trkpt>
      <trkpt lat="42.422250" lon="-5.219690"><ele>879.6</ele></trkpt>
      <trkpt lat="42.422260" lon="-5.219740"><ele>879.6</ele></trkpt>
      <trkpt lat="42.422280" lon="-5.219790"><ele>879.6</ele></trkpt>
      <trkpt lat="42.422300" lon="-5.219840"><ele>879.6</ele></trkpt>
      <trkpt lat="42.422320" lon="-5.219900"><ele>879.6</ele></trkpt>
      <trkpt lat="42.422340" lon="-5.219940"><ele>879.7</ele></trkpt>
      <trkpt lat="42.422360" lon="-5.219970"><ele>879.7</ele></trkpt>
      <trkpt lat="42.422370" lon="-5.220030"><ele>879.6</ele></trkpt>
      <trkpt lat="42.422390" lon="-5.220080"><ele>879.6</ele></trkpt>
      <trkpt lat="42.422410" lon="-5.220120"><ele>879.6</ele></trkpt>
      <trkpt lat="42.422420" lon="-5.220150"><ele>879.6</ele></trkpt>
      <trkpt lat="42.422450" lon="-5.220180"><ele>879.6</ele></trkpt>
      <trkpt lat="42.422480" lon="-5.220180"><ele>879.7</ele></trkpt>
      <trkpt lat="42.422500" lon="-5.220170"><ele>879.7</ele></trkpt>
      <trkpt lat="42.422530" lon="-5.220170"><ele>879.7</ele></trkpt>
      <trkpt lat="42.422560" lon="-5.220160"><ele>879.8</ele></trkpt>
      <trkpt lat="42.422590" lon="-5.220160"><ele>879.8</ele></trkpt>
      <trkpt lat="42.422620" lon="-5.220160"><ele>879.8</ele></trkpt>
      <trkpt lat="42.422650" lon="-5.220150"><ele>879.8</ele></trkpt>
      <trkpt lat="42.422680" lon="-5.220140"><ele>879.9</ele></trkpt>
      <trkpt lat="42.422710" lon="-5.220140"><ele>879.9</ele></trkpt>
      <trkpt lat="42.422740" lon="-5.220140"><ele>879.9</ele></trkpt>
      <trkpt lat="42.422770" lon="-5.220140"><ele>879.9</ele></trkpt>
      <trkpt lat="42.422800" lon="-5.220140"><ele>879.9</ele></trkpt>
      <trkpt lat="42.422830" lon="-5.220130"><ele>879.9</ele></trkpt>
      <trkpt lat="42.422860" lon="-5.220120"><ele>879.9</ele></trkpt>
      <trkpt lat="42.422880" lon="-5.220120"><ele>879.9</ele></trkpt>
      <trkpt lat="42.422910" lon="-5.220110"><ele>879.9</ele></trkpt>
      <trkpt lat="42.422940" lon="-5.220100"><ele>879.9</ele></trkpt>
      <trkpt lat="42.422960" lon="-5.220100"><ele>879.9</ele></trkpt>
      <trkpt lat="42.422990" lon="-5.220100"><ele>879.9</ele></trkpt>
      <trkpt lat="42.423020" lon="-5.220090"><ele>879.9</ele></trkpt>
      <trkpt lat="42.423050" lon="-5.220090"><ele>879.9</ele></trkpt>
      <trkpt lat="42.423080" lon="-5.220090"><ele>879.9</ele></trkpt>
      <trkpt lat="42.423120" lon="-5.220090"><ele>879.9</ele></trkpt>
      <trkpt lat="42.423150" lon="-5.220090"><ele>879.9</ele></trkpt>
      <trkpt lat="42.423170" lon="-5.220100"><ele>879.9</ele></trkpt>
      <trkpt lat="42.423200" lon="-5.220100"><ele>879.9</ele></trkpt>
      <trkpt lat="42.423220" lon="-5.220120"><ele>879.9</ele></trkpt>
      <trkpt lat="42.423250" lon="-5.220120"><ele>879.9</ele></trkpt>
      <trkpt lat="42.423270" lon="-5.220130"><ele>879.9</ele></trkpt>
      <trkpt lat="42.423290" lon="-5.220140"><ele>879.8</ele></trkpt>
      <trkpt lat="42.423320" lon="-5.220150"><ele>879.8</ele></trkpt>
      <trkpt lat="42.423330" lon="-5.220110"><ele>879.8</ele></trkpt>
      <trkpt lat="42.423330" lon="-5.220070"><ele>879.8</ele></trkpt>
      <trkpt lat="42.423330" lon="-5.220030"><ele>879.8</ele></trkpt>
      <trkpt lat="42.423330" lon="-5.219980"><ele>879.8</ele></trkpt>
      <trkpt lat="42.423330" lon="-5.219930"><ele>879.8</ele></trkpt>
      <trkpt lat="42.423330" lon="-5.219890"><ele>879.8</ele></trkpt>
      <trkpt lat="42.423330" lon="-5.219850"><ele>879.8</ele></trkpt>
      <trkpt lat="42.423330" lon="-5.219810"><ele>879.8</ele></trkpt>
      <trkpt lat="42.423330" lon="-5.219770"><ele>879.8</ele></trkpt>
      <trkpt lat="42.423330" lon="-5.219730"><ele>879.8</ele></trkpt>
      <trkpt lat="42.423340" lon="-5.219690"><ele>879.8</ele></trkpt>
      <trkpt lat="42.423350" lon="-5.219650"><ele>879.8</ele></trkpt>
      <trkpt lat="42.423360" lon="-5.219620"><ele>879.8</ele></trkpt>
      <trkpt lat="42.423370" lon="-5.219580"><ele>879.8</ele></trkpt>
      <trkpt lat="42.423370" lon="-5.219540"><ele>879.8</ele></trkpt>
      <trkpt lat="42.423370" lon="-5.219510"><ele>879.8</ele></trkpt>
      <trkpt lat="42.423370" lon="-5.219460"><ele>879.8</ele></trkpt>
      <trkpt lat="42.423370" lon="-5.219420"><ele>879.8</ele></trkpt>
      <trkpt lat="42.423370" lon="-5.219370"><ele>879.8</ele></trkpt>
      <trkpt lat="42.423370" lon="-5.219320"><ele>879.7</ele></trkpt>
      <trkpt lat="42.423380" lon="-5.219300"><ele>879.7</ele></trkpt>
      <trkpt lat="42.423390" lon="-5.219260"><ele>879.7</ele></trkpt>
      <trkpt lat="42.423390" lon="-5.219250"><ele>879.7</ele></trkpt>
      <trkpt lat="42.423410" lon="-5.219290"><ele>879.7</ele></trkpt>
      <trkpt lat="42.423410" lon="-5.219320"><ele>879.7</ele></trkpt>
      <trkpt lat="42.423410" lon="-5.219350"><ele>879.7</ele></trkpt>
      <trkpt lat="42.423410" lon="-5.219370"><ele>879.7</ele></trkpt>
      <trkpt lat="42.423400" lon="-5.219390"><ele>879.8</ele></trkpt>
      <trkpt lat="42.423400" lon="-5.219420"><ele>879.8</ele></trkpt>
      <trkpt lat="42.423400" lon="-5.219440"><ele>879.8</ele></trkpt>
      <trkpt lat="42.423400" lon="-5.219460"><ele>879.8</ele></trkpt>
      <trkpt lat="42.423400" lon="-5.219500"><ele>879.8</ele></trkpt>
      <trkpt lat="42.423400" lon="-5.219520"><ele>879.8</ele></trkpt>
      <trkpt lat="42.423400" lon="-5.219540"><ele>879.8</ele></trkpt>
      <trkpt lat="42.423400" lon="-5.219570"><ele>879.8</ele></trkpt>
      <trkpt lat="42.423400" lon="-5.219600"><ele>879.8</ele></trkpt>
      <trkpt lat="42.423400" lon="-5.219620"><ele>879.8</ele></trkpt>
      <trkpt lat="42.423400" lon="-5.219640"><ele>879.8</ele></trkpt>
      <trkpt lat="42.423400" lon="-5.219670"><ele>879.8</ele></trkpt>
      <trkpt lat="42.423400" lon="-5.219690"><ele>879.8</ele></trkpt>
      <trkpt lat="42.423390" lon="-5.219720"><ele>879.8</ele></trkpt>
      <trkpt lat="42.423390" lon="-5.219750"><ele>879.8</ele></trkpt>
      <trkpt lat="42.423390" lon="-5.219770"><ele>879.8</ele></trkpt>
      <trkpt lat="42.423380" lon="-5.219810"><ele>879.8</ele></trkpt>
      <trkpt lat="42.423380" lon="-5.219830"><ele>879.8</ele></trkpt>
      <trkpt lat="42.423370" lon="-5.219850"><ele>879.8</ele></trkpt>
      <trkpt lat="42.423370" lon="-5.219880"><ele>879.8</ele></trkpt>
      <trkpt lat="42.423370" lon="-5.219900"><ele>879.8</ele></trkpt>
      <trkpt lat="42.423360" lon="-5.219940"><ele>879.8</ele></trkpt>
      <trkpt lat="42.423360" lon="-5.219960"><ele>879.8</ele></trkpt>
      <trkpt lat="42.423350" lon="-5.220000"><ele>879.8</ele></trkpt>
      <trkpt lat="42.423350" lon="-5.220030"><ele>879.8</ele></trkpt>
      <trkpt lat="42.423340" lon="-5.220060"><ele>879.8</ele></trkpt>
      <trkpt lat="42.423340" lon="-5.220080"><ele>879.8</ele></trkpt>
      <trkpt lat="42.423340" lon="-5.220100"><ele>879.8</ele></trkpt>
      <trkpt lat="42.423330" lon="-5.220130"><ele>879.8</ele></trkpt>
      <trkpt lat="42.423320" lon="-5.220160"><ele>879.8</ele></trkpt>
      <trkpt lat="42.423320" lon="-5.220180"><ele>879.8</ele></trkpt>
      <trkpt lat="42.423310" lon="-5.220200"><ele>879.8</ele></trkpt>
      <trkpt lat="42.423310" lon="-5.220230"><ele>879.8</ele></trkpt>
      <trkpt lat="42.423310" lon="-5.220260"><ele>879.8</ele></trkpt>
      <trkpt lat="42.423300" lon="-5.220290"><ele>879.8</ele></trkpt>
      <trkpt lat="42.423300" lon="-5.220310"><ele>879.8</ele></trkpt>
      <trkpt lat="42.423300" lon="-5.220340"><ele>879.8</ele></trkpt>
      <trkpt lat="42.423290" lon="-5.220360"><ele>879.8</ele></trkpt>
      <trkpt lat="42.423280" lon="-5.220380"><ele>879.8</ele></trkpt>
      <trkpt lat="42.423280" lon="-5.220410"><ele>879.8</ele></trkpt>
      <trkpt lat="42.423280" lon="-5.220430"><ele>879.8</ele></trkpt>
      <trkpt lat="42.423270" lon="-5.220450"><ele>879.8</ele></trkpt>
      <trkpt lat="42.423270" lon="-5.220470"><ele>879.9</ele></trkpt>
      <trkpt lat="42.423260" lon="-5.220500"><ele>879.9</ele></trkpt>
      <trkpt lat="42.423260" lon="-5.220520"><ele>879.9</ele></trkpt>
      <trkpt lat="42.423250" lon="-5.220550"><ele>879.9</ele></trkpt>
      <trkpt lat="42.423240" lon="-5.220570"><ele>879.9</ele></trkpt>
      <trkpt lat="42.423240" lon="-5.220600"><ele>879.9</ele></trkpt>
      <trkpt lat="42.423230" lon="-5.220620"><ele>879.9</ele></trkpt>
      <trkpt lat="42.423230" lon="-5.220640"><ele>879.9</ele></trkpt>
      <trkpt lat="42.423220" lon="-5.220660"><ele>879.9</ele></trkpt>
      <trkpt lat="42.423210" lon="-5.220690"><ele>879.9</ele></trkpt>
      <trkpt lat="42.423200" lon="-5.220720"><ele>879.9</ele></trkpt>
      <trkpt lat="42.423200" lon="-5.220740"><ele>879.9</ele></trkpt>
      <trkpt lat="42.423190" lon="-5.220770"><ele>879.9</ele></trkpt>
      <trkpt lat="42.423180" lon="-5.220790"><ele>879.9</ele></trkpt>
      <trkpt lat="42.423170" lon="-5.220810"><ele>879.9</ele></trkpt>
      <trkpt lat="42.423160" lon="-5.220830"><ele>879.9</ele></trkpt>
      <trkpt lat="42.423140" lon="-5.220850"><ele>879.9</ele></trkpt>
      <trkpt lat="42.423130" lon="-5.220870"><ele>879.9</ele></trkpt>
      <trkpt lat="42.423120" lon="-5.220890"><ele>879.9</ele></trkpt>
      <trkpt lat="42.423110" lon="-5.220900"><ele>879.9</ele></trkpt>
      <trkpt lat="42.423100" lon="-5.220930"><ele>879.9</ele></trkpt>
      <trkpt lat="42.423080" lon="-5.220950"><ele>879.9</ele></trkpt>
      <trkpt lat="42.423070" lon="-5.220970"><ele>879.9</ele></trkpt>
      <trkpt lat="42.423060" lon="-5.220980"><ele>879.9</ele></trkpt>
      <trkpt lat="42.423050" lon="-5.221000"><ele>879.9</ele></trkpt>
      <trkpt lat="42.423030" lon="-5.221020"><ele>879.9</ele></trkpt>
      <trkpt lat="42.423020" lon="-5.221040"><ele>879.8</ele></trkpt>
      <trkpt lat="42.423010" lon="-5.221060"><ele>879.8</ele></trkpt>
      <trkpt lat="42.422990" lon="-5.221080"><ele>879.8</ele></trkpt>
      <trkpt lat="42.422980" lon="-5.221110"><ele>879.8</ele></trkpt>
      <trkpt lat="42.422970" lon="-5.221130"><ele>879.8</ele></trkpt>
      <trkpt lat="42.422970" lon="-5.221150"><ele>879.8</ele></trkpt>
      <trkpt lat="42.422970" lon="-5.221180"><ele>879.8</ele></trkpt>
      <trkpt lat="42.422970" lon="-5.221200"><ele>879.7</ele></trkpt>
      <trkpt lat="42.422970" lon="-5.221220"><ele>879.7</ele></trkpt>
      <trkpt lat="42.422970" lon="-5.221250"><ele>879.7</ele></trkpt>
      <trkpt lat="42.422980" lon="-5.221280"><ele>879.7</ele></trkpt>
      <trkpt lat="42.422980" lon="-5.221310"><ele>879.7</ele></trkpt>
      <trkpt lat="42.422990" lon="-5.221330"><ele>879.7</ele></trkpt>
      <trkpt lat="42.423000" lon="-5.221350"><ele>879.6</ele></trkpt>
      <trkpt lat="42.423000" lon="-5.221380"><ele>879.6</ele></trkpt>
      <trkpt lat="42.423010" lon="-5.221400"><ele>879.6</ele></trkpt>
      <trkpt lat="42.423010" lon="-5.221430"><ele>879.6</ele></trkpt>
      <trkpt lat="42.423020" lon="-5.221470"><ele>879.6</ele></trkpt>
      <trkpt lat="42.423030" lon="-5.221500"><ele>879.5</ele></trkpt>
      <trkpt lat="42.423040" lon="-5.221540"><ele>879.5</ele></trkpt>
      <trkpt lat="42.423040" lon="-5.221560"><ele>879.5</ele></trkpt>
      <trkpt lat="42.423050" lon="-5.221580"><ele>879.5</ele></trkpt>
      <trkpt lat="42.423060" lon="-5.221620"><ele>879.5</ele></trkpt>
      <trkpt lat="42.423060" lon="-5.221660"><ele>879.4</ele></trkpt>
      <trkpt lat="42.423070" lon="-5.221690"><ele>879.4</ele></trkpt>
      <trkpt lat="42.423080" lon="-5.221710"><ele>879.4</ele></trkpt>
      <trkpt lat="42.423080" lon="-5.221730"><ele>879.4</ele></trkpt>
      <trkpt lat="42.423090" lon="-5.221750"><ele>879.4</ele></trkpt>
      <trkpt lat="42.423100" lon="-5.221770"><ele>879.4</ele></trkpt>
      <trkpt lat="42.423110" lon="-5.221800"><ele>879.3</ele></trkpt>
      <trkpt lat="42.423120" lon="-5.221820"><ele>879.3</ele></trkpt>
      <trkpt lat="42.423130" lon="-5.221840"><ele>879.3</ele></trkpt>
      <trkpt lat="42.423150" lon="-5.221870"><ele>879.3</ele></trkpt>
      <trkpt lat="42.423150" lon="-5.221900"><ele>879.2</ele></trkpt>
      <trkpt lat="42.423170" lon="-5.221940"><ele>879.2</ele></trkpt>
      <trkpt lat="42.423180" lon="-5.221960"><ele>879.1</ele></trkpt>
      <trkpt lat="42.423190" lon="-5.221990"><ele>879.1</ele></trkpt>
      <trkpt lat="42.423200" lon="-5.222020"><ele>879.1</ele></trkpt>
      <trkpt lat="42.423210" lon="-5.222040"><ele>879.0</ele></trkpt>
      <trkpt lat="42.423220" lon="-5.222060"><ele>879.0</ele></trkpt>
      <trkpt lat="42.423230" lon="-5.222080"><ele>879.0</ele></trkpt>
      <trkpt lat="42.423240" lon="-5.222100"><ele>878.9</ele></trkpt>
      <trkpt lat="42.423240" lon="-5.222110"><ele>878.9</ele></trkpt>
      <trkpt lat="42.423300" lon="-5.222200"><ele>878.7</ele></trkpt>
      <trkpt lat="42.423380" lon="-5.222350"><ele>878.5</ele></trkpt>
      <trkpt lat="42.423380" lon="-5.222350"><ele>878.5</ele></trkpt>
      <trkpt lat="42.423420" lon="-5.222420"><ele>878.4</ele></trkpt>
      <trkpt lat="42.423510" lon="-5.222620"><ele>878.2</ele></trkpt>
      <trkpt lat="42.423610" lon="-5.222780"><ele>878.1</ele></trkpt>
      <trkpt lat="42.423710" lon="-5.222970"><ele>878.1</ele></trkpt>
      <trkpt lat="42.423810" lon="-5.223240"><ele>878.1</ele></trkpt>
      <trkpt lat="42.423900" lon="-5.223430"><ele>878.1</ele></trkpt>
      <trkpt lat="42.424000" lon="-5.223670"><ele>878.1</ele></trkpt>
      <trkpt lat="42.424110" lon="-5.223900"><ele>878.2</ele></trkpt>
      <trkpt lat="42.424230" lon="-5.224150"><ele>878.5</ele></trkpt>
      <trkpt lat="42.424330" lon="-5.224320"><ele>878.6</ele></trkpt>
      <trkpt lat="42.424330" lon="-5.224320"><ele>878.6</ele></trkpt>
      <trkpt lat="42.424420" lon="-5.224470"><ele>878.7</ele></trkpt>
      <trkpt lat="42.424420" lon="-5.224470"><ele>878.7</ele></trkpt>
      <trkpt lat="42.424520" lon="-5.224650"><ele>878.7</ele></trkpt>
      <trkpt lat="42.424610" lon="-5.224800"><ele>878.6</ele></trkpt>
      <trkpt lat="42.424710" lon="-5.224990"><ele>878.4</ele></trkpt>
      <trkpt lat="42.424800" lon="-5.225170"><ele>878.3</ele></trkpt>
      <trkpt lat="42.424880" lon="-5.225340"><ele>878.2</ele></trkpt>
      <trkpt lat="42.424970" lon="-5.225490"><ele>878.1</ele></trkpt>
      <trkpt lat="42.425080" lon="-5.225680"><ele>878.3</ele></trkpt>
      <trkpt lat="42.425170" lon="-5.225810"><ele>878.4</ele></trkpt>
      <trkpt lat="42.425280" lon="-5.225990"><ele>878.5</ele></trkpt>
      <trkpt lat="42.425420" lon="-5.226190"><ele>878.5</ele></trkpt>
      <trkpt lat="42.425530" lon="-5.226370"><ele>878.6</ele></trkpt>
      <trkpt lat="42.425610" lon="-5.226500"><ele>878.8</ele></trkpt>
      <trkpt lat="42.425720" lon="-5.226650"><ele>878.9</ele></trkpt>
      <trkpt lat="42.425850" lon="-5.226850"><ele>879.1</ele></trkpt>
      <trkpt lat="42.425980" lon="-5.227000"><ele>879.0</ele></trkpt>
      <trkpt lat="42.426110" lon="-5.227180"><ele>879.0</ele></trkpt>
      <trkpt lat="42.426220" lon="-5.227340"><ele>879.0</ele></trkpt>
      <trkpt lat="42.426310" lon="-5.227460"><ele>879.0</ele></trkpt>
      <trkpt lat="42.426460" lon="-5.227700"><ele>878.9</ele></trkpt>
      <trkpt lat="42.426600" lon="-5.227900"><ele>878.6</ele></trkpt>
      <trkpt lat="42.426690" lon="-5.228080"><ele>878.4</ele></trkpt>
      <trkpt lat="42.426830" lon="-5.228440"><ele>877.9</ele></trkpt>
      <trkpt lat="42.426980" lon="-5.228710"><ele>877.7</ele></trkpt>
      <trkpt lat="42.427120" lon="-5.229010"><ele>877.7</ele></trkpt>
      <trkpt lat="42.427250" lon="-5.229290"><ele>877.7</ele></trkpt>
      <trkpt lat="42.427400" lon="-5.229570"><ele>877.9</ele></trkpt>
      <trkpt lat="42.427570" lon="-5.229910"><ele>878.0</ele></trkpt>
      <trkpt lat="42.427700" lon="-5.230220"><ele>878.0</ele></trkpt>
      <trkpt lat="42.427830" lon="-5.230470"><ele>878.1</ele></trkpt>
      <trkpt lat="42.428010" lon="-5.230810"><ele>878.1</ele></trkpt>
      <trkpt lat="42.428130" lon="-5.231080"><ele>878.1</ele></trkpt>
      <trkpt lat="42.428270" lon="-5.231370"><ele>878.1</ele></trkpt>
      <trkpt lat="42.428400" lon="-5.231690"><ele>878.3</ele></trkpt>
      <trkpt lat="42.428550" lon="-5.231930"><ele>878.6</ele></trkpt>
      <trkpt lat="42.428670" lon="-5.232210"><ele>878.7</ele></trkpt>
      <trkpt lat="42.428780" lon="-5.232410"><ele>878.8</ele></trkpt>
      <trkpt lat="42.428890" lon="-5.232730"><ele>878.7</ele></trkpt>
      <trkpt lat="42.429040" lon="-5.232950"><ele>878.8</ele></trkpt>
      <trkpt lat="42.429140" lon="-5.233160"><ele>878.9</ele></trkpt>
      <trkpt lat="42.429240" lon="-5.233400"><ele>879.0</ele></trkpt>
      <trkpt lat="42.429420" lon="-5.233750"><ele>878.9</ele></trkpt>
      <trkpt lat="42.429540" lon="-5.234040"><ele>879.0</ele></trkpt>
      <trkpt lat="42.429710" lon="-5.234350"><ele>879.0</ele></trkpt>
      <trkpt lat="42.429850" lon="-5.234660"><ele>878.7</ele></trkpt>
      <trkpt lat="42.429970" lon="-5.234900"><ele>878.4</ele></trkpt>
      <trkpt lat="42.430100" lon="-5.235180"><ele>878.2</ele></trkpt>
      <trkpt lat="42.430260" lon="-5.235560"><ele>878.3</ele></trkpt>
      <trkpt lat="42.430400" lon="-5.235850"><ele>878.6</ele></trkpt>
      <trkpt lat="42.430420" lon="-5.235870"><ele>878.6</ele></trkpt>
      <trkpt lat="42.430560" lon="-5.236200"><ele>879.0</ele></trkpt>
      <trkpt lat="42.430590" lon="-5.236230"><ele>878.9</ele></trkpt>
      <trkpt lat="42.430760" lon="-5.236580"><ele>878.5</ele></trkpt>
      <trkpt lat="42.430780" lon="-5.236650"><ele>878.4</ele></trkpt>
      <trkpt lat="42.430810" lon="-5.236690"><ele>878.3</ele></trkpt>
      <trkpt lat="42.430820" lon="-5.236740"><ele>878.3</ele></trkpt>
      <trkpt lat="42.430850" lon="-5.236780"><ele>878.3</ele></trkpt>
      <trkpt lat="42.430880" lon="-5.236820"><ele>878.2</ele></trkpt>
      <trkpt lat="42.430900" lon="-5.236860"><ele>878.2</ele></trkpt>
      <trkpt lat="42.430920" lon="-5.236920"><ele>878.2</ele></trkpt>
      <trkpt lat="42.430940" lon="-5.236970"><ele>878.1</ele></trkpt>
      <trkpt lat="42.430960" lon="-5.237010"><ele>878.1</ele></trkpt>
      <trkpt lat="42.430980" lon="-5.237050"><ele>878.1</ele></trkpt>
      <trkpt lat="42.430990" lon="-5.237100"><ele>878.0</ele></trkpt>
      <trkpt lat="42.431000" lon="-5.237150"><ele>878.0</ele></trkpt>
      <trkpt lat="42.431010" lon="-5.237200"><ele>878.0</ele></trkpt>
      <trkpt lat="42.431030" lon="-5.237250"><ele>878.0</ele></trkpt>
      <trkpt lat="42.431060" lon="-5.237290"><ele>877.9</ele></trkpt>
      <trkpt lat="42.431080" lon="-5.237350"><ele>877.9</ele></trkpt>
      <trkpt lat="42.431100" lon="-5.237400"><ele>877.9</ele></trkpt>
      <trkpt lat="42.431120" lon="-5.237470"><ele>877.9</ele></trkpt>
      <trkpt lat="42.431120" lon="-5.237480"><ele>877.9</ele></trkpt>
      <trkpt lat="42.431180" lon="-5.237670"><ele>878.1</ele></trkpt>
      <trkpt lat="42.431200" lon="-5.237700"><ele>878.1</ele></trkpt>
      <trkpt lat="42.431280" lon="-5.237990"><ele>878.5</ele></trkpt>
      <trkpt lat="42.431400" lon="-5.238310"><ele>879.0</ele></trkpt>
      <trkpt lat="42.431490" lon="-5.238600"><ele>879.2</ele></trkpt>
      <trkpt lat="42.431490" lon="-5.238610"><ele>879.1</ele></trkpt>
      <trkpt lat="42.431580" lon="-5.238870"><ele>878.9</ele></trkpt>
      <trkpt lat="42.431690" lon="-5.239200"><ele>878.1</ele></trkpt>
      <trkpt lat="42.431860" lon="-5.239650"><ele>877.0</ele></trkpt>
      <trkpt lat="42.431970" lon="-5.239970"><ele>876.2</ele></trkpt>
      <trkpt lat="42.432090" lon="-5.240310"><ele>875.6</ele></trkpt>
      <trkpt lat="42.432220" lon="-5.240680"><ele>875.2</ele></trkpt>
      <trkpt lat="42.432340" lon="-5.241060"><ele>874.8</ele></trkpt>
      <trkpt lat="42.432430" lon="-5.241310"><ele>874.6</ele></trkpt>
      <trkpt lat="42.432550" lon="-5.241730"><ele>874.3</ele></trkpt>
      <trkpt lat="42.432630" lon="-5.241960"><ele>874.2</ele></trkpt>
      <trkpt lat="42.432740" lon="-5.242310"><ele>873.6</ele></trkpt>
      <trkpt lat="42.432840" lon="-5.242630"><ele>872.8</ele></trkpt>
      <trkpt lat="42.432950" lon="-5.242940"><ele>872.2</ele></trkpt>
      <trkpt lat="42.433100" lon="-5.243340"><ele>871.0</ele></trkpt>
      <trkpt lat="42.433210" lon="-5.243720"><ele>869.8</ele></trkpt>
      <trkpt lat="42.433340" lon="-5.244110"><ele>868.8</ele></trkpt>
      <trkpt lat="42.433450" lon="-5.244460"><ele>868.1</ele></trkpt>
      <trkpt lat="42.433530" lon="-5.244680"><ele>868.1</ele></trkpt>
      <trkpt lat="42.433550" lon="-5.244710"><ele>868.1</ele></trkpt>
      <trkpt lat="42.433560" lon="-5.244770"><ele>868.2</ele></trkpt>
      <trkpt lat="42.433570" lon="-5.244820"><ele>868.2</ele></trkpt>
      <trkpt lat="42.433590" lon="-5.244890"><ele>868.3</ele></trkpt>
      <trkpt lat="42.433610" lon="-5.244930"><ele>868.3</ele></trkpt>
      <trkpt lat="42.433620" lon="-5.244980"><ele>868.4</ele></trkpt>
      <trkpt lat="42.433640" lon="-5.245030"><ele>868.5</ele></trkpt>
      <trkpt lat="42.433670" lon="-5.245080"><ele>868.6</ele></trkpt>
      <trkpt lat="42.433690" lon="-5.245120"><ele>868.7</ele></trkpt>
      <trkpt lat="42.433720" lon="-5.245160"><ele>868.8</ele></trkpt>
      <trkpt lat="42.433730" lon="-5.245200"><ele>868.9</ele></trkpt>
      <trkpt lat="42.433760" lon="-5.245240"><ele>869.0</ele></trkpt>
      <trkpt lat="42.433790" lon="-5.245280"><ele>869.1</ele></trkpt>
      <trkpt lat="42.433800" lon="-5.245290"><ele>869.2</ele></trkpt>
      <trkpt lat="42.433910" lon="-5.245480"><ele>869.9</ele></trkpt>
      <trkpt lat="42.434040" lon="-5.245710"><ele>871.0</ele></trkpt>
      <trkpt lat="42.434220" lon="-5.246000"><ele>872.4</ele></trkpt>
      <trkpt lat="42.434230" lon="-5.246000"><ele>872.4</ele></trkpt>
      <trkpt lat="42.434380" lon="-5.246290"><ele>873.4</ele></trkpt>
      <trkpt lat="42.434540" lon="-5.246550"><ele>873.9</ele></trkpt>
      <trkpt lat="42.434710" lon="-5.246830"><ele>874.4</ele></trkpt>
      <trkpt lat="42.434910" lon="-5.247120"><ele>874.7</ele></trkpt>
      <trkpt lat="42.435060" lon="-5.247400"><ele>874.8</ele></trkpt>
      <trkpt lat="42.435210" lon="-5.247670"><ele>874.8</ele></trkpt>
      <trkpt lat="42.435390" lon="-5.247980"><ele>874.5</ele></trkpt>
      <trkpt lat="42.435540" lon="-5.248220"><ele>874.2</ele></trkpt>
      <trkpt lat="42.435740" lon="-5.248550"><ele>873.9</ele></trkpt>
      <trkpt lat="42.435880" lon="-5.248790"><ele>873.8</ele></trkpt>
      <trkpt lat="42.436080" lon="-5.249150"><ele>873.8</ele></trkpt>
      <trkpt lat="42.436320" lon="-5.249570"><ele>873.9</ele></trkpt>
      <trkpt lat="42.436610" lon="-5.250070"><ele>874.7</ele></trkpt>
      <trkpt lat="42.436830" lon="-5.250440"><ele>874.8</ele></trkpt>
      <trkpt lat="42.437010" lon="-5.250740"><ele>874.7</ele></trkpt>
      <trkpt lat="42.437170" lon="-5.251000"><ele>874.8</ele></trkpt>
      <trkpt lat="42.437330" lon="-5.251300"><ele>875.2</ele></trkpt>
      <trkpt lat="42.437520" lon="-5.251640"><ele>875.6</ele></trkpt>
      <trkpt lat="42.437700" lon="-5.251960"><ele>876.0</ele></trkpt>
      <trkpt lat="42.437890" lon="-5.252240"><ele>876.0</ele></trkpt>
      <trkpt lat="42.438120" lon="-5.252630"><ele>876.0</ele></trkpt>
      <trkpt lat="42.438260" lon="-5.252850"><ele>876.0</ele></trkpt>
      <trkpt lat="42.438510" lon="-5.253290"><ele>876.0</ele></trkpt>
      <trkpt lat="42.438740" lon="-5.253680"><ele>876.0</ele></trkpt>
      <trkpt lat="42.438930" lon="-5.254010"><ele>876.0</ele></trkpt>
      <trkpt lat="42.439090" lon="-5.254310"><ele>876.1</ele></trkpt>
      <trkpt lat="42.439310" lon="-5.254660"><ele>876.2</ele></trkpt>
      <trkpt lat="42.439330" lon="-5.254690"><ele>876.2</ele></trkpt>
      <trkpt lat="42.439530" lon="-5.255000"><ele>876.4</ele></trkpt>
      <trkpt lat="42.439790" lon="-5.255410"><ele>876.7</ele></trkpt>
      <trkpt lat="42.439940" lon="-5.255570"><ele>876.9</ele></trkpt>
      <trkpt lat="42.440140" lon="-5.255910"><ele>876.7</ele></trkpt>
      <trkpt lat="42.440410" lon="-5.256330"><ele>876.7</ele></trkpt>
      <trkpt lat="42.440720" lon="-5.256810"><ele>876.8</ele></trkpt>
      <trkpt lat="42.440950" lon="-5.257140"><ele>876.9</ele></trkpt>
      <trkpt lat="42.441190" lon="-5.257490"><ele>876.9</ele></trkpt>
      <trkpt lat="42.441490" lon="-5.257910"><ele>876.9</ele></trkpt>
      <trkpt lat="42.441780" lon="-5.258340"><ele>876.4</ele></trkpt>
      <trkpt lat="42.442000" lon="-5.258630"><ele>876.5</ele></trkpt>
      <trkpt lat="42.442290" lon="-5.259050"><ele>876.8</ele></trkpt>
      <trkpt lat="42.442670" lon="-5.259600"><ele>876.7</ele></trkpt>
      <trkpt lat="42.443060" lon="-5.260160"><ele>876.0</ele></trkpt>
      <trkpt lat="42.443370" lon="-5.260600"><ele>875.4</ele></trkpt>
      <trkpt lat="42.443530" lon="-5.260840"><ele>874.9</ele></trkpt>
      <trkpt lat="42.443830" lon="-5.261260"><ele>874.2</ele></trkpt>
      <trkpt lat="42.444070" lon="-5.261620"><ele>873.8</ele></trkpt>
      <trkpt lat="42.444300" lon="-5.261930"><ele>872.8</ele></trkpt>
      <trkpt lat="42.444300" lon="-5.261930"><ele>872.8</ele></trkpt>
      <trkpt lat="42.444550" lon="-5.262300"><ele>871.6</ele></trkpt>
      <trkpt lat="42.444590" lon="-5.262370"><ele>871.4</ele></trkpt>
      <trkpt lat="42.444780" lon="-5.262630"><ele>870.1</ele></trkpt>
      <trkpt lat="42.444990" lon="-5.262970"><ele>868.4</ele></trkpt>
      <trkpt lat="42.445150" lon="-5.263220"><ele>867.2</ele></trkpt>
      <trkpt lat="42.445260" lon="-5.263410"><ele>866.2</ele></trkpt>
      <trkpt lat="42.445380" lon="-5.263570"><ele>865.6</ele></trkpt>
      <trkpt lat="42.445510" lon="-5.263800"><ele>864.8</ele></trkpt>
      <trkpt lat="42.445660" lon="-5.264070"><ele>864.1</ele></trkpt>
      <trkpt lat="42.445820" lon="-5.264360"><ele>863.6</ele></trkpt>
      <trkpt lat="42.445990" lon="-5.264590"><ele>864.0</ele></trkpt>
      <trkpt lat="42.446130" lon="-5.264880"><ele>864.9</ele></trkpt>
      <trkpt lat="42.446300" lon="-5.265200"><ele>866.1</ele></trkpt>
      <trkpt lat="42.446320" lon="-5.265210"><ele>866.2</ele></trkpt>
      <trkpt lat="42.446480" lon="-5.265470"><ele>867.1</ele></trkpt>
      <trkpt lat="42.446660" lon="-5.265760"><ele>867.8</ele></trkpt>
      <trkpt lat="42.446810" lon="-5.266000"><ele>868.3</ele></trkpt>
      <trkpt lat="42.447000" lon="-5.266380"><ele>868.7</ele></trkpt>
      <trkpt lat="42.447150" lon="-5.266620"><ele>868.8</ele></trkpt>
      <trkpt lat="42.447330" lon="-5.266940"><ele>868.8</ele></trkpt>
      <trkpt lat="42.447560" lon="-5.267330"><ele>868.8</ele></trkpt>
      <trkpt lat="42.447710" lon="-5.267570"><ele>868.9</ele></trkpt>
      <trkpt lat="42.447820" lon="-5.267760"><ele>868.9</ele></trkpt>
      <trkpt lat="42.447840" lon="-5.267800"><ele>868.9</ele></trkpt>
      <trkpt lat="42.447860" lon="-5.267850"><ele>868.9</ele></trkpt>
      <trkpt lat="42.447880" lon="-5.267900"><ele>868.8</ele></trkpt>
      <trkpt lat="42.447900" lon="-5.267940"><ele>868.8</ele></trkpt>
      <trkpt lat="42.447930" lon="-5.267980"><ele>868.8</ele></trkpt>
      <trkpt lat="42.447960" lon="-5.268040"><ele>868.8</ele></trkpt>
      <trkpt lat="42.447990" lon="-5.268080"><ele>868.8</ele></trkpt>
      <trkpt lat="42.448020" lon="-5.268140"><ele>868.8</ele></trkpt>
      <trkpt lat="42.448090" lon="-5.268320"><ele>868.8</ele></trkpt>
      <trkpt lat="42.448180" lon="-5.268530"><ele>868.9</ele></trkpt>
      <trkpt lat="42.448300" lon="-5.268830"><ele>869.1</ele></trkpt>
      <trkpt lat="42.448430" lon="-5.269140"><ele>869.1</ele></trkpt>
      <trkpt lat="42.448560" lon="-5.269430"><ele>869.0</ele></trkpt>
      <trkpt lat="42.448690" lon="-5.269770"><ele>868.2</ele></trkpt>
      <trkpt lat="42.448810" lon="-5.270110"><ele>867.5</ele></trkpt>
      <trkpt lat="42.449030" lon="-5.270580"><ele>866.8</ele></trkpt>
      <trkpt lat="42.449170" lon="-5.270980"><ele>867.0</ele></trkpt>
      <trkpt lat="42.449300" lon="-5.271260"><ele>867.2</ele></trkpt>
      <trkpt lat="42.449460" lon="-5.271660"><ele>867.3</ele></trkpt>
      <trkpt lat="42.449600" lon="-5.272030"><ele>867.4</ele></trkpt>
      <trkpt lat="42.449750" lon="-5.272410"><ele>867.6</ele></trkpt>
      <trkpt lat="42.449920" lon="-5.272770"><ele>867.8</ele></trkpt>
      <trkpt lat="42.450050" lon="-5.273130"><ele>868.0</ele></trkpt>
      <trkpt lat="42.450190" lon="-5.273540"><ele>868.2</ele></trkpt>
      <trkpt lat="42.450360" lon="-5.273940"><ele>868.4</ele></trkpt>
      <trkpt lat="42.450530" lon="-5.274350"><ele>868.5</ele></trkpt>
      <trkpt lat="42.450700" lon="-5.274710"><ele>868.4</ele></trkpt>
      <trkpt lat="42.450850" lon="-5.275130"><ele>867.8</ele></trkpt>
      <trkpt lat="42.450980" lon="-5.275480"><ele>867.2</ele></trkpt>
      <trkpt lat="42.451180" lon="-5.276050"><ele>867.0</ele></trkpt>
      <trkpt lat="42.451390" lon="-5.276520"><ele>867.3</ele></trkpt>
      <trkpt lat="42.451570" lon="-5.276930"><ele>867.3</ele></trkpt>
      <trkpt lat="42.451720" lon="-5.277340"><ele>867.2</ele></trkpt>
      <trkpt lat="42.451890" lon="-5.277780"><ele>866.9</ele></trkpt>
      <trkpt lat="42.452090" lon="-5.278240"><ele>866.1</ele></trkpt>
      <trkpt lat="42.452290" lon="-5.278740"><ele>865.6</ele></trkpt>
      <trkpt lat="42.452450" lon="-5.279150"><ele>865.4</ele></trkpt>
      <trkpt lat="42.452640" lon="-5.279560"><ele>864.7</ele></trkpt>
      <trkpt lat="42.452870" lon="-5.280120"><ele>862.9</ele></trkpt>
      <trkpt lat="42.453030" lon="-5.280510"><ele>861.7</ele></trkpt>
      <trkpt lat="42.453300" lon="-5.281190"><ele>861.0</ele></trkpt>
      <trkpt lat="42.453540" lon="-5.281720"><ele>860.8</ele></trkpt>
      <trkpt lat="42.453540" lon="-5.281720"><ele>860.8</ele></trkpt>
      <trkpt lat="42.453770" lon="-5.282330"><ele>860.9</ele></trkpt>
      <trkpt lat="42.454060" lon="-5.283030"><ele>861.7</ele></trkpt>
      <trkpt lat="42.454330" lon="-5.283650"><ele>862.7</ele></trkpt>
      <trkpt lat="42.454340" lon="-5.283650"><ele>862.7</ele></trkpt>
      <trkpt lat="42.454540" lon="-5.284120"><ele>862.7</ele></trkpt>
      <trkpt lat="42.454760" lon="-5.284590"><ele>862.1</ele></trkpt>
      <trkpt lat="42.454960" lon="-5.285160"><ele>861.4</ele></trkpt>
      <trkpt lat="42.454970" lon="-5.285160"><ele>861.4</ele></trkpt>
      <trkpt lat="42.455200" lon="-5.285710"><ele>861.7</ele></trkpt>
      <trkpt lat="42.455330" lon="-5.286080"><ele>861.9</ele></trkpt>
      <trkpt lat="42.455480" lon="-5.286390"><ele>862.0</ele></trkpt>
      <trkpt lat="42.455610" lon="-5.286630"><ele>862.3</ele></trkpt>
      <trkpt lat="42.455700" lon="-5.286850"><ele>862.5</ele></trkpt>
      <trkpt lat="42.455910" lon="-5.287360"><ele>863.2</ele></trkpt>
      <trkpt lat="42.456090" lon="-5.287860"><ele>863.5</ele></trkpt>
      <trkpt lat="42.456100" lon="-5.287860"><ele>863.5</ele></trkpt>
      <trkpt lat="42.456300" lon="-5.288320"><ele>863.5</ele></trkpt>
      <trkpt lat="42.456450" lon="-5.288700"><ele>863.7</ele></trkpt>
      <trkpt lat="42.456450" lon="-5.288710"><ele>863.7</ele></trkpt>
      <trkpt lat="42.456570" lon="-5.289020"><ele>863.8</ele></trkpt>
      <trkpt lat="42.456600" lon="-5.289090"><ele>863.8</ele></trkpt>
      <trkpt lat="42.456730" lon="-5.289330"><ele>863.9</ele></trkpt>
      <trkpt lat="42.456870" lon="-5.289660"><ele>863.9</ele></trkpt>
      <trkpt lat="42.456870" lon="-5.289670"><ele>863.9</ele></trkpt>
      <trkpt lat="42.457010" lon="-5.290000"><ele>863.7</ele></trkpt>
      <trkpt lat="42.457160" lon="-5.290330"><ele>863.4</ele></trkpt>
      <trkpt lat="42.457280" lon="-5.290670"><ele>863.4</ele></trkpt>
      <trkpt lat="42.457430" lon="-5.291010"><ele>863.8</ele></trkpt>
      <trkpt lat="42.457640" lon="-5.291480"><ele>864.2</ele></trkpt>
      <trkpt lat="42.457770" lon="-5.291790"><ele>864.3</ele></trkpt>
      <trkpt lat="42.457910" lon="-5.292160"><ele>864.4</ele></trkpt>
      <trkpt lat="42.458010" lon="-5.292400"><ele>864.1</ele></trkpt>
      <trkpt lat="42.458140" lon="-5.292710"><ele>863.7</ele></trkpt>
      <trkpt lat="42.458270" lon="-5.293020"><ele>863.2</ele></trkpt>
      <trkpt lat="42.458350" lon="-5.293270"><ele>862.8</ele></trkpt>
      <trkpt lat="42.458480" lon="-5.293560"><ele>862.2</ele></trkpt>
      <trkpt lat="42.458490" lon="-5.293620"><ele>862.1</ele></trkpt>
      <trkpt lat="42.458510" lon="-5.293690"><ele>862.0</ele></trkpt>
      <trkpt lat="42.458530" lon="-5.293730"><ele>861.9</ele></trkpt>
      <trkpt lat="42.458560" lon="-5.293760"><ele>861.8</ele></trkpt>
      <trkpt lat="42.458570" lon="-5.293820"><ele>861.7</ele></trkpt>
      <trkpt lat="42.458590" lon="-5.293870"><ele>861.6</ele></trkpt>
      <trkpt lat="42.458610" lon="-5.293920"><ele>861.5</ele></trkpt>
      <trkpt lat="42.458630" lon="-5.293970"><ele>861.4</ele></trkpt>
      <trkpt lat="42.458650" lon="-5.294030"><ele>861.3</ele></trkpt>
      <trkpt lat="42.458660" lon="-5.294090"><ele>861.2</ele></trkpt>
      <trkpt lat="42.458680" lon="-5.294140"><ele>861.1</ele></trkpt>
      <trkpt lat="42.458710" lon="-5.294210"><ele>861.1</ele></trkpt>
      <trkpt lat="42.458710" lon="-5.294220"><ele>861.0</ele></trkpt>
      <trkpt lat="42.458780" lon="-5.294430"><ele>860.7</ele></trkpt>
      <trkpt lat="42.458860" lon="-5.294750"><ele>860.2</ele></trkpt>
      <trkpt lat="42.458940" lon="-5.295060"><ele>859.6</ele></trkpt>
      <trkpt lat="42.459080" lon="-5.295540"><ele>859.0</ele></trkpt>
      <trkpt lat="42.459190" lon="-5.295900"><ele>859.3</ele></trkpt>
      <trkpt lat="42.459330" lon="-5.296480"><ele>859.8</ele></trkpt>
      <trkpt lat="42.459490" lon="-5.297010"><ele>860.9</ele></trkpt>
      <trkpt lat="42.459650" lon="-5.297650"><ele>862.3</ele></trkpt>
      <trkpt lat="42.459850" lon="-5.298330"><ele>862.6</ele></trkpt>
      <trkpt lat="42.460010" lon="-5.298880"><ele>863.0</ele></trkpt>
      <trkpt lat="42.460160" lon="-5.299380"><ele>863.4</ele></trkpt>
      <trkpt lat="42.460290" lon="-5.299810"><ele>863.3</ele></trkpt>
      <trkpt lat="42.460470" lon="-5.300360"><ele>863.2</ele></trkpt>
      <trkpt lat="42.460680" lon="-5.300990"><ele>863.8</ele></trkpt>
      <trkpt lat="42.460900" lon="-5.301660"><ele>863.3</ele></trkpt>
      <trkpt lat="42.461030" lon="-5.302040"><ele>862.8</ele></trkpt>
      <trkpt lat="42.461130" lon="-5.302350"><ele>862.5</ele></trkpt>
      <trkpt lat="42.461240" lon="-5.302730"><ele>862.0</ele></trkpt>
      <trkpt lat="42.461400" lon="-5.303220"><ele>861.5</ele></trkpt>
      <trkpt lat="42.461540" lon="-5.303630"><ele>861.2</ele></trkpt>
      <trkpt lat="42.461630" lon="-5.303960"><ele>860.7</ele></trkpt>
      <trkpt lat="42.461740" lon="-5.304290"><ele>860.4</ele></trkpt>
      <trkpt lat="42.461750" lon="-5.304300"><ele>860.4</ele></trkpt>
      <trkpt lat="42.461850" lon="-5.304660"><ele>860.1</ele></trkpt>
      <trkpt lat="42.462000" lon="-5.305070"><ele>860.4</ele></trkpt>
      <trkpt lat="42.462110" lon="-5.305430"><ele>860.3</ele></trkpt>
      <trkpt lat="42.462200" lon="-5.305790"><ele>860.1</ele></trkpt>
      <trkpt lat="42.462340" lon="-5.306200"><ele>859.9</ele></trkpt>
      <trkpt lat="42.462460" lon="-5.306530"><ele>859.7</ele></trkpt>
      <trkpt lat="42.462590" lon="-5.306920"><ele>859.0</ele></trkpt>
      <trkpt lat="42.462720" lon="-5.307380"><ele>858.9</ele></trkpt>
      <trkpt lat="42.462840" lon="-5.307750"><ele>858.7</ele></trkpt>
      <trkpt lat="42.462920" lon="-5.308030"><ele>858.2</ele></trkpt>
      <trkpt lat="42.463020" lon="-5.308290"><ele>857.6</ele></trkpt>
      <trkpt lat="42.463090" lon="-5.308550"><ele>857.0</ele></trkpt>
      <trkpt lat="42.463150" lon="-5.308750"><ele>856.5</ele></trkpt>
      <trkpt lat="42.463250" lon="-5.309090"><ele>855.7</ele></trkpt>
      <trkpt lat="42.463370" lon="-5.309490"><ele>855.1</ele></trkpt>
      <trkpt lat="42.463490" lon="-5.309860"><ele>854.9</ele></trkpt>
      <trkpt lat="42.463600" lon="-5.310210"><ele>854.8</ele></trkpt>
      <trkpt lat="42.463680" lon="-5.310510"><ele>854.2</ele></trkpt>
      <trkpt lat="42.463690" lon="-5.310510"><ele>854.2</ele></trkpt>
      <trkpt lat="42.463750" lon="-5.310710"><ele>854.0</ele></trkpt>
      <trkpt lat="42.463760" lon="-5.310750"><ele>853.9</ele></trkpt>
      <trkpt lat="42.463780" lon="-5.310790"><ele>853.9</ele></trkpt>
      <trkpt lat="42.463800" lon="-5.310840"><ele>853.8</ele></trkpt>
      <trkpt lat="42.463810" lon="-5.310910"><ele>853.8</ele></trkpt>
      <trkpt lat="42.463830" lon="-5.310970"><ele>853.7</ele></trkpt>
      <trkpt lat="42.463840" lon="-5.311030"><ele>853.7</ele></trkpt>
      <trkpt lat="42.463860" lon="-5.311090"><ele>853.6</ele></trkpt>
      <trkpt lat="42.463870" lon="-5.311150"><ele>853.6</ele></trkpt>
      <trkpt lat="42.463870" lon="-5.311210"><ele>853.4</ele></trkpt>
      <trkpt lat="42.463890" lon="-5.311260"><ele>853.3</ele></trkpt>
      <trkpt lat="42.463910" lon="-5.311310"><ele>853.2</ele></trkpt>
      <trkpt lat="42.463920" lon="-5.311370"><ele>853.0</ele></trkpt>
      <trkpt lat="42.463920" lon="-5.311380"><ele>853.0</ele></trkpt>
      <trkpt lat="42.463950" lon="-5.311560"><ele>852.6</ele></trkpt>
      <trkpt lat="42.464010" lon="-5.311840"><ele>852.1</ele></trkpt>
      <trkpt lat="42.464020" lon="-5.311860"><ele>852.1</ele></trkpt>
      <trkpt lat="42.464090" lon="-5.312130"><ele>851.7</ele></trkpt>
      <trkpt lat="42.464150" lon="-5.312470"><ele>851.3</ele></trkpt>
      <trkpt lat="42.464210" lon="-5.312880"><ele>851.1</ele></trkpt>
      <trkpt lat="42.464270" lon="-5.313190"><ele>851.0</ele></trkpt>
      <trkpt lat="42.464350" lon="-5.313540"><ele>850.9</ele></trkpt>
      <trkpt lat="42.464430" lon="-5.314000"><ele>851.1</ele></trkpt>
      <trkpt lat="42.464510" lon="-5.314440"><ele>851.4</ele></trkpt>
      <trkpt lat="42.464570" lon="-5.314770"><ele>851.5</ele></trkpt>
      <trkpt lat="42.464660" lon="-5.315130"><ele>851.6</ele></trkpt>
      <trkpt lat="42.464740" lon="-5.315530"><ele>851.4</ele></trkpt>
      <trkpt lat="42.464810" lon="-5.315890"><ele>851.2</ele></trkpt>
      <trkpt lat="42.464880" lon="-5.316260"><ele>851.0</ele></trkpt>
      <trkpt lat="42.464950" lon="-5.316680"><ele>851.0</ele></trkpt>
      <trkpt lat="42.465040" lon="-5.317150"><ele>851.1</ele></trkpt>
      <trkpt lat="42.465120" lon="-5.317560"><ele>851.7</ele></trkpt>
      <trkpt lat="42.465200" lon="-5.317930"><ele>851.9</ele></trkpt>
      <trkpt lat="42.465210" lon="-5.317970"><ele>851.9</ele></trkpt>
      <trkpt lat="42.465220" lon="-5.318030"><ele>851.9</ele></trkpt>
      <trkpt lat="42.465230" lon="-5.318080"><ele>851.9</ele></trkpt>
      <trkpt lat="42.465240" lon="-5.318150"><ele>852.0</ele></trkpt>
      <trkpt lat="42.465260" lon="-5.318210"><ele>852.0</ele></trkpt>
      <trkpt lat="42.465260" lon="-5.318270"><ele>852.1</ele></trkpt>
      <trkpt lat="42.465270" lon="-5.318310"><ele>852.1</ele></trkpt>
      <trkpt lat="42.465290" lon="-5.318380"><ele>852.1</ele></trkpt>
      <trkpt lat="42.465310" lon="-5.318430"><ele>852.2</ele></trkpt>
      <trkpt lat="42.465310" lon="-5.318490"><ele>852.2</ele></trkpt>
      <trkpt lat="42.465310" lon="-5.318550"><ele>852.2</ele></trkpt>
      <trkpt lat="42.465320" lon="-5.318600"><ele>852.2</ele></trkpt>
      <trkpt lat="42.465320" lon="-5.318660"><ele>852.1</ele></trkpt>
      <trkpt lat="42.465320" lon="-5.318710"><ele>852.1</ele></trkpt>
      <trkpt lat="42.465320" lon="-5.318760"><ele>852.1</ele></trkpt>
      <trkpt lat="42.465320" lon="-5.318860"><ele>852.0</ele></trkpt>
      <trkpt lat="42.465320" lon="-5.318920"><ele>851.9</ele></trkpt>
      <trkpt lat="42.465310" lon="-5.318980"><ele>851.9</ele></trkpt>
      <trkpt lat="42.465310" lon="-5.319030"><ele>851.9</ele></trkpt>
      <trkpt lat="42.465310" lon="-5.319080"><ele>851.8</ele></trkpt>
      <trkpt lat="42.465300" lon="-5.319130"><ele>851.8</ele></trkpt>
      <trkpt lat="42.465300" lon="-5.319180"><ele>851.8</ele></trkpt>
      <trkpt lat="42.465290" lon="-5.319250"><ele>851.8</ele></trkpt>
      <trkpt lat="42.465290" lon="-5.319300"><ele>851.7</ele></trkpt>
      <trkpt lat="42.465290" lon="-5.319350"><ele>851.7</ele></trkpt>
      <trkpt lat="42.465280" lon="-5.319410"><ele>851.6</ele></trkpt>
      <trkpt lat="42.465280" lon="-5.319420"><ele>851.6</ele></trkpt>
      <trkpt lat="42.465220" lon="-5.319740"><ele>851.4</ele></trkpt>
      <trkpt lat="42.465180" lon="-5.320050"><ele>851.2</ele></trkpt>
      <trkpt lat="42.465140" lon="-5.320430"><ele>851.0</ele></trkpt>
      <trkpt lat="42.465120" lon="-5.320820"><ele>851.3</ele></trkpt>
      <trkpt lat="42.465080" lon="-5.321190"><ele>851.4</ele></trkpt>
      <trkpt lat="42.465080" lon="-5.321200"><ele>851.4</ele></trkpt>
      <trkpt lat="42.465040" lon="-5.321650"><ele>851.2</ele></trkpt>
      <trkpt lat="42.465010" lon="-5.322200"><ele>851.2</ele></trkpt>
      <trkpt lat="42.464960" lon="-5.322670"><ele>851.6</ele></trkpt>
      <trkpt lat="42.464960" lon="-5.322680"><ele>851.6</ele></trkpt>
      <trkpt lat="42.464910" lon="-5.323130"><ele>851.3</ele></trkpt>
      <trkpt lat="42.464860" lon="-5.323570"><ele>850.7</ele></trkpt>
      <trkpt lat="42.464810" lon="-5.323960"><ele>850.6</ele></trkpt>
      <trkpt lat="42.464780" lon="-5.324370"><ele>850.8</ele></trkpt>
      <trkpt lat="42.464730" lon="-5.324880"><ele>851.0</ele></trkpt>
      <trkpt lat="42.464700" lon="-5.325380"><ele>851.1</ele></trkpt>
      <trkpt lat="42.464660" lon="-5.325830"><ele>850.9</ele></trkpt>
      <trkpt lat="42.464600" lon="-5.326350"><ele>850.7</ele></trkpt>
      <trkpt lat="42.464570" lon="-5.326550"><ele>850.7</ele></trkpt>
      <trkpt lat="42.464570" lon="-5.326630"><ele>850.7</ele></trkpt>
      <trkpt lat="42.464560" lon="-5.326700"><ele>850.7</ele></trkpt>
      <trkpt lat="42.464560" lon="-5.326760"><ele>850.7</ele></trkpt>
      <trkpt lat="42.464550" lon="-5.326820"><ele>850.8</ele></trkpt>
      <trkpt lat="42.464550" lon="-5.326880"><ele>850.7</ele></trkpt>
      <trkpt lat="42.464550" lon="-5.326940"><ele>850.7</ele></trkpt>
      <trkpt lat="42.464540" lon="-5.326980"><ele>850.7</ele></trkpt>
      <trkpt lat="42.464530" lon="-5.327050"><ele>850.7</ele></trkpt>
      <trkpt lat="42.464530" lon="-5.327100"><ele>850.6</ele></trkpt>
      <trkpt lat="42.464520" lon="-5.327180"><ele>850.6</ele></trkpt>
      <trkpt lat="42.464510" lon="-5.327240"><ele>850.6</ele></trkpt>
      <trkpt lat="42.464500" lon="-5.327310"><ele>850.6</ele></trkpt>
      <trkpt lat="42.464500" lon="-5.327360"><ele>850.5</ele></trkpt>
      <trkpt lat="42.464490" lon="-5.327430"><ele>850.5</ele></trkpt>
      <trkpt lat="42.464490" lon="-5.327480"><ele>850.5</ele></trkpt>
      <trkpt lat="42.464480" lon="-5.327530"><ele>850.5</ele></trkpt>
      <trkpt lat="42.464480" lon="-5.327600"><ele>850.5</ele></trkpt>
      <trkpt lat="42.464480" lon="-5.327660"><ele>850.5</ele></trkpt>
      <trkpt lat="42.464480" lon="-5.327710"><ele>850.4</ele></trkpt>
      <trkpt lat="42.464480" lon="-5.327770"><ele>850.4</ele></trkpt>
      <trkpt lat="42.464480" lon="-5.327820"><ele>850.4</ele></trkpt>
      <trkpt lat="42.464500" lon="-5.327910"><ele>850.3</ele></trkpt>
      <trkpt lat="42.464500" lon="-5.327970"><ele>850.2</ele></trkpt>
      <trkpt lat="42.464520" lon="-5.328020"><ele>850.2</ele></trkpt>
      <trkpt lat="42.464530" lon="-5.328070"><ele>850.2</ele></trkpt>
      <trkpt lat="42.464550" lon="-5.328110"><ele>850.2</ele></trkpt>
      <trkpt lat="42.464580" lon="-5.328190"><ele>850.1</ele></trkpt>
      <trkpt lat="42.464610" lon="-5.328280"><ele>850.1</ele></trkpt>
      <trkpt lat="42.464630" lon="-5.328330"><ele>850.2</ele></trkpt>
      <trkpt lat="42.464640" lon="-5.328370"><ele>850.2</ele></trkpt>
      <trkpt lat="42.464670" lon="-5.328410"><ele>850.2</ele></trkpt>
      <trkpt lat="42.464700" lon="-5.328460"><ele>850.3</ele></trkpt>
      <trkpt lat="42.464730" lon="-5.328550"><ele>850.3</ele></trkpt>
      <trkpt lat="42.464750" lon="-5.328600"><ele>850.4</ele></trkpt>
      <trkpt lat="42.464780" lon="-5.328650"><ele>850.5</ele></trkpt>
      <trkpt lat="42.464810" lon="-5.328680"><ele>850.5</ele></trkpt>
      <trkpt lat="42.464850" lon="-5.328710"><ele>850.6</ele></trkpt>
      <trkpt lat="42.464900" lon="-5.328750"><ele>850.6</ele></trkpt>
      <trkpt lat="42.464930" lon="-5.328790"><ele>850.5</ele></trkpt>
      <trkpt lat="42.464960" lon="-5.328820"><ele>850.4</ele></trkpt>
      <trkpt lat="42.465000" lon="-5.328830"><ele>850.3</ele></trkpt>
      <trkpt lat="42.465050" lon="-5.328840"><ele>850.3</ele></trkpt>
      <trkpt lat="42.465090" lon="-5.328880"><ele>850.1</ele></trkpt>
      <trkpt lat="42.465120" lon="-5.328890"><ele>850.1</ele></trkpt>
      <trkpt lat="42.465350" lon="-5.328950"><ele>849.7</ele></trkpt>
      <trkpt lat="42.465360" lon="-5.328950"><ele>849.7</ele></trkpt>
      <trkpt lat="42.465570" lon="-5.329010"><ele>849.1</ele></trkpt>
      <trkpt lat="42.465590" lon="-5.329010"><ele>849.1</ele></trkpt>
      <trkpt lat="42.465860" lon="-5.329120"><ele>848.7</ele></trkpt>
      <trkpt lat="42.466180" lon="-5.329260"><ele>849.2</ele></trkpt>
      <trkpt lat="42.466190" lon="-5.329260"><ele>849.2</ele></trkpt>
      <trkpt lat="42.466500" lon="-5.329390"><ele>849.5</ele></trkpt>
      <trkpt lat="42.466510" lon="-5.329390"><ele>849.5</ele></trkpt>
      <trkpt lat="42.466860" lon="-5.329520"><ele>849.0</ele></trkpt>
      <trkpt lat="42.466880" lon="-5.329520"><ele>849.0</ele></trkpt>
      <trkpt lat="42.467110" lon="-5.329620"><ele>847.9</ele></trkpt>
      <trkpt lat="42.467120" lon="-5.329620"><ele>847.9</ele></trkpt>
      <trkpt lat="42.467300" lon="-5.329680"><ele>847.0</ele></trkpt>
      <trkpt lat="42.467330" lon="-5.329710"><ele>846.8</ele></trkpt>
      <trkpt lat="42.467370" lon="-5.329740"><ele>846.5</ele></trkpt>
      <trkpt lat="42.467420" lon="-5.329780"><ele>846.2</ele></trkpt>
      <trkpt lat="42.467460" lon="-5.329820"><ele>845.9</ele></trkpt>
      <trkpt lat="42.467490" lon="-5.329850"><ele>845.6</ele></trkpt>
      <trkpt lat="42.467530" lon="-5.329870"><ele>845.4</ele></trkpt>
      <trkpt lat="42.467560" lon="-5.329900"><ele>845.1</ele></trkpt>
      <trkpt lat="42.467600" lon="-5.329930"><ele>844.8</ele></trkpt>
      <trkpt lat="42.467630" lon="-5.329970"><ele>844.5</ele></trkpt>
      <trkpt lat="42.467670" lon="-5.329990"><ele>844.2</ele></trkpt>
      <trkpt lat="42.467700" lon="-5.330040"><ele>843.9</ele></trkpt>
      <trkpt lat="42.467740" lon="-5.330070"><ele>843.6</ele></trkpt>
      <trkpt lat="42.467770" lon="-5.330110"><ele>843.3</ele></trkpt>
      <trkpt lat="42.467800" lon="-5.330140"><ele>843.1</ele></trkpt>
      <trkpt lat="42.467830" lon="-5.330180"><ele>842.8</ele></trkpt>
      <trkpt lat="42.467850" lon="-5.330220"><ele>842.6</ele></trkpt>
      <trkpt lat="42.467860" lon="-5.330270"><ele>842.4</ele></trkpt>
      <trkpt lat="42.467890" lon="-5.330320"><ele>842.1</ele></trkpt>
      <trkpt lat="42.467920" lon="-5.330360"><ele>841.8</ele></trkpt>
      <trkpt lat="42.467940" lon="-5.330400"><ele>841.6</ele></trkpt>
      <trkpt lat="42.467970" lon="-5.330440"><ele>841.3</ele></trkpt>
      <trkpt lat="42.467990" lon="-5.330500"><ele>841.0</ele></trkpt>
      <trkpt lat="42.468020" lon="-5.330550"><ele>840.7</ele></trkpt>
      <trkpt lat="42.468050" lon="-5.330590"><ele>840.5</ele></trkpt>
      <trkpt lat="42.468070" lon="-5.330650"><ele>840.2</ele></trkpt>
      <trkpt lat="42.468100" lon="-5.330700"><ele>840.0</ele></trkpt>
      <trkpt lat="42.468100" lon="-5.330750"><ele>839.8</ele></trkpt>
      <trkpt lat="42.468120" lon="-5.330810"><ele>839.6</ele></trkpt>
      <trkpt lat="42.468130" lon="-5.330880"><ele>839.4</ele></trkpt>
      <trkpt lat="42.468130" lon="-5.330930"><ele>839.3</ele></trkpt>
      <trkpt lat="42.468140" lon="-5.330980"><ele>839.1</ele></trkpt>
      <trkpt lat="42.468150" lon="-5.331040"><ele>838.9</ele></trkpt>
      <trkpt lat="42.468160" lon="-5.331100"><ele>838.8</ele></trkpt>
      <trkpt lat="42.468170" lon="-5.331160"><ele>838.6</ele></trkpt>
      <trkpt lat="42.468180" lon="-5.331210"><ele>838.4</ele></trkpt>
      <trkpt lat="42.468190" lon="-5.331280"><ele>838.3</ele></trkpt>
      <trkpt lat="42.468200" lon="-5.331340"><ele>838.1</ele></trkpt>
      <trkpt lat="42.468200" lon="-5.331390"><ele>838.0</ele></trkpt>
      <trkpt lat="42.468220" lon="-5.331460"><ele>837.8</ele></trkpt>
      <trkpt lat="42.468230" lon="-5.331520"><ele>837.6</ele></trkpt>
      <trkpt lat="42.468240" lon="-5.331580"><ele>837.5</ele></trkpt>
      <trkpt lat="42.468250" lon="-5.331630"><ele>837.3</ele></trkpt>
      <trkpt lat="42.468250" lon="-5.331690"><ele>837.2</ele></trkpt>
      <trkpt lat="42.468270" lon="-5.331750"><ele>837.0</ele></trkpt>
      <trkpt lat="42.468270" lon="-5.331800"><ele>836.9</ele></trkpt>
      <trkpt lat="42.468290" lon="-5.331860"><ele>836.7</ele></trkpt>
      <trkpt lat="42.468300" lon="-5.331910"><ele>836.6</ele></trkpt>
      <trkpt lat="42.468310" lon="-5.331980"><ele>836.5</ele></trkpt>
      <trkpt lat="42.468310" lon="-5.332030"><ele>836.4</ele></trkpt>
      <trkpt lat="42.468320" lon="-5.332070"><ele>836.3</ele></trkpt>
      <trkpt lat="42.468320" lon="-5.332130"><ele>836.3</ele></trkpt>
      <trkpt lat="42.468330" lon="-5.332180"><ele>836.2</ele></trkpt>
      <trkpt lat="42.468330" lon="-5.332250"><ele>836.1</ele></trkpt>
      <trkpt lat="42.468330" lon="-5.332310"><ele>836.0</ele></trkpt>
      <trkpt lat="42.468330" lon="-5.332360"><ele>835.9</ele></trkpt>
      <trkpt lat="42.468330" lon="-5.332410"><ele>835.9</ele></trkpt>
      <trkpt lat="42.468330" lon="-5.332470"><ele>835.9</ele></trkpt>
      <trkpt lat="42.468320" lon="-5.332800"><ele>835.8</ele></trkpt>
      <trkpt lat="42.468330" lon="-5.333140"><ele>835.9</ele></trkpt>
      <trkpt lat="42.468320" lon="-5.333470"><ele>836.2</ele></trkpt>
      <trkpt lat="42.468320" lon="-5.333830"><ele>836.5</ele></trkpt>
      <trkpt lat="42.468320" lon="-5.334220"><ele>837.0</ele></trkpt>
      <trkpt lat="42.468320" lon="-5.334570"><ele>837.1</ele></trkpt>
      <trkpt lat="42.468320" lon="-5.334930"><ele>837.0</ele></trkpt>
      <trkpt lat="42.468320" lon="-5.335220"><ele>836.9</ele></trkpt>
      <trkpt lat="42.468320" lon="-5.335610"><ele>837.3</ele></trkpt>
      <trkpt lat="42.468320" lon="-5.336000"><ele>837.6</ele></trkpt>
      <trkpt lat="42.468320" lon="-5.336100"><ele>837.7</ele></trkpt>
      <trkpt lat="42.468320" lon="-5.336180"><ele>837.8</ele></trkpt>
      <trkpt lat="42.468320" lon="-5.336260"><ele>837.9</ele></trkpt>
      <trkpt lat="42.468330" lon="-5.336330"><ele>838.1</ele></trkpt>
      <trkpt lat="42.468330" lon="-5.336380"><ele>838.2</ele></trkpt>
      <trkpt lat="42.468330" lon="-5.336440"><ele>838.2</ele></trkpt>
      <trkpt lat="42.468330" lon="-5.336500"><ele>838.4</ele></trkpt>
      <trkpt lat="42.468330" lon="-5.336590"><ele>838.5</ele></trkpt>
      <trkpt lat="42.468330" lon="-5.336660"><ele>838.5</ele></trkpt>
      <trkpt lat="42.468340" lon="-5.336740"><ele>838.6</ele></trkpt>
      <trkpt lat="42.468350" lon="-5.336790"><ele>838.7</ele></trkpt>
      <trkpt lat="42.468350" lon="-5.336860"><ele>838.7</ele></trkpt>
      <trkpt lat="42.468360" lon="-5.336910"><ele>838.8</ele></trkpt>
      <trkpt lat="42.468360" lon="-5.336970"><ele>838.9</ele></trkpt>
      <trkpt lat="42.468360" lon="-5.337040"><ele>838.9</ele></trkpt>
      <trkpt lat="42.468370" lon="-5.337100"><ele>839.0</ele></trkpt>
      <trkpt lat="42.468370" lon="-5.337160"><ele>839.0</ele></trkpt>
      <trkpt lat="42.468380" lon="-5.337220"><ele>839.0</ele></trkpt>
      <trkpt lat="42.468380" lon="-5.337280"><ele>839.0</ele></trkpt>
      <trkpt lat="42.468390" lon="-5.337370"><ele>839.0</ele></trkpt>
      <trkpt lat="42.468390" lon="-5.337440"><ele>839.0</ele></trkpt>
      <trkpt lat="42.468400" lon="-5.337490"><ele>839.0</ele></trkpt>
      <trkpt lat="42.468420" lon="-5.337530"><ele>839.1</ele></trkpt>
      <trkpt lat="42.468440" lon="-5.337590"><ele>839.2</ele></trkpt>
      <trkpt lat="42.468460" lon="-5.337640"><ele>839.3</ele></trkpt>
      <trkpt lat="42.468480" lon="-5.337700"><ele>839.4</ele></trkpt>
      <trkpt lat="42.468510" lon="-5.337770"><ele>839.5</ele></trkpt>
      <trkpt lat="42.468520" lon="-5.337820"><ele>839.5</ele></trkpt>
      <trkpt lat="42.468540" lon="-5.337850"><ele>839.6</ele></trkpt>
      <trkpt lat="42.468570" lon="-5.337880"><ele>839.7</ele></trkpt>
      <trkpt lat="42.468600" lon="-5.337920"><ele>839.9</ele></trkpt>
      <trkpt lat="42.468620" lon="-5.337940"><ele>840.1</ele></trkpt>
      <trkpt lat="42.468700" lon="-5.338070"><ele>840.6</ele></trkpt>
      <trkpt lat="42.468850" lon="-5.338250"><ele>841.3</ele></trkpt>
      <trkpt lat="42.468960" lon="-5.338400"><ele>841.5</ele></trkpt>
      <trkpt lat="42.468990" lon="-5.338410"><ele>841.6</ele></trkpt>
      <trkpt lat="42.469020" lon="-5.338450"><ele>841.7</ele></trkpt>
      <trkpt lat="42.469050" lon="-5.338480"><ele>841.7</ele></trkpt>
      <trkpt lat="42.469070" lon="-5.338510"><ele>841.7</ele></trkpt>
      <trkpt lat="42.469120" lon="-5.338550"><ele>841.7</ele></trkpt>
      <trkpt lat="42.469150" lon="-5.338570"><ele>841.7</ele></trkpt>
      <trkpt lat="42.469180" lon="-5.338580"><ele>841.8</ele></trkpt>
      <trkpt lat="42.469220" lon="-5.338600"><ele>841.8</ele></trkpt>
      <trkpt lat="42.469260" lon="-5.338630"><ele>841.8</ele></trkpt>
      <trkpt lat="42.469300" lon="-5.338660"><ele>841.8</ele></trkpt>
      <trkpt lat="42.469330" lon="-5.338680"><ele>841.8</ele></trkpt>
      <trkpt lat="42.469360" lon="-5.338730"><ele>841.8</ele></trkpt>
      <trkpt lat="42.469390" lon="-5.338760"><ele>841.8</ele></trkpt>
      <trkpt lat="42.469430" lon="-5.338810"><ele>841.8</ele></trkpt>
      <trkpt lat="42.469460" lon="-5.338840"><ele>841.8</ele></trkpt>
      <trkpt lat="42.469490" lon="-5.338860"><ele>841.9</ele></trkpt>
      <trkpt lat="42.469530" lon="-5.338900"><ele>841.9</ele></trkpt>
      <trkpt lat="42.469560" lon="-5.338950"><ele>841.9</ele></trkpt>
      <trkpt lat="42.469580" lon="-5.339000"><ele>841.9</ele></trkpt>
      <trkpt lat="42.469610" lon="-5.339030"><ele>842.0</ele></trkpt>
      <trkpt lat="42.469640" lon="-5.339070"><ele>842.0</ele></trkpt>
      <trkpt lat="42.469670" lon="-5.339110"><ele>842.1</ele></trkpt>
      <trkpt lat="42.469710" lon="-5.339140"><ele>842.1</ele></trkpt>
      <trkpt lat="42.469740" lon="-5.339160"><ele>842.2</ele></trkpt>
      <trkpt lat="42.469770" lon="-5.339190"><ele>842.3</ele></trkpt>
      <trkpt lat="42.469800" lon="-5.339240"><ele>842.4</ele></trkpt>
      <trkpt lat="42.469830" lon="-5.339290"><ele>842.5</ele></trkpt>
      <trkpt lat="42.469870" lon="-5.339340"><ele>842.6</ele></trkpt>
      <trkpt lat="42.469890" lon="-5.339350"><ele>842.6</ele></trkpt>
      <trkpt lat="42.469960" lon="-5.339420"><ele>842.9</ele></trkpt>
      <trkpt lat="42.470070" lon="-5.339550"><ele>843.6</ele></trkpt>
      <trkpt lat="42.470170" lon="-5.339720"><ele>844.4</ele></trkpt>
      <trkpt lat="42.470250" lon="-5.339850"><ele>844.9</ele></trkpt>
      <trkpt lat="42.470250" lon="-5.339850"><ele>844.9</ele></trkpt>
      <trkpt lat="42.470330" lon="-5.340040"><ele>845.6</ele></trkpt>
      <trkpt lat="42.470340" lon="-5.340090"><ele>845.8</ele></trkpt>
      <trkpt lat="42.470360" lon="-5.340170"><ele>846.0</ele></trkpt>
      <trkpt lat="42.470380" lon="-5.340230"><ele>846.2</ele></trkpt>
      <trkpt lat="42.470390" lon="-5.340280"><ele>846.4</ele></trkpt>
      <trkpt lat="42.470400" lon="-5.340330"><ele>846.6</ele></trkpt>
      <trkpt lat="42.470420" lon="-5.340370"><ele>846.8</ele></trkpt>
      <trkpt lat="42.470430" lon="-5.340430"><ele>847.0</ele></trkpt>
      <trkpt lat="42.470440" lon="-5.340490"><ele>847.2</ele></trkpt>
      <trkpt lat="42.470450" lon="-5.340560"><ele>847.4</ele></trkpt>
      <trkpt lat="42.470450" lon="-5.340610"><ele>847.6</ele></trkpt>
      <trkpt lat="42.470460" lon="-5.340660"><ele>847.8</ele></trkpt>
      <trkpt lat="42.470470" lon="-5.340720"><ele>848.0</ele></trkpt>
      <trkpt lat="42.470480" lon="-5.340770"><ele>848.1</ele></trkpt>
      <trkpt lat="42.470480" lon="-5.340830"><ele>848.3</ele></trkpt>
      <trkpt lat="42.470500" lon="-5.340880"><ele>848.4</ele></trkpt>
      <trkpt lat="42.470510" lon="-5.340970"><ele>848.6</ele></trkpt>
      <trkpt lat="42.470510" lon="-5.341020"><ele>848.8</ele></trkpt>
      <trkpt lat="42.470520" lon="-5.341110"><ele>849.0</ele></trkpt>
      <trkpt lat="42.470520" lon="-5.341160"><ele>849.1</ele></trkpt>
      <trkpt lat="42.470540" lon="-5.341220"><ele>849.2</ele></trkpt>
      <trkpt lat="42.470540" lon="-5.341290"><ele>849.2</ele></trkpt>
      <trkpt lat="42.470540" lon="-5.341350"><ele>849.2</ele></trkpt>
      <trkpt lat="42.470550" lon="-5.341430"><ele>849.3</ele></trkpt>
      <trkpt lat="42.470550" lon="-5.341480"><ele>849.3</ele></trkpt>
      <trkpt lat="42.470560" lon="-5.341570"><ele>849.3</ele></trkpt>
      <trkpt lat="42.470570" lon="-5.341640"><ele>849.4</ele></trkpt>
      <trkpt lat="42.470570" lon="-5.341700"><ele>849.4</ele></trkpt>
      <trkpt lat="42.470570" lon="-5.341750"><ele>849.4</ele></trkpt>
      <trkpt lat="42.470580" lon="-5.341800"><ele>849.4</ele></trkpt>
      <trkpt lat="42.470580" lon="-5.341860"><ele>849.4</ele></trkpt>
      <trkpt lat="42.470580" lon="-5.341920"><ele>849.4</ele></trkpt>
      <trkpt lat="42.470580" lon="-5.341990"><ele>849.4</ele></trkpt>
      <trkpt lat="42.470580" lon="-5.342040"><ele>849.4</ele></trkpt>
      <trkpt lat="42.470580" lon="-5.342110"><ele>849.4</ele></trkpt>
      <trkpt lat="42.470590" lon="-5.342170"><ele>849.4</ele></trkpt>
      <trkpt lat="42.470590" lon="-5.342220"><ele>849.4</ele></trkpt>
      <trkpt lat="42.470600" lon="-5.342280"><ele>849.4</ele></trkpt>
      <trkpt lat="42.470610" lon="-5.342370"><ele>849.5</ele></trkpt>
      <trkpt lat="42.470630" lon="-5.342440"><ele>849.5</ele></trkpt>
      <trkpt lat="42.470630" lon="-5.342490"><ele>849.5</ele></trkpt>
      <trkpt lat="42.470640" lon="-5.342560"><ele>849.6</ele></trkpt>
      <trkpt lat="42.470640" lon="-5.342610"><ele>849.6</ele></trkpt>
      <trkpt lat="42.470650" lon="-5.342680"><ele>849.6</ele></trkpt>
      <trkpt lat="42.470650" lon="-5.342760"><ele>849.6</ele></trkpt>
      <trkpt lat="42.470660" lon="-5.342840"><ele>849.6</ele></trkpt>
      <trkpt lat="42.470660" lon="-5.342900"><ele>849.6</ele></trkpt>
      <trkpt lat="42.470670" lon="-5.342970"><ele>849.6</ele></trkpt>
      <trkpt lat="42.470680" lon="-5.343030"><ele>849.6</ele></trkpt>
      <trkpt lat="42.470680" lon="-5.343100"><ele>849.6</ele></trkpt>
      <trkpt lat="42.470680" lon="-5.343160"><ele>849.5</ele></trkpt>
      <trkpt lat="42.470690" lon="-5.343220"><ele>849.4</ele></trkpt>
      <trkpt lat="42.470690" lon="-5.343280"><ele>849.4</ele></trkpt>
      <trkpt lat="42.470690" lon="-5.343330"><ele>849.3</ele></trkpt>
      <trkpt lat="42.470690" lon="-5.343390"><ele>849.3</ele></trkpt>
      <trkpt lat="42.470690" lon="-5.343450"><ele>849.2</ele></trkpt>
      <trkpt lat="42.470690" lon="-5.343500"><ele>849.2</ele></trkpt>
      <trkpt lat="42.470690" lon="-5.343560"><ele>849.1</ele></trkpt>
      <trkpt lat="42.470690" lon="-5.343630"><ele>849.1</ele></trkpt>
      <trkpt lat="42.470690" lon="-5.343680"><ele>849.1</ele></trkpt>
      <trkpt lat="42.470690" lon="-5.343730"><ele>849.1</ele></trkpt>
      <trkpt lat="42.470690" lon="-5.343780"><ele>849.1</ele></trkpt>
      <trkpt lat="42.470690" lon="-5.343840"><ele>849.1</ele></trkpt>
      <trkpt lat="42.470690" lon="-5.343900"><ele>849.0</ele></trkpt>
      <trkpt lat="42.470690" lon="-5.343960"><ele>849.0</ele></trkpt>
      <trkpt lat="42.470690" lon="-5.344030"><ele>849.0</ele></trkpt>
      <trkpt lat="42.470690" lon="-5.344080"><ele>849.0</ele></trkpt>
      <trkpt lat="42.470690" lon="-5.344140"><ele>849.0</ele></trkpt>
      <trkpt lat="42.470690" lon="-5.344190"><ele>849.0</ele></trkpt>
      <trkpt lat="42.470690" lon="-5.344240"><ele>849.0</ele></trkpt>
      <trkpt lat="42.470690" lon="-5.344290"><ele>849.0</ele></trkpt>
      <trkpt lat="42.470690" lon="-5.344360"><ele>849.0</ele></trkpt>
      <trkpt lat="42.470690" lon="-5.344420"><ele>849.0</ele></trkpt>
      <trkpt lat="42.470690" lon="-5.344480"><ele>849.1</ele></trkpt>
      <trkpt lat="42.470680" lon="-5.344530"><ele>849.1</ele></trkpt>
      <trkpt lat="42.470670" lon="-5.344600"><ele>849.2</ele></trkpt>
      <trkpt lat="42.470660" lon="-5.344650"><ele>849.2</ele></trkpt>
      <trkpt lat="42.470660" lon="-5.344700"><ele>849.3</ele></trkpt>
      <trkpt lat="42.470660" lon="-5.344760"><ele>849.3</ele></trkpt>
      <trkpt lat="42.470660" lon="-5.344810"><ele>849.4</ele></trkpt>
      <trkpt lat="42.470660" lon="-5.344870"><ele>849.4</ele></trkpt>
      <trkpt lat="42.470660" lon="-5.344890"><ele>849.5</ele></trkpt>
      <trkpt lat="42.470630" lon="-5.345140"><ele>849.8</ele></trkpt>
      <trkpt lat="42.470630" lon="-5.345140"><ele>849.8</ele></trkpt>
      <trkpt lat="42.470620" lon="-5.345360"><ele>850.1</ele></trkpt>
      <trkpt lat="42.470620" lon="-5.345580"><ele>850.2</ele></trkpt>
      <trkpt lat="42.470620" lon="-5.345650"><ele>850.2</ele></trkpt>
      <trkpt lat="42.470620" lon="-5.345700"><ele>850.2</ele></trkpt>
      <trkpt lat="42.470620" lon="-5.345770"><ele>850.2</ele></trkpt>
      <trkpt lat="42.470620" lon="-5.345820"><ele>850.2</ele></trkpt>
      <trkpt lat="42.470620" lon="-5.345870"><ele>850.2</ele></trkpt>
      <trkpt lat="42.470620" lon="-5.345970"><ele>850.2</ele></trkpt>
      <trkpt lat="42.470620" lon="-5.346030"><ele>850.2</ele></trkpt>
      <trkpt lat="42.470620" lon="-5.346080"><ele>850.2</ele></trkpt>
      <trkpt lat="42.470620" lon="-5.346140"><ele>850.1</ele></trkpt>
      <trkpt lat="42.470610" lon="-5.346220"><ele>850.1</ele></trkpt>
      <trkpt lat="42.470610" lon="-5.346280"><ele>850.1</ele></trkpt>
      <trkpt lat="42.470610" lon="-5.346330"><ele>850.1</ele></trkpt>
      <trkpt lat="42.470610" lon="-5.346390"><ele>850.0</ele></trkpt>
      <trkpt lat="42.470610" lon="-5.346460"><ele>849.9</ele></trkpt>
      <trkpt lat="42.470600" lon="-5.346520"><ele>849.8</ele></trkpt>
      <trkpt lat="42.470590" lon="-5.346650"><ele>849.7</ele></trkpt>
      <trkpt lat="42.470580" lon="-5.346700"><ele>849.6</ele></trkpt>
      <trkpt lat="42.470580" lon="-5.346750"><ele>849.5</ele></trkpt>
      <trkpt lat="42.470580" lon="-5.346820"><ele>849.4</ele></trkpt>
      <trkpt lat="42.470580" lon="-5.346880"><ele>849.3</ele></trkpt>
      <trkpt lat="42.470580" lon="-5.346930"><ele>849.2</ele></trkpt>
      <trkpt lat="42.470580" lon="-5.347000"><ele>849.0</ele></trkpt>
      <trkpt lat="42.470580" lon="-5.347060"><ele>848.9</ele></trkpt>
      <trkpt lat="42.470590" lon="-5.347120"><ele>848.8</ele></trkpt>
      <trkpt lat="42.470590" lon="-5.347180"><ele>848.7</ele></trkpt>
      <trkpt lat="42.470590" lon="-5.347230"><ele>848.6</ele></trkpt>
      <trkpt lat="42.470600" lon="-5.347300"><ele>848.4</ele></trkpt>
      <trkpt lat="42.470610" lon="-5.347360"><ele>848.2</ele></trkpt>
      <trkpt lat="42.470610" lon="-5.347420"><ele>848.1</ele></trkpt>
      <trkpt lat="42.470630" lon="-5.347490"><ele>847.9</ele></trkpt>
      <trkpt lat="42.470630" lon="-5.347540"><ele>847.8</ele></trkpt>
      <trkpt lat="42.470640" lon="-5.347590"><ele>847.7</ele></trkpt>
      <trkpt lat="42.470650" lon="-5.347650"><ele>847.5</ele></trkpt>
      <trkpt lat="42.470660" lon="-5.347710"><ele>847.4</ele></trkpt>
      <trkpt lat="42.470670" lon="-5.347730"><ele>847.3</ele></trkpt>
      <trkpt lat="42.470740" lon="-5.348000"><ele>846.7</ele></trkpt>
      <trkpt lat="42.470800" lon="-5.348170"><ele>846.2</ele></trkpt>
      <trkpt lat="42.470880" lon="-5.348390"><ele>845.4</ele></trkpt>
      <trkpt lat="42.470890" lon="-5.348390"><ele>845.4</ele></trkpt>
      <trkpt lat="42.470950" lon="-5.348520"><ele>845.0</ele></trkpt>
      <trkpt lat="42.471040" lon="-5.348680"><ele>844.5</ele></trkpt>
      <trkpt lat="42.471050" lon="-5.348740"><ele>844.4</ele></trkpt>
      <trkpt lat="42.471070" lon="-5.348790"><ele>844.3</ele></trkpt>
      <trkpt lat="42.471080" lon="-5.348830"><ele>844.2</ele></trkpt>
      <trkpt lat="42.471100" lon="-5.348880"><ele>844.0</ele></trkpt>
      <trkpt lat="42.471110" lon="-5.348940"><ele>843.8</ele></trkpt>
      <trkpt lat="42.471130" lon="-5.348980"><ele>843.6</ele></trkpt>
      <trkpt lat="42.471140" lon="-5.349030"><ele>843.5</ele></trkpt>
      <trkpt lat="42.471170" lon="-5.349070"><ele>843.3</ele></trkpt>
      <trkpt lat="42.471190" lon="-5.349100"><ele>843.0</ele></trkpt>
      <trkpt lat="42.471220" lon="-5.349150"><ele>842.8</ele></trkpt>
      <trkpt lat="42.471240" lon="-5.349200"><ele>842.5</ele></trkpt>
      <trkpt lat="42.471260" lon="-5.349240"><ele>842.2</ele></trkpt>
      <trkpt lat="42.471290" lon="-5.349290"><ele>841.9</ele></trkpt>
      <trkpt lat="42.471320" lon="-5.349320"><ele>841.6</ele></trkpt>
      <trkpt lat="42.471340" lon="-5.349380"><ele>841.3</ele></trkpt>
      <trkpt lat="42.471340" lon="-5.349430"><ele>841.0</ele></trkpt>
      <trkpt lat="42.471370" lon="-5.349470"><ele>840.7</ele></trkpt>
      <trkpt lat="42.471380" lon="-5.349520"><ele>840.4</ele></trkpt>
      <trkpt lat="42.471390" lon="-5.349580"><ele>840.2</ele></trkpt>
      <trkpt lat="42.471410" lon="-5.349620"><ele>839.9</ele></trkpt>
      <trkpt lat="42.471430" lon="-5.349670"><ele>839.6</ele></trkpt>
      <trkpt lat="42.471460" lon="-5.349720"><ele>839.3</ele></trkpt>
      <trkpt lat="42.471470" lon="-5.349780"><ele>839.0</ele></trkpt>
      <trkpt lat="42.471490" lon="-5.349830"><ele>838.8</ele></trkpt>
      <trkpt lat="42.471510" lon="-5.349870"><ele>838.6</ele></trkpt>
      <trkpt lat="42.471540" lon="-5.349910"><ele>838.3</ele></trkpt>
      <trkpt lat="42.471550" lon="-5.349960"><ele>838.1</ele></trkpt>
      <trkpt lat="42.471580" lon="-5.350010"><ele>837.8</ele></trkpt>
      <trkpt lat="42.471590" lon="-5.350050"><ele>837.6</ele></trkpt>
      <trkpt lat="42.471610" lon="-5.350110"><ele>837.4</ele></trkpt>
      <trkpt lat="42.471620" lon="-5.350160"><ele>837.2</ele></trkpt>
      <trkpt lat="42.471640" lon="-5.350200"><ele>837.0</ele></trkpt>
      <trkpt lat="42.471660" lon="-5.350250"><ele>836.8</ele></trkpt>
      <trkpt lat="42.471680" lon="-5.350290"><ele>836.6</ele></trkpt>
      <trkpt lat="42.471710" lon="-5.350330"><ele>836.3</ele></trkpt>
      <trkpt lat="42.471720" lon="-5.350390"><ele>836.1</ele></trkpt>
      <trkpt lat="42.471740" lon="-5.350430"><ele>835.9</ele></trkpt>
      <trkpt lat="42.471760" lon="-5.350470"><ele>835.7</ele></trkpt>
      <trkpt lat="42.471780" lon="-5.350510"><ele>835.5</ele></trkpt>
      <trkpt lat="42.471800" lon="-5.350550"><ele>835.3</ele></trkpt>
      <trkpt lat="42.471810" lon="-5.350600"><ele>835.1</ele></trkpt>
      <trkpt lat="42.471820" lon="-5.350660"><ele>835.1</ele></trkpt>
      <trkpt lat="42.471840" lon="-5.350720"><ele>835.1</ele></trkpt>
      <trkpt lat="42.471850" lon="-5.350760"><ele>835.1</ele></trkpt>
      <trkpt lat="42.471860" lon="-5.350820"><ele>835.1</ele></trkpt>
      <trkpt lat="42.471880" lon="-5.350890"><ele>835.0</ele></trkpt>
      <trkpt lat="42.471890" lon="-5.350940"><ele>835.0</ele></trkpt>
      <trkpt lat="42.471910" lon="-5.350980"><ele>835.0</ele></trkpt>
      <trkpt lat="42.471920" lon="-5.351030"><ele>835.0</ele></trkpt>
      <trkpt lat="42.471930" lon="-5.351080"><ele>834.9</ele></trkpt>
      <trkpt lat="42.471940" lon="-5.351140"><ele>834.9</ele></trkpt>
      <trkpt lat="42.471960" lon="-5.351190"><ele>834.9</ele></trkpt>
      <trkpt lat="42.471960" lon="-5.351240"><ele>834.8</ele></trkpt>
      <trkpt lat="42.471980" lon="-5.351300"><ele>834.8</ele></trkpt>
      <trkpt lat="42.471990" lon="-5.351360"><ele>834.7</ele></trkpt>
      <trkpt lat="42.472010" lon="-5.351420"><ele>834.7</ele></trkpt>
      <trkpt lat="42.472020" lon="-5.351480"><ele>834.5</ele></trkpt>
      <trkpt lat="42.472030" lon="-5.351540"><ele>834.4</ele></trkpt>
      <trkpt lat="42.472040" lon="-5.351610"><ele>834.3</ele></trkpt>
      <trkpt lat="42.472050" lon="-5.351650"><ele>834.2</ele></trkpt>
      <trkpt lat="42.472050" lon="-5.351710"><ele>834.0</ele></trkpt>
      <trkpt lat="42.472070" lon="-5.351760"><ele>834.0</ele></trkpt>
      <trkpt lat="42.472080" lon="-5.351810"><ele>833.8</ele></trkpt>
      <trkpt lat="42.472100" lon="-5.351850"><ele>833.8</ele></trkpt>
      <trkpt lat="42.472120" lon="-5.351900"><ele>833.7</ele></trkpt>
      <trkpt lat="42.472130" lon="-5.351950"><ele>833.6</ele></trkpt>
      <trkpt lat="42.472150" lon="-5.352030"><ele>833.4</ele></trkpt>
      <trkpt lat="42.472170" lon="-5.352090"><ele>833.3</ele></trkpt>
      <trkpt lat="42.472190" lon="-5.352140"><ele>833.2</ele></trkpt>
      <trkpt lat="42.472210" lon="-5.352180"><ele>833.2</ele></trkpt>
      <trkpt lat="42.472240" lon="-5.352240"><ele>833.1</ele></trkpt>
      <trkpt lat="42.472260" lon="-5.352290"><ele>833.0</ele></trkpt>
      <trkpt lat="42.472290" lon="-5.352330"><ele>832.9</ele></trkpt>
      <trkpt lat="42.472320" lon="-5.352370"><ele>832.9</ele></trkpt>
      <trkpt lat="42.472330" lon="-5.352380"><ele>832.9</ele></trkpt>
      <trkpt lat="42.472380" lon="-5.352490"><ele>832.7</ele></trkpt>
      <trkpt lat="42.472410" lon="-5.352550"><ele>832.5</ele></trkpt>
      <trkpt lat="42.472430" lon="-5.352600"><ele>832.4</ele></trkpt>
      <trkpt lat="42.472440" lon="-5.352640"><ele>832.2</ele></trkpt>
      <trkpt lat="42.472440" lon="-5.352690"><ele>832.1</ele></trkpt>
      <trkpt lat="42.472450" lon="-5.352750"><ele>831.9</ele></trkpt>
      <trkpt lat="42.472470" lon="-5.352810"><ele>831.7</ele></trkpt>
      <trkpt lat="42.472470" lon="-5.352870"><ele>831.5</ele></trkpt>
      <trkpt lat="42.472500" lon="-5.352940"><ele>831.3</ele></trkpt>
      <trkpt lat="42.472510" lon="-5.352990"><ele>831.1</ele></trkpt>
      <trkpt lat="42.472540" lon="-5.353030"><ele>831.0</ele></trkpt>
      <trkpt lat="42.472570" lon="-5.353040"><ele>831.0</ele></trkpt>
      <trkpt lat="42.472580" lon="-5.353060"><ele>831.0</ele></trkpt>
      <trkpt lat="42.472700" lon="-5.353280"><ele>830.3</ele></trkpt>
      <trkpt lat="42.472830" lon="-5.353470"><ele>829.6</ele></trkpt>
      <trkpt lat="42.472970" lon="-5.353640"><ele>828.9</ele></trkpt>
      <trkpt lat="42.472990" lon="-5.353670"><ele>828.8</ele></trkpt>
      <trkpt lat="42.473020" lon="-5.353730"><ele>828.5</ele></trkpt>
      <trkpt lat="42.473050" lon="-5.353780"><ele>828.3</ele></trkpt>
      <trkpt lat="42.473070" lon="-5.353840"><ele>828.0</ele></trkpt>
      <trkpt lat="42.473090" lon="-5.353890"><ele>827.8</ele></trkpt>
      <trkpt lat="42.473120" lon="-5.353950"><ele>827.6</ele></trkpt>
      <trkpt lat="42.473140" lon="-5.354000"><ele>827.3</ele></trkpt>
      <trkpt lat="42.473160" lon="-5.354050"><ele>827.1</ele></trkpt>
      <trkpt lat="42.473170" lon="-5.354100"><ele>826.8</ele></trkpt>
      <trkpt lat="42.473180" lon="-5.354150"><ele>826.6</ele></trkpt>
      <trkpt lat="42.473200" lon="-5.354220"><ele>826.3</ele></trkpt>
      <trkpt lat="42.473210" lon="-5.354280"><ele>826.0</ele></trkpt>
      <trkpt lat="42.473230" lon="-5.354330"><ele>825.7</ele></trkpt>
      <trkpt lat="42.473250" lon="-5.354370"><ele>825.5</ele></trkpt>
      <trkpt lat="42.473300" lon="-5.354500"><ele>824.8</ele></trkpt>
      <trkpt lat="42.473360" lon="-5.354640"><ele>824.2</ele></trkpt>
      <trkpt lat="42.473480" lon="-5.354840"><ele>823.4</ele></trkpt>
      <trkpt lat="42.473480" lon="-5.354860"><ele>823.4</ele></trkpt>
      <trkpt lat="42.473570" lon="-5.355020"><ele>822.8</ele></trkpt>
      <trkpt lat="42.473700" lon="-5.355180"><ele>822.3</ele></trkpt>
      <trkpt lat="42.473730" lon="-5.355230"><ele>822.2</ele></trkpt>
      <trkpt lat="42.473760" lon="-5.355270"><ele>822.1</ele></trkpt>
      <trkpt lat="42.473790" lon="-5.355300"><ele>822.0</ele></trkpt>
      <trkpt lat="42.473820" lon="-5.355340"><ele>821.9</ele></trkpt>
      <trkpt lat="42.473840" lon="-5.355380"><ele>821.8</ele></trkpt>
      <trkpt lat="42.473860" lon="-5.355420"><ele>821.7</ele></trkpt>
      <trkpt lat="42.473890" lon="-5.355460"><ele>821.6</ele></trkpt>
      <trkpt lat="42.473920" lon="-5.355490"><ele>821.5</ele></trkpt>
      <trkpt lat="42.473940" lon="-5.355530"><ele>821.4</ele></trkpt>
      <trkpt lat="42.473980" lon="-5.355570"><ele>821.3</ele></trkpt>
      <trkpt lat="42.474000" lon="-5.355600"><ele>821.3</ele></trkpt>
      <trkpt lat="42.474030" lon="-5.355630"><ele>821.2</ele></trkpt>
      <trkpt lat="42.474060" lon="-5.355660"><ele>821.1</ele></trkpt>
      <trkpt lat="42.474080" lon="-5.355700"><ele>821.0</ele></trkpt>
      <trkpt lat="42.474110" lon="-5.355730"><ele>820.9</ele></trkpt>
      <trkpt lat="42.474120" lon="-5.355780"><ele>820.8</ele></trkpt>
      <trkpt lat="42.474150" lon="-5.355810"><ele>820.7</ele></trkpt>
      <trkpt lat="42.474180" lon="-5.355850"><ele>820.6</ele></trkpt>
      <trkpt lat="42.474210" lon="-5.355890"><ele>820.5</ele></trkpt>
      <trkpt lat="42.474230" lon="-5.355940"><ele>820.4</ele></trkpt>
      <trkpt lat="42.474250" lon="-5.355980"><ele>820.3</ele></trkpt>
      <trkpt lat="42.474280" lon="-5.356030"><ele>820.2</ele></trkpt>
      <trkpt lat="42.474300" lon="-5.356090"><ele>820.1</ele></trkpt>
      <trkpt lat="42.474320" lon="-5.356140"><ele>820.0</ele></trkpt>
      <trkpt lat="42.474340" lon="-5.356200"><ele>819.9</ele></trkpt>
      <trkpt lat="42.474360" lon="-5.356240"><ele>819.8</ele></trkpt>
      <trkpt lat="42.474390" lon="-5.356270"><ele>819.7</ele></trkpt>
      <trkpt lat="42.474410" lon="-5.356310"><ele>819.7</ele></trkpt>
      <trkpt lat="42.474440" lon="-5.356350"><ele>819.6</ele></trkpt>
      <trkpt lat="42.474460" lon="-5.356400"><ele>819.5</ele></trkpt>
      <trkpt lat="42.474480" lon="-5.356440"><ele>819.4</ele></trkpt>
      <trkpt lat="42.474500" lon="-5.356480"><ele>819.3</ele></trkpt>
      <trkpt lat="42.474530" lon="-5.356530"><ele>819.2</ele></trkpt>
      <trkpt lat="42.474560" lon="-5.356570"><ele>819.1</ele></trkpt>
      <trkpt lat="42.474580" lon="-5.356620"><ele>819.0</ele></trkpt>
      <trkpt lat="42.474610" lon="-5.356670"><ele>818.9</ele></trkpt>
      <trkpt lat="42.474630" lon="-5.356720"><ele>818.7</ele></trkpt>
      <trkpt lat="42.474650" lon="-5.356760"><ele>818.6</ele></trkpt>
      <trkpt lat="42.474680" lon="-5.356820"><ele>818.5</ele></trkpt>
      <trkpt lat="42.474690" lon="-5.356870"><ele>818.4</ele></trkpt>
      <trkpt lat="42.474710" lon="-5.356920"><ele>818.3</ele></trkpt>
      <trkpt lat="42.474730" lon="-5.356990"><ele>818.1</ele></trkpt>
      <trkpt lat="42.474750" lon="-5.357040"><ele>818.0</ele></trkpt>
      <trkpt lat="42.474770" lon="-5.357100"><ele>817.9</ele></trkpt>
      <trkpt lat="42.474790" lon="-5.357140"><ele>817.8</ele></trkpt>
      <trkpt lat="42.474820" lon="-5.357200"><ele>817.7</ele></trkpt>
      <trkpt lat="42.474850" lon="-5.357230"><ele>817.6</ele></trkpt>
      <trkpt lat="42.474860" lon="-5.357260"><ele>817.5</ele></trkpt>
      <trkpt lat="42.474960" lon="-5.357370"><ele>817.1</ele></trkpt>
      <trkpt lat="42.475100" lon="-5.357570"><ele>816.5</ele></trkpt>
      <trkpt lat="42.475250" lon="-5.357740"><ele>816.4</ele></trkpt>
      <trkpt lat="42.475420" lon="-5.357930"><ele>816.4</ele></trkpt>
      <trkpt lat="42.475570" lon="-5.358160"><ele>816.4</ele></trkpt>
      <trkpt lat="42.475680" lon="-5.358280"><ele>816.5</ele></trkpt>
      <trkpt lat="42.475720" lon="-5.358290"><ele>816.5</ele></trkpt>
      <trkpt lat="42.475760" lon="-5.358320"><ele>816.6</ele></trkpt>
      <trkpt lat="42.475780" lon="-5.358370"><ele>816.6</ele></trkpt>
      <trkpt lat="42.475810" lon="-5.358390"><ele>816.7</ele></trkpt>
      <trkpt lat="42.475840" lon="-5.358420"><ele>816.8</ele></trkpt>
      <trkpt lat="42.475870" lon="-5.358460"><ele>816.8</ele></trkpt>
      <trkpt lat="42.475910" lon="-5.358500"><ele>816.9</ele></trkpt>
      <trkpt lat="42.475930" lon="-5.358540"><ele>816.9</ele></trkpt>
      <trkpt lat="42.475950" lon="-5.358570"><ele>817.0</ele></trkpt>
      <trkpt lat="42.475970" lon="-5.358610"><ele>817.0</ele></trkpt>
      <trkpt lat="42.476000" lon="-5.358660"><ele>817.1</ele></trkpt>
      <trkpt lat="42.476020" lon="-5.358710"><ele>817.1</ele></trkpt>
      <trkpt lat="42.476050" lon="-5.358800"><ele>817.2</ele></trkpt>
      <trkpt lat="42.476070" lon="-5.358880"><ele>817.3</ele></trkpt>
      <trkpt lat="42.476100" lon="-5.358920"><ele>817.3</ele></trkpt>
      <trkpt lat="42.476100" lon="-5.358920"><ele>817.3</ele></trkpt>
      <trkpt lat="42.476300" lon="-5.359300"><ele>817.3</ele></trkpt>
      <trkpt lat="42.476460" lon="-5.359640"><ele>817.2</ele></trkpt>
      <trkpt lat="42.476590" lon="-5.359940"><ele>817.1</ele></trkpt>
      <trkpt lat="42.476750" lon="-5.360290"><ele>816.8</ele></trkpt>
      <trkpt lat="42.476940" lon="-5.360710"><ele>816.4</ele></trkpt>
      <trkpt lat="42.477130" lon="-5.361120"><ele>816.0</ele></trkpt>
      <trkpt lat="42.477140" lon="-5.361140"><ele>816.0</ele></trkpt>
      <trkpt lat="42.477330" lon="-5.361530"><ele>816.5</ele></trkpt>
      <trkpt lat="42.477510" lon="-5.361910"><ele>816.7</ele></trkpt>
      <trkpt lat="42.477520" lon="-5.361910"><ele>816.7</ele></trkpt>
      <trkpt lat="42.477710" lon="-5.362320"><ele>816.3</ele></trkpt>
      <trkpt lat="42.477900" lon="-5.362760"><ele>815.7</ele></trkpt>
      <trkpt lat="42.478080" lon="-5.363150"><ele>815.3</ele></trkpt>
      <trkpt lat="42.478250" lon="-5.363480"><ele>815.1</ele></trkpt>
      <trkpt lat="42.478450" lon="-5.363900"><ele>814.9</ele></trkpt>
      <trkpt lat="42.478620" lon="-5.364240"><ele>814.6</ele></trkpt>
      <trkpt lat="42.478820" lon="-5.364680"><ele>814.3</ele></trkpt>
      <trkpt lat="42.478920" lon="-5.364880"><ele>814.0</ele></trkpt>
      <trkpt lat="42.478940" lon="-5.364930"><ele>814.0</ele></trkpt>
      <trkpt lat="42.478960" lon="-5.364990"><ele>813.9</ele></trkpt>
      <trkpt lat="42.478980" lon="-5.365040"><ele>813.8</ele></trkpt>
      <trkpt lat="42.479000" lon="-5.365100"><ele>813.7</ele></trkpt>
      <trkpt lat="42.479020" lon="-5.365150"><ele>813.6</ele></trkpt>
      <trkpt lat="42.479050" lon="-5.365210"><ele>813.5</ele></trkpt>
      <trkpt lat="42.479060" lon="-5.365260"><ele>813.4</ele></trkpt>
      <trkpt lat="42.479080" lon="-5.365310"><ele>813.2</ele></trkpt>
      <trkpt lat="42.479100" lon="-5.365370"><ele>813.1</ele></trkpt>
      <trkpt lat="42.479110" lon="-5.365410"><ele>813.0</ele></trkpt>
      <trkpt lat="42.479120" lon="-5.365460"><ele>812.9</ele></trkpt>
      <trkpt lat="42.479130" lon="-5.365470"><ele>812.9</ele></trkpt>
      <trkpt lat="42.479230" lon="-5.365820"><ele>812.2</ele></trkpt>
      <trkpt lat="42.479290" lon="-5.365990"><ele>812.0</ele></trkpt>
      <trkpt lat="42.479440" lon="-5.366430"><ele>811.3</ele></trkpt>
      <trkpt lat="42.479570" lon="-5.366830"><ele>810.8</ele></trkpt>
      <trkpt lat="42.479710" lon="-5.367290"><ele>810.4</ele></trkpt>
      <trkpt lat="42.479850" lon="-5.367740"><ele>810.0</ele></trkpt>
      <trkpt lat="42.480000" lon="-5.368180"><ele>809.5</ele></trkpt>
      <trkpt lat="42.480140" lon="-5.368620"><ele>808.8</ele></trkpt>
      <trkpt lat="42.480260" lon="-5.369010"><ele>808.5</ele></trkpt>
      <trkpt lat="42.480400" lon="-5.369440"><ele>808.4</ele></trkpt>
      <trkpt lat="42.480560" lon="-5.370000"><ele>808.6</ele></trkpt>
      <trkpt lat="42.480700" lon="-5.370460"><ele>808.6</ele></trkpt>
      <trkpt lat="42.480820" lon="-5.370870"><ele>808.2</ele></trkpt>
      <trkpt lat="42.480900" lon="-5.371140"><ele>807.9</ele></trkpt>
      <trkpt lat="42.481020" lon="-5.371510"><ele>807.4</ele></trkpt>
      <trkpt lat="42.481130" lon="-5.371880"><ele>807.0</ele></trkpt>
      <trkpt lat="42.481210" lon="-5.372130"><ele>806.8</ele></trkpt>
      <trkpt lat="42.481340" lon="-5.372540"><ele>806.3</ele></trkpt>
      <trkpt lat="42.481430" lon="-5.372900"><ele>806.0</ele></trkpt>
      <trkpt lat="42.481570" lon="-5.373310"><ele>805.9</ele></trkpt>
      <trkpt lat="42.481670" lon="-5.373680"><ele>806.0</ele></trkpt>
      <trkpt lat="42.481790" lon="-5.374080"><ele>806.5</ele></trkpt>
      <trkpt lat="42.481930" lon="-5.374510"><ele>807.1</ele></trkpt>
      <trkpt lat="42.482030" lon="-5.374850"><ele>807.1</ele></trkpt>
      <trkpt lat="42.482190" lon="-5.375410"><ele>806.8</ele></trkpt>
      <trkpt lat="42.482350" lon="-5.375910"><ele>806.2</ele></trkpt>
      <trkpt lat="42.482490" lon="-5.376380"><ele>806.2</ele></trkpt>
      <trkpt lat="42.482630" lon="-5.376840"><ele>806.8</ele></trkpt>
      <trkpt lat="42.482760" lon="-5.377300"><ele>807.0</ele></trkpt>
      <trkpt lat="42.482860" lon="-5.377570"><ele>807.1</ele></trkpt>
      <trkpt lat="42.482940" lon="-5.377810"><ele>807.0</ele></trkpt>
      <trkpt lat="42.483040" lon="-5.378180"><ele>806.5</ele></trkpt>
      <trkpt lat="42.483200" lon="-5.378620"><ele>806.1</ele></trkpt>
      <trkpt lat="42.483310" lon="-5.379060"><ele>805.9</ele></trkpt>
      <trkpt lat="42.483440" lon="-5.379460"><ele>805.9</ele></trkpt>
      <trkpt lat="42.483510" lon="-5.379700"><ele>805.9</ele></trkpt>
      <trkpt lat="42.483670" lon="-5.380110"><ele>805.7</ele></trkpt>
      <trkpt lat="42.483750" lon="-5.380450"><ele>805.4</ele></trkpt>
      <trkpt lat="42.483870" lon="-5.380830"><ele>805.2</ele></trkpt>
      <trkpt lat="42.483970" lon="-5.381170"><ele>805.1</ele></trkpt>
      <trkpt lat="42.484050" lon="-5.381470"><ele>804.8</ele></trkpt>
      <trkpt lat="42.484150" lon="-5.381780"><ele>804.3</ele></trkpt>
      <trkpt lat="42.484250" lon="-5.382110"><ele>804.1</ele></trkpt>
      <trkpt lat="42.484340" lon="-5.382390"><ele>804.1</ele></trkpt>
      <trkpt lat="42.484430" lon="-5.382690"><ele>804.0</ele></trkpt>
      <trkpt lat="42.484530" lon="-5.382960"><ele>803.8</ele></trkpt>
      <trkpt lat="42.484650" lon="-5.383410"><ele>803.1</ele></trkpt>
      <trkpt lat="42.484770" lon="-5.383720"><ele>802.3</ele></trkpt>
      <trkpt lat="42.484840" lon="-5.383950"><ele>802.0</ele></trkpt>
      <trkpt lat="42.484970" lon="-5.384350"><ele>801.5</ele></trkpt>
      <trkpt lat="42.485080" lon="-5.384700"><ele>801.1</ele></trkpt>
      <trkpt lat="42.485170" lon="-5.385020"><ele>801.0</ele></trkpt>
      <trkpt lat="42.485190" lon="-5.385080"><ele>801.0</ele></trkpt>
      <trkpt lat="42.485200" lon="-5.385130"><ele>801.0</ele></trkpt>
      <trkpt lat="42.485220" lon="-5.385170"><ele>801.0</ele></trkpt>
      <trkpt lat="42.485230" lon="-5.385230"><ele>801.0</ele></trkpt>
      <trkpt lat="42.485250" lon="-5.385310"><ele>801.0</ele></trkpt>
      <trkpt lat="42.485270" lon="-5.385390"><ele>801.0</ele></trkpt>
      <trkpt lat="42.485300" lon="-5.385450"><ele>801.0</ele></trkpt>
      <trkpt lat="42.485320" lon="-5.385520"><ele>801.1</ele></trkpt>
      <trkpt lat="42.485340" lon="-5.385570"><ele>801.1</ele></trkpt>
      <trkpt lat="42.485350" lon="-5.385630"><ele>801.1</ele></trkpt>
      <trkpt lat="42.485370" lon="-5.385680"><ele>801.1</ele></trkpt>
      <trkpt lat="42.485370" lon="-5.385740"><ele>801.1</ele></trkpt>
      <trkpt lat="42.485390" lon="-5.385790"><ele>801.1</ele></trkpt>
      <trkpt lat="42.485410" lon="-5.385850"><ele>801.1</ele></trkpt>
      <trkpt lat="42.485430" lon="-5.385900"><ele>801.1</ele></trkpt>
      <trkpt lat="42.485470" lon="-5.385980"><ele>801.1</ele></trkpt>
      <trkpt lat="42.485500" lon="-5.386020"><ele>801.2</ele></trkpt>
      <trkpt lat="42.485520" lon="-5.386060"><ele>801.2</ele></trkpt>
      <trkpt lat="42.485540" lon="-5.386130"><ele>801.2</ele></trkpt>
      <trkpt lat="42.485560" lon="-5.386170"><ele>801.2</ele></trkpt>
      <trkpt lat="42.485670" lon="-5.386450"><ele>801.3</ele></trkpt>
      <trkpt lat="42.485790" lon="-5.386730"><ele>801.0</ele></trkpt>
      <trkpt lat="42.485920" lon="-5.387010"><ele>800.7</ele></trkpt>
      <trkpt lat="42.486060" lon="-5.387330"><ele>800.6</ele></trkpt>
      <trkpt lat="42.486200" lon="-5.387610"><ele>800.2</ele></trkpt>
      <trkpt lat="42.486370" lon="-5.388040"><ele>799.7</ele></trkpt>
      <trkpt lat="42.486540" lon="-5.388480"><ele>799.4</ele></trkpt>
      <trkpt lat="42.486680" lon="-5.388820"><ele>799.5</ele></trkpt>
      <trkpt lat="42.486840" lon="-5.389240"><ele>800.0</ele></trkpt>
      <trkpt lat="42.487060" lon="-5.389720"><ele>800.4</ele></trkpt>
      <trkpt lat="42.487240" lon="-5.390110"><ele>800.9</ele></trkpt>
      <trkpt lat="42.487370" lon="-5.390410"><ele>801.6</ele></trkpt>
      <trkpt lat="42.487550" lon="-5.390830"><ele>802.6</ele></trkpt>
      <trkpt lat="42.487690" lon="-5.391160"><ele>802.6</ele></trkpt>
      <trkpt lat="42.487830" lon="-5.391480"><ele>802.0</ele></trkpt>
      <trkpt lat="42.487940" lon="-5.391760"><ele>801.6</ele></trkpt>
      <trkpt lat="42.488080" lon="-5.392050"><ele>801.3</ele></trkpt>
      <trkpt lat="42.488280" lon="-5.392570"><ele>800.5</ele></trkpt>
      <trkpt lat="42.488380" lon="-5.392820"><ele>800.3</ele></trkpt>
      <trkpt lat="42.488530" lon="-5.393200"><ele>800.2</ele></trkpt>
      <trkpt lat="42.488660" lon="-5.393510"><ele>800.3</ele></trkpt>
      <trkpt lat="42.488810" lon="-5.393890"><ele>800.5</ele></trkpt>
      <trkpt lat="42.488990" lon="-5.394260"><ele>800.8</ele></trkpt>
      <trkpt lat="42.489130" lon="-5.394610"><ele>801.0</ele></trkpt>
      <trkpt lat="42.489310" lon="-5.394990"><ele>801.3</ele></trkpt>
      <trkpt lat="42.489480" lon="-5.395390"><ele>801.3</ele></trkpt>
      <trkpt lat="42.489620" lon="-5.395670"><ele>801.2</ele></trkpt>
      <trkpt lat="42.489750" lon="-5.395930"><ele>801.2</ele></trkpt>
      <trkpt lat="42.489840" lon="-5.396200"><ele>801.0</ele></trkpt>
      <trkpt lat="42.489840" lon="-5.396200"><ele>801.0</ele></trkpt>
      <trkpt lat="42.489950" lon="-5.396480"><ele>801.0</ele></trkpt>
      <trkpt lat="42.490080" lon="-5.396710"><ele>800.9</ele></trkpt>
      <trkpt lat="42.490230" lon="-5.397140"><ele>800.8</ele></trkpt>
      <trkpt lat="42.490400" lon="-5.397500"><ele>800.9</ele></trkpt>
      <trkpt lat="42.490510" lon="-5.397780"><ele>801.1</ele></trkpt>
      <trkpt lat="42.490650" lon="-5.398120"><ele>801.3</ele></trkpt>
      <trkpt lat="42.490780" lon="-5.398390"><ele>801.7</ele></trkpt>
      <trkpt lat="42.490890" lon="-5.398720"><ele>801.8</ele></trkpt>
      <trkpt lat="42.491050" lon="-5.399090"><ele>801.5</ele></trkpt>
      <trkpt lat="42.491200" lon="-5.399460"><ele>801.1</ele></trkpt>
      <trkpt lat="42.491390" lon="-5.399910"><ele>800.5</ele></trkpt>
      <trkpt lat="42.491530" lon="-5.400230"><ele>800.3</ele></trkpt>
      <trkpt lat="42.491550" lon="-5.400270"><ele>800.2</ele></trkpt>
      <trkpt lat="42.491650" lon="-5.400510"><ele>800.1</ele></trkpt>
      <trkpt lat="42.491760" lon="-5.400740"><ele>800.2</ele></trkpt>
      <trkpt lat="42.491870" lon="-5.401030"><ele>800.5</ele></trkpt>
      <trkpt lat="42.491940" lon="-5.401220"><ele>800.7</ele></trkpt>
      <trkpt lat="42.492160" lon="-5.401670"><ele>801.0</ele></trkpt>
      <trkpt lat="42.492310" lon="-5.402030"><ele>800.8</ele></trkpt>
      <trkpt lat="42.492470" lon="-5.402400"><ele>800.3</ele></trkpt>
      <trkpt lat="42.492620" lon="-5.402790"><ele>799.8</ele></trkpt>
      <trkpt lat="42.492830" lon="-5.403230"><ele>799.5</ele></trkpt>
      <trkpt lat="42.492990" lon="-5.403620"><ele>799.5</ele></trkpt>
      <trkpt lat="42.493140" lon="-5.403950"><ele>799.7</ele></trkpt>
      <trkpt lat="42.493290" lon="-5.404280"><ele>799.9</ele></trkpt>
      <trkpt lat="42.493420" lon="-5.404570"><ele>800.0</ele></trkpt>
      <trkpt lat="42.493580" lon="-5.404970"><ele>799.6</ele></trkpt>
      <trkpt lat="42.493720" lon="-5.405240"><ele>799.6</ele></trkpt>
      <trkpt lat="42.493800" lon="-5.405410"><ele>799.6</ele></trkpt>
      <trkpt lat="42.493810" lon="-5.405460"><ele>799.5</ele></trkpt>
      <trkpt lat="42.493830" lon="-5.405530"><ele>799.5</ele></trkpt>
      <trkpt lat="42.493850" lon="-5.405590"><ele>799.6</ele></trkpt>
      <trkpt lat="42.493860" lon="-5.405650"><ele>799.6</ele></trkpt>
      <trkpt lat="42.493890" lon="-5.405700"><ele>799.6</ele></trkpt>
      <trkpt lat="42.493910" lon="-5.405730"><ele>799.6</ele></trkpt>
      <trkpt lat="42.493930" lon="-5.405770"><ele>799.7</ele></trkpt>
      <trkpt lat="42.493940" lon="-5.405810"><ele>799.7</ele></trkpt>
      <trkpt lat="42.493970" lon="-5.405890"><ele>799.7</ele></trkpt>
      <trkpt lat="42.493990" lon="-5.405950"><ele>799.7</ele></trkpt>
      <trkpt lat="42.494010" lon="-5.405990"><ele>799.8</ele></trkpt>
      <trkpt lat="42.494040" lon="-5.406070"><ele>799.9</ele></trkpt>
      <trkpt lat="42.494070" lon="-5.406130"><ele>800.0</ele></trkpt>
      <trkpt lat="42.494090" lon="-5.406180"><ele>800.1</ele></trkpt>
      <trkpt lat="42.494110" lon="-5.406250"><ele>800.2</ele></trkpt>
      <trkpt lat="42.494140" lon="-5.406320"><ele>800.3</ele></trkpt>
      <trkpt lat="42.494170" lon="-5.406400"><ele>800.5</ele></trkpt>
      <trkpt lat="42.494190" lon="-5.406450"><ele>800.6</ele></trkpt>
      <trkpt lat="42.494210" lon="-5.406480"><ele>800.6</ele></trkpt>
      <trkpt lat="42.494230" lon="-5.406520"><ele>800.7</ele></trkpt>
      <trkpt lat="42.494250" lon="-5.406590"><ele>800.8</ele></trkpt>
      <trkpt lat="42.494270" lon="-5.406640"><ele>800.9</ele></trkpt>
      <trkpt lat="42.494280" lon="-5.406690"><ele>800.9</ele></trkpt>
      <trkpt lat="42.494300" lon="-5.406740"><ele>801.0</ele></trkpt>
      <trkpt lat="42.494300" lon="-5.406790"><ele>801.0</ele></trkpt>
      <trkpt lat="42.494310" lon="-5.406870"><ele>801.1</ele></trkpt>
      <trkpt lat="42.494320" lon="-5.406930"><ele>801.1</ele></trkpt>
      <trkpt lat="42.494320" lon="-5.406980"><ele>801.2</ele></trkpt>
      <trkpt lat="42.494330" lon="-5.407050"><ele>801.3</ele></trkpt>
      <trkpt lat="42.494340" lon="-5.407120"><ele>801.3</ele></trkpt>
      <trkpt lat="42.494340" lon="-5.407180"><ele>801.4</ele></trkpt>
      <trkpt lat="42.494350" lon="-5.407230"><ele>801.4</ele></trkpt>
      <trkpt lat="42.494350" lon="-5.407310"><ele>801.5</ele></trkpt>
      <trkpt lat="42.494360" lon="-5.407370"><ele>801.5</ele></trkpt>
      <trkpt lat="42.494370" lon="-5.407460"><ele>801.6</ele></trkpt>
      <trkpt lat="42.494390" lon="-5.407540"><ele>801.6</ele></trkpt>
      <trkpt lat="42.494410" lon="-5.407590"><ele>801.6</ele></trkpt>
      <trkpt lat="42.494420" lon="-5.407640"><ele>801.6</ele></trkpt>
      <trkpt lat="42.494430" lon="-5.407710"><ele>801.6</ele></trkpt>
      <trkpt lat="42.494440" lon="-5.407790"><ele>801.6</ele></trkpt>
      <trkpt lat="42.494450" lon="-5.407860"><ele>801.6</ele></trkpt>
      <trkpt lat="42.494480" lon="-5.407930"><ele>801.5</ele></trkpt>
      <trkpt lat="42.494510" lon="-5.407980"><ele>801.4</ele></trkpt>
      <trkpt lat="42.494530" lon="-5.408010"><ele>801.3</ele></trkpt>
      <trkpt lat="42.494550" lon="-5.408040"><ele>801.2</ele></trkpt>
      <trkpt lat="42.494710" lon="-5.408210"><ele>800.8</ele></trkpt>
      <trkpt lat="42.494860" lon="-5.408310"><ele>800.5</ele></trkpt>
      <trkpt lat="42.494900" lon="-5.408320"><ele>800.4</ele></trkpt>
      <trkpt lat="42.494940" lon="-5.408350"><ele>800.3</ele></trkpt>
      <trkpt lat="42.494980" lon="-5.408380"><ele>800.3</ele></trkpt>
      <trkpt lat="42.495010" lon="-5.408410"><ele>800.2</ele></trkpt>
      <trkpt lat="42.495040" lon="-5.408450"><ele>800.1</ele></trkpt>
      <trkpt lat="42.495080" lon="-5.408480"><ele>800.1</ele></trkpt>
      <trkpt lat="42.495100" lon="-5.408520"><ele>800.0</ele></trkpt>
      <trkpt lat="42.495130" lon="-5.408560"><ele>800.0</ele></trkpt>
      <trkpt lat="42.495150" lon="-5.408600"><ele>799.9</ele></trkpt>
      <trkpt lat="42.495180" lon="-5.408630"><ele>799.8</ele></trkpt>
      <trkpt lat="42.495200" lon="-5.408680"><ele>799.8</ele></trkpt>
      <trkpt lat="42.495240" lon="-5.408740"><ele>799.7</ele></trkpt>
      <trkpt lat="42.495270" lon="-5.408780"><ele>799.7</ele></trkpt>
      <trkpt lat="42.495290" lon="-5.408820"><ele>799.7</ele></trkpt>
      <trkpt lat="42.495320" lon="-5.408870"><ele>799.7</ele></trkpt>
      <trkpt lat="42.495340" lon="-5.408930"><ele>799.7</ele></trkpt>
      <trkpt lat="42.495360" lon="-5.408970"><ele>799.7</ele></trkpt>
      <trkpt lat="42.495380" lon="-5.409010"><ele>799.7</ele></trkpt>
      <trkpt lat="42.495400" lon="-5.409060"><ele>799.7</ele></trkpt>
      <trkpt lat="42.495420" lon="-5.409100"><ele>799.7</ele></trkpt>
      <trkpt lat="42.495450" lon="-5.409150"><ele>799.7</ele></trkpt>
      <trkpt lat="42.495460" lon="-5.409200"><ele>799.8</ele></trkpt>
      <trkpt lat="42.495490" lon="-5.409240"><ele>799.8</ele></trkpt>
      <trkpt lat="42.495510" lon="-5.409280"><ele>799.8</ele></trkpt>
      <trkpt lat="42.495520" lon="-5.409310"><ele>799.8</ele></trkpt>
      <trkpt lat="42.495660" lon="-5.409610"><ele>799.8</ele></trkpt>
      <trkpt lat="42.495790" lon="-5.409900"><ele>799.5</ele></trkpt>
      <trkpt lat="42.495910" lon="-5.410210"><ele>799.1</ele></trkpt>
      <trkpt lat="42.496060" lon="-5.410630"><ele>798.5</ele></trkpt>
      <trkpt lat="42.496230" lon="-5.411070"><ele>797.9</ele></trkpt>
      <trkpt lat="42.496360" lon="-5.411380"><ele>797.8</ele></trkpt>
      <trkpt lat="42.496370" lon="-5.411380"><ele>797.8</ele></trkpt>
      <trkpt lat="42.496520" lon="-5.411850"><ele>798.0</ele></trkpt>
      <trkpt lat="42.496690" lon="-5.412200"><ele>798.5</ele></trkpt>
      <trkpt lat="42.496840" lon="-5.412630"><ele>798.9</ele></trkpt>
      <trkpt lat="42.497000" lon="-5.413010"><ele>798.8</ele></trkpt>
      <trkpt lat="42.497130" lon="-5.413320"><ele>798.7</ele></trkpt>
      <trkpt lat="42.497200" lon="-5.413430"><ele>798.5</ele></trkpt>
      <trkpt lat="42.497230" lon="-5.413480"><ele>798.4</ele></trkpt>
      <trkpt lat="42.497250" lon="-5.413540"><ele>798.3</ele></trkpt>
      <trkpt lat="42.497290" lon="-5.413620"><ele>798.2</ele></trkpt>
      <trkpt lat="42.497310" lon="-5.413670"><ele>798.2</ele></trkpt>
      <trkpt lat="42.497320" lon="-5.413720"><ele>798.1</ele></trkpt>
      <trkpt lat="42.497340" lon="-5.413770"><ele>798.0</ele></trkpt>
      <trkpt lat="42.497360" lon="-5.413830"><ele>798.0</ele></trkpt>
      <trkpt lat="42.497380" lon="-5.413880"><ele>797.9</ele></trkpt>
      <trkpt lat="42.497390" lon="-5.413930"><ele>797.9</ele></trkpt>
      <trkpt lat="42.497400" lon="-5.413980"><ele>797.9</ele></trkpt>
      <trkpt lat="42.497420" lon="-5.414040"><ele>797.8</ele></trkpt>
      <trkpt lat="42.497440" lon="-5.414080"><ele>797.8</ele></trkpt>
      <trkpt lat="42.497460" lon="-5.414130"><ele>797.8</ele></trkpt>
      <trkpt lat="42.497470" lon="-5.414190"><ele>797.7</ele></trkpt>
      <trkpt lat="42.497490" lon="-5.414250"><ele>797.7</ele></trkpt>
      <trkpt lat="42.497500" lon="-5.414290"><ele>797.7</ele></trkpt>
      <trkpt lat="42.497520" lon="-5.414330"><ele>797.7</ele></trkpt>
      <trkpt lat="42.497540" lon="-5.414400"><ele>797.7</ele></trkpt>
      <trkpt lat="42.497550" lon="-5.414440"><ele>797.7</ele></trkpt>
      <trkpt lat="42.497560" lon="-5.414490"><ele>797.7</ele></trkpt>
      <trkpt lat="42.497570" lon="-5.414540"><ele>797.7</ele></trkpt>
      <trkpt lat="42.497590" lon="-5.414590"><ele>797.7</ele></trkpt>
      <trkpt lat="42.497600" lon="-5.414640"><ele>797.7</ele></trkpt>
      <trkpt lat="42.497610" lon="-5.414710"><ele>797.7</ele></trkpt>
      <trkpt lat="42.497620" lon="-5.414770"><ele>797.7</ele></trkpt>
      <trkpt lat="42.497640" lon="-5.414820"><ele>797.7</ele></trkpt>
      <trkpt lat="42.497650" lon="-5.414880"><ele>797.8</ele></trkpt>
      <trkpt lat="42.497660" lon="-5.414930"><ele>797.8</ele></trkpt>
      <trkpt lat="42.497670" lon="-5.414980"><ele>797.8</ele></trkpt>
      <trkpt lat="42.497680" lon="-5.415030"><ele>797.9</ele></trkpt>
      <trkpt lat="42.497690" lon="-5.415070"><ele>797.9</ele></trkpt>
      <trkpt lat="42.497710" lon="-5.415110"><ele>797.9</ele></trkpt>
      <trkpt lat="42.497720" lon="-5.415160"><ele>797.9</ele></trkpt>
      <trkpt lat="42.497740" lon="-5.415200"><ele>797.9</ele></trkpt>
      <trkpt lat="42.497780" lon="-5.415260"><ele>798.0</ele></trkpt>
      <trkpt lat="42.497820" lon="-5.415300"><ele>798.0</ele></trkpt>
      <trkpt lat="42.497850" lon="-5.415340"><ele>798.1</ele></trkpt>
      <trkpt lat="42.497870" lon="-5.415380"><ele>798.1</ele></trkpt>
      <trkpt lat="42.497890" lon="-5.415410"><ele>798.2</ele></trkpt>
      <trkpt lat="42.497920" lon="-5.415450"><ele>798.2</ele></trkpt>
      <trkpt lat="42.497940" lon="-5.415490"><ele>798.3</ele></trkpt>
      <trkpt lat="42.497960" lon="-5.415540"><ele>798.4</ele></trkpt>
      <trkpt lat="42.497990" lon="-5.415590"><ele>798.5</ele></trkpt>
      <trkpt lat="42.498020" lon="-5.415620"><ele>798.6</ele></trkpt>
      <trkpt lat="42.498040" lon="-5.415670"><ele>798.7</ele></trkpt>
      <trkpt lat="42.498060" lon="-5.415720"><ele>798.8</ele></trkpt>
      <trkpt lat="42.498100" lon="-5.415770"><ele>798.9</ele></trkpt>
      <trkpt lat="42.498120" lon="-5.415810"><ele>799.0</ele></trkpt>
      <trkpt lat="42.498150" lon="-5.415820"><ele>799.1</ele></trkpt>
      <trkpt lat="42.498160" lon="-5.415780"><ele>799.0</ele></trkpt>
      <trkpt lat="42.498180" lon="-5.415740"><ele>799.0</ele></trkpt>
      <trkpt lat="42.498200" lon="-5.415710"><ele>799.0</ele></trkpt>
      <trkpt lat="42.498230" lon="-5.415680"><ele>798.9</ele></trkpt>
      <trkpt lat="42.498260" lon="-5.415670"><ele>798.9</ele></trkpt>
      <trkpt lat="42.498280" lon="-5.415690"><ele>799.0</ele></trkpt>
      <trkpt lat="42.498310" lon="-5.415720"><ele>799.1</ele></trkpt>
      <trkpt lat="42.498330" lon="-5.415770"><ele>799.2</ele></trkpt>
      <trkpt lat="42.498330" lon="-5.415780"><ele>799.2</ele></trkpt>
      <trkpt lat="42.498450" lon="-5.415980"><ele>799.7</ele></trkpt>
      <trkpt lat="42.498500" lon="-5.416070"><ele>799.9</ele></trkpt>
      <trkpt lat="42.498540" lon="-5.416170"><ele>800.0</ele></trkpt>
      <trkpt lat="42.498550" lon="-5.416240"><ele>800.1</ele></trkpt>
      <trkpt lat="42.498580" lon="-5.416320"><ele>800.3</ele></trkpt>
      <trkpt lat="42.498610" lon="-5.416380"><ele>800.4</ele></trkpt>
      <trkpt lat="42.498640" lon="-5.416470"><ele>800.5</ele></trkpt>
      <trkpt lat="42.498670" lon="-5.416540"><ele>800.6</ele></trkpt>
      <trkpt lat="42.498700" lon="-5.416620"><ele>800.7</ele></trkpt>
      <trkpt lat="42.498740" lon="-5.416720"><ele>800.8</ele></trkpt>
      <trkpt lat="42.498760" lon="-5.416790"><ele>800.9</ele></trkpt>
      <trkpt lat="42.498790" lon="-5.416870"><ele>801.0</ele></trkpt>
      <trkpt lat="42.498820" lon="-5.416950"><ele>801.1</ele></trkpt>
      <trkpt lat="42.498850" lon="-5.417030"><ele>801.3</ele></trkpt>
      <trkpt lat="42.498860" lon="-5.417120"><ele>801.3</ele></trkpt>
      <trkpt lat="42.498900" lon="-5.417190"><ele>801.4</ele></trkpt>
      <trkpt lat="42.498920" lon="-5.417240"><ele>801.4</ele></trkpt>
      <trkpt lat="42.498940" lon="-5.417310"><ele>801.5</ele></trkpt>
      <trkpt lat="42.498970" lon="-5.417370"><ele>801.5</ele></trkpt>
      <trkpt lat="42.499000" lon="-5.417450"><ele>801.6</ele></trkpt>
      <trkpt lat="42.499050" lon="-5.417480"><ele>801.6</ele></trkpt>
      <trkpt lat="42.499090" lon="-5.417530"><ele>801.6</ele></trkpt>
      <trkpt lat="42.499130" lon="-5.417570"><ele>801.6</ele></trkpt>
      <trkpt lat="42.499180" lon="-5.417640"><ele>801.4</ele></trkpt>
      <trkpt lat="42.499220" lon="-5.417690"><ele>801.4</ele></trkpt>
      <trkpt lat="42.499270" lon="-5.417750"><ele>801.3</ele></trkpt>
      <trkpt lat="42.499310" lon="-5.417800"><ele>801.2</ele></trkpt>
      <trkpt lat="42.499350" lon="-5.417880"><ele>801.1</ele></trkpt>
      <trkpt lat="42.499390" lon="-5.417940"><ele>801.0</ele></trkpt>
      <trkpt lat="42.499430" lon="-5.418010"><ele>800.9</ele></trkpt>
      <trkpt lat="42.499470" lon="-5.418040"><ele>800.7</ele></trkpt>
      <trkpt lat="42.499510" lon="-5.418090"><ele>800.6</ele></trkpt>
      <trkpt lat="42.499570" lon="-5.418150"><ele>800.4</ele></trkpt>
      <trkpt lat="42.499620" lon="-5.418200"><ele>800.2</ele></trkpt>
      <trkpt lat="42.499670" lon="-5.418260"><ele>800.0</ele></trkpt>
      <trkpt lat="42.499700" lon="-5.418300"><ele>799.8</ele></trkpt>
      <trkpt lat="42.499740" lon="-5.418350"><ele>799.6</ele></trkpt>
      <trkpt lat="42.499780" lon="-5.418390"><ele>799.5</ele></trkpt>
      <trkpt lat="42.499820" lon="-5.418460"><ele>799.3</ele></trkpt>
      <trkpt lat="42.499840" lon="-5.418520"><ele>799.2</ele></trkpt>
      <trkpt lat="42.499900" lon="-5.418590"><ele>799.1</ele></trkpt>
      <trkpt lat="42.499950" lon="-5.418610"><ele>799.0</ele></trkpt>
      <trkpt lat="42.499980" lon="-5.418660"><ele>798.9</ele></trkpt>
      <trkpt lat="42.500010" lon="-5.418690"><ele>798.9</ele></trkpt>
      <trkpt lat="42.500050" lon="-5.418730"><ele>798.8</ele></trkpt>
      <trkpt lat="42.500090" lon="-5.418780"><ele>798.6</ele></trkpt>
      <trkpt lat="42.500070" lon="-5.418850"><ele>798.7</ele></trkpt>
      <trkpt lat="42.500050" lon="-5.418910"><ele>798.8</ele></trkpt>
      <trkpt lat="42.500020" lon="-5.418960"><ele>798.9</ele></trkpt>
      <trkpt lat="42.500010" lon="-5.419030"><ele>798.9</ele></trkpt>
      <trkpt lat="42.500020" lon="-5.419090"><ele>798.9</ele></trkpt>
      <trkpt lat="42.500050" lon="-5.419130"><ele>798.8</ele></trkpt>
      <trkpt lat="42.500100" lon="-5.419150"><ele>798.5</ele></trkpt>
      <trkpt lat="42.500160" lon="-5.419170"><ele>798.3</ele></trkpt>
      <trkpt lat="42.500210" lon="-5.419200"><ele>798.1</ele></trkpt>
      <trkpt lat="42.500270" lon="-5.419220"><ele>797.8</ele></trkpt>
      <trkpt lat="42.500330" lon="-5.419250"><ele>797.5</ele></trkpt>
      <trkpt lat="42.500330" lon="-5.419260"><ele>797.5</ele></trkpt>
      <trkpt lat="42.500470" lon="-5.419380"><ele>796.8</ele></trkpt>
      <trkpt lat="42.500480" lon="-5.419380"><ele>796.8</ele></trkpt>
      <trkpt lat="42.500720" lon="-5.419510"><ele>795.8</ele></trkpt>
      <trkpt lat="42.500930" lon="-5.419640"><ele>794.9</ele></trkpt>
      <trkpt lat="42.500950" lon="-5.419640"><ele>794.8</ele></trkpt>
      <trkpt lat="42.501160" lon="-5.419780"><ele>794.0</ele></trkpt>
      <trkpt lat="42.501170" lon="-5.419780"><ele>793.9</ele></trkpt>
      <trkpt lat="42.501280" lon="-5.419870"><ele>793.4</ele></trkpt>
      <trkpt lat="42.501290" lon="-5.419870"><ele>793.4</ele></trkpt>
      <trkpt lat="42.501510" lon="-5.420000"><ele>792.4</ele></trkpt>
      <trkpt lat="42.501550" lon="-5.420020"><ele>792.3</ele></trkpt>
      <trkpt lat="42.501650" lon="-5.420100"><ele>792.0</ele></trkpt>
      <trkpt lat="42.501700" lon="-5.420200"><ele>791.8</ele></trkpt>
      <trkpt lat="42.501750" lon="-5.420250"><ele>791.6</ele></trkpt>
      <trkpt lat="42.501790" lon="-5.420310"><ele>791.5</ele></trkpt>
      <trkpt lat="42.501820" lon="-5.420340"><ele>791.4</ele></trkpt>
      <trkpt lat="42.501850" lon="-5.420380"><ele>791.3</ele></trkpt>
      <trkpt lat="42.502070" lon="-5.420560"><ele>791.5</ele></trkpt>
      <trkpt lat="42.502110" lon="-5.420580"><ele>791.5</ele></trkpt>
      <trkpt lat="42.502130" lon="-5.420590"><ele>791.6</ele></trkpt>
      <trkpt lat="42.502330" lon="-5.420740"><ele>791.8</ele></trkpt>
      <trkpt lat="42.502560" lon="-5.420910"><ele>791.9</ele></trkpt>
      <trkpt lat="42.502840" lon="-5.421100"><ele>791.8</ele></trkpt>
      <trkpt lat="42.503040" lon="-5.421270"><ele>791.9</ele></trkpt>
      <trkpt lat="42.503300" lon="-5.421430"><ele>791.9</ele></trkpt>
      <trkpt lat="42.503560" lon="-5.421630"><ele>792.2</ele></trkpt>
      <trkpt lat="42.503770" lon="-5.421800"><ele>792.4</ele></trkpt>
      <trkpt lat="42.503780" lon="-5.421800"><ele>792.4</ele></trkpt>
      <trkpt lat="42.503970" lon="-5.421940"><ele>792.5</ele></trkpt>
      <trkpt lat="42.503980" lon="-5.421940"><ele>792.6</ele></trkpt>
      <trkpt lat="42.504230" lon="-5.422100"><ele>792.8</ele></trkpt>
      <trkpt lat="42.504570" lon="-5.422400"><ele>792.7</ele></trkpt>
      <trkpt lat="42.504830" lon="-5.422590"><ele>792.9</ele></trkpt>
      <trkpt lat="42.504870" lon="-5.422600"><ele>792.9</ele></trkpt>
      <trkpt lat="42.504910" lon="-5.422630"><ele>792.9</ele></trkpt>
      <trkpt lat="42.504930" lon="-5.422660"><ele>792.9</ele></trkpt>
      <trkpt lat="42.504970" lon="-5.422690"><ele>792.9</ele></trkpt>
      <trkpt lat="42.505000" lon="-5.422700"><ele>792.9</ele></trkpt>
      <trkpt lat="42.505030" lon="-5.422730"><ele>792.9</ele></trkpt>
      <trkpt lat="42.505060" lon="-5.422750"><ele>792.9</ele></trkpt>
      <trkpt lat="42.505090" lon="-5.422790"><ele>792.8</ele></trkpt>
      <trkpt lat="42.505100" lon="-5.422800"><ele>792.8</ele></trkpt>
      <trkpt lat="42.505190" lon="-5.422870"><ele>792.8</ele></trkpt>
      <trkpt lat="42.505200" lon="-5.422880"><ele>792.7</ele></trkpt>
      <trkpt lat="42.505320" lon="-5.422960"><ele>792.6</ele></trkpt>
      <trkpt lat="42.505500" lon="-5.423080"><ele>792.5</ele></trkpt>
      <trkpt lat="42.505510" lon="-5.423080"><ele>792.5</ele></trkpt>
      <trkpt lat="42.505590" lon="-5.423140"><ele>792.4</ele></trkpt>
      <trkpt lat="42.505840" lon="-5.423310"><ele>792.3</ele></trkpt>
      <trkpt lat="42.506030" lon="-5.423450"><ele>792.2</ele></trkpt>
      <trkpt lat="42.506140" lon="-5.423540"><ele>792.2</ele></trkpt>
      <trkpt lat="42.506300" lon="-5.423660"><ele>792.1</ele></trkpt>
      <trkpt lat="42.506450" lon="-5.423750"><ele>792.0</ele></trkpt>
      <trkpt lat="42.506610" lon="-5.423850"><ele>792.0</ele></trkpt>
      <trkpt lat="42.506630" lon="-5.423870"><ele>792.0</ele></trkpt>
      <trkpt lat="42.506720" lon="-5.423940"><ele>792.0</ele></trkpt>
      <trkpt lat="42.506750" lon="-5.423970"><ele>792.0</ele></trkpt>
      <trkpt lat="42.506790" lon="-5.424000"><ele>792.0</ele></trkpt>
      <trkpt lat="42.506830" lon="-5.424030"><ele>792.1</ele></trkpt>
      <trkpt lat="42.506870" lon="-5.424050"><ele>792.1</ele></trkpt>
      <trkpt lat="42.506910" lon="-5.424070"><ele>792.1</ele></trkpt>
      <trkpt lat="42.506950" lon="-5.424080"><ele>792.1</ele></trkpt>
      <trkpt lat="42.506970" lon="-5.424100"><ele>792.2</ele></trkpt>
      <trkpt lat="42.507000" lon="-5.424120"><ele>792.2</ele></trkpt>
      <trkpt lat="42.507040" lon="-5.424150"><ele>792.2</ele></trkpt>
      <trkpt lat="42.507080" lon="-5.424160"><ele>792.3</ele></trkpt>
      <trkpt lat="42.507110" lon="-5.424200"><ele>792.3</ele></trkpt>
      <trkpt lat="42.507140" lon="-5.424230"><ele>792.3</ele></trkpt>
      <trkpt lat="42.507180" lon="-5.424260"><ele>792.4</ele></trkpt>
      <trkpt lat="42.507210" lon="-5.424280"><ele>792.4</ele></trkpt>
      <trkpt lat="42.507250" lon="-5.424300"><ele>792.5</ele></trkpt>
      <trkpt lat="42.507280" lon="-5.424320"><ele>792.5</ele></trkpt>
      <trkpt lat="42.507320" lon="-5.424350"><ele>792.6</ele></trkpt>
      <trkpt lat="42.507370" lon="-5.424380"><ele>792.6</ele></trkpt>
      <trkpt lat="42.507400" lon="-5.424400"><ele>792.7</ele></trkpt>
      <trkpt lat="42.507430" lon="-5.424420"><ele>792.7</ele></trkpt>
      <trkpt lat="42.507460" lon="-5.424450"><ele>792.8</ele></trkpt>
      <trkpt lat="42.507490" lon="-5.424470"><ele>792.8</ele></trkpt>
      <trkpt lat="42.507520" lon="-5.424510"><ele>792.8</ele></trkpt>
      <trkpt lat="42.507560" lon="-5.424530"><ele>792.8</ele></trkpt>
      <trkpt lat="42.507580" lon="-5.424560"><ele>792.8</ele></trkpt>
      <trkpt lat="42.507730" lon="-5.424690"><ele>792.8</ele></trkpt>
      <trkpt lat="42.507890" lon="-5.424780"><ele>792.9</ele></trkpt>
      <trkpt lat="42.507910" lon="-5.424800"><ele>792.9</ele></trkpt>
      <trkpt lat="42.508000" lon="-5.424880"><ele>792.9</ele></trkpt>
      <trkpt lat="42.508010" lon="-5.424880"><ele>792.9</ele></trkpt>
      <trkpt lat="42.508170" lon="-5.425020"><ele>792.9</ele></trkpt>
      <trkpt lat="42.508390" lon="-5.425170"><ele>792.9</ele></trkpt>
      <trkpt lat="42.508570" lon="-5.425290"><ele>792.8</ele></trkpt>
      <trkpt lat="42.508600" lon="-5.425310"><ele>792.8</ele></trkpt>
      <trkpt lat="42.508630" lon="-5.425330"><ele>792.8</ele></trkpt>
      <trkpt lat="42.508650" lon="-5.425370"><ele>792.8</ele></trkpt>
      <trkpt lat="42.508680" lon="-5.425380"><ele>792.8</ele></trkpt>
      <trkpt lat="42.508700" lon="-5.425410"><ele>792.8</ele></trkpt>
      <trkpt lat="42.508720" lon="-5.425450"><ele>792.8</ele></trkpt>
      <trkpt lat="42.508750" lon="-5.425500"><ele>792.8</ele></trkpt>
      <trkpt lat="42.508780" lon="-5.425540"><ele>792.8</ele></trkpt>
      <trkpt lat="42.508800" lon="-5.425580"><ele>792.8</ele></trkpt>
      <trkpt lat="42.508840" lon="-5.425640"><ele>792.8</ele></trkpt>
      <trkpt lat="42.508860" lon="-5.425700"><ele>792.8</ele></trkpt>
      <trkpt lat="42.508890" lon="-5.425730"><ele>792.8</ele></trkpt>
      <trkpt lat="42.508900" lon="-5.425770"><ele>792.8</ele></trkpt>
      <trkpt lat="42.508930" lon="-5.425800"><ele>792.8</ele></trkpt>
      <trkpt lat="42.508950" lon="-5.425850"><ele>792.8</ele></trkpt>
      <trkpt lat="42.508980" lon="-5.425890"><ele>792.8</ele></trkpt>
      <trkpt lat="42.509000" lon="-5.425920"><ele>792.7</ele></trkpt>
      <trkpt lat="42.509020" lon="-5.425960"><ele>792.7</ele></trkpt>
      <trkpt lat="42.509050" lon="-5.425990"><ele>792.7</ele></trkpt>
      <trkpt lat="42.509090" lon="-5.426020"><ele>792.7</ele></trkpt>
      <trkpt lat="42.509120" lon="-5.426030"><ele>792.7</ele></trkpt>
      <trkpt lat="42.509150" lon="-5.426060"><ele>792.7</ele></trkpt>
      <trkpt lat="42.509190" lon="-5.426070"><ele>792.7</ele></trkpt>
      <trkpt lat="42.509230" lon="-5.426100"><ele>792.8</ele></trkpt>
      <trkpt lat="42.509260" lon="-5.426110"><ele>792.8</ele></trkpt>
      <trkpt lat="42.509300" lon="-5.426140"><ele>792.8</ele></trkpt>
      <trkpt lat="42.509330" lon="-5.426160"><ele>792.7</ele></trkpt>
      <trkpt lat="42.509380" lon="-5.426170"><ele>792.7</ele></trkpt>
      <trkpt lat="42.509420" lon="-5.426190"><ele>792.7</ele></trkpt>
      <trkpt lat="42.509460" lon="-5.426200"><ele>792.6</ele></trkpt>
      <trkpt lat="42.509500" lon="-5.426220"><ele>792.6</ele></trkpt>
      <trkpt lat="42.509540" lon="-5.426250"><ele>792.6</ele></trkpt>
      <trkpt lat="42.509580" lon="-5.426260"><ele>792.6</ele></trkpt>
      <trkpt lat="42.509610" lon="-5.426280"><ele>792.5</ele></trkpt>
      <trkpt lat="42.509650" lon="-5.426290"><ele>792.5</ele></trkpt>
      <trkpt lat="42.509690" lon="-5.426300"><ele>792.5</ele></trkpt>
      <trkpt lat="42.509710" lon="-5.426320"><ele>792.5</ele></trkpt>
      <trkpt lat="42.509750" lon="-5.426330"><ele>792.5</ele></trkpt>
      <trkpt lat="42.509790" lon="-5.426350"><ele>792.5</ele></trkpt>
      <trkpt lat="42.509840" lon="-5.426360"><ele>792.5</ele></trkpt>
      <trkpt lat="42.509880" lon="-5.426370"><ele>792.6</ele></trkpt>
      <trkpt lat="42.509920" lon="-5.426380"><ele>792.6</ele></trkpt>
      <trkpt lat="42.509960" lon="-5.426390"><ele>792.6</ele></trkpt>
      <trkpt lat="42.509990" lon="-5.426410"><ele>792.7</ele></trkpt>
      <trkpt lat="42.510020" lon="-5.426430"><ele>792.7</ele></trkpt>
      <trkpt lat="42.510060" lon="-5.426440"><ele>792.7</ele></trkpt>
      <trkpt lat="42.510090" lon="-5.426460"><ele>792.7</ele></trkpt>
      <trkpt lat="42.510130" lon="-5.426470"><ele>792.7</ele></trkpt>
      <trkpt lat="42.510160" lon="-5.426500"><ele>792.8</ele></trkpt>
      <trkpt lat="42.510200" lon="-5.426510"><ele>792.8</ele></trkpt>
      <trkpt lat="42.510210" lon="-5.426510"><ele>792.8</ele></trkpt>
      <trkpt lat="42.510310" lon="-5.426580"><ele>792.9</ele></trkpt>
      <trkpt lat="42.510470" lon="-5.426680"><ele>793.0</ele></trkpt>
      <trkpt lat="42.510480" lon="-5.426680"><ele>793.0</ele></trkpt>
      <trkpt lat="42.510640" lon="-5.426810"><ele>793.1</ele></trkpt>
      <trkpt lat="42.510840" lon="-5.426940"><ele>793.2</ele></trkpt>
      <trkpt lat="42.511060" lon="-5.427100"><ele>793.3</ele></trkpt>
      <trkpt lat="42.511070" lon="-5.427110"><ele>793.3</ele></trkpt>
      <trkpt lat="42.511290" lon="-5.427250"><ele>793.3</ele></trkpt>
      <trkpt lat="42.511540" lon="-5.427460"><ele>793.1</ele></trkpt>
      <trkpt lat="42.511720" lon="-5.427600"><ele>793.1</ele></trkpt>
      <trkpt lat="42.511950" lon="-5.427770"><ele>793.1</ele></trkpt>
      <trkpt lat="42.512100" lon="-5.427860"><ele>793.1</ele></trkpt>
      <trkpt lat="42.512260" lon="-5.428000"><ele>793.1</ele></trkpt>
      <trkpt lat="42.512420" lon="-5.428130"><ele>793.1</ele></trkpt>
      <trkpt lat="42.512830" lon="-5.428410"><ele>793.3</ele></trkpt>
      <trkpt lat="42.513120" lon="-5.428630"><ele>793.5</ele></trkpt>
      <trkpt lat="42.513120" lon="-5.428630"><ele>793.5</ele></trkpt>
      <trkpt lat="42.513390" lon="-5.428820"><ele>793.5</ele></trkpt>
      <trkpt lat="42.513680" lon="-5.429010"><ele>793.3</ele></trkpt>
      <trkpt lat="42.513920" lon="-5.429200"><ele>793.1</ele></trkpt>
      <trkpt lat="42.513920" lon="-5.429200"><ele>793.1</ele></trkpt>
      <trkpt lat="42.514190" lon="-5.429380"><ele>793.1</ele></trkpt>
      <trkpt lat="42.514230" lon="-5.429400"><ele>793.1</ele></trkpt>
      <trkpt lat="42.514290" lon="-5.429460"><ele>793.1</ele></trkpt>
      <trkpt lat="42.514430" lon="-5.429540"><ele>793.2</ele></trkpt>
      <trkpt lat="42.514440" lon="-5.429540"><ele>793.2</ele></trkpt>
      <trkpt lat="42.514640" lon="-5.429730"><ele>793.3</ele></trkpt>
      <trkpt lat="42.514920" lon="-5.429920"><ele>793.2</ele></trkpt>
      <trkpt lat="42.515160" lon="-5.430100"><ele>792.9</ele></trkpt>
      <trkpt lat="42.515170" lon="-5.430100"><ele>792.9</ele></trkpt>
      <trkpt lat="42.515470" lon="-5.430300"><ele>792.7</ele></trkpt>
      <trkpt lat="42.515670" lon="-5.430460"><ele>792.5</ele></trkpt>
      <trkpt lat="42.515670" lon="-5.430470"><ele>792.5</ele></trkpt>
      <trkpt lat="42.515840" lon="-5.430620"><ele>792.6</ele></trkpt>
      <trkpt lat="42.516070" lon="-5.430780"><ele>792.7</ele></trkpt>
      <trkpt lat="42.516090" lon="-5.430790"><ele>792.7</ele></trkpt>
      <trkpt lat="42.516210" lon="-5.430890"><ele>792.7</ele></trkpt>
      <trkpt lat="42.516600" lon="-5.431180"><ele>793.0</ele></trkpt>
      <trkpt lat="42.516930" lon="-5.431390"><ele>793.4</ele></trkpt>
      <trkpt lat="42.517200" lon="-5.431600"><ele>793.7</ele></trkpt>
      <trkpt lat="42.517450" lon="-5.431760"><ele>793.9</ele></trkpt>
      <trkpt lat="42.517760" lon="-5.432010"><ele>793.7</ele></trkpt>
      <trkpt lat="42.517770" lon="-5.432010"><ele>793.7</ele></trkpt>
      <trkpt lat="42.518090" lon="-5.432230"><ele>793.1</ele></trkpt>
      <trkpt lat="42.518100" lon="-5.432230"><ele>793.1</ele></trkpt>
      <trkpt lat="42.518410" lon="-5.432470"><ele>793.0</ele></trkpt>
      <trkpt lat="42.518410" lon="-5.432470"><ele>793.0</ele></trkpt>
      <trkpt lat="42.518700" lon="-5.432680"><ele>793.4</ele></trkpt>
      <trkpt lat="42.519190" lon="-5.433040"><ele>794.5</ele></trkpt>
      <trkpt lat="42.519450" lon="-5.433220"><ele>794.9</ele></trkpt>
      <trkpt lat="42.519680" lon="-5.433400"><ele>795.3</ele></trkpt>
      <trkpt lat="42.519700" lon="-5.433410"><ele>795.4</ele></trkpt>
      <trkpt lat="42.519900" lon="-5.433580"><ele>795.8</ele></trkpt>
      <trkpt lat="42.519910" lon="-5.433580"><ele>795.8</ele></trkpt>
      <trkpt lat="42.520270" lon="-5.433840"><ele>795.6</ele></trkpt>
      <trkpt lat="42.520300" lon="-5.433860"><ele>795.6</ele></trkpt>
      <trkpt lat="42.520640" lon="-5.434140"><ele>795.8</ele></trkpt>
      <trkpt lat="42.520880" lon="-5.434310"><ele>795.9</ele></trkpt>
      <trkpt lat="42.520910" lon="-5.434320"><ele>795.9</ele></trkpt>
      <trkpt lat="42.521110" lon="-5.434440"><ele>796.1</ele></trkpt>
      <trkpt lat="42.521490" lon="-5.434720"><ele>795.8</ele></trkpt>
      <trkpt lat="42.521840" lon="-5.434980"><ele>795.5</ele></trkpt>
      <trkpt lat="42.521850" lon="-5.434980"><ele>795.6</ele></trkpt>
      <trkpt lat="42.522160" lon="-5.435200"><ele>796.0</ele></trkpt>
      <trkpt lat="42.522180" lon="-5.435210"><ele>796.0</ele></trkpt>
      <trkpt lat="42.522500" lon="-5.435480"><ele>796.4</ele></trkpt>
      <trkpt lat="42.522850" lon="-5.435760"><ele>796.7</ele></trkpt>
      <trkpt lat="42.522870" lon="-5.435760"><ele>796.7</ele></trkpt>
      <trkpt lat="42.523170" lon="-5.435980"><ele>796.8</ele></trkpt>
      <trkpt lat="42.523170" lon="-5.435980"><ele>796.8</ele></trkpt>
      <trkpt lat="42.523450" lon="-5.436160"><ele>796.9</ele></trkpt>
      <trkpt lat="42.523760" lon="-5.436390"><ele>796.9</ele></trkpt>
      <trkpt lat="42.524010" lon="-5.436540"><ele>797.1</ele></trkpt>
      <trkpt lat="42.524220" lon="-5.436760"><ele>797.1</ele></trkpt>
      <trkpt lat="42.524490" lon="-5.436940"><ele>797.0</ele></trkpt>
      <trkpt lat="42.524710" lon="-5.437100"><ele>797.0</ele></trkpt>
      <trkpt lat="42.524970" lon="-5.437270"><ele>797.0</ele></trkpt>
      <trkpt lat="42.524980" lon="-5.437280"><ele>797.0</ele></trkpt>
      <trkpt lat="42.525200" lon="-5.437460"><ele>797.2</ele></trkpt>
      <trkpt lat="42.525500" lon="-5.437690"><ele>797.4</ele></trkpt>
      <trkpt lat="42.525750" lon="-5.437880"><ele>797.5</ele></trkpt>
      <trkpt lat="42.525990" lon="-5.438040"><ele>797.6</ele></trkpt>
      <trkpt lat="42.526140" lon="-5.438180"><ele>797.5</ele></trkpt>
      <trkpt lat="42.526470" lon="-5.438410"><ele>797.2</ele></trkpt>
      <trkpt lat="42.526740" lon="-5.438570"><ele>796.7</ele></trkpt>
      <trkpt lat="42.527030" lon="-5.438810"><ele>796.1</ele></trkpt>
      <trkpt lat="42.527280" lon="-5.439000"><ele>795.7</ele></trkpt>
      <trkpt lat="42.527520" lon="-5.439150"><ele>795.6</ele></trkpt>
      <trkpt lat="42.527730" lon="-5.439340"><ele>795.5</ele></trkpt>
      <trkpt lat="42.528000" lon="-5.439530"><ele>795.1</ele></trkpt>
      <trkpt lat="42.528010" lon="-5.439540"><ele>795.0</ele></trkpt>
      <trkpt lat="42.528250" lon="-5.439730"><ele>794.3</ele></trkpt>
      <trkpt lat="42.528250" lon="-5.439740"><ele>794.3</ele></trkpt>
      <trkpt lat="42.528510" lon="-5.439940"><ele>794.0</ele></trkpt>
      <trkpt lat="42.528790" lon="-5.440120"><ele>793.7</ele></trkpt>
      <trkpt lat="42.528990" lon="-5.440290"><ele>793.7</ele></trkpt>
      <trkpt lat="42.529310" lon="-5.440490"><ele>794.0</ele></trkpt>
      <trkpt lat="42.529580" lon="-5.440680"><ele>794.3</ele></trkpt>
      <trkpt lat="42.529910" lon="-5.440960"><ele>794.8</ele></trkpt>
      <trkpt lat="42.529910" lon="-5.440960"><ele>794.8</ele></trkpt>
      <trkpt lat="42.530260" lon="-5.441180"><ele>795.7</ele></trkpt>
      <trkpt lat="42.530580" lon="-5.441380"><ele>796.7</ele></trkpt>
      <trkpt lat="42.530730" lon="-5.441500"><ele>796.8</ele></trkpt>
      <trkpt lat="42.531080" lon="-5.441740"><ele>797.3</ele></trkpt>
      <trkpt lat="42.531410" lon="-5.441960"><ele>797.7</ele></trkpt>
      <trkpt lat="42.531760" lon="-5.442190"><ele>798.3</ele></trkpt>
      <trkpt lat="42.532120" lon="-5.442450"><ele>798.8</ele></trkpt>
      <trkpt lat="42.532570" lon="-5.442790"><ele>798.9</ele></trkpt>
      <trkpt lat="42.532940" lon="-5.443080"><ele>798.8</ele></trkpt>
      <trkpt lat="42.533260" lon="-5.443310"><ele>798.8</ele></trkpt>
      <trkpt lat="42.533570" lon="-5.443510"><ele>799.1</ele></trkpt>
      <trkpt lat="42.533570" lon="-5.443520"><ele>799.1</ele></trkpt>
      <trkpt lat="42.533750" lon="-5.443670"><ele>799.3</ele></trkpt>
      <trkpt lat="42.534160" lon="-5.443960"><ele>799.4</ele></trkpt>
      <trkpt lat="42.534470" lon="-5.444190"><ele>799.5</ele></trkpt>
      <trkpt lat="42.534790" lon="-5.444420"><ele>799.8</ele></trkpt>
      <trkpt lat="42.535120" lon="-5.444640"><ele>800.0</ele></trkpt>
      <trkpt lat="42.535340" lon="-5.444830"><ele>800.1</ele></trkpt>
      <trkpt lat="42.535680" lon="-5.445100"><ele>800.1</ele></trkpt>
      <trkpt lat="42.535930" lon="-5.445260"><ele>800.1</ele></trkpt>
      <trkpt lat="42.536090" lon="-5.445380"><ele>800.3</ele></trkpt>
      <trkpt lat="42.536390" lon="-5.445600"><ele>800.9</ele></trkpt>
      <trkpt lat="42.536690" lon="-5.445830"><ele>801.7</ele></trkpt>
      <trkpt lat="42.537010" lon="-5.446080"><ele>801.8</ele></trkpt>
      <trkpt lat="42.537360" lon="-5.446310"><ele>801.0</ele></trkpt>
      <trkpt lat="42.537360" lon="-5.446320"><ele>801.0</ele></trkpt>
      <trkpt lat="42.537600" lon="-5.446520"><ele>800.1</ele></trkpt>
      <trkpt lat="42.537850" lon="-5.446730"><ele>799.3</ele></trkpt>
      <trkpt lat="42.538110" lon="-5.446920"><ele>798.5</ele></trkpt>
      <trkpt lat="42.538120" lon="-5.446920"><ele>798.5</ele></trkpt>
      <trkpt lat="42.538350" lon="-5.447110"><ele>797.8</ele></trkpt>
      <trkpt lat="42.538350" lon="-5.447110"><ele>797.8</ele></trkpt>
      <trkpt lat="42.538510" lon="-5.447250"><ele>797.6</ele></trkpt>
      <trkpt lat="42.538720" lon="-5.447420"><ele>797.7</ele></trkpt>
      <trkpt lat="42.538940" lon="-5.447580"><ele>797.7</ele></trkpt>
      <trkpt lat="42.538960" lon="-5.447590"><ele>797.7</ele></trkpt>
      <trkpt lat="42.539210" lon="-5.447770"><ele>797.7</ele></trkpt>
      <trkpt lat="42.539470" lon="-5.447970"><ele>797.7</ele></trkpt>
      <trkpt lat="42.539750" lon="-5.448170"><ele>797.5</ele></trkpt>
      <trkpt lat="42.539990" lon="-5.448360"><ele>797.3</ele></trkpt>
      <trkpt lat="42.540180" lon="-5.448510"><ele>797.3</ele></trkpt>
      <trkpt lat="42.540190" lon="-5.448520"><ele>797.3</ele></trkpt>
      <trkpt lat="42.540360" lon="-5.448620"><ele>797.4</ele></trkpt>
      <trkpt lat="42.540570" lon="-5.448780"><ele>797.7</ele></trkpt>
      <trkpt lat="42.540590" lon="-5.448780"><ele>797.7</ele></trkpt>
      <trkpt lat="42.540740" lon="-5.448900"><ele>797.9</ele></trkpt>
      <trkpt lat="42.540750" lon="-5.448900"><ele>798.0</ele></trkpt>
      <trkpt lat="42.540920" lon="-5.449030"><ele>798.1</ele></trkpt>
      <trkpt lat="42.540930" lon="-5.449030"><ele>798.1</ele></trkpt>
      <trkpt lat="42.541010" lon="-5.449060"><ele>798.2</ele></trkpt>
      <trkpt lat="42.541070" lon="-5.449060"><ele>798.2</ele></trkpt>
      <trkpt lat="42.541120" lon="-5.449060"><ele>798.2</ele></trkpt>
      <trkpt lat="42.541150" lon="-5.449080"><ele>798.3</ele></trkpt>
      <trkpt lat="42.541280" lon="-5.449190"><ele>798.4</ele></trkpt>
      <trkpt lat="42.541320" lon="-5.449200"><ele>798.5</ele></trkpt>
      <trkpt lat="42.541350" lon="-5.449220"><ele>798.5</ele></trkpt>
      <trkpt lat="42.541380" lon="-5.449240"><ele>798.6</ele></trkpt>
      <trkpt lat="42.541420" lon="-5.449250"><ele>798.6</ele></trkpt>
      <trkpt lat="42.541460" lon="-5.449280"><ele>798.7</ele></trkpt>
      <trkpt lat="42.541500" lon="-5.449310"><ele>798.8</ele></trkpt>
      <trkpt lat="42.541550" lon="-5.449340"><ele>798.9</ele></trkpt>
      <trkpt lat="42.541580" lon="-5.449370"><ele>798.9</ele></trkpt>
      <trkpt lat="42.541620" lon="-5.449400"><ele>799.0</ele></trkpt>
      <trkpt lat="42.541640" lon="-5.449440"><ele>799.1</ele></trkpt>
      <trkpt lat="42.541680" lon="-5.449470"><ele>799.2</ele></trkpt>
      <trkpt lat="42.541710" lon="-5.449500"><ele>799.2</ele></trkpt>
      <trkpt lat="42.541740" lon="-5.449540"><ele>799.2</ele></trkpt>
      <trkpt lat="42.541780" lon="-5.449560"><ele>799.2</ele></trkpt>
      <trkpt lat="42.541800" lon="-5.449590"><ele>799.3</ele></trkpt>
      <trkpt lat="42.541830" lon="-5.449640"><ele>799.3</ele></trkpt>
      <trkpt lat="42.541860" lon="-5.449660"><ele>799.3</ele></trkpt>
      <trkpt lat="42.541880" lon="-5.449700"><ele>799.3</ele></trkpt>
      <trkpt lat="42.541920" lon="-5.449730"><ele>799.4</ele></trkpt>
      <trkpt lat="42.541950" lon="-5.449770"><ele>799.4</ele></trkpt>
      <trkpt lat="42.541990" lon="-5.449810"><ele>799.4</ele></trkpt>
      <trkpt lat="42.542010" lon="-5.449840"><ele>799.4</ele></trkpt>
      <trkpt lat="42.542040" lon="-5.449860"><ele>799.4</ele></trkpt>
      <trkpt lat="42.542060" lon="-5.449930"><ele>799.5</ele></trkpt>
      <trkpt lat="42.542100" lon="-5.449970"><ele>799.5</ele></trkpt>
      <trkpt lat="42.542120" lon="-5.450000"><ele>799.5</ele></trkpt>
      <trkpt lat="42.542150" lon="-5.450040"><ele>799.6</ele></trkpt>
      <trkpt lat="42.542180" lon="-5.450070"><ele>799.6</ele></trkpt>
      <trkpt lat="42.542220" lon="-5.450090"><ele>799.6</ele></trkpt>
      <trkpt lat="42.542240" lon="-5.450120"><ele>799.6</ele></trkpt>
      <trkpt lat="42.542270" lon="-5.450150"><ele>799.7</ele></trkpt>
      <trkpt lat="42.542320" lon="-5.450180"><ele>799.7</ele></trkpt>
      <trkpt lat="42.542350" lon="-5.450210"><ele>799.7</ele></trkpt>
      <trkpt lat="42.542380" lon="-5.450230"><ele>799.7</ele></trkpt>
      <trkpt lat="42.542400" lon="-5.450260"><ele>799.7</ele></trkpt>
      <trkpt lat="42.542430" lon="-5.450300"><ele>799.8</ele></trkpt>
      <trkpt lat="42.542460" lon="-5.450340"><ele>799.8</ele></trkpt>
      <trkpt lat="42.542490" lon="-5.450370"><ele>799.8</ele></trkpt>
      <trkpt lat="42.542510" lon="-5.450410"><ele>799.8</ele></trkpt>
      <trkpt lat="42.542540" lon="-5.450430"><ele>799.7</ele></trkpt>
      <trkpt lat="42.542580" lon="-5.450470"><ele>799.7</ele></trkpt>
      <trkpt lat="42.542590" lon="-5.450470"><ele>799.7</ele></trkpt>
      <trkpt lat="42.542660" lon="-5.450500"><ele>799.7</ele></trkpt>
      <trkpt lat="42.542680" lon="-5.450530"><ele>799.7</ele></trkpt>
      <trkpt lat="42.542710" lon="-5.450550"><ele>799.7</ele></trkpt>
      <trkpt lat="42.542740" lon="-5.450580"><ele>799.7</ele></trkpt>
      <trkpt lat="42.542770" lon="-5.450620"><ele>799.6</ele></trkpt>
      <trkpt lat="42.542780" lon="-5.450670"><ele>799.6</ele></trkpt>
      <trkpt lat="42.542800" lon="-5.450710"><ele>799.5</ele></trkpt>
      <trkpt lat="42.542820" lon="-5.450750"><ele>799.5</ele></trkpt>
      <trkpt lat="42.542830" lon="-5.450790"><ele>799.4</ele></trkpt>
      <trkpt lat="42.542830" lon="-5.450850"><ele>799.3</ele></trkpt>
      <trkpt lat="42.542830" lon="-5.450900"><ele>799.3</ele></trkpt>
      <trkpt lat="42.542820" lon="-5.450960"><ele>799.2</ele></trkpt>
      <trkpt lat="42.542800" lon="-5.450990"><ele>799.2</ele></trkpt>
      <trkpt lat="42.542790" lon="-5.451040"><ele>799.1</ele></trkpt>
      <trkpt lat="42.542770" lon="-5.451090"><ele>799.1</ele></trkpt>
      <trkpt lat="42.542760" lon="-5.451130"><ele>799.0</ele></trkpt>
      <trkpt lat="42.542740" lon="-5.451180"><ele>799.0</ele></trkpt>
      <trkpt lat="42.542730" lon="-5.451220"><ele>798.9</ele></trkpt>
      <trkpt lat="42.542730" lon="-5.451290"><ele>798.9</ele></trkpt>
      <trkpt lat="42.542740" lon="-5.451340"><ele>798.9</ele></trkpt>
      <trkpt lat="42.542750" lon="-5.451350"><ele>798.9</ele></trkpt>
      <trkpt lat="42.542840" lon="-5.451430"><ele>798.8</ele></trkpt>
      <trkpt lat="42.542970" lon="-5.451560"><ele>798.7</ele></trkpt>
      <trkpt lat="42.543090" lon="-5.451710"><ele>798.7</ele></trkpt>
      <trkpt lat="42.543100" lon="-5.451710"><ele>798.7</ele></trkpt>
      <trkpt lat="42.543160" lon="-5.451800"><ele>799.0</ele></trkpt>
      <trkpt lat="42.543180" lon="-5.451840"><ele>799.1</ele></trkpt>
      <trkpt lat="42.543210" lon="-5.451880"><ele>799.2</ele></trkpt>
      <trkpt lat="42.543230" lon="-5.451920"><ele>799.3</ele></trkpt>
      <trkpt lat="42.543250" lon="-5.451960"><ele>799.4</ele></trkpt>
      <trkpt lat="42.543270" lon="-5.451990"><ele>799.6</ele></trkpt>
      <trkpt lat="42.543290" lon="-5.452050"><ele>799.7</ele></trkpt>
      <trkpt lat="42.543310" lon="-5.452090"><ele>799.7</ele></trkpt>
      <trkpt lat="42.543330" lon="-5.452150"><ele>799.9</ele></trkpt>
      <trkpt lat="42.543350" lon="-5.452210"><ele>800.0</ele></trkpt>
      <trkpt lat="42.543370" lon="-5.452230"><ele>800.1</ele></trkpt>
      <trkpt lat="42.543390" lon="-5.452280"><ele>800.2</ele></trkpt>
      <trkpt lat="42.543410" lon="-5.452330"><ele>800.3</ele></trkpt>
      <trkpt lat="42.543420" lon="-5.452370"><ele>800.5</ele></trkpt>
      <trkpt lat="42.543430" lon="-5.452430"><ele>800.6</ele></trkpt>
      <trkpt lat="42.543450" lon="-5.452490"><ele>800.8</ele></trkpt>
      <trkpt lat="42.543470" lon="-5.452550"><ele>800.9</ele></trkpt>
      <trkpt lat="42.543480" lon="-5.452610"><ele>801.0</ele></trkpt>
      <trkpt lat="42.543490" lon="-5.452660"><ele>801.1</ele></trkpt>
      <trkpt lat="42.543500" lon="-5.452730"><ele>801.3</ele></trkpt>
      <trkpt lat="42.543500" lon="-5.452800"><ele>801.4</ele></trkpt>
      <trkpt lat="42.543510" lon="-5.452840"><ele>801.6</ele></trkpt>
      <trkpt lat="42.543520" lon="-5.452920"><ele>801.7</ele></trkpt>
      <trkpt lat="42.543530" lon="-5.452980"><ele>801.9</ele></trkpt>
      <trkpt lat="42.543540" lon="-5.453040"><ele>802.0</ele></trkpt>
      <trkpt lat="42.543550" lon="-5.453110"><ele>802.2</ele></trkpt>
      <trkpt lat="42.543570" lon="-5.453170"><ele>802.3</ele></trkpt>
      <trkpt lat="42.543570" lon="-5.453200"><ele>802.4</ele></trkpt>
      <trkpt lat="42.543600" lon="-5.453290"><ele>802.5</ele></trkpt>
      <trkpt lat="42.543610" lon="-5.453370"><ele>802.6</ele></trkpt>
      <trkpt lat="42.543620" lon="-5.453410"><ele>802.6</ele></trkpt>
      <trkpt lat="42.543640" lon="-5.453470"><ele>802.6</ele></trkpt>
      <trkpt lat="42.543650" lon="-5.453520"><ele>802.6</ele></trkpt>
      <trkpt lat="42.543660" lon="-5.453570"><ele>802.6</ele></trkpt>
      <trkpt lat="42.543680" lon="-5.453620"><ele>802.6</ele></trkpt>
      <trkpt lat="42.543700" lon="-5.453660"><ele>802.7</ele></trkpt>
      <trkpt lat="42.543730" lon="-5.453690"><ele>802.7</ele></trkpt>
      <trkpt lat="42.543750" lon="-5.453740"><ele>802.8</ele></trkpt>
      <trkpt lat="42.543760" lon="-5.453790"><ele>802.9</ele></trkpt>
      <trkpt lat="42.543780" lon="-5.453850"><ele>803.0</ele></trkpt>
      <trkpt lat="42.543800" lon="-5.453910"><ele>803.1</ele></trkpt>
      <trkpt lat="42.543810" lon="-5.453960"><ele>803.2</ele></trkpt>
      <trkpt lat="42.543820" lon="-5.454010"><ele>803.3</ele></trkpt>
      <trkpt lat="42.543840" lon="-5.454080"><ele>803.4</ele></trkpt>
      <trkpt lat="42.543860" lon="-5.454140"><ele>803.5</ele></trkpt>
      <trkpt lat="42.543870" lon="-5.454190"><ele>803.6</ele></trkpt>
      <trkpt lat="42.543880" lon="-5.454240"><ele>803.6</ele></trkpt>
      <trkpt lat="42.543890" lon="-5.454310"><ele>803.7</ele></trkpt>
      <trkpt lat="42.543910" lon="-5.454390"><ele>803.8</ele></trkpt>
      <trkpt lat="42.543910" lon="-5.454440"><ele>803.9</ele></trkpt>
      <trkpt lat="42.543940" lon="-5.454530"><ele>804.0</ele></trkpt>
      <trkpt lat="42.543940" lon="-5.454580"><ele>804.0</ele></trkpt>
      <trkpt lat="42.543970" lon="-5.454620"><ele>804.1</ele></trkpt>
      <trkpt lat="42.543980" lon="-5.454660"><ele>804.1</ele></trkpt>
      <trkpt lat="42.543990" lon="-5.454700"><ele>804.1</ele></trkpt>
      <trkpt lat="42.544020" lon="-5.454750"><ele>804.2</ele></trkpt>
      <trkpt lat="42.544040" lon="-5.454790"><ele>804.2</ele></trkpt>
      <trkpt lat="42.544070" lon="-5.454840"><ele>804.2</ele></trkpt>
      <trkpt lat="42.544080" lon="-5.454900"><ele>804.3</ele></trkpt>
      <trkpt lat="42.544090" lon="-5.454960"><ele>804.3</ele></trkpt>
      <trkpt lat="42.544100" lon="-5.455000"><ele>804.3</ele></trkpt>
      <trkpt lat="42.544110" lon="-5.455050"><ele>804.4</ele></trkpt>
      <trkpt lat="42.544120" lon="-5.455110"><ele>804.4</ele></trkpt>
      <trkpt lat="42.544130" lon="-5.455170"><ele>804.5</ele></trkpt>
      <trkpt lat="42.544140" lon="-5.455240"><ele>804.6</ele></trkpt>
      <trkpt lat="42.544150" lon="-5.455290"><ele>804.6</ele></trkpt>
      <trkpt lat="42.544160" lon="-5.455360"><ele>804.7</ele></trkpt>
      <trkpt lat="42.544180" lon="-5.455420"><ele>804.7</ele></trkpt>
      <trkpt lat="42.544200" lon="-5.455470"><ele>804.8</ele></trkpt>
      <trkpt lat="42.544210" lon="-5.455520"><ele>804.8</ele></trkpt>
      <trkpt lat="42.544220" lon="-5.455580"><ele>804.8</ele></trkpt>
      <trkpt lat="42.544240" lon="-5.455640"><ele>804.9</ele></trkpt>
      <trkpt lat="42.544250" lon="-5.455700"><ele>804.9</ele></trkpt>
      <trkpt lat="42.544250" lon="-5.455710"><ele>804.9</ele></trkpt>
      <trkpt lat="42.544300" lon="-5.455990"><ele>805.1</ele></trkpt>
      <trkpt lat="42.544300" lon="-5.456080"><ele>805.2</ele></trkpt>
      <trkpt lat="42.544300" lon="-5.456140"><ele>805.3</ele></trkpt>
      <trkpt lat="42.544300" lon="-5.456190"><ele>805.4</ele></trkpt>
      <trkpt lat="42.544310" lon="-5.456240"><ele>805.4</ele></trkpt>
      <trkpt lat="42.544320" lon="-5.456290"><ele>805.5</ele></trkpt>
      <trkpt lat="42.544330" lon="-5.456350"><ele>805.6</ele></trkpt>
      <trkpt lat="42.544340" lon="-5.456400"><ele>805.7</ele></trkpt>
      <trkpt lat="42.544350" lon="-5.456450"><ele>805.8</ele></trkpt>
      <trkpt lat="42.544360" lon="-5.456510"><ele>805.8</ele></trkpt>
      <trkpt lat="42.544370" lon="-5.456570"><ele>805.9</ele></trkpt>
      <trkpt lat="42.544370" lon="-5.456640"><ele>806.0</ele></trkpt>
      <trkpt lat="42.544380" lon="-5.456700"><ele>806.1</ele></trkpt>
      <trkpt lat="42.544390" lon="-5.456760"><ele>806.2</ele></trkpt>
      <trkpt lat="42.544400" lon="-5.456800"><ele>806.3</ele></trkpt>
      <trkpt lat="42.544410" lon="-5.456860"><ele>806.4</ele></trkpt>
      <trkpt lat="42.544430" lon="-5.456910"><ele>806.5</ele></trkpt>
      <trkpt lat="42.544440" lon="-5.456980"><ele>806.6</ele></trkpt>
      <trkpt lat="42.544450" lon="-5.457030"><ele>806.7</ele></trkpt>
      <trkpt lat="42.544470" lon="-5.457100"><ele>806.8</ele></trkpt>
      <trkpt lat="42.544480" lon="-5.457140"><ele>806.9</ele></trkpt>
      <trkpt lat="42.544490" lon="-5.457210"><ele>807.1</ele></trkpt>
      <trkpt lat="42.544500" lon="-5.457260"><ele>807.2</ele></trkpt>
      <trkpt lat="42.544510" lon="-5.457320"><ele>807.3</ele></trkpt>
      <trkpt lat="42.544530" lon="-5.457370"><ele>807.4</ele></trkpt>
      <trkpt lat="42.544550" lon="-5.457430"><ele>807.5</ele></trkpt>
      <trkpt lat="42.544560" lon="-5.457480"><ele>807.6</ele></trkpt>
      <trkpt lat="42.544570" lon="-5.457540"><ele>807.7</ele></trkpt>
      <trkpt lat="42.544600" lon="-5.457590"><ele>807.8</ele></trkpt>
      <trkpt lat="42.544610" lon="-5.457650"><ele>807.9</ele></trkpt>
      <trkpt lat="42.544630" lon="-5.457700"><ele>808.1</ele></trkpt>
      <trkpt lat="42.544650" lon="-5.457760"><ele>808.2</ele></trkpt>
      <trkpt lat="42.544670" lon="-5.457830"><ele>808.3</ele></trkpt>
      <trkpt lat="42.544690" lon="-5.457870"><ele>808.4</ele></trkpt>
      <trkpt lat="42.544710" lon="-5.457920"><ele>808.4</ele></trkpt>
      <trkpt lat="42.544720" lon="-5.457980"><ele>808.5</ele></trkpt>
      <trkpt lat="42.544740" lon="-5.458020"><ele>808.5</ele></trkpt>
      <trkpt lat="42.544770" lon="-5.458070"><ele>808.6</ele></trkpt>
      <trkpt lat="42.544800" lon="-5.458110"><ele>808.7</ele></trkpt>
      <trkpt lat="42.544820" lon="-5.458160"><ele>808.7</ele></trkpt>
      <trkpt lat="42.544850" lon="-5.458200"><ele>808.8</ele></trkpt>
      <trkpt lat="42.544870" lon="-5.458240"><ele>808.8</ele></trkpt>
      <trkpt lat="42.544900" lon="-5.458280"><ele>808.9</ele></trkpt>
      <trkpt lat="42.544930" lon="-5.458340"><ele>808.9</ele></trkpt>
      <trkpt lat="42.544950" lon="-5.458380"><ele>808.9</ele></trkpt>
      <trkpt lat="42.544980" lon="-5.458430"><ele>808.9</ele></trkpt>
      <trkpt lat="42.545010" lon="-5.458460"><ele>808.9</ele></trkpt>
      <trkpt lat="42.545040" lon="-5.458500"><ele>808.8</ele></trkpt>
      <trkpt lat="42.545070" lon="-5.458540"><ele>808.8</ele></trkpt>
      <trkpt lat="42.545100" lon="-5.458580"><ele>808.8</ele></trkpt>
      <trkpt lat="42.545130" lon="-5.458600"><ele>808.8</ele></trkpt>
      <trkpt lat="42.545150" lon="-5.458630"><ele>808.8</ele></trkpt>
      <trkpt lat="42.545180" lon="-5.458670"><ele>808.8</ele></trkpt>
      <trkpt lat="42.545220" lon="-5.458720"><ele>808.8</ele></trkpt>
      <trkpt lat="42.545240" lon="-5.458750"><ele>808.8</ele></trkpt>
      <trkpt lat="42.545280" lon="-5.458790"><ele>808.8</ele></trkpt>
      <trkpt lat="42.545300" lon="-5.458830"><ele>808.7</ele></trkpt>
      <trkpt lat="42.545340" lon="-5.458870"><ele>808.7</ele></trkpt>
      <trkpt lat="42.545360" lon="-5.458910"><ele>808.7</ele></trkpt>
      <trkpt lat="42.545400" lon="-5.458940"><ele>808.6</ele></trkpt>
      <trkpt lat="42.545420" lon="-5.458980"><ele>808.6</ele></trkpt>
      <trkpt lat="42.545450" lon="-5.459020"><ele>808.5</ele></trkpt>
      <trkpt lat="42.545480" lon="-5.459070"><ele>808.5</ele></trkpt>
      <trkpt lat="42.545500" lon="-5.459110"><ele>808.4</ele></trkpt>
      <trkpt lat="42.545540" lon="-5.459160"><ele>808.3</ele></trkpt>
      <trkpt lat="42.545570" lon="-5.459200"><ele>808.3</ele></trkpt>
      <trkpt lat="42.545590" lon="-5.459250"><ele>808.2</ele></trkpt>
      <trkpt lat="42.545610" lon="-5.459280"><ele>808.2</ele></trkpt>
      <trkpt lat="42.545870" lon="-5.459650"><ele>808.0</ele></trkpt>
      <trkpt lat="42.545870" lon="-5.459670"><ele>808.0</ele></trkpt>
      <trkpt lat="42.546170" lon="-5.460090"><ele>808.2</ele></trkpt>
      <trkpt lat="42.546400" lon="-5.460420"><ele>808.4</ele></trkpt>
      <trkpt lat="42.546610" lon="-5.460710"><ele>808.7</ele></trkpt>
      <trkpt lat="42.546620" lon="-5.460710"><ele>808.7</ele></trkpt>
      <trkpt lat="42.546870" lon="-5.461030"><ele>808.8</ele></trkpt>
      <trkpt lat="42.547060" lon="-5.461330"><ele>808.3</ele></trkpt>
      <trkpt lat="42.547320" lon="-5.461670"><ele>808.0</ele></trkpt>
      <trkpt lat="42.547480" lon="-5.461900"><ele>808.0</ele></trkpt>
      <trkpt lat="42.547590" lon="-5.462060"><ele>808.0</ele></trkpt>
      <trkpt lat="42.547900" lon="-5.462420"><ele>808.0</ele></trkpt>
      <trkpt lat="42.548150" lon="-5.462770"><ele>808.0</ele></trkpt>
      <trkpt lat="42.548410" lon="-5.463150"><ele>808.1</ele></trkpt>
      <trkpt lat="42.548700" lon="-5.463530"><ele>808.4</ele></trkpt>
      <trkpt lat="42.548710" lon="-5.463530"><ele>808.3</ele></trkpt>
      <trkpt lat="42.549070" lon="-5.464040"><ele>808.5</ele></trkpt>
      <trkpt lat="42.549310" lon="-5.464370"><ele>808.7</ele></trkpt>
      <trkpt lat="42.549310" lon="-5.464370"><ele>808.7</ele></trkpt>
      <trkpt lat="42.549530" lon="-5.464660"><ele>808.9</ele></trkpt>
      <trkpt lat="42.549530" lon="-5.464660"><ele>808.9</ele></trkpt>
      <trkpt lat="42.549780" lon="-5.464970"><ele>808.9</ele></trkpt>
      <trkpt lat="42.550080" lon="-5.465390"><ele>808.8</ele></trkpt>
      <trkpt lat="42.550090" lon="-5.465400"><ele>808.8</ele></trkpt>
      <trkpt lat="42.550340" lon="-5.465720"><ele>808.7</ele></trkpt>
      <trkpt lat="42.550530" lon="-5.465990"><ele>808.8</ele></trkpt>
      <trkpt lat="42.550670" lon="-5.466190"><ele>808.8</ele></trkpt>
      <trkpt lat="42.550820" lon="-5.466380"><ele>808.8</ele></trkpt>
      <trkpt lat="42.550820" lon="-5.466390"><ele>808.8</ele></trkpt>
      <trkpt lat="42.550920" lon="-5.466510"><ele>808.9</ele></trkpt>
      <trkpt lat="42.550960" lon="-5.466510"><ele>808.8</ele></trkpt>
      <trkpt lat="42.551000" lon="-5.466510"><ele>808.7</ele></trkpt>
      <trkpt lat="42.551040" lon="-5.466510"><ele>808.7</ele></trkpt>
      <trkpt lat="42.551090" lon="-5.466510"><ele>808.6</ele></trkpt>
      <trkpt lat="42.551130" lon="-5.466510"><ele>808.5</ele></trkpt>
      <trkpt lat="42.551160" lon="-5.466520"><ele>808.4</ele></trkpt>
      <trkpt lat="42.551210" lon="-5.466520"><ele>808.3</ele></trkpt>
      <trkpt lat="42.551240" lon="-5.466540"><ele>808.3</ele></trkpt>
      <trkpt lat="42.551280" lon="-5.466550"><ele>808.2</ele></trkpt>
      <trkpt lat="42.551310" lon="-5.466570"><ele>808.2</ele></trkpt>
      <trkpt lat="42.551340" lon="-5.466590"><ele>808.1</ele></trkpt>
      <trkpt lat="42.551380" lon="-5.466610"><ele>808.1</ele></trkpt>
      <trkpt lat="42.551400" lon="-5.466640"><ele>808.0</ele></trkpt>
      <trkpt lat="42.551440" lon="-5.466660"><ele>808.1</ele></trkpt>
      <trkpt lat="42.551470" lon="-5.466690"><ele>808.1</ele></trkpt>
      <trkpt lat="42.551510" lon="-5.466710"><ele>808.1</ele></trkpt>
      <trkpt lat="42.551540" lon="-5.466740"><ele>808.1</ele></trkpt>
      <trkpt lat="42.551570" lon="-5.466790"><ele>808.1</ele></trkpt>
      <trkpt lat="42.551590" lon="-5.466820"><ele>808.2</ele></trkpt>
      <trkpt lat="42.551620" lon="-5.466840"><ele>808.2</ele></trkpt>
      <trkpt lat="42.551640" lon="-5.466880"><ele>808.2</ele></trkpt>
      <trkpt lat="42.551680" lon="-5.466900"><ele>808.2</ele></trkpt>
      <trkpt lat="42.551700" lon="-5.466930"><ele>808.2</ele></trkpt>
      <trkpt lat="42.551890" lon="-5.467140"><ele>808.5</ele></trkpt>
      <trkpt lat="42.552050" lon="-5.467300"><ele>808.8</ele></trkpt>
      <trkpt lat="42.552250" lon="-5.467490"><ele>808.9</ele></trkpt>
      <trkpt lat="42.552260" lon="-5.467500"><ele>808.9</ele></trkpt>
      <trkpt lat="42.552450" lon="-5.467720"><ele>809.3</ele></trkpt>
      <trkpt lat="42.552660" lon="-5.467940"><ele>809.9</ele></trkpt>
      <trkpt lat="42.552910" lon="-5.468200"><ele>810.8</ele></trkpt>
      <trkpt lat="42.553180" lon="-5.468460"><ele>812.1</ele></trkpt>
      <trkpt lat="42.553400" lon="-5.468640"><ele>812.6</ele></trkpt>
      <trkpt lat="42.553430" lon="-5.468670"><ele>812.7</ele></trkpt>
      <trkpt lat="42.553470" lon="-5.468710"><ele>812.8</ele></trkpt>
      <trkpt lat="42.553500" lon="-5.468740"><ele>812.9</ele></trkpt>
      <trkpt lat="42.553540" lon="-5.468770"><ele>813.0</ele></trkpt>
      <trkpt lat="42.553580" lon="-5.468810"><ele>813.1</ele></trkpt>
      <trkpt lat="42.553610" lon="-5.468830"><ele>813.2</ele></trkpt>
      <trkpt lat="42.553630" lon="-5.468880"><ele>813.3</ele></trkpt>
      <trkpt lat="42.553670" lon="-5.468910"><ele>813.4</ele></trkpt>
      <trkpt lat="42.553690" lon="-5.468950"><ele>813.5</ele></trkpt>
      <trkpt lat="42.553720" lon="-5.469000"><ele>813.6</ele></trkpt>
      <trkpt lat="42.553740" lon="-5.469040"><ele>813.7</ele></trkpt>
      <trkpt lat="42.553770" lon="-5.469090"><ele>813.9</ele></trkpt>
      <trkpt lat="42.553800" lon="-5.469140"><ele>814.0</ele></trkpt>
      <trkpt lat="42.553830" lon="-5.469180"><ele>814.2</ele></trkpt>
      <trkpt lat="42.553860" lon="-5.469210"><ele>814.3</ele></trkpt>
      <trkpt lat="42.553880" lon="-5.469270"><ele>814.5</ele></trkpt>
      <trkpt lat="42.553910" lon="-5.469310"><ele>814.7</ele></trkpt>
      <trkpt lat="42.553940" lon="-5.469340"><ele>814.9</ele></trkpt>
      <trkpt lat="42.553960" lon="-5.469360"><ele>815.0</ele></trkpt>
      <trkpt lat="42.553990" lon="-5.469390"><ele>815.2</ele></trkpt>
      <trkpt lat="42.554010" lon="-5.469430"><ele>815.3</ele></trkpt>
      <trkpt lat="42.554030" lon="-5.469460"><ele>815.5</ele></trkpt>
      <trkpt lat="42.554060" lon="-5.469500"><ele>815.6</ele></trkpt>
      <trkpt lat="42.554090" lon="-5.469530"><ele>815.8</ele></trkpt>
      <trkpt lat="42.554120" lon="-5.469570"><ele>816.0</ele></trkpt>
      <trkpt lat="42.554150" lon="-5.469600"><ele>816.2</ele></trkpt>
      <trkpt lat="42.554170" lon="-5.469630"><ele>816.3</ele></trkpt>
      <trkpt lat="42.554190" lon="-5.469670"><ele>816.4</ele></trkpt>
      <trkpt lat="42.554210" lon="-5.469720"><ele>816.4</ele></trkpt>
      <trkpt lat="42.554240" lon="-5.469750"><ele>816.5</ele></trkpt>
      <trkpt lat="42.554250" lon="-5.469760"><ele>816.5</ele></trkpt>
      <trkpt lat="42.554350" lon="-5.469880"><ele>816.6</ele></trkpt>
      <trkpt lat="42.554390" lon="-5.469910"><ele>816.6</ele></trkpt>
      <trkpt lat="42.554420" lon="-5.469930"><ele>816.6</ele></trkpt>
      <trkpt lat="42.554450" lon="-5.469960"><ele>816.6</ele></trkpt>
      <trkpt lat="42.554470" lon="-5.470000"><ele>816.7</ele></trkpt>
      <trkpt lat="42.554500" lon="-5.470040"><ele>816.7</ele></trkpt>
      <trkpt lat="42.554520" lon="-5.470090"><ele>816.7</ele></trkpt>
      <trkpt lat="42.554550" lon="-5.470120"><ele>816.7</ele></trkpt>
      <trkpt lat="42.554580" lon="-5.470150"><ele>816.8</ele></trkpt>
      <trkpt lat="42.554610" lon="-5.470190"><ele>816.8</ele></trkpt>
      <trkpt lat="42.554640" lon="-5.470250"><ele>816.8</ele></trkpt>
      <trkpt lat="42.554670" lon="-5.470290"><ele>816.8</ele></trkpt>
      <trkpt lat="42.554700" lon="-5.470320"><ele>816.8</ele></trkpt>
      <trkpt lat="42.554730" lon="-5.470350"><ele>816.8</ele></trkpt>
      <trkpt lat="42.554760" lon="-5.470390"><ele>816.8</ele></trkpt>
      <trkpt lat="42.554790" lon="-5.470430"><ele>816.7</ele></trkpt>
      <trkpt lat="42.554810" lon="-5.470480"><ele>816.7</ele></trkpt>
      <trkpt lat="42.554830" lon="-5.470500"><ele>816.7</ele></trkpt>
      <trkpt lat="42.554940" lon="-5.470660"><ele>816.6</ele></trkpt>
      <trkpt lat="42.554960" lon="-5.470700"><ele>816.6</ele></trkpt>
      <trkpt lat="42.554990" lon="-5.470750"><ele>816.6</ele></trkpt>
      <trkpt lat="42.555020" lon="-5.470800"><ele>816.7</ele></trkpt>
      <trkpt lat="42.555050" lon="-5.470830"><ele>816.7</ele></trkpt>
      <trkpt lat="42.555080" lon="-5.470870"><ele>816.7</ele></trkpt>
      <trkpt lat="42.555110" lon="-5.470920"><ele>816.7</ele></trkpt>
      <trkpt lat="42.555140" lon="-5.470960"><ele>816.7</ele></trkpt>
      <trkpt lat="42.555160" lon="-5.471000"><ele>816.7</ele></trkpt>
      <trkpt lat="42.555180" lon="-5.471050"><ele>816.6</ele></trkpt>
      <trkpt lat="42.555210" lon="-5.471100"><ele>816.6</ele></trkpt>
      <trkpt lat="42.555240" lon="-5.471130"><ele>816.6</ele></trkpt>
      <trkpt lat="42.555340" lon="-5.471310"><ele>816.8</ele></trkpt>
      <trkpt lat="42.555440" lon="-5.471520"><ele>817.5</ele></trkpt>
      <trkpt lat="42.555550" lon="-5.471710"><ele>818.2</ele></trkpt>
      <trkpt lat="42.555660" lon="-5.471870"><ele>818.6</ele></trkpt>
      <trkpt lat="42.555790" lon="-5.472180"><ele>819.4</ele></trkpt>
      <trkpt lat="42.555900" lon="-5.472410"><ele>819.7</ele></trkpt>
      <trkpt lat="42.555940" lon="-5.472450"><ele>819.7</ele></trkpt>
      <trkpt lat="42.555960" lon="-5.472500"><ele>819.8</ele></trkpt>
      <trkpt lat="42.555990" lon="-5.472550"><ele>819.8</ele></trkpt>
      <trkpt lat="42.556020" lon="-5.472590"><ele>819.9</ele></trkpt>
      <trkpt lat="42.556040" lon="-5.472630"><ele>819.9</ele></trkpt>
      <trkpt lat="42.556070" lon="-5.472690"><ele>820.0</ele></trkpt>
      <trkpt lat="42.556090" lon="-5.472760"><ele>820.1</ele></trkpt>
      <trkpt lat="42.556120" lon="-5.472810"><ele>820.1</ele></trkpt>
      <trkpt lat="42.556150" lon="-5.472870"><ele>820.1</ele></trkpt>
      <trkpt lat="42.556170" lon="-5.472920"><ele>820.2</ele></trkpt>
      <trkpt lat="42.556200" lon="-5.472960"><ele>820.1</ele></trkpt>
      <trkpt lat="42.556220" lon="-5.473000"><ele>820.2</ele></trkpt>
      <trkpt lat="42.556240" lon="-5.473050"><ele>820.2</ele></trkpt>
      <trkpt lat="42.556270" lon="-5.473100"><ele>820.2</ele></trkpt>
      <trkpt lat="42.556290" lon="-5.473150"><ele>820.2</ele></trkpt>
      <trkpt lat="42.556310" lon="-5.473200"><ele>820.2</ele></trkpt>
      <trkpt lat="42.556330" lon="-5.473260"><ele>820.2</ele></trkpt>
      <trkpt lat="42.556340" lon="-5.473320"><ele>820.2</ele></trkpt>
      <trkpt lat="42.556350" lon="-5.473360"><ele>820.3</ele></trkpt>
      <trkpt lat="42.556370" lon="-5.473400"><ele>820.2</ele></trkpt>
      <trkpt lat="42.556370" lon="-5.473450"><ele>820.3</ele></trkpt>
      <trkpt lat="42.556390" lon="-5.473510"><ele>820.3</ele></trkpt>
      <trkpt lat="42.556400" lon="-5.473570"><ele>820.3</ele></trkpt>
      <trkpt lat="42.556410" lon="-5.473610"><ele>820.3</ele></trkpt>
      <trkpt lat="42.556430" lon="-5.473660"><ele>820.2</ele></trkpt>
      <trkpt lat="42.556460" lon="-5.473730"><ele>820.1</ele></trkpt>
      <trkpt lat="42.556480" lon="-5.473780"><ele>820.1</ele></trkpt>
      <trkpt lat="42.556500" lon="-5.473850"><ele>820.1</ele></trkpt>
      <trkpt lat="42.556520" lon="-5.473920"><ele>820.1</ele></trkpt>
      <trkpt lat="42.556540" lon="-5.473980"><ele>820.0</ele></trkpt>
      <trkpt lat="42.556560" lon="-5.474030"><ele>820.0</ele></trkpt>
      <trkpt lat="42.556570" lon="-5.474080"><ele>820.0</ele></trkpt>
      <trkpt lat="42.556590" lon="-5.474130"><ele>820.0</ele></trkpt>
      <trkpt lat="42.556610" lon="-5.474200"><ele>820.0</ele></trkpt>
      <trkpt lat="42.556630" lon="-5.474240"><ele>820.0</ele></trkpt>
      <trkpt lat="42.556650" lon="-5.474290"><ele>820.0</ele></trkpt>
      <trkpt lat="42.556670" lon="-5.474350"><ele>819.9</ele></trkpt>
      <trkpt lat="42.556680" lon="-5.474400"><ele>820.0</ele></trkpt>
      <trkpt lat="42.556690" lon="-5.474470"><ele>820.0</ele></trkpt>
      <trkpt lat="42.556720" lon="-5.474520"><ele>819.9</ele></trkpt>
      <trkpt lat="42.556730" lon="-5.474590"><ele>819.9</ele></trkpt>
      <trkpt lat="42.556750" lon="-5.474650"><ele>819.9</ele></trkpt>
      <trkpt lat="42.556770" lon="-5.474680"><ele>819.9</ele></trkpt>
      <trkpt lat="42.556790" lon="-5.474730"><ele>819.9</ele></trkpt>
      <trkpt lat="42.556810" lon="-5.474800"><ele>819.9</ele></trkpt>
      <trkpt lat="42.556840" lon="-5.474880"><ele>819.8</ele></trkpt>
      <trkpt lat="42.556870" lon="-5.474940"><ele>819.8</ele></trkpt>
      <trkpt lat="42.556870" lon="-5.474960"><ele>819.8</ele></trkpt>
      <trkpt lat="42.556920" lon="-5.475080"><ele>819.9</ele></trkpt>
      <trkpt lat="42.556940" lon="-5.475120"><ele>819.9</ele></trkpt>
      <trkpt lat="42.556950" lon="-5.475180"><ele>820.0</ele></trkpt>
      <trkpt lat="42.556970" lon="-5.475220"><ele>820.0</ele></trkpt>
      <trkpt lat="42.556990" lon="-5.475280"><ele>820.1</ele></trkpt>
      <trkpt lat="42.557010" lon="-5.475320"><ele>820.1</ele></trkpt>
      <trkpt lat="42.557030" lon="-5.475370"><ele>820.2</ele></trkpt>
      <trkpt lat="42.557050" lon="-5.475420"><ele>820.3</ele></trkpt>
      <trkpt lat="42.557080" lon="-5.475470"><ele>820.4</ele></trkpt>
      <trkpt lat="42.557100" lon="-5.475510"><ele>820.5</ele></trkpt>
      <trkpt lat="42.557130" lon="-5.475540"><ele>820.5</ele></trkpt>
      <trkpt lat="42.557150" lon="-5.475590"><ele>820.6</ele></trkpt>
      <trkpt lat="42.557180" lon="-5.475620"><ele>820.7</ele></trkpt>
      <trkpt lat="42.557200" lon="-5.475670"><ele>820.8</ele></trkpt>
      <trkpt lat="42.557230" lon="-5.475720"><ele>821.0</ele></trkpt>
      <trkpt lat="42.557260" lon="-5.475780"><ele>821.1</ele></trkpt>
      <trkpt lat="42.557290" lon="-5.475800"><ele>821.2</ele></trkpt>
      <trkpt lat="42.557320" lon="-5.475850"><ele>821.3</ele></trkpt>
      <trkpt lat="42.557360" lon="-5.475880"><ele>821.4</ele></trkpt>
      <trkpt lat="42.557390" lon="-5.475930"><ele>821.5</ele></trkpt>
      <trkpt lat="42.557420" lon="-5.475950"><ele>821.6</ele></trkpt>
      <trkpt lat="42.557450" lon="-5.476000"><ele>821.6</ele></trkpt>
      <trkpt lat="42.557480" lon="-5.476040"><ele>821.7</ele></trkpt>
      <trkpt lat="42.557500" lon="-5.476080"><ele>821.7</ele></trkpt>
      <trkpt lat="42.557530" lon="-5.476120"><ele>821.8</ele></trkpt>
      <trkpt lat="42.557560" lon="-5.476160"><ele>821.8</ele></trkpt>
      <trkpt lat="42.557580" lon="-5.476200"><ele>821.9</ele></trkpt>
      <trkpt lat="42.557600" lon="-5.476240"><ele>822.0</ele></trkpt>
      <trkpt lat="42.557630" lon="-5.476300"><ele>822.0</ele></trkpt>
      <trkpt lat="42.557660" lon="-5.476340"><ele>822.1</ele></trkpt>
      <trkpt lat="42.557690" lon="-5.476370"><ele>822.1</ele></trkpt>
      <trkpt lat="42.557710" lon="-5.476420"><ele>822.2</ele></trkpt>
      <trkpt lat="42.557740" lon="-5.476470"><ele>822.3</ele></trkpt>
      <trkpt lat="42.557770" lon="-5.476510"><ele>822.3</ele></trkpt>
      <trkpt lat="42.557800" lon="-5.476550"><ele>822.4</ele></trkpt>
      <trkpt lat="42.557820" lon="-5.476590"><ele>822.4</ele></trkpt>
      <trkpt lat="42.557850" lon="-5.476630"><ele>822.5</ele></trkpt>
      <trkpt lat="42.557890" lon="-5.476670"><ele>822.5</ele></trkpt>
      <trkpt lat="42.557900" lon="-5.476700"><ele>822.6</ele></trkpt>
      <trkpt lat="42.558030" lon="-5.476870"><ele>822.8</ele></trkpt>
      <trkpt lat="42.558140" lon="-5.477040"><ele>823.1</ele></trkpt>
      <trkpt lat="42.558170" lon="-5.477080"><ele>823.1</ele></trkpt>
      <trkpt lat="42.558190" lon="-5.477120"><ele>823.2</ele></trkpt>
      <trkpt lat="42.558220" lon="-5.477160"><ele>823.2</ele></trkpt>
      <trkpt lat="42.558250" lon="-5.477190"><ele>823.3</ele></trkpt>
      <trkpt lat="42.558260" lon="-5.477250"><ele>823.3</ele></trkpt>
      <trkpt lat="42.558290" lon="-5.477290"><ele>823.4</ele></trkpt>
      <trkpt lat="42.558310" lon="-5.477340"><ele>823.4</ele></trkpt>
      <trkpt lat="42.558330" lon="-5.477390"><ele>823.5</ele></trkpt>
      <trkpt lat="42.558350" lon="-5.477440"><ele>823.5</ele></trkpt>
      <trkpt lat="42.558370" lon="-5.477490"><ele>823.5</ele></trkpt>
      <trkpt lat="42.558400" lon="-5.477530"><ele>823.5</ele></trkpt>
      <trkpt lat="42.558420" lon="-5.477570"><ele>823.5</ele></trkpt>
      <trkpt lat="42.558440" lon="-5.477620"><ele>823.6</ele></trkpt>
      <trkpt lat="42.558470" lon="-5.477670"><ele>823.6</ele></trkpt>
      <trkpt lat="42.558500" lon="-5.477720"><ele>823.6</ele></trkpt>
      <trkpt lat="42.558530" lon="-5.477760"><ele>823.7</ele></trkpt>
      <trkpt lat="42.558550" lon="-5.477810"><ele>823.7</ele></trkpt>
      <trkpt lat="42.558570" lon="-5.477850"><ele>823.8</ele></trkpt>
      <trkpt lat="42.558600" lon="-5.477890"><ele>823.8</ele></trkpt>
      <trkpt lat="42.558630" lon="-5.477940"><ele>823.8</ele></trkpt>
      <trkpt lat="42.558660" lon="-5.477980"><ele>823.8</ele></trkpt>
      <trkpt lat="42.558690" lon="-5.478010"><ele>823.8</ele></trkpt>
      <trkpt lat="42.558710" lon="-5.478060"><ele>823.9</ele></trkpt>
      <trkpt lat="42.558740" lon="-5.478100"><ele>823.9</ele></trkpt>
      <trkpt lat="42.558770" lon="-5.478150"><ele>823.9</ele></trkpt>
      <trkpt lat="42.558790" lon="-5.478190"><ele>824.0</ele></trkpt>
      <trkpt lat="42.558820" lon="-5.478250"><ele>824.1</ele></trkpt>
      <trkpt lat="42.558840" lon="-5.478290"><ele>824.1</ele></trkpt>
      <trkpt lat="42.558860" lon="-5.478340"><ele>824.2</ele></trkpt>
      <trkpt lat="42.558890" lon="-5.478400"><ele>824.3</ele></trkpt>
      <trkpt lat="42.558910" lon="-5.478450"><ele>824.4</ele></trkpt>
      <trkpt lat="42.558930" lon="-5.478500"><ele>824.4</ele></trkpt>
      <trkpt lat="42.558950" lon="-5.478550"><ele>824.5</ele></trkpt>
      <trkpt lat="42.558970" lon="-5.478590"><ele>824.6</ele></trkpt>
      <trkpt lat="42.558980" lon="-5.478640"><ele>824.6</ele></trkpt>
      <trkpt lat="42.559000" lon="-5.478700"><ele>824.7</ele></trkpt>
      <trkpt lat="42.559020" lon="-5.478750"><ele>824.8</ele></trkpt>
      <trkpt lat="42.559050" lon="-5.478800"><ele>824.8</ele></trkpt>
      <trkpt lat="42.559070" lon="-5.478830"><ele>824.9</ele></trkpt>
      <trkpt lat="42.559140" lon="-5.478940"><ele>825.0</ele></trkpt>
      <trkpt lat="42.559150" lon="-5.478950"><ele>825.0</ele></trkpt>
      <trkpt lat="42.559210" lon="-5.479090"><ele>825.2</ele></trkpt>
      <trkpt lat="42.559230" lon="-5.479100"><ele>825.2</ele></trkpt>
      <trkpt lat="42.559300" lon="-5.479260"><ele>825.4</ele></trkpt>
      <trkpt lat="42.559300" lon="-5.479270"><ele>825.4</ele></trkpt>
      <trkpt lat="42.559370" lon="-5.479400"><ele>825.5</ele></trkpt>
      <trkpt lat="42.559400" lon="-5.479450"><ele>825.6</ele></trkpt>
      <trkpt lat="42.559420" lon="-5.479490"><ele>825.7</ele></trkpt>
      <trkpt lat="42.559450" lon="-5.479530"><ele>825.7</ele></trkpt>
      <trkpt lat="42.559480" lon="-5.479560"><ele>825.8</ele></trkpt>
      <trkpt lat="42.559520" lon="-5.479590"><ele>825.8</ele></trkpt>
      <trkpt lat="42.559550" lon="-5.479620"><ele>825.9</ele></trkpt>
      <trkpt lat="42.559590" lon="-5.479650"><ele>826.0</ele></trkpt>
      <trkpt lat="42.559620" lon="-5.479680"><ele>826.0</ele></trkpt>
      <trkpt lat="42.559650" lon="-5.479710"><ele>826.1</ele></trkpt>
      <trkpt lat="42.559750" lon="-5.479770"><ele>826.3</ele></trkpt>
      <trkpt lat="42.559760" lon="-5.479770"><ele>826.3</ele></trkpt>
      <trkpt lat="42.559840" lon="-5.479880"><ele>826.7</ele></trkpt>
      <trkpt lat="42.559860" lon="-5.479890"><ele>826.8</ele></trkpt>
      <trkpt lat="42.559990" lon="-5.480040"><ele>827.4</ele></trkpt>
      <trkpt lat="42.560020" lon="-5.480060"><ele>827.4</ele></trkpt>
      <trkpt lat="42.560100" lon="-5.480150"><ele>827.7</ele></trkpt>
      <trkpt lat="42.560270" lon="-5.480300"><ele>828.0</ele></trkpt>
      <trkpt lat="42.560310" lon="-5.480330"><ele>828.0</ele></trkpt>
      <trkpt lat="42.560340" lon="-5.480370"><ele>828.0</ele></trkpt>
      <trkpt lat="42.560370" lon="-5.480400"><ele>828.0</ele></trkpt>
      <trkpt lat="42.560410" lon="-5.480440"><ele>828.1</ele></trkpt>
      <trkpt lat="42.560430" lon="-5.480480"><ele>828.1</ele></trkpt>
      <trkpt lat="42.560460" lon="-5.480520"><ele>828.2</ele></trkpt>
      <trkpt lat="42.560490" lon="-5.480560"><ele>828.2</ele></trkpt>
      <trkpt lat="42.560530" lon="-5.480580"><ele>828.3</ele></trkpt>
      <trkpt lat="42.560560" lon="-5.480620"><ele>828.3</ele></trkpt>
      <trkpt lat="42.560590" lon="-5.480650"><ele>828.4</ele></trkpt>
      <trkpt lat="42.560620" lon="-5.480690"><ele>828.5</ele></trkpt>
      <trkpt lat="42.560650" lon="-5.480710"><ele>828.5</ele></trkpt>
      <trkpt lat="42.560680" lon="-5.480730"><ele>828.5</ele></trkpt>
      <trkpt lat="42.560710" lon="-5.480770"><ele>828.6</ele></trkpt>
      <trkpt lat="42.560740" lon="-5.480800"><ele>828.7</ele></trkpt>
      <trkpt lat="42.560780" lon="-5.480830"><ele>828.7</ele></trkpt>
      <trkpt lat="42.560820" lon="-5.480850"><ele>828.7</ele></trkpt>
      <trkpt lat="42.560850" lon="-5.480880"><ele>828.8</ele></trkpt>
      <trkpt lat="42.560890" lon="-5.480910"><ele>828.8</ele></trkpt>
      <trkpt lat="42.560920" lon="-5.480940"><ele>828.8</ele></trkpt>
      <trkpt lat="42.560950" lon="-5.480970"><ele>828.8</ele></trkpt>
      <trkpt lat="42.560980" lon="-5.481010"><ele>828.9</ele></trkpt>
      <trkpt lat="42.561010" lon="-5.481070"><ele>828.9</ele></trkpt>
      <trkpt lat="42.561040" lon="-5.481130"><ele>829.0</ele></trkpt>
      <trkpt lat="42.561060" lon="-5.481170"><ele>829.0</ele></trkpt>
      <trkpt lat="42.561080" lon="-5.481210"><ele>829.1</ele></trkpt>
      <trkpt lat="42.561100" lon="-5.481260"><ele>829.1</ele></trkpt>
      <trkpt lat="42.561130" lon="-5.481310"><ele>829.1</ele></trkpt>
      <trkpt lat="42.561150" lon="-5.481330"><ele>829.1</ele></trkpt>
      <trkpt lat="42.561170" lon="-5.481380"><ele>829.1</ele></trkpt>
      <trkpt lat="42.561200" lon="-5.481410"><ele>829.1</ele></trkpt>
      <trkpt lat="42.561230" lon="-5.481460"><ele>829.0</ele></trkpt>
      <trkpt lat="42.561260" lon="-5.481490"><ele>829.0</ele></trkpt>
      <trkpt lat="42.561280" lon="-5.481520"><ele>828.9</ele></trkpt>
      <trkpt lat="42.561310" lon="-5.481560"><ele>828.9</ele></trkpt>
      <trkpt lat="42.561340" lon="-5.481600"><ele>828.9</ele></trkpt>
      <trkpt lat="42.561370" lon="-5.481640"><ele>828.8</ele></trkpt>
      <trkpt lat="42.561400" lon="-5.481680"><ele>828.8</ele></trkpt>
      <trkpt lat="42.561420" lon="-5.481720"><ele>828.8</ele></trkpt>
      <trkpt lat="42.561440" lon="-5.481760"><ele>828.7</ele></trkpt>
      <trkpt lat="42.561470" lon="-5.481790"><ele>828.7</ele></trkpt>
      <trkpt lat="42.561500" lon="-5.481840"><ele>828.6</ele></trkpt>
      <trkpt lat="42.561530" lon="-5.481870"><ele>828.6</ele></trkpt>
      <trkpt lat="42.561550" lon="-5.481920"><ele>828.5</ele></trkpt>
      <trkpt lat="42.561590" lon="-5.481950"><ele>828.4</ele></trkpt>
      <trkpt lat="42.561620" lon="-5.481990"><ele>828.3</ele></trkpt>
      <trkpt lat="42.561640" lon="-5.482030"><ele>828.3</ele></trkpt>
      <trkpt lat="42.561670" lon="-5.482060"><ele>828.2</ele></trkpt>
      <trkpt lat="42.561700" lon="-5.482100"><ele>828.1</ele></trkpt>
      <trkpt lat="42.561730" lon="-5.482150"><ele>828.1</ele></trkpt>
      <trkpt lat="42.561770" lon="-5.482200"><ele>828.0</ele></trkpt>
      <trkpt lat="42.561800" lon="-5.482250"><ele>827.9</ele></trkpt>
      <trkpt lat="42.561820" lon="-5.482290"><ele>827.9</ele></trkpt>
      <trkpt lat="42.561850" lon="-5.482320"><ele>827.8</ele></trkpt>
      <trkpt lat="42.561880" lon="-5.482340"><ele>827.8</ele></trkpt>
      <trkpt lat="42.561900" lon="-5.482370"><ele>827.7</ele></trkpt>
      <trkpt lat="42.561930" lon="-5.482410"><ele>827.7</ele></trkpt>
      <trkpt lat="42.561960" lon="-5.482450"><ele>827.6</ele></trkpt>
      <trkpt lat="42.561980" lon="-5.482490"><ele>827.6</ele></trkpt>
      <trkpt lat="42.562020" lon="-5.482530"><ele>827.6</ele></trkpt>
      <trkpt lat="42.562050" lon="-5.482580"><ele>827.5</ele></trkpt>
      <trkpt lat="42.562070" lon="-5.482620"><ele>827.5</ele></trkpt>
      <trkpt lat="42.562100" lon="-5.482660"><ele>827.4</ele></trkpt>
      <trkpt lat="42.562130" lon="-5.482700"><ele>827.3</ele></trkpt>
      <trkpt lat="42.562160" lon="-5.482740"><ele>827.3</ele></trkpt>
      <trkpt lat="42.562180" lon="-5.482780"><ele>827.2</ele></trkpt>
      <trkpt lat="42.562210" lon="-5.482820"><ele>827.2</ele></trkpt>
      <trkpt lat="42.562240" lon="-5.482860"><ele>827.1</ele></trkpt>
      <trkpt lat="42.562260" lon="-5.482890"><ele>827.1</ele></trkpt>
      <trkpt lat="42.562290" lon="-5.482930"><ele>827.1</ele></trkpt>
      <trkpt lat="42.562320" lon="-5.482970"><ele>827.1</ele></trkpt>
      <trkpt lat="42.562350" lon="-5.483000"><ele>827.0</ele></trkpt>
      <trkpt lat="42.562380" lon="-5.483040"><ele>827.0</ele></trkpt>
      <trkpt lat="42.562410" lon="-5.483080"><ele>827.0</ele></trkpt>
      <trkpt lat="42.562440" lon="-5.483120"><ele>827.0</ele></trkpt>
      <trkpt lat="42.562480" lon="-5.483170"><ele>827.1</ele></trkpt>
      <trkpt lat="42.562510" lon="-5.483190"><ele>827.1</ele></trkpt>
      <trkpt lat="42.562540" lon="-5.483220"><ele>827.2</ele></trkpt>
      <trkpt lat="42.562570" lon="-5.483240"><ele>827.3</ele></trkpt>
      <trkpt lat="42.562600" lon="-5.483270"><ele>827.4</ele></trkpt>
      <trkpt lat="42.562630" lon="-5.483290"><ele>827.4</ele></trkpt>
      <trkpt lat="42.562650" lon="-5.483320"><ele>827.5</ele></trkpt>
      <trkpt lat="42.562670" lon="-5.483390"><ele>827.7</ele></trkpt>
      <trkpt lat="42.562700" lon="-5.483430"><ele>827.8</ele></trkpt>
      <trkpt lat="42.562710" lon="-5.483460"><ele>827.8</ele></trkpt>
      <trkpt lat="42.562790" lon="-5.483760"><ele>828.3</ele></trkpt>
      <trkpt lat="42.562900" lon="-5.484040"><ele>828.6</ele></trkpt>
      <trkpt lat="42.563010" lon="-5.484310"><ele>828.8</ele></trkpt>
      <trkpt lat="42.563090" lon="-5.484540"><ele>828.9</ele></trkpt>
      <trkpt lat="42.563200" lon="-5.484790"><ele>829.0</ele></trkpt>
      <trkpt lat="42.563300" lon="-5.485080"><ele>829.1</ele></trkpt>
      <trkpt lat="42.563390" lon="-5.485330"><ele>829.2</ele></trkpt>
      <trkpt lat="42.563410" lon="-5.485380"><ele>829.2</ele></trkpt>
      <trkpt lat="42.563420" lon="-5.485420"><ele>829.2</ele></trkpt>
      <trkpt lat="42.563440" lon="-5.485480"><ele>829.2</ele></trkpt>
      <trkpt lat="42.563460" lon="-5.485510"><ele>829.2</ele></trkpt>
      <trkpt lat="42.563480" lon="-5.485550"><ele>829.2</ele></trkpt>
      <trkpt lat="42.563510" lon="-5.485580"><ele>829.2</ele></trkpt>
      <trkpt lat="42.563530" lon="-5.485620"><ele>829.2</ele></trkpt>
      <trkpt lat="42.563570" lon="-5.485650"><ele>829.1</ele></trkpt>
      <trkpt lat="42.563590" lon="-5.485690"><ele>829.1</ele></trkpt>
      <trkpt lat="42.563630" lon="-5.485710"><ele>829.0</ele></trkpt>
      <trkpt lat="42.563660" lon="-5.485750"><ele>829.0</ele></trkpt>
      <trkpt lat="42.563690" lon="-5.485780"><ele>829.0</ele></trkpt>
      <trkpt lat="42.563720" lon="-5.485810"><ele>828.9</ele></trkpt>
      <trkpt lat="42.563760" lon="-5.485820"><ele>828.9</ele></trkpt>
      <trkpt lat="42.563780" lon="-5.485860"><ele>828.8</ele></trkpt>
      <trkpt lat="42.563830" lon="-5.485890"><ele>828.8</ele></trkpt>
      <trkpt lat="42.563860" lon="-5.485910"><ele>828.7</ele></trkpt>
      <trkpt lat="42.563900" lon="-5.485940"><ele>828.7</ele></trkpt>
      <trkpt lat="42.563930" lon="-5.485960"><ele>828.6</ele></trkpt>
      <trkpt lat="42.563980" lon="-5.485990"><ele>828.6</ele></trkpt>
      <trkpt lat="42.564010" lon="-5.486010"><ele>828.6</ele></trkpt>
      <trkpt lat="42.564050" lon="-5.486040"><ele>828.5</ele></trkpt>
      <trkpt lat="42.564100" lon="-5.486070"><ele>828.4</ele></trkpt>
      <trkpt lat="42.564130" lon="-5.486080"><ele>828.4</ele></trkpt>
      <trkpt lat="42.564160" lon="-5.486110"><ele>828.4</ele></trkpt>
      <trkpt lat="42.564200" lon="-5.486140"><ele>828.3</ele></trkpt>
      <trkpt lat="42.564230" lon="-5.486180"><ele>828.3</ele></trkpt>
      <trkpt lat="42.564260" lon="-5.486200"><ele>828.2</ele></trkpt>
      <trkpt lat="42.564290" lon="-5.486230"><ele>828.2</ele></trkpt>
      <trkpt lat="42.564320" lon="-5.486260"><ele>828.2</ele></trkpt>
      <trkpt lat="42.564350" lon="-5.486300"><ele>828.1</ele></trkpt>
      <trkpt lat="42.564370" lon="-5.486350"><ele>828.1</ele></trkpt>
      <trkpt lat="42.564390" lon="-5.486390"><ele>828.2</ele></trkpt>
      <trkpt lat="42.564410" lon="-5.486440"><ele>828.2</ele></trkpt>
      <trkpt lat="42.564420" lon="-5.486500"><ele>828.2</ele></trkpt>
      <trkpt lat="42.564430" lon="-5.486550"><ele>828.2</ele></trkpt>
      <trkpt lat="42.564430" lon="-5.486600"><ele>828.2</ele></trkpt>
      <trkpt lat="42.564430" lon="-5.486670"><ele>828.2</ele></trkpt>
      <trkpt lat="42.564430" lon="-5.486720"><ele>828.1</ele></trkpt>
      <trkpt lat="42.564430" lon="-5.486780"><ele>828.1</ele></trkpt>
      <trkpt lat="42.564430" lon="-5.486850"><ele>828.1</ele></trkpt>
      <trkpt lat="42.564430" lon="-5.486900"><ele>828.1</ele></trkpt>
      <trkpt lat="42.564430" lon="-5.486950"><ele>828.2</ele></trkpt>
      <trkpt lat="42.564430" lon="-5.487010"><ele>828.4</ele></trkpt>
      <trkpt lat="42.564430" lon="-5.487070"><ele>828.5</ele></trkpt>
      <trkpt lat="42.564430" lon="-5.487120"><ele>828.7</ele></trkpt>
      <trkpt lat="42.564430" lon="-5.487190"><ele>828.9</ele></trkpt>
      <trkpt lat="42.564430" lon="-5.487240"><ele>829.1</ele></trkpt>
      <trkpt lat="42.564420" lon="-5.487280"><ele>829.2</ele></trkpt>
      <trkpt lat="42.564420" lon="-5.487340"><ele>829.4</ele></trkpt>
      <trkpt lat="42.564410" lon="-5.487400"><ele>829.6</ele></trkpt>
      <trkpt lat="42.564410" lon="-5.487450"><ele>829.7</ele></trkpt>
      <trkpt lat="42.564410" lon="-5.487500"><ele>829.8</ele></trkpt>
      <trkpt lat="42.564410" lon="-5.487550"><ele>829.9</ele></trkpt>
      <trkpt lat="42.564400" lon="-5.487590"><ele>830.0</ele></trkpt>
      <trkpt lat="42.564400" lon="-5.487650"><ele>830.1</ele></trkpt>
      <trkpt lat="42.564390" lon="-5.487700"><ele>830.2</ele></trkpt>
      <trkpt lat="42.564390" lon="-5.487750"><ele>830.3</ele></trkpt>
      <trkpt lat="42.564380" lon="-5.487800"><ele>830.4</ele></trkpt>
      <trkpt lat="42.564380" lon="-5.487850"><ele>830.5</ele></trkpt>
      <trkpt lat="42.564380" lon="-5.487900"><ele>830.5</ele></trkpt>
      <trkpt lat="42.564380" lon="-5.487950"><ele>830.4</ele></trkpt>
      <trkpt lat="42.564380" lon="-5.488010"><ele>830.4</ele></trkpt>
      <trkpt lat="42.564380" lon="-5.488070"><ele>830.4</ele></trkpt>
      <trkpt lat="42.564400" lon="-5.488130"><ele>830.3</ele></trkpt>
      <trkpt lat="42.564400" lon="-5.488180"><ele>830.3</ele></trkpt>
      <trkpt lat="42.564410" lon="-5.488230"><ele>830.3</ele></trkpt>
      <trkpt lat="42.564440" lon="-5.488280"><ele>830.2</ele></trkpt>
      <trkpt lat="42.564450" lon="-5.488330"><ele>830.2</ele></trkpt>
      <trkpt lat="42.564470" lon="-5.488390"><ele>830.2</ele></trkpt>
      <trkpt lat="42.564490" lon="-5.488450"><ele>830.2</ele></trkpt>
      <trkpt lat="42.564510" lon="-5.488510"><ele>830.3</ele></trkpt>
      <trkpt lat="42.564510" lon="-5.488560"><ele>830.3</ele></trkpt>
      <trkpt lat="42.564520" lon="-5.488580"><ele>830.3</ele></trkpt>
      <trkpt lat="42.564610" lon="-5.488820"><ele>830.4</ele></trkpt>
      <trkpt lat="42.564620" lon="-5.488820"><ele>830.4</ele></trkpt>
      <trkpt lat="42.564740" lon="-5.489170"><ele>830.4</ele></trkpt>
      <trkpt lat="42.564880" lon="-5.489590"><ele>831.3</ele></trkpt>
      <trkpt lat="42.565030" lon="-5.489990"><ele>832.7</ele></trkpt>
      <trkpt lat="42.565170" lon="-5.490460"><ele>833.7</ele></trkpt>
      <trkpt lat="42.565290" lon="-5.490780"><ele>834.2</ele></trkpt>
      <trkpt lat="42.565300" lon="-5.490790"><ele>834.2</ele></trkpt>
      <trkpt lat="42.565400" lon="-5.491110"><ele>834.7</ele></trkpt>
      <trkpt lat="42.565500" lon="-5.491500"><ele>835.6</ele></trkpt>
      <trkpt lat="42.565500" lon="-5.491510"><ele>835.6</ele></trkpt>
      <trkpt lat="42.565600" lon="-5.491820"><ele>835.9</ele></trkpt>
      <trkpt lat="42.565620" lon="-5.491850"><ele>835.9</ele></trkpt>
      <trkpt lat="42.565650" lon="-5.491910"><ele>835.9</ele></trkpt>
      <trkpt lat="42.565670" lon="-5.491960"><ele>835.9</ele></trkpt>
      <trkpt lat="42.565690" lon="-5.492010"><ele>835.9</ele></trkpt>
      <trkpt lat="42.565710" lon="-5.492050"><ele>835.9</ele></trkpt>
      <trkpt lat="42.565720" lon="-5.492100"><ele>835.8</ele></trkpt>
      <trkpt lat="42.565740" lon="-5.492180"><ele>835.8</ele></trkpt>
      <trkpt lat="42.565760" lon="-5.492240"><ele>835.9</ele></trkpt>
      <trkpt lat="42.565780" lon="-5.492290"><ele>835.9</ele></trkpt>
      <trkpt lat="42.565790" lon="-5.492350"><ele>835.9</ele></trkpt>
      <trkpt lat="42.565820" lon="-5.492400"><ele>836.0</ele></trkpt>
      <trkpt lat="42.565830" lon="-5.492460"><ele>836.0</ele></trkpt>
      <trkpt lat="42.565840" lon="-5.492520"><ele>836.1</ele></trkpt>
      <trkpt lat="42.565850" lon="-5.492570"><ele>836.3</ele></trkpt>
      <trkpt lat="42.565870" lon="-5.492620"><ele>836.4</ele></trkpt>
      <trkpt lat="42.565870" lon="-5.492680"><ele>836.5</ele></trkpt>
      <trkpt lat="42.565900" lon="-5.492730"><ele>836.7</ele></trkpt>
      <trkpt lat="42.565920" lon="-5.492770"><ele>836.8</ele></trkpt>
      <trkpt lat="42.565940" lon="-5.492810"><ele>836.9</ele></trkpt>
      <trkpt lat="42.565970" lon="-5.492860"><ele>837.0</ele></trkpt>
      <trkpt lat="42.566000" lon="-5.492900"><ele>837.1</ele></trkpt>
      <trkpt lat="42.566020" lon="-5.492940"><ele>837.2</ele></trkpt>
      <trkpt lat="42.566030" lon="-5.492990"><ele>837.4</ele></trkpt>
      <trkpt lat="42.566050" lon="-5.493060"><ele>837.6</ele></trkpt>
      <trkpt lat="42.566070" lon="-5.493100"><ele>837.8</ele></trkpt>
      <trkpt lat="42.566100" lon="-5.493170"><ele>838.0</ele></trkpt>
      <trkpt lat="42.566130" lon="-5.493220"><ele>838.2</ele></trkpt>
      <trkpt lat="42.566170" lon="-5.493270"><ele>838.3</ele></trkpt>
      <trkpt lat="42.566200" lon="-5.493330"><ele>838.5</ele></trkpt>
      <trkpt lat="42.566230" lon="-5.493360"><ele>838.7</ele></trkpt>
      <trkpt lat="42.566260" lon="-5.493400"><ele>838.8</ele></trkpt>
      <trkpt lat="42.566280" lon="-5.493430"><ele>839.0</ele></trkpt>
      <trkpt lat="42.566300" lon="-5.493470"><ele>839.3</ele></trkpt>
      <trkpt lat="42.566330" lon="-5.493510"><ele>839.6</ele></trkpt>
      <trkpt lat="42.566360" lon="-5.493560"><ele>840.0</ele></trkpt>
      <trkpt lat="42.566380" lon="-5.493610"><ele>840.3</ele></trkpt>
      <trkpt lat="42.566410" lon="-5.493640"><ele>840.6</ele></trkpt>
      <trkpt lat="42.566430" lon="-5.493690"><ele>840.9</ele></trkpt>
      <trkpt lat="42.566450" lon="-5.493730"><ele>841.2</ele></trkpt>
      <trkpt lat="42.566480" lon="-5.493780"><ele>841.6</ele></trkpt>
      <trkpt lat="42.566500" lon="-5.493820"><ele>841.9</ele></trkpt>
      <trkpt lat="42.566520" lon="-5.493890"><ele>842.4</ele></trkpt>
      <trkpt lat="42.566550" lon="-5.493950"><ele>842.9</ele></trkpt>
      <trkpt lat="42.566570" lon="-5.494000"><ele>843.3</ele></trkpt>
      <trkpt lat="42.566580" lon="-5.494050"><ele>843.6</ele></trkpt>
      <trkpt lat="42.566590" lon="-5.494110"><ele>844.0</ele></trkpt>
      <trkpt lat="42.566590" lon="-5.494150"><ele>844.4</ele></trkpt>
      <trkpt lat="42.566600" lon="-5.494220"><ele>844.9</ele></trkpt>
      <trkpt lat="42.566630" lon="-5.494310"><ele>845.6</ele></trkpt>
      <trkpt lat="42.566650" lon="-5.494390"><ele>846.2</ele></trkpt>
      <trkpt lat="42.566660" lon="-5.494450"><ele>846.6</ele></trkpt>
      <trkpt lat="42.566670" lon="-5.494500"><ele>847.0</ele></trkpt>
      <trkpt lat="42.566680" lon="-5.494560"><ele>847.5</ele></trkpt>
      <trkpt lat="42.566700" lon="-5.494610"><ele>847.9</ele></trkpt>
      <trkpt lat="42.566720" lon="-5.494670"><ele>848.2</ele></trkpt>
      <trkpt lat="42.566740" lon="-5.494730"><ele>848.7</ele></trkpt>
      <trkpt lat="42.566750" lon="-5.494800"><ele>849.2</ele></trkpt>
      <trkpt lat="42.566770" lon="-5.494850"><ele>849.6</ele></trkpt>
      <trkpt lat="42.566790" lon="-5.494920"><ele>850.1</ele></trkpt>
      <trkpt lat="42.566800" lon="-5.494970"><ele>850.5</ele></trkpt>
      <trkpt lat="42.566810" lon="-5.495030"><ele>850.9</ele></trkpt>
      <trkpt lat="42.566820" lon="-5.495090"><ele>851.4</ele></trkpt>
      <trkpt lat="42.566830" lon="-5.495120"><ele>851.6</ele></trkpt>
      <trkpt lat="42.566870" lon="-5.495180"><ele>852.0</ele></trkpt>
      <trkpt lat="42.566880" lon="-5.495240"><ele>852.5</ele></trkpt>
      <trkpt lat="42.566900" lon="-5.495330"><ele>852.8</ele></trkpt>
      <trkpt lat="42.566920" lon="-5.495380"><ele>852.9</ele></trkpt>
      <trkpt lat="42.566950" lon="-5.495420"><ele>852.9</ele></trkpt>
      <trkpt lat="42.566970" lon="-5.495470"><ele>853.0</ele></trkpt>
      <trkpt lat="42.566980" lon="-5.495520"><ele>853.1</ele></trkpt>
      <trkpt lat="42.566990" lon="-5.495570"><ele>853.3</ele></trkpt>
      <trkpt lat="42.567000" lon="-5.495620"><ele>853.4</ele></trkpt>
      <trkpt lat="42.567010" lon="-5.495670"><ele>853.5</ele></trkpt>
      <trkpt lat="42.567040" lon="-5.495710"><ele>853.6</ele></trkpt>
      <trkpt lat="42.567060" lon="-5.495750"><ele>853.6</ele></trkpt>
      <trkpt lat="42.567080" lon="-5.495800"><ele>853.6</ele></trkpt>
      <trkpt lat="42.567110" lon="-5.495840"><ele>853.7</ele></trkpt>
      <trkpt lat="42.567130" lon="-5.495870"><ele>853.7</ele></trkpt>
      <trkpt lat="42.567160" lon="-5.495910"><ele>853.7</ele></trkpt>
      <trkpt lat="42.567190" lon="-5.495950"><ele>853.7</ele></trkpt>
      <trkpt lat="42.567210" lon="-5.495980"><ele>853.8</ele></trkpt>
      <trkpt lat="42.567240" lon="-5.496020"><ele>853.8</ele></trkpt>
      <trkpt lat="42.567270" lon="-5.496060"><ele>853.8</ele></trkpt>
      <trkpt lat="42.567300" lon="-5.496100"><ele>853.9</ele></trkpt>
      <trkpt lat="42.567330" lon="-5.496120"><ele>853.9</ele></trkpt>
      <trkpt lat="42.567360" lon="-5.496140"><ele>853.9</ele></trkpt>
      <trkpt lat="42.567400" lon="-5.496180"><ele>853.9</ele></trkpt>
      <trkpt lat="42.567430" lon="-5.496220"><ele>854.0</ele></trkpt>
      <trkpt lat="42.567450" lon="-5.496250"><ele>854.0</ele></trkpt>
      <trkpt lat="42.567480" lon="-5.496290"><ele>854.0</ele></trkpt>
      <trkpt lat="42.567520" lon="-5.496320"><ele>854.0</ele></trkpt>
      <trkpt lat="42.567520" lon="-5.496380"><ele>854.0</ele></trkpt>
      <trkpt lat="42.567550" lon="-5.496430"><ele>854.1</ele></trkpt>
      <trkpt lat="42.567550" lon="-5.496480"><ele>854.1</ele></trkpt>
      <trkpt lat="42.567570" lon="-5.496520"><ele>854.2</ele></trkpt>
      <trkpt lat="42.567580" lon="-5.496580"><ele>854.3</ele></trkpt>
      <trkpt lat="42.567590" lon="-5.496650"><ele>854.3</ele></trkpt>
      <trkpt lat="42.567590" lon="-5.496700"><ele>854.3</ele></trkpt>
      <trkpt lat="42.567600" lon="-5.496780"><ele>854.3</ele></trkpt>
      <trkpt lat="42.567620" lon="-5.496830"><ele>854.2</ele></trkpt>
      <trkpt lat="42.567630" lon="-5.496900"><ele>854.2</ele></trkpt>
      <trkpt lat="42.567650" lon="-5.496940"><ele>854.1</ele></trkpt>
      <trkpt lat="42.567660" lon="-5.497020"><ele>854.1</ele></trkpt>
      <trkpt lat="42.567660" lon="-5.497070"><ele>854.1</ele></trkpt>
      <trkpt lat="42.567660" lon="-5.497130"><ele>854.1</ele></trkpt>
      <trkpt lat="42.567660" lon="-5.497190"><ele>854.1</ele></trkpt>
      <trkpt lat="42.567660" lon="-5.497240"><ele>854.1</ele></trkpt>
      <trkpt lat="42.567660" lon="-5.497300"><ele>854.0</ele></trkpt>
      <trkpt lat="42.567660" lon="-5.497350"><ele>854.0</ele></trkpt>
      <trkpt lat="42.567660" lon="-5.497400"><ele>854.0</ele></trkpt>
      <trkpt lat="42.567660" lon="-5.497460"><ele>854.0</ele></trkpt>
      <trkpt lat="42.567660" lon="-5.497520"><ele>853.9</ele></trkpt>
      <trkpt lat="42.567680" lon="-5.497600"><ele>853.9</ele></trkpt>
      <trkpt lat="42.567690" lon="-5.497670"><ele>853.8</ele></trkpt>
      <trkpt lat="42.567690" lon="-5.497730"><ele>853.7</ele></trkpt>
      <trkpt lat="42.567690" lon="-5.497780"><ele>853.6</ele></trkpt>
      <trkpt lat="42.567690" lon="-5.497830"><ele>853.6</ele></trkpt>
      <trkpt lat="42.567700" lon="-5.497860"><ele>853.5</ele></trkpt>
      <trkpt lat="42.567710" lon="-5.497990"><ele>853.3</ele></trkpt>
      <trkpt lat="42.567710" lon="-5.498050"><ele>853.3</ele></trkpt>
      <trkpt lat="42.567720" lon="-5.498090"><ele>853.2</ele></trkpt>
      <trkpt lat="42.567730" lon="-5.498150"><ele>853.1</ele></trkpt>
      <trkpt lat="42.567730" lon="-5.498200"><ele>853.1</ele></trkpt>
      <trkpt lat="42.567730" lon="-5.498250"><ele>853.0</ele></trkpt>
      <trkpt lat="42.567740" lon="-5.498330"><ele>852.9</ele></trkpt>
      <trkpt lat="42.567740" lon="-5.498390"><ele>852.8</ele></trkpt>
      <trkpt lat="42.567740" lon="-5.498440"><ele>852.8</ele></trkpt>
      <trkpt lat="42.567750" lon="-5.498490"><ele>852.7</ele></trkpt>
      <trkpt lat="42.567760" lon="-5.498550"><ele>852.6</ele></trkpt>
      <trkpt lat="42.567760" lon="-5.498600"><ele>852.5</ele></trkpt>
      <trkpt lat="42.567770" lon="-5.498650"><ele>852.4</ele></trkpt>
      <trkpt lat="42.567790" lon="-5.498670"><ele>852.3</ele></trkpt>
      <trkpt lat="42.567840" lon="-5.499060"><ele>851.3</ele></trkpt>
      <trkpt lat="42.567870" lon="-5.499350"><ele>850.5</ele></trkpt>
      <trkpt lat="42.567900" lon="-5.499630"><ele>849.4</ele></trkpt>
      <trkpt lat="42.567940" lon="-5.499970"><ele>847.9</ele></trkpt>
      <trkpt lat="42.567980" lon="-5.500320"><ele>846.9</ele></trkpt>
      <trkpt lat="42.568020" lon="-5.500600"><ele>846.9</ele></trkpt>
      <trkpt lat="42.568060" lon="-5.500900"><ele>847.0</ele></trkpt>
      <trkpt lat="42.568060" lon="-5.500980"><ele>847.0</ele></trkpt>
      <trkpt lat="42.568070" lon="-5.501030"><ele>847.0</ele></trkpt>
      <trkpt lat="42.568080" lon="-5.501110"><ele>847.0</ele></trkpt>
      <trkpt lat="42.568080" lon="-5.501190"><ele>847.0</ele></trkpt>
      <trkpt lat="42.568090" lon="-5.501250"><ele>847.0</ele></trkpt>
      <trkpt lat="42.568100" lon="-5.501300"><ele>847.0</ele></trkpt>
      <trkpt lat="42.568110" lon="-5.501360"><ele>847.0</ele></trkpt>
      <trkpt lat="42.568110" lon="-5.501410"><ele>847.1</ele></trkpt>
      <trkpt lat="42.568110" lon="-5.501470"><ele>847.1</ele></trkpt>
      <trkpt lat="42.568130" lon="-5.501540"><ele>847.1</ele></trkpt>
      <trkpt lat="42.568140" lon="-5.501580"><ele>847.1</ele></trkpt>
      <trkpt lat="42.568150" lon="-5.501640"><ele>847.1</ele></trkpt>
      <trkpt lat="42.568160" lon="-5.501700"><ele>847.2</ele></trkpt>
      <trkpt lat="42.568170" lon="-5.501760"><ele>847.2</ele></trkpt>
      <trkpt lat="42.568170" lon="-5.501810"><ele>847.3</ele></trkpt>
      <trkpt lat="42.568180" lon="-5.501880"><ele>847.3</ele></trkpt>
      <trkpt lat="42.568190" lon="-5.501940"><ele>847.4</ele></trkpt>
      <trkpt lat="42.568200" lon="-5.501990"><ele>847.5</ele></trkpt>
      <trkpt lat="42.568210" lon="-5.502060"><ele>847.5</ele></trkpt>
      <trkpt lat="42.568220" lon="-5.502110"><ele>847.6</ele></trkpt>
      <trkpt lat="42.568220" lon="-5.502170"><ele>847.7</ele></trkpt>
      <trkpt lat="42.568230" lon="-5.502220"><ele>847.7</ele></trkpt>
      <trkpt lat="42.568240" lon="-5.502280"><ele>847.8</ele></trkpt>
      <trkpt lat="42.568250" lon="-5.502330"><ele>847.9</ele></trkpt>
      <trkpt lat="42.568260" lon="-5.502400"><ele>848.0</ele></trkpt>
      <trkpt lat="42.568270" lon="-5.502450"><ele>848.1</ele></trkpt>
      <trkpt lat="42.568290" lon="-5.502510"><ele>848.1</ele></trkpt>
      <trkpt lat="42.568290" lon="-5.502560"><ele>848.2</ele></trkpt>
      <trkpt lat="42.568300" lon="-5.502620"><ele>848.3</ele></trkpt>
      <trkpt lat="42.568320" lon="-5.502660"><ele>848.4</ele></trkpt>
      <trkpt lat="42.568330" lon="-5.502710"><ele>848.4</ele></trkpt>
      <trkpt lat="42.568350" lon="-5.502760"><ele>848.4</ele></trkpt>
      <trkpt lat="42.568350" lon="-5.502820"><ele>848.4</ele></trkpt>
      <trkpt lat="42.568360" lon="-5.502870"><ele>848.4</ele></trkpt>
      <trkpt lat="42.568360" lon="-5.502910"><ele>848.4</ele></trkpt>
      <trkpt lat="42.568390" lon="-5.503100"><ele>848.4</ele></trkpt>
      <trkpt lat="42.568440" lon="-5.503400"><ele>848.4</ele></trkpt>
      <trkpt lat="42.568500" lon="-5.503640"><ele>848.3</ele></trkpt>
      <trkpt lat="42.568540" lon="-5.503850"><ele>848.4</ele></trkpt>
      <trkpt lat="42.568590" lon="-5.504030"><ele>848.4</ele></trkpt>
      <trkpt lat="42.568640" lon="-5.504260"><ele>848.4</ele></trkpt>
      <trkpt lat="42.568720" lon="-5.504480"><ele>848.4</ele></trkpt>
      <trkpt lat="42.568810" lon="-5.504760"><ele>848.6</ele></trkpt>
      <trkpt lat="42.568930" lon="-5.505000"><ele>848.5</ele></trkpt>
      <trkpt lat="42.569010" lon="-5.505280"><ele>848.7</ele></trkpt>
      <trkpt lat="42.569120" lon="-5.505530"><ele>848.9</ele></trkpt>
      <trkpt lat="42.569200" lon="-5.505720"><ele>849.0</ele></trkpt>
      <trkpt lat="42.569350" lon="-5.506090"><ele>849.2</ele></trkpt>
      <trkpt lat="42.569420" lon="-5.506300"><ele>849.1</ele></trkpt>
      <trkpt lat="42.569470" lon="-5.506560"><ele>849.2</ele></trkpt>
      <trkpt lat="42.569550" lon="-5.506920"><ele>849.3</ele></trkpt>
      <trkpt lat="42.569630" lon="-5.507270"><ele>849.8</ele></trkpt>
      <trkpt lat="42.569720" lon="-5.507650"><ele>850.6</ele></trkpt>
      <trkpt lat="42.569790" lon="-5.507960"><ele>850.9</ele></trkpt>
      <trkpt lat="42.569880" lon="-5.508250"><ele>851.1</ele></trkpt>
      <trkpt lat="42.569940" lon="-5.508550"><ele>851.5</ele></trkpt>
      <trkpt lat="42.570010" lon="-5.508890"><ele>852.2</ele></trkpt>
      <trkpt lat="42.570080" lon="-5.509280"><ele>853.1</ele></trkpt>
      <trkpt lat="42.570180" lon="-5.509720"><ele>854.4</ele></trkpt>
      <trkpt lat="42.570260" lon="-5.510150"><ele>855.7</ele></trkpt>
      <trkpt lat="42.570360" lon="-5.510490"><ele>857.3</ele></trkpt>
      <trkpt lat="42.570440" lon="-5.510880"><ele>859.3</ele></trkpt>
      <trkpt lat="42.570530" lon="-5.511390"><ele>861.7</ele></trkpt>
      <trkpt lat="42.570610" lon="-5.511760"><ele>863.6</ele></trkpt>
      <trkpt lat="42.570720" lon="-5.512230"><ele>865.6</ele></trkpt>
      <trkpt lat="42.570780" lon="-5.512590"><ele>866.4</ele></trkpt>
      <trkpt lat="42.570850" lon="-5.512880"><ele>867.0</ele></trkpt>
      <trkpt lat="42.570900" lon="-5.513130"><ele>867.0</ele></trkpt>
      <trkpt lat="42.570960" lon="-5.513360"><ele>867.3</ele></trkpt>
      <trkpt lat="42.571030" lon="-5.513700"><ele>868.1</ele></trkpt>
      <trkpt lat="42.571110" lon="-5.513990"><ele>869.3</ele></trkpt>
      <trkpt lat="42.571170" lon="-5.514320"><ele>870.8</ele></trkpt>
      <trkpt lat="42.571310" lon="-5.514920"><ele>874.4</ele></trkpt>
      <trkpt lat="42.571400" lon="-5.515360"><ele>876.6</ele></trkpt>
      <trkpt lat="42.571480" lon="-5.515730"><ele>878.2</ele></trkpt>
      <trkpt lat="42.571570" lon="-5.516100"><ele>880.2</ele></trkpt>
      <trkpt lat="42.571650" lon="-5.516490"><ele>881.9</ele></trkpt>
      <trkpt lat="42.571750" lon="-5.517000"><ele>884.3</ele></trkpt>
      <trkpt lat="42.571840" lon="-5.517400"><ele>885.9</ele></trkpt>
      <trkpt lat="42.571840" lon="-5.517400"><ele>885.9</ele></trkpt>
      <trkpt lat="42.571940" lon="-5.517750"><ele>886.8</ele></trkpt>
      <trkpt lat="42.571940" lon="-5.517760"><ele>886.8</ele></trkpt>
      <trkpt lat="42.572020" lon="-5.518170"><ele>886.8</ele></trkpt>
      <trkpt lat="42.572110" lon="-5.518520"><ele>886.4</ele></trkpt>
      <trkpt lat="42.572200" lon="-5.518820"><ele>886.1</ele></trkpt>
      <trkpt lat="42.572290" lon="-5.519210"><ele>885.1</ele></trkpt>
      <trkpt lat="42.572350" lon="-5.519540"><ele>884.1</ele></trkpt>
      <trkpt lat="42.572430" lon="-5.519850"><ele>883.5</ele></trkpt>
      <trkpt lat="42.572480" lon="-5.520090"><ele>883.0</ele></trkpt>
      <trkpt lat="42.572490" lon="-5.520140"><ele>882.8</ele></trkpt>
      <trkpt lat="42.572500" lon="-5.520200"><ele>882.6</ele></trkpt>
      <trkpt lat="42.572510" lon="-5.520260"><ele>882.5</ele></trkpt>
      <trkpt lat="42.572520" lon="-5.520310"><ele>882.5</ele></trkpt>
      <trkpt lat="42.572540" lon="-5.520380"><ele>882.6</ele></trkpt>
      <trkpt lat="42.572560" lon="-5.520460"><ele>882.6</ele></trkpt>
      <trkpt lat="42.572570" lon="-5.520520"><ele>882.6</ele></trkpt>
      <trkpt lat="42.572580" lon="-5.520580"><ele>882.6</ele></trkpt>
      <trkpt lat="42.572580" lon="-5.520630"><ele>882.6</ele></trkpt>
      <trkpt lat="42.572590" lon="-5.520670"><ele>882.6</ele></trkpt>
      <trkpt lat="42.572590" lon="-5.520730"><ele>882.5</ele></trkpt>
      <trkpt lat="42.572600" lon="-5.520790"><ele>882.4</ele></trkpt>
      <trkpt lat="42.572600" lon="-5.520840"><ele>882.3</ele></trkpt>
      <trkpt lat="42.572600" lon="-5.520890"><ele>882.2</ele></trkpt>
      <trkpt lat="42.572600" lon="-5.520950"><ele>882.1</ele></trkpt>
      <trkpt lat="42.572600" lon="-5.521010"><ele>882.0</ele></trkpt>
      <trkpt lat="42.572600" lon="-5.521070"><ele>881.9</ele></trkpt>
      <trkpt lat="42.572610" lon="-5.521110"><ele>881.9</ele></trkpt>
      <trkpt lat="42.572620" lon="-5.521160"><ele>881.8</ele></trkpt>
      <trkpt lat="42.572640" lon="-5.521220"><ele>881.8</ele></trkpt>
      <trkpt lat="42.572670" lon="-5.521290"><ele>881.8</ele></trkpt>
      <trkpt lat="42.572690" lon="-5.521330"><ele>881.7</ele></trkpt>
      <trkpt lat="42.572710" lon="-5.521390"><ele>881.6</ele></trkpt>
      <trkpt lat="42.572710" lon="-5.521390"><ele>881.6</ele></trkpt>
      <trkpt lat="42.572790" lon="-5.521590"><ele>881.3</ele></trkpt>
      <trkpt lat="42.572860" lon="-5.521840"><ele>881.1</ele></trkpt>
      <trkpt lat="42.572920" lon="-5.522120"><ele>880.9</ele></trkpt>
      <trkpt lat="42.572980" lon="-5.522360"><ele>880.8</ele></trkpt>
      <trkpt lat="42.573050" lon="-5.522660"><ele>881.1</ele></trkpt>
      <trkpt lat="42.573140" lon="-5.523020"><ele>882.4</ele></trkpt>
      <trkpt lat="42.573190" lon="-5.523270"><ele>883.5</ele></trkpt>
      <trkpt lat="42.573220" lon="-5.523490"><ele>884.3</ele></trkpt>
      <trkpt lat="42.573260" lon="-5.523690"><ele>885.2</ele></trkpt>
      <trkpt lat="42.573260" lon="-5.523750"><ele>885.4</ele></trkpt>
      <trkpt lat="42.573270" lon="-5.523810"><ele>885.6</ele></trkpt>
      <trkpt lat="42.573270" lon="-5.523870"><ele>885.8</ele></trkpt>
      <trkpt lat="42.573280" lon="-5.523920"><ele>886.0</ele></trkpt>
      <trkpt lat="42.573290" lon="-5.523980"><ele>886.2</ele></trkpt>
      <trkpt lat="42.573290" lon="-5.524030"><ele>886.4</ele></trkpt>
      <trkpt lat="42.573280" lon="-5.524080"><ele>886.6</ele></trkpt>
      <trkpt lat="42.573270" lon="-5.524120"><ele>886.8</ele></trkpt>
      <trkpt lat="42.573230" lon="-5.524160"><ele>886.9</ele></trkpt>
      <trkpt lat="42.573210" lon="-5.524200"><ele>887.1</ele></trkpt>
      <trkpt lat="42.573180" lon="-5.524240"><ele>887.2</ele></trkpt>
      <trkpt lat="42.573150" lon="-5.524270"><ele>887.3</ele></trkpt>
      <trkpt lat="42.573120" lon="-5.524310"><ele>887.4</ele></trkpt>
      <trkpt lat="42.573090" lon="-5.524340"><ele>887.5</ele></trkpt>
      <trkpt lat="42.573060" lon="-5.524370"><ele>887.6</ele></trkpt>
      <trkpt lat="42.573020" lon="-5.524400"><ele>887.7</ele></trkpt>
      <trkpt lat="42.573000" lon="-5.524440"><ele>887.7</ele></trkpt>
      <trkpt lat="42.572960" lon="-5.524470"><ele>887.7</ele></trkpt>
      <trkpt lat="42.572930" lon="-5.524500"><ele>887.7</ele></trkpt>
      <trkpt lat="42.572900" lon="-5.524520"><ele>887.7</ele></trkpt>
      <trkpt lat="42.572870" lon="-5.524550"><ele>887.7</ele></trkpt>
      <trkpt lat="42.572840" lon="-5.524580"><ele>887.8</ele></trkpt>
      <trkpt lat="42.572810" lon="-5.524620"><ele>887.7</ele></trkpt>
      <trkpt lat="42.572770" lon="-5.524670"><ele>887.8</ele></trkpt>
      <trkpt lat="42.572750" lon="-5.524710"><ele>887.8</ele></trkpt>
      <trkpt lat="42.572720" lon="-5.524750"><ele>887.8</ele></trkpt>
      <trkpt lat="42.572690" lon="-5.524800"><ele>887.8</ele></trkpt>
      <trkpt lat="42.572640" lon="-5.524850"><ele>887.7</ele></trkpt>
      <trkpt lat="42.572610" lon="-5.524890"><ele>887.7</ele></trkpt>
      <trkpt lat="42.572570" lon="-5.524910"><ele>887.6</ele></trkpt>
      <trkpt lat="42.572550" lon="-5.524940"><ele>887.5</ele></trkpt>
      <trkpt lat="42.572510" lon="-5.524980"><ele>887.4</ele></trkpt>
      <trkpt lat="42.572470" lon="-5.525020"><ele>887.3</ele></trkpt>
      <trkpt lat="42.572420" lon="-5.525060"><ele>887.2</ele></trkpt>
      <trkpt lat="42.572390" lon="-5.525090"><ele>887.1</ele></trkpt>
      <trkpt lat="42.572350" lon="-5.525130"><ele>887.0</ele></trkpt>
      <trkpt lat="42.572320" lon="-5.525160"><ele>886.9</ele></trkpt>
      <trkpt lat="42.572290" lon="-5.525200"><ele>886.8</ele></trkpt>
      <trkpt lat="42.572250" lon="-5.525240"><ele>886.7</ele></trkpt>
      <trkpt lat="42.572220" lon="-5.525250"><ele>886.6</ele></trkpt>
      <trkpt lat="42.572190" lon="-5.525290"><ele>886.5</ele></trkpt>
      <trkpt lat="42.572150" lon="-5.525310"><ele>886.4</ele></trkpt>
      <trkpt lat="42.572120" lon="-5.525340"><ele>886.3</ele></trkpt>
      <trkpt lat="42.572090" lon="-5.525380"><ele>886.1</ele></trkpt>
      <trkpt lat="42.572060" lon="-5.525410"><ele>886.0</ele></trkpt>
      <trkpt lat="42.572030" lon="-5.525460"><ele>885.9</ele></trkpt>
      <trkpt lat="42.572010" lon="-5.525510"><ele>885.9</ele></trkpt>
      <trkpt lat="42.571980" lon="-5.525550"><ele>885.8</ele></trkpt>
      <trkpt lat="42.571960" lon="-5.525580"><ele>885.7</ele></trkpt>
      <trkpt lat="42.571960" lon="-5.525630"><ele>885.8</ele></trkpt>
      <trkpt lat="42.571960" lon="-5.525690"><ele>885.8</ele></trkpt>
      <trkpt lat="42.571960" lon="-5.525740"><ele>885.9</ele></trkpt>
      <trkpt lat="42.571960" lon="-5.525770"><ele>885.9</ele></trkpt>
      <trkpt lat="42.572020" lon="-5.526070"><ele>886.6</ele></trkpt>
      <trkpt lat="42.572120" lon="-5.526480"><ele>887.9</ele></trkpt>
      <trkpt lat="42.572190" lon="-5.526820"><ele>889.1</ele></trkpt>
      <trkpt lat="42.572250" lon="-5.527010"><ele>889.9</ele></trkpt>
      <trkpt lat="42.572270" lon="-5.527050"><ele>890.2</ele></trkpt>
      <trkpt lat="42.572300" lon="-5.527100"><ele>890.6</ele></trkpt>
      <trkpt lat="42.572340" lon="-5.527150"><ele>890.9</ele></trkpt>
      <trkpt lat="42.572370" lon="-5.527190"><ele>891.2</ele></trkpt>
      <trkpt lat="42.572390" lon="-5.527230"><ele>891.6</ele></trkpt>
      <trkpt lat="42.572420" lon="-5.527270"><ele>891.9</ele></trkpt>
      <trkpt lat="42.572460" lon="-5.527300"><ele>892.1</ele></trkpt>
      <trkpt lat="42.572500" lon="-5.527310"><ele>892.4</ele></trkpt>
      <trkpt lat="42.572550" lon="-5.527340"><ele>892.8</ele></trkpt>
      <trkpt lat="42.572580" lon="-5.527360"><ele>893.1</ele></trkpt>
      <trkpt lat="42.572620" lon="-5.527380"><ele>893.4</ele></trkpt>
      <trkpt lat="42.572670" lon="-5.527390"><ele>893.7</ele></trkpt>
      <trkpt lat="42.572710" lon="-5.527400"><ele>894.1</ele></trkpt>
      <trkpt lat="42.572750" lon="-5.527400"><ele>894.5</ele></trkpt>
      <trkpt lat="42.572790" lon="-5.527410"><ele>894.9</ele></trkpt>
      <trkpt lat="42.572830" lon="-5.527420"><ele>895.3</ele></trkpt>
      <trkpt lat="42.572870" lon="-5.527430"><ele>895.8</ele></trkpt>
      <trkpt lat="42.572900" lon="-5.527440"><ele>896.1</ele></trkpt>
      <trkpt lat="42.572940" lon="-5.527470"><ele>896.5</ele></trkpt>
      <trkpt lat="42.572970" lon="-5.527500"><ele>896.9</ele></trkpt>
      <trkpt lat="42.573010" lon="-5.527540"><ele>897.4</ele></trkpt>
      <trkpt lat="42.573040" lon="-5.527570"><ele>897.8</ele></trkpt>
      <trkpt lat="42.573080" lon="-5.527610"><ele>898.2</ele></trkpt>
      <trkpt lat="42.573100" lon="-5.527650"><ele>898.5</ele></trkpt>
      <trkpt lat="42.573120" lon="-5.527690"><ele>898.8</ele></trkpt>
      <trkpt lat="42.573140" lon="-5.527740"><ele>899.0</ele></trkpt>
      <trkpt lat="42.573160" lon="-5.527780"><ele>899.2</ele></trkpt>
      <trkpt lat="42.573170" lon="-5.527830"><ele>899.3</ele></trkpt>
      <trkpt lat="42.573180" lon="-5.527890"><ele>899.5</ele></trkpt>
      <trkpt lat="42.573190" lon="-5.527960"><ele>899.6</ele></trkpt>
      <trkpt lat="42.573210" lon="-5.528040"><ele>899.8</ele></trkpt>
      <trkpt lat="42.573220" lon="-5.528090"><ele>899.9</ele></trkpt>
      <trkpt lat="42.573230" lon="-5.528140"><ele>899.9</ele></trkpt>
      <trkpt lat="42.573250" lon="-5.528200"><ele>900.1</ele></trkpt>
      <trkpt lat="42.573250" lon="-5.528260"><ele>900.1</ele></trkpt>
      <trkpt lat="42.573260" lon="-5.528320"><ele>900.2</ele></trkpt>
      <trkpt lat="42.573260" lon="-5.528390"><ele>900.2</ele></trkpt>
      <trkpt lat="42.573270" lon="-5.528410"><ele>900.2</ele></trkpt>
      <trkpt lat="42.573310" lon="-5.528650"><ele>900.2</ele></trkpt>
      <trkpt lat="42.573330" lon="-5.528790"><ele>899.8</ele></trkpt>
      <trkpt lat="42.573340" lon="-5.528830"><ele>899.6</ele></trkpt>
      <trkpt lat="42.573350" lon="-5.528870"><ele>899.5</ele></trkpt>
      <trkpt lat="42.573350" lon="-5.528910"><ele>899.4</ele></trkpt>
      <trkpt lat="42.573360" lon="-5.528950"><ele>899.3</ele></trkpt>
      <trkpt lat="42.573360" lon="-5.528980"><ele>899.2</ele></trkpt>
      <trkpt lat="42.573370" lon="-5.529030"><ele>899.0</ele></trkpt>
      <trkpt lat="42.573380" lon="-5.529060"><ele>899.0</ele></trkpt>
      <trkpt lat="42.573390" lon="-5.529110"><ele>898.9</ele></trkpt>
      <trkpt lat="42.573410" lon="-5.529150"><ele>898.8</ele></trkpt>
      <trkpt lat="42.573420" lon="-5.529190"><ele>898.8</ele></trkpt>
      <trkpt lat="42.573430" lon="-5.529220"><ele>898.7</ele></trkpt>
      <trkpt lat="42.573440" lon="-5.529260"><ele>898.7</ele></trkpt>
      <trkpt lat="42.573450" lon="-5.529300"><ele>898.6</ele></trkpt>
      <trkpt lat="42.573470" lon="-5.529330"><ele>898.6</ele></trkpt>
      <trkpt lat="42.573490" lon="-5.529360"><ele>898.6</ele></trkpt>
      <trkpt lat="42.573500" lon="-5.529370"><ele>898.6</ele></trkpt>
      <trkpt lat="42.573530" lon="-5.529460"><ele>898.4</ele></trkpt>
      <trkpt lat="42.573530" lon="-5.529460"><ele>898.4</ele></trkpt>
      <trkpt lat="42.573600" lon="-5.529590"><ele>898.4</ele></trkpt>
      <trkpt lat="42.573670" lon="-5.529740"><ele>898.4</ele></trkpt>
      <trkpt lat="42.573690" lon="-5.529770"><ele>898.4</ele></trkpt>
      <trkpt lat="42.573710" lon="-5.529810"><ele>898.4</ele></trkpt>
      <trkpt lat="42.573730" lon="-5.529840"><ele>898.4</ele></trkpt>
      <trkpt lat="42.573750" lon="-5.529870"><ele>898.4</ele></trkpt>
      <trkpt lat="42.573770" lon="-5.529910"><ele>898.4</ele></trkpt>
      <trkpt lat="42.573780" lon="-5.529940"><ele>898.4</ele></trkpt>
      <trkpt lat="42.573800" lon="-5.529970"><ele>898.5</ele></trkpt>
      <trkpt lat="42.573820" lon="-5.530000"><ele>898.5</ele></trkpt>
      <trkpt lat="42.573830" lon="-5.530030"><ele>898.6</ele></trkpt>
      <trkpt lat="42.573840" lon="-5.530060"><ele>898.6</ele></trkpt>
      <trkpt lat="42.573860" lon="-5.530100"><ele>898.7</ele></trkpt>
      <trkpt lat="42.573880" lon="-5.530110"><ele>898.7</ele></trkpt>
      <trkpt lat="42.573900" lon="-5.530140"><ele>898.8</ele></trkpt>
      <trkpt lat="42.573910" lon="-5.530160"><ele>898.8</ele></trkpt>
      <trkpt lat="42.573910" lon="-5.530210"><ele>898.8</ele></trkpt>
      <trkpt lat="42.573910" lon="-5.530250"><ele>898.8</ele></trkpt>
      <trkpt lat="42.573900" lon="-5.530280"><ele>898.8</ele></trkpt>
      <trkpt lat="42.573880" lon="-5.530310"><ele>898.8</ele></trkpt>
      <trkpt lat="42.573870" lon="-5.530340"><ele>898.7</ele></trkpt>
      <trkpt lat="42.573870" lon="-5.530370"><ele>898.7</ele></trkpt>
      <trkpt lat="42.573860" lon="-5.530410"><ele>898.8</ele></trkpt>
      <trkpt lat="42.573860" lon="-5.530450"><ele>898.8</ele></trkpt>
      <trkpt lat="42.573860" lon="-5.530490"><ele>898.9</ele></trkpt>
      <trkpt lat="42.573870" lon="-5.530530"><ele>898.9</ele></trkpt>
      <trkpt lat="42.573890" lon="-5.530570"><ele>899.0</ele></trkpt>
      <trkpt lat="42.573910" lon="-5.530580"><ele>899.1</ele></trkpt>
      <trkpt lat="42.573920" lon="-5.530610"><ele>899.1</ele></trkpt>
      <trkpt lat="42.573930" lon="-5.530640"><ele>899.2</ele></trkpt>
      <trkpt lat="42.573950" lon="-5.530680"><ele>899.3</ele></trkpt>
      <trkpt lat="42.573960" lon="-5.530710"><ele>899.4</ele></trkpt>
      <trkpt lat="42.573970" lon="-5.530740"><ele>899.4</ele></trkpt>
      <trkpt lat="42.573980" lon="-5.530780"><ele>899.5</ele></trkpt>
      <trkpt lat="42.573990" lon="-5.530800"><ele>899.5</ele></trkpt>
      <trkpt lat="42.573990" lon="-5.530850"><ele>899.6</ele></trkpt>
      <trkpt lat="42.573940" lon="-5.530930"><ele>899.6</ele></trkpt>
      <trkpt lat="42.573880" lon="-5.530980"><ele>899.6</ele></trkpt>
      <trkpt lat="42.573830" lon="-5.531030"><ele>899.6</ele></trkpt>
      <trkpt lat="42.573800" lon="-5.531060"><ele>899.6</ele></trkpt>
      <trkpt lat="42.573800" lon="-5.531100"><ele>899.6</ele></trkpt>
      <trkpt lat="42.573790" lon="-5.531130"><ele>899.6</ele></trkpt>
      <trkpt lat="42.573790" lon="-5.531160"><ele>899.7</ele></trkpt>
      <trkpt lat="42.573810" lon="-5.531210"><ele>899.7</ele></trkpt>
      <trkpt lat="42.573820" lon="-5.531230"><ele>899.8</ele></trkpt>
      <trkpt lat="42.573840" lon="-5.531270"><ele>899.8</ele></trkpt>
      <trkpt lat="42.573860" lon="-5.531310"><ele>899.9</ele></trkpt>
      <trkpt lat="42.573880" lon="-5.531340"><ele>899.9</ele></trkpt>
      <trkpt lat="42.573900" lon="-5.531370"><ele>900.0</ele></trkpt>
      <trkpt lat="42.573910" lon="-5.531410"><ele>900.0</ele></trkpt>
      <trkpt lat="42.573930" lon="-5.531440"><ele>900.0</ele></trkpt>
      <trkpt lat="42.573940" lon="-5.531470"><ele>900.0</ele></trkpt>
      <trkpt lat="42.573960" lon="-5.531500"><ele>900.1</ele></trkpt>
      <trkpt lat="42.573970" lon="-5.531530"><ele>900.1</ele></trkpt>
      <trkpt lat="42.573980" lon="-5.531560"><ele>900.1</ele></trkpt>
      <trkpt lat="42.574000" lon="-5.531610"><ele>900.1</ele></trkpt>
      <trkpt lat="42.574010" lon="-5.531640"><ele>900.1</ele></trkpt>
      <trkpt lat="42.574030" lon="-5.531680"><ele>900.1</ele></trkpt>
      <trkpt lat="42.574040" lon="-5.531720"><ele>900.1</ele></trkpt>
      <trkpt lat="42.574050" lon="-5.531770"><ele>900.1</ele></trkpt>
      <trkpt lat="42.574060" lon="-5.531810"><ele>900.1</ele></trkpt>
      <trkpt lat="42.574080" lon="-5.531840"><ele>900.2</ele></trkpt>
      <trkpt lat="42.574090" lon="-5.531880"><ele>900.3</ele></trkpt>
      <trkpt lat="42.574100" lon="-5.531910"><ele>900.4</ele></trkpt>
      <trkpt lat="42.574110" lon="-5.531950"><ele>900.5</ele></trkpt>
      <trkpt lat="42.574120" lon="-5.531990"><ele>900.6</ele></trkpt>
      <trkpt lat="42.574130" lon="-5.532040"><ele>900.8</ele></trkpt>
      <trkpt lat="42.574150" lon="-5.532090"><ele>900.9</ele></trkpt>
      <trkpt lat="42.574170" lon="-5.532130"><ele>901.0</ele></trkpt>
      <trkpt lat="42.574180" lon="-5.532160"><ele>901.1</ele></trkpt>
      <trkpt lat="42.574240" lon="-5.532340"><ele>901.5</ele></trkpt>
      <trkpt lat="42.574270" lon="-5.532500"><ele>901.7</ele></trkpt>
      <trkpt lat="42.574270" lon="-5.532510"><ele>901.7</ele></trkpt>
      <trkpt lat="42.574320" lon="-5.532660"><ele>901.8</ele></trkpt>
      <trkpt lat="42.574360" lon="-5.532890"><ele>901.1</ele></trkpt>
      <trkpt lat="42.574390" lon="-5.533120"><ele>899.9</ele></trkpt>
      <trkpt lat="42.574440" lon="-5.533360"><ele>898.3</ele></trkpt>
      <trkpt lat="42.574460" lon="-5.533540"><ele>897.0</ele></trkpt>
      <trkpt lat="42.574480" lon="-5.533750"><ele>895.1</ele></trkpt>
      <trkpt lat="42.574510" lon="-5.534030"><ele>892.0</ele></trkpt>
      <trkpt lat="42.574510" lon="-5.534050"><ele>891.8</ele></trkpt>
      <trkpt lat="42.574550" lon="-5.534380"><ele>888.9</ele></trkpt>
      <trkpt lat="42.574580" lon="-5.534630"><ele>886.9</ele></trkpt>
      <trkpt lat="42.574600" lon="-5.534830"><ele>885.6</ele></trkpt>
      <trkpt lat="42.574650" lon="-5.535020"><ele>884.3</ele></trkpt>
      <trkpt lat="42.574680" lon="-5.535280"><ele>882.6</ele></trkpt>
      <trkpt lat="42.574730" lon="-5.535550"><ele>880.8</ele></trkpt>
      <trkpt lat="42.574750" lon="-5.535700"><ele>880.0</ele></trkpt>
      <trkpt lat="42.574750" lon="-5.535730"><ele>879.7</ele></trkpt>
      <trkpt lat="42.574760" lon="-5.535780"><ele>879.5</ele></trkpt>
      <trkpt lat="42.574760" lon="-5.535820"><ele>879.2</ele></trkpt>
      <trkpt lat="42.574760" lon="-5.535850"><ele>879.0</ele></trkpt>
      <trkpt lat="42.574760" lon="-5.535890"><ele>878.8</ele></trkpt>
      <trkpt lat="42.574760" lon="-5.535930"><ele>878.6</ele></trkpt>
      <trkpt lat="42.574770" lon="-5.535970"><ele>878.3</ele></trkpt>
      <trkpt lat="42.574770" lon="-5.536020"><ele>878.1</ele></trkpt>
      <trkpt lat="42.574780" lon="-5.536060"><ele>877.9</ele></trkpt>
      <trkpt lat="42.574780" lon="-5.536120"><ele>877.6</ele></trkpt>
      <trkpt lat="42.574790" lon="-5.536170"><ele>877.4</ele></trkpt>
      <trkpt lat="42.574790" lon="-5.536210"><ele>877.2</ele></trkpt>
      <trkpt lat="42.574800" lon="-5.536220"><ele>877.2</ele></trkpt>
      <trkpt lat="42.574830" lon="-5.536490"><ele>876.1</ele></trkpt>
      <trkpt lat="42.574840" lon="-5.536510"><ele>876.0</ele></trkpt>
      <trkpt lat="42.574870" lon="-5.536770"><ele>874.9</ele></trkpt>
      <trkpt lat="42.574910" lon="-5.536960"><ele>874.3</ele></trkpt>
      <trkpt lat="42.574920" lon="-5.537120"><ele>873.8</ele></trkpt>
      <trkpt lat="42.574960" lon="-5.537320"><ele>873.3</ele></trkpt>
      <trkpt lat="42.574970" lon="-5.537460"><ele>872.8</ele></trkpt>
      <trkpt lat="42.574970" lon="-5.537510"><ele>872.6</ele></trkpt>
      <trkpt lat="42.574970" lon="-5.537560"><ele>872.4</ele></trkpt>
      <trkpt lat="42.574970" lon="-5.537600"><ele>872.3</ele></trkpt>
      <trkpt lat="42.574970" lon="-5.537640"><ele>872.1</ele></trkpt>
      <trkpt lat="42.574970" lon="-5.537690"><ele>871.9</ele></trkpt>
      <trkpt lat="42.574980" lon="-5.537730"><ele>871.8</ele></trkpt>
      <trkpt lat="42.574980" lon="-5.537770"><ele>871.6</ele></trkpt>
      <trkpt lat="42.574980" lon="-5.537800"><ele>871.5</ele></trkpt>
      <trkpt lat="42.574990" lon="-5.537850"><ele>871.4</ele></trkpt>
      <trkpt lat="42.574990" lon="-5.537900"><ele>871.2</ele></trkpt>
      <trkpt lat="42.574990" lon="-5.537930"><ele>871.1</ele></trkpt>
      <trkpt lat="42.574990" lon="-5.537980"><ele>871.0</ele></trkpt>
      <trkpt lat="42.574990" lon="-5.538030"><ele>870.8</ele></trkpt>
      <trkpt lat="42.574990" lon="-5.538070"><ele>870.6</ele></trkpt>
      <trkpt lat="42.574980" lon="-5.538120"><ele>870.4</ele></trkpt>
      <trkpt lat="42.574970" lon="-5.538170"><ele>870.2</ele></trkpt>
      <trkpt lat="42.574960" lon="-5.538210"><ele>870.1</ele></trkpt>
      <trkpt lat="42.574950" lon="-5.538250"><ele>869.9</ele></trkpt>
      <trkpt lat="42.574950" lon="-5.538290"><ele>869.8</ele></trkpt>
      <trkpt lat="42.574940" lon="-5.538320"><ele>869.6</ele></trkpt>
      <trkpt lat="42.574930" lon="-5.538370"><ele>869.3</ele></trkpt>
      <trkpt lat="42.574920" lon="-5.538400"><ele>869.1</ele></trkpt>
      <trkpt lat="42.574900" lon="-5.538440"><ele>868.9</ele></trkpt>
      <trkpt lat="42.574890" lon="-5.538480"><ele>868.7</ele></trkpt>
      <trkpt lat="42.574880" lon="-5.538510"><ele>868.5</ele></trkpt>
      <trkpt lat="42.574860" lon="-5.538550"><ele>868.3</ele></trkpt>
      <trkpt lat="42.574840" lon="-5.538590"><ele>868.0</ele></trkpt>
      <trkpt lat="42.574830" lon="-5.538620"><ele>867.8</ele></trkpt>
      <trkpt lat="42.574810" lon="-5.538650"><ele>867.6</ele></trkpt>
      <trkpt lat="42.574790" lon="-5.538690"><ele>867.4</ele></trkpt>
      <trkpt lat="42.574760" lon="-5.538720"><ele>867.2</ele></trkpt>
      <trkpt lat="42.574740" lon="-5.538760"><ele>866.9</ele></trkpt>
      <trkpt lat="42.574720" lon="-5.538790"><ele>866.7</ele></trkpt>
      <trkpt lat="42.574700" lon="-5.538820"><ele>866.5</ele></trkpt>
      <trkpt lat="42.574680" lon="-5.538850"><ele>866.4</ele></trkpt>
      <trkpt lat="42.574660" lon="-5.538890"><ele>866.1</ele></trkpt>
      <trkpt lat="42.574640" lon="-5.538910"><ele>866.0</ele></trkpt>
      <trkpt lat="42.574610" lon="-5.538940"><ele>865.8</ele></trkpt>
      <trkpt lat="42.574580" lon="-5.538970"><ele>865.6</ele></trkpt>
      <trkpt lat="42.574560" lon="-5.539000"><ele>865.4</ele></trkpt>
      <trkpt lat="42.574540" lon="-5.539020"><ele>865.2</ele></trkpt>
      <trkpt lat="42.574510" lon="-5.539050"><ele>865.1</ele></trkpt>
      <trkpt lat="42.574490" lon="-5.539070"><ele>865.0</ele></trkpt>
      <trkpt lat="42.574450" lon="-5.539100"><ele>864.9</ele></trkpt>
      <trkpt lat="42.574430" lon="-5.539120"><ele>864.8</ele></trkpt>
      <trkpt lat="42.574410" lon="-5.539150"><ele>864.7</ele></trkpt>
      <trkpt lat="42.574390" lon="-5.539170"><ele>864.6</ele></trkpt>
      <trkpt lat="42.574370" lon="-5.539180"><ele>864.5</ele></trkpt>
      <trkpt lat="42.574380" lon="-5.539290"><ele>864.0</ele></trkpt>
      <trkpt lat="42.574410" lon="-5.539450"><ele>863.2</ele></trkpt>
      <trkpt lat="42.574450" lon="-5.539650"><ele>862.3</ele></trkpt>
      <trkpt lat="42.574480" lon="-5.539880"><ele>861.2</ele></trkpt>
      <trkpt lat="42.574480" lon="-5.539880"><ele>861.1</ele></trkpt>
      <trkpt lat="42.574510" lon="-5.540050"><ele>860.3</ele></trkpt>
      <trkpt lat="42.574510" lon="-5.540100"><ele>860.0</ele></trkpt>
      <trkpt lat="42.574530" lon="-5.540140"><ele>859.8</ele></trkpt>
      <trkpt lat="42.574550" lon="-5.540160"><ele>859.9</ele></trkpt>
      <trkpt lat="42.574580" lon="-5.540170"><ele>860.0</ele></trkpt>
      <trkpt lat="42.574600" lon="-5.540190"><ele>860.1</ele></trkpt>
      <trkpt lat="42.574630" lon="-5.540190"><ele>860.2</ele></trkpt>
      <trkpt lat="42.574660" lon="-5.540200"><ele>860.3</ele></trkpt>
      <trkpt lat="42.574690" lon="-5.540200"><ele>860.5</ele></trkpt>
      <trkpt lat="42.574720" lon="-5.540210"><ele>860.5</ele></trkpt>
      <trkpt lat="42.574760" lon="-5.540230"><ele>860.7</ele></trkpt>
      <trkpt lat="42.574780" lon="-5.540240"><ele>860.7</ele></trkpt>
      <trkpt lat="42.574810" lon="-5.540250"><ele>860.8</ele></trkpt>
      <trkpt lat="42.574840" lon="-5.540260"><ele>860.9</ele></trkpt>
      <trkpt lat="42.574870" lon="-5.540260"><ele>861.0</ele></trkpt>
      <trkpt lat="42.574900" lon="-5.540270"><ele>861.2</ele></trkpt>
      <trkpt lat="42.574930" lon="-5.540280"><ele>861.3</ele></trkpt>
      <trkpt lat="42.574960" lon="-5.540280"><ele>861.4</ele></trkpt>
      <trkpt lat="42.574990" lon="-5.540290"><ele>861.5</ele></trkpt>
      <trkpt lat="42.575020" lon="-5.540290"><ele>861.5</ele></trkpt>
      <trkpt lat="42.575050" lon="-5.540300"><ele>861.6</ele></trkpt>
      <trkpt lat="42.575070" lon="-5.540320"><ele>861.6</ele></trkpt>
      <trkpt lat="42.575100" lon="-5.540350"><ele>861.5</ele></trkpt>
      <trkpt lat="42.575130" lon="-5.540380"><ele>861.5</ele></trkpt>
      <trkpt lat="42.575140" lon="-5.540390"><ele>861.4</ele></trkpt>
      <trkpt lat="42.575190" lon="-5.540430"><ele>861.4</ele></trkpt>
      <trkpt lat="42.575210" lon="-5.540450"><ele>861.3</ele></trkpt>
      <trkpt lat="42.575240" lon="-5.540480"><ele>861.3</ele></trkpt>
      <trkpt lat="42.575260" lon="-5.540500"><ele>861.2</ele></trkpt>
      <trkpt lat="42.575280" lon="-5.540540"><ele>861.1</ele></trkpt>
      <trkpt lat="42.575300" lon="-5.540560"><ele>861.1</ele></trkpt>
      <trkpt lat="42.575330" lon="-5.540590"><ele>861.0</ele></trkpt>
      <trkpt lat="42.575350" lon="-5.540610"><ele>860.9</ele></trkpt>
      <trkpt lat="42.575370" lon="-5.540640"><ele>860.8</ele></trkpt>
      <trkpt lat="42.575380" lon="-5.540670"><ele>860.7</ele></trkpt>
      <trkpt lat="42.575400" lon="-5.540700"><ele>860.6</ele></trkpt>
      <trkpt lat="42.575410" lon="-5.540730"><ele>860.4</ele></trkpt>
      <trkpt lat="42.575430" lon="-5.540770"><ele>860.3</ele></trkpt>
      <trkpt lat="42.575450" lon="-5.540800"><ele>860.2</ele></trkpt>
      <trkpt lat="42.575470" lon="-5.540830"><ele>860.0</ele></trkpt>
      <trkpt lat="42.575490" lon="-5.540870"><ele>859.8</ele></trkpt>
      <trkpt lat="42.575510" lon="-5.540900"><ele>859.7</ele></trkpt>
      <trkpt lat="42.575530" lon="-5.540930"><ele>859.5</ele></trkpt>
      <trkpt lat="42.575530" lon="-5.540960"><ele>859.4</ele></trkpt>
      <trkpt lat="42.575540" lon="-5.541000"><ele>859.2</ele></trkpt>
      <trkpt lat="42.575560" lon="-5.541040"><ele>859.0</ele></trkpt>
      <trkpt lat="42.575570" lon="-5.541080"><ele>858.8</ele></trkpt>
      <trkpt lat="42.575580" lon="-5.541120"><ele>858.6</ele></trkpt>
      <trkpt lat="42.575600" lon="-5.541150"><ele>858.4</ele></trkpt>
      <trkpt lat="42.575610" lon="-5.541180"><ele>858.3</ele></trkpt>
      <trkpt lat="42.575610" lon="-5.541210"><ele>858.1</ele></trkpt>
      <trkpt lat="42.575630" lon="-5.541240"><ele>857.9</ele></trkpt>
      <trkpt lat="42.575650" lon="-5.541270"><ele>857.7</ele></trkpt>
      <trkpt lat="42.575660" lon="-5.541280"><ele>857.7</ele></trkpt>
      <trkpt lat="42.575710" lon="-5.541410"><ele>856.9</ele></trkpt>
      <trkpt lat="42.575780" lon="-5.541580"><ele>856.0</ele></trkpt>
      <trkpt lat="42.575860" lon="-5.541780"><ele>855.0</ele></trkpt>
      <trkpt lat="42.575920" lon="-5.541890"><ele>854.4</ele></trkpt>
      <trkpt lat="42.576030" lon="-5.542160"><ele>853.8</ele></trkpt>
      <trkpt lat="42.576140" lon="-5.542420"><ele>853.2</ele></trkpt>
      <trkpt lat="42.576220" lon="-5.542610"><ele>852.7</ele></trkpt>
      <trkpt lat="42.576220" lon="-5.542610"><ele>852.7</ele></trkpt>
      <trkpt lat="42.576310" lon="-5.542850"><ele>851.9</ele></trkpt>
      <trkpt lat="42.576340" lon="-5.542860"><ele>851.8</ele></trkpt>
      <trkpt lat="42.576360" lon="-5.542890"><ele>851.7</ele></trkpt>
      <trkpt lat="42.576380" lon="-5.542920"><ele>851.6</ele></trkpt>
      <trkpt lat="42.576390" lon="-5.542940"><ele>851.6</ele></trkpt>
      <trkpt lat="42.576420" lon="-5.542970"><ele>851.6</ele></trkpt>
      <trkpt lat="42.576440" lon="-5.542990"><ele>851.6</ele></trkpt>
      <trkpt lat="42.576450" lon="-5.543030"><ele>851.6</ele></trkpt>
      <trkpt lat="42.576470" lon="-5.543050"><ele>851.6</ele></trkpt>
      <trkpt lat="42.576480" lon="-5.543090"><ele>851.5</ele></trkpt>
      <trkpt lat="42.576490" lon="-5.543110"><ele>851.5</ele></trkpt>
      <trkpt lat="42.576560" lon="-5.543280"><ele>851.2</ele></trkpt>
      <trkpt lat="42.576640" lon="-5.543440"><ele>850.8</ele></trkpt>
      <trkpt lat="42.576700" lon="-5.543590"><ele>850.4</ele></trkpt>
      <trkpt lat="42.576760" lon="-5.543700"><ele>850.1</ele></trkpt>
      <trkpt lat="42.576770" lon="-5.543740"><ele>850.0</ele></trkpt>
      <trkpt lat="42.576770" lon="-5.543780"><ele>849.9</ele></trkpt>
      <trkpt lat="42.576790" lon="-5.543820"><ele>849.7</ele></trkpt>
      <trkpt lat="42.576800" lon="-5.543860"><ele>849.6</ele></trkpt>
      <trkpt lat="42.576810" lon="-5.543890"><ele>849.5</ele></trkpt>
      <trkpt lat="42.576830" lon="-5.543920"><ele>849.5</ele></trkpt>
      <trkpt lat="42.576840" lon="-5.543950"><ele>849.4</ele></trkpt>
      <trkpt lat="42.576850" lon="-5.543980"><ele>849.3</ele></trkpt>
      <trkpt lat="42.576880" lon="-5.544010"><ele>849.2</ele></trkpt>
      <trkpt lat="42.576890" lon="-5.544040"><ele>849.1</ele></trkpt>
      <trkpt lat="42.576910" lon="-5.544070"><ele>849.0</ele></trkpt>
      <trkpt lat="42.576930" lon="-5.544100"><ele>848.9</ele></trkpt>
      <trkpt lat="42.576950" lon="-5.544120"><ele>848.8</ele></trkpt>
      <trkpt lat="42.576970" lon="-5.544170"><ele>848.6</ele></trkpt>
      <trkpt lat="42.577000" lon="-5.544200"><ele>848.4</ele></trkpt>
      <trkpt lat="42.577020" lon="-5.544230"><ele>848.3</ele></trkpt>
      <trkpt lat="42.577030" lon="-5.544260"><ele>848.1</ele></trkpt>
      <trkpt lat="42.577050" lon="-5.544280"><ele>847.9</ele></trkpt>
      <trkpt lat="42.577070" lon="-5.544330"><ele>847.6</ele></trkpt>
      <trkpt lat="42.577080" lon="-5.544360"><ele>847.4</ele></trkpt>
      <trkpt lat="42.577100" lon="-5.544400"><ele>847.1</ele></trkpt>
      <trkpt lat="42.577120" lon="-5.544430"><ele>847.0</ele></trkpt>
      <trkpt lat="42.577150" lon="-5.544460"><ele>846.7</ele></trkpt>
      <trkpt lat="42.577180" lon="-5.544490"><ele>846.5</ele></trkpt>
      <trkpt lat="42.577200" lon="-5.544520"><ele>846.3</ele></trkpt>
      <trkpt lat="42.577220" lon="-5.544550"><ele>846.1</ele></trkpt>
      <trkpt lat="42.577240" lon="-5.544570"><ele>845.9</ele></trkpt>
      <trkpt lat="42.577250" lon="-5.544600"><ele>845.8</ele></trkpt>
      <trkpt lat="42.577270" lon="-5.544650"><ele>845.4</ele></trkpt>
      <trkpt lat="42.577280" lon="-5.544690"><ele>845.1</ele></trkpt>
      <trkpt lat="42.577290" lon="-5.544730"><ele>844.9</ele></trkpt>
      <trkpt lat="42.577290" lon="-5.544740"><ele>844.8</ele></trkpt>
      <trkpt lat="42.577330" lon="-5.544860"><ele>844.1</ele></trkpt>
      <trkpt lat="42.577380" lon="-5.545000"><ele>843.3</ele></trkpt>
      <trkpt lat="42.577450" lon="-5.545120"><ele>842.6</ele></trkpt>
      <trkpt lat="42.577520" lon="-5.545310"><ele>841.7</ele></trkpt>
      <trkpt lat="42.577620" lon="-5.545490"><ele>841.0</ele></trkpt>
      <trkpt lat="42.577690" lon="-5.545640"><ele>840.5</ele></trkpt>
      <trkpt lat="42.577760" lon="-5.545820"><ele>839.8</ele></trkpt>
      <trkpt lat="42.577870" lon="-5.546040"><ele>839.0</ele></trkpt>
      <trkpt lat="42.577910" lon="-5.546130"><ele>838.6</ele></trkpt>
      <trkpt lat="42.578070" lon="-5.546430"><ele>837.6</ele></trkpt>
      <trkpt lat="42.578180" lon="-5.546640"><ele>836.9</ele></trkpt>
      <trkpt lat="42.578290" lon="-5.546860"><ele>836.2</ele></trkpt>
      <trkpt lat="42.578380" lon="-5.547080"><ele>835.5</ele></trkpt>
      <trkpt lat="42.578490" lon="-5.547270"><ele>835.0</ele></trkpt>
      <trkpt lat="42.578510" lon="-5.547330"><ele>834.9</ele></trkpt>
      <trkpt lat="42.578540" lon="-5.547350"><ele>834.9</ele></trkpt>
      <trkpt lat="42.578560" lon="-5.547380"><ele>834.8</ele></trkpt>
      <trkpt lat="42.578580" lon="-5.547400"><ele>834.8</ele></trkpt>
      <trkpt lat="42.578600" lon="-5.547420"><ele>834.7</ele></trkpt>
      <trkpt lat="42.578610" lon="-5.547440"><ele>834.7</ele></trkpt>
      <trkpt lat="42.578630" lon="-5.547480"><ele>834.6</ele></trkpt>
      <trkpt lat="42.578630" lon="-5.547510"><ele>834.6</ele></trkpt>
      <trkpt lat="42.578640" lon="-5.547560"><ele>834.5</ele></trkpt>
      <trkpt lat="42.578650" lon="-5.547600"><ele>834.4</ele></trkpt>
      <trkpt lat="42.578660" lon="-5.547640"><ele>834.4</ele></trkpt>
      <trkpt lat="42.578660" lon="-5.547680"><ele>834.3</ele></trkpt>
      <trkpt lat="42.578670" lon="-5.547710"><ele>834.3</ele></trkpt>
      <trkpt lat="42.578750" lon="-5.547880"><ele>834.2</ele></trkpt>
      <trkpt lat="42.578750" lon="-5.547890"><ele>834.2</ele></trkpt>
      <trkpt lat="42.578830" lon="-5.548030"><ele>834.1</ele></trkpt>
      <trkpt lat="42.578920" lon="-5.548220"><ele>834.0</ele></trkpt>
      <trkpt lat="42.579040" lon="-5.548440"><ele>833.9</ele></trkpt>
      <trkpt lat="42.579150" lon="-5.548690"><ele>833.6</ele></trkpt>
      <trkpt lat="42.579290" lon="-5.548940"><ele>833.0</ele></trkpt>
      <trkpt lat="42.579400" lon="-5.549200"><ele>832.5</ele></trkpt>
      <trkpt lat="42.579510" lon="-5.549400"><ele>832.0</ele></trkpt>
      <trkpt lat="42.579670" lon="-5.549690"><ele>830.9</ele></trkpt>
      <trkpt lat="42.579770" lon="-5.549900"><ele>830.3</ele></trkpt>
      <trkpt lat="42.579900" lon="-5.550190"><ele>829.4</ele></trkpt>
      <trkpt lat="42.580010" lon="-5.550440"><ele>828.9</ele></trkpt>
      <trkpt lat="42.580090" lon="-5.550650"><ele>828.6</ele></trkpt>
      <trkpt lat="42.580190" lon="-5.550870"><ele>828.5</ele></trkpt>
      <trkpt lat="42.580320" lon="-5.551120"><ele>828.2</ele></trkpt>
      <trkpt lat="42.580440" lon="-5.551360"><ele>827.7</ele></trkpt>
      <trkpt lat="42.580440" lon="-5.551360"><ele>827.7</ele></trkpt>
      <trkpt lat="42.580540" lon="-5.551550"><ele>827.1</ele></trkpt>
      <trkpt lat="42.580630" lon="-5.551690"><ele>826.7</ele></trkpt>
      <trkpt lat="42.580710" lon="-5.551870"><ele>826.2</ele></trkpt>
      <trkpt lat="42.580770" lon="-5.551960"><ele>825.9</ele></trkpt>
      <trkpt lat="42.580790" lon="-5.552000"><ele>825.8</ele></trkpt>
      <trkpt lat="42.580810" lon="-5.552040"><ele>825.7</ele></trkpt>
      <trkpt lat="42.580830" lon="-5.552090"><ele>825.5</ele></trkpt>
      <trkpt lat="42.580840" lon="-5.552120"><ele>825.4</ele></trkpt>
      <trkpt lat="42.580860" lon="-5.552160"><ele>825.3</ele></trkpt>
      <trkpt lat="42.580880" lon="-5.552190"><ele>825.2</ele></trkpt>
      <trkpt lat="42.580890" lon="-5.552220"><ele>825.1</ele></trkpt>
      <trkpt lat="42.580900" lon="-5.552250"><ele>825.0</ele></trkpt>
      <trkpt lat="42.580920" lon="-5.552290"><ele>824.9</ele></trkpt>
      <trkpt lat="42.580930" lon="-5.552320"><ele>824.8</ele></trkpt>
      <trkpt lat="42.580950" lon="-5.552350"><ele>824.7</ele></trkpt>
      <trkpt lat="42.580950" lon="-5.552380"><ele>824.6</ele></trkpt>
      <trkpt lat="42.580960" lon="-5.552420"><ele>824.5</ele></trkpt>
      <trkpt lat="42.580970" lon="-5.552460"><ele>824.4</ele></trkpt>
      <trkpt lat="42.580970" lon="-5.552520"><ele>824.2</ele></trkpt>
      <trkpt lat="42.580980" lon="-5.552560"><ele>824.1</ele></trkpt>
      <trkpt lat="42.580980" lon="-5.552600"><ele>824.0</ele></trkpt>
      <trkpt lat="42.580990" lon="-5.552640"><ele>823.9</ele></trkpt>
      <trkpt lat="42.580990" lon="-5.552680"><ele>823.8</ele></trkpt>
      <trkpt lat="42.580990" lon="-5.552720"><ele>823.6</ele></trkpt>
      <trkpt lat="42.580990" lon="-5.552760"><ele>823.6</ele></trkpt>
      <trkpt lat="42.580990" lon="-5.552800"><ele>823.5</ele></trkpt>
      <trkpt lat="42.580990" lon="-5.552830"><ele>823.4</ele></trkpt>
      <trkpt lat="42.580990" lon="-5.552870"><ele>823.3</ele></trkpt>
      <trkpt lat="42.580990" lon="-5.552910"><ele>823.1</ele></trkpt>
      <trkpt lat="42.580990" lon="-5.552960"><ele>823.0</ele></trkpt>
      <trkpt lat="42.580990" lon="-5.553000"><ele>822.9</ele></trkpt>
      <trkpt lat="42.581000" lon="-5.553050"><ele>822.8</ele></trkpt>
      <trkpt lat="42.581000" lon="-5.553090"><ele>822.7</ele></trkpt>
      <trkpt lat="42.581010" lon="-5.553130"><ele>822.5</ele></trkpt>
      <trkpt lat="42.581010" lon="-5.553170"><ele>822.4</ele></trkpt>
      <trkpt lat="42.581010" lon="-5.553210"><ele>822.3</ele></trkpt>
      <trkpt lat="42.581020" lon="-5.553250"><ele>822.2</ele></trkpt>
      <trkpt lat="42.581020" lon="-5.553280"><ele>822.1</ele></trkpt>
      <trkpt lat="42.581030" lon="-5.553320"><ele>822.0</ele></trkpt>
      <trkpt lat="42.581030" lon="-5.553370"><ele>821.9</ele></trkpt>
      <trkpt lat="42.581040" lon="-5.553410"><ele>821.7</ele></trkpt>
      <trkpt lat="42.581050" lon="-5.553460"><ele>821.6</ele></trkpt>
      <trkpt lat="42.581060" lon="-5.553500"><ele>821.5</ele></trkpt>
      <trkpt lat="42.581060" lon="-5.553520"><ele>821.4</ele></trkpt>
      <trkpt lat="42.581100" lon="-5.553700"><ele>821.0</ele></trkpt>
      <trkpt lat="42.581180" lon="-5.553960"><ele>820.3</ele></trkpt>
      <trkpt lat="42.581240" lon="-5.554160"><ele>819.8</ele></trkpt>
      <trkpt lat="42.581290" lon="-5.554340"><ele>819.4</ele></trkpt>
      <trkpt lat="42.581310" lon="-5.554460"><ele>819.2</ele></trkpt>
      <trkpt lat="42.581350" lon="-5.554540"><ele>819.0</ele></trkpt>
      <trkpt lat="42.581350" lon="-5.554580"><ele>818.9</ele></trkpt>
      <trkpt lat="42.581360" lon="-5.554640"><ele>818.7</ele></trkpt>
      <trkpt lat="42.581360" lon="-5.554690"><ele>818.6</ele></trkpt>
      <trkpt lat="42.581360" lon="-5.554720"><ele>818.5</ele></trkpt>
      <trkpt lat="42.581350" lon="-5.554750"><ele>818.4</ele></trkpt>
      <trkpt lat="42.581350" lon="-5.554790"><ele>818.3</ele></trkpt>
      <trkpt lat="42.581350" lon="-5.554860"><ele>818.1</ele></trkpt>
      <trkpt lat="42.581360" lon="-5.554900"><ele>818.0</ele></trkpt>
      <trkpt lat="42.581370" lon="-5.554930"><ele>817.9</ele></trkpt>
      <trkpt lat="42.581390" lon="-5.554960"><ele>817.8</ele></trkpt>
      <trkpt lat="42.581410" lon="-5.554990"><ele>817.7</ele></trkpt>
      <trkpt lat="42.581430" lon="-5.555030"><ele>817.6</ele></trkpt>
      <trkpt lat="42.581450" lon="-5.555060"><ele>817.5</ele></trkpt>
      <trkpt lat="42.581470" lon="-5.555100"><ele>817.4</ele></trkpt>
      <trkpt lat="42.581470" lon="-5.555130"><ele>817.3</ele></trkpt>
      <trkpt lat="42.581480" lon="-5.555170"><ele>817.1</ele></trkpt>
      <trkpt lat="42.581490" lon="-5.555200"><ele>817.0</ele></trkpt>
      <trkpt lat="42.581500" lon="-5.555240"><ele>816.9</ele></trkpt>
      <trkpt lat="42.581510" lon="-5.555290"><ele>816.8</ele></trkpt>
      <trkpt lat="42.581520" lon="-5.555330"><ele>816.7</ele></trkpt>
      <trkpt lat="42.581540" lon="-5.555380"><ele>816.5</ele></trkpt>
      <trkpt lat="42.581550" lon="-5.555410"><ele>816.4</ele></trkpt>
      <trkpt lat="42.581570" lon="-5.555450"><ele>816.3</ele></trkpt>
      <trkpt lat="42.581580" lon="-5.555480"><ele>816.2</ele></trkpt>
      <trkpt lat="42.581600" lon="-5.555540"><ele>816.1</ele></trkpt>
      <trkpt lat="42.581600" lon="-5.555550"><ele>816.1</ele></trkpt>
      <trkpt lat="42.581660" lon="-5.555670"><ele>815.8</ele></trkpt>
      <trkpt lat="42.581740" lon="-5.555810"><ele>815.6</ele></trkpt>
      <trkpt lat="42.581800" lon="-5.555940"><ele>815.6</ele></trkpt>
      <trkpt lat="42.581900" lon="-5.556150"><ele>815.8</ele></trkpt>
      <trkpt lat="42.581980" lon="-5.556280"><ele>816.0</ele></trkpt>
      <trkpt lat="42.581990" lon="-5.556320"><ele>816.0</ele></trkpt>
      <trkpt lat="42.582010" lon="-5.556350"><ele>816.1</ele></trkpt>
      <trkpt lat="42.582030" lon="-5.556380"><ele>816.1</ele></trkpt>
      <trkpt lat="42.582040" lon="-5.556420"><ele>816.2</ele></trkpt>
      <trkpt lat="42.582070" lon="-5.556450"><ele>816.3</ele></trkpt>
      <trkpt lat="42.582080" lon="-5.556480"><ele>816.4</ele></trkpt>
      <trkpt lat="42.582110" lon="-5.556500"><ele>816.4</ele></trkpt>
      <trkpt lat="42.582130" lon="-5.556520"><ele>816.5</ele></trkpt>
      <trkpt lat="42.582150" lon="-5.556540"><ele>816.6</ele></trkpt>
      <trkpt lat="42.582180" lon="-5.556550"><ele>816.6</ele></trkpt>
      <trkpt lat="42.582210" lon="-5.556560"><ele>816.7</ele></trkpt>
      <trkpt lat="42.582240" lon="-5.556560"><ele>816.7</ele></trkpt>
      <trkpt lat="42.582260" lon="-5.556570"><ele>816.8</ele></trkpt>
      <trkpt lat="42.582280" lon="-5.556590"><ele>816.9</ele></trkpt>
      <trkpt lat="42.582300" lon="-5.556620"><ele>816.9</ele></trkpt>
      <trkpt lat="42.582320" lon="-5.556640"><ele>817.0</ele></trkpt>
      <trkpt lat="42.582350" lon="-5.556660"><ele>817.1</ele></trkpt>
      <trkpt lat="42.582380" lon="-5.556670"><ele>817.2</ele></trkpt>
      <trkpt lat="42.582400" lon="-5.556690"><ele>817.3</ele></trkpt>
      <trkpt lat="42.582430" lon="-5.556690"><ele>817.4</ele></trkpt>
      <trkpt lat="42.582460" lon="-5.556690"><ele>817.6</ele></trkpt>
      <trkpt lat="42.582490" lon="-5.556680"><ele>817.7</ele></trkpt>
      <trkpt lat="42.582510" lon="-5.556670"><ele>817.8</ele></trkpt>
      <trkpt lat="42.582540" lon="-5.556660"><ele>817.9</ele></trkpt>
      <trkpt lat="42.582570" lon="-5.556640"><ele>818.0</ele></trkpt>
      <trkpt lat="42.582590" lon="-5.556630"><ele>818.1</ele></trkpt>
      <trkpt lat="42.582620" lon="-5.556620"><ele>818.2</ele></trkpt>
      <trkpt lat="42.582650" lon="-5.556610"><ele>818.3</ele></trkpt>
      <trkpt lat="42.582670" lon="-5.556590"><ele>818.4</ele></trkpt>
      <trkpt lat="42.582700" lon="-5.556570"><ele>818.6</ele></trkpt>
      <trkpt lat="42.582730" lon="-5.556550"><ele>818.6</ele></trkpt>
      <trkpt lat="42.582750" lon="-5.556530"><ele>818.7</ele></trkpt>
      <trkpt lat="42.582780" lon="-5.556520"><ele>818.8</ele></trkpt>
      <trkpt lat="42.582810" lon="-5.556510"><ele>819.0</ele></trkpt>
      <trkpt lat="42.582830" lon="-5.556500"><ele>819.1</ele></trkpt>
      <trkpt lat="42.582860" lon="-5.556500"><ele>819.3</ele></trkpt>
      <trkpt lat="42.582890" lon="-5.556510"><ele>819.4</ele></trkpt>
      <trkpt lat="42.582920" lon="-5.556530"><ele>819.6</ele></trkpt>
      <trkpt lat="42.582940" lon="-5.556560"><ele>819.8</ele></trkpt>
      <trkpt lat="42.582970" lon="-5.556590"><ele>819.9</ele></trkpt>
      <trkpt lat="42.582980" lon="-5.556620"><ele>820.1</ele></trkpt>
      <trkpt lat="42.583010" lon="-5.556650"><ele>820.2</ele></trkpt>
      <trkpt lat="42.583030" lon="-5.556680"><ele>820.4</ele></trkpt>
      <trkpt lat="42.583040" lon="-5.556710"><ele>820.5</ele></trkpt>
      <trkpt lat="42.583170" lon="-5.556850"><ele>821.1</ele></trkpt>
      <trkpt lat="42.583170" lon="-5.556860"><ele>821.1</ele></trkpt>
      <trkpt lat="42.583290" lon="-5.556970"><ele>821.3</ele></trkpt>
      <trkpt lat="42.583480" lon="-5.557160"><ele>820.6</ele></trkpt>
      <trkpt lat="42.583640" lon="-5.557260"><ele>820.1</ele></trkpt>
      <trkpt lat="42.583750" lon="-5.557400"><ele>819.7</ele></trkpt>
      <trkpt lat="42.583790" lon="-5.557420"><ele>819.6</ele></trkpt>
      <trkpt lat="42.583940" lon="-5.557580"><ele>819.3</ele></trkpt>
      <trkpt lat="42.583960" lon="-5.557590"><ele>819.3</ele></trkpt>
      <trkpt lat="42.584170" lon="-5.557770"><ele>819.2</ele></trkpt>
      <trkpt lat="42.584180" lon="-5.557770"><ele>819.2</ele></trkpt>
      <trkpt lat="42.584340" lon="-5.557890"><ele>819.3</ele></trkpt>
      <trkpt lat="42.584510" lon="-5.558080"><ele>819.5</ele></trkpt>
      <trkpt lat="42.584530" lon="-5.558090"><ele>819.5</ele></trkpt>
      <trkpt lat="42.584720" lon="-5.558280"><ele>819.5</ele></trkpt>
      <trkpt lat="42.584750" lon="-5.558290"><ele>819.5</ele></trkpt>
      <trkpt lat="42.584900" lon="-5.558410"><ele>819.6</ele></trkpt>
      <trkpt lat="42.584910" lon="-5.558410"><ele>819.6</ele></trkpt>
      <trkpt lat="42.585030" lon="-5.558500"><ele>819.6</ele></trkpt>
      <trkpt lat="42.585040" lon="-5.558520"><ele>819.6</ele></trkpt>
      <trkpt lat="42.585190" lon="-5.558650"><ele>819.7</ele></trkpt>
      <trkpt lat="42.585340" lon="-5.558800"><ele>820.1</ele></trkpt>
      <trkpt lat="42.585360" lon="-5.558820"><ele>820.2</ele></trkpt>
      <trkpt lat="42.585520" lon="-5.558950"><ele>820.8</ele></trkpt>
      <trkpt lat="42.585520" lon="-5.558960"><ele>820.8</ele></trkpt>
      <trkpt lat="42.585710" lon="-5.559120"><ele>821.5</ele></trkpt>
      <trkpt lat="42.585720" lon="-5.559130"><ele>821.6</ele></trkpt>
      <trkpt lat="42.585850" lon="-5.559300"><ele>821.8</ele></trkpt>
      <trkpt lat="42.586050" lon="-5.559530"><ele>822.2</ele></trkpt>
      <trkpt lat="42.586060" lon="-5.559540"><ele>822.3</ele></trkpt>
      <trkpt lat="42.586160" lon="-5.559610"><ele>822.2</ele></trkpt>
      <trkpt lat="42.586350" lon="-5.559740"><ele>821.7</ele></trkpt>
      <trkpt lat="42.586520" lon="-5.559910"><ele>821.3</ele></trkpt>
      <trkpt lat="42.586560" lon="-5.559930"><ele>821.3</ele></trkpt>
      <trkpt lat="42.586590" lon="-5.559970"><ele>821.2</ele></trkpt>
      <trkpt lat="42.586630" lon="-5.560000"><ele>821.1</ele></trkpt>
      <trkpt lat="42.586660" lon="-5.560040"><ele>821.1</ele></trkpt>
      <trkpt lat="42.586700" lon="-5.560070"><ele>821.0</ele></trkpt>
      <trkpt lat="42.586720" lon="-5.560100"><ele>821.0</ele></trkpt>
      <trkpt lat="42.586750" lon="-5.560130"><ele>820.9</ele></trkpt>
      <trkpt lat="42.586780" lon="-5.560170"><ele>820.9</ele></trkpt>
      <trkpt lat="42.586800" lon="-5.560210"><ele>820.9</ele></trkpt>
      <trkpt lat="42.586840" lon="-5.560250"><ele>820.9</ele></trkpt>
      <trkpt lat="42.586860" lon="-5.560290"><ele>820.9</ele></trkpt>
      <trkpt lat="42.586890" lon="-5.560320"><ele>820.8</ele></trkpt>
      <trkpt lat="42.586920" lon="-5.560360"><ele>820.8</ele></trkpt>
      <trkpt lat="42.586940" lon="-5.560400"><ele>820.8</ele></trkpt>
      <trkpt lat="42.586970" lon="-5.560440"><ele>820.8</ele></trkpt>
      <trkpt lat="42.586980" lon="-5.560470"><ele>820.8</ele></trkpt>
      <trkpt lat="42.587090" lon="-5.560560"><ele>820.9</ele></trkpt>
      <trkpt lat="42.587120" lon="-5.560600"><ele>821.0</ele></trkpt>
      <trkpt lat="42.587140" lon="-5.560660"><ele>821.0</ele></trkpt>
      <trkpt lat="42.587160" lon="-5.560720"><ele>821.1</ele></trkpt>
      <trkpt lat="42.587180" lon="-5.560770"><ele>821.2</ele></trkpt>
      <trkpt lat="42.587200" lon="-5.560820"><ele>821.3</ele></trkpt>
      <trkpt lat="42.587210" lon="-5.560870"><ele>821.4</ele></trkpt>
      <trkpt lat="42.587220" lon="-5.560920"><ele>821.5</ele></trkpt>
      <trkpt lat="42.587230" lon="-5.560970"><ele>821.6</ele></trkpt>
      <trkpt lat="42.587250" lon="-5.561010"><ele>821.7</ele></trkpt>
      <trkpt lat="42.587270" lon="-5.561050"><ele>821.8</ele></trkpt>
      <trkpt lat="42.587300" lon="-5.561090"><ele>821.9</ele></trkpt>
      <trkpt lat="42.587310" lon="-5.561140"><ele>822.1</ele></trkpt>
      <trkpt lat="42.587350" lon="-5.561150"><ele>822.1</ele></trkpt>
      <trkpt lat="42.587390" lon="-5.561160"><ele>822.2</ele></trkpt>
      <trkpt lat="42.587430" lon="-5.561160"><ele>822.2</ele></trkpt>
      <trkpt lat="42.587480" lon="-5.561160"><ele>822.2</ele></trkpt>
      <trkpt lat="42.587520" lon="-5.561150"><ele>822.2</ele></trkpt>
      <trkpt lat="42.587550" lon="-5.561140"><ele>822.1</ele></trkpt>
      <trkpt lat="42.587590" lon="-5.561140"><ele>822.0</ele></trkpt>
      <trkpt lat="42.587640" lon="-5.561120"><ele>821.9</ele></trkpt>
      <trkpt lat="42.587670" lon="-5.561110"><ele>821.8</ele></trkpt>
      <trkpt lat="42.587710" lon="-5.561100"><ele>821.7</ele></trkpt>
      <trkpt lat="42.587750" lon="-5.561080"><ele>821.6</ele></trkpt>
      <trkpt lat="42.587790" lon="-5.561080"><ele>821.6</ele></trkpt>
      <trkpt lat="42.587840" lon="-5.561090"><ele>821.5</ele></trkpt>
      <trkpt lat="42.587880" lon="-5.561100"><ele>821.5</ele></trkpt>
      <trkpt lat="42.587920" lon="-5.561120"><ele>821.5</ele></trkpt>
      <trkpt lat="42.587950" lon="-5.561140"><ele>821.5</ele></trkpt>
      <trkpt lat="42.587980" lon="-5.561180"><ele>821.5</ele></trkpt>
      <trkpt lat="42.588000" lon="-5.561210"><ele>821.5</ele></trkpt>
      <trkpt lat="42.588040" lon="-5.561280"><ele>821.5</ele></trkpt>
      <trkpt lat="42.588070" lon="-5.561310"><ele>821.5</ele></trkpt>
      <trkpt lat="42.588100" lon="-5.561340"><ele>821.6</ele></trkpt>
      <trkpt lat="42.588130" lon="-5.561370"><ele>821.5</ele></trkpt>
      <trkpt lat="42.588140" lon="-5.561370"><ele>821.5</ele></trkpt>
      <trkpt lat="42.588360" lon="-5.561540"><ele>821.5</ele></trkpt>
      <trkpt lat="42.588370" lon="-5.561540"><ele>821.5</ele></trkpt>
      <trkpt lat="42.588590" lon="-5.561700"><ele>822.5</ele></trkpt>
      <trkpt lat="42.588610" lon="-5.561700"><ele>822.5</ele></trkpt>
      <trkpt lat="42.588850" lon="-5.561870"><ele>824.0</ele></trkpt>
      <trkpt lat="42.588860" lon="-5.561870"><ele>824.0</ele></trkpt>
      <trkpt lat="42.589110" lon="-5.562050"><ele>825.6</ele></trkpt>
      <trkpt lat="42.589150" lon="-5.562060"><ele>825.7</ele></trkpt>
      <trkpt lat="42.589400" lon="-5.562230"><ele>827.4</ele></trkpt>
      <trkpt lat="42.589690" lon="-5.562460"><ele>829.1</ele></trkpt>
      <trkpt lat="42.589870" lon="-5.562600"><ele>829.9</ele></trkpt>
      <trkpt lat="42.589990" lon="-5.562730"><ele>830.3</ele></trkpt>
      <trkpt lat="42.590190" lon="-5.562880"><ele>830.3</ele></trkpt>
      <trkpt lat="42.590350" lon="-5.563030"><ele>829.4</ele></trkpt>
      <trkpt lat="42.590500" lon="-5.563120"><ele>828.8</ele></trkpt>
      <trkpt lat="42.590530" lon="-5.563170"><ele>828.5</ele></trkpt>
      <trkpt lat="42.590560" lon="-5.563200"><ele>828.4</ele></trkpt>
      <trkpt lat="42.590590" lon="-5.563230"><ele>828.2</ele></trkpt>
      <trkpt lat="42.590610" lon="-5.563280"><ele>828.0</ele></trkpt>
      <trkpt lat="42.590650" lon="-5.563340"><ele>827.8</ele></trkpt>
      <trkpt lat="42.590680" lon="-5.563390"><ele>827.6</ele></trkpt>
      <trkpt lat="42.590710" lon="-5.563440"><ele>827.4</ele></trkpt>
      <trkpt lat="42.590730" lon="-5.563480"><ele>827.3</ele></trkpt>
      <trkpt lat="42.590750" lon="-5.563520"><ele>827.1</ele></trkpt>
      <trkpt lat="42.590770" lon="-5.563570"><ele>827.0</ele></trkpt>
      <trkpt lat="42.590800" lon="-5.563610"><ele>826.8</ele></trkpt>
      <trkpt lat="42.590820" lon="-5.563660"><ele>826.7</ele></trkpt>
      <trkpt lat="42.590840" lon="-5.563700"><ele>826.5</ele></trkpt>
      <trkpt lat="42.590870" lon="-5.563740"><ele>826.4</ele></trkpt>
      <trkpt lat="42.590890" lon="-5.563790"><ele>826.3</ele></trkpt>
      <trkpt lat="42.590920" lon="-5.563810"><ele>826.2</ele></trkpt>
      <trkpt lat="42.590950" lon="-5.563850"><ele>826.1</ele></trkpt>
      <trkpt lat="42.590980" lon="-5.563890"><ele>826.0</ele></trkpt>
      <trkpt lat="42.591010" lon="-5.563920"><ele>826.0</ele></trkpt>
      <trkpt lat="42.591040" lon="-5.563970"><ele>825.9</ele></trkpt>
      <trkpt lat="42.591060" lon="-5.564020"><ele>825.9</ele></trkpt>
      <trkpt lat="42.591080" lon="-5.564060"><ele>825.9</ele></trkpt>
      <trkpt lat="42.591100" lon="-5.564100"><ele>825.9</ele></trkpt>
      <trkpt lat="42.591120" lon="-5.564140"><ele>825.9</ele></trkpt>
      <trkpt lat="42.591150" lon="-5.564160"><ele>825.9</ele></trkpt>
      <trkpt lat="42.591180" lon="-5.564210"><ele>826.0</ele></trkpt>
      <trkpt lat="42.591210" lon="-5.564250"><ele>826.1</ele></trkpt>
      <trkpt lat="42.591230" lon="-5.564290"><ele>826.1</ele></trkpt>
      <trkpt lat="42.591250" lon="-5.564340"><ele>826.2</ele></trkpt>
      <trkpt lat="42.591270" lon="-5.564390"><ele>826.3</ele></trkpt>
      <trkpt lat="42.591290" lon="-5.564430"><ele>826.4</ele></trkpt>
      <trkpt lat="42.591310" lon="-5.564470"><ele>826.5</ele></trkpt>
      <trkpt lat="42.591340" lon="-5.564500"><ele>826.6</ele></trkpt>
      <trkpt lat="42.591370" lon="-5.564540"><ele>826.7</ele></trkpt>
      <trkpt lat="42.591400" lon="-5.564580"><ele>826.9</ele></trkpt>
      <trkpt lat="42.591430" lon="-5.564610"><ele>827.0</ele></trkpt>
      <trkpt lat="42.591460" lon="-5.564640"><ele>827.2</ele></trkpt>
      <trkpt lat="42.591490" lon="-5.564670"><ele>827.3</ele></trkpt>
      <trkpt lat="42.591520" lon="-5.564720"><ele>827.5</ele></trkpt>
      <trkpt lat="42.591540" lon="-5.564750"><ele>827.7</ele></trkpt>
      <trkpt lat="42.591580" lon="-5.564790"><ele>827.8</ele></trkpt>
      <trkpt lat="42.591610" lon="-5.564830"><ele>828.0</ele></trkpt>
      <trkpt lat="42.591630" lon="-5.564840"><ele>828.1</ele></trkpt>
      <trkpt lat="42.591740" lon="-5.564910"><ele>828.5</ele></trkpt>
      <trkpt lat="42.591810" lon="-5.564990"><ele>828.8</ele></trkpt>
      <trkpt lat="42.591840" lon="-5.565030"><ele>828.9</ele></trkpt>
      <trkpt lat="42.591880" lon="-5.565110"><ele>829.0</ele></trkpt>
      <trkpt lat="42.591910" lon="-5.565160"><ele>829.1</ele></trkpt>
      <trkpt lat="42.591930" lon="-5.565190"><ele>829.1</ele></trkpt>
      <trkpt lat="42.591940" lon="-5.565260"><ele>829.2</ele></trkpt>
      <trkpt lat="42.591960" lon="-5.565310"><ele>829.2</ele></trkpt>
      <trkpt lat="42.591990" lon="-5.565340"><ele>829.3</ele></trkpt>
      <trkpt lat="42.592020" lon="-5.565370"><ele>829.3</ele></trkpt>
      <trkpt lat="42.592050" lon="-5.565410"><ele>829.4</ele></trkpt>
      <trkpt lat="42.592070" lon="-5.565460"><ele>829.5</ele></trkpt>
      <trkpt lat="42.592100" lon="-5.565510"><ele>829.6</ele></trkpt>
      <trkpt lat="42.592120" lon="-5.565560"><ele>829.7</ele></trkpt>
      <trkpt lat="42.592150" lon="-5.565590"><ele>829.7</ele></trkpt>
      <trkpt lat="42.592170" lon="-5.565630"><ele>829.8</ele></trkpt>
      <trkpt lat="42.592190" lon="-5.565680"><ele>829.8</ele></trkpt>
      <trkpt lat="42.592210" lon="-5.565740"><ele>829.9</ele></trkpt>
      <trkpt lat="42.592230" lon="-5.565780"><ele>830.0</ele></trkpt>
      <trkpt lat="42.592250" lon="-5.565830"><ele>830.0</ele></trkpt>
      <trkpt lat="42.592270" lon="-5.565880"><ele>830.1</ele></trkpt>
      <trkpt lat="42.592300" lon="-5.565940"><ele>830.2</ele></trkpt>
      <trkpt lat="42.592320" lon="-5.565990"><ele>830.3</ele></trkpt>
      <trkpt lat="42.592350" lon="-5.566040"><ele>830.4</ele></trkpt>
      <trkpt lat="42.592370" lon="-5.566080"><ele>830.6</ele></trkpt>
      <trkpt lat="42.592400" lon="-5.566120"><ele>830.7</ele></trkpt>
      <trkpt lat="42.592430" lon="-5.566150"><ele>830.9</ele></trkpt>
      <trkpt lat="42.592450" lon="-5.566190"><ele>831.1</ele></trkpt>
      <trkpt lat="42.592480" lon="-5.566230"><ele>831.2</ele></trkpt>
      <trkpt lat="42.592510" lon="-5.566270"><ele>831.4</ele></trkpt>
      <trkpt lat="42.592530" lon="-5.566320"><ele>831.6</ele></trkpt>
      <trkpt lat="42.592560" lon="-5.566360"><ele>831.7</ele></trkpt>
      <trkpt lat="42.592590" lon="-5.566400"><ele>831.8</ele></trkpt>
      <trkpt lat="42.592610" lon="-5.566440"><ele>831.9</ele></trkpt>
      <trkpt lat="42.592650" lon="-5.566480"><ele>832.0</ele></trkpt>
      <trkpt lat="42.592680" lon="-5.566530"><ele>832.0</ele></trkpt>
      <trkpt lat="42.592710" lon="-5.566570"><ele>832.1</ele></trkpt>
      <trkpt lat="42.592730" lon="-5.566610"><ele>832.2</ele></trkpt>
      <trkpt lat="42.592760" lon="-5.566650"><ele>832.2</ele></trkpt>
      <trkpt lat="42.592770" lon="-5.566670"><ele>832.2</ele></trkpt>
      <trkpt lat="42.592840" lon="-5.566770"><ele>832.3</ele></trkpt>
      <trkpt lat="42.592940" lon="-5.566900"><ele>832.4</ele></trkpt>
      <trkpt lat="42.592980" lon="-5.566940"><ele>832.4</ele></trkpt>
      <trkpt lat="42.593130" lon="-5.567130"><ele>832.4</ele></trkpt>
      <trkpt lat="42.593280" lon="-5.567320"><ele>832.3</ele></trkpt>
      <trkpt lat="42.593280" lon="-5.567320"><ele>832.3</ele></trkpt>
      <trkpt lat="42.593420" lon="-5.567510"><ele>832.2</ele></trkpt>
      <trkpt lat="42.593590" lon="-5.567710"><ele>831.8</ele></trkpt>
      <trkpt lat="42.593720" lon="-5.567890"><ele>831.2</ele></trkpt>
      <trkpt lat="42.593750" lon="-5.567920"><ele>831.1</ele></trkpt>
      <trkpt lat="42.593770" lon="-5.567970"><ele>831.1</ele></trkpt>
      <trkpt lat="42.593800" lon="-5.568020"><ele>831.1</ele></trkpt>
      <trkpt lat="42.593830" lon="-5.568060"><ele>831.0</ele></trkpt>
      <trkpt lat="42.593860" lon="-5.568100"><ele>831.0</ele></trkpt>
      <trkpt lat="42.593890" lon="-5.568130"><ele>830.9</ele></trkpt>
      <trkpt lat="42.593920" lon="-5.568170"><ele>830.8</ele></trkpt>
      <trkpt lat="42.593950" lon="-5.568200"><ele>830.8</ele></trkpt>
      <trkpt lat="42.593980" lon="-5.568230"><ele>830.8</ele></trkpt>
      <trkpt lat="42.594010" lon="-5.568260"><ele>830.8</ele></trkpt>
      <trkpt lat="42.594050" lon="-5.568290"><ele>830.9</ele></trkpt>
      <trkpt lat="42.594080" lon="-5.568320"><ele>831.0</ele></trkpt>
      <trkpt lat="42.594100" lon="-5.568340"><ele>831.0</ele></trkpt>
      <trkpt lat="42.594240" lon="-5.568480"><ele>831.3</ele></trkpt>
      <trkpt lat="42.594340" lon="-5.568570"><ele>831.6</ele></trkpt>
      <trkpt lat="42.594460" lon="-5.568700"><ele>832.0</ele></trkpt>
      <trkpt lat="42.594520" lon="-5.568770"><ele>832.3</ele></trkpt>
      <trkpt lat="42.594530" lon="-5.568770"><ele>832.3</ele></trkpt>
      <trkpt lat="42.594590" lon="-5.568840"><ele>832.5</ele></trkpt>
      <trkpt lat="42.594640" lon="-5.568820"><ele>832.5</ele></trkpt>
      <trkpt lat="42.594710" lon="-5.568700"><ele>832.2</ele></trkpt>
      <trkpt lat="42.594810" lon="-5.568630"><ele>832.0</ele></trkpt>
      <trkpt lat="42.594910" lon="-5.568510"><ele>831.7</ele></trkpt>
      <trkpt lat="42.594990" lon="-5.568420"><ele>831.7</ele></trkpt>
      <trkpt lat="42.595040" lon="-5.568240"><ele>831.4</ele></trkpt>
      <trkpt lat="42.595210" lon="-5.568160"><ele>831.9</ele></trkpt>
      <trkpt lat="42.595250" lon="-5.568160"><ele>832.1</ele></trkpt>
      <trkpt lat="42.595280" lon="-5.568140"><ele>832.1</ele></trkpt>
      <trkpt lat="42.595300" lon="-5.568110"><ele>832.1</ele></trkpt>
      <trkpt lat="42.595320" lon="-5.568080"><ele>832.1</ele></trkpt>
      <trkpt lat="42.595340" lon="-5.568050"><ele>832.2</ele></trkpt>
      <trkpt lat="42.595370" lon="-5.568020"><ele>832.3</ele></trkpt>
      <trkpt lat="42.595400" lon="-5.567980"><ele>832.3</ele></trkpt>
      <trkpt lat="42.595430" lon="-5.567950"><ele>832.5</ele></trkpt>
      <trkpt lat="42.595470" lon="-5.567940"><ele>832.7</ele></trkpt>
      <trkpt lat="42.595510" lon="-5.567930"><ele>832.9</ele></trkpt>
      <trkpt lat="42.595550" lon="-5.567930"><ele>833.2</ele></trkpt>
      <trkpt lat="42.595590" lon="-5.567920"><ele>833.4</ele></trkpt>
      <trkpt lat="42.595630" lon="-5.567910"><ele>833.7</ele></trkpt>
      <trkpt lat="42.595670" lon="-5.567900"><ele>833.9</ele></trkpt>
      <trkpt lat="42.595710" lon="-5.567890"><ele>834.2</ele></trkpt>
      <trkpt lat="42.595750" lon="-5.567870"><ele>834.5</ele></trkpt>
      <trkpt lat="42.595790" lon="-5.567860"><ele>834.7</ele></trkpt>
      <trkpt lat="42.595820" lon="-5.567840"><ele>835.0</ele></trkpt>
      <trkpt lat="42.595830" lon="-5.567800"><ele>835.1</ele></trkpt>
      <trkpt lat="42.595850" lon="-5.567750"><ele>835.3</ele></trkpt>
      <trkpt lat="42.595860" lon="-5.567700"><ele>835.4</ele></trkpt>
      <trkpt lat="42.595880" lon="-5.567670"><ele>835.5</ele></trkpt>
      <trkpt lat="42.595920" lon="-5.567670"><ele>835.9</ele></trkpt>
      <trkpt lat="42.595960" lon="-5.567660"><ele>836.1</ele></trkpt>
      <trkpt lat="42.596000" lon="-5.567660"><ele>836.5</ele></trkpt>
      <trkpt lat="42.596030" lon="-5.567650"><ele>836.7</ele></trkpt>
      <trkpt lat="42.596080" lon="-5.567650"><ele>837.0</ele></trkpt>
      <trkpt lat="42.596120" lon="-5.567650"><ele>837.4</ele></trkpt>
      <trkpt lat="42.596160" lon="-5.567640"><ele>837.7</ele></trkpt>
      <trkpt lat="42.596200" lon="-5.567640"><ele>838.0</ele></trkpt>
      <trkpt lat="42.596240" lon="-5.567640"><ele>838.2</ele></trkpt>
      <trkpt lat="42.596280" lon="-5.567630"><ele>838.6</ele></trkpt>
      <trkpt lat="42.596320" lon="-5.567630"><ele>838.8</ele></trkpt>
      <trkpt lat="42.596360" lon="-5.567610"><ele>839.1</ele></trkpt>
      <trkpt lat="42.596390" lon="-5.567600"><ele>839.3</ele></trkpt>
      <trkpt lat="42.596460" lon="-5.567580"><ele>839.8</ele></trkpt>
      <trkpt lat="42.596490" lon="-5.567580"><ele>840.0</ele></trkpt>
      <trkpt lat="42.596540" lon="-5.567570"><ele>840.3</ele></trkpt>
      <trkpt lat="42.596580" lon="-5.567560"><ele>840.6</ele></trkpt>
      <trkpt lat="42.596610" lon="-5.567550"><ele>840.8</ele></trkpt>
      <trkpt lat="42.596640" lon="-5.567550"><ele>841.0</ele></trkpt>
      <trkpt lat="42.596680" lon="-5.567590"><ele>841.3</ele></trkpt>
      <trkpt lat="42.596710" lon="-5.567610"><ele>841.5</ele></trkpt>
      <trkpt lat="42.596740" lon="-5.567630"><ele>841.7</ele></trkpt>
      <trkpt lat="42.596780" lon="-5.567640"><ele>841.8</ele></trkpt>
      <trkpt lat="42.596810" lon="-5.567670"><ele>842.0</ele></trkpt>
      <trkpt lat="42.596850" lon="-5.567700"><ele>842.1</ele></trkpt>
      <trkpt lat="42.596870" lon="-5.567730"><ele>842.2</ele></trkpt>
      <trkpt lat="42.596910" lon="-5.567760"><ele>842.3</ele></trkpt>
      <trkpt lat="42.596940" lon="-5.567790"><ele>842.4</ele></trkpt>
      <trkpt lat="42.596960" lon="-5.567820"><ele>842.5</ele></trkpt>
      <trkpt lat="42.596990" lon="-5.567850"><ele>842.7</ele></trkpt>
      <trkpt lat="42.597000" lon="-5.567860"><ele>842.7</ele></trkpt>
      <trkpt lat="42.597050" lon="-5.567800"><ele>842.8</ele></trkpt>
      <trkpt lat="42.597110" lon="-5.567580"><ele>842.9</ele></trkpt>
      <trkpt lat="42.597200" lon="-5.567340"><ele>842.7</ele></trkpt>
      <trkpt lat="42.597280" lon="-5.567150"><ele>842.3</ele></trkpt>
      <trkpt lat="42.597350" lon="-5.566900"><ele>841.6</ele></trkpt>
      <trkpt lat="42.597680" lon="-5.566990"><ele>843.2</ele></trkpt>
      <trkpt lat="42.597870" lon="-5.567010"><ele>843.8</ele></trkpt>
      <trkpt lat="42.597880" lon="-5.567010"><ele>843.8</ele></trkpt>
      <trkpt lat="42.598040" lon="-5.567030"><ele>844.4</ele></trkpt>
      <trkpt lat="42.598460" lon="-5.567070"><ele>844.9</ele></trkpt>
      <trkpt lat="42.598490" lon="-5.567070"><ele>845.0</ele></trkpt>
      <trkpt lat="42.598850" lon="-5.567110"><ele>844.7</ele></trkpt>
      <trkpt lat="42.599140" lon="-5.567230"><ele>844.7</ele></trkpt>
      <trkpt lat="42.599240" lon="-5.567250"><ele>844.8</ele></trkpt>
      <trkpt lat="42.599320" lon="-5.567250"><ele>844.9</ele></trkpt>
      <trkpt lat="42.599340" lon="-5.567340"><ele>845.0</ele></trkpt>
      <trkpt lat="42.599320" lon="-5.567440"><ele>845.1</ele></trkpt>
      <trkpt lat="42.599280" lon="-5.567550"><ele>845.0</ele></trkpt>
      <trkpt lat="42.599250" lon="-5.567660"><ele>844.9</ele></trkpt>
      <trkpt lat="42.599240" lon="-5.567770"><ele>844.8</ele></trkpt>
      <trkpt lat="42.599220" lon="-5.567900"><ele>844.7</ele></trkpt>
      <trkpt lat="42.599230" lon="-5.568010"><ele>844.5</ele></trkpt>
      <trkpt lat="42.599270" lon="-5.568110"><ele>844.3</ele></trkpt>
      <trkpt lat="42.599280" lon="-5.568220"><ele>844.0</ele></trkpt>
      <trkpt lat="42.599270" lon="-5.568340"><ele>843.7</ele></trkpt>
      <trkpt lat="42.599260" lon="-5.568450"><ele>843.5</ele></trkpt>
      <trkpt lat="42.599250" lon="-5.568560"><ele>843.4</ele></trkpt>
      <trkpt lat="42.599230" lon="-5.568640"><ele>843.2</ele></trkpt>
      <trkpt lat="42.599200" lon="-5.568740"><ele>843.1</ele></trkpt>
      <trkpt lat="42.599200" lon="-5.568860"><ele>842.9</ele></trkpt>
      <trkpt lat="42.599190" lon="-5.568980"><ele>842.7</ele></trkpt>
      <trkpt lat="42.599170" lon="-5.569080"><ele>842.6</ele></trkpt>
      <trkpt lat="42.599130" lon="-5.569170"><ele>842.4</ele></trkpt>
      <trkpt lat="42.599130" lon="-5.569250"><ele>842.3</ele></trkpt>
      <trkpt lat="42.599100" lon="-5.569350"><ele>842.0</ele></trkpt>
      <trkpt lat="42.599070" lon="-5.569440"><ele>841.5</ele></trkpt>
    </trkseg></trk>
</gpx>
