<?xml version='1.0' encoding='utf-8'?>
<gpx xmlns="http://www.topografix.com/GPX/1/1" version="1.1" creator="add_waypoints.py">
  <metadata>
    <name>camino-day02-bike-tmp</name>
  </metadata>
  <wpt lat="42.9306930" lon="-1.5044230">
    <name>El Palo de Avellano</name>
    <desc>Av. de Roncesvalles 16 | Zubiri | Tel: +34 666 499 175 | Website | E-mail | Type: Pelgrims herberg | Soort LO: L | Prijs: €18 PP/PN | Extra info: Ontbijt en Diner- Ook privékamers - Wasmachine en droger - Diner - Restaurant - Fietsenberging - | Dieren: Nee | Incorrecte informatie? | Accommodation Type: Albergue | Lodging: B | Price: €18 PP/PN | Extra info: Breakfast and Dinner- Also private rooms - Washing machine and dryer - Dinner - Restaurant - Bicycle storage -. | Animals: No | Incorrect information?</desc>
    <sym>Flag, Red</sym>
  </wpt>
  <wpt lat="42.9311520" lon="-1.5042022">
    <name>Albergue Segunda Etapa</name>
    <desc>Av. de Roncesvalles 22 | Zubiri | Tel: +34 697 186 560  | Tel:  +34 948 304 170 | Website | E-mail | Type: Pelgrims herberg | Soort LO: L | Prijs: €16 PP/PN | Extra info: Magnetron - Wasmachine en droger - Fietsenberging | Dieren: Niet bekend | Incorrecte informatie? | Accommodation Type: Albergue | Lodging: B | Price: €16 PP/PN | Extra info: Microwave - Washer and dryer - Bicycle storage. | Animals: Not known | Incorrect information?</desc>
    <sym>Flag, Red</sym>
  </wpt>
  <wpt lat="42.9316087" lon="-1.5045145">
    <name>Albergue municipal de peregrinos de Zubiri</name>
    <desc>Av. De Zubiri | Zubiri | Tel: +34 628 324 186 | E-mail | Type: Pelgrims herberg | Soort LO: L | Prijs: €14 PP/PN | Extra info: Keuken - Wasmachine en droger - Magnetron | Dieren: Niet bekend | Incorrecte informatie? | Accommodation Type: Albergue | Lodging: B | Price: €14 PP/PN | Extra info: Kitchen - Washer and dryer - Microwave. | Animals: Not known | Incorrect information?</desc>
    <sym>Flag, Red</sym>
  </wpt>
  <wpt lat="42.9301351" lon="-1.5040518">
    <name>Albergue Zalldiko</name>
    <desc>c/ Puenta de la Rabia 1 | Zubiri | Tel: +34 609 736 420 | Website | E-mail | Type: Pelgrims herberg | Soort LO: L | Prijs: €14 PP/PN | Extra info: Magnetron - Wasmachine en droger - Credential - Fietsenberging - | Dieren: Niet bekend | Incorrecte informatie? | Accommodation Type: Albergue | Lodging: B | Price: €14 PP/PN | Extra info: Microwave - Washer and dryer - Credential - Bicycle storage -. | Animals: Not known | Incorrect information?</desc>
    <sym>Flag, Red</sym>
  </wpt>
  <wpt lat="42.9297946" lon="-1.5036260">
    <name>Río Rio Arga Ibaia</name>
    <desc>c/ Puenta de la Rabia 7 | Zubiri | Tel: +34 948 304 243  | Tel:  +34 680 104 471 | Website | E-mail | Type: Pelgrims herberg | Soort LO: L | Prijs: €17 PP/PN | Extra info: Ook privékamers - Keuken - Wasmachine en droger - Fietsenberging | Dieren: Toegestaan | Incorrecte informatie? | Accommodation Type: Albergue | Lodging: B | Price: €17 PP/PN | Extra info: Also private rooms - Kitchen - Washer and dryer - Bicycle storage room | Animals: Allowed | Incorrect information?</desc>
    <sym>Flag, Red</sym>
  </wpt>
  <wpt lat="42.9125588" lon="-1.5237797">
    <name>Acá y Allá</name>
    <desc>c/ San Miguel 18 | Urdániz | Tel: +34 615 257 666 | Website | Type: Pelgrims herberg | Soort LO: L | Prijs: €20 PP/PN | Extra info: Keuken - Wasmachine en droger - Dineren | Dieren: Niet bekend | Incorrecte informatie? | Accommodation Type: Albergue | Lodging: B | Price: €20 PP/PN | Extra info: Kitchen - Washer and dryer - Dining | Animals: Not known | Incorrect information?</desc>
    <sym>Flag, Red</sym>
  </wpt>
  <wpt lat="42.9035000" lon="-1.5385000">
    <name>San Nicolas</name>
    <desc>c/ Sorandi 5-7 | Larrasoaña | Tel: +34 619 559 225  | Tel:  +34 659 815 961 | Website | E-mail | Type: Pelgrims herberg | Soort LO: L | Prijs: €14 PP/PN | Extra info: Keuken - Magnetron - Wasmachine en droger - Diner - Fietsenberging | Dieren: Niet bekend | Incorrecte informatie? | Accommodation Type: Albergue | Lodging: B | Price: €14 PP/PN | Extra info: Kitchen - Microwave - Washer and dryer - Diner - Bicycle storage. | Animals: Not known | Incorrect information?</desc>
    <sym>Flag, Red</sym>
  </wpt>
  <wpt lat="42.9011586" lon="-1.5419241">
    <name>Albergue de peregrinos de Larrasoaña</name>
    <desc>C. San Nicolás | Larrasoaña | Tel: +34 626 718 417 | E-mail | Type: Pelgrims herberg | Soort LO: L | Prijs: €15 PP/PN | Extra info: Keuken - Magnetron | Dieren: Niet bekend | Incorrecte informatie? | Accommodation Type: Albergue | Lodging: B | Price: €15 PP/PN | Extra info: Kitchen - Microwave | Animals: Not known | Incorrect information?</desc>
    <sym>Flag, Red</sym>
  </wpt>
  <wpt lat="42.8785368" lon="-1.5661109">
    <name>La Parada</name>
    <desc>c/ Landa 8 | Zuriain | Tel: +34 699 556 741  | Tel:  +34 616 038 685 | E-mail | Type: Pelgrims herberg | Soort LO: L | Prijs: €10 PP/PN | Extra info: Ook privékamers - Wasmachine en droger - Ontbijt - Diner - Restaurant - Fietsenberging | Dieren: Niet bekend | Incorrecte informatie? | Accommodation Type: Albergue | Lodging: B | Price: €10 PP/PN | Extra info: Also private rooms - Washer and dryer - Breakfast - Dinner - Restaurant - Bicycle storage | Animals: Not known | Incorrect information?</desc>
    <sym>Flag, Red</sym>
  </wpt>
  <wpt lat="42.8560368" lon="-1.5814938">
    <name>Albergue parroquial de Zabaldika</name>
    <desc>C. San Esteban de arriba 8 | Zabaldika | Tel: +34 948 330 918  | Tel:  +34 619 436 863 | Website | E-mail | Type: Kerkelijk onderkomen | Soort LO: L | Prijs: Donativo  | Extra info: Keuken - Magnetron - Wasmachine en droger - Ontbijt Gemeenschappelijke Diner - Pelgrim Service - Fietsenberging - Kampeer mogelijkheid | Dieren: Niet bekend | Incorrecte informatie? | Accommodation Type: Church shelter | Lodging: B | Price: Donativo  | Extra info: Kitchen - Microwave - Washer and dryer - Breakfast Common Dinner - Pilgrim Service - Bicycle storage - Camping possibility | Animals: Not known | Incorrect information?</desc>
    <sym>Flag, Red</sym>
  </wpt>
  <wpt lat="42.8364100" lon="-1.6044400">
    <name>Basilica y albergue de la Trinidad de Arre</name>
    <desc>Puente del Peregrino 2 | Trinidad de Arre | Tel: +34 948 332 941  | Tel:  +34 691 619 028 | Website | E-mail | Type: Kerkelijk onderkomen | Soort LO: L | Prijs: €10 PP/PN | Extra info: Keuken - Wasmachine en droger - Magnetron Restaurant in de buurt- Mogelijkheid om deel te nemen aan gebed in de kapel - Fietsenberging | Dieren: Ezels toegestaan | Taal: ES CA FR EN | Incorrecte informatie? | Accommodation Type: Church shelter | Lodging: B | Price: €10 PP/PN | Extra info: Kitchen - Washer and dryer - Microwave Restaurant nearby- Possibility to participate in prayer in the chapel - Bicycle storage room | Animals: Donkeys | Languages spoken: ES CA FR EN | Incorrect information?</desc>
    <sym>Flag, Red</sym>
  </wpt>
  <wpt lat="42.8320157" lon="-1.6060374">
    <name>Iraipe Albergue de Villava</name>
    <desc>C. Pedro de Atarrabia 17 (Trasera) | Villava | Tel: +34 948 517 731  | Tel:  +34 649 713 943 | Website | E-mail | Type: Pelgrims herberg | Soort LO: L | Prijs: €22 PP/PN | Extra info: Ook privékamers - Ontbijt - Diner mogelijk - Keuken - Magnetron - Wasmachine en droger - Fietsenberging - Bar-restaurant | Dieren: Niet bekend | Incorrecte informatie? | Accommodation Type: Albergue | Lodging: B | Price: €22 PP/PN | Extra info: Also private rooms - Breakfast - Dinner possible - Kitchen - Microwave - Washing machine and dryer - Bicycle storage - Bar-restaurant | Animals: Not known | Incorrect information?</desc>
    <sym>Flag, Red</sym>
  </wpt>
  <wpt lat="42.8184726" lon="-1.6372516">
    <name>Albergue Casa Paderborn</name>
    <desc>C. Playa de Caparroso 6 | Pamplona | Tel: +34 948 395 423 | Website | Type: Pelgrims herberg | Soort LO: L | Prijs: €7 PP/PN | Extra info: Wasmachine en droger - Ontbijt - Fietsenberging | Dieren: Niet bekend | Incorrecte informatie? | Accommodation Type: Albergue | Lodging: B | Price: €7 PP/PN | Extra info: Washer and dryer - Breakfast - Bicycle storage | Animals: Not known | Incorrect information?</desc>
    <sym>Flag, Red</sym>
  </wpt>
  <wpt lat="42.8206074" lon="-1.6433105">
    <name>Casa Ibarrola</name>
    <desc>c/ Carmen 31 | Pamplona | Tel: +34 948 223 332  | Tel:  +34 692 208 463 | Website | E-mail | Type: Pelgrims herberg | Soort LO: L | Prijs: €18 PP/PN | Extra info: Keuken - Magnetron - Wasmachine en droger - Ontbijt - Diner - Fietsenberging | Dieren: Niet bekend | Incorrecte informatie? | Accommodation Type: Albergue | Lodging: B | Price: €18 PP/PN | Extra info: Kitchen - Microwave - Washer and dryer - Breakfast - Dinner - Bicycle storage. | Animals: Not known | Incorrect information?</desc>
    <sym>Flag, Red</sym>
  </wpt>
  <wpt lat="42.8196562" lon="-1.6420518">
    <name>Plaza Catedral</name>
    <desc>c/ Navarrería 35 | Pamplona | Tel: +34 620 913 968  | Tel:  +34 948 591 336 | Website | E-mail | Type: Pelgrims herberg | Soort LO: L | Prijs: €17 PP/PN | Extra info: Ook privékamers- Keuken - Wasmachine en droger - Ontbijt - Fietsenberging | Dieren: Nee | Incorrecte informatie? | Accommodation Type: Albergue | Lodging: B | Price: €17 PP/PN | Extra info: Also private rooms- Kitchen- Washer and dryer- Breakfast- Bicycle storage. | Animals: No | Incorrect information?</desc>
    <sym>Flag, Red</sym>
  </wpt>
  <wpt lat="42.8198852" lon="-1.6430415">
    <name>Albergue de Pamplona - Iruñako Aterpea</name>
    <desc>c /Carmen 18 | Pamplona | Tel: +34 948 044 637  | Tel:  K102434 685 734 207 | Website | E-mail | Type: Pelgrims herberg | Soort LO: L | Prijs: €16 PP/PN | Extra info: Keuken - Magnetron - Diner mogelijk - Wasmachine en droger - Fietsenberging - | Dieren: Niet bekend | Incorrecte informatie? | Accommodation Type: Albergue | Lodging: B | Price: €16 PP/PN | Extra info: Kitchen - Microwave - Dinner possible - Washer and dryer - Bicycle storage -. | Animals: Not known | Incorrect information?</desc>
    <sym>Flag, Red</sym>
  </wpt>
  <wpt lat="42.8188865" lon="-1.6418802">
    <name>Albergue Jesús y María</name>
    <desc>C. Compañía 4 | Pamplona | Tel: +34 948 222 644  | Tel:  +34 648 008 932 | Website | E-mail | Type: Pelgrims herberg | Soort LO: L | Prijs: €11 PP/PN | Extra info: Keuken - Magnetron - Ontbijt - Wasmachine en droger - Fietsenberging | Dieren: Niet bekend | Incorrecte informatie? | Accommodation Type: Albergue | Lodging: B | Price: €11 PP/PN | Extra info: Kitchen - Microwave - Breakfast - Washer and dryer - Bicycle storage. | Animals: Not known | Incorrect information?</desc>
    <sym>Flag, Red</sym>
  </wpt>
  <wpt lat="42.7885429" lon="-1.6744112">
    <name>Albergue de la Orden de Malta</name>
    <desc>Encomienda Sanjuanist | Cizur Menor | Tel: +34 616 651 330 | Type: Pelgrims herberg | Soort LO: L | Prijs: €7 PP/PN | Extra info: Keuken - Magnetron | Dieren: Niet bekend | Incorrecte informatie? | Accommodation Type: Albergue | Lodging: B | Price: €7 PP/PN | Extra info: Kitchen - Microwave | Animals: Not known | Incorrect information?</desc>
    <sym>Flag, Red</sym>
  </wpt>
  <wpt lat="42.7481486" lon="-1.7229038">
    <name>Albergue San Andrés</name>
    <desc>c/ Santiago 4 | Zariquiegui | Tel: +34 948 353 876 | Website | Type: Pelgrims herberg | Soort LO: L | Prijs: €15 PP/PN | Extra info: Wasmachine en droger - Dineren | Dieren: Niet bekend | Incorrecte informatie? | Accommodation Type: Albergue | Lodging: B | Price: €15 PP/PN | Extra info: Washer and dryer - Dining | Animals: Not known | Incorrect information?</desc>
    <sym>Flag, Red</sym>
  </wpt>
  <wpt lat="42.7083771" lon="-1.7611611">
    <name>Albergue/hostal Camino del Perdón</name>
    <desc>c/ Mayor 61 | Uterga | Tel: +34 948 344 598  | Tel:  +34 690 841 980 | Website | E-mail | Type: Pelgrims herberg/Hostel | Soort LO: L | Prijs: €14 PP/PN | Extra info: Ook 2 en 3 persoons kamers - Restaurant | Dieren: Niet bekend | Incorrecte informatie? | Accommodation Type: Albergue/Hostel | Lodging: B | Price: €14 PP/PN | Extra info: Also 2 and 3 person rooms - Restaurant | Animals: Not known | Incorrect information?</desc>
    <sym>Flag, Red</sym>
  </wpt>
  <wpt lat="42.7082851" lon="-1.7613694">
    <name>Casa Baztan</name>
    <desc>c/Mayor, 46 | Uterga | Tel: +34 948 344 528  | Tel:  +34 689 357 550  | Tel:  +34 602 545 791 | Website | E-mail | Type: Pelgrims herberg | Soort LO: L | Prijs: €14 PP/PN | Extra info: Ook privékamers - Restaurant | Dieren: Niet bekend | Incorrecte informatie? | Accommodation Type: Albergue | Lodging: B | Price: €14 PP/PN | Extra info: Also private rooms - Restaurant | Animals: Not known | Incorrect information?</desc>
    <sym>Flag, Red</sym>
  </wpt>
  <wpt lat="42.6761296" lon="-1.8065740">
    <name>Albergue Jakue</name>
    <desc>c/ Irunbidea | Puente la Reina | Tel: +34 948 341 017  | Tel:  +34 638 498 313 | Website | E-mail | Type: Pelgrims herberg | Soort LO: L | Prijs: €25 PP/PN | Extra info: Ook privékamers - Keuken - Magnetron - Wasmachine en droger - Ontbijt - Diner - Restaurant - Fietsenberging | Dieren: Toegestaan | Incorrecte informatie? | Accommodation Type: Albergue | Lodging: B | Price: €25 PP/PN | Extra info: Also private rooms - Kitchen - Microwave - Washer and dryer - Breakfast - Dinner - Restaurant - Bicycle storage | Animals: Allowed | Incorrect information?</desc>
    <sym>Flag, Red</sym>
  </wpt>
  <wpt lat="42.6734404" lon="-1.8103114">
    <name>Albergue de los Padres Reparadores</name>
    <desc>c/ Crucifijo 1 (Seminario) | Puente la Reina | Tel: +34 663 615 795  | Tel:  +34 948 340 050 | E-mail | Type: Pelgrims herberg | Soort LO: L | Prijs: €9 PP/PN | Extra info: Keuken - Wasmachine en droger - Magnetron - Fietsenberging | Dieren: Niet bekend | Incorrecte informatie? | Accommodation Type: Albergue | Lodging: B | Price: €9 PP/PN | Extra info: Kitchen - Washer and dryer - Microwave - Bicycle storage. | Animals: Not known | Incorrect information?</desc>
    <sym>Flag, Red</sym>
  </wpt>
  <wpt lat="42.6720439" lon="-1.8182308">
    <name>Albergue Estrella Guia</name>
    <desc>Calle La Población 2 | Puente la Reina | Tel: +34 622 262 431 | Website | E-mail | Type: Pelgrims herberg | Soort LO: L | Prijs: €18 PP/PN | Extra info: Ook privékamers - Magnetron - Wasmachine en droger - Dineren - Keuken met magnetron en eettafel maar geen kachel -fietsenstalling | Dieren: Nee | Taal: SP-EN-PO | Incorrecte informatie? | Accommodation Type: Albergue | Lodging: B | Price: €18 PP/PN | Extra info: Also private rooms - Microwave - Washer and dryer - Dining - Kitchen with microwave and dining table but no stove -bike storage | Animals: No | Languages spoken: SP-EN-PO | Incorrect information?</desc>
    <sym>Flag, Red</sym>
  </wpt>
  <wpt lat="42.6723860" lon="-1.8241660">
    <name>Santiago Apostól</name>
    <desc>Paraje El Real | Puente la Reina | Tel: +34 948 340 220  | Tel:  +34 660 701 246 | Website | E-mail | Type: Pelgrims herberg | Soort LO: L | Prijs: €12 PP/PN | Extra info: Ook privékamers - Wasmachine en droger - Ontbijt - Diner - Bar restaurant - Fietsenberging - Zwembad - Kamperen mogelijk | Dieren: Niet bekend | Incorrecte informatie? | Accommodation Type: Albergue | Lodging: B | Price: €12 PP/PN | Extra info: Also private rooms - Washer and dryer - Breakfast - Dinner - Bar restaurant - Bicycle storage - Swimming pool - Camping possible | Animals: Not known | Incorrect information?</desc>
    <sym>Flag, Red</sym>
  </wpt>
  <wpt lat="42.6688492" lon="-1.8631406">
    <name>Albergue El Cantero</name>
    <desc>c/Esperanza 2 | Maneru | Tel: +34 948 342 142  | Tel:  +34 683 397 119 | Website | E-mail | Type: Pelgrims herberg | Soort LO: L | Prijs: €12 PP/PN | Extra info: Keuken - Magnetron - Ontbijt - Diner - Restaurant - Fietsenberging | Dieren: Ja slapen gratis buiten | Incorrecte informatie? | Accommodation Type: Albergue | Lodging: B | Price: €12 PP/PN | Extra info: Kitchen - Microwave - Breakfast - Dinner - Restaurant - Bicycle storage. | Animals: Yes, sleep for free outside | Incorrect information?</desc>
    <sym>Flag, Red</sym>
  </wpt>
  <wpt lat="42.6757717" lon="-1.8921504">
    <name>Albergue Cirauqui Casa Maralotx</name>
    <desc>Plaza Grande, 4 | Cirauqui | Tel: +34 678 635 208 | Website | E-mail | Type: Pelgrims herberg | Soort LO: L | Prijs: €17 PP/PN | Extra info: Ook privékamers - Ontbijt/Picnic en gemeenschappelijk diner - Wasmachine en droger - geen kookfaciliteiten - een bar in de buurt- Open van 1 april tot 30 oktober - Bar Cafetaria - Fietsenberging | Dieren: Nee | Taal: SP EN | Incorrecte informatie? | Accommodation Type: Albergue | Lodging: B | Price: €17 PP/PN | Extra info: Also private rooms - Breakfast/Picnic and communal dinner - Washer and dryer - No cooking facilities - A bar nearby- Open April 1 to October 30 - Bar Cafeteria - Bicycle storage | Animals: No | Languages spoken: SP EN | Incorrect information?</desc>
    <sym>Flag, Red</sym>
  </wpt>
  <wpt lat="42.6722820" lon="-1.9458650">
    <name>Jose Ramon</name>
    <desc>c/ Mayor 40 | Lorca | Tel: +34 948 541 190 | E-mail | Type: Pelgrims herberg | Soort LO: L | Prijs: €17 PP/PN | Extra info: Keuken - Ontbijt - Diner - Magnetron - Wasmachine en droger - Ook privékamers - Open van Pasen tot oktober - Fietsenstalling - Restaurant - Verschillende berichten van rascisme door eigenaar | Dieren: Niet bekend | Incorrecte informatie? | Accommodation Type: Albergue | Lodging: B | Price: €17 PP/PN | Extra info: Kitchen - Breakfast - Dinner - Microwave - Washer and dryer - Also private rooms - Open from Easter to October - Bicycle storage - Restaurant - Reports from racism by owner | Animals: Not known | Incorrect information?</desc>
    <sym>Flag, Red</sym>
  </wpt>
  <wpt lat="42.6721800" lon="-1.9458590">
    <name>Albergue La Bodega del Camino</name>
    <desc>c/ Placeta 8 | Lorca | Tel: +34 690 718 621 | Website | E-mail | Type: Pelgrims herberg | Soort LO: L | Prijs: €16,5 PP/PN | Extra info: Ook privékamers - Keuken - Magnetron - Diner- Ontbijt - Wasmachine en droger - Bar-Restaurant - Fietsen stalling | Dieren: Niet bekend | Taal: SP-EN-DU | Incorrecte informatie? | Accommodation Type: Albergue | Lodging: B | Price: €16,50 PP/PN | Extra info: Also private rooms - Kitchen - Microwave - Dinner- Breakfast - Washer and dryer - Bar-Restaurant - Bicycle storage | Animals: Not known | Languages spoken: SP-EN-DU | Incorrect information?</desc>
    <sym>Flag, Red</sym>
  </wpt>
  <wpt lat="42.6596087" lon="-1.9924481">
    <name>Albergue Etxeurdina</name>
    <desc>C. Río Iranzu 3 | Villatuerta | Tel: +34 621 267 282  | Tel:  +34 848 419 430 | Website | E-mail | Type: Pelgrims herberg | Soort LO: L | Prijs: €15 PP/PN | Extra info: Ook privékamers - Ontbijt - Keuken - Magnetron - Fietsenberging | Dieren: Welkom | Incorrecte informatie? | Accommodation Type: Albergue | Lodging: B | Price: €15 PP/PN | Extra info: Also private rooms - Breakfast - Kitchen - Microwave - Bicycle shed | Animals: Welcome | Incorrect information?</desc>
    <sym>Flag, Red</sym>
  </wpt>
  <wpt lat="42.6591220" lon="-1.9926885">
    <name>La Casa Mágica</name>
    <desc>c/ Rebote 5 | Villatuerta | Tel: +34 948 439 689 | Website | E-mail | Type: Pelgrims herberg | Soort LO: L | Prijs: €15 PP/PN | Extra info: Ook privékamers - Magnetron - Wasmachine en droger - Veg diner Veg ontbijt - fietsenstalling - Zwembad | Dieren: Welkom | Incorrecte informatie? | Accommodation Type: Albergue | Lodging: B | Price: €15 PP/PN | Extra info: Also private rooms - Microwave - Washer and dryer - Veg dinner Veg breakfast - bicycle storage - Swimming pool | Animals: Welcome | Incorrect information?</desc>
    <sym>Flag, Red</sym>
  </wpt>
  <wpt lat="42.6586799" lon="-1.9933334">
    <name>Casa Rural 643 km</name>
    <desc>Pl. Rebote 3 | Villatuerta | Tel: +34 615 003 690 | Type: Pelgrims herberg | Soort LO: L | Prijs: €45 P2/PN | Extra info: Diner - Ontbijt | Dieren: Niet bekend | Incorrecte informatie? | Accommodation Type: Albergue | Lodging: B | Price: €45 P2/PN | Extra info: Dinner - Breakfast | Animals: Not known | Incorrect information?</desc>
    <sym>Flag, Red</sym>
  </wpt>
  <wpt lat="42.6687734" lon="-2.0235118">
    <name>Albergue La Hostería Curtidores</name>
    <desc>C. Curtidores 43 | Estella | Tel: +34 948 550 070  | Tel:  +34 663 613 642 | Website | E-mail | Type: Pelgrims herberg | Soort LO: L | Prijs: €16 PP/PN | Extra info: Ook privékamers - Keuken - Magnetron - Wasmachine en droger - Fietsenberging | Dieren: Niet bekend | Incorrecte informatie? | Accommodation Type: Albergue | Lodging: B | Price: €16 PP/PN | Extra info: Also private rooms - Kitchen - Microwave - Washer and dryer - Bicycle storage room | Animals: Not known | Incorrect information?</desc>
    <sym>Flag, Red</sym>
  </wpt>
  <wpt lat="42.6708976" lon="-2.0253137">
    <name>Albergue Anfas</name>
    <desc>C. Cordeleros 7 | Estella | Tel: +34 639 011 688 | Website | E-mail | Type: Pelgrims herberg | Soort LO: L | Prijs: €12 PP/PN | Extra info: Keuken aanwezig. Herberg van een pelgrimsvereniging met vrijwilligers | Dieren: Niet bekend | Incorrecte informatie? | Accommodation Type: Albergue | Lodging: B | Price: €12 PP/PN | Extra info: Kitchen available. Hostel of a pilgrims' association with volunteers. | Animals: Not known | Incorrect information?</desc>
    <sym>Flag, Red</sym>
  </wpt>
  <wpt lat="42.6719917" lon="-2.0281766">
    <name>Albergue San Miguel</name>
    <desc>Mercado Viejo 18 | Estella | Tel: +34 654 480 239  | Tel:  +34 687 500 960  | Tel:  +34 675 967 411 | E-mail | Type: Kerkelijk onderkomen | Soort LO: L | Prijs: Donativo  | Extra info: Wasmachine en droger - Ontbijt - Fietsenberging | Dieren: Niet bekend | Incorrecte informatie? | Accommodation Type: Church shelter | Lodging: B | Price: Donativo  | Extra info: Washer and dryer - Breakfast - Bicycle storage | Animals: Not known | Incorrect information?</desc>
    <sym>Flag, Red</sym>
  </wpt>
  <wpt lat="42.6656559" lon="-2.0315724">
    <name>Capuchinos Rocamador</name>
    <desc>c/ Rocamador 6 | Estella | Tel: +34 948 550 549 | Website | E-mail | Type: Kerkelijk onderkomen | Soort LO: L | Prijs: €16 PP/PN | Extra info: Ook privékamers - Keuken - Magnetron -Wasmachine en droger - Diner - Fietsenberging | Dieren: Niet bekend | Incorrecte informatie? | Accommodation Type: Church shelter | Lodging: B | Price: €16 PP/PN | Extra info: Also private rooms - Kitchen - Microwave -Washer and dryer - Dinner - Bicycle storage | Animals: Not known | Incorrect information?</desc>
    <sym>Flag, Red</sym>
  </wpt>
  <wpt lat="42.8198625" lon="-1.6408159">
    <name>Catedral de Santa Maria la Real, Pamplona</name>
    <desc>Day 2 | 팜플로나 대성당</desc>
    <sym>Flag, Blue</sym>
    <type>photo</type>
  </wpt>
  <wpt lat="42.8174311" lon="-1.6432970">
    <name>Cafe Iruna</name>
    <desc>Day 2 | 카페 이루냐 (헤밍웨이)</desc>
    <sym>Flag, Blue</sym>
    <type>photo</type>
  </wpt>
  <wpt lat="42.8121347" lon="-1.6493171">
    <name>Ciudadela de Pamplona</name>
    <desc>Day 2 | 팜플로나 요새</desc>
    <sym>Flag, Blue</sym>
    <type>photo</type>
  </wpt>
  <wpt lat="42.7358582" lon="-1.7426490">
    <name>Monumento al Peregrino, Alto del Perdon</name>
    <desc>Day 2 | 용서의 언덕 순례자 조형물</desc>
    <sym>Flag, Blue</sym>
    <type>photo</type>
  </wpt>
  <wpt lat="42.6731287" lon="-1.8107319">
    <name>Iglesia del Crucifijo</name>
    <desc>Day 2 | 십자가상 성당</desc>
    <sym>Flag, Blue</sym>
    <type>photo</type>
  </wpt>
  <wpt lat="42.6711209" lon="-1.8187637">
    <name>Puente Romanico de Puente la Reina</name>
    <desc>Day 2 | 중세 순례자 다리 (여왕의 다리)</desc>
    <sym>Flag, Blue</sym>
    <type>photo</type>
  </wpt>
  <wpt lat="42.6508675" lon="-2.0436277">
    <name>Fuente del Vino, Bodegas Irache</name>
    <desc>Day 3 | 와인의 샘</desc>
    <sym>Flag, Blue</sym>
    <type>photo</type>
  </wpt>
  <wpt lat="42.6697222" lon="-2.0252778">
    <name>Iglesia del Santo Sepulcro, Estella</name>
    <desc>Day 2 | 산토 세풀크로 성당</desc>
    <sym>Flag, Blue</sym>
    <type>photo</type>
  </wpt>
  <trk>
    <name>camino-day02-bike-tmp</name>
    <trkseg>
      <trkpt lat="42.9298200" lon="-1.5028600">
        <ele>527.7</ele>
      </trkpt>
      <trkpt lat="42.9294900" lon="-1.5027600">
        <ele>528.2</ele>
      </trkpt>
      <trkpt lat="42.9291900" lon="-1.5027900">
        <ele>528.7</ele>
      </trkpt>
      <trkpt lat="42.9290300" lon="-1.5025800">
        <ele>529.3</ele>
      </trkpt>
      <trkpt lat="42.9285500" lon="-1.5022400">
        <ele>529.9</ele>
      </trkpt>
      <trkpt lat="42.9280300" lon="-1.5022500">
        <ele>529.6</ele>
      </trkpt>
      <trkpt lat="42.9273500" lon="-1.5028500">
        <ele>528.7</ele>
      </trkpt>
      <trkpt lat="42.9270400" lon="-1.5034900">
        <ele>527.4</ele>
      </trkpt>
      <trkpt lat="42.9267200" lon="-1.5041200">
        <ele>526.2</ele>
      </trkpt>
      <trkpt lat="42.9266000" lon="-1.5042400">
        <ele>525.2</ele>
      </trkpt>
      <trkpt lat="42.9258700" lon="-1.5046300">
        <ele>525.2</ele>
      </trkpt>
      <trkpt lat="42.9252900" lon="-1.5048400">
        <ele>525.5</ele>
      </trkpt>
      <trkpt lat="42.9247200" lon="-1.5047500">
        <ele>525.9</ele>
      </trkpt>
      <trkpt lat="42.9242400" lon="-1.5045000">
        <ele>526.0</ele>
      </trkpt>
      <trkpt lat="42.9238200" lon="-1.5047100">
        <ele>525.6</ele>
      </trkpt>
      <trkpt lat="42.9236400" lon="-1.5056700">
        <ele>524.5</ele>
      </trkpt>
      <trkpt lat="42.9233600" lon="-1.5065400">
        <ele>523.2</ele>
      </trkpt>
      <trkpt lat="42.9231100" lon="-1.5063800">
        <ele>522.4</ele>
      </trkpt>
      <trkpt lat="42.9227700" lon="-1.5064500">
        <ele>521.8</ele>
      </trkpt>
      <trkpt lat="42.9222900" lon="-1.5067100">
        <ele>521.8</ele>
      </trkpt>
      <trkpt lat="42.9218000" lon="-1.5069700">
        <ele>522.5</ele>
      </trkpt>
      <trkpt lat="42.9213200" lon="-1.5072400">
        <ele>523.4</ele>
      </trkpt>
      <trkpt lat="42.9208300" lon="-1.5075000">
        <ele>524.2</ele>
      </trkpt>
      <trkpt lat="42.9203500" lon="-1.5077600">
        <ele>525.5</ele>
      </trkpt>
      <trkpt lat="42.9201700" lon="-1.5081600">
        <ele>527.3</ele>
      </trkpt>
      <trkpt lat="42.9200400" lon="-1.5086600">
        <ele>530.0</ele>
      </trkpt>
      <trkpt lat="42.9196200" lon="-1.5093500">
        <ele>533.7</ele>
      </trkpt>
      <trkpt lat="42.9194200" lon="-1.5098800">
        <ele>537.9</ele>
      </trkpt>
      <trkpt lat="42.9186700" lon="-1.5104300">
        <ele>542.3</ele>
      </trkpt>
      <trkpt lat="42.9182200" lon="-1.5108300">
        <ele>546.2</ele>
      </trkpt>
      <trkpt lat="42.9177600" lon="-1.5112300">
        <ele>548.7</ele>
      </trkpt>
      <trkpt lat="42.9171300" lon="-1.5120900">
        <ele>550.2</ele>
      </trkpt>
      <trkpt lat="42.9168900" lon="-1.5122300">
        <ele>551.1</ele>
      </trkpt>
      <trkpt lat="42.9163000" lon="-1.5123700">
        <ele>551.0</ele>
      </trkpt>
      <trkpt lat="42.9161900" lon="-1.5124600">
        <ele>549.8</ele>
      </trkpt>
      <trkpt lat="42.9158000" lon="-1.5129000">
        <ele>547.9</ele>
      </trkpt>
      <trkpt lat="42.9156300" lon="-1.5132600">
        <ele>545.2</ele>
      </trkpt>
      <trkpt lat="42.9152100" lon="-1.5138000">
        <ele>541.7</ele>
      </trkpt>
      <trkpt lat="42.9149000" lon="-1.5143100">
        <ele>537.8</ele>
      </trkpt>
      <trkpt lat="42.9148800" lon="-1.5145600">
        <ele>534.3</ele>
      </trkpt>
      <trkpt lat="42.9146700" lon="-1.5146600">
        <ele>531.4</ele>
      </trkpt>
      <trkpt lat="42.9144000" lon="-1.5151700">
        <ele>528.2</ele>
      </trkpt>
      <trkpt lat="42.9141200" lon="-1.5156700">
        <ele>525.6</ele>
      </trkpt>
      <trkpt lat="42.9140500" lon="-1.5157300">
        <ele>523.1</ele>
      </trkpt>
      <trkpt lat="42.9138000" lon="-1.5157700">
        <ele>520.7</ele>
      </trkpt>
      <trkpt lat="42.9132100" lon="-1.5166800">
        <ele>518.4</ele>
      </trkpt>
      <trkpt lat="42.9128400" lon="-1.5166400">
        <ele>517.9</ele>
      </trkpt>
      <trkpt lat="42.9125200" lon="-1.5167100">
        <ele>518.6</ele>
      </trkpt>
      <trkpt lat="42.9122300" lon="-1.5168400">
        <ele>520.9</ele>
      </trkpt>
      <trkpt lat="42.9119400" lon="-1.5171000">
        <ele>524.6</ele>
      </trkpt>
      <trkpt lat="42.9112800" lon="-1.5175000">
        <ele>529.8</ele>
      </trkpt>
      <trkpt lat="42.9111000" lon="-1.5174100">
        <ele>534.4</ele>
      </trkpt>
      <trkpt lat="42.9110300" lon="-1.5170800">
        <ele>538.2</ele>
      </trkpt>
      <trkpt lat="42.9106500" lon="-1.5171600">
        <ele>540.6</ele>
      </trkpt>
      <trkpt lat="42.9105200" lon="-1.5172400">
        <ele>540.8</ele>
      </trkpt>
      <trkpt lat="42.9104500" lon="-1.5174000">
        <ele>539.0</ele>
      </trkpt>
      <trkpt lat="42.9103800" lon="-1.5180800">
        <ele>535.8</ele>
      </trkpt>
      <trkpt lat="42.9103000" lon="-1.5187500">
        <ele>531.9</ele>
      </trkpt>
      <trkpt lat="42.9102300" lon="-1.5194300">
        <ele>527.8</ele>
      </trkpt>
      <trkpt lat="42.9099700" lon="-1.5202400">
        <ele>524.4</ele>
      </trkpt>
      <trkpt lat="42.9097100" lon="-1.5210400">
        <ele>521.5</ele>
      </trkpt>
      <trkpt lat="42.9094700" lon="-1.5216100">
        <ele>519.5</ele>
      </trkpt>
      <trkpt lat="42.9092300" lon="-1.5221800">
        <ele>517.9</ele>
      </trkpt>
      <trkpt lat="42.9090700" lon="-1.5229200">
        <ele>517.7</ele>
      </trkpt>
      <trkpt lat="42.9090600" lon="-1.5231200">
        <ele>518.0</ele>
      </trkpt>
      <trkpt lat="42.9091300" lon="-1.5232600">
        <ele>519.0</ele>
      </trkpt>
      <trkpt lat="42.9085600" lon="-1.5240500">
        <ele>520.1</ele>
      </trkpt>
      <trkpt lat="42.9082100" lon="-1.5244500">
        <ele>521.8</ele>
      </trkpt>
      <trkpt lat="42.9078600" lon="-1.5248500">
        <ele>522.4</ele>
      </trkpt>
      <trkpt lat="42.9077500" lon="-1.5251900">
        <ele>522.6</ele>
      </trkpt>
      <trkpt lat="42.9074900" lon="-1.5251700">
        <ele>522.6</ele>
      </trkpt>
      <trkpt lat="42.9071600" lon="-1.5250300">
        <ele>523.2</ele>
      </trkpt>
      <trkpt lat="42.9066700" lon="-1.5252700">
        <ele>523.7</ele>
      </trkpt>
      <trkpt lat="42.9064500" lon="-1.5253000">
        <ele>524.5</ele>
      </trkpt>
      <trkpt lat="42.9064000" lon="-1.5257500">
        <ele>525.3</ele>
      </trkpt>
      <trkpt lat="42.9065300" lon="-1.5260700">
        <ele>525.8</ele>
      </trkpt>
      <trkpt lat="42.9069500" lon="-1.5267500">
        <ele>524.3</ele>
      </trkpt>
      <trkpt lat="42.9071900" lon="-1.5274100">
        <ele>522.6</ele>
      </trkpt>
      <trkpt lat="42.9074300" lon="-1.5277100">
        <ele>520.3</ele>
      </trkpt>
      <trkpt lat="42.9076200" lon="-1.5285700">
        <ele>517.4</ele>
      </trkpt>
      <trkpt lat="42.9075800" lon="-1.5291700">
        <ele>514.5</ele>
      </trkpt>
      <trkpt lat="42.9074100" lon="-1.5298600">
        <ele>513.0</ele>
      </trkpt>
      <trkpt lat="42.9071300" lon="-1.5304900">
        <ele>511.0</ele>
      </trkpt>
      <trkpt lat="42.9068600" lon="-1.5311300">
        <ele>509.3</ele>
      </trkpt>
      <trkpt lat="42.9065800" lon="-1.5317600">
        <ele>508.7</ele>
      </trkpt>
      <trkpt lat="42.9062700" lon="-1.5323200">
        <ele>508.2</ele>
      </trkpt>
      <trkpt lat="42.9059700" lon="-1.5326800">
        <ele>507.6</ele>
      </trkpt>
      <trkpt lat="42.9058600" lon="-1.5330500">
        <ele>507.9</ele>
      </trkpt>
      <trkpt lat="42.9058100" lon="-1.5330400">
        <ele>508.6</ele>
      </trkpt>
      <trkpt lat="42.9053600" lon="-1.5334800">
        <ele>508.7</ele>
      </trkpt>
      <trkpt lat="42.9049100" lon="-1.5339200">
        <ele>508.9</ele>
      </trkpt>
      <trkpt lat="42.9046800" lon="-1.5340300">
        <ele>509.0</ele>
      </trkpt>
      <trkpt lat="42.9040800" lon="-1.5346200">
        <ele>508.7</ele>
      </trkpt>
      <trkpt lat="42.9037000" lon="-1.5351800">
        <ele>507.9</ele>
      </trkpt>
      <trkpt lat="42.9035000" lon="-1.5352700">
        <ele>507.5</ele>
      </trkpt>
      <trkpt lat="42.9031100" lon="-1.5353200">
        <ele>507.2</ele>
      </trkpt>
      <trkpt lat="42.9031700" lon="-1.5357200">
        <ele>506.4</ele>
      </trkpt>
      <trkpt lat="42.9031300" lon="-1.5359800">
        <ele>505.1</ele>
      </trkpt>
      <trkpt lat="42.9028800" lon="-1.5365200">
        <ele>503.8</ele>
      </trkpt>
      <trkpt lat="42.9026200" lon="-1.5370500">
        <ele>502.3</ele>
      </trkpt>
      <trkpt lat="42.9023700" lon="-1.5375900">
        <ele>501.0</ele>
      </trkpt>
      <trkpt lat="42.9021100" lon="-1.5381200">
        <ele>500.4</ele>
      </trkpt>
      <trkpt lat="42.9018600" lon="-1.5386600">
        <ele>500.5</ele>
      </trkpt>
      <trkpt lat="42.9016100" lon="-1.5389700">
        <ele>501.1</ele>
      </trkpt>
      <trkpt lat="42.9014300" lon="-1.5390800">
        <ele>501.6</ele>
      </trkpt>
      <trkpt lat="42.9012000" lon="-1.5388700">
        <ele>501.8</ele>
      </trkpt>
      <trkpt lat="42.9011300" lon="-1.5388800">
        <ele>501.5</ele>
      </trkpt>
      <trkpt lat="42.9010700" lon="-1.5389900">
        <ele>500.9</ele>
      </trkpt>
      <trkpt lat="42.9010800" lon="-1.5396400">
        <ele>500.0</ele>
      </trkpt>
      <trkpt lat="42.9006400" lon="-1.5405700">
        <ele>499.7</ele>
      </trkpt>
      <trkpt lat="42.9003400" lon="-1.5408400">
        <ele>500.2</ele>
      </trkpt>
      <trkpt lat="42.8999100" lon="-1.5410800">
        <ele>501.6</ele>
      </trkpt>
      <trkpt lat="42.8994800" lon="-1.5413100">
        <ele>503.6</ele>
      </trkpt>
      <trkpt lat="42.8990500" lon="-1.5415500">
        <ele>506.4</ele>
      </trkpt>
      <trkpt lat="42.8986200" lon="-1.5417800">
        <ele>508.9</ele>
      </trkpt>
      <trkpt lat="42.8981900" lon="-1.5420200">
        <ele>511.4</ele>
      </trkpt>
      <trkpt lat="42.8979800" lon="-1.5420200">
        <ele>513.3</ele>
      </trkpt>
      <trkpt lat="42.8973200" lon="-1.5418200">
        <ele>515.0</ele>
      </trkpt>
      <trkpt lat="42.8969400" lon="-1.5418900">
        <ele>516.1</ele>
      </trkpt>
      <trkpt lat="42.8968700" lon="-1.5419700">
        <ele>517.0</ele>
      </trkpt>
      <trkpt lat="42.8966700" lon="-1.5424900">
        <ele>517.9</ele>
      </trkpt>
      <trkpt lat="42.8970000" lon="-1.5430500">
        <ele>518.4</ele>
      </trkpt>
      <trkpt lat="42.8969800" lon="-1.5432100">
        <ele>518.1</ele>
      </trkpt>
      <trkpt lat="42.8968300" lon="-1.5433000">
        <ele>517.5</ele>
      </trkpt>
      <trkpt lat="42.8964800" lon="-1.5436800">
        <ele>516.4</ele>
      </trkpt>
      <trkpt lat="42.8963500" lon="-1.5446700">
        <ele>513.9</ele>
      </trkpt>
      <trkpt lat="42.8962100" lon="-1.5451100">
        <ele>511.5</ele>
      </trkpt>
      <trkpt lat="42.8958200" lon="-1.5457000">
        <ele>509.4</ele>
      </trkpt>
      <trkpt lat="42.8954200" lon="-1.5462800">
        <ele>506.9</ele>
      </trkpt>
      <trkpt lat="42.8950300" lon="-1.5468700">
        <ele>504.6</ele>
      </trkpt>
      <trkpt lat="42.8948900" lon="-1.5476600">
        <ele>503.2</ele>
      </trkpt>
      <trkpt lat="42.8950000" lon="-1.5482500">
        <ele>501.8</ele>
      </trkpt>
      <trkpt lat="42.8950300" lon="-1.5488200">
        <ele>500.6</ele>
      </trkpt>
      <trkpt lat="42.8949000" lon="-1.5495900">
        <ele>499.9</ele>
      </trkpt>
      <trkpt lat="42.8946100" lon="-1.5499000">
        <ele>499.4</ele>
      </trkpt>
      <trkpt lat="42.8945700" lon="-1.5497700">
        <ele>499.0</ele>
      </trkpt>
      <trkpt lat="42.8945000" lon="-1.5497500">
        <ele>498.4</ele>
      </trkpt>
      <trkpt lat="42.8942400" lon="-1.5501900">
        <ele>498.1</ele>
      </trkpt>
      <trkpt lat="42.8940100" lon="-1.5504100">
        <ele>498.3</ele>
      </trkpt>
      <trkpt lat="42.8937400" lon="-1.5507900">
        <ele>498.8</ele>
      </trkpt>
      <trkpt lat="42.8935300" lon="-1.5513300">
        <ele>499.8</ele>
      </trkpt>
      <trkpt lat="42.8931200" lon="-1.5518800">
        <ele>501.9</ele>
      </trkpt>
      <trkpt lat="42.8929500" lon="-1.5522700">
        <ele>503.6</ele>
      </trkpt>
      <trkpt lat="42.8928100" lon="-1.5524400">
        <ele>504.9</ele>
      </trkpt>
      <trkpt lat="42.8924000" lon="-1.5526000">
        <ele>506.5</ele>
      </trkpt>
      <trkpt lat="42.8920200" lon="-1.5529600">
        <ele>508.2</ele>
      </trkpt>
      <trkpt lat="42.8917000" lon="-1.5537600">
        <ele>509.4</ele>
      </trkpt>
      <trkpt lat="42.8914000" lon="-1.5542300">
        <ele>510.4</ele>
      </trkpt>
      <trkpt lat="42.8908000" lon="-1.5546900">
        <ele>511.3</ele>
      </trkpt>
      <trkpt lat="42.8904500" lon="-1.5548600">
        <ele>510.6</ele>
      </trkpt>
      <trkpt lat="42.8899200" lon="-1.5558100">
        <ele>508.1</ele>
      </trkpt>
      <trkpt lat="42.8896000" lon="-1.5562500">
        <ele>504.2</ele>
      </trkpt>
      <trkpt lat="42.8895000" lon="-1.5564900">
        <ele>500.1</ele>
      </trkpt>
      <trkpt lat="42.8895400" lon="-1.5566500">
        <ele>496.0</ele>
      </trkpt>
      <trkpt lat="42.8894900" lon="-1.5567700">
        <ele>492.3</ele>
      </trkpt>
      <trkpt lat="42.8893700" lon="-1.5568600">
        <ele>489.9</ele>
      </trkpt>
      <trkpt lat="42.8894600" lon="-1.5571600">
        <ele>488.6</ele>
      </trkpt>
      <trkpt lat="42.8893900" lon="-1.5572900">
        <ele>487.5</ele>
      </trkpt>
      <trkpt lat="42.8894200" lon="-1.5578000">
        <ele>486.7</ele>
      </trkpt>
      <trkpt lat="42.8895300" lon="-1.5580600">
        <ele>486.3</ele>
      </trkpt>
      <trkpt lat="42.8895400" lon="-1.5582300">
        <ele>485.8</ele>
      </trkpt>
      <trkpt lat="42.8894600" lon="-1.5585300">
        <ele>485.4</ele>
      </trkpt>
      <trkpt lat="42.8892800" lon="-1.5586800">
        <ele>485.0</ele>
      </trkpt>
      <trkpt lat="42.8887400" lon="-1.5589400">
        <ele>484.6</ele>
      </trkpt>
      <trkpt lat="42.8882000" lon="-1.5592000">
        <ele>484.1</ele>
      </trkpt>
      <trkpt lat="42.8877300" lon="-1.5596800">
        <ele>483.8</ele>
      </trkpt>
      <trkpt lat="42.8873500" lon="-1.5602800">
        <ele>483.8</ele>
      </trkpt>
      <trkpt lat="42.8869700" lon="-1.5608800">
        <ele>483.6</ele>
      </trkpt>
      <trkpt lat="42.8868300" lon="-1.5616000">
        <ele>483.3</ele>
      </trkpt>
      <trkpt lat="42.8863700" lon="-1.5623500">
        <ele>483.6</ele>
      </trkpt>
      <trkpt lat="42.8858800" lon="-1.5626000">
        <ele>483.9</ele>
      </trkpt>
      <trkpt lat="42.8853600" lon="-1.5627300">
        <ele>484.0</ele>
      </trkpt>
      <trkpt lat="42.8849900" lon="-1.5626900">
        <ele>484.5</ele>
      </trkpt>
      <trkpt lat="42.8844900" lon="-1.5624800">
        <ele>485.1</ele>
      </trkpt>
      <trkpt lat="42.8839800" lon="-1.5622600">
        <ele>485.0</ele>
      </trkpt>
      <trkpt lat="42.8834800" lon="-1.5623000">
        <ele>484.5</ele>
      </trkpt>
      <trkpt lat="42.8829700" lon="-1.5623300">
        <ele>483.8</ele>
      </trkpt>
      <trkpt lat="42.8826900" lon="-1.5624200">
        <ele>483.0</ele>
      </trkpt>
      <trkpt lat="42.8823900" lon="-1.5623900">
        <ele>481.9</ele>
      </trkpt>
      <trkpt lat="42.8818800" lon="-1.5626000">
        <ele>480.9</ele>
      </trkpt>
      <trkpt lat="42.8814500" lon="-1.5633600">
        <ele>480.4</ele>
      </trkpt>
      <trkpt lat="42.8812000" lon="-1.5637000">
        <ele>480.0</ele>
      </trkpt>
      <trkpt lat="42.8807800" lon="-1.5641000">
        <ele>479.6</ele>
      </trkpt>
      <trkpt lat="42.8799500" lon="-1.5644600">
        <ele>479.4</ele>
      </trkpt>
      <trkpt lat="42.8795800" lon="-1.5647700">
        <ele>480.1</ele>
      </trkpt>
      <trkpt lat="42.8790500" lon="-1.5650900">
        <ele>480.8</ele>
      </trkpt>
      <trkpt lat="42.8785200" lon="-1.5654100">
        <ele>481.8</ele>
      </trkpt>
      <trkpt lat="42.8784800" lon="-1.5655200">
        <ele>483.1</ele>
      </trkpt>
      <trkpt lat="42.8785800" lon="-1.5661500">
        <ele>484.5</ele>
      </trkpt>
      <trkpt lat="42.8781400" lon="-1.5664300">
        <ele>485.0</ele>
      </trkpt>
      <trkpt lat="42.8777000" lon="-1.5667200">
        <ele>485.8</ele>
      </trkpt>
      <trkpt lat="42.8772600" lon="-1.5670000">
        <ele>485.8</ele>
      </trkpt>
      <trkpt lat="42.8768200" lon="-1.5672800">
        <ele>486.0</ele>
      </trkpt>
      <trkpt lat="42.8763800" lon="-1.5675600">
        <ele>485.8</ele>
      </trkpt>
      <trkpt lat="42.8759300" lon="-1.5678500">
        <ele>485.5</ele>
      </trkpt>
      <trkpt lat="42.8754900" lon="-1.5681300">
        <ele>484.9</ele>
      </trkpt>
      <trkpt lat="42.8750500" lon="-1.5684100">
        <ele>485.1</ele>
      </trkpt>
      <trkpt lat="42.8746100" lon="-1.5686900">
        <ele>484.4</ele>
      </trkpt>
      <trkpt lat="42.8741700" lon="-1.5689800">
        <ele>483.7</ele>
      </trkpt>
      <trkpt lat="42.8737300" lon="-1.5692600">
        <ele>483.6</ele>
      </trkpt>
      <trkpt lat="42.8735900" lon="-1.5693000">
        <ele>483.3</ele>
      </trkpt>
      <trkpt lat="42.8735200" lon="-1.5691400">
        <ele>482.4</ele>
      </trkpt>
      <trkpt lat="42.8733800" lon="-1.5691300">
        <ele>482.3</ele>
      </trkpt>
      <trkpt lat="42.8729700" lon="-1.5694600">
        <ele>482.1</ele>
      </trkpt>
      <trkpt lat="42.8726900" lon="-1.5694700">
        <ele>481.1</ele>
      </trkpt>
      <trkpt lat="42.8721800" lon="-1.5693500">
        <ele>479.6</ele>
      </trkpt>
      <trkpt lat="42.8716700" lon="-1.5692300">
        <ele>478.0</ele>
      </trkpt>
      <trkpt lat="42.8711600" lon="-1.5691100">
        <ele>475.8</ele>
      </trkpt>
      <trkpt lat="42.8707300" lon="-1.5691800">
        <ele>474.0</ele>
      </trkpt>
      <trkpt lat="42.8705700" lon="-1.5692800">
        <ele>473.1</ele>
      </trkpt>
      <trkpt lat="42.8702200" lon="-1.5692700">
        <ele>473.1</ele>
      </trkpt>
      <trkpt lat="42.8697000" lon="-1.5689600">
        <ele>473.6</ele>
      </trkpt>
      <trkpt lat="42.8690200" lon="-1.5689800">
        <ele>474.8</ele>
      </trkpt>
      <trkpt lat="42.8687700" lon="-1.5688200">
        <ele>476.1</ele>
      </trkpt>
      <trkpt lat="42.8679200" lon="-1.5688000">
        <ele>477.2</ele>
      </trkpt>
      <trkpt lat="42.8674900" lon="-1.5688900">
        <ele>478.4</ele>
      </trkpt>
      <trkpt lat="42.8670500" lon="-1.5690700">
        <ele>479.5</ele>
      </trkpt>
      <trkpt lat="42.8666200" lon="-1.5692500">
        <ele>480.4</ele>
      </trkpt>
      <trkpt lat="42.8660500" lon="-1.5695700">
        <ele>480.6</ele>
      </trkpt>
      <trkpt lat="42.8659600" lon="-1.5695700">
        <ele>480.5</ele>
      </trkpt>
      <trkpt lat="42.8655000" lon="-1.5699500">
        <ele>479.8</ele>
      </trkpt>
      <trkpt lat="42.8653200" lon="-1.5698000">
        <ele>478.9</ele>
      </trkpt>
      <trkpt lat="42.8650200" lon="-1.5706600">
        <ele>477.5</ele>
      </trkpt>
      <trkpt lat="42.8648500" lon="-1.5708100">
        <ele>476.1</ele>
      </trkpt>
      <trkpt lat="42.8645600" lon="-1.5709200">
        <ele>474.7</ele>
      </trkpt>
      <trkpt lat="42.8641500" lon="-1.5709700">
        <ele>473.4</ele>
      </trkpt>
      <trkpt lat="42.8633700" lon="-1.5712100">
        <ele>472.2</ele>
      </trkpt>
      <trkpt lat="42.8626900" lon="-1.5713200">
        <ele>471.4</ele>
      </trkpt>
      <trkpt lat="42.8620900" lon="-1.5709300">
        <ele>471.2</ele>
      </trkpt>
      <trkpt lat="42.8620100" lon="-1.5707700">
        <ele>471.2</ele>
      </trkpt>
      <trkpt lat="42.8617000" lon="-1.5708500">
        <ele>471.5</ele>
      </trkpt>
      <trkpt lat="42.8615000" lon="-1.5710200">
        <ele>471.9</ele>
      </trkpt>
      <trkpt lat="42.8614000" lon="-1.5713300">
        <ele>472.1</ele>
      </trkpt>
      <trkpt lat="42.8610100" lon="-1.5717100">
        <ele>471.9</ele>
      </trkpt>
      <trkpt lat="42.8606100" lon="-1.5720900">
        <ele>471.4</ele>
      </trkpt>
      <trkpt lat="42.8602200" lon="-1.5724700">
        <ele>470.4</ele>
      </trkpt>
      <trkpt lat="42.8598700" lon="-1.5730800">
        <ele>469.1</ele>
      </trkpt>
      <trkpt lat="42.8597800" lon="-1.5733300">
        <ele>467.8</ele>
      </trkpt>
      <trkpt lat="42.8597800" lon="-1.5733800">
        <ele>466.5</ele>
      </trkpt>
      <trkpt lat="42.8597600" lon="-1.5734900">
        <ele>465.4</ele>
      </trkpt>
      <trkpt lat="42.8597500" lon="-1.5736600">
        <ele>464.6</ele>
      </trkpt>
      <trkpt lat="42.8597500" lon="-1.5737700">
        <ele>464.6</ele>
      </trkpt>
      <trkpt lat="42.8597700" lon="-1.5738600">
        <ele>465.1</ele>
      </trkpt>
      <trkpt lat="42.8598000" lon="-1.5740100">
        <ele>466.2</ele>
      </trkpt>
      <trkpt lat="42.8598600" lon="-1.5741900">
        <ele>467.6</ele>
      </trkpt>
      <trkpt lat="42.8600200" lon="-1.5745200">
        <ele>469.2</ele>
      </trkpt>
      <trkpt lat="42.8599600" lon="-1.5745700">
        <ele>470.4</ele>
      </trkpt>
      <trkpt lat="42.8598800" lon="-1.5746200">
        <ele>471.0</ele>
      </trkpt>
      <trkpt lat="42.8596900" lon="-1.5747600">
        <ele>471.2</ele>
      </trkpt>
      <trkpt lat="42.8596000" lon="-1.5749100">
        <ele>471.0</ele>
      </trkpt>
      <trkpt lat="42.8595100" lon="-1.5750500">
        <ele>470.5</ele>
      </trkpt>
      <trkpt lat="42.8594200" lon="-1.5751800">
        <ele>470.0</ele>
      </trkpt>
      <trkpt lat="42.8593400" lon="-1.5753000">
        <ele>469.5</ele>
      </trkpt>
      <trkpt lat="42.8592100" lon="-1.5755200">
        <ele>469.1</ele>
      </trkpt>
      <trkpt lat="42.8589800" lon="-1.5758000">
        <ele>468.6</ele>
      </trkpt>
      <trkpt lat="42.8584400" lon="-1.5764900">
        <ele>468.3</ele>
      </trkpt>
      <trkpt lat="42.8582500" lon="-1.5767700">
        <ele>468.2</ele>
      </trkpt>
      <trkpt lat="42.8581600" lon="-1.5768700">
        <ele>468.1</ele>
      </trkpt>
      <trkpt lat="42.8579600" lon="-1.5771000">
        <ele>468.1</ele>
      </trkpt>
      <trkpt lat="42.8575100" lon="-1.5776500">
        <ele>468.2</ele>
      </trkpt>
      <trkpt lat="42.8574000" lon="-1.5777500">
        <ele>468.1</ele>
      </trkpt>
      <trkpt lat="42.8573400" lon="-1.5777800">
        <ele>467.8</ele>
      </trkpt>
      <trkpt lat="42.8572800" lon="-1.5777900">
        <ele>467.3</ele>
      </trkpt>
      <trkpt lat="42.8571900" lon="-1.5777900">
        <ele>466.5</ele>
      </trkpt>
      <trkpt lat="42.8570900" lon="-1.5777900">
        <ele>465.7</ele>
      </trkpt>
      <trkpt lat="42.8569900" lon="-1.5777900">
        <ele>464.8</ele>
      </trkpt>
      <trkpt lat="42.8568700" lon="-1.5778400">
        <ele>464.1</ele>
      </trkpt>
      <trkpt lat="42.8567800" lon="-1.5778900">
        <ele>463.4</ele>
      </trkpt>
      <trkpt lat="42.8567000" lon="-1.5779400">
        <ele>462.9</ele>
      </trkpt>
      <trkpt lat="42.8566200" lon="-1.5780100">
        <ele>462.4</ele>
      </trkpt>
      <trkpt lat="42.8565100" lon="-1.5780700">
        <ele>462.1</ele>
      </trkpt>
      <trkpt lat="42.8561200" lon="-1.5781000">
        <ele>461.8</ele>
      </trkpt>
      <trkpt lat="42.8559500" lon="-1.5781100">
        <ele>461.6</ele>
      </trkpt>
      <trkpt lat="42.8558500" lon="-1.5781900">
        <ele>461.8</ele>
      </trkpt>
      <trkpt lat="42.8557400" lon="-1.5783400">
        <ele>462.1</ele>
      </trkpt>
      <trkpt lat="42.8556500" lon="-1.5784100">
        <ele>462.6</ele>
      </trkpt>
      <trkpt lat="42.8555500" lon="-1.5784800">
        <ele>463.2</ele>
      </trkpt>
      <trkpt lat="42.8554000" lon="-1.5785400">
        <ele>463.5</ele>
      </trkpt>
      <trkpt lat="42.8551700" lon="-1.5785600">
        <ele>463.4</ele>
      </trkpt>
      <trkpt lat="42.8550500" lon="-1.5786100">
        <ele>462.9</ele>
      </trkpt>
      <trkpt lat="42.8548900" lon="-1.5786800">
        <ele>461.9</ele>
      </trkpt>
      <trkpt lat="42.8547100" lon="-1.5788000">
        <ele>460.5</ele>
      </trkpt>
      <trkpt lat="42.8546400" lon="-1.5788500">
        <ele>459.0</ele>
      </trkpt>
      <trkpt lat="42.8545900" lon="-1.5788700">
        <ele>457.7</ele>
      </trkpt>
      <trkpt lat="42.8544000" lon="-1.5789600">
        <ele>456.5</ele>
      </trkpt>
      <trkpt lat="42.8542700" lon="-1.5790000">
        <ele>455.6</ele>
      </trkpt>
      <trkpt lat="42.8542300" lon="-1.5790100">
        <ele>455.2</ele>
      </trkpt>
      <trkpt lat="42.8541500" lon="-1.5790300">
        <ele>455.0</ele>
      </trkpt>
      <trkpt lat="42.8540600" lon="-1.5790500">
        <ele>455.1</ele>
      </trkpt>
      <trkpt lat="42.8539900" lon="-1.5790800">
        <ele>455.3</ele>
      </trkpt>
      <trkpt lat="42.8537700" lon="-1.5792400">
        <ele>455.7</ele>
      </trkpt>
      <trkpt lat="42.8536500" lon="-1.5793200">
        <ele>456.1</ele>
      </trkpt>
      <trkpt lat="42.8534300" lon="-1.5794200">
        <ele>456.5</ele>
      </trkpt>
      <trkpt lat="42.8532600" lon="-1.5795100">
        <ele>456.9</ele>
      </trkpt>
      <trkpt lat="42.8531500" lon="-1.5795700">
        <ele>457.1</ele>
      </trkpt>
      <trkpt lat="42.8530300" lon="-1.5796500">
        <ele>457.3</ele>
      </trkpt>
      <trkpt lat="42.8529400" lon="-1.5797300">
        <ele>457.4</ele>
      </trkpt>
      <trkpt lat="42.8528600" lon="-1.5798100">
        <ele>457.5</ele>
      </trkpt>
      <trkpt lat="42.8528100" lon="-1.5799100">
        <ele>457.5</ele>
      </trkpt>
      <trkpt lat="42.8527800" lon="-1.5800100">
        <ele>457.6</ele>
      </trkpt>
      <trkpt lat="42.8527800" lon="-1.5801100">
        <ele>457.6</ele>
      </trkpt>
      <trkpt lat="42.8527700" lon="-1.5801700">
        <ele>457.6</ele>
      </trkpt>
      <trkpt lat="42.8527100" lon="-1.5803000">
        <ele>457.5</ele>
      </trkpt>
      <trkpt lat="42.8526600" lon="-1.5804400">
        <ele>457.3</ele>
      </trkpt>
      <trkpt lat="42.8526300" lon="-1.5805200">
        <ele>457.1</ele>
      </trkpt>
      <trkpt lat="42.8526000" lon="-1.5806500">
        <ele>456.9</ele>
      </trkpt>
      <trkpt lat="42.8525300" lon="-1.5808700">
        <ele>456.7</ele>
      </trkpt>
      <trkpt lat="42.8525000" lon="-1.5809400">
        <ele>456.5</ele>
      </trkpt>
      <trkpt lat="42.8524400" lon="-1.5810400">
        <ele>456.2</ele>
      </trkpt>
      <trkpt lat="42.8523700" lon="-1.5812000">
        <ele>455.8</ele>
      </trkpt>
      <trkpt lat="42.8522100" lon="-1.5817300">
        <ele>455.5</ele>
      </trkpt>
      <trkpt lat="42.8521600" lon="-1.5820800">
        <ele>455.0</ele>
      </trkpt>
      <trkpt lat="42.8521400" lon="-1.5823600">
        <ele>454.7</ele>
      </trkpt>
      <trkpt lat="42.8521200" lon="-1.5826100">
        <ele>454.6</ele>
      </trkpt>
      <trkpt lat="42.8521300" lon="-1.5828700">
        <ele>454.8</ele>
      </trkpt>
      <trkpt lat="42.8521500" lon="-1.5830800">
        <ele>455.5</ele>
      </trkpt>
      <trkpt lat="42.8522200" lon="-1.5834400">
        <ele>456.7</ele>
      </trkpt>
      <trkpt lat="42.8522800" lon="-1.5836200">
        <ele>458.2</ele>
      </trkpt>
      <trkpt lat="42.8524100" lon="-1.5837000">
        <ele>459.9</ele>
      </trkpt>
      <trkpt lat="42.8524100" lon="-1.5837600">
        <ele>461.3</ele>
      </trkpt>
      <trkpt lat="42.8524300" lon="-1.5837600">
        <ele>462.6</ele>
      </trkpt>
      <trkpt lat="42.8524200" lon="-1.5838400">
        <ele>463.7</ele>
      </trkpt>
      <trkpt lat="42.8524100" lon="-1.5839500">
        <ele>464.5</ele>
      </trkpt>
      <trkpt lat="42.8524100" lon="-1.5840100">
        <ele>465.2</ele>
      </trkpt>
      <trkpt lat="42.8524100" lon="-1.5840600">
        <ele>465.8</ele>
      </trkpt>
      <trkpt lat="42.8524000" lon="-1.5841500">
        <ele>466.3</ele>
      </trkpt>
      <trkpt lat="42.8523800" lon="-1.5842400">
        <ele>466.7</ele>
      </trkpt>
      <trkpt lat="42.8523500" lon="-1.5843100">
        <ele>467.1</ele>
      </trkpt>
      <trkpt lat="42.8523100" lon="-1.5843900">
        <ele>467.5</ele>
      </trkpt>
      <trkpt lat="42.8523100" lon="-1.5844300">
        <ele>468.0</ele>
      </trkpt>
      <trkpt lat="42.8523400" lon="-1.5844600">
        <ele>468.8</ele>
      </trkpt>
      <trkpt lat="42.8521400" lon="-1.5848000">
        <ele>469.8</ele>
      </trkpt>
      <trkpt lat="42.8521200" lon="-1.5848600">
        <ele>471.2</ele>
      </trkpt>
      <trkpt lat="42.8521000" lon="-1.5849200">
        <ele>472.9</ele>
      </trkpt>
      <trkpt lat="42.8520700" lon="-1.5850300">
        <ele>474.9</ele>
      </trkpt>
      <trkpt lat="42.8520500" lon="-1.5851300">
        <ele>476.9</ele>
      </trkpt>
      <trkpt lat="42.8520100" lon="-1.5852200">
        <ele>478.9</ele>
      </trkpt>
      <trkpt lat="42.8519400" lon="-1.5852900">
        <ele>480.7</ele>
      </trkpt>
      <trkpt lat="42.8518800" lon="-1.5854100">
        <ele>482.1</ele>
      </trkpt>
      <trkpt lat="42.8518300" lon="-1.5854900">
        <ele>482.8</ele>
      </trkpt>
      <trkpt lat="42.8513200" lon="-1.5857700">
        <ele>482.8</ele>
      </trkpt>
      <trkpt lat="42.8511200" lon="-1.5861900">
        <ele>482.2</ele>
      </trkpt>
      <trkpt lat="42.8509500" lon="-1.5857800">
        <ele>480.6</ele>
      </trkpt>
      <trkpt lat="42.8508700" lon="-1.5857400">
        <ele>478.4</ele>
      </trkpt>
      <trkpt lat="42.8507800" lon="-1.5857900">
        <ele>476.0</ele>
      </trkpt>
      <trkpt lat="42.8505000" lon="-1.5856400">
        <ele>473.5</ele>
      </trkpt>
      <trkpt lat="42.8503700" lon="-1.5856900">
        <ele>471.4</ele>
      </trkpt>
      <trkpt lat="42.8498500" lon="-1.5855700">
        <ele>469.6</ele>
      </trkpt>
      <trkpt lat="42.8494700" lon="-1.5857900">
        <ele>468.4</ele>
      </trkpt>
      <trkpt lat="42.8489700" lon="-1.5861700">
        <ele>467.5</ele>
      </trkpt>
      <trkpt lat="42.8484800" lon="-1.5866500">
        <ele>467.0</ele>
      </trkpt>
      <trkpt lat="42.8477300" lon="-1.5871600">
        <ele>466.9</ele>
      </trkpt>
      <trkpt lat="42.8474500" lon="-1.5872400">
        <ele>467.4</ele>
      </trkpt>
      <trkpt lat="42.8470500" lon="-1.5875400">
        <ele>468.4</ele>
      </trkpt>
      <trkpt lat="42.8466400" lon="-1.5878400">
        <ele>470.2</ele>
      </trkpt>
      <trkpt lat="42.8461500" lon="-1.5881300">
        <ele>472.2</ele>
      </trkpt>
      <trkpt lat="42.8456600" lon="-1.5884200">
        <ele>474.0</ele>
      </trkpt>
      <trkpt lat="42.8454400" lon="-1.5884900">
        <ele>475.5</ele>
      </trkpt>
      <trkpt lat="42.8451300" lon="-1.5887600">
        <ele>476.5</ele>
      </trkpt>
      <trkpt lat="42.8446500" lon="-1.5890000">
        <ele>476.4</ele>
      </trkpt>
      <trkpt lat="42.8441700" lon="-1.5892300">
        <ele>475.8</ele>
      </trkpt>
      <trkpt lat="42.8439500" lon="-1.5894300">
        <ele>475.1</ele>
      </trkpt>
      <trkpt lat="42.8437600" lon="-1.5899100">
        <ele>474.3</ele>
      </trkpt>
      <trkpt lat="42.8433400" lon="-1.5899900">
        <ele>473.3</ele>
      </trkpt>
      <trkpt lat="42.8429700" lon="-1.5899800">
        <ele>472.9</ele>
      </trkpt>
      <trkpt lat="42.8424000" lon="-1.5902200">
        <ele>472.8</ele>
      </trkpt>
      <trkpt lat="42.8420000" lon="-1.5905400">
        <ele>473.0</ele>
      </trkpt>
      <trkpt lat="42.8416100" lon="-1.5908600">
        <ele>473.5</ele>
      </trkpt>
      <trkpt lat="42.8412100" lon="-1.5911800">
        <ele>474.0</ele>
      </trkpt>
      <trkpt lat="42.8409900" lon="-1.5915400">
        <ele>474.6</ele>
      </trkpt>
      <trkpt lat="42.8408700" lon="-1.5920400">
        <ele>475.1</ele>
      </trkpt>
      <trkpt lat="42.8408100" lon="-1.5921100">
        <ele>475.3</ele>
      </trkpt>
      <trkpt lat="42.8399400" lon="-1.5921100">
        <ele>475.3</ele>
      </trkpt>
      <trkpt lat="42.8395800" lon="-1.5922500">
        <ele>475.3</ele>
      </trkpt>
      <trkpt lat="42.8392800" lon="-1.5920700">
        <ele>475.1</ele>
      </trkpt>
      <trkpt lat="42.8392300" lon="-1.5919400">
        <ele>475.3</ele>
      </trkpt>
      <trkpt lat="42.8391400" lon="-1.5918800">
        <ele>476.2</ele>
      </trkpt>
      <trkpt lat="42.8391000" lon="-1.5920000">
        <ele>478.1</ele>
      </trkpt>
      <trkpt lat="42.8388600" lon="-1.5920000">
        <ele>480.8</ele>
      </trkpt>
      <trkpt lat="42.8385500" lon="-1.5930100">
        <ele>484.6</ele>
      </trkpt>
      <trkpt lat="42.8384500" lon="-1.5936200">
        <ele>488.1</ele>
      </trkpt>
      <trkpt lat="42.8383500" lon="-1.5942300">
        <ele>490.7</ele>
      </trkpt>
      <trkpt lat="42.8383300" lon="-1.5949200">
        <ele>491.8</ele>
      </trkpt>
      <trkpt lat="42.8383200" lon="-1.5956000">
        <ele>491.2</ele>
      </trkpt>
      <trkpt lat="42.8383000" lon="-1.5962900">
        <ele>488.7</ele>
      </trkpt>
      <trkpt lat="42.8383500" lon="-1.5972000">
        <ele>484.7</ele>
      </trkpt>
      <trkpt lat="42.8384000" lon="-1.5981100">
        <ele>480.0</ele>
      </trkpt>
      <trkpt lat="42.8383000" lon="-1.5987400">
        <ele>475.4</ele>
      </trkpt>
      <trkpt lat="42.8382000" lon="-1.5993700">
        <ele>471.1</ele>
      </trkpt>
      <trkpt lat="42.8379100" lon="-1.6004700">
        <ele>467.3</ele>
      </trkpt>
      <trkpt lat="42.8376400" lon="-1.6010600">
        <ele>463.9</ele>
      </trkpt>
      <trkpt lat="42.8373700" lon="-1.6016500">
        <ele>460.4</ele>
      </trkpt>
      <trkpt lat="42.8370900" lon="-1.6022400">
        <ele>456.3</ele>
      </trkpt>
      <trkpt lat="42.8368200" lon="-1.6028300">
        <ele>451.7</ele>
      </trkpt>
      <trkpt lat="42.8365900" lon="-1.6031100">
        <ele>446.9</ele>
      </trkpt>
      <trkpt lat="42.8361100" lon="-1.6034200">
        <ele>442.6</ele>
      </trkpt>
      <trkpt lat="42.8361400" lon="-1.6042800">
        <ele>439.3</ele>
      </trkpt>
      <trkpt lat="42.8360000" lon="-1.6042800">
        <ele>437.6</ele>
      </trkpt>
      <trkpt lat="42.8359500" lon="-1.6043800">
        <ele>437.3</ele>
      </trkpt>
      <trkpt lat="42.8352000" lon="-1.6048300">
        <ele>437.8</ele>
      </trkpt>
      <trkpt lat="42.8348000" lon="-1.6051400">
        <ele>438.4</ele>
      </trkpt>
      <trkpt lat="42.8343900" lon="-1.6054500">
        <ele>438.6</ele>
      </trkpt>
      <trkpt lat="42.8339900" lon="-1.6058500">
        <ele>438.2</ele>
      </trkpt>
      <trkpt lat="42.8335900" lon="-1.6062400">
        <ele>437.3</ele>
      </trkpt>
      <trkpt lat="42.8331800" lon="-1.6066400">
        <ele>436.6</ele>
      </trkpt>
      <trkpt lat="42.8327800" lon="-1.6070300">
        <ele>436.2</ele>
      </trkpt>
      <trkpt lat="42.8329100" lon="-1.6072700">
        <ele>436.0</ele>
      </trkpt>
      <trkpt lat="42.8326000" lon="-1.6077500">
        <ele>436.0</ele>
      </trkpt>
      <trkpt lat="42.8322900" lon="-1.6082300">
        <ele>436.2</ele>
      </trkpt>
      <trkpt lat="42.8317700" lon="-1.6087300">
        <ele>436.1</ele>
      </trkpt>
      <trkpt lat="42.8312500" lon="-1.6092300">
        <ele>435.8</ele>
      </trkpt>
      <trkpt lat="42.8309800" lon="-1.6093400">
        <ele>435.5</ele>
      </trkpt>
      <trkpt lat="42.8305700" lon="-1.6098700">
        <ele>435.2</ele>
      </trkpt>
      <trkpt lat="42.8304100" lon="-1.6097500">
        <ele>434.9</ele>
      </trkpt>
      <trkpt lat="42.8299900" lon="-1.6103700">
        <ele>434.7</ele>
      </trkpt>
      <trkpt lat="42.8299000" lon="-1.6102900">
        <ele>434.5</ele>
      </trkpt>
      <trkpt lat="42.8298300" lon="-1.6104000">
        <ele>434.1</ele>
      </trkpt>
      <trkpt lat="42.8297000" lon="-1.6103800">
        <ele>433.7</ele>
      </trkpt>
      <trkpt lat="42.8295900" lon="-1.6107200">
        <ele>433.2</ele>
      </trkpt>
      <trkpt lat="42.8292500" lon="-1.6112000">
        <ele>432.6</ele>
      </trkpt>
      <trkpt lat="42.8289200" lon="-1.6116800">
        <ele>432.1</ele>
      </trkpt>
      <trkpt lat="42.8285800" lon="-1.6121600">
        <ele>431.7</ele>
      </trkpt>
      <trkpt lat="42.8282400" lon="-1.6126400">
        <ele>431.6</ele>
      </trkpt>
      <trkpt lat="42.8280700" lon="-1.6127600">
        <ele>431.7</ele>
      </trkpt>
      <trkpt lat="42.8279700" lon="-1.6130300">
        <ele>432.0</ele>
      </trkpt>
      <trkpt lat="42.8276300" lon="-1.6135200">
        <ele>432.7</ele>
      </trkpt>
      <trkpt lat="42.8272900" lon="-1.6140200">
        <ele>433.4</ele>
      </trkpt>
      <trkpt lat="42.8269400" lon="-1.6145100">
        <ele>434.3</ele>
      </trkpt>
      <trkpt lat="42.8266000" lon="-1.6150000">
        <ele>435.3</ele>
      </trkpt>
      <trkpt lat="42.8262600" lon="-1.6154900">
        <ele>436.0</ele>
      </trkpt>
      <trkpt lat="42.8259100" lon="-1.6159900">
        <ele>436.4</ele>
      </trkpt>
      <trkpt lat="42.8255700" lon="-1.6164800">
        <ele>436.3</ele>
      </trkpt>
      <trkpt lat="42.8252300" lon="-1.6169700">
        <ele>435.7</ele>
      </trkpt>
      <trkpt lat="42.8248500" lon="-1.6174100">
        <ele>434.6</ele>
      </trkpt>
      <trkpt lat="42.8244700" lon="-1.6178400">
        <ele>433.3</ele>
      </trkpt>
      <trkpt lat="42.8240900" lon="-1.6182800">
        <ele>432.0</ele>
      </trkpt>
      <trkpt lat="42.8237100" lon="-1.6187100">
        <ele>430.6</ele>
      </trkpt>
      <trkpt lat="42.8233300" lon="-1.6191500">
        <ele>429.5</ele>
      </trkpt>
      <trkpt lat="42.8232100" lon="-1.6192100">
        <ele>428.7</ele>
      </trkpt>
      <trkpt lat="42.8232000" lon="-1.6192200">
        <ele>428.0</ele>
      </trkpt>
      <trkpt lat="42.8231700" lon="-1.6192400">
        <ele>427.5</ele>
      </trkpt>
      <trkpt lat="42.8231400" lon="-1.6192800">
        <ele>427.2</ele>
      </trkpt>
      <trkpt lat="42.8231200" lon="-1.6193500">
        <ele>426.9</ele>
      </trkpt>
      <trkpt lat="42.8230400" lon="-1.6194800">
        <ele>426.6</ele>
      </trkpt>
      <trkpt lat="42.8230100" lon="-1.6194400">
        <ele>426.2</ele>
      </trkpt>
      <trkpt lat="42.8229400" lon="-1.6195200">
        <ele>425.7</ele>
      </trkpt>
      <trkpt lat="42.8227300" lon="-1.6197700">
        <ele>424.9</ele>
      </trkpt>
      <trkpt lat="42.8223600" lon="-1.6201900">
        <ele>424.0</ele>
      </trkpt>
      <trkpt lat="42.8221000" lon="-1.6204800">
        <ele>423.1</ele>
      </trkpt>
      <trkpt lat="42.8216400" lon="-1.6210000">
        <ele>422.1</ele>
      </trkpt>
      <trkpt lat="42.8218900" lon="-1.6214300">
        <ele>421.2</ele>
      </trkpt>
      <trkpt lat="42.8219300" lon="-1.6214900">
        <ele>420.5</ele>
      </trkpt>
      <trkpt lat="42.8219400" lon="-1.6215300">
        <ele>420.0</ele>
      </trkpt>
      <trkpt lat="42.8221800" lon="-1.6219100">
        <ele>419.6</ele>
      </trkpt>
      <trkpt lat="42.8222500" lon="-1.6222700">
        <ele>419.2</ele>
      </trkpt>
      <trkpt lat="42.8222100" lon="-1.6226200">
        <ele>418.9</ele>
      </trkpt>
      <trkpt lat="42.8222700" lon="-1.6230400">
        <ele>418.7</ele>
      </trkpt>
      <trkpt lat="42.8222100" lon="-1.6237000">
        <ele>418.4</ele>
      </trkpt>
      <trkpt lat="42.8221600" lon="-1.6243700">
        <ele>418.3</ele>
      </trkpt>
      <trkpt lat="42.8221000" lon="-1.6250300">
        <ele>418.2</ele>
      </trkpt>
      <trkpt lat="42.8221300" lon="-1.6252900">
        <ele>418.2</ele>
      </trkpt>
      <trkpt lat="42.8219200" lon="-1.6264500">
        <ele>418.2</ele>
      </trkpt>
      <trkpt lat="42.8220400" lon="-1.6267500">
        <ele>418.3</ele>
      </trkpt>
      <trkpt lat="42.8218700" lon="-1.6273700">
        <ele>418.3</ele>
      </trkpt>
      <trkpt lat="42.8217000" lon="-1.6279900">
        <ele>418.5</ele>
      </trkpt>
      <trkpt lat="42.8215200" lon="-1.6286200">
        <ele>418.8</ele>
      </trkpt>
      <trkpt lat="42.8213500" lon="-1.6292400">
        <ele>419.0</ele>
      </trkpt>
      <trkpt lat="42.8211800" lon="-1.6298600">
        <ele>419.1</ele>
      </trkpt>
      <trkpt lat="42.8213300" lon="-1.6309100">
        <ele>419.2</ele>
      </trkpt>
      <trkpt lat="42.8213700" lon="-1.6315800">
        <ele>419.2</ele>
      </trkpt>
      <trkpt lat="42.8214100" lon="-1.6322500">
        <ele>419.2</ele>
      </trkpt>
      <trkpt lat="42.8214400" lon="-1.6329300">
        <ele>419.3</ele>
      </trkpt>
      <trkpt lat="42.8214800" lon="-1.6336000">
        <ele>419.4</ele>
      </trkpt>
      <trkpt lat="42.8215200" lon="-1.6342700">
        <ele>419.3</ele>
      </trkpt>
      <trkpt lat="42.8213300" lon="-1.6349400">
        <ele>418.9</ele>
      </trkpt>
      <trkpt lat="42.8211300" lon="-1.6356000">
        <ele>418.2</ele>
      </trkpt>
      <trkpt lat="42.8209400" lon="-1.6362700">
        <ele>417.6</ele>
      </trkpt>
      <trkpt lat="42.8207100" lon="-1.6374400">
        <ele>417.2</ele>
      </trkpt>
      <trkpt lat="42.8211400" lon="-1.6376500">
        <ele>417.5</ele>
      </trkpt>
      <trkpt lat="42.8207800" lon="-1.6385500">
        <ele>418.5</ele>
      </trkpt>
      <trkpt lat="42.8208000" lon="-1.6391000">
        <ele>420.4</ele>
      </trkpt>
      <trkpt lat="42.8208700" lon="-1.6392700">
        <ele>422.5</ele>
      </trkpt>
      <trkpt lat="42.8209600" lon="-1.6393200">
        <ele>424.4</ele>
      </trkpt>
      <trkpt lat="42.8209200" lon="-1.6395500">
        <ele>425.8</ele>
      </trkpt>
      <trkpt lat="42.8212900" lon="-1.6400800">
        <ele>427.0</ele>
      </trkpt>
      <trkpt lat="42.8218300" lon="-1.6403200">
        <ele>427.6</ele>
      </trkpt>
      <trkpt lat="42.8218900" lon="-1.6406200">
        <ele>428.4</ele>
      </trkpt>
      <trkpt lat="42.8217100" lon="-1.6412700">
        <ele>429.5</ele>
      </trkpt>
      <trkpt lat="42.8215200" lon="-1.6419200">
        <ele>430.9</ele>
      </trkpt>
      <trkpt lat="42.8213900" lon="-1.6422100">
        <ele>432.4</ele>
      </trkpt>
      <trkpt lat="42.8212900" lon="-1.6422100">
        <ele>434.3</ele>
      </trkpt>
      <trkpt lat="42.8212000" lon="-1.6423100">
        <ele>436.5</ele>
      </trkpt>
      <trkpt lat="42.8211300" lon="-1.6425100">
        <ele>439.2</ele>
      </trkpt>
      <trkpt lat="42.8210600" lon="-1.6432700">
        <ele>442.1</ele>
      </trkpt>
      <trkpt lat="42.8208100" lon="-1.6432800">
        <ele>445.7</ele>
      </trkpt>
      <trkpt lat="42.8202900" lon="-1.6431100">
        <ele>449.3</ele>
      </trkpt>
      <trkpt lat="42.8195500" lon="-1.6430700">
        <ele>452.2</ele>
      </trkpt>
      <trkpt lat="42.8188600" lon="-1.6428000">
        <ele>454.5</ele>
      </trkpt>
      <trkpt lat="42.8187500" lon="-1.6427100">
        <ele>456.1</ele>
      </trkpt>
      <trkpt lat="42.8184700" lon="-1.6430000">
        <ele>457.0</ele>
      </trkpt>
      <trkpt lat="42.8182500" lon="-1.6440400">
        <ele>457.6</ele>
      </trkpt>
      <trkpt lat="42.8181100" lon="-1.6442500">
        <ele>458.2</ele>
      </trkpt>
      <trkpt lat="42.8180500" lon="-1.6446400">
        <ele>458.8</ele>
      </trkpt>
      <trkpt lat="42.8179100" lon="-1.6446600">
        <ele>459.3</ele>
      </trkpt>
      <trkpt lat="42.8177600" lon="-1.6448400">
        <ele>459.5</ele>
      </trkpt>
      <trkpt lat="42.8175200" lon="-1.6454400">
        <ele>459.3</ele>
      </trkpt>
      <trkpt lat="42.8172700" lon="-1.6460400">
        <ele>458.8</ele>
      </trkpt>
      <trkpt lat="42.8170300" lon="-1.6466300">
        <ele>458.0</ele>
      </trkpt>
      <trkpt lat="42.8167800" lon="-1.6472300">
        <ele>457.0</ele>
      </trkpt>
      <trkpt lat="42.8167400" lon="-1.6474400">
        <ele>456.0</ele>
      </trkpt>
      <trkpt lat="42.8169600" lon="-1.6481300">
        <ele>454.8</ele>
      </trkpt>
      <trkpt lat="42.8171700" lon="-1.6488200">
        <ele>453.6</ele>
      </trkpt>
      <trkpt lat="42.8168700" lon="-1.6495700">
        <ele>452.4</ele>
      </trkpt>
      <trkpt lat="42.8168000" lon="-1.6495100">
        <ele>451.4</ele>
      </trkpt>
      <trkpt lat="42.8164100" lon="-1.6500400">
        <ele>450.5</ele>
      </trkpt>
      <trkpt lat="42.8160100" lon="-1.6505800">
        <ele>450.1</ele>
      </trkpt>
      <trkpt lat="42.8156200" lon="-1.6511100">
        <ele>450.0</ele>
      </trkpt>
      <trkpt lat="42.8154700" lon="-1.6515100">
        <ele>450.3</ele>
      </trkpt>
      <trkpt lat="42.8149800" lon="-1.6522100">
        <ele>450.7</ele>
      </trkpt>
      <trkpt lat="42.8145300" lon="-1.6527300">
        <ele>451.3</ele>
      </trkpt>
      <trkpt lat="42.8145900" lon="-1.6529200">
        <ele>451.8</ele>
      </trkpt>
      <trkpt lat="42.8143600" lon="-1.6531000">
        <ele>452.3</ele>
      </trkpt>
      <trkpt lat="42.8140500" lon="-1.6525300">
        <ele>452.6</ele>
      </trkpt>
      <trkpt lat="42.8134800" lon="-1.6527600">
        <ele>452.7</ele>
      </trkpt>
      <trkpt lat="42.8129000" lon="-1.6530000">
        <ele>452.6</ele>
      </trkpt>
      <trkpt lat="42.8123300" lon="-1.6532300">
        <ele>452.3</ele>
      </trkpt>
      <trkpt lat="42.8118800" lon="-1.6530900">
        <ele>452.0</ele>
      </trkpt>
      <trkpt lat="42.8114300" lon="-1.6529500">
        <ele>451.8</ele>
      </trkpt>
      <trkpt lat="42.8109800" lon="-1.6528100">
        <ele>452.0</ele>
      </trkpt>
      <trkpt lat="42.8105300" lon="-1.6526700">
        <ele>452.4</ele>
      </trkpt>
      <trkpt lat="42.8099000" lon="-1.6529800">
        <ele>453.1</ele>
      </trkpt>
      <trkpt lat="42.8092600" lon="-1.6532800">
        <ele>453.9</ele>
      </trkpt>
      <trkpt lat="42.8091400" lon="-1.6534800">
        <ele>454.5</ele>
      </trkpt>
      <trkpt lat="42.8092500" lon="-1.6538700">
        <ele>454.8</ele>
      </trkpt>
      <trkpt lat="42.8091600" lon="-1.6539300">
        <ele>455.0</ele>
      </trkpt>
      <trkpt lat="42.8090100" lon="-1.6536200">
        <ele>455.1</ele>
      </trkpt>
      <trkpt lat="42.8088000" lon="-1.6538600">
        <ele>454.9</ele>
      </trkpt>
      <trkpt lat="42.8084700" lon="-1.6544000">
        <ele>454.6</ele>
      </trkpt>
      <trkpt lat="42.8081500" lon="-1.6549400">
        <ele>454.2</ele>
      </trkpt>
      <trkpt lat="42.8078200" lon="-1.6554800">
        <ele>453.5</ele>
      </trkpt>
      <trkpt lat="42.8074900" lon="-1.6560200">
        <ele>452.7</ele>
      </trkpt>
      <trkpt lat="42.8071700" lon="-1.6565600">
        <ele>452.0</ele>
      </trkpt>
      <trkpt lat="42.8068400" lon="-1.6571000">
        <ele>451.4</ele>
      </trkpt>
      <trkpt lat="42.8068500" lon="-1.6572100">
        <ele>450.9</ele>
      </trkpt>
      <trkpt lat="42.8069800" lon="-1.6574000">
        <ele>450.4</ele>
      </trkpt>
      <trkpt lat="42.8069100" lon="-1.6574900">
        <ele>450.0</ele>
      </trkpt>
      <trkpt lat="42.8067300" lon="-1.6573100">
        <ele>449.5</ele>
      </trkpt>
      <trkpt lat="42.8063600" lon="-1.6581100">
        <ele>448.9</ele>
      </trkpt>
      <trkpt lat="42.8063500" lon="-1.6581500">
        <ele>448.5</ele>
      </trkpt>
      <trkpt lat="42.8063600" lon="-1.6582200">
        <ele>448.2</ele>
      </trkpt>
      <trkpt lat="42.8063500" lon="-1.6582700">
        <ele>447.9</ele>
      </trkpt>
      <trkpt lat="42.8063300" lon="-1.6583100">
        <ele>447.8</ele>
      </trkpt>
      <trkpt lat="42.8063000" lon="-1.6583400">
        <ele>447.7</ele>
      </trkpt>
      <trkpt lat="42.8063200" lon="-1.6583900">
        <ele>447.5</ele>
      </trkpt>
      <trkpt lat="42.8062700" lon="-1.6584200">
        <ele>447.2</ele>
      </trkpt>
      <trkpt lat="42.8062100" lon="-1.6585600">
        <ele>446.7</ele>
      </trkpt>
      <trkpt lat="42.8055900" lon="-1.6593800">
        <ele>446.0</ele>
      </trkpt>
      <trkpt lat="42.8054400" lon="-1.6595800">
        <ele>445.0</ele>
      </trkpt>
      <trkpt lat="42.8054000" lon="-1.6595100">
        <ele>443.8</ele>
      </trkpt>
      <trkpt lat="42.8051700" lon="-1.6598000">
        <ele>442.4</ele>
      </trkpt>
      <trkpt lat="42.8050800" lon="-1.6599100">
        <ele>441.0</ele>
      </trkpt>
      <trkpt lat="42.8048400" lon="-1.6601600">
        <ele>439.5</ele>
      </trkpt>
      <trkpt lat="42.8048200" lon="-1.6601200">
        <ele>438.1</ele>
      </trkpt>
      <trkpt lat="42.8047500" lon="-1.6599900">
        <ele>436.8</ele>
      </trkpt>
      <trkpt lat="42.8046300" lon="-1.6600400">
        <ele>435.6</ele>
      </trkpt>
      <trkpt lat="42.8046400" lon="-1.6600500">
        <ele>434.4</ele>
      </trkpt>
      <trkpt lat="42.8044000" lon="-1.6601800">
        <ele>433.2</ele>
      </trkpt>
      <trkpt lat="42.8043600" lon="-1.6604700">
        <ele>431.8</ele>
      </trkpt>
      <trkpt lat="42.8039100" lon="-1.6608500">
        <ele>430.2</ele>
      </trkpt>
      <trkpt lat="42.8034500" lon="-1.6612200">
        <ele>428.3</ele>
      </trkpt>
      <trkpt lat="42.8030000" lon="-1.6616000">
        <ele>426.1</ele>
      </trkpt>
      <trkpt lat="42.8025200" lon="-1.6620900">
        <ele>423.7</ele>
      </trkpt>
      <trkpt lat="42.8022100" lon="-1.6625300">
        <ele>421.4</ele>
      </trkpt>
      <trkpt lat="42.8018900" lon="-1.6629700">
        <ele>419.5</ele>
      </trkpt>
      <trkpt lat="42.8016100" lon="-1.6632100">
        <ele>418.1</ele>
      </trkpt>
      <trkpt lat="42.8015800" lon="-1.6631800">
        <ele>417.1</ele>
      </trkpt>
      <trkpt lat="42.8014700" lon="-1.6632500">
        <ele>416.5</ele>
      </trkpt>
      <trkpt lat="42.8014900" lon="-1.6633700">
        <ele>416.2</ele>
      </trkpt>
      <trkpt lat="42.8014400" lon="-1.6634600">
        <ele>415.9</ele>
      </trkpt>
      <trkpt lat="42.8015400" lon="-1.6637000">
        <ele>415.7</ele>
      </trkpt>
      <trkpt lat="42.8013800" lon="-1.6643900">
        <ele>415.4</ele>
      </trkpt>
      <trkpt lat="42.8012200" lon="-1.6650900">
        <ele>415.1</ele>
      </trkpt>
      <trkpt lat="42.8008600" lon="-1.6652000">
        <ele>414.9</ele>
      </trkpt>
      <trkpt lat="42.8008100" lon="-1.6652600">
        <ele>414.6</ele>
      </trkpt>
      <trkpt lat="42.8008300" lon="-1.6654000">
        <ele>414.3</ele>
      </trkpt>
      <trkpt lat="42.8005300" lon="-1.6654200">
        <ele>413.9</ele>
      </trkpt>
      <trkpt lat="42.7998300" lon="-1.6659100">
        <ele>413.4</ele>
      </trkpt>
      <trkpt lat="42.7996700" lon="-1.6658900">
        <ele>412.8</ele>
      </trkpt>
      <trkpt lat="42.7991200" lon="-1.6662000">
        <ele>412.3</ele>
      </trkpt>
      <trkpt lat="42.7985700" lon="-1.6665000">
        <ele>411.8</ele>
      </trkpt>
      <trkpt lat="42.7981900" lon="-1.6668500">
        <ele>411.5</ele>
      </trkpt>
      <trkpt lat="42.7978000" lon="-1.6671900">
        <ele>411.4</ele>
      </trkpt>
      <trkpt lat="42.7974200" lon="-1.6679000">
        <ele>411.6</ele>
      </trkpt>
      <trkpt lat="42.7970100" lon="-1.6684600">
        <ele>411.9</ele>
      </trkpt>
      <trkpt lat="42.7965500" lon="-1.6688300">
        <ele>412.3</ele>
      </trkpt>
      <trkpt lat="42.7960900" lon="-1.6691900">
        <ele>412.8</ele>
      </trkpt>
      <trkpt lat="42.7958400" lon="-1.6695700">
        <ele>413.4</ele>
      </trkpt>
      <trkpt lat="42.7956300" lon="-1.6700500">
        <ele>414.1</ele>
      </trkpt>
      <trkpt lat="42.7954500" lon="-1.6706500">
        <ele>414.8</ele>
      </trkpt>
      <trkpt lat="42.7952700" lon="-1.6712500">
        <ele>415.6</ele>
      </trkpt>
      <trkpt lat="42.7950400" lon="-1.6716600">
        <ele>416.4</ele>
      </trkpt>
      <trkpt lat="42.7945900" lon="-1.6722100">
        <ele>417.3</ele>
      </trkpt>
      <trkpt lat="42.7941400" lon="-1.6727600">
        <ele>418.1</ele>
      </trkpt>
      <trkpt lat="42.7940200" lon="-1.6729500">
        <ele>418.8</ele>
      </trkpt>
      <trkpt lat="42.7940200" lon="-1.6731400">
        <ele>419.6</ele>
      </trkpt>
      <trkpt lat="42.7939500" lon="-1.6732100">
        <ele>420.5</ele>
      </trkpt>
      <trkpt lat="42.7938300" lon="-1.6731300">
        <ele>421.6</ele>
      </trkpt>
      <trkpt lat="42.7936400" lon="-1.6731600">
        <ele>423.2</ele>
      </trkpt>
      <trkpt lat="42.7934000" lon="-1.6733200">
        <ele>425.2</ele>
      </trkpt>
      <trkpt lat="42.7928000" lon="-1.6735900">
        <ele>428.0</ele>
      </trkpt>
      <trkpt lat="42.7922000" lon="-1.6738600">
        <ele>431.5</ele>
      </trkpt>
      <trkpt lat="42.7916700" lon="-1.6742200">
        <ele>435.8</ele>
      </trkpt>
      <trkpt lat="42.7911300" lon="-1.6745800">
        <ele>440.9</ele>
      </trkpt>
      <trkpt lat="42.7902800" lon="-1.6749700">
        <ele>446.5</ele>
      </trkpt>
      <trkpt lat="42.7898000" lon="-1.6750600">
        <ele>452.1</ele>
      </trkpt>
      <trkpt lat="42.7893100" lon="-1.6751500">
        <ele>457.2</ele>
      </trkpt>
      <trkpt lat="42.7886500" lon="-1.6751700">
        <ele>461.2</ele>
      </trkpt>
      <trkpt lat="42.7886500" lon="-1.6751000">
        <ele>464.0</ele>
      </trkpt>
      <trkpt lat="42.7883500" lon="-1.6751800">
        <ele>465.5</ele>
      </trkpt>
      <trkpt lat="42.7878500" lon="-1.6760700">
        <ele>466.0</ele>
      </trkpt>
      <trkpt lat="42.7877800" lon="-1.6760900">
        <ele>465.8</ele>
      </trkpt>
      <trkpt lat="42.7877800" lon="-1.6762000">
        <ele>465.1</ele>
      </trkpt>
      <trkpt lat="42.7873500" lon="-1.6764800">
        <ele>464.1</ele>
      </trkpt>
      <trkpt lat="42.7869200" lon="-1.6767700">
        <ele>462.9</ele>
      </trkpt>
      <trkpt lat="42.7864900" lon="-1.6770500">
        <ele>461.5</ele>
      </trkpt>
      <trkpt lat="42.7863300" lon="-1.6770800">
        <ele>459.7</ele>
      </trkpt>
      <trkpt lat="42.7861200" lon="-1.6777400">
        <ele>457.7</ele>
      </trkpt>
      <trkpt lat="42.7859100" lon="-1.6783900">
        <ele>455.4</ele>
      </trkpt>
      <trkpt lat="42.7854400" lon="-1.6788600">
        <ele>452.8</ele>
      </trkpt>
      <trkpt lat="42.7849800" lon="-1.6793200">
        <ele>450.0</ele>
      </trkpt>
      <trkpt lat="42.7845100" lon="-1.6797900">
        <ele>447.2</ele>
      </trkpt>
      <trkpt lat="42.7845500" lon="-1.6798700">
        <ele>444.5</ele>
      </trkpt>
      <trkpt lat="42.7841700" lon="-1.6803300">
        <ele>441.9</ele>
      </trkpt>
      <trkpt lat="42.7835200" lon="-1.6807900">
        <ele>439.7</ele>
      </trkpt>
      <trkpt lat="42.7831300" lon="-1.6811300">
        <ele>437.9</ele>
      </trkpt>
      <trkpt lat="42.7827400" lon="-1.6814600">
        <ele>436.6</ele>
      </trkpt>
      <trkpt lat="42.7823300" lon="-1.6821000">
        <ele>435.8</ele>
      </trkpt>
      <trkpt lat="42.7818200" lon="-1.6826500">
        <ele>435.6</ele>
      </trkpt>
      <trkpt lat="42.7813900" lon="-1.6836600">
        <ele>436.0</ele>
      </trkpt>
      <trkpt lat="42.7810500" lon="-1.6842500">
        <ele>436.6</ele>
      </trkpt>
      <trkpt lat="42.7807100" lon="-1.6848500">
        <ele>437.6</ele>
      </trkpt>
      <trkpt lat="42.7803700" lon="-1.6854500">
        <ele>438.7</ele>
      </trkpt>
      <trkpt lat="42.7800300" lon="-1.6860400">
        <ele>439.9</ele>
      </trkpt>
      <trkpt lat="42.7796900" lon="-1.6864800">
        <ele>440.9</ele>
      </trkpt>
      <trkpt lat="42.7793500" lon="-1.6869200">
        <ele>441.8</ele>
      </trkpt>
      <trkpt lat="42.7790200" lon="-1.6873700">
        <ele>442.5</ele>
      </trkpt>
      <trkpt lat="42.7786800" lon="-1.6878100">
        <ele>443.0</ele>
      </trkpt>
      <trkpt lat="42.7783400" lon="-1.6882500">
        <ele>443.4</ele>
      </trkpt>
      <trkpt lat="42.7781700" lon="-1.6888400">
        <ele>443.9</ele>
      </trkpt>
      <trkpt lat="42.7781600" lon="-1.6897900">
        <ele>444.7</ele>
      </trkpt>
      <trkpt lat="42.7777100" lon="-1.6900200">
        <ele>446.0</ele>
      </trkpt>
      <trkpt lat="42.7772600" lon="-1.6902400">
        <ele>447.7</ele>
      </trkpt>
      <trkpt lat="42.7768200" lon="-1.6904700">
        <ele>449.9</ele>
      </trkpt>
      <trkpt lat="42.7763700" lon="-1.6907000">
        <ele>452.4</ele>
      </trkpt>
      <trkpt lat="42.7759200" lon="-1.6909200">
        <ele>455.1</ele>
      </trkpt>
      <trkpt lat="42.7754700" lon="-1.6911500">
        <ele>457.9</ele>
      </trkpt>
      <trkpt lat="42.7750800" lon="-1.6915000">
        <ele>460.7</ele>
      </trkpt>
      <trkpt lat="42.7746100" lon="-1.6921000">
        <ele>463.5</ele>
      </trkpt>
      <trkpt lat="42.7743200" lon="-1.6923800">
        <ele>466.2</ele>
      </trkpt>
      <trkpt lat="42.7739700" lon="-1.6928500">
        <ele>468.9</ele>
      </trkpt>
      <trkpt lat="42.7736100" lon="-1.6933200">
        <ele>471.6</ele>
      </trkpt>
      <trkpt lat="42.7732600" lon="-1.6937900">
        <ele>474.3</ele>
      </trkpt>
      <trkpt lat="42.7727600" lon="-1.6941500">
        <ele>477.0</ele>
      </trkpt>
      <trkpt lat="42.7727000" lon="-1.6943800">
        <ele>479.8</ele>
      </trkpt>
      <trkpt lat="42.7723700" lon="-1.6948600">
        <ele>482.8</ele>
      </trkpt>
      <trkpt lat="42.7720300" lon="-1.6953400">
        <ele>485.7</ele>
      </trkpt>
      <trkpt lat="42.7717400" lon="-1.6959800">
        <ele>488.4</ele>
      </trkpt>
      <trkpt lat="42.7714500" lon="-1.6966100">
        <ele>490.8</ele>
      </trkpt>
      <trkpt lat="42.7713500" lon="-1.6969700">
        <ele>492.4</ele>
      </trkpt>
      <trkpt lat="42.7712600" lon="-1.6977200">
        <ele>493.4</ele>
      </trkpt>
      <trkpt lat="42.7711400" lon="-1.6980300">
        <ele>493.5</ele>
      </trkpt>
      <trkpt lat="42.7707900" lon="-1.6986100">
        <ele>493.0</ele>
      </trkpt>
      <trkpt lat="42.7704300" lon="-1.6991800">
        <ele>492.0</ele>
      </trkpt>
      <trkpt lat="42.7700500" lon="-1.6995600">
        <ele>491.1</ele>
      </trkpt>
      <trkpt lat="42.7696800" lon="-1.6999400">
        <ele>490.3</ele>
      </trkpt>
      <trkpt lat="42.7693000" lon="-1.7003100">
        <ele>489.9</ele>
      </trkpt>
      <trkpt lat="42.7689200" lon="-1.7006900">
        <ele>489.9</ele>
      </trkpt>
      <trkpt lat="42.7684200" lon="-1.7009800">
        <ele>490.3</ele>
      </trkpt>
      <trkpt lat="42.7679300" lon="-1.7012800">
        <ele>490.8</ele>
      </trkpt>
      <trkpt lat="42.7674300" lon="-1.7015700">
        <ele>491.3</ele>
      </trkpt>
      <trkpt lat="42.7670800" lon="-1.7020300">
        <ele>491.7</ele>
      </trkpt>
      <trkpt lat="42.7667200" lon="-1.7024900">
        <ele>491.7</ele>
      </trkpt>
      <trkpt lat="42.7664300" lon="-1.7030400">
        <ele>491.5</ele>
      </trkpt>
      <trkpt lat="42.7661400" lon="-1.7035900">
        <ele>491.2</ele>
      </trkpt>
      <trkpt lat="42.7658600" lon="-1.7041300">
        <ele>490.9</ele>
      </trkpt>
      <trkpt lat="42.7655700" lon="-1.7046800">
        <ele>490.8</ele>
      </trkpt>
      <trkpt lat="42.7652800" lon="-1.7052300">
        <ele>491.1</ele>
      </trkpt>
      <trkpt lat="42.7651200" lon="-1.7058900">
        <ele>491.8</ele>
      </trkpt>
      <trkpt lat="42.7649600" lon="-1.7065500">
        <ele>493.2</ele>
      </trkpt>
      <trkpt lat="42.7648000" lon="-1.7072100">
        <ele>494.9</ele>
      </trkpt>
      <trkpt lat="42.7644600" lon="-1.7078800">
        <ele>497.0</ele>
      </trkpt>
      <trkpt lat="42.7643500" lon="-1.7080600">
        <ele>499.0</ele>
      </trkpt>
      <trkpt lat="42.7639500" lon="-1.7084500">
        <ele>500.9</ele>
      </trkpt>
      <trkpt lat="42.7635600" lon="-1.7088300">
        <ele>502.3</ele>
      </trkpt>
      <trkpt lat="42.7631600" lon="-1.7092200">
        <ele>503.7</ele>
      </trkpt>
      <trkpt lat="42.7629900" lon="-1.7100600">
        <ele>505.2</ele>
      </trkpt>
      <trkpt lat="42.7629000" lon="-1.7102100">
        <ele>507.0</ele>
      </trkpt>
      <trkpt lat="42.7626500" lon="-1.7103900">
        <ele>508.9</ele>
      </trkpt>
      <trkpt lat="42.7624000" lon="-1.7108600">
        <ele>511.4</ele>
      </trkpt>
      <trkpt lat="42.7619900" lon="-1.7113200">
        <ele>514.2</ele>
      </trkpt>
      <trkpt lat="42.7615600" lon="-1.7122400">
        <ele>517.1</ele>
      </trkpt>
      <trkpt lat="42.7613800" lon="-1.7124800">
        <ele>520.3</ele>
      </trkpt>
      <trkpt lat="42.7607500" lon="-1.7129800">
        <ele>523.6</ele>
      </trkpt>
      <trkpt lat="42.7600400" lon="-1.7132900">
        <ele>527.1</ele>
      </trkpt>
      <trkpt lat="42.7596000" lon="-1.7135300">
        <ele>530.6</ele>
      </trkpt>
      <trkpt lat="42.7591600" lon="-1.7137700">
        <ele>534.0</ele>
      </trkpt>
      <trkpt lat="42.7587200" lon="-1.7140100">
        <ele>537.5</ele>
      </trkpt>
      <trkpt lat="42.7582700" lon="-1.7142600">
        <ele>540.7</ele>
      </trkpt>
      <trkpt lat="42.7578300" lon="-1.7145000">
        <ele>543.6</ele>
      </trkpt>
      <trkpt lat="42.7573900" lon="-1.7147400">
        <ele>546.0</ele>
      </trkpt>
      <trkpt lat="42.7569500" lon="-1.7149800">
        <ele>547.8</ele>
      </trkpt>
      <trkpt lat="42.7564900" lon="-1.7153500">
        <ele>549.4</ele>
      </trkpt>
      <trkpt lat="42.7560200" lon="-1.7157100">
        <ele>551.4</ele>
      </trkpt>
      <trkpt lat="42.7555600" lon="-1.7160800">
        <ele>554.2</ele>
      </trkpt>
      <trkpt lat="42.7551800" lon="-1.7164300">
        <ele>558.0</ele>
      </trkpt>
      <trkpt lat="42.7548000" lon="-1.7167800">
        <ele>563.0</ele>
      </trkpt>
      <trkpt lat="42.7544100" lon="-1.7171300">
        <ele>569.0</ele>
      </trkpt>
      <trkpt lat="42.7540300" lon="-1.7174800">
        <ele>575.4</ele>
      </trkpt>
      <trkpt lat="42.7538200" lon="-1.7176000">
        <ele>581.6</ele>
      </trkpt>
      <trkpt lat="42.7533300" lon="-1.7181000">
        <ele>587.3</ele>
      </trkpt>
      <trkpt lat="42.7525000" lon="-1.7184200">
        <ele>592.0</ele>
      </trkpt>
      <trkpt lat="42.7522900" lon="-1.7185900">
        <ele>595.1</ele>
      </trkpt>
      <trkpt lat="42.7518500" lon="-1.7191500">
        <ele>597.0</ele>
      </trkpt>
      <trkpt lat="42.7512800" lon="-1.7196800">
        <ele>597.9</ele>
      </trkpt>
      <trkpt lat="42.7505000" lon="-1.7198900">
        <ele>598.5</ele>
      </trkpt>
      <trkpt lat="42.7502200" lon="-1.7197600">
        <ele>599.4</ele>
      </trkpt>
      <trkpt lat="42.7500500" lon="-1.7197500">
        <ele>601.2</ele>
      </trkpt>
      <trkpt lat="42.7498900" lon="-1.7198400">
        <ele>603.8</ele>
      </trkpt>
      <trkpt lat="42.7495700" lon="-1.7204100">
        <ele>607.1</ele>
      </trkpt>
      <trkpt lat="42.7492600" lon="-1.7209800">
        <ele>610.7</ele>
      </trkpt>
      <trkpt lat="42.7489400" lon="-1.7215400">
        <ele>613.9</ele>
      </trkpt>
      <trkpt lat="42.7486300" lon="-1.7221100">
        <ele>616.7</ele>
      </trkpt>
      <trkpt lat="42.7483100" lon="-1.7226800">
        <ele>618.5</ele>
      </trkpt>
      <trkpt lat="42.7479400" lon="-1.7230600">
        <ele>617.7</ele>
      </trkpt>
      <trkpt lat="42.7482700" lon="-1.7227300">
        <ele>616.2</ele>
      </trkpt>
      <trkpt lat="42.7489800" lon="-1.7232900">
        <ele>613.0</ele>
      </trkpt>
      <trkpt lat="42.7489100" lon="-1.7233900">
        <ele>598.0</ele>
      </trkpt>
      <trkpt lat="42.7490100" lon="-1.7239500">
        <ele>583.0</ele>
      </trkpt>
      <trkpt lat="42.7522900" lon="-1.7317200">
        <ele>568.3</ele>
      </trkpt>
      <trkpt lat="42.7523200" lon="-1.7319800">
        <ele>554.1</ele>
      </trkpt>
      <trkpt lat="42.7521000" lon="-1.7347700">
        <ele>541.0</ele>
      </trkpt>
      <trkpt lat="42.7516200" lon="-1.7360000">
        <ele>539.4</ele>
      </trkpt>
      <trkpt lat="42.7516300" lon="-1.7361600">
        <ele>537.9</ele>
      </trkpt>
      <trkpt lat="42.7519400" lon="-1.7366900">
        <ele>537.9</ele>
      </trkpt>
      <trkpt lat="42.7520200" lon="-1.7369900">
        <ele>537.3</ele>
      </trkpt>
      <trkpt lat="42.7520200" lon="-1.7375500">
        <ele>535.1</ele>
      </trkpt>
      <trkpt lat="42.7521900" lon="-1.7378800">
        <ele>532.0</ele>
      </trkpt>
      <trkpt lat="42.7532700" lon="-1.7388100">
        <ele>529.4</ele>
      </trkpt>
      <trkpt lat="42.7554500" lon="-1.7397300">
        <ele>525.8</ele>
      </trkpt>
      <trkpt lat="42.7547900" lon="-1.7409300">
        <ele>522.3</ele>
      </trkpt>
      <trkpt lat="42.7515700" lon="-1.7434900">
        <ele>521.3</ele>
      </trkpt>
      <trkpt lat="42.7512500" lon="-1.7438200">
        <ele>523.5</ele>
      </trkpt>
      <trkpt lat="42.7507300" lon="-1.7447800">
        <ele>526.0</ele>
      </trkpt>
      <trkpt lat="42.7504700" lon="-1.7462100">
        <ele>530.4</ele>
      </trkpt>
      <trkpt lat="42.7502400" lon="-1.7470000">
        <ele>536.2</ele>
      </trkpt>
      <trkpt lat="42.7496400" lon="-1.7481200">
        <ele>541.9</ele>
      </trkpt>
      <trkpt lat="42.7491800" lon="-1.7485900">
        <ele>546.0</ele>
      </trkpt>
      <trkpt lat="42.7481700" lon="-1.7490900">
        <ele>549.8</ele>
      </trkpt>
      <trkpt lat="42.7476800" lon="-1.7496500">
        <ele>553.1</ele>
      </trkpt>
      <trkpt lat="42.7475200" lon="-1.7500800">
        <ele>556.9</ele>
      </trkpt>
      <trkpt lat="42.7474500" lon="-1.7509000">
        <ele>562.8</ele>
      </trkpt>
      <trkpt lat="42.7475100" lon="-1.7517400">
        <ele>567.7</ele>
      </trkpt>
      <trkpt lat="42.7480200" lon="-1.7535700">
        <ele>572.4</ele>
      </trkpt>
      <trkpt lat="42.7480200" lon="-1.7544000">
        <ele>576.8</ele>
      </trkpt>
      <trkpt lat="42.7478500" lon="-1.7551600">
        <ele>580.8</ele>
      </trkpt>
      <trkpt lat="42.7476600" lon="-1.7555700">
        <ele>582.7</ele>
      </trkpt>
      <trkpt lat="42.7468200" lon="-1.7566300">
        <ele>588.7</ele>
      </trkpt>
      <trkpt lat="42.7465000" lon="-1.7568500">
        <ele>595.1</ele>
      </trkpt>
      <trkpt lat="42.7451500" lon="-1.7572000">
        <ele>602.6</ele>
      </trkpt>
      <trkpt lat="42.7448900" lon="-1.7574000">
        <ele>611.3</ele>
      </trkpt>
      <trkpt lat="42.7441700" lon="-1.7583900">
        <ele>620.1</ele>
      </trkpt>
      <trkpt lat="42.7433200" lon="-1.7593000">
        <ele>627.0</ele>
      </trkpt>
      <trkpt lat="42.7429600" lon="-1.7602100">
        <ele>635.7</ele>
      </trkpt>
      <trkpt lat="42.7428500" lon="-1.7617200">
        <ele>643.9</ele>
      </trkpt>
      <trkpt lat="42.7424800" lon="-1.7634200">
        <ele>652.2</ele>
      </trkpt>
      <trkpt lat="42.7422800" lon="-1.7638600">
        <ele>662.4</ele>
      </trkpt>
      <trkpt lat="42.7417500" lon="-1.7646300">
        <ele>671.2</ele>
      </trkpt>
      <trkpt lat="42.7411500" lon="-1.7651800">
        <ele>674.9</ele>
      </trkpt>
      <trkpt lat="42.7404100" lon="-1.7652200">
        <ele>674.7</ele>
      </trkpt>
      <trkpt lat="42.7382800" lon="-1.7648100">
        <ele>666.7</ele>
      </trkpt>
      <trkpt lat="42.7370500" lon="-1.7640400">
        <ele>648.8</ele>
      </trkpt>
      <trkpt lat="42.7346000" lon="-1.7633600">
        <ele>630.4</ele>
      </trkpt>
      <trkpt lat="42.7330800" lon="-1.7634400">
        <ele>618.1</ele>
      </trkpt>
      <trkpt lat="42.7322900" lon="-1.7636600">
        <ele>607.1</ele>
      </trkpt>
      <trkpt lat="42.7315000" lon="-1.7641700">
        <ele>601.3</ele>
      </trkpt>
      <trkpt lat="42.7303500" lon="-1.7654300">
        <ele>598.5</ele>
      </trkpt>
      <trkpt lat="42.7300500" lon="-1.7653100">
        <ele>594.4</ele>
      </trkpt>
      <trkpt lat="42.7288800" lon="-1.7655500">
        <ele>584.4</ele>
      </trkpt>
      <trkpt lat="42.7285600" lon="-1.7654700">
        <ele>576.2</ele>
      </trkpt>
      <trkpt lat="42.7271100" lon="-1.7646800">
        <ele>567.4</ele>
      </trkpt>
      <trkpt lat="42.7266600" lon="-1.7637000">
        <ele>562.5</ele>
      </trkpt>
      <trkpt lat="42.7263700" lon="-1.7637800">
        <ele>558.7</ele>
      </trkpt>
      <trkpt lat="42.7264300" lon="-1.7640200">
        <ele>557.1</ele>
      </trkpt>
      <trkpt lat="42.7263700" lon="-1.7641800">
        <ele>555.5</ele>
      </trkpt>
      <trkpt lat="42.7261300" lon="-1.7642400">
        <ele>554.9</ele>
      </trkpt>
      <trkpt lat="42.7260100" lon="-1.7639800">
        <ele>555.0</ele>
      </trkpt>
      <trkpt lat="42.7260400" lon="-1.7638300">
        <ele>555.9</ele>
      </trkpt>
      <trkpt lat="42.7261800" lon="-1.7636900">
        <ele>557.2</ele>
      </trkpt>
      <trkpt lat="42.7259400" lon="-1.7631200">
        <ele>556.1</ele>
      </trkpt>
      <trkpt lat="42.7256600" lon="-1.7627300">
        <ele>553.2</ele>
      </trkpt>
      <trkpt lat="42.7248100" lon="-1.7621000">
        <ele>549.5</ele>
      </trkpt>
      <trkpt lat="42.7244300" lon="-1.7620100">
        <ele>544.6</ele>
      </trkpt>
      <trkpt lat="42.7244000" lon="-1.7621700">
        <ele>539.1</ele>
      </trkpt>
      <trkpt lat="42.7242700" lon="-1.7623000">
        <ele>535.9</ele>
      </trkpt>
      <trkpt lat="42.7241000" lon="-1.7622400">
        <ele>528.8</ele>
      </trkpt>
      <trkpt lat="42.7240300" lon="-1.7619900">
        <ele>520.5</ele>
      </trkpt>
      <trkpt lat="42.7201700" lon="-1.7621300">
        <ele>509.2</ele>
      </trkpt>
      <trkpt lat="42.7191400" lon="-1.7620200">
        <ele>498.5</ele>
      </trkpt>
      <trkpt lat="42.7150100" lon="-1.7590200">
        <ele>487.0</ele>
      </trkpt>
      <trkpt lat="42.7145600" lon="-1.7587500">
        <ele>482.1</ele>
      </trkpt>
      <trkpt lat="42.7139800" lon="-1.7586000">
        <ele>479.7</ele>
      </trkpt>
      <trkpt lat="42.7129500" lon="-1.7584600">
        <ele>481.5</ele>
      </trkpt>
      <trkpt lat="42.7123800" lon="-1.7584900">
        <ele>483.5</ele>
      </trkpt>
      <trkpt lat="42.7116000" lon="-1.7588400">
        <ele>486.6</ele>
      </trkpt>
      <trkpt lat="42.7108500" lon="-1.7594500">
        <ele>488.5</ele>
      </trkpt>
      <trkpt lat="42.7104700" lon="-1.7595200">
        <ele>490.5</ele>
      </trkpt>
      <trkpt lat="42.7102700" lon="-1.7597700">
        <ele>491.6</ele>
      </trkpt>
      <trkpt lat="42.7097900" lon="-1.7591900">
        <ele>492.5</ele>
      </trkpt>
      <trkpt lat="42.7097500" lon="-1.7589900">
        <ele>492.8</ele>
      </trkpt>
      <trkpt lat="42.7094200" lon="-1.7592700">
        <ele>492.8</ele>
      </trkpt>
      <trkpt lat="42.7086500" lon="-1.7598800">
        <ele>491.6</ele>
      </trkpt>
      <trkpt lat="42.7082400" lon="-1.7603300">
        <ele>490.2</ele>
      </trkpt>
      <trkpt lat="42.7078300" lon="-1.7607700">
        <ele>488.5</ele>
      </trkpt>
      <trkpt lat="42.7073100" lon="-1.7608100">
        <ele>486.7</ele>
      </trkpt>
      <trkpt lat="42.7068600" lon="-1.7609000">
        <ele>484.8</ele>
      </trkpt>
      <trkpt lat="42.7064100" lon="-1.7609800">
        <ele>482.4</ele>
      </trkpt>
      <trkpt lat="42.7058800" lon="-1.7609200">
        <ele>479.6</ele>
      </trkpt>
      <trkpt lat="42.7058200" lon="-1.7608200">
        <ele>476.6</ele>
      </trkpt>
      <trkpt lat="42.7057700" lon="-1.7603700">
        <ele>473.4</ele>
      </trkpt>
      <trkpt lat="42.7053100" lon="-1.7595400">
        <ele>470.3</ele>
      </trkpt>
      <trkpt lat="42.7050800" lon="-1.7599100">
        <ele>468.0</ele>
      </trkpt>
      <trkpt lat="42.7047400" lon="-1.7602000">
        <ele>466.5</ele>
      </trkpt>
      <trkpt lat="42.7041900" lon="-1.7603400">
        <ele>466.1</ele>
      </trkpt>
      <trkpt lat="42.7037000" lon="-1.7604100">
        <ele>466.7</ele>
      </trkpt>
      <trkpt lat="42.7032000" lon="-1.7604700">
        <ele>468.2</ele>
      </trkpt>
      <trkpt lat="42.7024300" lon="-1.7610700">
        <ele>469.8</ele>
      </trkpt>
      <trkpt lat="42.7019600" lon="-1.7611500">
        <ele>471.2</ele>
      </trkpt>
      <trkpt lat="42.7014900" lon="-1.7612200">
        <ele>471.9</ele>
      </trkpt>
      <trkpt lat="42.7008200" lon="-1.7618200">
        <ele>471.6</ele>
      </trkpt>
      <trkpt lat="42.7003500" lon="-1.7628000">
        <ele>470.1</ele>
      </trkpt>
      <trkpt lat="42.6997400" lon="-1.7630300">
        <ele>467.8</ele>
      </trkpt>
      <trkpt lat="42.6991300" lon="-1.7632600">
        <ele>464.9</ele>
      </trkpt>
      <trkpt lat="42.6986500" lon="-1.7635800">
        <ele>461.7</ele>
      </trkpt>
      <trkpt lat="42.6984200" lon="-1.7638200">
        <ele>458.6</ele>
      </trkpt>
      <trkpt lat="42.6979400" lon="-1.7645900">
        <ele>455.7</ele>
      </trkpt>
      <trkpt lat="42.6976700" lon="-1.7649200">
        <ele>453.3</ele>
      </trkpt>
      <trkpt lat="42.6972700" lon="-1.7652200">
        <ele>451.2</ele>
      </trkpt>
      <trkpt lat="42.6968100" lon="-1.7658900">
        <ele>449.4</ele>
      </trkpt>
      <trkpt lat="42.6964300" lon="-1.7662300">
        <ele>448.2</ele>
      </trkpt>
      <trkpt lat="42.6959900" lon="-1.7667100">
        <ele>447.5</ele>
      </trkpt>
      <trkpt lat="42.6955400" lon="-1.7671800">
        <ele>447.1</ele>
      </trkpt>
      <trkpt lat="42.6951000" lon="-1.7676600">
        <ele>446.8</ele>
      </trkpt>
      <trkpt lat="42.6944900" lon="-1.7679100">
        <ele>446.4</ele>
      </trkpt>
      <trkpt lat="42.6938800" lon="-1.7681500">
        <ele>445.9</ele>
      </trkpt>
      <trkpt lat="42.6934000" lon="-1.7684400">
        <ele>445.4</ele>
      </trkpt>
      <trkpt lat="42.6929100" lon="-1.7687200">
        <ele>445.1</ele>
      </trkpt>
      <trkpt lat="42.6924300" lon="-1.7690100">
        <ele>444.9</ele>
      </trkpt>
      <trkpt lat="42.6916800" lon="-1.7693600">
        <ele>444.9</ele>
      </trkpt>
      <trkpt lat="42.6914300" lon="-1.7696500">
        <ele>444.7</ele>
      </trkpt>
      <trkpt lat="42.6910400" lon="-1.7699900">
        <ele>443.7</ele>
      </trkpt>
      <trkpt lat="42.6906400" lon="-1.7703200">
        <ele>441.7</ele>
      </trkpt>
      <trkpt lat="42.6904000" lon="-1.7707000">
        <ele>439.4</ele>
      </trkpt>
      <trkpt lat="42.6899000" lon="-1.7710500">
        <ele>437.0</ele>
      </trkpt>
      <trkpt lat="42.6894000" lon="-1.7713900">
        <ele>435.2</ele>
      </trkpt>
      <trkpt lat="42.6891300" lon="-1.7716800">
        <ele>434.1</ele>
      </trkpt>
      <trkpt lat="42.6885500" lon="-1.7720300">
        <ele>433.7</ele>
      </trkpt>
      <trkpt lat="42.6879600" lon="-1.7723800">
        <ele>432.9</ele>
      </trkpt>
      <trkpt lat="42.6878000" lon="-1.7725500">
        <ele>431.0</ele>
      </trkpt>
      <trkpt lat="42.6876600" lon="-1.7731500">
        <ele>427.4</ele>
      </trkpt>
      <trkpt lat="42.6873200" lon="-1.7736500">
        <ele>422.6</ele>
      </trkpt>
      <trkpt lat="42.6869900" lon="-1.7741400">
        <ele>416.9</ele>
      </trkpt>
      <trkpt lat="42.6866500" lon="-1.7746400">
        <ele>411.1</ele>
      </trkpt>
      <trkpt lat="42.6861100" lon="-1.7751800">
        <ele>406.0</ele>
      </trkpt>
      <trkpt lat="42.6857000" lon="-1.7755200">
        <ele>402.2</ele>
      </trkpt>
      <trkpt lat="42.6852800" lon="-1.7758600">
        <ele>399.2</ele>
      </trkpt>
      <trkpt lat="42.6850600" lon="-1.7761300">
        <ele>397.2</ele>
      </trkpt>
      <trkpt lat="42.6847500" lon="-1.7765800">
        <ele>395.9</ele>
      </trkpt>
      <trkpt lat="42.6844300" lon="-1.7770200">
        <ele>395.5</ele>
      </trkpt>
      <trkpt lat="42.6841700" lon="-1.7774800">
        <ele>395.9</ele>
      </trkpt>
      <trkpt lat="42.6839300" lon="-1.7780900">
        <ele>397.2</ele>
      </trkpt>
      <trkpt lat="42.6835700" lon="-1.7785100">
        <ele>399.1</ele>
      </trkpt>
      <trkpt lat="42.6831800" lon="-1.7792300">
        <ele>401.5</ele>
      </trkpt>
      <trkpt lat="42.6827800" lon="-1.7799500">
        <ele>404.2</ele>
      </trkpt>
      <trkpt lat="42.6821800" lon="-1.7808400">
        <ele>406.8</ele>
      </trkpt>
      <trkpt lat="42.6817900" lon="-1.7812100">
        <ele>409.1</ele>
      </trkpt>
      <trkpt lat="42.6813900" lon="-1.7815800">
        <ele>411.3</ele>
      </trkpt>
      <trkpt lat="42.6812500" lon="-1.7823900">
        <ele>413.4</ele>
      </trkpt>
      <trkpt lat="42.6812600" lon="-1.7831400">
        <ele>414.8</ele>
      </trkpt>
      <trkpt lat="42.6812700" lon="-1.7838800">
        <ele>415.7</ele>
      </trkpt>
      <trkpt lat="42.6813100" lon="-1.7840600">
        <ele>416.3</ele>
      </trkpt>
      <trkpt lat="42.6813000" lon="-1.7840600">
        <ele>416.6</ele>
      </trkpt>
      <trkpt lat="42.6813100" lon="-1.7840900">
        <ele>416.4</ele>
      </trkpt>
      <trkpt lat="42.6813300" lon="-1.7842000">
        <ele>416.3</ele>
      </trkpt>
      <trkpt lat="42.6813500" lon="-1.7842700">
        <ele>416.1</ele>
      </trkpt>
      <trkpt lat="42.6808100" lon="-1.7846000">
        <ele>415.8</ele>
      </trkpt>
      <trkpt lat="42.6809700" lon="-1.7851500">
        <ele>415.4</ele>
      </trkpt>
      <trkpt lat="42.6805300" lon="-1.7853900">
        <ele>415.0</ele>
      </trkpt>
      <trkpt lat="42.6801900" lon="-1.7856000">
        <ele>414.6</ele>
      </trkpt>
      <trkpt lat="42.6801300" lon="-1.7856400">
        <ele>414.2</ele>
      </trkpt>
      <trkpt lat="42.6801200" lon="-1.7856300">
        <ele>413.8</ele>
      </trkpt>
      <trkpt lat="42.6795500" lon="-1.7859200">
        <ele>413.5</ele>
      </trkpt>
      <trkpt lat="42.6795400" lon="-1.7860800">
        <ele>413.1</ele>
      </trkpt>
      <trkpt lat="42.6794900" lon="-1.7861300">
        <ele>412.6</ele>
      </trkpt>
      <trkpt lat="42.6794000" lon="-1.7861100">
        <ele>412.1</ele>
      </trkpt>
      <trkpt lat="42.6793000" lon="-1.7863300">
        <ele>411.4</ele>
      </trkpt>
      <trkpt lat="42.6793500" lon="-1.7869100">
        <ele>410.5</ele>
      </trkpt>
      <trkpt lat="42.6792500" lon="-1.7871800">
        <ele>409.5</ele>
      </trkpt>
      <trkpt lat="42.6796300" lon="-1.7882200">
        <ele>408.2</ele>
      </trkpt>
      <trkpt lat="42.6794300" lon="-1.7887800">
        <ele>406.8</ele>
      </trkpt>
      <trkpt lat="42.6792300" lon="-1.7893300">
        <ele>405.1</ele>
      </trkpt>
      <trkpt lat="42.6794000" lon="-1.7903300">
        <ele>403.2</ele>
      </trkpt>
      <trkpt lat="42.6793300" lon="-1.7912100">
        <ele>401.2</ele>
      </trkpt>
      <trkpt lat="42.6792400" lon="-1.7916300">
        <ele>398.9</ele>
      </trkpt>
      <trkpt lat="42.6789600" lon="-1.7922100">
        <ele>396.3</ele>
      </trkpt>
      <trkpt lat="42.6786800" lon="-1.7928000">
        <ele>393.2</ele>
      </trkpt>
      <trkpt lat="42.6784000" lon="-1.7933800">
        <ele>389.7</ele>
      </trkpt>
      <trkpt lat="42.6782600" lon="-1.7941400">
        <ele>385.6</ele>
      </trkpt>
      <trkpt lat="42.6782000" lon="-1.7948800">
        <ele>381.1</ele>
      </trkpt>
      <trkpt lat="42.6780100" lon="-1.7956500">
        <ele>376.4</ele>
      </trkpt>
      <trkpt lat="42.6779100" lon="-1.7962900">
        <ele>371.9</ele>
      </trkpt>
      <trkpt lat="42.6778000" lon="-1.7969300">
        <ele>367.8</ele>
      </trkpt>
      <trkpt lat="42.6777100" lon="-1.7977600">
        <ele>364.2</ele>
      </trkpt>
      <trkpt lat="42.6776200" lon="-1.7985800">
        <ele>361.4</ele>
      </trkpt>
      <trkpt lat="42.6774000" lon="-1.7992000">
        <ele>359.3</ele>
      </trkpt>
      <trkpt lat="42.6771700" lon="-1.7998200">
        <ele>357.7</ele>
      </trkpt>
      <trkpt lat="42.6770200" lon="-1.8001300">
        <ele>356.6</ele>
      </trkpt>
      <trkpt lat="42.6768900" lon="-1.8002200">
        <ele>355.8</ele>
      </trkpt>
      <trkpt lat="42.6768300" lon="-1.8010000">
        <ele>355.0</ele>
      </trkpt>
      <trkpt lat="42.6770800" lon="-1.8016800">
        <ele>354.4</ele>
      </trkpt>
      <trkpt lat="42.6770700" lon="-1.8021000">
        <ele>353.9</ele>
      </trkpt>
      <trkpt lat="42.6769700" lon="-1.8027600">
        <ele>353.5</ele>
      </trkpt>
      <trkpt lat="42.6768600" lon="-1.8034300">
        <ele>353.1</ele>
      </trkpt>
      <trkpt lat="42.6767600" lon="-1.8040900">
        <ele>352.9</ele>
      </trkpt>
      <trkpt lat="42.6766500" lon="-1.8047500">
        <ele>352.7</ele>
      </trkpt>
      <trkpt lat="42.6766500" lon="-1.8052300">
        <ele>352.6</ele>
      </trkpt>
      <trkpt lat="42.6765300" lon="-1.8055700">
        <ele>352.5</ele>
      </trkpt>
      <trkpt lat="42.6765200" lon="-1.8060100">
        <ele>352.6</ele>
      </trkpt>
      <trkpt lat="42.6764100" lon="-1.8061300">
        <ele>353.2</ele>
      </trkpt>
      <trkpt lat="42.6763600" lon="-1.8065600">
        <ele>354.3</ele>
      </trkpt>
      <trkpt lat="42.6757000" lon="-1.8072000">
        <ele>355.6</ele>
      </trkpt>
      <trkpt lat="42.6754500" lon="-1.8077800">
        <ele>356.9</ele>
      </trkpt>
      <trkpt lat="42.6751100" lon="-1.8082700">
        <ele>357.7</ele>
      </trkpt>
      <trkpt lat="42.6747600" lon="-1.8087600">
        <ele>357.7</ele>
      </trkpt>
      <trkpt lat="42.6744200" lon="-1.8092500">
        <ele>356.6</ele>
      </trkpt>
      <trkpt lat="42.6740700" lon="-1.8097400">
        <ele>355.0</ele>
      </trkpt>
      <trkpt lat="42.6737700" lon="-1.8102600">
        <ele>353.3</ele>
      </trkpt>
      <trkpt lat="42.6735700" lon="-1.8104600">
        <ele>351.7</ele>
      </trkpt>
      <trkpt lat="42.6731800" lon="-1.8103400">
        <ele>350.4</ele>
      </trkpt>
      <trkpt lat="42.6731400" lon="-1.8104200">
        <ele>349.8</ele>
      </trkpt>
      <trkpt lat="42.6727900" lon="-1.8114000">
        <ele>349.7</ele>
      </trkpt>
      <trkpt lat="42.6726100" lon="-1.8121100">
        <ele>349.6</ele>
      </trkpt>
      <trkpt lat="42.6724300" lon="-1.8128100">
        <ele>349.6</ele>
      </trkpt>
      <trkpt lat="42.6723000" lon="-1.8135300">
        <ele>349.8</ele>
      </trkpt>
      <trkpt lat="42.6721700" lon="-1.8142600">
        <ele>349.9</ele>
      </trkpt>
      <trkpt lat="42.6720300" lon="-1.8149800">
        <ele>349.5</ele>
      </trkpt>
      <trkpt lat="42.6719000" lon="-1.8157000">
        <ele>348.6</ele>
      </trkpt>
      <trkpt lat="42.6717000" lon="-1.8165300">
        <ele>347.4</ele>
      </trkpt>
      <trkpt lat="42.6715900" lon="-1.8172600">
        <ele>345.7</ele>
      </trkpt>
      <trkpt lat="42.6714800" lon="-1.8179900">
        <ele>343.7</ele>
      </trkpt>
      <trkpt lat="42.6711800" lon="-1.8186800">
        <ele>342.1</ele>
      </trkpt>
      <trkpt lat="42.6708700" lon="-1.8193700">
        <ele>341.6</ele>
      </trkpt>
      <trkpt lat="42.6708000" lon="-1.8194900">
        <ele>342.0</ele>
      </trkpt>
      <trkpt lat="42.6706200" lon="-1.8193500">
        <ele>343.3</ele>
      </trkpt>
      <trkpt lat="42.6697400" lon="-1.8191300">
        <ele>345.4</ele>
      </trkpt>
      <trkpt lat="42.6692700" lon="-1.8195100">
        <ele>347.7</ele>
      </trkpt>
      <trkpt lat="42.6690800" lon="-1.8201000">
        <ele>349.4</ele>
      </trkpt>
      <trkpt lat="42.6688800" lon="-1.8206900">
        <ele>350.1</ele>
      </trkpt>
      <trkpt lat="42.6686900" lon="-1.8212900">
        <ele>350.0</ele>
      </trkpt>
      <trkpt lat="42.6684900" lon="-1.8218800">
        <ele>349.3</ele>
      </trkpt>
      <trkpt lat="42.6683000" lon="-1.8224700">
        <ele>347.9</ele>
      </trkpt>
      <trkpt lat="42.6681900" lon="-1.8226700">
        <ele>346.4</ele>
      </trkpt>
      <trkpt lat="42.6680000" lon="-1.8234200">
        <ele>344.9</ele>
      </trkpt>
      <trkpt lat="42.6678100" lon="-1.8241800">
        <ele>343.5</ele>
      </trkpt>
      <trkpt lat="42.6676200" lon="-1.8247300">
        <ele>342.2</ele>
      </trkpt>
      <trkpt lat="42.6674200" lon="-1.8252900">
        <ele>341.2</ele>
      </trkpt>
      <trkpt lat="42.6672300" lon="-1.8258400">
        <ele>340.4</ele>
      </trkpt>
      <trkpt lat="42.6670300" lon="-1.8263900">
        <ele>339.8</ele>
      </trkpt>
      <trkpt lat="42.6667600" lon="-1.8267600">
        <ele>339.6</ele>
      </trkpt>
      <trkpt lat="42.6667200" lon="-1.8269000">
        <ele>339.8</ele>
      </trkpt>
      <trkpt lat="42.6667600" lon="-1.8271400">
        <ele>340.5</ele>
      </trkpt>
      <trkpt lat="42.6666100" lon="-1.8277700">
        <ele>341.3</ele>
      </trkpt>
      <trkpt lat="42.6664600" lon="-1.8284000">
        <ele>342.2</ele>
      </trkpt>
      <trkpt lat="42.6663100" lon="-1.8290300">
        <ele>342.8</ele>
      </trkpt>
      <trkpt lat="42.6658500" lon="-1.8298300">
        <ele>342.5</ele>
      </trkpt>
      <trkpt lat="42.6656900" lon="-1.8305500">
        <ele>341.7</ele>
      </trkpt>
      <trkpt lat="42.6655200" lon="-1.8312700">
        <ele>340.6</ele>
      </trkpt>
      <trkpt lat="42.6652100" lon="-1.8320700">
        <ele>339.5</ele>
      </trkpt>
      <trkpt lat="42.6648900" lon="-1.8328600">
        <ele>339.1</ele>
      </trkpt>
      <trkpt lat="42.6646200" lon="-1.8334500">
        <ele>339.6</ele>
      </trkpt>
      <trkpt lat="42.6643500" lon="-1.8340400">
        <ele>340.6</ele>
      </trkpt>
      <trkpt lat="42.6642600" lon="-1.8347400">
        <ele>342.1</ele>
      </trkpt>
      <trkpt lat="42.6641600" lon="-1.8354500">
        <ele>343.6</ele>
      </trkpt>
      <trkpt lat="42.6640700" lon="-1.8361500">
        <ele>344.8</ele>
      </trkpt>
      <trkpt lat="42.6640400" lon="-1.8367600">
        <ele>345.7</ele>
      </trkpt>
      <trkpt lat="42.6640000" lon="-1.8373700">
        <ele>346.3</ele>
      </trkpt>
      <trkpt lat="42.6636600" lon="-1.8384900">
        <ele>346.5</ele>
      </trkpt>
      <trkpt lat="42.6635900" lon="-1.8392200">
        <ele>346.4</ele>
      </trkpt>
      <trkpt lat="42.6635200" lon="-1.8399500">
        <ele>346.1</ele>
      </trkpt>
      <trkpt lat="42.6630600" lon="-1.8405900">
        <ele>345.6</ele>
      </trkpt>
      <trkpt lat="42.6626000" lon="-1.8412300">
        <ele>345.3</ele>
      </trkpt>
      <trkpt lat="42.6622600" lon="-1.8415000">
        <ele>345.3</ele>
      </trkpt>
      <trkpt lat="42.6621100" lon="-1.8417800">
        <ele>345.2</ele>
      </trkpt>
      <trkpt lat="42.6618400" lon="-1.8424600">
        <ele>345.2</ele>
      </trkpt>
      <trkpt lat="42.6616600" lon="-1.8435300">
        <ele>345.6</ele>
      </trkpt>
      <trkpt lat="42.6614800" lon="-1.8441300">
        <ele>346.2</ele>
      </trkpt>
      <trkpt lat="42.6613000" lon="-1.8447200">
        <ele>347.4</ele>
      </trkpt>
      <trkpt lat="42.6615200" lon="-1.8454200">
        <ele>349.8</ele>
      </trkpt>
      <trkpt lat="42.6622000" lon="-1.8461800">
        <ele>353.4</ele>
      </trkpt>
      <trkpt lat="42.6624700" lon="-1.8463100">
        <ele>357.4</ele>
      </trkpt>
      <trkpt lat="42.6628100" lon="-1.8467200">
        <ele>361.7</ele>
      </trkpt>
      <trkpt lat="42.6632100" lon="-1.8468600">
        <ele>365.6</ele>
      </trkpt>
      <trkpt lat="42.6636200" lon="-1.8471000">
        <ele>369.1</ele>
      </trkpt>
      <trkpt lat="42.6639100" lon="-1.8471400">
        <ele>372.8</ele>
      </trkpt>
      <trkpt lat="42.6640300" lon="-1.8472300">
        <ele>377.3</ele>
      </trkpt>
      <trkpt lat="42.6644400" lon="-1.8476300">
        <ele>383.0</ele>
      </trkpt>
      <trkpt lat="42.6648600" lon="-1.8480200">
        <ele>390.1</ele>
      </trkpt>
      <trkpt lat="42.6652700" lon="-1.8484200">
        <ele>398.1</ele>
      </trkpt>
      <trkpt lat="42.6656800" lon="-1.8488200">
        <ele>406.2</ele>
      </trkpt>
      <trkpt lat="42.6658000" lon="-1.8491300">
        <ele>413.8</ele>
      </trkpt>
      <trkpt lat="42.6659000" lon="-1.8498800">
        <ele>421.1</ele>
      </trkpt>
      <trkpt lat="42.6660000" lon="-1.8506200">
        <ele>428.1</ele>
      </trkpt>
      <trkpt lat="42.6663500" lon="-1.8515000">
        <ele>435.5</ele>
      </trkpt>
      <trkpt lat="42.6665500" lon="-1.8518300">
        <ele>443.2</ele>
      </trkpt>
      <trkpt lat="42.6667300" lon="-1.8524500">
        <ele>451.2</ele>
      </trkpt>
      <trkpt lat="42.6669100" lon="-1.8530700">
        <ele>458.7</ele>
      </trkpt>
      <trkpt lat="42.6672300" lon="-1.8536600">
        <ele>464.9</ele>
      </trkpt>
      <trkpt lat="42.6673700" lon="-1.8542800">
        <ele>469.2</ele>
      </trkpt>
      <trkpt lat="42.6675100" lon="-1.8549000">
        <ele>471.7</ele>
      </trkpt>
      <trkpt lat="42.6676500" lon="-1.8555200">
        <ele>472.4</ele>
      </trkpt>
      <trkpt lat="42.6677800" lon="-1.8561400">
        <ele>472.2</ele>
      </trkpt>
      <trkpt lat="42.6679200" lon="-1.8567600">
        <ele>471.8</ele>
      </trkpt>
      <trkpt lat="42.6680600" lon="-1.8573800">
        <ele>471.6</ele>
      </trkpt>
      <trkpt lat="42.6682000" lon="-1.8577300">
        <ele>471.6</ele>
      </trkpt>
      <trkpt lat="42.6687300" lon="-1.8586600">
        <ele>471.9</ele>
      </trkpt>
      <trkpt lat="42.6689400" lon="-1.8588700">
        <ele>472.2</ele>
      </trkpt>
      <trkpt lat="42.6689800" lon="-1.8591000">
        <ele>472.1</ele>
      </trkpt>
      <trkpt lat="42.6690900" lon="-1.8592000">
        <ele>471.4</ele>
      </trkpt>
      <trkpt lat="42.6692200" lon="-1.8591900">
        <ele>470.0</ele>
      </trkpt>
      <trkpt lat="42.6692600" lon="-1.8592800">
        <ele>467.8</ele>
      </trkpt>
      <trkpt lat="42.6692800" lon="-1.8599300">
        <ele>464.8</ele>
      </trkpt>
      <trkpt lat="42.6691500" lon="-1.8607300">
        <ele>461.6</ele>
      </trkpt>
      <trkpt lat="42.6691600" lon="-1.8615300">
        <ele>458.5</ele>
      </trkpt>
      <trkpt lat="42.6690500" lon="-1.8618600">
        <ele>455.9</ele>
      </trkpt>
      <trkpt lat="42.6689500" lon="-1.8619500">
        <ele>454.0</ele>
      </trkpt>
      <trkpt lat="42.6689200" lon="-1.8626700">
        <ele>452.9</ele>
      </trkpt>
      <trkpt lat="42.6688900" lon="-1.8633800">
        <ele>452.2</ele>
      </trkpt>
      <trkpt lat="42.6688300" lon="-1.8636000">
        <ele>451.9</ele>
      </trkpt>
      <trkpt lat="42.6688700" lon="-1.8637700">
        <ele>451.9</ele>
      </trkpt>
      <trkpt lat="42.6686500" lon="-1.8638700">
        <ele>452.1</ele>
      </trkpt>
      <trkpt lat="42.6687000" lon="-1.8646600">
        <ele>452.7</ele>
      </trkpt>
      <trkpt lat="42.6687500" lon="-1.8654400">
        <ele>453.5</ele>
      </trkpt>
      <trkpt lat="42.6688600" lon="-1.8662000">
        <ele>454.2</ele>
      </trkpt>
      <trkpt lat="42.6689700" lon="-1.8669700">
        <ele>454.7</ele>
      </trkpt>
      <trkpt lat="42.6690800" lon="-1.8677300">
        <ele>454.6</ele>
      </trkpt>
      <trkpt lat="42.6692600" lon="-1.8682600">
        <ele>453.9</ele>
      </trkpt>
      <trkpt lat="42.6694200" lon="-1.8690000">
        <ele>452.9</ele>
      </trkpt>
      <trkpt lat="42.6694200" lon="-1.8696400">
        <ele>451.8</ele>
      </trkpt>
      <trkpt lat="42.6693200" lon="-1.8699800">
        <ele>451.0</ele>
      </trkpt>
      <trkpt lat="42.6693500" lon="-1.8701200">
        <ele>450.8</ele>
      </trkpt>
      <trkpt lat="42.6695600" lon="-1.8707300">
        <ele>451.0</ele>
      </trkpt>
      <trkpt lat="42.6697700" lon="-1.8713300">
        <ele>451.6</ele>
      </trkpt>
      <trkpt lat="42.6699800" lon="-1.8716300">
        <ele>452.3</ele>
      </trkpt>
      <trkpt lat="42.6701400" lon="-1.8723800">
        <ele>452.6</ele>
      </trkpt>
      <trkpt lat="42.6703000" lon="-1.8731300">
        <ele>452.3</ele>
      </trkpt>
      <trkpt lat="42.6705400" lon="-1.8734900">
        <ele>451.4</ele>
      </trkpt>
      <trkpt lat="42.6706300" lon="-1.8740600">
        <ele>450.0</ele>
      </trkpt>
      <trkpt lat="42.6708500" lon="-1.8748700">
        <ele>448.3</ele>
      </trkpt>
      <trkpt lat="42.6709600" lon="-1.8757700">
        <ele>447.0</ele>
      </trkpt>
      <trkpt lat="42.6712100" lon="-1.8765700">
        <ele>446.1</ele>
      </trkpt>
      <trkpt lat="42.6712300" lon="-1.8768700">
        <ele>445.4</ele>
      </trkpt>
      <trkpt lat="42.6710800" lon="-1.8774700">
        <ele>444.7</ele>
      </trkpt>
      <trkpt lat="42.6709300" lon="-1.8780700">
        <ele>443.8</ele>
      </trkpt>
      <trkpt lat="42.6710400" lon="-1.8787600">
        <ele>442.7</ele>
      </trkpt>
      <trkpt lat="42.6711400" lon="-1.8794400">
        <ele>441.7</ele>
      </trkpt>
      <trkpt lat="42.6714300" lon="-1.8799800">
        <ele>441.2</ele>
      </trkpt>
      <trkpt lat="42.6717100" lon="-1.8805200">
        <ele>441.2</ele>
      </trkpt>
      <trkpt lat="42.6720000" lon="-1.8810600">
        <ele>441.9</ele>
      </trkpt>
      <trkpt lat="42.6723500" lon="-1.8814400">
        <ele>443.2</ele>
      </trkpt>
      <trkpt lat="42.6726700" lon="-1.8818900">
        <ele>445.0</ele>
      </trkpt>
      <trkpt lat="42.6729900" lon="-1.8823400">
        <ele>447.2</ele>
      </trkpt>
      <trkpt lat="42.6734200" lon="-1.8827900">
        <ele>449.6</ele>
      </trkpt>
      <trkpt lat="42.6738500" lon="-1.8832400">
        <ele>452.3</ele>
      </trkpt>
      <trkpt lat="42.6741800" lon="-1.8838100">
        <ele>455.2</ele>
      </trkpt>
      <trkpt lat="42.6744700" lon="-1.8847400">
        <ele>458.1</ele>
      </trkpt>
      <trkpt lat="42.6747100" lon="-1.8851400">
        <ele>460.9</ele>
      </trkpt>
      <trkpt lat="42.6748400" lon="-1.8854900">
        <ele>463.2</ele>
      </trkpt>
      <trkpt lat="42.6749800" lon="-1.8861600">
        <ele>465.1</ele>
      </trkpt>
      <trkpt lat="42.6751200" lon="-1.8868300">
        <ele>466.4</ele>
      </trkpt>
      <trkpt lat="42.6752600" lon="-1.8875000">
        <ele>467.3</ele>
      </trkpt>
      <trkpt lat="42.6755600" lon="-1.8883800">
        <ele>467.9</ele>
      </trkpt>
      <trkpt lat="42.6756100" lon="-1.8889800">
        <ele>468.5</ele>
      </trkpt>
      <trkpt lat="42.6756900" lon="-1.8891300">
        <ele>469.1</ele>
      </trkpt>
      <trkpt lat="42.6756700" lon="-1.8892800">
        <ele>470.2</ele>
      </trkpt>
      <trkpt lat="42.6758400" lon="-1.8893600">
        <ele>471.8</ele>
      </trkpt>
      <trkpt lat="42.6758500" lon="-1.8896300">
        <ele>474.1</ele>
      </trkpt>
      <trkpt lat="42.6760000" lon="-1.8898000">
        <ele>477.0</ele>
      </trkpt>
      <trkpt lat="42.6759800" lon="-1.8903800">
        <ele>480.3</ele>
      </trkpt>
      <trkpt lat="42.6761000" lon="-1.8904000">
        <ele>483.4</ele>
      </trkpt>
      <trkpt lat="42.6757200" lon="-1.8912300">
        <ele>486.2</ele>
      </trkpt>
      <trkpt lat="42.6756400" lon="-1.8911600">
        <ele>487.8</ele>
      </trkpt>
      <trkpt lat="42.6755100" lon="-1.8912400">
        <ele>488.5</ele>
      </trkpt>
      <trkpt lat="42.6752400" lon="-1.8915300">
        <ele>488.1</ele>
      </trkpt>
      <trkpt lat="42.6751600" lon="-1.8915000">
        <ele>486.9</ele>
      </trkpt>
      <trkpt lat="42.6751200" lon="-1.8916100">
        <ele>484.8</ele>
      </trkpt>
      <trkpt lat="42.6753800" lon="-1.8924500">
        <ele>481.9</ele>
      </trkpt>
      <trkpt lat="42.6752700" lon="-1.8927300">
        <ele>477.7</ele>
      </trkpt>
      <trkpt lat="42.6752900" lon="-1.8930400">
        <ele>472.6</ele>
      </trkpt>
      <trkpt lat="42.6756900" lon="-1.8936000">
        <ele>467.2</ele>
      </trkpt>
      <trkpt lat="42.6760800" lon="-1.8941500">
        <ele>462.0</ele>
      </trkpt>
      <trkpt lat="42.6766200" lon="-1.8945400">
        <ele>457.9</ele>
      </trkpt>
      <trkpt lat="42.6771600" lon="-1.8949200">
        <ele>455.3</ele>
      </trkpt>
      <trkpt lat="42.6775900" lon="-1.8953100">
        <ele>454.1</ele>
      </trkpt>
      <trkpt lat="42.6776700" lon="-1.8955100">
        <ele>453.8</ele>
      </trkpt>
      <trkpt lat="42.6776500" lon="-1.8957000">
        <ele>454.0</ele>
      </trkpt>
      <trkpt lat="42.6774000" lon="-1.8956800">
        <ele>454.1</ele>
      </trkpt>
      <trkpt lat="42.6772400" lon="-1.8958000">
        <ele>454.3</ele>
      </trkpt>
      <trkpt lat="42.6771500" lon="-1.8960000">
        <ele>454.6</ele>
      </trkpt>
      <trkpt lat="42.6771700" lon="-1.8963600">
        <ele>455.3</ele>
      </trkpt>
      <trkpt lat="42.6772300" lon="-1.8965100">
        <ele>456.1</ele>
      </trkpt>
      <trkpt lat="42.6774300" lon="-1.8966700">
        <ele>457.0</ele>
      </trkpt>
      <trkpt lat="42.6781500" lon="-1.8969800">
        <ele>457.7</ele>
      </trkpt>
      <trkpt lat="42.6781500" lon="-1.8973300">
        <ele>457.6</ele>
      </trkpt>
      <trkpt lat="42.6779200" lon="-1.8977200">
        <ele>456.9</ele>
      </trkpt>
      <trkpt lat="42.6777900" lon="-1.8981800">
        <ele>455.8</ele>
      </trkpt>
      <trkpt lat="42.6777400" lon="-1.8990500">
        <ele>454.6</ele>
      </trkpt>
      <trkpt lat="42.6777600" lon="-1.8997200">
        <ele>453.4</ele>
      </trkpt>
      <trkpt lat="42.6777800" lon="-1.9003800">
        <ele>452.1</ele>
      </trkpt>
      <trkpt lat="42.6778800" lon="-1.9009900">
        <ele>450.8</ele>
      </trkpt>
      <trkpt lat="42.6779800" lon="-1.9016100">
        <ele>449.1</ele>
      </trkpt>
      <trkpt lat="42.6780700" lon="-1.9022200">
        <ele>447.0</ele>
      </trkpt>
      <trkpt lat="42.6781700" lon="-1.9028300">
        <ele>444.6</ele>
      </trkpt>
      <trkpt lat="42.6781300" lon="-1.9035600">
        <ele>442.0</ele>
      </trkpt>
      <trkpt lat="42.6781800" lon="-1.9039600">
        <ele>439.5</ele>
      </trkpt>
      <trkpt lat="42.6784000" lon="-1.9047400">
        <ele>437.0</ele>
      </trkpt>
      <trkpt lat="42.6787500" lon="-1.9053100">
        <ele>434.7</ele>
      </trkpt>
      <trkpt lat="42.6791000" lon="-1.9058700">
        <ele>432.7</ele>
      </trkpt>
      <trkpt lat="42.6792200" lon="-1.9062900">
        <ele>431.2</ele>
      </trkpt>
      <trkpt lat="42.6792000" lon="-1.9066300">
        <ele>430.6</ele>
      </trkpt>
      <trkpt lat="42.6791000" lon="-1.9070000">
        <ele>431.0</ele>
      </trkpt>
      <trkpt lat="42.6790600" lon="-1.9077700">
        <ele>432.6</ele>
      </trkpt>
      <trkpt lat="42.6790200" lon="-1.9085300">
        <ele>435.0</ele>
      </trkpt>
      <trkpt lat="42.6790900" lon="-1.9093000">
        <ele>437.4</ele>
      </trkpt>
      <trkpt lat="42.6791600" lon="-1.9100600">
        <ele>439.3</ele>
      </trkpt>
      <trkpt lat="42.6792300" lon="-1.9108300">
        <ele>440.4</ele>
      </trkpt>
      <trkpt lat="42.6791700" lon="-1.9116700">
        <ele>440.5</ele>
      </trkpt>
      <trkpt lat="42.6791000" lon="-1.9125000">
        <ele>439.6</ele>
      </trkpt>
      <trkpt lat="42.6791500" lon="-1.9127000">
        <ele>438.4</ele>
      </trkpt>
      <trkpt lat="42.6793800" lon="-1.9130600">
        <ele>436.9</ele>
      </trkpt>
      <trkpt lat="42.6795500" lon="-1.9137500">
        <ele>435.5</ele>
      </trkpt>
      <trkpt lat="42.6797100" lon="-1.9144400">
        <ele>434.1</ele>
      </trkpt>
      <trkpt lat="42.6796200" lon="-1.9152500">
        <ele>433.0</ele>
      </trkpt>
      <trkpt lat="42.6795300" lon="-1.9160600">
        <ele>432.2</ele>
      </trkpt>
      <trkpt lat="42.6794200" lon="-1.9163900">
        <ele>431.7</ele>
      </trkpt>
      <trkpt lat="42.6791300" lon="-1.9167400">
        <ele>431.2</ele>
      </trkpt>
      <trkpt lat="42.6790700" lon="-1.9169300">
        <ele>430.7</ele>
      </trkpt>
      <trkpt lat="42.6790800" lon="-1.9174200">
        <ele>429.9</ele>
      </trkpt>
      <trkpt lat="42.6792200" lon="-1.9183800">
        <ele>428.4</ele>
      </trkpt>
      <trkpt lat="42.6790700" lon="-1.9192000">
        <ele>426.2</ele>
      </trkpt>
      <trkpt lat="42.6791700" lon="-1.9193800">
        <ele>423.4</ele>
      </trkpt>
      <trkpt lat="42.6793700" lon="-1.9194500">
        <ele>420.3</ele>
      </trkpt>
      <trkpt lat="42.6793800" lon="-1.9195000">
        <ele>416.9</ele>
      </trkpt>
      <trkpt lat="42.6793200" lon="-1.9201100">
        <ele>413.4</ele>
      </trkpt>
      <trkpt lat="42.6792500" lon="-1.9207200">
        <ele>410.0</ele>
      </trkpt>
      <trkpt lat="42.6793200" lon="-1.9207700">
        <ele>406.7</ele>
      </trkpt>
      <trkpt lat="42.6793000" lon="-1.9217700">
        <ele>403.4</ele>
      </trkpt>
      <trkpt lat="42.6794200" lon="-1.9224600">
        <ele>400.2</ele>
      </trkpt>
      <trkpt lat="42.6795400" lon="-1.9231500">
        <ele>397.1</ele>
      </trkpt>
      <trkpt lat="42.6797000" lon="-1.9238200">
        <ele>394.4</ele>
      </trkpt>
      <trkpt lat="42.6798500" lon="-1.9244900">
        <ele>392.0</ele>
      </trkpt>
      <trkpt lat="42.6800100" lon="-1.9251500">
        <ele>390.1</ele>
      </trkpt>
      <trkpt lat="42.6801600" lon="-1.9258200">
        <ele>388.7</ele>
      </trkpt>
      <trkpt lat="42.6803200" lon="-1.9264900">
        <ele>388.2</ele>
      </trkpt>
      <trkpt lat="42.6801100" lon="-1.9267600">
        <ele>387.6</ele>
      </trkpt>
      <trkpt lat="42.6799300" lon="-1.9271300">
        <ele>387.0</ele>
      </trkpt>
      <trkpt lat="42.6799700" lon="-1.9283100">
        <ele>386.5</ele>
      </trkpt>
      <trkpt lat="42.6798100" lon="-1.9285500">
        <ele>386.2</ele>
      </trkpt>
      <trkpt lat="42.6794300" lon="-1.9285400">
        <ele>386.0</ele>
      </trkpt>
      <trkpt lat="42.6793800" lon="-1.9285900">
        <ele>386.4</ele>
      </trkpt>
      <trkpt lat="42.6791500" lon="-1.9291500">
        <ele>387.3</ele>
      </trkpt>
      <trkpt lat="42.6789900" lon="-1.9299000">
        <ele>388.4</ele>
      </trkpt>
      <trkpt lat="42.6788800" lon="-1.9308000">
        <ele>389.1</ele>
      </trkpt>
      <trkpt lat="42.6790800" lon="-1.9311500">
        <ele>389.4</ele>
      </trkpt>
      <trkpt lat="42.6789900" lon="-1.9312500">
        <ele>389.2</ele>
      </trkpt>
      <trkpt lat="42.6792000" lon="-1.9315700">
        <ele>388.6</ele>
      </trkpt>
      <trkpt lat="42.6793800" lon="-1.9318100">
        <ele>387.9</ele>
      </trkpt>
      <trkpt lat="42.6798100" lon="-1.9322200">
        <ele>387.6</ele>
      </trkpt>
      <trkpt lat="42.6802400" lon="-1.9326200">
        <ele>387.7</ele>
      </trkpt>
      <trkpt lat="42.6805200" lon="-1.9329900">
        <ele>388.1</ele>
      </trkpt>
      <trkpt lat="42.6806300" lon="-1.9332600">
        <ele>388.5</ele>
      </trkpt>
      <trkpt lat="42.6807100" lon="-1.9340800">
        <ele>389.1</ele>
      </trkpt>
      <trkpt lat="42.6807800" lon="-1.9349000">
        <ele>389.5</ele>
      </trkpt>
      <trkpt lat="42.6809600" lon="-1.9355300">
        <ele>390.0</ele>
      </trkpt>
      <trkpt lat="42.6813000" lon="-1.9361300">
        <ele>390.8</ele>
      </trkpt>
      <trkpt lat="42.6809200" lon="-1.9372200">
        <ele>392.3</ele>
      </trkpt>
      <trkpt lat="42.6806900" lon="-1.9372600">
        <ele>394.6</ele>
      </trkpt>
      <trkpt lat="42.6800500" lon="-1.9376200">
        <ele>397.7</ele>
      </trkpt>
      <trkpt lat="42.6797200" lon="-1.9376600">
        <ele>401.1</ele>
      </trkpt>
      <trkpt lat="42.6793000" lon="-1.9380300">
        <ele>404.5</ele>
      </trkpt>
      <trkpt lat="42.6788700" lon="-1.9383900">
        <ele>407.6</ele>
      </trkpt>
      <trkpt lat="42.6782600" lon="-1.9383400">
        <ele>409.9</ele>
      </trkpt>
      <trkpt lat="42.6781000" lon="-1.9386900">
        <ele>411.6</ele>
      </trkpt>
      <trkpt lat="42.6780000" lon="-1.9387400">
        <ele>412.7</ele>
      </trkpt>
      <trkpt lat="42.6778800" lon="-1.9386100">
        <ele>413.3</ele>
      </trkpt>
      <trkpt lat="42.6777200" lon="-1.9386300">
        <ele>414.0</ele>
      </trkpt>
      <trkpt lat="42.6776300" lon="-1.9387900">
        <ele>415.1</ele>
      </trkpt>
      <trkpt lat="42.6771400" lon="-1.9391700">
        <ele>416.5</ele>
      </trkpt>
      <trkpt lat="42.6768000" lon="-1.9396300">
        <ele>418.6</ele>
      </trkpt>
      <trkpt lat="42.6764500" lon="-1.9400800">
        <ele>421.7</ele>
      </trkpt>
      <trkpt lat="42.6759700" lon="-1.9404700">
        <ele>425.3</ele>
      </trkpt>
      <trkpt lat="42.6754900" lon="-1.9408600">
        <ele>429.7</ele>
      </trkpt>
      <trkpt lat="42.6751600" lon="-1.9419000">
        <ele>435.1</ele>
      </trkpt>
      <trkpt lat="42.6747500" lon="-1.9425800">
        <ele>440.8</ele>
      </trkpt>
      <trkpt lat="42.6742300" lon="-1.9430600">
        <ele>446.1</ele>
      </trkpt>
      <trkpt lat="42.6737000" lon="-1.9435400">
        <ele>451.0</ele>
      </trkpt>
      <trkpt lat="42.6734100" lon="-1.9440800">
        <ele>455.0</ele>
      </trkpt>
      <trkpt lat="42.6730600" lon="-1.9446000">
        <ele>457.5</ele>
      </trkpt>
      <trkpt lat="42.6727000" lon="-1.9451200">
        <ele>458.8</ele>
      </trkpt>
      <trkpt lat="42.6723500" lon="-1.9456400">
        <ele>459.4</ele>
      </trkpt>
      <trkpt lat="42.6719900" lon="-1.9461600">
        <ele>459.5</ele>
      </trkpt>
      <trkpt lat="42.6718700" lon="-1.9464300">
        <ele>459.3</ele>
      </trkpt>
      <trkpt lat="42.6712600" lon="-1.9473200">
        <ele>459.5</ele>
      </trkpt>
      <trkpt lat="42.6710700" lon="-1.9479300">
        <ele>460.5</ele>
      </trkpt>
      <trkpt lat="42.6708700" lon="-1.9485300">
        <ele>462.4</ele>
      </trkpt>
      <trkpt lat="42.6705300" lon="-1.9490000">
        <ele>464.8</ele>
      </trkpt>
      <trkpt lat="42.6701500" lon="-1.9497200">
        <ele>467.6</ele>
      </trkpt>
      <trkpt lat="42.6697600" lon="-1.9504400">
        <ele>470.2</ele>
      </trkpt>
      <trkpt lat="42.6696100" lon="-1.9505200">
        <ele>472.4</ele>
      </trkpt>
      <trkpt lat="42.6695900" lon="-1.9507400">
        <ele>474.2</ele>
      </trkpt>
      <trkpt lat="42.6693700" lon="-1.9512800">
        <ele>475.6</ele>
      </trkpt>
      <trkpt lat="42.6691500" lon="-1.9518100">
        <ele>476.7</ele>
      </trkpt>
      <trkpt lat="42.6689300" lon="-1.9523500">
        <ele>477.5</ele>
      </trkpt>
      <trkpt lat="42.6687100" lon="-1.9529800">
        <ele>478.0</ele>
      </trkpt>
      <trkpt lat="42.6684800" lon="-1.9536100">
        <ele>478.1</ele>
      </trkpt>
      <trkpt lat="42.6683000" lon="-1.9542400">
        <ele>477.9</ele>
      </trkpt>
      <trkpt lat="42.6681100" lon="-1.9548700">
        <ele>477.8</ele>
      </trkpt>
      <trkpt lat="42.6679000" lon="-1.9553500">
        <ele>477.8</ele>
      </trkpt>
      <trkpt lat="42.6677500" lon="-1.9561300">
        <ele>478.2</ele>
      </trkpt>
      <trkpt lat="42.6675900" lon="-1.9569200">
        <ele>479.1</ele>
      </trkpt>
      <trkpt lat="42.6674400" lon="-1.9577000">
        <ele>480.4</ele>
      </trkpt>
      <trkpt lat="42.6672200" lon="-1.9583700">
        <ele>482.1</ele>
      </trkpt>
      <trkpt lat="42.6670900" lon="-1.9589600">
        <ele>483.8</ele>
      </trkpt>
      <trkpt lat="42.6669500" lon="-1.9595400">
        <ele>485.7</ele>
      </trkpt>
      <trkpt lat="42.6668200" lon="-1.9601300">
        <ele>487.2</ele>
      </trkpt>
      <trkpt lat="42.6665900" lon="-1.9609000">
        <ele>488.4</ele>
      </trkpt>
      <trkpt lat="42.6665200" lon="-1.9609900">
        <ele>489.1</ele>
      </trkpt>
      <trkpt lat="42.6664000" lon="-1.9610100">
        <ele>489.5</ele>
      </trkpt>
      <trkpt lat="42.6660100" lon="-1.9607600">
        <ele>489.4</ele>
      </trkpt>
      <trkpt lat="42.6657600" lon="-1.9609100">
        <ele>489.1</ele>
      </trkpt>
      <trkpt lat="42.6654500" lon="-1.9615100">
        <ele>488.3</ele>
      </trkpt>
      <trkpt lat="42.6651300" lon="-1.9621100">
        <ele>487.2</ele>
      </trkpt>
      <trkpt lat="42.6651200" lon="-1.9623400">
        <ele>485.6</ele>
      </trkpt>
      <trkpt lat="42.6647600" lon="-1.9630100">
        <ele>483.5</ele>
      </trkpt>
      <trkpt lat="42.6645800" lon="-1.9636300">
        <ele>481.1</ele>
      </trkpt>
      <trkpt lat="42.6645700" lon="-1.9644600">
        <ele>478.5</ele>
      </trkpt>
      <trkpt lat="42.6646900" lon="-1.9651600">
        <ele>476.0</ele>
      </trkpt>
      <trkpt lat="42.6646500" lon="-1.9659400">
        <ele>473.5</ele>
      </trkpt>
      <trkpt lat="42.6646000" lon="-1.9667100">
        <ele>471.0</ele>
      </trkpt>
      <trkpt lat="42.6644600" lon="-1.9678100">
        <ele>468.4</ele>
      </trkpt>
      <trkpt lat="42.6644200" lon="-1.9685500">
        <ele>465.8</ele>
      </trkpt>
      <trkpt lat="42.6643800" lon="-1.9692800">
        <ele>463.2</ele>
      </trkpt>
      <trkpt lat="42.6640100" lon="-1.9702600">
        <ele>460.9</ele>
      </trkpt>
      <trkpt lat="42.6639200" lon="-1.9706400">
        <ele>459.0</ele>
      </trkpt>
      <trkpt lat="42.6639000" lon="-1.9713200">
        <ele>457.5</ele>
      </trkpt>
      <trkpt lat="42.6638700" lon="-1.9720000">
        <ele>456.1</ele>
      </trkpt>
      <trkpt lat="42.6638500" lon="-1.9726800">
        <ele>454.8</ele>
      </trkpt>
      <trkpt lat="42.6638200" lon="-1.9733700">
        <ele>453.4</ele>
      </trkpt>
      <trkpt lat="42.6638000" lon="-1.9740500">
        <ele>451.9</ele>
      </trkpt>
      <trkpt lat="42.6637700" lon="-1.9747300">
        <ele>450.5</ele>
      </trkpt>
      <trkpt lat="42.6637500" lon="-1.9754100">
        <ele>449.2</ele>
      </trkpt>
      <trkpt lat="42.6636700" lon="-1.9755600">
        <ele>448.1</ele>
      </trkpt>
      <trkpt lat="42.6634800" lon="-1.9756600">
        <ele>447.1</ele>
      </trkpt>
      <trkpt lat="42.6633300" lon="-1.9755500">
        <ele>446.2</ele>
      </trkpt>
      <trkpt lat="42.6632400" lon="-1.9755900">
        <ele>445.3</ele>
      </trkpt>
      <trkpt lat="42.6630000" lon="-1.9763300">
        <ele>444.3</ele>
      </trkpt>
      <trkpt lat="42.6630100" lon="-1.9765800">
        <ele>443.4</ele>
      </trkpt>
      <trkpt lat="42.6631600" lon="-1.9771900">
        <ele>442.6</ele>
      </trkpt>
      <trkpt lat="42.6633200" lon="-1.9777900">
        <ele>441.9</ele>
      </trkpt>
      <trkpt lat="42.6634700" lon="-1.9784000">
        <ele>441.0</ele>
      </trkpt>
      <trkpt lat="42.6636000" lon="-1.9790800">
        <ele>440.1</ele>
      </trkpt>
      <trkpt lat="42.6637300" lon="-1.9797600">
        <ele>439.2</ele>
      </trkpt>
      <trkpt lat="42.6637200" lon="-1.9804800">
        <ele>438.2</ele>
      </trkpt>
      <trkpt lat="42.6635000" lon="-1.9811900">
        <ele>437.1</ele>
      </trkpt>
      <trkpt lat="42.6635100" lon="-1.9818700">
        <ele>436.0</ele>
      </trkpt>
      <trkpt lat="42.6635200" lon="-1.9825400">
        <ele>435.0</ele>
      </trkpt>
      <trkpt lat="42.6635300" lon="-1.9832200">
        <ele>433.8</ele>
      </trkpt>
      <trkpt lat="42.6636300" lon="-1.9842900">
        <ele>432.7</ele>
      </trkpt>
      <trkpt lat="42.6634800" lon="-1.9850700">
        <ele>431.5</ele>
      </trkpt>
      <trkpt lat="42.6636000" lon="-1.9859600">
        <ele>430.5</ele>
      </trkpt>
      <trkpt lat="42.6635400" lon="-1.9863700">
        <ele>429.6</ele>
      </trkpt>
      <trkpt lat="42.6636100" lon="-1.9866500">
        <ele>428.8</ele>
      </trkpt>
      <trkpt lat="42.6629800" lon="-1.9874700">
        <ele>428.0</ele>
      </trkpt>
      <trkpt lat="42.6626300" lon="-1.9882200">
        <ele>427.4</ele>
      </trkpt>
      <trkpt lat="42.6622700" lon="-1.9889600">
        <ele>426.8</ele>
      </trkpt>
      <trkpt lat="42.6616200" lon="-1.9897300">
        <ele>426.2</ele>
      </trkpt>
      <trkpt lat="42.6612400" lon="-1.9898900">
        <ele>425.6</ele>
      </trkpt>
      <trkpt lat="42.6614000" lon="-1.9905700">
        <ele>425.1</ele>
      </trkpt>
      <trkpt lat="42.6609100" lon="-1.9907900">
        <ele>424.6</ele>
      </trkpt>
      <trkpt lat="42.6604200" lon="-1.9910100">
        <ele>424.1</ele>
      </trkpt>
      <trkpt lat="42.6603000" lon="-1.9911100">
        <ele>423.8</ele>
      </trkpt>
      <trkpt lat="42.6601600" lon="-1.9913700">
        <ele>423.9</ele>
      </trkpt>
      <trkpt lat="42.6594400" lon="-1.9916200">
        <ele>424.5</ele>
      </trkpt>
      <trkpt lat="42.6593400" lon="-1.9921100">
        <ele>425.8</ele>
      </trkpt>
      <trkpt lat="42.6590400" lon="-1.9921900">
        <ele>427.6</ele>
      </trkpt>
      <trkpt lat="42.6587200" lon="-1.9924800">
        <ele>429.9</ele>
      </trkpt>
      <trkpt lat="42.6585600" lon="-1.9930500">
        <ele>432.3</ele>
      </trkpt>
      <trkpt lat="42.6583900" lon="-1.9936200">
        <ele>434.7</ele>
      </trkpt>
      <trkpt lat="42.6581800" lon="-1.9940100">
        <ele>436.8</ele>
      </trkpt>
      <trkpt lat="42.6585100" lon="-1.9947900">
        <ele>438.5</ele>
      </trkpt>
      <trkpt lat="42.6587600" lon="-1.9949200">
        <ele>439.6</ele>
      </trkpt>
      <trkpt lat="42.6593000" lon="-1.9954600">
        <ele>440.2</ele>
      </trkpt>
      <trkpt lat="42.6597300" lon="-1.9963200">
        <ele>440.4</ele>
      </trkpt>
      <trkpt lat="42.6599300" lon="-1.9971200">
        <ele>440.4</ele>
      </trkpt>
      <trkpt lat="42.6601200" lon="-1.9979100">
        <ele>440.3</ele>
      </trkpt>
      <trkpt lat="42.6602100" lon="-1.9979300">
        <ele>440.5</ele>
      </trkpt>
      <trkpt lat="42.6604200" lon="-1.9986200">
        <ele>440.9</ele>
      </trkpt>
      <trkpt lat="42.6606300" lon="-1.9993100">
        <ele>441.7</ele>
      </trkpt>
      <trkpt lat="42.6607200" lon="-2.0000000">
        <ele>442.8</ele>
      </trkpt>
      <trkpt lat="42.6608100" lon="-2.0007000">
        <ele>444.1</ele>
      </trkpt>
      <trkpt lat="42.6609000" lon="-2.0013900">
        <ele>445.4</ele>
      </trkpt>
      <trkpt lat="42.6609900" lon="-2.0020800">
        <ele>446.6</ele>
      </trkpt>
      <trkpt lat="42.6613800" lon="-2.0027700">
        <ele>447.5</ele>
      </trkpt>
      <trkpt lat="42.6614100" lon="-2.0029400">
        <ele>447.6</ele>
      </trkpt>
      <trkpt lat="42.6612500" lon="-2.0040700">
        <ele>446.9</ele>
      </trkpt>
      <trkpt lat="42.6612900" lon="-2.0046200">
        <ele>445.0</ele>
      </trkpt>
      <trkpt lat="42.6612000" lon="-2.0053800">
        <ele>441.9</ele>
      </trkpt>
      <trkpt lat="42.6612500" lon="-2.0060500">
        <ele>437.8</ele>
      </trkpt>
      <trkpt lat="42.6615000" lon="-2.0065400">
        <ele>433.0</ele>
      </trkpt>
      <trkpt lat="42.6612000" lon="-2.0068000">
        <ele>428.3</ele>
      </trkpt>
      <trkpt lat="42.6613100" lon="-2.0070600">
        <ele>424.0</ele>
      </trkpt>
      <trkpt lat="42.6612300" lon="-2.0074600">
        <ele>420.5</ele>
      </trkpt>
      <trkpt lat="42.6610100" lon="-2.0077800">
        <ele>417.9</ele>
      </trkpt>
      <trkpt lat="42.6603100" lon="-2.0080000">
        <ele>416.2</ele>
      </trkpt>
      <trkpt lat="42.6598400" lon="-2.0082600">
        <ele>414.9</ele>
      </trkpt>
      <trkpt lat="42.6600500" lon="-2.0086000">
        <ele>413.7</ele>
      </trkpt>
      <trkpt lat="42.6602700" lon="-2.0086500">
        <ele>413.0</ele>
      </trkpt>
      <trkpt lat="42.6606800" lon="-2.0093300">
        <ele>413.0</ele>
      </trkpt>
      <trkpt lat="42.6607600" lon="-2.0096900">
        <ele>413.7</ele>
      </trkpt>
      <trkpt lat="42.6607400" lon="-2.0100100">
        <ele>415.3</ele>
      </trkpt>
      <trkpt lat="42.6610300" lon="-2.0107900">
        <ele>417.9</ele>
      </trkpt>
      <trkpt lat="42.6613100" lon="-2.0112800">
        <ele>420.8</ele>
      </trkpt>
      <trkpt lat="42.6615200" lon="-2.0115200">
        <ele>423.5</ele>
      </trkpt>
      <trkpt lat="42.6620500" lon="-2.0117700">
        <ele>425.7</ele>
      </trkpt>
      <trkpt lat="42.6622800" lon="-2.0119500">
        <ele>427.2</ele>
      </trkpt>
      <trkpt lat="42.6627400" lon="-2.0125300">
        <ele>427.9</ele>
      </trkpt>
      <trkpt lat="42.6632000" lon="-2.0131200">
        <ele>427.7</ele>
      </trkpt>
      <trkpt lat="42.6633800" lon="-2.0135600">
        <ele>427.1</ele>
      </trkpt>
      <trkpt lat="42.6633400" lon="-2.0139500">
        <ele>426.3</ele>
      </trkpt>
      <trkpt lat="42.6634000" lon="-2.0145500">
        <ele>425.4</ele>
      </trkpt>
      <trkpt lat="42.6633400" lon="-2.0150900">
        <ele>424.7</ele>
      </trkpt>
      <trkpt lat="42.6631600" lon="-2.0157700">
        <ele>424.4</ele>
      </trkpt>
      <trkpt lat="42.6629800" lon="-2.0164400">
        <ele>424.5</ele>
      </trkpt>
      <trkpt lat="42.6629600" lon="-2.0171300">
        <ele>424.6</ele>
      </trkpt>
      <trkpt lat="42.6625500" lon="-2.0181900">
        <ele>425.0</ele>
      </trkpt>
      <trkpt lat="42.6626100" lon="-2.0190200">
        <ele>425.5</ele>
      </trkpt>
      <trkpt lat="42.6628500" lon="-2.0195400">
        <ele>425.7</ele>
      </trkpt>
      <trkpt lat="42.6630500" lon="-2.0201700">
        <ele>425.8</ele>
      </trkpt>
      <trkpt lat="42.6635300" lon="-2.0209500">
        <ele>425.9</ele>
      </trkpt>
      <trkpt lat="42.6635500" lon="-2.0212100">
        <ele>425.9</ele>
      </trkpt>
      <trkpt lat="42.6639700" lon="-2.0214600">
        <ele>425.7</ele>
      </trkpt>
      <trkpt lat="42.6644000" lon="-2.0217200">
        <ele>425.5</ele>
      </trkpt>
      <trkpt lat="42.6648200" lon="-2.0219700">
        <ele>425.1</ele>
      </trkpt>
      <trkpt lat="42.6651600" lon="-2.0220400">
        <ele>424.5</ele>
      </trkpt>
      <trkpt lat="42.6656300" lon="-2.0219600">
        <ele>423.6</ele>
      </trkpt>
      <trkpt lat="42.6663600" lon="-2.0222300">
        <ele>422.8</ele>
      </trkpt>
      <trkpt lat="42.6669600" lon="-2.0226700">
        <ele>422.5</ele>
      </trkpt>
      <trkpt lat="42.6674500" lon="-2.0228800">
        <ele>422.4</ele>
      </trkpt>
      <trkpt lat="42.6679400" lon="-2.0230900">
        <ele>422.8</ele>
      </trkpt>
      <trkpt lat="42.6684300" lon="-2.0233000">
        <ele>423.4</ele>
      </trkpt>
      <trkpt lat="42.6687700" lon="-2.0236100">
        <ele>424.0</ele>
      </trkpt>
      <trkpt lat="42.6693400" lon="-2.0237800">
        <ele>424.2</ele>
      </trkpt>
      <trkpt lat="42.6697100" lon="-2.0242000">
        <ele>424.1</ele>
      </trkpt>
      <trkpt lat="42.6697800" lon="-2.0243300">
        <ele>423.9</ele>
      </trkpt>
      <trkpt lat="42.6698100" lon="-2.0250500">
        <ele>423.8</ele>
      </trkpt>
      <trkpt lat="42.6698400" lon="-2.0257600">
        <ele>423.8</ele>
      </trkpt>
      <trkpt lat="42.6698600" lon="-2.0264800">
        <ele>424.2</ele>
      </trkpt>
      <trkpt lat="42.6698900" lon="-2.0271900">
        <ele>425.0</ele>
      </trkpt>
      <trkpt lat="42.6697400" lon="-2.0282100">
        <ele>425.4</ele>
      </trkpt>
      <trkpt lat="42.6694200" lon="-2.0293000">
        <ele>425.9</ele>
      </trkpt>
    </trkseg>
  </trk>
</gpx>