<?xml version='1.0' encoding='utf-8'?>
<TrainingCenterDatabase xmlns="http://www.garmin.com/xmlschemas/TrainingCenterDatabase/v2">
  <Courses>
    <Course>
      <Name>camino-2027-day</Name>
      <Lap>
        <TotalTimeSeconds>21609</TotalTimeSeconds>
        <DistanceMeters>90037.5</DistanceMeters>
        <BeginPosition>
          <LatitudeDegrees>42.4205000</LatitudeDegrees>
          <LongitudeDegrees>-3.1925000</LongitudeDegrees>
        </BeginPosition>
        <EndPosition>
          <LatitudeDegrees>42.2893000</LatitudeDegrees>
          <LongitudeDegrees>-4.1419000</LongitudeDegrees>
        </EndPosition>
        <Intensity>Active</Intensity>
      </Lap>
      <Track>
        <Trackpoint>
          <Time>2027-05-09T07:00:00Z</Time>
          <Position>
            <LatitudeDegrees>42.4205000</LatitudeDegrees>
            <LongitudeDegrees>-3.1925000</LongitudeDegrees>
          </Position>
          <AltitudeMeters>768.5</AltitudeMeters>
          <DistanceMeters>0.0</DistanceMeters>
        </Trackpoint>
        <Trackpoint>
          <Time>2027-05-09T07:00:12Z</Time>
          <Position>
            <LatitudeDegrees>42.4202800</LatitudeDegrees>
            <LongitudeDegrees>-3.1930700</LongitudeDegrees>
          </Position>
          <AltitudeMeters>768.5</AltitudeMeters>
          <DistanceMeters>52.8</DistanceMeters>
        </Trackpoint>
        <Trackpoint>
          <Time>2027-05-09T07:00:25Z</Time>
          <Position>
            <LatitudeDegrees>42.4200600</LatitudeDegrees>
            <LongitudeDegrees>-3.1936500</LongitudeDegrees>
          </Position>
          <AltitudeMeters>768.3</AltitudeMeters>
          <DistanceMeters>106.3</DistanceMeters>
        </Trackpoint>
        <Trackpoint>
          <Time>2027-05-09T07:00:40Z</Time>
          <Position>
            <LatitudeDegrees>42.4197400</LatitudeDegrees>
            <LongitudeDegrees>-3.1942600</LongitudeDegrees>
          </Position>
          <AltitudeMeters>768.1</AltitudeMeters>
          <DistanceMeters>167.8</DistanceMeters>
        </Trackpoint>
        <Trackpoint>
          <Time>2027-05-09T07:00:55Z</Time>
          <Position>
            <LatitudeDegrees>42.4194100</LatitudeDegrees>
            <LongitudeDegrees>-3.1948800</LongitudeDegrees>
          </Position>
          <AltitudeMeters>767.6</AltitudeMeters>
          <DistanceMeters>230.5</DistanceMeters>
        </Trackpoint>
        <Trackpoint>
          <Time>2027-05-09T07:01:16Z</Time>
          <Position>
            <LatitudeDegrees>42.4188800</LatitudeDegrees>
            <LongitudeDegrees>-3.1956500</LongitudeDegrees>
          </Position>
          <AltitudeMeters>767.1</AltitudeMeters>
          <DistanceMeters>316.9</DistanceMeters>
        </Trackpoint>
        <Trackpoint>
          <Time>2027-05-09T07:01:33Z</Time>
          <Position>
            <LatitudeDegrees>42.4187900</LatitudeDegrees>
            <LongitudeDegrees>-3.1965300</LongitudeDegrees>
          </Position>
          <AltitudeMeters>766.6</AltitudeMeters>
          <DistanceMeters>389.8</DistanceMeters>
        </Trackpoint>
        <Trackpoint>
          <Time>2027-05-09T07:01:52Z</Time>
          <Position>
            <LatitudeDegrees>42.4184900</LatitudeDegrees>
            <LongitudeDegrees>-3.1974100</LongitudeDegrees>
          </Position>
          <AltitudeMeters>766.1</AltitudeMeters>
          <DistanceMeters>469.4</DistanceMeters>
        </Trackpoint>
        <Trackpoint>
          <Time>2027-05-09T07:02:12Z</Time>
          <Position>
            <LatitudeDegrees>42.4182700</LatitudeDegrees>
            <LongitudeDegrees>-3.1983800</LongitudeDegrees>
          </Position>
          <AltitudeMeters>765.6</AltitudeMeters>
          <DistanceMeters>552.7</DistanceMeters>
        </Trackpoint>
        <Trackpoint>
          <Time>2027-05-09T07:02:25Z</Time>
          <Position>
            <LatitudeDegrees>42.4181700</LatitudeDegrees>
            <LongitudeDegrees>-3.1990400</LongitudeDegrees>
          </Position>
          <AltitudeMeters>765.5</AltitudeMeters>
          <DistanceMeters>608.0</DistanceMeters>
        </Trackpoint>
        <Trackpoint>
          <Time>2027-05-09T07:02:38Z</Time>
          <Position>
            <LatitudeDegrees>42.4180800</LatitudeDegrees>
            <LongitudeDegrees>-3.1996900</LongitudeDegrees>
          </Position>
          <AltitudeMeters>765.3</AltitudeMeters>
          <DistanceMeters>662.3</DistanceMeters>
        </Trackpoint>
        <Trackpoint>
          <Time>2027-05-09T07:02:52Z</Time>
          <Position>
            <LatitudeDegrees>42.4179800</LatitudeDegrees>
            <LongitudeDegrees>-3.2003500</LongitudeDegrees>
          </Position>
          <AltitudeMeters>764.9</AltitudeMeters>
          <DistanceMeters>717.6</DistanceMeters>
        </Trackpoint>
        <Trackpoint>
          <Time>2027-05-09T07:03:09Z</Time>
          <Position>
            <LatitudeDegrees>42.4176700</LatitudeDegrees>
            <LongitudeDegrees>-3.2011100</LongitudeDegrees>
          </Position>
          <AltitudeMeters>764.6</AltitudeMeters>
          <DistanceMeters>788.9</DistanceMeters>
        </Trackpoint>
        <Trackpoint>
          <Time>2027-05-09T07:03:14Z</Time>
          <Position>
            <LatitudeDegrees>42.4177400</LatitudeDegrees>
            <LongitudeDegrees>-3.2013800</LongitudeDegrees>
          </Position>
          <AltitudeMeters>764.0</AltitudeMeters>
          <DistanceMeters>812.4</DistanceMeters>
        </Trackpoint>
        <Trackpoint>
          <Time>2027-05-09T07:03:18Z</Time>
          <Position>
            <LatitudeDegrees>42.4176600</LatitudeDegrees>
            <LongitudeDegrees>-3.2014900</LongitudeDegrees>
          </Position>
          <AltitudeMeters>763.2</AltitudeMeters>
          <DistanceMeters>825.1</DistanceMeters>
        </Trackpoint>
        <Trackpoint>
          <Time>2027-05-09T07:03:32Z</Time>
          <Position>
            <LatitudeDegrees>42.4179400</LatitudeDegrees>
            <LongitudeDegrees>-3.2021100</LongitudeDegrees>
          </Position>
          <AltitudeMeters>762.9</AltitudeMeters>
          <DistanceMeters>884.7</DistanceMeters>
        </Trackpoint>
        <Trackpoint>
          <Time>2027-05-09T07:03:46Z</Time>
          <Position>
            <LatitudeDegrees>42.4182200</LatitudeDegrees>
            <LongitudeDegrees>-3.2027200</LongitudeDegrees>
          </Position>
          <AltitudeMeters>762.8</AltitudeMeters>
          <DistanceMeters>943.7</DistanceMeters>
        </Trackpoint>
        <Trackpoint>
          <Time>2027-05-09T07:04:00Z</Time>
          <Position>
            <LatitudeDegrees>42.4185000</LatitudeDegrees>
            <LongitudeDegrees>-3.2033400</LongitudeDegrees>
          </Position>
          <AltitudeMeters>762.9</AltitudeMeters>
          <DistanceMeters>1003.3</DistanceMeters>
        </Trackpoint>
        <Trackpoint>
          <Time>2027-05-09T07:04:07Z</Time>
          <Position>
            <LatitudeDegrees>42.4185600</LatitudeDegrees>
            <LongitudeDegrees>-3.2036900</LongitudeDegrees>
          </Position>
          <AltitudeMeters>763.8</AltitudeMeters>
          <DistanceMeters>1032.8</DistanceMeters>
        </Trackpoint>
        <Trackpoint>
          <Time>2027-05-09T07:04:16Z</Time>
          <Position>
            <LatitudeDegrees>42.4185400</LatitudeDegrees>
            <LongitudeDegrees>-3.2041100</LongitudeDegrees>
          </Position>
          <AltitudeMeters>765.5</AltitudeMeters>
          <DistanceMeters>1067.4</DistanceMeters>
        </Trackpoint>
        <Trackpoint>
          <Time>2027-05-09T07:04:30Z</Time>
          <Position>
            <LatitudeDegrees>42.4183000</LatitudeDegrees>
            <LongitudeDegrees>-3.2047400</LongitudeDegrees>
          </Position>
          <AltitudeMeters>767.1</AltitudeMeters>
          <DistanceMeters>1125.6</DistanceMeters>
        </Trackpoint>
        <Trackpoint>
          <Time>2027-05-09T07:04:43Z</Time>
          <Position>
            <LatitudeDegrees>42.4180600</LatitudeDegrees>
            <LongitudeDegrees>-3.2053600</LongitudeDegrees>
          </Position>
          <AltitudeMeters>768.5</AltitudeMeters>
          <DistanceMeters>1183.1</DistanceMeters>
        </Trackpoint>
        <Trackpoint>
          <Time>2027-05-09T07:04:54Z</Time>
          <Position>
            <LatitudeDegrees>42.4178000</LatitudeDegrees>
            <LongitudeDegrees>-3.2057400</LongitudeDegrees>
          </Position>
          <AltitudeMeters>770.0</AltitudeMeters>
          <DistanceMeters>1225.6</DistanceMeters>
        </Trackpoint>
        <Trackpoint>
          <Time>2027-05-09T07:04:57Z</Time>
          <Position>
            <LatitudeDegrees>42.4176700</LatitudeDegrees>
            <LongitudeDegrees>-3.2057900</LongitudeDegrees>
          </Position>
          <AltitudeMeters>771.5</AltitudeMeters>
          <DistanceMeters>1240.6</DistanceMeters>
        </Trackpoint>
        <Trackpoint>
          <Time>2027-05-09T07:05:09Z</Time>
          <Position>
            <LatitudeDegrees>42.4173400</LatitudeDegrees>
            <LongitudeDegrees>-3.2062100</LongitudeDegrees>
          </Position>
          <AltitudeMeters>772.5</AltitudeMeters>
          <DistanceMeters>1291.0</DistanceMeters>
        </Trackpoint>
        <Trackpoint>
          <Time>2027-05-09T07:05:24Z</Time>
          <Position>
            <LatitudeDegrees>42.4170500</LatitudeDegrees>
            <LongitudeDegrees>-3.2068300</LongitudeDegrees>
          </Position>
          <AltitudeMeters>773.5</AltitudeMeters>
          <DistanceMeters>1351.2</DistanceMeters>
        </Trackpoint>
        <Trackpoint>
          <Time>2027-05-09T07:05:38Z</Time>
          <Position>
            <LatitudeDegrees>42.4167500</LatitudeDegrees>
            <LongitudeDegrees>-3.2074400</LongitudeDegrees>
          </Position>
          <AltitudeMeters>774.6</AltitudeMeters>
          <DistanceMeters>1411.4</DistanceMeters>
        </Trackpoint>
        <Trackpoint>
          <Time>2027-05-09T07:06:02Z</Time>
          <Position>
            <LatitudeDegrees>42.4163500</LatitudeDegrees>
            <LongitudeDegrees>-3.2085100</LongitudeDegrees>
          </Position>
          <AltitudeMeters>775.6</AltitudeMeters>
          <DistanceMeters>1509.8</DistanceMeters>
        </Trackpoint>
        <Trackpoint>
          <Time>2027-05-09T07:06:08Z</Time>
          <Position>
            <LatitudeDegrees>42.4163600</LatitudeDegrees>
            <LongitudeDegrees>-3.2088000</LongitudeDegrees>
          </Position>
          <AltitudeMeters>776.7</AltitudeMeters>
          <DistanceMeters>1533.7</DistanceMeters>
        </Trackpoint>
        <Trackpoint>
          <Time>2027-05-09T07:06:13Z</Time>
          <Position>
            <LatitudeDegrees>42.4162500</LatitudeDegrees>
            <LongitudeDegrees>-3.2090100</LongitudeDegrees>
          </Position>
          <AltitudeMeters>778.3</AltitudeMeters>
          <DistanceMeters>1554.8</DistanceMeters>
        </Trackpoint>
        <Trackpoint>
          <Time>2027-05-09T07:06:36Z</Time>
          <Position>
            <LatitudeDegrees>42.4159500</LatitudeDegrees>
            <LongitudeDegrees>-3.2101400</LongitudeDegrees>
          </Position>
          <AltitudeMeters>780.1</AltitudeMeters>
          <DistanceMeters>1653.4</DistanceMeters>
        </Trackpoint>
        <Trackpoint>
          <Time>2027-05-09T07:06:50Z</Time>
          <Position>
            <LatitudeDegrees>42.4156500</LatitudeDegrees>
            <LongitudeDegrees>-3.2106900</LongitudeDegrees>
          </Position>
          <AltitudeMeters>782.2</AltitudeMeters>
          <DistanceMeters>1709.5</DistanceMeters>
        </Trackpoint>
        <Trackpoint>
          <Time>2027-05-09T07:07:03Z</Time>
          <Position>
            <LatitudeDegrees>42.4153500</LatitudeDegrees>
            <LongitudeDegrees>-3.2112500</LongitudeDegrees>
          </Position>
          <AltitudeMeters>784.3</AltitudeMeters>
          <DistanceMeters>1766.3</DistanceMeters>
        </Trackpoint>
        <Trackpoint>
          <Time>2027-05-09T07:07:17Z</Time>
          <Position>
            <LatitudeDegrees>42.4150500</LatitudeDegrees>
            <LongitudeDegrees>-3.2118000</LongitudeDegrees>
          </Position>
          <AltitudeMeters>786.0</AltitudeMeters>
          <DistanceMeters>1822.5</DistanceMeters>
        </Trackpoint>
        <Trackpoint>
          <Time>2027-05-09T07:07:30Z</Time>
          <Position>
            <LatitudeDegrees>42.4148800</LatitudeDegrees>
            <LongitudeDegrees>-3.2124500</LongitudeDegrees>
          </Position>
          <AltitudeMeters>787.0</AltitudeMeters>
          <DistanceMeters>1879.1</DistanceMeters>
        </Trackpoint>
        <Trackpoint>
          <Time>2027-05-09T07:07:44Z</Time>
          <Position>
            <LatitudeDegrees>42.4147100</LatitudeDegrees>
            <LongitudeDegrees>-3.2130900</LongitudeDegrees>
          </Position>
          <AltitudeMeters>787.6</AltitudeMeters>
          <DistanceMeters>1934.9</DistanceMeters>
        </Trackpoint>
        <Trackpoint>
          <Time>2027-05-09T07:07:56Z</Time>
          <Position>
            <LatitudeDegrees>42.4146200</LatitudeDegrees>
            <LongitudeDegrees>-3.2136900</LongitudeDegrees>
          </Position>
          <AltitudeMeters>788.0</AltitudeMeters>
          <DistanceMeters>1985.2</DistanceMeters>
        </Trackpoint>
        <Trackpoint>
          <Time>2027-05-09T07:08:07Z</Time>
          <Position>
            <LatitudeDegrees>42.4144300</LatitudeDegrees>
            <LongitudeDegrees>-3.2142100</LongitudeDegrees>
          </Position>
          <AltitudeMeters>788.5</AltitudeMeters>
          <DistanceMeters>2032.8</DistanceMeters>
        </Trackpoint>
        <Trackpoint>
          <Time>2027-05-09T07:08:20Z</Time>
          <Position>
            <LatitudeDegrees>42.4142900</LatitudeDegrees>
            <LongitudeDegrees>-3.2148300</LongitudeDegrees>
          </Position>
          <AltitudeMeters>788.9</AltitudeMeters>
          <DistanceMeters>2086.0</DistanceMeters>
        </Trackpoint>
        <Trackpoint>
          <Time>2027-05-09T07:08:33Z</Time>
          <Position>
            <LatitudeDegrees>42.4140400</LatitudeDegrees>
            <LongitudeDegrees>-3.2153900</LongitudeDegrees>
          </Position>
          <AltitudeMeters>789.2</AltitudeMeters>
          <DistanceMeters>2139.8</DistanceMeters>
        </Trackpoint>
        <Trackpoint>
          <Time>2027-05-09T07:08:46Z</Time>
          <Position>
            <LatitudeDegrees>42.4137800</LatitudeDegrees>
            <LongitudeDegrees>-3.2159500</LongitudeDegrees>
          </Position>
          <AltitudeMeters>789.6</AltitudeMeters>
          <DistanceMeters>2194.1</DistanceMeters>
        </Trackpoint>
        <Trackpoint>
          <Time>2027-05-09T07:08:59Z</Time>
          <Position>
            <LatitudeDegrees>42.4135300</LatitudeDegrees>
            <LongitudeDegrees>-3.2165100</LongitudeDegrees>
          </Position>
          <AltitudeMeters>790.4</AltitudeMeters>
          <DistanceMeters>2247.8</DistanceMeters>
        </Trackpoint>
        <Trackpoint>
          <Time>2027-05-09T07:09:13Z</Time>
          <Position>
            <LatitudeDegrees>42.4133200</LatitudeDegrees>
            <LongitudeDegrees>-3.2171700</LongitudeDegrees>
          </Position>
          <AltitudeMeters>790.9</AltitudeMeters>
          <DistanceMeters>2306.8</DistanceMeters>
        </Trackpoint>
        <Trackpoint>
          <Time>2027-05-09T07:09:28Z</Time>
          <Position>
            <LatitudeDegrees>42.4131000</LatitudeDegrees>
            <LongitudeDegrees>-3.2178400</LongitudeDegrees>
          </Position>
          <AltitudeMeters>791.3</AltitudeMeters>
          <DistanceMeters>2367.0</DistanceMeters>
        </Trackpoint>
        <Trackpoint>
          <Time>2027-05-09T07:09:42Z</Time>
          <Position>
            <LatitudeDegrees>42.4128900</LatitudeDegrees>
            <LongitudeDegrees>-3.2185000</LongitudeDegrees>
          </Position>
          <AltitudeMeters>792.0</AltitudeMeters>
          <DistanceMeters>2426.0</DistanceMeters>
        </Trackpoint>
        <Trackpoint>
          <Time>2027-05-09T07:09:56Z</Time>
          <Position>
            <LatitudeDegrees>42.4127900</LatitudeDegrees>
            <LongitudeDegrees>-3.2192100</LongitudeDegrees>
          </Position>
          <AltitudeMeters>792.4</AltitudeMeters>
          <DistanceMeters>2485.3</DistanceMeters>
        </Trackpoint>
        <Trackpoint>
          <Time>2027-05-09T07:10:10Z</Time>
          <Position>
            <LatitudeDegrees>42.4126900</LatitudeDegrees>
            <LongitudeDegrees>-3.2199200</LongitudeDegrees>
          </Position>
          <AltitudeMeters>792.6</AltitudeMeters>
          <DistanceMeters>2544.7</DistanceMeters>
        </Trackpoint>
        <Trackpoint>
          <Time>2027-05-09T07:10:26Z</Time>
          <Position>
            <LatitudeDegrees>42.4126500</LatitudeDegrees>
            <LongitudeDegrees>-3.2207100</LongitudeDegrees>
          </Position>
          <AltitudeMeters>793.1</AltitudeMeters>
          <DistanceMeters>2609.7</DistanceMeters>
        </Trackpoint>
        <Trackpoint>
          <Time>2027-05-09T07:10:41Z</Time>
          <Position>
            <LatitudeDegrees>42.4126000</LatitudeDegrees>
            <LongitudeDegrees>-3.2214900</LongitudeDegrees>
          </Position>
          <AltitudeMeters>793.8</AltitudeMeters>
          <DistanceMeters>2673.9</DistanceMeters>
        </Trackpoint>
        <Trackpoint>
          <Time>2027-05-09T07:10:55Z</Time>
          <Position>
            <LatitudeDegrees>42.4124700</LatitudeDegrees>
            <LongitudeDegrees>-3.2221400</LongitudeDegrees>
          </Position>
          <AltitudeMeters>794.6</AltitudeMeters>
          <DistanceMeters>2729.2</DistanceMeters>
        </Trackpoint>
        <Trackpoint>
          <Time>2027-05-09T07:11:08Z</Time>
          <Position>
            <LatitudeDegrees>42.4124200</LatitudeDegrees>
            <LongitudeDegrees>-3.2228200</LongitudeDegrees>
          </Position>
          <AltitudeMeters>795.5</AltitudeMeters>
          <DistanceMeters>2785.3</DistanceMeters>
        </Trackpoint>
        <Trackpoint>
          <Time>2027-05-09T07:11:21Z</Time>
          <Position>
            <LatitudeDegrees>42.4123600</LatitudeDegrees>
            <LongitudeDegrees>-3.2235000</LongitudeDegrees>
          </Position>
          <AltitudeMeters>796.3</AltitudeMeters>
          <DistanceMeters>2841.6</DistanceMeters>
        </Trackpoint>
        <Trackpoint>
          <Time>2027-05-09T07:11:35Z</Time>
          <Position>
            <LatitudeDegrees>42.4123100</LatitudeDegrees>
            <LongitudeDegrees>-3.2241800</LongitudeDegrees>
          </Position>
          <AltitudeMeters>797.1</AltitudeMeters>
          <DistanceMeters>2897.7</DistanceMeters>
        </Trackpoint>
        <Trackpoint>
          <Time>2027-05-09T07:11:48Z</Time>
          <Position>
            <LatitudeDegrees>42.4121500</LatitudeDegrees>
            <LongitudeDegrees>-3.2248200</LongitudeDegrees>
          </Position>
          <AltitudeMeters>797.8</AltitudeMeters>
          <DistanceMeters>2953.1</DistanceMeters>
        </Trackpoint>
        <Trackpoint>
          <Time>2027-05-09T07:12:02Z</Time>
          <Position>
            <LatitudeDegrees>42.4119900</LatitudeDegrees>
            <LongitudeDegrees>-3.2254600</LongitudeDegrees>
          </Position>
          <AltitudeMeters>798.2</AltitudeMeters>
          <DistanceMeters>3008.6</DistanceMeters>
        </Trackpoint>
        <Trackpoint>
          <Time>2027-05-09T07:12:15Z</Time>
          <Position>
            <LatitudeDegrees>42.4118300</LatitudeDegrees>
            <LongitudeDegrees>-3.2261000</LongitudeDegrees>
          </Position>
          <AltitudeMeters>798.6</AltitudeMeters>
          <DistanceMeters>3064.1</DistanceMeters>
        </Trackpoint>
        <Trackpoint>
          <Time>2027-05-09T07:12:28Z</Time>
          <Position>
            <LatitudeDegrees>42.4117000</LatitudeDegrees>
            <LongitudeDegrees>-3.2267200</LongitudeDegrees>
          </Position>
          <AltitudeMeters>798.9</AltitudeMeters>
          <DistanceMeters>3117.0</DistanceMeters>
        </Trackpoint>
        <Trackpoint>
          <Time>2027-05-09T07:12:40Z</Time>
          <Position>
            <LatitudeDegrees>42.4115800</LatitudeDegrees>
            <LongitudeDegrees>-3.2273300</LongitudeDegrees>
          </Position>
          <AltitudeMeters>799.1</AltitudeMeters>
          <DistanceMeters>3168.8</DistanceMeters>
        </Trackpoint>
        <Trackpoint>
          <Time>2027-05-09T07:12:53Z</Time>
          <Position>
            <LatitudeDegrees>42.4114500</LatitudeDegrees>
            <LongitudeDegrees>-3.2279500</LongitudeDegrees>
          </Position>
          <AltitudeMeters>799.5</AltitudeMeters>
          <DistanceMeters>3221.7</DistanceMeters>
        </Trackpoint>
        <Trackpoint>
          <Time>2027-05-09T07:13:11Z</Time>
          <Position>
            <LatitudeDegrees>42.4113500</LatitudeDegrees>
            <LongitudeDegrees>-3.2288800</LongitudeDegrees>
          </Position>
          <AltitudeMeters>800.1</AltitudeMeters>
          <DistanceMeters>3298.9</DistanceMeters>
        </Trackpoint>
        <Trackpoint>
          <Time>2027-05-09T07:13:28Z</Time>
          <Position>
            <LatitudeDegrees>42.4113200</LatitudeDegrees>
            <LongitudeDegrees>-3.2297300</LongitudeDegrees>
          </Position>
          <AltitudeMeters>801.0</AltitudeMeters>
          <DistanceMeters>3368.7</DistanceMeters>
        </Trackpoint>
        <Trackpoint>
          <Time>2027-05-09T07:13:45Z</Time>
          <Position>
            <LatitudeDegrees>42.4112900</LatitudeDegrees>
            <LongitudeDegrees>-3.2305800</LongitudeDegrees>
          </Position>
          <AltitudeMeters>801.9</AltitudeMeters>
          <DistanceMeters>3438.6</DistanceMeters>
        </Trackpoint>
        <Trackpoint>
          <Time>2027-05-09T07:13:59Z</Time>
          <Position>
            <LatitudeDegrees>42.4113300</LatitudeDegrees>
            <LongitudeDegrees>-3.2313000</LongitudeDegrees>
          </Position>
          <AltitudeMeters>802.9</AltitudeMeters>
          <DistanceMeters>3497.9</DistanceMeters>
        </Trackpoint>
        <Trackpoint>
          <Time>2027-05-09T07:14:13Z</Time>
          <Position>
            <LatitudeDegrees>42.4113800</LatitudeDegrees>
            <LongitudeDegrees>-3.2320100</LongitudeDegrees>
          </Position>
          <AltitudeMeters>803.9</AltitudeMeters>
          <DistanceMeters>3556.4</DistanceMeters>
        </Trackpoint>
        <Trackpoint>
          <Time>2027-05-09T07:14:27Z</Time>
          <Position>
            <LatitudeDegrees>42.4114200</LatitudeDegrees>
            <LongitudeDegrees>-3.2327300</LongitudeDegrees>
          </Position>
          <AltitudeMeters>804.7</AltitudeMeters>
          <DistanceMeters>3615.7</DistanceMeters>
        </Trackpoint>
        <Trackpoint>
          <Time>2027-05-09T07:14:41Z</Time>
          <Position>
            <LatitudeDegrees>42.4114600</LatitudeDegrees>
            <LongitudeDegrees>-3.2334400</LongitudeDegrees>
          </Position>
          <AltitudeMeters>805.5</AltitudeMeters>
          <DistanceMeters>3674.2</DistanceMeters>
        </Trackpoint>
        <Trackpoint>
          <Time>2027-05-09T07:14:54Z</Time>
          <Position>
            <LatitudeDegrees>42.4116400</LatitudeDegrees>
            <LongitudeDegrees>-3.2340200</LongitudeDegrees>
          </Position>
          <AltitudeMeters>806.0</AltitudeMeters>
          <DistanceMeters>3725.8</DistanceMeters>
        </Trackpoint>
        <Trackpoint>
          <Time>2027-05-09T07:15:06Z</Time>
          <Position>
            <LatitudeDegrees>42.4118300</LatitudeDegrees>
            <LongitudeDegrees>-3.2345900</LongitudeDegrees>
          </Position>
          <AltitudeMeters>806.6</AltitudeMeters>
          <DistanceMeters>3777.2</DistanceMeters>
        </Trackpoint>
        <Trackpoint>
          <Time>2027-05-09T07:15:18Z</Time>
          <Position>
            <LatitudeDegrees>42.4120100</LatitudeDegrees>
            <LongitudeDegrees>-3.2351700</LongitudeDegrees>
          </Position>
          <AltitudeMeters>807.2</AltitudeMeters>
          <DistanceMeters>3828.8</DistanceMeters>
        </Trackpoint>
        <Trackpoint>
          <Time>2027-05-09T07:15:37Z</Time>
          <Position>
            <LatitudeDegrees>42.4122000</LatitudeDegrees>
            <LongitudeDegrees>-3.2360900</LongitudeDegrees>
          </Position>
          <AltitudeMeters>807.8</AltitudeMeters>
          <DistanceMeters>3907.3</DistanceMeters>
        </Trackpoint>
        <Trackpoint>
          <Time>2027-05-09T07:15:50Z</Time>
          <Position>
            <LatitudeDegrees>42.4122700</LatitudeDegrees>
            <LongitudeDegrees>-3.2367400</LongitudeDegrees>
          </Position>
          <AltitudeMeters>808.6</AltitudeMeters>
          <DistanceMeters>3961.2</DistanceMeters>
        </Trackpoint>
        <Trackpoint>
          <Time>2027-05-09T07:16:03Z</Time>
          <Position>
            <LatitudeDegrees>42.4123500</LatitudeDegrees>
            <LongitudeDegrees>-3.2373800</LongitudeDegrees>
          </Position>
          <AltitudeMeters>809.6</AltitudeMeters>
          <DistanceMeters>4014.5</DistanceMeters>
        </Trackpoint>
        <Trackpoint>
          <Time>2027-05-09T07:16:16Z</Time>
          <Position>
            <LatitudeDegrees>42.4124200</LatitudeDegrees>
            <LongitudeDegrees>-3.2380300</LongitudeDegrees>
          </Position>
          <AltitudeMeters>810.6</AltitudeMeters>
          <DistanceMeters>4068.4</DistanceMeters>
        </Trackpoint>
        <Trackpoint>
          <Time>2027-05-09T07:16:29Z</Time>
          <Position>
            <LatitudeDegrees>42.4125000</LatitudeDegrees>
            <LongitudeDegrees>-3.2386800</LongitudeDegrees>
          </Position>
          <AltitudeMeters>811.8</AltitudeMeters>
          <DistanceMeters>4122.5</DistanceMeters>
        </Trackpoint>
        <Trackpoint>
          <Time>2027-05-09T07:16:42Z</Time>
          <Position>
            <LatitudeDegrees>42.4125700</LatitudeDegrees>
            <LongitudeDegrees>-3.2393200</LongitudeDegrees>
          </Position>
          <AltitudeMeters>813.1</AltitudeMeters>
          <DistanceMeters>4175.6</DistanceMeters>
        </Trackpoint>
        <Trackpoint>
          <Time>2027-05-09T07:16:55Z</Time>
          <Position>
            <LatitudeDegrees>42.4126400</LatitudeDegrees>
            <LongitudeDegrees>-3.2399700</LongitudeDegrees>
          </Position>
          <AltitudeMeters>814.8</AltitudeMeters>
          <DistanceMeters>4229.5</DistanceMeters>
        </Trackpoint>
        <Trackpoint>
          <Time>2027-05-09T07:17:07Z</Time>
          <Position>
            <LatitudeDegrees>42.4127200</LatitudeDegrees>
            <LongitudeDegrees>-3.2406100</LongitudeDegrees>
          </Position>
          <AltitudeMeters>816.6</AltitudeMeters>
          <DistanceMeters>4282.8</DistanceMeters>
        </Trackpoint>
        <Trackpoint>
          <Time>2027-05-09T07:17:20Z</Time>
          <Position>
            <LatitudeDegrees>42.4127900</LatitudeDegrees>
            <LongitudeDegrees>-3.2412600</LongitudeDegrees>
          </Position>
          <AltitudeMeters>818.2</AltitudeMeters>
          <DistanceMeters>4336.8</DistanceMeters>
        </Trackpoint>
        <Trackpoint>
          <Time>2027-05-09T07:17:29Z</Time>
          <Position>
            <LatitudeDegrees>42.4129200</LatitudeDegrees>
            <LongitudeDegrees>-3.2416900</LongitudeDegrees>
          </Position>
          <AltitudeMeters>819.9</AltitudeMeters>
          <DistanceMeters>4374.9</DistanceMeters>
        </Trackpoint>
        <Trackpoint>
          <Time>2027-05-09T07:17:42Z</Time>
          <Position>
            <LatitudeDegrees>42.4129400</LatitudeDegrees>
            <LongitudeDegrees>-3.2423500</LongitudeDegrees>
          </Position>
          <AltitudeMeters>821.3</AltitudeMeters>
          <DistanceMeters>4429.1</DistanceMeters>
        </Trackpoint>
        <Trackpoint>
          <Time>2027-05-09T07:17:56Z</Time>
          <Position>
            <LatitudeDegrees>42.4130700</LatitudeDegrees>
            <LongitudeDegrees>-3.2430100</LongitudeDegrees>
          </Position>
          <AltitudeMeters>823.1</AltitudeMeters>
          <DistanceMeters>4485.2</DistanceMeters>
        </Trackpoint>
        <Trackpoint>
          <Time>2027-05-09T07:18:14Z</Time>
          <Position>
            <LatitudeDegrees>42.4131500</LatitudeDegrees>
            <LongitudeDegrees>-3.2439200</LongitudeDegrees>
          </Position>
          <AltitudeMeters>825.3</AltitudeMeters>
          <DistanceMeters>4560.4</DistanceMeters>
        </Trackpoint>
        <Trackpoint>
          <Time>2027-05-09T07:18:37Z</Time>
          <Position>
            <LatitudeDegrees>42.4125000</LatitudeDegrees>
            <LongitudeDegrees>-3.2446600</LongitudeDegrees>
          </Position>
          <AltitudeMeters>828.0</AltitudeMeters>
          <DistanceMeters>4654.9</DistanceMeters>
        </Trackpoint>
        <Trackpoint>
          <Time>2027-05-09T07:18:55Z</Time>
          <Position>
            <LatitudeDegrees>42.4121500</LatitudeDegrees>
            <LongitudeDegrees>-3.2454500</LongitudeDegrees>
          </Position>
          <AltitudeMeters>830.9</AltitudeMeters>
          <DistanceMeters>4730.5</DistanceMeters>
        </Trackpoint>
        <Trackpoint>
          <Time>2027-05-09T07:19:08Z</Time>
          <Position>
            <LatitudeDegrees>42.4118100</LatitudeDegrees>
            <LongitudeDegrees>-3.2459600</LongitudeDegrees>
          </Position>
          <AltitudeMeters>833.7</AltitudeMeters>
          <DistanceMeters>4786.9</DistanceMeters>
        </Trackpoint>
        <Trackpoint>
          <Time>2027-05-09T07:19:22Z</Time>
          <Position>
            <LatitudeDegrees>42.4116000</LatitudeDegrees>
            <LongitudeDegrees>-3.2466100</LongitudeDegrees>
          </Position>
          <AltitudeMeters>835.7</AltitudeMeters>
          <DistanceMeters>4845.2</DistanceMeters>
        </Trackpoint>
        <Trackpoint>
          <Time>2027-05-09T07:19:33Z</Time>
          <Position>
            <LatitudeDegrees>42.4113600</LatitudeDegrees>
            <LongitudeDegrees>-3.2470500</LongitudeDegrees>
          </Position>
          <AltitudeMeters>837.3</AltitudeMeters>
          <DistanceMeters>4890.1</DistanceMeters>
        </Trackpoint>
        <Trackpoint>
          <Time>2027-05-09T07:19:46Z</Time>
          <Position>
            <LatitudeDegrees>42.4110600</LatitudeDegrees>
            <LongitudeDegrees>-3.2475500</LongitudeDegrees>
          </Position>
          <AltitudeMeters>838.3</AltitudeMeters>
          <DistanceMeters>4943.0</DistanceMeters>
        </Trackpoint>
        <Trackpoint>
          <Time>2027-05-09T07:19:58Z</Time>
          <Position>
            <LatitudeDegrees>42.4107700</LatitudeDegrees>
            <LongitudeDegrees>-3.2480500</LongitudeDegrees>
          </Position>
          <AltitudeMeters>839.1</AltitudeMeters>
          <DistanceMeters>4995.2</DistanceMeters>
        </Trackpoint>
        <Trackpoint>
          <Time>2027-05-09T07:20:11Z</Time>
          <Position>
            <LatitudeDegrees>42.4104700</LatitudeDegrees>
            <LongitudeDegrees>-3.2485400</LongitudeDegrees>
          </Position>
          <AltitudeMeters>840.1</AltitudeMeters>
          <DistanceMeters>5047.4</DistanceMeters>
        </Trackpoint>
        <Trackpoint>
          <Time>2027-05-09T07:20:23Z</Time>
          <Position>
            <LatitudeDegrees>42.4101800</LatitudeDegrees>
            <LongitudeDegrees>-3.2490400</LongitudeDegrees>
          </Position>
          <AltitudeMeters>841.3</AltitudeMeters>
          <DistanceMeters>5099.6</DistanceMeters>
        </Trackpoint>
        <Trackpoint>
          <Time>2027-05-09T07:20:36Z</Time>
          <Position>
            <LatitudeDegrees>42.4098800</LatitudeDegrees>
            <LongitudeDegrees>-3.2495400</LongitudeDegrees>
          </Position>
          <AltitudeMeters>842.3</AltitudeMeters>
          <DistanceMeters>5152.5</DistanceMeters>
        </Trackpoint>
        <Trackpoint>
          <Time>2027-05-09T07:20:49Z</Time>
          <Position>
            <LatitudeDegrees>42.4095900</LatitudeDegrees>
            <LongitudeDegrees>-3.2500400</LongitudeDegrees>
          </Position>
          <AltitudeMeters>843.6</AltitudeMeters>
          <DistanceMeters>5204.7</DistanceMeters>
        </Trackpoint>
        <Trackpoint>
          <Time>2027-05-09T07:21:01Z</Time>
          <Position>
            <LatitudeDegrees>42.4092900</LatitudeDegrees>
            <LongitudeDegrees>-3.2505300</LongitudeDegrees>
          </Position>
          <AltitudeMeters>845.2</AltitudeMeters>
          <DistanceMeters>5257.0</DistanceMeters>
        </Trackpoint>
        <Trackpoint>
          <Time>2027-05-09T07:21:14Z</Time>
          <Position>
            <LatitudeDegrees>42.4090000</LatitudeDegrees>
            <LongitudeDegrees>-3.2510300</LongitudeDegrees>
          </Position>
          <AltitudeMeters>846.8</AltitudeMeters>
          <DistanceMeters>5309.2</DistanceMeters>
        </Trackpoint>
        <Trackpoint>
          <Time>2027-05-09T07:21:26Z</Time>
          <Position>
            <LatitudeDegrees>42.4087000</LatitudeDegrees>
            <LongitudeDegrees>-3.2515300</LongitudeDegrees>
          </Position>
          <AltitudeMeters>848.4</AltitudeMeters>
          <DistanceMeters>5362.1</DistanceMeters>
        </Trackpoint>
        <Trackpoint>
          <Time>2027-05-09T07:21:34Z</Time>
          <Position>
            <LatitudeDegrees>42.4085100</LatitudeDegrees>
            <LongitudeDegrees>-3.2518100</LongitudeDegrees>
          </Position>
          <AltitudeMeters>849.1</AltitudeMeters>
          <DistanceMeters>5393.3</DistanceMeters>
        </Trackpoint>
        <Trackpoint>
          <Time>2027-05-09T07:21:48Z</Time>
          <Position>
            <LatitudeDegrees>42.4081100</LatitudeDegrees>
            <LongitudeDegrees>-3.2522700</LongitudeDegrees>
          </Position>
          <AltitudeMeters>849.0</AltitudeMeters>
          <DistanceMeters>5451.7</DistanceMeters>
        </Trackpoint>
        <Trackpoint>
          <Time>2027-05-09T07:22:02Z</Time>
          <Position>
            <LatitudeDegrees>42.4077000</LatitudeDegrees>
            <LongitudeDegrees>-3.2527400</LongitudeDegrees>
          </Position>
          <AltitudeMeters>848.4</AltitudeMeters>
          <DistanceMeters>5511.4</DistanceMeters>
        </Trackpoint>
        <Trackpoint>
          <Time>2027-05-09T07:22:16Z</Time>
          <Position>
            <LatitudeDegrees>42.4073000</LatitudeDegrees>
            <LongitudeDegrees>-3.2532000</LongitudeDegrees>
          </Position>
          <AltitudeMeters>847.9</AltitudeMeters>
          <DistanceMeters>5569.7</DistanceMeters>
        </Trackpoint>
        <Trackpoint>
          <Time>2027-05-09T07:22:31Z</Time>
          <Position>
            <LatitudeDegrees>42.4068900</LatitudeDegrees>
            <LongitudeDegrees>-3.2536700</LongitudeDegrees>
          </Position>
          <AltitudeMeters>847.8</AltitudeMeters>
          <DistanceMeters>5629.5</DistanceMeters>
        </Trackpoint>
        <Trackpoint>
          <Time>2027-05-09T07:22:45Z</Time>
          <Position>
            <LatitudeDegrees>42.4064900</LatitudeDegrees>
            <LongitudeDegrees>-3.2541300</LongitudeDegrees>
          </Position>
          <AltitudeMeters>848.8</AltitudeMeters>
          <DistanceMeters>5687.8</DistanceMeters>
        </Trackpoint>
        <Trackpoint>
          <Time>2027-05-09T07:22:57Z</Time>
          <Position>
            <LatitudeDegrees>42.4062900</LatitudeDegrees>
            <LongitudeDegrees>-3.2546800</LongitudeDegrees>
          </Position>
          <AltitudeMeters>850.4</AltitudeMeters>
          <DistanceMeters>5738.1</DistanceMeters>
        </Trackpoint>
        <Trackpoint>
          <Time>2027-05-09T07:23:09Z</Time>
          <Position>
            <LatitudeDegrees>42.4060900</LatitudeDegrees>
            <LongitudeDegrees>-3.2552300</LongitudeDegrees>
          </Position>
          <AltitudeMeters>852.2</AltitudeMeters>
          <DistanceMeters>5788.5</DistanceMeters>
        </Trackpoint>
        <Trackpoint>
          <Time>2027-05-09T07:23:21Z</Time>
          <Position>
            <LatitudeDegrees>42.4058800</LatitudeDegrees>
            <LongitudeDegrees>-3.2557800</LongitudeDegrees>
          </Position>
          <AltitudeMeters>853.7</AltitudeMeters>
          <DistanceMeters>5839.3</DistanceMeters>
        </Trackpoint>
        <Trackpoint>
          <Time>2027-05-09T07:23:33Z</Time>
          <Position>
            <LatitudeDegrees>42.4056800</LatitudeDegrees>
            <LongitudeDegrees>-3.2563300</LongitudeDegrees>
          </Position>
          <AltitudeMeters>855.1</AltitudeMeters>
          <DistanceMeters>5889.7</DistanceMeters>
        </Trackpoint>
        <Trackpoint>
          <Time>2027-05-09T07:23:45Z</Time>
          <Position>
            <LatitudeDegrees>42.4054800</LatitudeDegrees>
            <LongitudeDegrees>-3.2568900</LongitudeDegrees>
          </Position>
          <AltitudeMeters>856.3</AltitudeMeters>
          <DistanceMeters>5940.7</DistanceMeters>
        </Trackpoint>
        <Trackpoint>
          <Time>2027-05-09T07:23:57Z</Time>
          <Position>
            <LatitudeDegrees>42.4052800</LatitudeDegrees>
            <LongitudeDegrees>-3.2574400</LongitudeDegrees>
          </Position>
          <AltitudeMeters>857.4</AltitudeMeters>
          <DistanceMeters>5991.1</DistanceMeters>
        </Trackpoint>
        <Trackpoint>
          <Time>2027-05-09T07:24:10Z</Time>
          <Position>
            <LatitudeDegrees>42.4050700</LatitudeDegrees>
            <LongitudeDegrees>-3.2579900</LongitudeDegrees>
          </Position>
          <AltitudeMeters>858.7</AltitudeMeters>
          <DistanceMeters>6041.9</DistanceMeters>
        </Trackpoint>
        <Trackpoint>
          <Time>2027-05-09T07:24:22Z</Time>
          <Position>
            <LatitudeDegrees>42.4048700</LatitudeDegrees>
            <LongitudeDegrees>-3.2585400</LongitudeDegrees>
          </Position>
          <AltitudeMeters>859.8</AltitudeMeters>
          <DistanceMeters>6092.2</DistanceMeters>
        </Trackpoint>
        <Trackpoint>
          <Time>2027-05-09T07:24:34Z</Time>
          <Position>
            <LatitudeDegrees>42.4046700</LatitudeDegrees>
            <LongitudeDegrees>-3.2590900</LongitudeDegrees>
          </Position>
          <AltitudeMeters>860.7</AltitudeMeters>
          <DistanceMeters>6142.6</DistanceMeters>
        </Trackpoint>
        <Trackpoint>
          <Time>2027-05-09T07:24:39Z</Time>
          <Position>
            <LatitudeDegrees>42.4047700</LatitudeDegrees>
            <LongitudeDegrees>-3.2593300</LongitudeDegrees>
          </Position>
          <AltitudeMeters>862.1</AltitudeMeters>
          <DistanceMeters>6165.2</DistanceMeters>
        </Trackpoint>
        <Trackpoint>
          <Time>2027-05-09T07:24:44Z</Time>
          <Position>
            <LatitudeDegrees>42.4047900</LatitudeDegrees>
            <LongitudeDegrees>-3.2595500</LongitudeDegrees>
          </Position>
          <AltitudeMeters>862.9</AltitudeMeters>
          <DistanceMeters>6183.4</DistanceMeters>
        </Trackpoint>
        <Trackpoint>
          <Time>2027-05-09T07:25:04Z</Time>
          <Position>
            <LatitudeDegrees>42.4046500</LatitudeDegrees>
            <LongitudeDegrees>-3.2605600</LongitudeDegrees>
          </Position>
          <AltitudeMeters>863.1</AltitudeMeters>
          <DistanceMeters>6267.8</DistanceMeters>
        </Trackpoint>
        <Trackpoint>
          <Time>2027-05-09T07:25:15Z</Time>
          <Position>
            <LatitudeDegrees>42.4046700</LatitudeDegrees>
            <LongitudeDegrees>-3.2611200</LongitudeDegrees>
          </Position>
          <AltitudeMeters>863.3</AltitudeMeters>
          <DistanceMeters>6313.8</DistanceMeters>
        </Trackpoint>
        <Trackpoint>
          <Time>2027-05-09T07:25:22Z</Time>
          <Position>
            <LatitudeDegrees>42.4045900</LatitudeDegrees>
            <LongitudeDegrees>-3.2614900</LongitudeDegrees>
          </Position>
          <AltitudeMeters>863.0</AltitudeMeters>
          <DistanceMeters>6345.5</DistanceMeters>
        </Trackpoint>
        <Trackpoint>
          <Time>2027-05-09T07:25:31Z</Time>
          <Position>
            <LatitudeDegrees>42.4044000</LatitudeDegrees>
            <LongitudeDegrees>-3.2618400</LongitudeDegrees>
          </Position>
          <AltitudeMeters>861.8</AltitudeMeters>
          <DistanceMeters>6381.1</DistanceMeters>
        </Trackpoint>
        <Trackpoint>
          <Time>2027-05-09T07:25:39Z</Time>
          <Position>
            <LatitudeDegrees>42.4044500</LatitudeDegrees>
            <LongitudeDegrees>-3.2622400</LongitudeDegrees>
          </Position>
          <AltitudeMeters>860.6</AltitudeMeters>
          <DistanceMeters>6414.4</DistanceMeters>
        </Trackpoint>
        <Trackpoint>
          <Time>2027-05-09T07:25:52Z</Time>
          <Position>
            <LatitudeDegrees>42.4046500</LatitudeDegrees>
            <LongitudeDegrees>-3.2628400</LongitudeDegrees>
          </Position>
          <AltitudeMeters>859.9</AltitudeMeters>
          <DistanceMeters>6468.5</DistanceMeters>
        </Trackpoint>
        <Trackpoint>
          <Time>2027-05-09T07:26:03Z</Time>
          <Position>
            <LatitudeDegrees>42.4047100</LatitudeDegrees>
            <LongitudeDegrees>-3.2633800</LongitudeDegrees>
          </Position>
          <AltitudeMeters>859.8</AltitudeMeters>
          <DistanceMeters>6513.3</DistanceMeters>
        </Trackpoint>
        <Trackpoint>
          <Time>2027-05-09T07:26:11Z</Time>
          <Position>
            <LatitudeDegrees>42.4046200</LatitudeDegrees>
            <LongitudeDegrees>-3.2638000</LongitudeDegrees>
          </Position>
          <AltitudeMeters>859.7</AltitudeMeters>
          <DistanceMeters>6549.2</DistanceMeters>
        </Trackpoint>
        <Trackpoint>
          <Time>2027-05-09T07:26:24Z</Time>
          <Position>
            <LatitudeDegrees>42.4043800</LatitudeDegrees>
            <LongitudeDegrees>-3.2643400</LongitudeDegrees>
          </Position>
          <AltitudeMeters>860.6</AltitudeMeters>
          <DistanceMeters>6601.0</DistanceMeters>
        </Trackpoint>
        <Trackpoint>
          <Time>2027-05-09T07:26:37Z</Time>
          <Position>
            <LatitudeDegrees>42.4045200</LatitudeDegrees>
            <LongitudeDegrees>-3.2649600</LongitudeDegrees>
          </Position>
          <AltitudeMeters>862.4</AltitudeMeters>
          <DistanceMeters>6654.2</DistanceMeters>
        </Trackpoint>
        <Trackpoint>
          <Time>2027-05-09T07:26:56Z</Time>
          <Position>
            <LatitudeDegrees>42.4045800</LatitudeDegrees>
            <LongitudeDegrees>-3.2659300</LongitudeDegrees>
          </Position>
          <AltitudeMeters>864.6</AltitudeMeters>
          <DistanceMeters>6734.1</DistanceMeters>
        </Trackpoint>
        <Trackpoint>
          <Time>2027-05-09T07:27:08Z</Time>
          <Position>
            <LatitudeDegrees>42.4045800</LatitudeDegrees>
            <LongitudeDegrees>-3.2665700</LongitudeDegrees>
          </Position>
          <AltitudeMeters>866.5</AltitudeMeters>
          <DistanceMeters>6786.7</DistanceMeters>
        </Trackpoint>
        <Trackpoint>
          <Time>2027-05-09T07:27:21Z</Time>
          <Position>
            <LatitudeDegrees>42.4045800</LatitudeDegrees>
            <LongitudeDegrees>-3.2672100</LongitudeDegrees>
          </Position>
          <AltitudeMeters>868.7</AltitudeMeters>
          <DistanceMeters>6839.2</DistanceMeters>
        </Trackpoint>
        <Trackpoint>
          <Time>2027-05-09T07:27:34Z</Time>
          <Position>
            <LatitudeDegrees>42.4045800</LatitudeDegrees>
            <LongitudeDegrees>-3.2678500</LongitudeDegrees>
          </Position>
          <AltitudeMeters>870.5</AltitudeMeters>
          <DistanceMeters>6891.8</DistanceMeters>
        </Trackpoint>
        <Trackpoint>
          <Time>2027-05-09T07:27:46Z</Time>
          <Position>
            <LatitudeDegrees>42.4045800</LatitudeDegrees>
            <LongitudeDegrees>-3.2684900</LongitudeDegrees>
          </Position>
          <AltitudeMeters>871.8</AltitudeMeters>
          <DistanceMeters>6944.3</DistanceMeters>
        </Trackpoint>
        <Trackpoint>
          <Time>2027-05-09T07:27:59Z</Time>
          <Position>
            <LatitudeDegrees>42.4045800</LatitudeDegrees>
            <LongitudeDegrees>-3.2691300</LongitudeDegrees>
          </Position>
          <AltitudeMeters>872.9</AltitudeMeters>
          <DistanceMeters>6996.9</DistanceMeters>
        </Trackpoint>
        <Trackpoint>
          <Time>2027-05-09T07:28:12Z</Time>
          <Position>
            <LatitudeDegrees>42.4046000</LatitudeDegrees>
            <LongitudeDegrees>-3.2698200</LongitudeDegrees>
          </Position>
          <AltitudeMeters>874.4</AltitudeMeters>
          <DistanceMeters>7053.6</DistanceMeters>
        </Trackpoint>
        <Trackpoint>
          <Time>2027-05-09T07:28:26Z</Time>
          <Position>
            <LatitudeDegrees>42.4046100</LatitudeDegrees>
            <LongitudeDegrees>-3.2705100</LongitudeDegrees>
          </Position>
          <AltitudeMeters>876.0</AltitudeMeters>
          <DistanceMeters>7110.3</DistanceMeters>
        </Trackpoint>
        <Trackpoint>
          <Time>2027-05-09T07:28:40Z</Time>
          <Position>
            <LatitudeDegrees>42.4046300</LatitudeDegrees>
            <LongitudeDegrees>-3.2712000</LongitudeDegrees>
          </Position>
          <AltitudeMeters>877.4</AltitudeMeters>
          <DistanceMeters>7166.9</DistanceMeters>
        </Trackpoint>
        <Trackpoint>
          <Time>2027-05-09T07:28:53Z</Time>
          <Position>
            <LatitudeDegrees>42.4046400</LatitudeDegrees>
            <LongitudeDegrees>-3.2718900</LongitudeDegrees>
          </Position>
          <AltitudeMeters>878.3</AltitudeMeters>
          <DistanceMeters>7223.6</DistanceMeters>
        </Trackpoint>
        <Trackpoint>
          <Time>2027-05-09T07:29:07Z</Time>
          <Position>
            <LatitudeDegrees>42.4046600</LatitudeDegrees>
            <LongitudeDegrees>-3.2725800</LongitudeDegrees>
          </Position>
          <AltitudeMeters>878.9</AltitudeMeters>
          <DistanceMeters>7280.3</DistanceMeters>
        </Trackpoint>
        <Trackpoint>
          <Time>2027-05-09T07:29:22Z</Time>
          <Position>
            <LatitudeDegrees>42.4048400</LatitudeDegrees>
            <LongitudeDegrees>-3.2733200</LongitudeDegrees>
          </Position>
          <AltitudeMeters>879.2</AltitudeMeters>
          <DistanceMeters>7344.3</DistanceMeters>
        </Trackpoint>
        <Trackpoint>
          <Time>2027-05-09T07:29:38Z</Time>
          <Position>
            <LatitudeDegrees>42.4050300</LatitudeDegrees>
            <LongitudeDegrees>-3.2740600</LongitudeDegrees>
          </Position>
          <AltitudeMeters>879.5</AltitudeMeters>
          <DistanceMeters>7408.6</DistanceMeters>
        </Trackpoint>
        <Trackpoint>
          <Time>2027-05-09T07:29:42Z</Time>
          <Position>
            <LatitudeDegrees>42.4050300</LatitudeDegrees>
            <LongitudeDegrees>-3.2743100</LongitudeDegrees>
          </Position>
          <AltitudeMeters>880.7</AltitudeMeters>
          <DistanceMeters>7429.1</DistanceMeters>
        </Trackpoint>
        <Trackpoint>
          <Time>2027-05-09T07:29:50Z</Time>
          <Position>
            <LatitudeDegrees>42.4049300</LatitudeDegrees>
            <LongitudeDegrees>-3.2746800</LongitudeDegrees>
          </Position>
          <AltitudeMeters>882.3</AltitudeMeters>
          <DistanceMeters>7461.5</DistanceMeters>
        </Trackpoint>
        <Trackpoint>
          <Time>2027-05-09T07:30:12Z</Time>
          <Position>
            <LatitudeDegrees>42.4050200</LatitudeDegrees>
            <LongitudeDegrees>-3.2757800</LongitudeDegrees>
          </Position>
          <AltitudeMeters>884.2</AltitudeMeters>
          <DistanceMeters>7552.4</DistanceMeters>
        </Trackpoint>
        <Trackpoint>
          <Time>2027-05-09T07:30:18Z</Time>
          <Position>
            <LatitudeDegrees>42.4050600</LatitudeDegrees>
            <LongitudeDegrees>-3.2760900</LongitudeDegrees>
          </Position>
          <AltitudeMeters>886.2</AltitudeMeters>
          <DistanceMeters>7578.2</DistanceMeters>
        </Trackpoint>
        <Trackpoint>
          <Time>2027-05-09T07:30:32Z</Time>
          <Position>
            <LatitudeDegrees>42.4052600</LatitudeDegrees>
            <LongitudeDegrees>-3.2767100</LongitudeDegrees>
          </Position>
          <AltitudeMeters>888.4</AltitudeMeters>
          <DistanceMeters>7633.7</DistanceMeters>
        </Trackpoint>
        <Trackpoint>
          <Time>2027-05-09T07:30:44Z</Time>
          <Position>
            <LatitudeDegrees>42.4051300</LatitudeDegrees>
            <LongitudeDegrees>-3.2773400</LongitudeDegrees>
          </Position>
          <AltitudeMeters>890.1</AltitudeMeters>
          <DistanceMeters>7687.5</DistanceMeters>
        </Trackpoint>
        <Trackpoint>
          <Time>2027-05-09T07:31:01Z</Time>
          <Position>
            <LatitudeDegrees>42.4051000</LatitudeDegrees>
            <LongitudeDegrees>-3.2782000</LongitudeDegrees>
          </Position>
          <AltitudeMeters>892.2</AltitudeMeters>
          <DistanceMeters>7758.1</DistanceMeters>
        </Trackpoint>
        <Trackpoint>
          <Time>2027-05-09T07:31:11Z</Time>
          <Position>
            <LatitudeDegrees>42.4053100</LatitudeDegrees>
            <LongitudeDegrees>-3.2786200</LongitudeDegrees>
          </Position>
          <AltitudeMeters>893.8</AltitudeMeters>
          <DistanceMeters>7799.8</DistanceMeters>
        </Trackpoint>
        <Trackpoint>
          <Time>2027-05-09T07:31:25Z</Time>
          <Position>
            <LatitudeDegrees>42.4053900</LatitudeDegrees>
            <LongitudeDegrees>-3.2793000</LongitudeDegrees>
          </Position>
          <AltitudeMeters>895.4</AltitudeMeters>
          <DistanceMeters>7856.3</DistanceMeters>
        </Trackpoint>
        <Trackpoint>
          <Time>2027-05-09T07:31:31Z</Time>
          <Position>
            <LatitudeDegrees>42.4054900</LatitudeDegrees>
            <LongitudeDegrees>-3.2795700</LongitudeDegrees>
          </Position>
          <AltitudeMeters>896.4</AltitudeMeters>
          <DistanceMeters>7881.1</DistanceMeters>
        </Trackpoint>
        <Trackpoint>
          <Time>2027-05-09T07:31:46Z</Time>
          <Position>
            <LatitudeDegrees>42.4055700</LatitudeDegrees>
            <LongitudeDegrees>-3.2803500</LongitudeDegrees>
          </Position>
          <AltitudeMeters>897.2</AltitudeMeters>
          <DistanceMeters>7945.8</DistanceMeters>
        </Trackpoint>
        <Trackpoint>
          <Time>2027-05-09T07:31:57Z</Time>
          <Position>
            <LatitudeDegrees>42.4057300</LatitudeDegrees>
            <LongitudeDegrees>-3.2808400</LongitudeDegrees>
          </Position>
          <AltitudeMeters>897.4</AltitudeMeters>
          <DistanceMeters>7989.8</DistanceMeters>
        </Trackpoint>
        <Trackpoint>
          <Time>2027-05-09T07:32:09Z</Time>
          <Position>
            <LatitudeDegrees>42.4056900</LatitudeDegrees>
            <LongitudeDegrees>-3.2814500</LongitudeDegrees>
          </Position>
          <AltitudeMeters>897.3</AltitudeMeters>
          <DistanceMeters>8040.1</DistanceMeters>
        </Trackpoint>
        <Trackpoint>
          <Time>2027-05-09T07:32:21Z</Time>
          <Position>
            <LatitudeDegrees>42.4060300</LatitudeDegrees>
            <LongitudeDegrees>-3.2818300</LongitudeDegrees>
          </Position>
          <AltitudeMeters>896.9</AltitudeMeters>
          <DistanceMeters>8089.1</DistanceMeters>
        </Trackpoint>
        <Trackpoint>
          <Time>2027-05-09T07:32:26Z</Time>
          <Position>
            <LatitudeDegrees>42.4062300</LatitudeDegrees>
            <LongitudeDegrees>-3.2818200</LongitudeDegrees>
          </Position>
          <AltitudeMeters>896.5</AltitudeMeters>
          <DistanceMeters>8111.3</DistanceMeters>
        </Trackpoint>
        <Trackpoint>
          <Time>2027-05-09T07:32:31Z</Time>
          <Position>
            <LatitudeDegrees>42.4063800</LatitudeDegrees>
            <LongitudeDegrees>-3.2819000</LongitudeDegrees>
          </Position>
          <AltitudeMeters>895.9</AltitudeMeters>
          <DistanceMeters>8129.3</DistanceMeters>
        </Trackpoint>
        <Trackpoint>
          <Time>2027-05-09T07:32:35Z</Time>
          <Position>
            <LatitudeDegrees>42.4063200</LatitudeDegrees>
            <LongitudeDegrees>-3.2821200</LongitudeDegrees>
          </Position>
          <AltitudeMeters>895.3</AltitudeMeters>
          <DistanceMeters>8148.5</DistanceMeters>
        </Trackpoint>
        <Trackpoint>
          <Time>2027-05-09T07:32:50Z</Time>
          <Position>
            <LatitudeDegrees>42.4059200</LatitudeDegrees>
            <LongitudeDegrees>-3.2826600</LongitudeDegrees>
          </Position>
          <AltitudeMeters>894.9</AltitudeMeters>
          <DistanceMeters>8211.3</DistanceMeters>
        </Trackpoint>
        <Trackpoint>
          <Time>2027-05-09T07:33:05Z</Time>
          <Position>
            <LatitudeDegrees>42.4055200</LatitudeDegrees>
            <LongitudeDegrees>-3.2832100</LongitudeDegrees>
          </Position>
          <AltitudeMeters>894.7</AltitudeMeters>
          <DistanceMeters>8274.7</DistanceMeters>
        </Trackpoint>
        <Trackpoint>
          <Time>2027-05-09T07:33:20Z</Time>
          <Position>
            <LatitudeDegrees>42.4051200</LatitudeDegrees>
            <LongitudeDegrees>-3.2837500</LongitudeDegrees>
          </Position>
          <AltitudeMeters>894.2</AltitudeMeters>
          <DistanceMeters>8337.5</DistanceMeters>
        </Trackpoint>
        <Trackpoint>
          <Time>2027-05-09T07:33:26Z</Time>
          <Position>
            <LatitudeDegrees>42.4050500</LatitudeDegrees>
            <LongitudeDegrees>-3.2840100</LongitudeDegrees>
          </Position>
          <AltitudeMeters>894.0</AltitudeMeters>
          <DistanceMeters>8360.2</DistanceMeters>
        </Trackpoint>
        <Trackpoint>
          <Time>2027-05-09T07:33:39Z</Time>
          <Position>
            <LatitudeDegrees>42.4049200</LatitudeDegrees>
            <LongitudeDegrees>-3.2846300</LongitudeDegrees>
          </Position>
          <AltitudeMeters>894.4</AltitudeMeters>
          <DistanceMeters>8413.1</DistanceMeters>
        </Trackpoint>
        <Trackpoint>
          <Time>2027-05-09T07:33:51Z</Time>
          <Position>
            <LatitudeDegrees>42.4047900</LatitudeDegrees>
            <LongitudeDegrees>-3.2852400</LongitudeDegrees>
          </Position>
          <AltitudeMeters>895.6</AltitudeMeters>
          <DistanceMeters>8465.3</DistanceMeters>
        </Trackpoint>
        <Trackpoint>
          <Time>2027-05-09T07:34:04Z</Time>
          <Position>
            <LatitudeDegrees>42.4046700</LatitudeDegrees>
            <LongitudeDegrees>-3.2858600</LongitudeDegrees>
          </Position>
          <AltitudeMeters>898.2</AltitudeMeters>
          <DistanceMeters>8517.9</DistanceMeters>
        </Trackpoint>
        <Trackpoint>
          <Time>2027-05-09T07:34:16Z</Time>
          <Position>
            <LatitudeDegrees>42.4045400</LatitudeDegrees>
            <LongitudeDegrees>-3.2864700</LongitudeDegrees>
          </Position>
          <AltitudeMeters>902.3</AltitudeMeters>
          <DistanceMeters>8570.0</DistanceMeters>
        </Trackpoint>
        <Trackpoint>
          <Time>2027-05-09T07:34:29Z</Time>
          <Position>
            <LatitudeDegrees>42.4044100</LatitudeDegrees>
            <LongitudeDegrees>-3.2870900</LongitudeDegrees>
          </Position>
          <AltitudeMeters>906.8</AltitudeMeters>
          <DistanceMeters>8622.9</DistanceMeters>
        </Trackpoint>
        <Trackpoint>
          <Time>2027-05-09T07:34:48Z</Time>
          <Position>
            <LatitudeDegrees>42.4041400</LatitudeDegrees>
            <LongitudeDegrees>-3.2879900</LongitudeDegrees>
          </Position>
          <AltitudeMeters>911.3</AltitudeMeters>
          <DistanceMeters>8702.7</DistanceMeters>
        </Trackpoint>
        <Trackpoint>
          <Time>2027-05-09T07:35:00Z</Time>
          <Position>
            <LatitudeDegrees>42.4042200</LatitudeDegrees>
            <LongitudeDegrees>-3.2886000</LongitudeDegrees>
          </Position>
          <AltitudeMeters>915.7</AltitudeMeters>
          <DistanceMeters>8753.6</DistanceMeters>
        </Trackpoint>
        <Trackpoint>
          <Time>2027-05-09T07:35:13Z</Time>
          <Position>
            <LatitudeDegrees>42.4042900</LatitudeDegrees>
            <LongitudeDegrees>-3.2892100</LongitudeDegrees>
          </Position>
          <AltitudeMeters>919.1</AltitudeMeters>
          <DistanceMeters>8804.3</DistanceMeters>
        </Trackpoint>
        <Trackpoint>
          <Time>2027-05-09T07:35:26Z</Time>
          <Position>
            <LatitudeDegrees>42.4042100</LatitudeDegrees>
            <LongitudeDegrees>-3.2898900</LongitudeDegrees>
          </Position>
          <AltitudeMeters>921.9</AltitudeMeters>
          <DistanceMeters>8860.8</DistanceMeters>
        </Trackpoint>
        <Trackpoint>
          <Time>2027-05-09T07:35:39Z</Time>
          <Position>
            <LatitudeDegrees>42.4041300</LatitudeDegrees>
            <LongitudeDegrees>-3.2905600</LongitudeDegrees>
          </Position>
          <AltitudeMeters>924.7</AltitudeMeters>
          <DistanceMeters>8916.5</DistanceMeters>
        </Trackpoint>
        <Trackpoint>
          <Time>2027-05-09T07:35:53Z</Time>
          <Position>
            <LatitudeDegrees>42.4040500</LatitudeDegrees>
            <LongitudeDegrees>-3.2912400</LongitudeDegrees>
          </Position>
          <AltitudeMeters>927.5</AltitudeMeters>
          <DistanceMeters>8973.1</DistanceMeters>
        </Trackpoint>
        <Trackpoint>
          <Time>2027-05-09T07:36:05Z</Time>
          <Position>
            <LatitudeDegrees>42.4038500</LatitudeDegrees>
            <LongitudeDegrees>-3.2917900</LongitudeDegrees>
          </Position>
          <AltitudeMeters>930.0</AltitudeMeters>
          <DistanceMeters>9023.4</DistanceMeters>
        </Trackpoint>
        <Trackpoint>
          <Time>2027-05-09T07:36:17Z</Time>
          <Position>
            <LatitudeDegrees>42.4036500</LatitudeDegrees>
            <LongitudeDegrees>-3.2923500</LongitudeDegrees>
          </Position>
          <AltitudeMeters>932.3</AltitudeMeters>
          <DistanceMeters>9074.5</DistanceMeters>
        </Trackpoint>
        <Trackpoint>
          <Time>2027-05-09T07:36:29Z</Time>
          <Position>
            <LatitudeDegrees>42.4034500</LatitudeDegrees>
            <LongitudeDegrees>-3.2929000</LongitudeDegrees>
          </Position>
          <AltitudeMeters>933.9</AltitudeMeters>
          <DistanceMeters>9124.8</DistanceMeters>
        </Trackpoint>
        <Trackpoint>
          <Time>2027-05-09T07:36:42Z</Time>
          <Position>
            <LatitudeDegrees>42.4032500</LatitudeDegrees>
            <LongitudeDegrees>-3.2934500</LongitudeDegrees>
          </Position>
          <AltitudeMeters>935.3</AltitudeMeters>
          <DistanceMeters>9175.1</DistanceMeters>
        </Trackpoint>
        <Trackpoint>
          <Time>2027-05-09T07:36:54Z</Time>
          <Position>
            <LatitudeDegrees>42.4031000</LatitudeDegrees>
            <LongitudeDegrees>-3.2940700</LongitudeDegrees>
          </Position>
          <AltitudeMeters>936.6</AltitudeMeters>
          <DistanceMeters>9228.7</DistanceMeters>
        </Trackpoint>
        <Trackpoint>
          <Time>2027-05-09T07:37:07Z</Time>
          <Position>
            <LatitudeDegrees>42.4029600</LatitudeDegrees>
            <LongitudeDegrees>-3.2947000</LongitudeDegrees>
          </Position>
          <AltitudeMeters>938.1</AltitudeMeters>
          <DistanceMeters>9282.7</DistanceMeters>
        </Trackpoint>
        <Trackpoint>
          <Time>2027-05-09T07:37:20Z</Time>
          <Position>
            <LatitudeDegrees>42.4028100</LatitudeDegrees>
            <LongitudeDegrees>-3.2953200</LongitudeDegrees>
          </Position>
          <AltitudeMeters>939.7</AltitudeMeters>
          <DistanceMeters>9336.3</DistanceMeters>
        </Trackpoint>
        <Trackpoint>
          <Time>2027-05-09T07:37:33Z</Time>
          <Position>
            <LatitudeDegrees>42.4026700</LatitudeDegrees>
            <LongitudeDegrees>-3.2959400</LongitudeDegrees>
          </Position>
          <AltitudeMeters>941.9</AltitudeMeters>
          <DistanceMeters>9389.5</DistanceMeters>
        </Trackpoint>
        <Trackpoint>
          <Time>2027-05-09T07:37:46Z</Time>
          <Position>
            <LatitudeDegrees>42.4025200</LatitudeDegrees>
            <LongitudeDegrees>-3.2965600</LongitudeDegrees>
          </Position>
          <AltitudeMeters>943.6</AltitudeMeters>
          <DistanceMeters>9443.1</DistanceMeters>
        </Trackpoint>
        <Trackpoint>
          <Time>2027-05-09T07:37:59Z</Time>
          <Position>
            <LatitudeDegrees>42.4023800</LatitudeDegrees>
            <LongitudeDegrees>-3.2971900</LongitudeDegrees>
          </Position>
          <AltitudeMeters>944.5</AltitudeMeters>
          <DistanceMeters>9497.1</DistanceMeters>
        </Trackpoint>
        <Trackpoint>
          <Time>2027-05-09T07:38:12Z</Time>
          <Position>
            <LatitudeDegrees>42.4022300</LatitudeDegrees>
            <LongitudeDegrees>-3.2978100</LongitudeDegrees>
          </Position>
          <AltitudeMeters>944.0</AltitudeMeters>
          <DistanceMeters>9550.7</DistanceMeters>
        </Trackpoint>
        <Trackpoint>
          <Time>2027-05-09T07:38:25Z</Time>
          <Position>
            <LatitudeDegrees>42.4020800</LatitudeDegrees>
            <LongitudeDegrees>-3.2984300</LongitudeDegrees>
          </Position>
          <AltitudeMeters>941.6</AltitudeMeters>
          <DistanceMeters>9604.3</DistanceMeters>
        </Trackpoint>
        <Trackpoint>
          <Time>2027-05-09T07:38:37Z</Time>
          <Position>
            <LatitudeDegrees>42.4019400</LatitudeDegrees>
            <LongitudeDegrees>-3.2990500</LongitudeDegrees>
          </Position>
          <AltitudeMeters>937.5</AltitudeMeters>
          <DistanceMeters>9657.5</DistanceMeters>
        </Trackpoint>
        <Trackpoint>
          <Time>2027-05-09T07:38:50Z</Time>
          <Position>
            <LatitudeDegrees>42.4017900</LatitudeDegrees>
            <LongitudeDegrees>-3.2996800</LongitudeDegrees>
          </Position>
          <AltitudeMeters>932.7</AltitudeMeters>
          <DistanceMeters>9711.9</DistanceMeters>
        </Trackpoint>
        <Trackpoint>
          <Time>2027-05-09T07:39:03Z</Time>
          <Position>
            <LatitudeDegrees>42.4016500</LatitudeDegrees>
            <LongitudeDegrees>-3.3003000</LongitudeDegrees>
          </Position>
          <AltitudeMeters>928.4</AltitudeMeters>
          <DistanceMeters>9765.1</DistanceMeters>
        </Trackpoint>
        <Trackpoint>
          <Time>2027-05-09T07:39:16Z</Time>
          <Position>
            <LatitudeDegrees>42.4015000</LatitudeDegrees>
            <LongitudeDegrees>-3.3009200</LongitudeDegrees>
          </Position>
          <AltitudeMeters>924.8</AltitudeMeters>
          <DistanceMeters>9818.7</DistanceMeters>
        </Trackpoint>
        <Trackpoint>
          <Time>2027-05-09T07:39:28Z</Time>
          <Position>
            <LatitudeDegrees>42.4010600</LatitudeDegrees>
            <LongitudeDegrees>-3.3011000</LongitudeDegrees>
          </Position>
          <AltitudeMeters>922.8</AltitudeMeters>
          <DistanceMeters>9869.8</DistanceMeters>
        </Trackpoint>
        <Trackpoint>
          <Time>2027-05-09T07:39:41Z</Time>
          <Position>
            <LatitudeDegrees>42.4006200</LatitudeDegrees>
            <LongitudeDegrees>-3.3012800</LongitudeDegrees>
          </Position>
          <AltitudeMeters>922.0</AltitudeMeters>
          <DistanceMeters>9920.9</DistanceMeters>
        </Trackpoint>
        <Trackpoint>
          <Time>2027-05-09T07:39:53Z</Time>
          <Position>
            <LatitudeDegrees>42.4001900</LatitudeDegrees>
            <LongitudeDegrees>-3.3014600</LongitudeDegrees>
          </Position>
          <AltitudeMeters>922.1</AltitudeMeters>
          <DistanceMeters>9970.9</DistanceMeters>
        </Trackpoint>
        <Trackpoint>
          <Time>2027-05-09T07:40:05Z</Time>
          <Position>
            <LatitudeDegrees>42.3997500</LatitudeDegrees>
            <LongitudeDegrees>-3.3016400</LongitudeDegrees>
          </Position>
          <AltitudeMeters>922.4</AltitudeMeters>
          <DistanceMeters>10022.0</DistanceMeters>
        </Trackpoint>
        <Trackpoint>
          <Time>2027-05-09T07:40:17Z</Time>
          <Position>
            <LatitudeDegrees>42.3993100</LatitudeDegrees>
            <LongitudeDegrees>-3.3018200</LongitudeDegrees>
          </Position>
          <AltitudeMeters>922.8</AltitudeMeters>
          <DistanceMeters>10073.2</DistanceMeters>
        </Trackpoint>
        <Trackpoint>
          <Time>2027-05-09T07:40:29Z</Time>
          <Position>
            <LatitudeDegrees>42.3988700</LatitudeDegrees>
            <LongitudeDegrees>-3.3020000</LongitudeDegrees>
          </Position>
          <AltitudeMeters>923.3</AltitudeMeters>
          <DistanceMeters>10124.3</DistanceMeters>
        </Trackpoint>
        <Trackpoint>
          <Time>2027-05-09T07:40:42Z</Time>
          <Position>
            <LatitudeDegrees>42.3984300</LatitudeDegrees>
            <LongitudeDegrees>-3.3021800</LongitudeDegrees>
          </Position>
          <AltitudeMeters>923.8</AltitudeMeters>
          <DistanceMeters>10175.4</DistanceMeters>
        </Trackpoint>
        <Trackpoint>
          <Time>2027-05-09T07:40:54Z</Time>
          <Position>
            <LatitudeDegrees>42.3979900</LatitudeDegrees>
            <LongitudeDegrees>-3.3023600</LongitudeDegrees>
          </Position>
          <AltitudeMeters>924.1</AltitudeMeters>
          <DistanceMeters>10226.5</DistanceMeters>
        </Trackpoint>
        <Trackpoint>
          <Time>2027-05-09T07:41:06Z</Time>
          <Position>
            <LatitudeDegrees>42.3975600</LatitudeDegrees>
            <LongitudeDegrees>-3.3025400</LongitudeDegrees>
          </Position>
          <AltitudeMeters>924.3</AltitudeMeters>
          <DistanceMeters>10276.5</DistanceMeters>
        </Trackpoint>
        <Trackpoint>
          <Time>2027-05-09T07:41:18Z</Time>
          <Position>
            <LatitudeDegrees>42.3971200</LatitudeDegrees>
            <LongitudeDegrees>-3.3027200</LongitudeDegrees>
          </Position>
          <AltitudeMeters>924.4</AltitudeMeters>
          <DistanceMeters>10327.6</DistanceMeters>
        </Trackpoint>
        <Trackpoint>
          <Time>2027-05-09T07:41:30Z</Time>
          <Position>
            <LatitudeDegrees>42.3966800</LatitudeDegrees>
            <LongitudeDegrees>-3.3029000</LongitudeDegrees>
          </Position>
          <AltitudeMeters>924.8</AltitudeMeters>
          <DistanceMeters>10378.7</DistanceMeters>
        </Trackpoint>
        <Trackpoint>
          <Time>2027-05-09T07:41:35Z</Time>
          <Position>
            <LatitudeDegrees>42.3965100</LatitudeDegrees>
            <LongitudeDegrees>-3.3029100</LongitudeDegrees>
          </Position>
          <AltitudeMeters>926.7</AltitudeMeters>
          <DistanceMeters>10397.7</DistanceMeters>
        </Trackpoint>
        <Trackpoint>
          <Time>2027-05-09T07:41:41Z</Time>
          <Position>
            <LatitudeDegrees>42.3962900</LatitudeDegrees>
            <LongitudeDegrees>-3.3028000</LongitudeDegrees>
          </Position>
          <AltitudeMeters>928.8</AltitudeMeters>
          <DistanceMeters>10423.7</DistanceMeters>
        </Trackpoint>
        <Trackpoint>
          <Time>2027-05-09T07:41:59Z</Time>
          <Position>
            <LatitudeDegrees>42.3957800</LatitudeDegrees>
            <LongitudeDegrees>-3.3022500</LongitudeDegrees>
          </Position>
          <AltitudeMeters>930.9</AltitudeMeters>
          <DistanceMeters>10496.2</DistanceMeters>
        </Trackpoint>
        <Trackpoint>
          <Time>2027-05-09T07:42:12Z</Time>
          <Position>
            <LatitudeDegrees>42.3953500</LatitudeDegrees>
            <LongitudeDegrees>-3.3026100</LongitudeDegrees>
          </Position>
          <AltitudeMeters>933.5</AltitudeMeters>
          <DistanceMeters>10552.5</DistanceMeters>
        </Trackpoint>
        <Trackpoint>
          <Time>2027-05-09T07:42:35Z</Time>
          <Position>
            <LatitudeDegrees>42.3946700</LatitudeDegrees>
            <LongitudeDegrees>-3.3033300</LongitudeDegrees>
          </Position>
          <AltitudeMeters>936.1</AltitudeMeters>
          <DistanceMeters>10648.4</DistanceMeters>
        </Trackpoint>
        <Trackpoint>
          <Time>2027-05-09T07:42:48Z</Time>
          <Position>
            <LatitudeDegrees>42.3942200</LatitudeDegrees>
            <LongitudeDegrees>-3.3035900</LongitudeDegrees>
          </Position>
          <AltitudeMeters>937.6</AltitudeMeters>
          <DistanceMeters>10702.8</DistanceMeters>
        </Trackpoint>
        <Trackpoint>
          <Time>2027-05-09T07:43:01Z</Time>
          <Position>
            <LatitudeDegrees>42.3938200</LatitudeDegrees>
            <LongitudeDegrees>-3.3039100</LongitudeDegrees>
          </Position>
          <AltitudeMeters>938.7</AltitudeMeters>
          <DistanceMeters>10754.5</DistanceMeters>
        </Trackpoint>
        <Trackpoint>
          <Time>2027-05-09T07:43:13Z</Time>
          <Position>
            <LatitudeDegrees>42.3934200</LatitudeDegrees>
            <LongitudeDegrees>-3.3042200</LongitudeDegrees>
          </Position>
          <AltitudeMeters>939.5</AltitudeMeters>
          <DistanceMeters>10805.8</DistanceMeters>
        </Trackpoint>
        <Trackpoint>
          <Time>2027-05-09T07:43:25Z</Time>
          <Position>
            <LatitudeDegrees>42.3930200</LatitudeDegrees>
            <LongitudeDegrees>-3.3045400</LongitudeDegrees>
          </Position>
          <AltitudeMeters>939.9</AltitudeMeters>
          <DistanceMeters>10857.4</DistanceMeters>
        </Trackpoint>
        <Trackpoint>
          <Time>2027-05-09T07:43:43Z</Time>
          <Position>
            <LatitudeDegrees>42.3925100</LatitudeDegrees>
            <LongitudeDegrees>-3.3051500</LongitudeDegrees>
          </Position>
          <AltitudeMeters>939.4</AltitudeMeters>
          <DistanceMeters>10933.1</DistanceMeters>
        </Trackpoint>
        <Trackpoint>
          <Time>2027-05-09T07:43:55Z</Time>
          <Position>
            <LatitudeDegrees>42.3920800</LatitudeDegrees>
            <LongitudeDegrees>-3.3053300</LongitudeDegrees>
          </Position>
          <AltitudeMeters>938.5</AltitudeMeters>
          <DistanceMeters>10983.1</DistanceMeters>
        </Trackpoint>
        <Trackpoint>
          <Time>2027-05-09T07:44:10Z</Time>
          <Position>
            <LatitudeDegrees>42.3917100</LatitudeDegrees>
            <LongitudeDegrees>-3.3058600</LongitudeDegrees>
          </Position>
          <AltitudeMeters>937.6</AltitudeMeters>
          <DistanceMeters>11043.0</DistanceMeters>
        </Trackpoint>
        <Trackpoint>
          <Time>2027-05-09T07:44:24Z</Time>
          <Position>
            <LatitudeDegrees>42.3913300</LatitudeDegrees>
            <LongitudeDegrees>-3.3063800</LongitudeDegrees>
          </Position>
          <AltitudeMeters>937.5</AltitudeMeters>
          <DistanceMeters>11103.1</DistanceMeters>
        </Trackpoint>
        <Trackpoint>
          <Time>2027-05-09T07:44:33Z</Time>
          <Position>
            <LatitudeDegrees>42.3910600</LatitudeDegrees>
            <LongitudeDegrees>-3.3066400</LongitudeDegrees>
          </Position>
          <AltitudeMeters>938.2</AltitudeMeters>
          <DistanceMeters>11139.9</DistanceMeters>
        </Trackpoint>
        <Trackpoint>
          <Time>2027-05-09T07:44:49Z</Time>
          <Position>
            <LatitudeDegrees>42.3906800</LatitudeDegrees>
            <LongitudeDegrees>-3.3072900</LongitudeDegrees>
          </Position>
          <AltitudeMeters>940.2</AltitudeMeters>
          <DistanceMeters>11208.0</DistanceMeters>
        </Trackpoint>
        <Trackpoint>
          <Time>2027-05-09T07:45:06Z</Time>
          <Position>
            <LatitudeDegrees>42.3903000</LatitudeDegrees>
            <LongitudeDegrees>-3.3079400</LongitudeDegrees>
          </Position>
          <AltitudeMeters>943.3</AltitudeMeters>
          <DistanceMeters>11276.1</DistanceMeters>
        </Trackpoint>
        <Trackpoint>
          <Time>2027-05-09T07:45:19Z</Time>
          <Position>
            <LatitudeDegrees>42.3898700</LatitudeDegrees>
            <LongitudeDegrees>-3.3082500</LongitudeDegrees>
          </Position>
          <AltitudeMeters>946.6</AltitudeMeters>
          <DistanceMeters>11330.3</DistanceMeters>
        </Trackpoint>
        <Trackpoint>
          <Time>2027-05-09T07:45:32Z</Time>
          <Position>
            <LatitudeDegrees>42.3894300</LatitudeDegrees>
            <LongitudeDegrees>-3.3085500</LongitudeDegrees>
          </Position>
          <AltitudeMeters>950.5</AltitudeMeters>
          <DistanceMeters>11385.0</DistanceMeters>
        </Trackpoint>
        <Trackpoint>
          <Time>2027-05-09T07:45:38Z</Time>
          <Position>
            <LatitudeDegrees>42.3892100</LatitudeDegrees>
            <LongitudeDegrees>-3.3086400</LongitudeDegrees>
          </Position>
          <AltitudeMeters>953.4</AltitudeMeters>
          <DistanceMeters>11410.6</DistanceMeters>
        </Trackpoint>
        <Trackpoint>
          <Time>2027-05-09T07:45:54Z</Time>
          <Position>
            <LatitudeDegrees>42.3888200</LatitudeDegrees>
            <LongitudeDegrees>-3.3092500</LongitudeDegrees>
          </Position>
          <AltitudeMeters>955.8</AltitudeMeters>
          <DistanceMeters>11476.9</DistanceMeters>
        </Trackpoint>
        <Trackpoint>
          <Time>2027-05-09T07:45:55Z</Time>
          <Position>
            <LatitudeDegrees>42.3888000</LatitudeDegrees>
            <LongitudeDegrees>-3.3092200</LongitudeDegrees>
          </Position>
          <AltitudeMeters>958.3</AltitudeMeters>
          <DistanceMeters>11480.2</DistanceMeters>
        </Trackpoint>
        <Trackpoint>
          <Time>2027-05-09T07:46:11Z</Time>
          <Position>
            <LatitudeDegrees>42.3882700</LatitudeDegrees>
            <LongitudeDegrees>-3.3096100</LongitudeDegrees>
          </Position>
          <AltitudeMeters>961.9</AltitudeMeters>
          <DistanceMeters>11547.3</DistanceMeters>
        </Trackpoint>
        <Trackpoint>
          <Time>2027-05-09T07:46:24Z</Time>
          <Position>
            <LatitudeDegrees>42.3879100</LatitudeDegrees>
            <LongitudeDegrees>-3.3100400</LongitudeDegrees>
          </Position>
          <AltitudeMeters>965.3</AltitudeMeters>
          <DistanceMeters>11600.6</DistanceMeters>
        </Trackpoint>
        <Trackpoint>
          <Time>2027-05-09T07:46:37Z</Time>
          <Position>
            <LatitudeDegrees>42.3875400</LatitudeDegrees>
            <LongitudeDegrees>-3.3104700</LongitudeDegrees>
          </Position>
          <AltitudeMeters>969.8</AltitudeMeters>
          <DistanceMeters>11654.9</DistanceMeters>
        </Trackpoint>
        <Trackpoint>
          <Time>2027-05-09T07:46:41Z</Time>
          <Position>
            <LatitudeDegrees>42.3875100</LatitudeDegrees>
            <LongitudeDegrees>-3.3107100</LongitudeDegrees>
          </Position>
          <AltitudeMeters>974.8</AltitudeMeters>
          <DistanceMeters>11674.9</DistanceMeters>
        </Trackpoint>
        <Trackpoint>
          <Time>2027-05-09T07:46:53Z</Time>
          <Position>
            <LatitudeDegrees>42.3876600</LatitudeDegrees>
            <LongitudeDegrees>-3.3112700</LongitudeDegrees>
          </Position>
          <AltitudeMeters>980.0</AltitudeMeters>
          <DistanceMeters>11723.8</DistanceMeters>
        </Trackpoint>
        <Trackpoint>
          <Time>2027-05-09T07:47:06Z</Time>
          <Position>
            <LatitudeDegrees>42.3879000</LatitudeDegrees>
            <LongitudeDegrees>-3.3118200</LongitudeDegrees>
          </Position>
          <AltitudeMeters>985.0</AltitudeMeters>
          <DistanceMeters>11776.2</DistanceMeters>
        </Trackpoint>
        <Trackpoint>
          <Time>2027-05-09T07:47:24Z</Time>
          <Position>
            <LatitudeDegrees>42.3881100</LatitudeDegrees>
            <LongitudeDegrees>-3.3127000</LongitudeDegrees>
          </Position>
          <AltitudeMeters>990.6</AltitudeMeters>
          <DistanceMeters>11852.2</DistanceMeters>
        </Trackpoint>
        <Trackpoint>
          <Time>2027-05-09T07:47:38Z</Time>
          <Position>
            <LatitudeDegrees>42.3880100</LatitudeDegrees>
            <LongitudeDegrees>-3.3133800</LongitudeDegrees>
          </Position>
          <AltitudeMeters>996.2</AltitudeMeters>
          <DistanceMeters>11909.1</DistanceMeters>
        </Trackpoint>
        <Trackpoint>
          <Time>2027-05-09T07:47:52Z</Time>
          <Position>
            <LatitudeDegrees>42.3881500</LatitudeDegrees>
            <LongitudeDegrees>-3.3140900</LongitudeDegrees>
          </Position>
          <AltitudeMeters>1002.6</AltitudeMeters>
          <DistanceMeters>11969.5</DistanceMeters>
        </Trackpoint>
        <Trackpoint>
          <Time>2027-05-09T07:48:06Z</Time>
          <Position>
            <LatitudeDegrees>42.3882800</LatitudeDegrees>
            <LongitudeDegrees>-3.3147900</LongitudeDegrees>
          </Position>
          <AltitudeMeters>1008.7</AltitudeMeters>
          <DistanceMeters>12028.8</DistanceMeters>
        </Trackpoint>
        <Trackpoint>
          <Time>2027-05-09T07:48:27Z</Time>
          <Position>
            <LatitudeDegrees>42.3885900</LatitudeDegrees>
            <LongitudeDegrees>-3.3157500</LongitudeDegrees>
          </Position>
          <AltitudeMeters>1014.9</AltitudeMeters>
          <DistanceMeters>12114.8</DistanceMeters>
        </Trackpoint>
        <Trackpoint>
          <Time>2027-05-09T07:48:40Z</Time>
          <Position>
            <LatitudeDegrees>42.3884500</LatitudeDegrees>
            <LongitudeDegrees>-3.3163600</LongitudeDegrees>
          </Position>
          <AltitudeMeters>1021.1</AltitudeMeters>
          <DistanceMeters>12167.3</DistanceMeters>
        </Trackpoint>
        <Trackpoint>
          <Time>2027-05-09T07:48:52Z</Time>
          <Position>
            <LatitudeDegrees>42.3883100</LatitudeDegrees>
            <LongitudeDegrees>-3.3169700</LongitudeDegrees>
          </Position>
          <AltitudeMeters>1027.4</AltitudeMeters>
          <DistanceMeters>12219.7</DistanceMeters>
        </Trackpoint>
        <Trackpoint>
          <Time>2027-05-09T07:49:05Z</Time>
          <Position>
            <LatitudeDegrees>42.3881600</LatitudeDegrees>
            <LongitudeDegrees>-3.3175700</LongitudeDegrees>
          </Position>
          <AltitudeMeters>1032.9</AltitudeMeters>
          <DistanceMeters>12271.8</DistanceMeters>
        </Trackpoint>
        <Trackpoint>
          <Time>2027-05-09T07:49:17Z</Time>
          <Position>
            <LatitudeDegrees>42.3880200</LatitudeDegrees>
            <LongitudeDegrees>-3.3181800</LongitudeDegrees>
          </Position>
          <AltitudeMeters>1038.6</AltitudeMeters>
          <DistanceMeters>12324.2</DistanceMeters>
        </Trackpoint>
        <Trackpoint>
          <Time>2027-05-09T07:49:30Z</Time>
          <Position>
            <LatitudeDegrees>42.3878800</LatitudeDegrees>
            <LongitudeDegrees>-3.3187900</LongitudeDegrees>
          </Position>
          <AltitudeMeters>1044.5</AltitudeMeters>
          <DistanceMeters>12376.7</DistanceMeters>
        </Trackpoint>
        <Trackpoint>
          <Time>2027-05-09T07:49:43Z</Time>
          <Position>
            <LatitudeDegrees>42.3876400</LatitudeDegrees>
            <LongitudeDegrees>-3.3193800</LongitudeDegrees>
          </Position>
          <AltitudeMeters>1050.7</AltitudeMeters>
          <DistanceMeters>12432.0</DistanceMeters>
        </Trackpoint>
        <Trackpoint>
          <Time>2027-05-09T07:49:57Z</Time>
          <Position>
            <LatitudeDegrees>42.3873900</LatitudeDegrees>
            <LongitudeDegrees>-3.3199700</LongitudeDegrees>
          </Position>
          <AltitudeMeters>1057.6</AltitudeMeters>
          <DistanceMeters>12487.9</DistanceMeters>
        </Trackpoint>
        <Trackpoint>
          <Time>2027-05-09T07:50:10Z</Time>
          <Position>
            <LatitudeDegrees>42.3871500</LatitudeDegrees>
            <LongitudeDegrees>-3.3205600</LongitudeDegrees>
          </Position>
          <AltitudeMeters>1064.5</AltitudeMeters>
          <DistanceMeters>12543.2</DistanceMeters>
        </Trackpoint>
        <Trackpoint>
          <Time>2027-05-09T07:50:27Z</Time>
          <Position>
            <LatitudeDegrees>42.3869000</LatitudeDegrees>
            <LongitudeDegrees>-3.3213400</LongitudeDegrees>
          </Position>
          <AltitudeMeters>1070.2</AltitudeMeters>
          <DistanceMeters>12613.0</DistanceMeters>
        </Trackpoint>
        <Trackpoint>
          <Time>2027-05-09T07:50:43Z</Time>
          <Position>
            <LatitudeDegrees>42.3866400</LatitudeDegrees>
            <LongitudeDegrees>-3.3221100</LongitudeDegrees>
          </Position>
          <AltitudeMeters>1075.3</AltitudeMeters>
          <DistanceMeters>12682.6</DistanceMeters>
        </Trackpoint>
        <Trackpoint>
          <Time>2027-05-09T07:50:54Z</Time>
          <Position>
            <LatitudeDegrees>42.3863500</LatitudeDegrees>
            <LongitudeDegrees>-3.3225000</LongitudeDegrees>
          </Position>
          <AltitudeMeters>1080.2</AltitudeMeters>
          <DistanceMeters>12728.0</DistanceMeters>
        </Trackpoint>
        <Trackpoint>
          <Time>2027-05-09T07:51:11Z</Time>
          <Position>
            <LatitudeDegrees>42.3862000</LatitudeDegrees>
            <LongitudeDegrees>-3.3233100</LongitudeDegrees>
          </Position>
          <AltitudeMeters>1084.7</AltitudeMeters>
          <DistanceMeters>12796.6</DistanceMeters>
        </Trackpoint>
        <Trackpoint>
          <Time>2027-05-09T07:51:27Z</Time>
          <Position>
            <LatitudeDegrees>42.3860400</LatitudeDegrees>
            <LongitudeDegrees>-3.3241200</LongitudeDegrees>
          </Position>
          <AltitudeMeters>1088.4</AltitudeMeters>
          <DistanceMeters>12865.5</DistanceMeters>
        </Trackpoint>
        <Trackpoint>
          <Time>2027-05-09T07:51:50Z</Time>
          <Position>
            <LatitudeDegrees>42.3857400</LatitudeDegrees>
            <LongitudeDegrees>-3.3252000</LongitudeDegrees>
          </Position>
          <AltitudeMeters>1092.1</AltitudeMeters>
          <DistanceMeters>12960.2</DistanceMeters>
        </Trackpoint>
        <Trackpoint>
          <Time>2027-05-09T07:51:53Z</Time>
          <Position>
            <LatitudeDegrees>42.3856400</LatitudeDegrees>
            <LongitudeDegrees>-3.3253000</LongitudeDegrees>
          </Position>
          <AltitudeMeters>1094.7</AltitudeMeters>
          <DistanceMeters>12974.0</DistanceMeters>
        </Trackpoint>
        <Trackpoint>
          <Time>2027-05-09T07:51:57Z</Time>
          <Position>
            <LatitudeDegrees>42.3855000</LatitudeDegrees>
            <LongitudeDegrees>-3.3253000</LongitudeDegrees>
          </Position>
          <AltitudeMeters>1096.7</AltitudeMeters>
          <DistanceMeters>12989.6</DistanceMeters>
        </Trackpoint>
        <Trackpoint>
          <Time>2027-05-09T07:52:12Z</Time>
          <Position>
            <LatitudeDegrees>42.3849600</LatitudeDegrees>
            <LongitudeDegrees>-3.3250700</LongitudeDegrees>
          </Position>
          <AltitudeMeters>1099.1</AltitudeMeters>
          <DistanceMeters>13052.6</DistanceMeters>
        </Trackpoint>
        <Trackpoint>
          <Time>2027-05-09T07:52:20Z</Time>
          <Position>
            <LatitudeDegrees>42.3846500</LatitudeDegrees>
            <LongitudeDegrees>-3.3250400</LongitudeDegrees>
          </Position>
          <AltitudeMeters>1102.7</AltitudeMeters>
          <DistanceMeters>13087.1</DistanceMeters>
        </Trackpoint>
        <Trackpoint>
          <Time>2027-05-09T07:52:34Z</Time>
          <Position>
            <LatitudeDegrees>42.3841800</LatitudeDegrees>
            <LongitudeDegrees>-3.3253300</LongitudeDegrees>
          </Position>
          <AltitudeMeters>1107.4</AltitudeMeters>
          <DistanceMeters>13144.5</DistanceMeters>
        </Trackpoint>
        <Trackpoint>
          <Time>2027-05-09T07:52:46Z</Time>
          <Position>
            <LatitudeDegrees>42.3838600</LatitudeDegrees>
            <LongitudeDegrees>-3.3257300</LongitudeDegrees>
          </Position>
          <AltitudeMeters>1112.8</AltitudeMeters>
          <DistanceMeters>13193.0</DistanceMeters>
        </Trackpoint>
        <Trackpoint>
          <Time>2027-05-09T07:52:58Z</Time>
          <Position>
            <LatitudeDegrees>42.3836000</LatitudeDegrees>
            <LongitudeDegrees>-3.3262200</LongitudeDegrees>
          </Position>
          <AltitudeMeters>1118.8</AltitudeMeters>
          <DistanceMeters>13242.5</DistanceMeters>
        </Trackpoint>
        <Trackpoint>
          <Time>2027-05-09T07:53:13Z</Time>
          <Position>
            <LatitudeDegrees>42.3831000</LatitudeDegrees>
            <LongitudeDegrees>-3.3266200</LongitudeDegrees>
          </Position>
          <AltitudeMeters>1123.7</AltitudeMeters>
          <DistanceMeters>13307.1</DistanceMeters>
        </Trackpoint>
        <Trackpoint>
          <Time>2027-05-09T07:53:27Z</Time>
          <Position>
            <LatitudeDegrees>42.3827500</LatitudeDegrees>
            <LongitudeDegrees>-3.3271600</LongitudeDegrees>
          </Position>
          <AltitudeMeters>1127.6</AltitudeMeters>
          <DistanceMeters>13366.1</DistanceMeters>
        </Trackpoint>
        <Trackpoint>
          <Time>2027-05-09T07:53:42Z</Time>
          <Position>
            <LatitudeDegrees>42.3824000</LatitudeDegrees>
            <LongitudeDegrees>-3.3277000</LongitudeDegrees>
          </Position>
          <AltitudeMeters>1130.5</AltitudeMeters>
          <DistanceMeters>13425.1</DistanceMeters>
        </Trackpoint>
        <Trackpoint>
          <Time>2027-05-09T07:53:56Z</Time>
          <Position>
            <LatitudeDegrees>42.3820500</LatitudeDegrees>
            <LongitudeDegrees>-3.3282400</LongitudeDegrees>
          </Position>
          <AltitudeMeters>1132.7</AltitudeMeters>
          <DistanceMeters>13484.1</DistanceMeters>
        </Trackpoint>
        <Trackpoint>
          <Time>2027-05-09T07:54:15Z</Time>
          <Position>
            <LatitudeDegrees>42.3815100</LatitudeDegrees>
            <LongitudeDegrees>-3.3289200</LongitudeDegrees>
          </Position>
          <AltitudeMeters>1133.8</AltitudeMeters>
          <DistanceMeters>13566.1</DistanceMeters>
        </Trackpoint>
        <Trackpoint>
          <Time>2027-05-09T07:54:30Z</Time>
          <Position>
            <LatitudeDegrees>42.3810400</LatitudeDegrees>
            <LongitudeDegrees>-3.3293100</LongitudeDegrees>
          </Position>
          <AltitudeMeters>1135.0</AltitudeMeters>
          <DistanceMeters>13627.4</DistanceMeters>
        </Trackpoint>
        <Trackpoint>
          <Time>2027-05-09T07:54:45Z</Time>
          <Position>
            <LatitudeDegrees>42.3805600</LatitudeDegrees>
            <LongitudeDegrees>-3.3297100</LongitudeDegrees>
          </Position>
          <AltitudeMeters>1136.2</AltitudeMeters>
          <DistanceMeters>13690.1</DistanceMeters>
        </Trackpoint>
        <Trackpoint>
          <Time>2027-05-09T07:55:00Z</Time>
          <Position>
            <LatitudeDegrees>42.3800900</LatitudeDegrees>
            <LongitudeDegrees>-3.3301000</LongitudeDegrees>
          </Position>
          <AltitudeMeters>1137.9</AltitudeMeters>
          <DistanceMeters>13751.4</DistanceMeters>
        </Trackpoint>
        <Trackpoint>
          <Time>2027-05-09T07:55:15Z</Time>
          <Position>
            <LatitudeDegrees>42.3796600</LatitudeDegrees>
            <LongitudeDegrees>-3.3306000</LongitudeDegrees>
          </Position>
          <AltitudeMeters>1140.2</AltitudeMeters>
          <DistanceMeters>13814.4</DistanceMeters>
        </Trackpoint>
        <Trackpoint>
          <Time>2027-05-09T07:55:31Z</Time>
          <Position>
            <LatitudeDegrees>42.3792300</LatitudeDegrees>
            <LongitudeDegrees>-3.3312000</LongitudeDegrees>
          </Position>
          <AltitudeMeters>1142.3</AltitudeMeters>
          <DistanceMeters>13883.1</DistanceMeters>
        </Trackpoint>
        <Trackpoint>
          <Time>2027-05-09T07:55:48Z</Time>
          <Position>
            <LatitudeDegrees>42.3787900</LatitudeDegrees>
            <LongitudeDegrees>-3.3317900</LongitudeDegrees>
          </Position>
          <AltitudeMeters>1143.7</AltitudeMeters>
          <DistanceMeters>13952.0</DistanceMeters>
        </Trackpoint>
        <Trackpoint>
          <Time>2027-05-09T07:56:10Z</Time>
          <Position>
            <LatitudeDegrees>42.3781100</LatitudeDegrees>
            <LongitudeDegrees>-3.3324400</LongitudeDegrees>
          </Position>
          <AltitudeMeters>1144.9</AltitudeMeters>
          <DistanceMeters>14044.5</DistanceMeters>
        </Trackpoint>
        <Trackpoint>
          <Time>2027-05-09T07:56:24Z</Time>
          <Position>
            <LatitudeDegrees>42.3777600</LatitudeDegrees>
            <LongitudeDegrees>-3.3329900</LongitudeDegrees>
          </Position>
          <AltitudeMeters>1146.3</AltitudeMeters>
          <DistanceMeters>14104.2</DistanceMeters>
        </Trackpoint>
        <Trackpoint>
          <Time>2027-05-09T07:56:39Z</Time>
          <Position>
            <LatitudeDegrees>42.3774100</LatitudeDegrees>
            <LongitudeDegrees>-3.3335300</LongitudeDegrees>
          </Position>
          <AltitudeMeters>1147.3</AltitudeMeters>
          <DistanceMeters>14163.2</DistanceMeters>
        </Trackpoint>
        <Trackpoint>
          <Time>2027-05-09T07:56:53Z</Time>
          <Position>
            <LatitudeDegrees>42.3770600</LatitudeDegrees>
            <LongitudeDegrees>-3.3340800</LongitudeDegrees>
          </Position>
          <AltitudeMeters>1148.4</AltitudeMeters>
          <DistanceMeters>14222.8</DistanceMeters>
        </Trackpoint>
        <Trackpoint>
          <Time>2027-05-09T07:57:07Z</Time>
          <Position>
            <LatitudeDegrees>42.3767100</LatitudeDegrees>
            <LongitudeDegrees>-3.3346200</LongitudeDegrees>
          </Position>
          <AltitudeMeters>1149.9</AltitudeMeters>
          <DistanceMeters>14281.8</DistanceMeters>
        </Trackpoint>
        <Trackpoint>
          <Time>2027-05-09T07:57:31Z</Time>
          <Position>
            <LatitudeDegrees>42.3761700</LatitudeDegrees>
            <LongitudeDegrees>-3.3355700</LongitudeDegrees>
          </Position>
          <AltitudeMeters>1152.5</AltitudeMeters>
          <DistanceMeters>14380.3</DistanceMeters>
        </Trackpoint>
        <Trackpoint>
          <Time>2027-05-09T07:57:41Z</Time>
          <Position>
            <LatitudeDegrees>42.3758300</LatitudeDegrees>
            <LongitudeDegrees>-3.3358300</LongitudeDegrees>
          </Position>
          <AltitudeMeters>1155.4</AltitudeMeters>
          <DistanceMeters>14423.7</DistanceMeters>
        </Trackpoint>
        <Trackpoint>
          <Time>2027-05-09T07:57:53Z</Time>
          <Position>
            <LatitudeDegrees>42.3754900</LatitudeDegrees>
            <LongitudeDegrees>-3.3362300</LongitudeDegrees>
          </Position>
          <AltitudeMeters>1158.4</AltitudeMeters>
          <DistanceMeters>14473.8</DistanceMeters>
        </Trackpoint>
        <Trackpoint>
          <Time>2027-05-09T07:58:05Z</Time>
          <Position>
            <LatitudeDegrees>42.3751400</LatitudeDegrees>
            <LongitudeDegrees>-3.3366200</LongitudeDegrees>
          </Position>
          <AltitudeMeters>1159.8</AltitudeMeters>
          <DistanceMeters>14524.2</DistanceMeters>
        </Trackpoint>
        <Trackpoint>
          <Time>2027-05-09T07:58:17Z</Time>
          <Position>
            <LatitudeDegrees>42.3748000</LatitudeDegrees>
            <LongitudeDegrees>-3.3370200</LongitudeDegrees>
          </Position>
          <AltitudeMeters>1159.9</AltitudeMeters>
          <DistanceMeters>14574.3</DistanceMeters>
        </Trackpoint>
        <Trackpoint>
          <Time>2027-05-09T07:58:30Z</Time>
          <Position>
            <LatitudeDegrees>42.3745600</LatitudeDegrees>
            <LongitudeDegrees>-3.3375900</LongitudeDegrees>
          </Position>
          <AltitudeMeters>1158.5</AltitudeMeters>
          <DistanceMeters>14628.2</DistanceMeters>
        </Trackpoint>
        <Trackpoint>
          <Time>2027-05-09T07:58:43Z</Time>
          <Position>
            <LatitudeDegrees>42.3743200</LatitudeDegrees>
            <LongitudeDegrees>-3.3381600</LongitudeDegrees>
          </Position>
          <AltitudeMeters>1156.2</AltitudeMeters>
          <DistanceMeters>14682.1</DistanceMeters>
        </Trackpoint>
        <Trackpoint>
          <Time>2027-05-09T07:58:56Z</Time>
          <Position>
            <LatitudeDegrees>42.3740700</LatitudeDegrees>
            <LongitudeDegrees>-3.3387300</LongitudeDegrees>
          </Position>
          <AltitudeMeters>1153.8</AltitudeMeters>
          <DistanceMeters>14736.5</DistanceMeters>
        </Trackpoint>
        <Trackpoint>
          <Time>2027-05-09T07:59:09Z</Time>
          <Position>
            <LatitudeDegrees>42.3738300</LatitudeDegrees>
            <LongitudeDegrees>-3.3393000</LongitudeDegrees>
          </Position>
          <AltitudeMeters>1152.7</AltitudeMeters>
          <DistanceMeters>14790.4</DistanceMeters>
        </Trackpoint>
        <Trackpoint>
          <Time>2027-05-09T07:59:22Z</Time>
          <Position>
            <LatitudeDegrees>42.3735900</LatitudeDegrees>
            <LongitudeDegrees>-3.3398700</LongitudeDegrees>
          </Position>
          <AltitudeMeters>1152.1</AltitudeMeters>
          <DistanceMeters>14844.3</DistanceMeters>
        </Trackpoint>
        <Trackpoint>
          <Time>2027-05-09T07:59:46Z</Time>
          <Position>
            <LatitudeDegrees>42.3732400</LatitudeDegrees>
            <LongitudeDegrees>-3.3409700</LongitudeDegrees>
          </Position>
          <AltitudeMeters>1151.3</AltitudeMeters>
          <DistanceMeters>14942.7</DistanceMeters>
        </Trackpoint>
        <Trackpoint>
          <Time>2027-05-09T08:00:09Z</Time>
          <Position>
            <LatitudeDegrees>42.3728200</LatitudeDegrees>
            <LongitudeDegrees>-3.3420200</LongitudeDegrees>
          </Position>
          <AltitudeMeters>1150.2</AltitudeMeters>
          <DistanceMeters>15040.8</DistanceMeters>
        </Trackpoint>
        <Trackpoint>
          <Time>2027-05-09T08:00:25Z</Time>
          <Position>
            <LatitudeDegrees>42.3724800</LatitudeDegrees>
            <LongitudeDegrees>-3.3426800</LongitudeDegrees>
          </Position>
          <AltitudeMeters>1148.6</AltitudeMeters>
          <DistanceMeters>15106.9</DistanceMeters>
        </Trackpoint>
        <Trackpoint>
          <Time>2027-05-09T08:00:37Z</Time>
          <Position>
            <LatitudeDegrees>42.3722500</LatitudeDegrees>
            <LongitudeDegrees>-3.3432200</LongitudeDegrees>
          </Position>
          <AltitudeMeters>1145.4</AltitudeMeters>
          <DistanceMeters>15158.1</DistanceMeters>
        </Trackpoint>
        <Trackpoint>
          <Time>2027-05-09T08:00:50Z</Time>
          <Position>
            <LatitudeDegrees>42.3720100</LatitudeDegrees>
            <LongitudeDegrees>-3.3437500</LongitudeDegrees>
          </Position>
          <AltitudeMeters>1140.8</AltitudeMeters>
          <DistanceMeters>15209.2</DistanceMeters>
        </Trackpoint>
        <Trackpoint>
          <Time>2027-05-09T08:01:02Z</Time>
          <Position>
            <LatitudeDegrees>42.3717800</LatitudeDegrees>
            <LongitudeDegrees>-3.3442900</LongitudeDegrees>
          </Position>
          <AltitudeMeters>1135.1</AltitudeMeters>
          <DistanceMeters>15260.4</DistanceMeters>
        </Trackpoint>
        <Trackpoint>
          <Time>2027-05-09T08:01:14Z</Time>
          <Position>
            <LatitudeDegrees>42.3715500</LatitudeDegrees>
            <LongitudeDegrees>-3.3448300</LongitudeDegrees>
          </Position>
          <AltitudeMeters>1128.8</AltitudeMeters>
          <DistanceMeters>15311.6</DistanceMeters>
        </Trackpoint>
        <Trackpoint>
          <Time>2027-05-09T08:01:27Z</Time>
          <Position>
            <LatitudeDegrees>42.3713100</LatitudeDegrees>
            <LongitudeDegrees>-3.3453600</LongitudeDegrees>
          </Position>
          <AltitudeMeters>1123.4</AltitudeMeters>
          <DistanceMeters>15362.6</DistanceMeters>
        </Trackpoint>
        <Trackpoint>
          <Time>2027-05-09T08:01:39Z</Time>
          <Position>
            <LatitudeDegrees>42.3710800</LatitudeDegrees>
            <LongitudeDegrees>-3.3459000</LongitudeDegrees>
          </Position>
          <AltitudeMeters>1120.2</AltitudeMeters>
          <DistanceMeters>15413.8</DistanceMeters>
        </Trackpoint>
        <Trackpoint>
          <Time>2027-05-09T08:01:51Z</Time>
          <Position>
            <LatitudeDegrees>42.3708500</LatitudeDegrees>
            <LongitudeDegrees>-3.3464400</LongitudeDegrees>
          </Position>
          <AltitudeMeters>1119.7</AltitudeMeters>
          <DistanceMeters>15465.0</DistanceMeters>
        </Trackpoint>
        <Trackpoint>
          <Time>2027-05-09T08:02:03Z</Time>
          <Position>
            <LatitudeDegrees>42.3706100</LatitudeDegrees>
            <LongitudeDegrees>-3.3469700</LongitudeDegrees>
          </Position>
          <AltitudeMeters>1121.9</AltitudeMeters>
          <DistanceMeters>15516.1</DistanceMeters>
        </Trackpoint>
        <Trackpoint>
          <Time>2027-05-09T08:02:16Z</Time>
          <Position>
            <LatitudeDegrees>42.3703800</LatitudeDegrees>
            <LongitudeDegrees>-3.3475100</LongitudeDegrees>
          </Position>
          <AltitudeMeters>1125.4</AltitudeMeters>
          <DistanceMeters>15567.3</DistanceMeters>
        </Trackpoint>
        <Trackpoint>
          <Time>2027-05-09T08:02:34Z</Time>
          <Position>
            <LatitudeDegrees>42.3699600</LatitudeDegrees>
            <LongitudeDegrees>-3.3482200</LongitudeDegrees>
          </Position>
          <AltitudeMeters>1129.1</AltitudeMeters>
          <DistanceMeters>15642.0</DistanceMeters>
        </Trackpoint>
        <Trackpoint>
          <Time>2027-05-09T08:02:47Z</Time>
          <Position>
            <LatitudeDegrees>42.3695100</LatitudeDegrees>
            <LongitudeDegrees>-3.3484900</LongitudeDegrees>
          </Position>
          <AltitudeMeters>1132.8</AltitudeMeters>
          <DistanceMeters>15696.8</DistanceMeters>
        </Trackpoint>
        <Trackpoint>
          <Time>2027-05-09T08:03:00Z</Time>
          <Position>
            <LatitudeDegrees>42.3690500</LatitudeDegrees>
            <LongitudeDegrees>-3.3487500</LongitudeDegrees>
          </Position>
          <AltitudeMeters>1136.6</AltitudeMeters>
          <DistanceMeters>15752.2</DistanceMeters>
        </Trackpoint>
        <Trackpoint>
          <Time>2027-05-09T08:03:22Z</Time>
          <Position>
            <LatitudeDegrees>42.3684200</LatitudeDegrees>
            <LongitudeDegrees>-3.3494700</LongitudeDegrees>
          </Position>
          <AltitudeMeters>1139.5</AltitudeMeters>
          <DistanceMeters>15843.9</DistanceMeters>
        </Trackpoint>
        <Trackpoint>
          <Time>2027-05-09T08:03:38Z</Time>
          <Position>
            <LatitudeDegrees>42.3680000</LatitudeDegrees>
            <LongitudeDegrees>-3.3500800</LongitudeDegrees>
          </Position>
          <AltitudeMeters>1142.6</AltitudeMeters>
          <DistanceMeters>15912.4</DistanceMeters>
        </Trackpoint>
        <Trackpoint>
          <Time>2027-05-09T08:03:51Z</Time>
          <Position>
            <LatitudeDegrees>42.3677800</LatitudeDegrees>
            <LongitudeDegrees>-3.3506400</LongitudeDegrees>
          </Position>
          <AltitudeMeters>1145.7</AltitudeMeters>
          <DistanceMeters>15964.5</DistanceMeters>
        </Trackpoint>
        <Trackpoint>
          <Time>2027-05-09T08:04:03Z</Time>
          <Position>
            <LatitudeDegrees>42.3675600</LatitudeDegrees>
            <LongitudeDegrees>-3.3511900</LongitudeDegrees>
          </Position>
          <AltitudeMeters>1148.5</AltitudeMeters>
          <DistanceMeters>16015.9</DistanceMeters>
        </Trackpoint>
        <Trackpoint>
          <Time>2027-05-09T08:04:16Z</Time>
          <Position>
            <LatitudeDegrees>42.3673300</LatitudeDegrees>
            <LongitudeDegrees>-3.3517500</LongitudeDegrees>
          </Position>
          <AltitudeMeters>1150.3</AltitudeMeters>
          <DistanceMeters>16068.5</DistanceMeters>
        </Trackpoint>
        <Trackpoint>
          <Time>2027-05-09T08:04:28Z</Time>
          <Position>
            <LatitudeDegrees>42.3671100</LatitudeDegrees>
            <LongitudeDegrees>-3.3523000</LongitudeDegrees>
          </Position>
          <AltitudeMeters>1151.6</AltitudeMeters>
          <DistanceMeters>16119.9</DistanceMeters>
        </Trackpoint>
        <Trackpoint>
          <Time>2027-05-09T08:04:42Z</Time>
          <Position>
            <LatitudeDegrees>42.3668300</LatitudeDegrees>
            <LongitudeDegrees>-3.3528700</LongitudeDegrees>
          </Position>
          <AltitudeMeters>1152.1</AltitudeMeters>
          <DistanceMeters>16176.1</DistanceMeters>
        </Trackpoint>
        <Trackpoint>
          <Time>2027-05-09T08:04:55Z</Time>
          <Position>
            <LatitudeDegrees>42.3665400</LatitudeDegrees>
            <LongitudeDegrees>-3.3534400</LongitudeDegrees>
          </Position>
          <AltitudeMeters>1152.7</AltitudeMeters>
          <DistanceMeters>16233.0</DistanceMeters>
        </Trackpoint>
        <Trackpoint>
          <Time>2027-05-09T08:05:09Z</Time>
          <Position>
            <LatitudeDegrees>42.3664000</LatitudeDegrees>
            <LongitudeDegrees>-3.3541100</LongitudeDegrees>
          </Position>
          <AltitudeMeters>1153.3</AltitudeMeters>
          <DistanceMeters>16290.2</DistanceMeters>
        </Trackpoint>
        <Trackpoint>
          <Time>2027-05-09T08:05:30Z</Time>
          <Position>
            <LatitudeDegrees>42.3663800</LatitudeDegrees>
            <LongitudeDegrees>-3.3551500</LongitudeDegrees>
          </Position>
          <AltitudeMeters>1154.1</AltitudeMeters>
          <DistanceMeters>16375.7</DistanceMeters>
        </Trackpoint>
        <Trackpoint>
          <Time>2027-05-09T08:05:42Z</Time>
          <Position>
            <LatitudeDegrees>42.3662900</LatitudeDegrees>
            <LongitudeDegrees>-3.3557800</LongitudeDegrees>
          </Position>
          <AltitudeMeters>1154.9</AltitudeMeters>
          <DistanceMeters>16428.4</DistanceMeters>
        </Trackpoint>
        <Trackpoint>
          <Time>2027-05-09T08:05:55Z</Time>
          <Position>
            <LatitudeDegrees>42.3662000</LatitudeDegrees>
            <LongitudeDegrees>-3.3564100</LongitudeDegrees>
          </Position>
          <AltitudeMeters>1155.5</AltitudeMeters>
          <DistanceMeters>16481.1</DistanceMeters>
        </Trackpoint>
        <Trackpoint>
          <Time>2027-05-09T08:06:13Z</Time>
          <Position>
            <LatitudeDegrees>42.3660000</LatitudeDegrees>
            <LongitudeDegrees>-3.3572700</LongitudeDegrees>
          </Position>
          <AltitudeMeters>1155.1</AltitudeMeters>
          <DistanceMeters>16555.2</DistanceMeters>
        </Trackpoint>
        <Trackpoint>
          <Time>2027-05-09T08:06:26Z</Time>
          <Position>
            <LatitudeDegrees>42.3659700</LatitudeDegrees>
            <LongitudeDegrees>-3.3579200</LongitudeDegrees>
          </Position>
          <AltitudeMeters>1153.7</AltitudeMeters>
          <DistanceMeters>16608.7</DistanceMeters>
        </Trackpoint>
        <Trackpoint>
          <Time>2027-05-09T08:06:35Z</Time>
          <Position>
            <LatitudeDegrees>42.3659700</LatitudeDegrees>
            <LongitudeDegrees>-3.3584000</LongitudeDegrees>
          </Position>
          <AltitudeMeters>1152.0</AltitudeMeters>
          <DistanceMeters>16648.1</DistanceMeters>
        </Trackpoint>
        <Trackpoint>
          <Time>2027-05-09T08:06:49Z</Time>
          <Position>
            <LatitudeDegrees>42.3660500</LatitudeDegrees>
            <LongitudeDegrees>-3.3591100</LongitudeDegrees>
          </Position>
          <AltitudeMeters>1150.9</AltitudeMeters>
          <DistanceMeters>16707.1</DistanceMeters>
        </Trackpoint>
        <Trackpoint>
          <Time>2027-05-09T08:07:03Z</Time>
          <Position>
            <LatitudeDegrees>42.3661200</LatitudeDegrees>
            <LongitudeDegrees>-3.3598100</LongitudeDegrees>
          </Position>
          <AltitudeMeters>1150.2</AltitudeMeters>
          <DistanceMeters>16765.2</DistanceMeters>
        </Trackpoint>
        <Trackpoint>
          <Time>2027-05-09T08:07:16Z</Time>
          <Position>
            <LatitudeDegrees>42.3661100</LatitudeDegrees>
            <LongitudeDegrees>-3.3604500</LongitudeDegrees>
          </Position>
          <AltitudeMeters>1149.5</AltitudeMeters>
          <DistanceMeters>16817.8</DistanceMeters>
        </Trackpoint>
        <Trackpoint>
          <Time>2027-05-09T08:07:28Z</Time>
          <Position>
            <LatitudeDegrees>42.3661100</LatitudeDegrees>
            <LongitudeDegrees>-3.3610900</LongitudeDegrees>
          </Position>
          <AltitudeMeters>1149.0</AltitudeMeters>
          <DistanceMeters>16870.3</DistanceMeters>
        </Trackpoint>
        <Trackpoint>
          <Time>2027-05-09T08:07:41Z</Time>
          <Position>
            <LatitudeDegrees>42.3661000</LatitudeDegrees>
            <LongitudeDegrees>-3.3617300</LongitudeDegrees>
          </Position>
          <AltitudeMeters>1148.4</AltitudeMeters>
          <DistanceMeters>16922.9</DistanceMeters>
        </Trackpoint>
        <Trackpoint>
          <Time>2027-05-09T08:07:54Z</Time>
          <Position>
            <LatitudeDegrees>42.3661000</LatitudeDegrees>
            <LongitudeDegrees>-3.3623700</LongitudeDegrees>
          </Position>
          <AltitudeMeters>1147.3</AltitudeMeters>
          <DistanceMeters>16975.5</DistanceMeters>
        </Trackpoint>
        <Trackpoint>
          <Time>2027-05-09T08:08:06Z</Time>
          <Position>
            <LatitudeDegrees>42.3660900</LatitudeDegrees>
            <LongitudeDegrees>-3.3630100</LongitudeDegrees>
          </Position>
          <AltitudeMeters>1146.3</AltitudeMeters>
          <DistanceMeters>17028.1</DistanceMeters>
        </Trackpoint>
        <Trackpoint>
          <Time>2027-05-09T08:08:21Z</Time>
          <Position>
            <LatitudeDegrees>42.3661400</LatitudeDegrees>
            <LongitudeDegrees>-3.3637700</LongitudeDegrees>
          </Position>
          <AltitudeMeters>1145.5</AltitudeMeters>
          <DistanceMeters>17090.8</DistanceMeters>
        </Trackpoint>
        <Trackpoint>
          <Time>2027-05-09T08:08:36Z</Time>
          <Position>
            <LatitudeDegrees>42.3661900</LatitudeDegrees>
            <LongitudeDegrees>-3.3645200</LongitudeDegrees>
          </Position>
          <AltitudeMeters>1144.9</AltitudeMeters>
          <DistanceMeters>17152.6</DistanceMeters>
        </Trackpoint>
        <Trackpoint>
          <Time>2027-05-09T08:08:47Z</Time>
          <Position>
            <LatitudeDegrees>42.3662800</LatitudeDegrees>
            <LongitudeDegrees>-3.3650800</LongitudeDegrees>
          </Position>
          <AltitudeMeters>1144.2</AltitudeMeters>
          <DistanceMeters>17199.7</DistanceMeters>
        </Trackpoint>
        <Trackpoint>
          <Time>2027-05-09T08:09:01Z</Time>
          <Position>
            <LatitudeDegrees>42.3664300</LatitudeDegrees>
            <LongitudeDegrees>-3.3657200</LongitudeDegrees>
          </Position>
          <AltitudeMeters>1143.2</AltitudeMeters>
          <DistanceMeters>17254.9</DistanceMeters>
        </Trackpoint>
        <Trackpoint>
          <Time>2027-05-09T08:09:14Z</Time>
          <Position>
            <LatitudeDegrees>42.3665900</LatitudeDegrees>
            <LongitudeDegrees>-3.3663600</LongitudeDegrees>
          </Position>
          <AltitudeMeters>1142.2</AltitudeMeters>
          <DistanceMeters>17310.4</DistanceMeters>
        </Trackpoint>
        <Trackpoint>
          <Time>2027-05-09T08:09:27Z</Time>
          <Position>
            <LatitudeDegrees>42.3667400</LatitudeDegrees>
            <LongitudeDegrees>-3.3670000</LongitudeDegrees>
          </Position>
          <AltitudeMeters>1141.2</AltitudeMeters>
          <DistanceMeters>17365.6</DistanceMeters>
        </Trackpoint>
        <Trackpoint>
          <Time>2027-05-09T08:09:40Z</Time>
          <Position>
            <LatitudeDegrees>42.3668900</LatitudeDegrees>
            <LongitudeDegrees>-3.3676400</LongitudeDegrees>
          </Position>
          <AltitudeMeters>1140.3</AltitudeMeters>
          <DistanceMeters>17420.7</DistanceMeters>
        </Trackpoint>
        <Trackpoint>
          <Time>2027-05-09T08:09:57Z</Time>
          <Position>
            <LatitudeDegrees>42.3672500</LatitudeDegrees>
            <LongitudeDegrees>-3.3683300</LongitudeDegrees>
          </Position>
          <AltitudeMeters>1139.6</AltitudeMeters>
          <DistanceMeters>17490.1</DistanceMeters>
        </Trackpoint>
        <Trackpoint>
          <Time>2027-05-09T08:10:10Z</Time>
          <Position>
            <LatitudeDegrees>42.3675900</LatitudeDegrees>
            <LongitudeDegrees>-3.3688200</LongitudeDegrees>
          </Position>
          <AltitudeMeters>1138.9</AltitudeMeters>
          <DistanceMeters>17545.4</DistanceMeters>
        </Trackpoint>
        <Trackpoint>
          <Time>2027-05-09T08:10:24Z</Time>
          <Position>
            <LatitudeDegrees>42.3679300</LatitudeDegrees>
            <LongitudeDegrees>-3.3693100</LongitudeDegrees>
          </Position>
          <AltitudeMeters>1138.1</AltitudeMeters>
          <DistanceMeters>17600.6</DistanceMeters>
        </Trackpoint>
        <Trackpoint>
          <Time>2027-05-09T08:10:38Z</Time>
          <Position>
            <LatitudeDegrees>42.3682100</LatitudeDegrees>
            <LongitudeDegrees>-3.3699200</LongitudeDegrees>
          </Position>
          <AltitudeMeters>1137.3</AltitudeMeters>
          <DistanceMeters>17659.6</DistanceMeters>
        </Trackpoint>
        <Trackpoint>
          <Time>2027-05-09T08:10:52Z</Time>
          <Position>
            <LatitudeDegrees>42.3684800</LatitudeDegrees>
            <LongitudeDegrees>-3.3705400</LongitudeDegrees>
          </Position>
          <AltitudeMeters>1136.8</AltitudeMeters>
          <DistanceMeters>17718.7</DistanceMeters>
        </Trackpoint>
        <Trackpoint>
          <Time>2027-05-09T08:11:06Z</Time>
          <Position>
            <LatitudeDegrees>42.3687600</LatitudeDegrees>
            <LongitudeDegrees>-3.3711500</LongitudeDegrees>
          </Position>
          <AltitudeMeters>1136.5</AltitudeMeters>
          <DistanceMeters>17777.7</DistanceMeters>
        </Trackpoint>
        <Trackpoint>
          <Time>2027-05-09T08:11:19Z</Time>
          <Position>
            <LatitudeDegrees>42.3688400</LatitudeDegrees>
            <LongitudeDegrees>-3.3717800</LongitudeDegrees>
          </Position>
          <AltitudeMeters>1136.5</AltitudeMeters>
          <DistanceMeters>17830.2</DistanceMeters>
        </Trackpoint>
        <Trackpoint>
          <Time>2027-05-09T08:11:31Z</Time>
          <Position>
            <LatitudeDegrees>42.3689300</LatitudeDegrees>
            <LongitudeDegrees>-3.3724000</LongitudeDegrees>
          </Position>
          <AltitudeMeters>1136.5</AltitudeMeters>
          <DistanceMeters>17882.1</DistanceMeters>
        </Trackpoint>
        <Trackpoint>
          <Time>2027-05-09T08:11:44Z</Time>
          <Position>
            <LatitudeDegrees>42.3690100</LatitudeDegrees>
            <LongitudeDegrees>-3.3730300</LongitudeDegrees>
          </Position>
          <AltitudeMeters>1136.3</AltitudeMeters>
          <DistanceMeters>17934.6</DistanceMeters>
        </Trackpoint>
        <Trackpoint>
          <Time>2027-05-09T08:11:56Z</Time>
          <Position>
            <LatitudeDegrees>42.3691900</LatitudeDegrees>
            <LongitudeDegrees>-3.3736100</LongitudeDegrees>
          </Position>
          <AltitudeMeters>1135.9</AltitudeMeters>
          <DistanceMeters>17986.3</DistanceMeters>
        </Trackpoint>
        <Trackpoint>
          <Time>2027-05-09T08:12:09Z</Time>
          <Position>
            <LatitudeDegrees>42.3693700</LatitudeDegrees>
            <LongitudeDegrees>-3.3742000</LongitudeDegrees>
          </Position>
          <AltitudeMeters>1135.0</AltitudeMeters>
          <DistanceMeters>18038.8</DistanceMeters>
        </Trackpoint>
        <Trackpoint>
          <Time>2027-05-09T08:12:21Z</Time>
          <Position>
            <LatitudeDegrees>42.3695500</LatitudeDegrees>
            <LongitudeDegrees>-3.3747800</LongitudeDegrees>
          </Position>
          <AltitudeMeters>1134.1</AltitudeMeters>
          <DistanceMeters>18090.4</DistanceMeters>
        </Trackpoint>
        <Trackpoint>
          <Time>2027-05-09T08:12:40Z</Time>
          <Position>
            <LatitudeDegrees>42.3696400</LatitudeDegrees>
            <LongitudeDegrees>-3.3757400</LongitudeDegrees>
          </Position>
          <AltitudeMeters>1133.4</AltitudeMeters>
          <DistanceMeters>18169.9</DistanceMeters>
        </Trackpoint>
        <Trackpoint>
          <Time>2027-05-09T08:12:46Z</Time>
          <Position>
            <LatitudeDegrees>42.3697200</LatitudeDegrees>
            <LongitudeDegrees>-3.3760200</LongitudeDegrees>
          </Position>
          <AltitudeMeters>1132.7</AltitudeMeters>
          <DistanceMeters>18194.6</DistanceMeters>
        </Trackpoint>
        <Trackpoint>
          <Time>2027-05-09T08:12:59Z</Time>
          <Position>
            <LatitudeDegrees>42.3697800</LatitudeDegrees>
            <LongitudeDegrees>-3.3766700</LongitudeDegrees>
          </Position>
          <AltitudeMeters>1132.2</AltitudeMeters>
          <DistanceMeters>18248.4</DistanceMeters>
        </Trackpoint>
        <Trackpoint>
          <Time>2027-05-09T08:13:12Z</Time>
          <Position>
            <LatitudeDegrees>42.3698400</LatitudeDegrees>
            <LongitudeDegrees>-3.3773200</LongitudeDegrees>
          </Position>
          <AltitudeMeters>1131.7</AltitudeMeters>
          <DistanceMeters>18302.2</DistanceMeters>
        </Trackpoint>
        <Trackpoint>
          <Time>2027-05-09T08:13:25Z</Time>
          <Position>
            <LatitudeDegrees>42.3698900</LatitudeDegrees>
            <LongitudeDegrees>-3.3779700</LongitudeDegrees>
          </Position>
          <AltitudeMeters>1130.9</AltitudeMeters>
          <DistanceMeters>18355.9</DistanceMeters>
        </Trackpoint>
        <Trackpoint>
          <Time>2027-05-09T08:13:38Z</Time>
          <Position>
            <LatitudeDegrees>42.3699500</LatitudeDegrees>
            <LongitudeDegrees>-3.3786200</LongitudeDegrees>
          </Position>
          <AltitudeMeters>1129.5</AltitudeMeters>
          <DistanceMeters>18409.7</DistanceMeters>
        </Trackpoint>
        <Trackpoint>
          <Time>2027-05-09T08:13:51Z</Time>
          <Position>
            <LatitudeDegrees>42.3700100</LatitudeDegrees>
            <LongitudeDegrees>-3.3792700</LongitudeDegrees>
          </Position>
          <AltitudeMeters>1127.4</AltitudeMeters>
          <DistanceMeters>18463.5</DistanceMeters>
        </Trackpoint>
        <Trackpoint>
          <Time>2027-05-09T08:14:08Z</Time>
          <Position>
            <LatitudeDegrees>42.3702700</LatitudeDegrees>
            <LongitudeDegrees>-3.3800800</LongitudeDegrees>
          </Position>
          <AltitudeMeters>1125.2</AltitudeMeters>
          <DistanceMeters>18536.1</DistanceMeters>
        </Trackpoint>
        <Trackpoint>
          <Time>2027-05-09T08:14:30Z</Time>
          <Position>
            <LatitudeDegrees>42.3705200</LatitudeDegrees>
            <LongitudeDegrees>-3.3811600</LongitudeDegrees>
          </Position>
          <AltitudeMeters>1122.7</AltitudeMeters>
          <DistanceMeters>18629.1</DistanceMeters>
        </Trackpoint>
        <Trackpoint>
          <Time>2027-05-09T08:14:45Z</Time>
          <Position>
            <LatitudeDegrees>42.3707600</LatitudeDegrees>
            <LongitudeDegrees>-3.3818300</LongitudeDegrees>
          </Position>
          <AltitudeMeters>1120.1</AltitudeMeters>
          <DistanceMeters>18690.2</DistanceMeters>
        </Trackpoint>
        <Trackpoint>
          <Time>2027-05-09T08:15:00Z</Time>
          <Position>
            <LatitudeDegrees>42.3710100</LatitudeDegrees>
            <LongitudeDegrees>-3.3825100</LongitudeDegrees>
          </Position>
          <AltitudeMeters>1118.0</AltitudeMeters>
          <DistanceMeters>18752.6</DistanceMeters>
        </Trackpoint>
        <Trackpoint>
          <Time>2027-05-09T08:15:15Z</Time>
          <Position>
            <LatitudeDegrees>42.3712500</LatitudeDegrees>
            <LongitudeDegrees>-3.3831800</LongitudeDegrees>
          </Position>
          <AltitudeMeters>1116.7</AltitudeMeters>
          <DistanceMeters>18813.8</DistanceMeters>
        </Trackpoint>
        <Trackpoint>
          <Time>2027-05-09T08:15:29Z</Time>
          <Position>
            <LatitudeDegrees>42.3714900</LatitudeDegrees>
            <LongitudeDegrees>-3.3838500</LongitudeDegrees>
          </Position>
          <AltitudeMeters>1116.2</AltitudeMeters>
          <DistanceMeters>18875.0</DistanceMeters>
        </Trackpoint>
        <Trackpoint>
          <Time>2027-05-09T08:15:42Z</Time>
          <Position>
            <LatitudeDegrees>42.3716900</LatitudeDegrees>
            <LongitudeDegrees>-3.3844500</LongitudeDegrees>
          </Position>
          <AltitudeMeters>1115.9</AltitudeMeters>
          <DistanceMeters>18929.1</DistanceMeters>
        </Trackpoint>
        <Trackpoint>
          <Time>2027-05-09T08:15:56Z</Time>
          <Position>
            <LatitudeDegrees>42.3718900</LatitudeDegrees>
            <LongitudeDegrees>-3.3850600</LongitudeDegrees>
          </Position>
          <AltitudeMeters>1115.3</AltitudeMeters>
          <DistanceMeters>18983.9</DistanceMeters>
        </Trackpoint>
        <Trackpoint>
          <Time>2027-05-09T08:16:09Z</Time>
          <Position>
            <LatitudeDegrees>42.3720800</LatitudeDegrees>
            <LongitudeDegrees>-3.3856600</LongitudeDegrees>
          </Position>
          <AltitudeMeters>1114.5</AltitudeMeters>
          <DistanceMeters>19037.5</DistanceMeters>
        </Trackpoint>
        <Trackpoint>
          <Time>2027-05-09T08:16:22Z</Time>
          <Position>
            <LatitudeDegrees>42.3722800</LatitudeDegrees>
            <LongitudeDegrees>-3.3862700</LongitudeDegrees>
          </Position>
          <AltitudeMeters>1113.4</AltitudeMeters>
          <DistanceMeters>19092.3</DistanceMeters>
        </Trackpoint>
        <Trackpoint>
          <Time>2027-05-09T08:16:35Z</Time>
          <Position>
            <LatitudeDegrees>42.3724800</LatitudeDegrees>
            <LongitudeDegrees>-3.3868700</LongitudeDegrees>
          </Position>
          <AltitudeMeters>1111.6</AltitudeMeters>
          <DistanceMeters>19146.4</DistanceMeters>
        </Trackpoint>
        <Trackpoint>
          <Time>2027-05-09T08:16:48Z</Time>
          <Position>
            <LatitudeDegrees>42.3726800</LatitudeDegrees>
            <LongitudeDegrees>-3.3874700</LongitudeDegrees>
          </Position>
          <AltitudeMeters>1109.3</AltitudeMeters>
          <DistanceMeters>19200.5</DistanceMeters>
        </Trackpoint>
        <Trackpoint>
          <Time>2027-05-09T08:17:01Z</Time>
          <Position>
            <LatitudeDegrees>42.3728700</LatitudeDegrees>
            <LongitudeDegrees>-3.3880800</LongitudeDegrees>
          </Position>
          <AltitudeMeters>1107.3</AltitudeMeters>
          <DistanceMeters>19254.9</DistanceMeters>
        </Trackpoint>
        <Trackpoint>
          <Time>2027-05-09T08:17:14Z</Time>
          <Position>
            <LatitudeDegrees>42.3730700</LatitudeDegrees>
            <LongitudeDegrees>-3.3886800</LongitudeDegrees>
          </Position>
          <AltitudeMeters>1105.3</AltitudeMeters>
          <DistanceMeters>19308.9</DistanceMeters>
        </Trackpoint>
        <Trackpoint>
          <Time>2027-05-09T08:17:26Z</Time>
          <Position>
            <LatitudeDegrees>42.3732700</LatitudeDegrees>
            <LongitudeDegrees>-3.3892600</LongitudeDegrees>
          </Position>
          <AltitudeMeters>1103.4</AltitudeMeters>
          <DistanceMeters>19361.5</DistanceMeters>
        </Trackpoint>
        <Trackpoint>
          <Time>2027-05-09T08:17:39Z</Time>
          <Position>
            <LatitudeDegrees>42.3734800</LatitudeDegrees>
            <LongitudeDegrees>-3.3898500</LongitudeDegrees>
          </Position>
          <AltitudeMeters>1101.7</AltitudeMeters>
          <DistanceMeters>19415.3</DistanceMeters>
        </Trackpoint>
        <Trackpoint>
          <Time>2027-05-09T08:17:52Z</Time>
          <Position>
            <LatitudeDegrees>42.3736800</LatitudeDegrees>
            <LongitudeDegrees>-3.3904300</LongitudeDegrees>
          </Position>
          <AltitudeMeters>1100.2</AltitudeMeters>
          <DistanceMeters>19467.9</DistanceMeters>
        </Trackpoint>
        <Trackpoint>
          <Time>2027-05-09T08:18:05Z</Time>
          <Position>
            <LatitudeDegrees>42.3738900</LatitudeDegrees>
            <LongitudeDegrees>-3.3910200</LongitudeDegrees>
          </Position>
          <AltitudeMeters>1098.8</AltitudeMeters>
          <DistanceMeters>19521.7</DistanceMeters>
        </Trackpoint>
        <Trackpoint>
          <Time>2027-05-09T08:18:17Z</Time>
          <Position>
            <LatitudeDegrees>42.3740900</LatitudeDegrees>
            <LongitudeDegrees>-3.3916000</LongitudeDegrees>
          </Position>
          <AltitudeMeters>1097.6</AltitudeMeters>
          <DistanceMeters>19574.3</DistanceMeters>
        </Trackpoint>
        <Trackpoint>
          <Time>2027-05-09T08:18:30Z</Time>
          <Position>
            <LatitudeDegrees>42.3741400</LatitudeDegrees>
            <LongitudeDegrees>-3.3922600</LongitudeDegrees>
          </Position>
          <AltitudeMeters>1096.5</AltitudeMeters>
          <DistanceMeters>19628.8</DistanceMeters>
        </Trackpoint>
        <Trackpoint>
          <Time>2027-05-09T08:18:44Z</Time>
          <Position>
            <LatitudeDegrees>42.3742000</LatitudeDegrees>
            <LongitudeDegrees>-3.3929300</LongitudeDegrees>
          </Position>
          <AltitudeMeters>1095.6</AltitudeMeters>
          <DistanceMeters>19684.2</DistanceMeters>
        </Trackpoint>
        <Trackpoint>
          <Time>2027-05-09T08:18:57Z</Time>
          <Position>
            <LatitudeDegrees>42.3742500</LatitudeDegrees>
            <LongitudeDegrees>-3.3935900</LongitudeDegrees>
          </Position>
          <AltitudeMeters>1095.1</AltitudeMeters>
          <DistanceMeters>19738.7</DistanceMeters>
        </Trackpoint>
        <Trackpoint>
          <Time>2027-05-09T08:19:10Z</Time>
          <Position>
            <LatitudeDegrees>42.3743000</LatitudeDegrees>
            <LongitudeDegrees>-3.3942500</LongitudeDegrees>
          </Position>
          <AltitudeMeters>1094.7</AltitudeMeters>
          <DistanceMeters>19793.2</DistanceMeters>
        </Trackpoint>
        <Trackpoint>
          <Time>2027-05-09T08:19:22Z</Time>
          <Position>
            <LatitudeDegrees>42.3744600</LatitudeDegrees>
            <LongitudeDegrees>-3.3948300</LongitudeDegrees>
          </Position>
          <AltitudeMeters>1094.4</AltitudeMeters>
          <DistanceMeters>19844.1</DistanceMeters>
        </Trackpoint>
        <Trackpoint>
          <Time>2027-05-09T08:19:34Z</Time>
          <Position>
            <LatitudeDegrees>42.3746200</LatitudeDegrees>
            <LongitudeDegrees>-3.3954100</LongitudeDegrees>
          </Position>
          <AltitudeMeters>1093.9</AltitudeMeters>
          <DistanceMeters>19894.9</DistanceMeters>
        </Trackpoint>
        <Trackpoint>
          <Time>2027-05-09T08:19:46Z</Time>
          <Position>
            <LatitudeDegrees>42.3747800</LatitudeDegrees>
            <LongitudeDegrees>-3.3959900</LongitudeDegrees>
          </Position>
          <AltitudeMeters>1093.2</AltitudeMeters>
          <DistanceMeters>19945.8</DistanceMeters>
        </Trackpoint>
        <Trackpoint>
          <Time>2027-05-09T08:20:03Z</Time>
          <Position>
            <LatitudeDegrees>42.3749500</LatitudeDegrees>
            <LongitudeDegrees>-3.3967900</LongitudeDegrees>
          </Position>
          <AltitudeMeters>1092.4</AltitudeMeters>
          <DistanceMeters>20014.2</DistanceMeters>
        </Trackpoint>
        <Trackpoint>
          <Time>2027-05-09T08:20:19Z</Time>
          <Position>
            <LatitudeDegrees>42.3751100</LatitudeDegrees>
            <LongitudeDegrees>-3.3975800</LongitudeDegrees>
          </Position>
          <AltitudeMeters>1091.7</AltitudeMeters>
          <DistanceMeters>20081.5</DistanceMeters>
        </Trackpoint>
        <Trackpoint>
          <Time>2027-05-09T08:20:32Z</Time>
          <Position>
            <LatitudeDegrees>42.3752200</LatitudeDegrees>
            <LongitudeDegrees>-3.3982000</LongitudeDegrees>
          </Position>
          <AltitudeMeters>1091.1</AltitudeMeters>
          <DistanceMeters>20133.8</DistanceMeters>
        </Trackpoint>
        <Trackpoint>
          <Time>2027-05-09T08:20:44Z</Time>
          <Position>
            <LatitudeDegrees>42.3753300</LatitudeDegrees>
            <LongitudeDegrees>-3.3988200</LongitudeDegrees>
          </Position>
          <AltitudeMeters>1090.4</AltitudeMeters>
          <DistanceMeters>20186.2</DistanceMeters>
        </Trackpoint>
        <Trackpoint>
          <Time>2027-05-09T08:20:57Z</Time>
          <Position>
            <LatitudeDegrees>42.3754500</LatitudeDegrees>
            <LongitudeDegrees>-3.3994300</LongitudeDegrees>
          </Position>
          <AltitudeMeters>1089.9</AltitudeMeters>
          <DistanceMeters>20238.1</DistanceMeters>
        </Trackpoint>
        <Trackpoint>
          <Time>2027-05-09T08:21:09Z</Time>
          <Position>
            <LatitudeDegrees>42.3755600</LatitudeDegrees>
            <LongitudeDegrees>-3.4000500</LongitudeDegrees>
          </Position>
          <AltitudeMeters>1089.2</AltitudeMeters>
          <DistanceMeters>20290.4</DistanceMeters>
        </Trackpoint>
        <Trackpoint>
          <Time>2027-05-09T08:21:22Z</Time>
          <Position>
            <LatitudeDegrees>42.3756700</LatitudeDegrees>
            <LongitudeDegrees>-3.4006700</LongitudeDegrees>
          </Position>
          <AltitudeMeters>1088.2</AltitudeMeters>
          <DistanceMeters>20342.8</DistanceMeters>
        </Trackpoint>
        <Trackpoint>
          <Time>2027-05-09T08:21:34Z</Time>
          <Position>
            <LatitudeDegrees>42.3757800</LatitudeDegrees>
            <LongitudeDegrees>-3.4012900</LongitudeDegrees>
          </Position>
          <AltitudeMeters>1087.1</AltitudeMeters>
          <DistanceMeters>20395.2</DistanceMeters>
        </Trackpoint>
        <Trackpoint>
          <Time>2027-05-09T08:21:47Z</Time>
          <Position>
            <LatitudeDegrees>42.3758900</LatitudeDegrees>
            <LongitudeDegrees>-3.4019100</LongitudeDegrees>
          </Position>
          <AltitudeMeters>1086.3</AltitudeMeters>
          <DistanceMeters>20447.6</DistanceMeters>
        </Trackpoint>
        <Trackpoint>
          <Time>2027-05-09T08:21:59Z</Time>
          <Position>
            <LatitudeDegrees>42.3760000</LatitudeDegrees>
            <LongitudeDegrees>-3.4025300</LongitudeDegrees>
          </Position>
          <AltitudeMeters>1085.6</AltitudeMeters>
          <DistanceMeters>20500.0</DistanceMeters>
        </Trackpoint>
        <Trackpoint>
          <Time>2027-05-09T08:22:12Z</Time>
          <Position>
            <LatitudeDegrees>42.3761200</LatitudeDegrees>
            <LongitudeDegrees>-3.4031400</LongitudeDegrees>
          </Position>
          <AltitudeMeters>1085.0</AltitudeMeters>
          <DistanceMeters>20551.8</DistanceMeters>
        </Trackpoint>
        <Trackpoint>
          <Time>2027-05-09T08:22:25Z</Time>
          <Position>
            <LatitudeDegrees>42.3762300</LatitudeDegrees>
            <LongitudeDegrees>-3.4037600</LongitudeDegrees>
          </Position>
          <AltitudeMeters>1084.3</AltitudeMeters>
          <DistanceMeters>20604.2</DistanceMeters>
        </Trackpoint>
        <Trackpoint>
          <Time>2027-05-09T08:22:37Z</Time>
          <Position>
            <LatitudeDegrees>42.3763400</LatitudeDegrees>
            <LongitudeDegrees>-3.4043800</LongitudeDegrees>
          </Position>
          <AltitudeMeters>1083.5</AltitudeMeters>
          <DistanceMeters>20656.6</DistanceMeters>
        </Trackpoint>
        <Trackpoint>
          <Time>2027-05-09T08:22:51Z</Time>
          <Position>
            <LatitudeDegrees>42.3764400</LatitudeDegrees>
            <LongitudeDegrees>-3.4050500</LongitudeDegrees>
          </Position>
          <AltitudeMeters>1082.4</AltitudeMeters>
          <DistanceMeters>20712.7</DistanceMeters>
        </Trackpoint>
        <Trackpoint>
          <Time>2027-05-09T08:23:04Z</Time>
          <Position>
            <LatitudeDegrees>42.3765500</LatitudeDegrees>
            <LongitudeDegrees>-3.4057200</LongitudeDegrees>
          </Position>
          <AltitudeMeters>1081.3</AltitudeMeters>
          <DistanceMeters>20769.1</DistanceMeters>
        </Trackpoint>
        <Trackpoint>
          <Time>2027-05-09T08:23:18Z</Time>
          <Position>
            <LatitudeDegrees>42.3766500</LatitudeDegrees>
            <LongitudeDegrees>-3.4063900</LongitudeDegrees>
          </Position>
          <AltitudeMeters>1080.2</AltitudeMeters>
          <DistanceMeters>20825.2</DistanceMeters>
        </Trackpoint>
        <Trackpoint>
          <Time>2027-05-09T08:23:31Z</Time>
          <Position>
            <LatitudeDegrees>42.3767500</LatitudeDegrees>
            <LongitudeDegrees>-3.4070600</LongitudeDegrees>
          </Position>
          <AltitudeMeters>1079.4</AltitudeMeters>
          <DistanceMeters>20881.4</DistanceMeters>
        </Trackpoint>
        <Trackpoint>
          <Time>2027-05-09T08:23:45Z</Time>
          <Position>
            <LatitudeDegrees>42.3768500</LatitudeDegrees>
            <LongitudeDegrees>-3.4077300</LongitudeDegrees>
          </Position>
          <AltitudeMeters>1078.3</AltitudeMeters>
          <DistanceMeters>20937.5</DistanceMeters>
        </Trackpoint>
        <Trackpoint>
          <Time>2027-05-09T08:23:58Z</Time>
          <Position>
            <LatitudeDegrees>42.3769600</LatitudeDegrees>
            <LongitudeDegrees>-3.4084000</LongitudeDegrees>
          </Position>
          <AltitudeMeters>1076.3</AltitudeMeters>
          <DistanceMeters>20993.9</DistanceMeters>
        </Trackpoint>
        <Trackpoint>
          <Time>2027-05-09T08:24:12Z</Time>
          <Position>
            <LatitudeDegrees>42.3770600</LatitudeDegrees>
            <LongitudeDegrees>-3.4090700</LongitudeDegrees>
          </Position>
          <AltitudeMeters>1073.7</AltitudeMeters>
          <DistanceMeters>21050.1</DistanceMeters>
        </Trackpoint>
        <Trackpoint>
          <Time>2027-05-09T08:24:35Z</Time>
          <Position>
            <LatitudeDegrees>42.3772900</LatitudeDegrees>
            <LongitudeDegrees>-3.4102000</LongitudeDegrees>
          </Position>
          <AltitudeMeters>1070.6</AltitudeMeters>
          <DistanceMeters>21146.3</DistanceMeters>
        </Trackpoint>
        <Trackpoint>
          <Time>2027-05-09T08:24:47Z</Time>
          <Position>
            <LatitudeDegrees>42.3772900</LatitudeDegrees>
            <LongitudeDegrees>-3.4108200</LongitudeDegrees>
          </Position>
          <AltitudeMeters>1066.9</AltitudeMeters>
          <DistanceMeters>21197.3</DistanceMeters>
        </Trackpoint>
        <Trackpoint>
          <Time>2027-05-09T08:24:59Z</Time>
          <Position>
            <LatitudeDegrees>42.3772800</LatitudeDegrees>
            <LongitudeDegrees>-3.4114400</LongitudeDegrees>
          </Position>
          <AltitudeMeters>1063.4</AltitudeMeters>
          <DistanceMeters>21248.2</DistanceMeters>
        </Trackpoint>
        <Trackpoint>
          <Time>2027-05-09T08:25:11Z</Time>
          <Position>
            <LatitudeDegrees>42.3772800</LatitudeDegrees>
            <LongitudeDegrees>-3.4120600</LongitudeDegrees>
          </Position>
          <AltitudeMeters>1060.9</AltitudeMeters>
          <DistanceMeters>21299.1</DistanceMeters>
        </Trackpoint>
        <Trackpoint>
          <Time>2027-05-09T08:25:24Z</Time>
          <Position>
            <LatitudeDegrees>42.3772700</LatitudeDegrees>
            <LongitudeDegrees>-3.4126800</LongitudeDegrees>
          </Position>
          <AltitudeMeters>1058.9</AltitudeMeters>
          <DistanceMeters>21350.1</DistanceMeters>
        </Trackpoint>
        <Trackpoint>
          <Time>2027-05-09T08:25:36Z</Time>
          <Position>
            <LatitudeDegrees>42.3773500</LatitudeDegrees>
            <LongitudeDegrees>-3.4133000</LongitudeDegrees>
          </Position>
          <AltitudeMeters>1057.3</AltitudeMeters>
          <DistanceMeters>21401.8</DistanceMeters>
        </Trackpoint>
        <Trackpoint>
          <Time>2027-05-09T08:25:48Z</Time>
          <Position>
            <LatitudeDegrees>42.3774300</LatitudeDegrees>
            <LongitudeDegrees>-3.4139100</LongitudeDegrees>
          </Position>
          <AltitudeMeters>1056.2</AltitudeMeters>
          <DistanceMeters>21452.7</DistanceMeters>
        </Trackpoint>
        <Trackpoint>
          <Time>2027-05-09T08:26:01Z</Time>
          <Position>
            <LatitudeDegrees>42.3775100</LatitudeDegrees>
            <LongitudeDegrees>-3.4145300</LongitudeDegrees>
          </Position>
          <AltitudeMeters>1055.3</AltitudeMeters>
          <DistanceMeters>21504.4</DistanceMeters>
        </Trackpoint>
        <Trackpoint>
          <Time>2027-05-09T08:26:13Z</Time>
          <Position>
            <LatitudeDegrees>42.3775900</LatitudeDegrees>
            <LongitudeDegrees>-3.4151400</LongitudeDegrees>
          </Position>
          <AltitudeMeters>1054.4</AltitudeMeters>
          <DistanceMeters>21555.3</DistanceMeters>
        </Trackpoint>
        <Trackpoint>
          <Time>2027-05-09T08:26:29Z</Time>
          <Position>
            <LatitudeDegrees>42.3777300</LatitudeDegrees>
            <LongitudeDegrees>-3.4159400</LongitudeDegrees>
          </Position>
          <AltitudeMeters>1053.5</AltitudeMeters>
          <DistanceMeters>21622.8</DistanceMeters>
        </Trackpoint>
        <Trackpoint>
          <Time>2027-05-09T08:26:45Z</Time>
          <Position>
            <LatitudeDegrees>42.3778700</LatitudeDegrees>
            <LongitudeDegrees>-3.4167300</LongitudeDegrees>
          </Position>
          <AltitudeMeters>1052.9</AltitudeMeters>
          <DistanceMeters>21689.5</DistanceMeters>
        </Trackpoint>
        <Trackpoint>
          <Time>2027-05-09T08:26:57Z</Time>
          <Position>
            <LatitudeDegrees>42.3778700</LatitudeDegrees>
            <LongitudeDegrees>-3.4173300</LongitudeDegrees>
          </Position>
          <AltitudeMeters>1052.1</AltitudeMeters>
          <DistanceMeters>21738.8</DistanceMeters>
        </Trackpoint>
        <Trackpoint>
          <Time>2027-05-09T08:27:19Z</Time>
          <Position>
            <LatitudeDegrees>42.3779800</LatitudeDegrees>
            <LongitudeDegrees>-3.4184600</LongitudeDegrees>
          </Position>
          <AltitudeMeters>1051.0</AltitudeMeters>
          <DistanceMeters>21832.4</DistanceMeters>
        </Trackpoint>
        <Trackpoint>
          <Time>2027-05-09T08:27:40Z</Time>
          <Position>
            <LatitudeDegrees>42.3777500</LatitudeDegrees>
            <LongitudeDegrees>-3.4194800</LongitudeDegrees>
          </Position>
          <AltitudeMeters>1049.6</AltitudeMeters>
          <DistanceMeters>21920.0</DistanceMeters>
        </Trackpoint>
        <Trackpoint>
          <Time>2027-05-09T08:27:55Z</Time>
          <Position>
            <LatitudeDegrees>42.3777000</LatitudeDegrees>
            <LongitudeDegrees>-3.4202400</LongitudeDegrees>
          </Position>
          <AltitudeMeters>1047.4</AltitudeMeters>
          <DistanceMeters>21982.7</DistanceMeters>
        </Trackpoint>
        <Trackpoint>
          <Time>2027-05-09T08:28:11Z</Time>
          <Position>
            <LatitudeDegrees>42.3776600</LatitudeDegrees>
            <LongitudeDegrees>-3.4210100</LongitudeDegrees>
          </Position>
          <AltitudeMeters>1043.8</AltitudeMeters>
          <DistanceMeters>22046.1</DistanceMeters>
        </Trackpoint>
        <Trackpoint>
          <Time>2027-05-09T08:28:26Z</Time>
          <Position>
            <LatitudeDegrees>42.3776100</LatitudeDegrees>
            <LongitudeDegrees>-3.4217700</LongitudeDegrees>
          </Position>
          <AltitudeMeters>1039.3</AltitudeMeters>
          <DistanceMeters>22108.8</DistanceMeters>
        </Trackpoint>
        <Trackpoint>
          <Time>2027-05-09T08:28:46Z</Time>
          <Position>
            <LatitudeDegrees>42.3777500</LatitudeDegrees>
            <LongitudeDegrees>-3.4227900</LongitudeDegrees>
          </Position>
          <AltitudeMeters>1034.5</AltitudeMeters>
          <DistanceMeters>22194.0</DistanceMeters>
        </Trackpoint>
        <Trackpoint>
          <Time>2027-05-09T08:29:00Z</Time>
          <Position>
            <LatitudeDegrees>42.3777000</LatitudeDegrees>
            <LongitudeDegrees>-3.4234700</LongitudeDegrees>
          </Position>
          <AltitudeMeters>1029.4</AltitudeMeters>
          <DistanceMeters>22250.1</DistanceMeters>
        </Trackpoint>
        <Trackpoint>
          <Time>2027-05-09T08:29:13Z</Time>
          <Position>
            <LatitudeDegrees>42.3776400</LatitudeDegrees>
            <LongitudeDegrees>-3.4241600</LongitudeDegrees>
          </Position>
          <AltitudeMeters>1024.9</AltitudeMeters>
          <DistanceMeters>22307.2</DistanceMeters>
        </Trackpoint>
        <Trackpoint>
          <Time>2027-05-09T08:29:27Z</Time>
          <Position>
            <LatitudeDegrees>42.3775900</LatitudeDegrees>
            <LongitudeDegrees>-3.4248400</LongitudeDegrees>
          </Position>
          <AltitudeMeters>1021.3</AltitudeMeters>
          <DistanceMeters>22363.3</DistanceMeters>
        </Trackpoint>
        <Trackpoint>
          <Time>2027-05-09T08:29:40Z</Time>
          <Position>
            <LatitudeDegrees>42.3774900</LatitudeDegrees>
            <LongitudeDegrees>-3.4255000</LongitudeDegrees>
          </Position>
          <AltitudeMeters>1018.6</AltitudeMeters>
          <DistanceMeters>22418.7</DistanceMeters>
        </Trackpoint>
        <Trackpoint>
          <Time>2027-05-09T08:29:53Z</Time>
          <Position>
            <LatitudeDegrees>42.3773900</LatitudeDegrees>
            <LongitudeDegrees>-3.4261500</LongitudeDegrees>
          </Position>
          <AltitudeMeters>1016.8</AltitudeMeters>
          <DistanceMeters>22473.2</DistanceMeters>
        </Trackpoint>
        <Trackpoint>
          <Time>2027-05-09T08:30:05Z</Time>
          <Position>
            <LatitudeDegrees>42.3774000</LatitudeDegrees>
            <LongitudeDegrees>-3.4267800</LongitudeDegrees>
          </Position>
          <AltitudeMeters>1015.4</AltitudeMeters>
          <DistanceMeters>22525.0</DistanceMeters>
        </Trackpoint>
        <Trackpoint>
          <Time>2027-05-09T08:30:18Z</Time>
          <Position>
            <LatitudeDegrees>42.3774100</LatitudeDegrees>
            <LongitudeDegrees>-3.4274100</LongitudeDegrees>
          </Position>
          <AltitudeMeters>1014.0</AltitudeMeters>
          <DistanceMeters>22576.7</DistanceMeters>
        </Trackpoint>
        <Trackpoint>
          <Time>2027-05-09T08:30:30Z</Time>
          <Position>
            <LatitudeDegrees>42.3774100</LatitudeDegrees>
            <LongitudeDegrees>-3.4280400</LongitudeDegrees>
          </Position>
          <AltitudeMeters>1012.8</AltitudeMeters>
          <DistanceMeters>22628.5</DistanceMeters>
        </Trackpoint>
        <Trackpoint>
          <Time>2027-05-09T08:30:43Z</Time>
          <Position>
            <LatitudeDegrees>42.3774200</LatitudeDegrees>
            <LongitudeDegrees>-3.4286700</LongitudeDegrees>
          </Position>
          <AltitudeMeters>1011.3</AltitudeMeters>
          <DistanceMeters>22680.3</DistanceMeters>
        </Trackpoint>
        <Trackpoint>
          <Time>2027-05-09T08:30:55Z</Time>
          <Position>
            <LatitudeDegrees>42.3774300</LatitudeDegrees>
            <LongitudeDegrees>-3.4293000</LongitudeDegrees>
          </Position>
          <AltitudeMeters>1009.8</AltitudeMeters>
          <DistanceMeters>22732.0</DistanceMeters>
        </Trackpoint>
        <Trackpoint>
          <Time>2027-05-09T08:31:08Z</Time>
          <Position>
            <LatitudeDegrees>42.3772900</LatitudeDegrees>
            <LongitudeDegrees>-3.4299000</LongitudeDegrees>
          </Position>
          <AltitudeMeters>1008.3</AltitudeMeters>
          <DistanceMeters>22783.7</DistanceMeters>
        </Trackpoint>
        <Trackpoint>
          <Time>2027-05-09T08:31:20Z</Time>
          <Position>
            <LatitudeDegrees>42.3771500</LatitudeDegrees>
            <LongitudeDegrees>-3.4304900</LongitudeDegrees>
          </Position>
          <AltitudeMeters>1007.1</AltitudeMeters>
          <DistanceMeters>22834.6</DistanceMeters>
        </Trackpoint>
        <Trackpoint>
          <Time>2027-05-09T08:31:32Z</Time>
          <Position>
            <LatitudeDegrees>42.3771000</LatitudeDegrees>
            <LongitudeDegrees>-3.4311300</LongitudeDegrees>
          </Position>
          <AltitudeMeters>1006.2</AltitudeMeters>
          <DistanceMeters>22887.5</DistanceMeters>
        </Trackpoint>
        <Trackpoint>
          <Time>2027-05-09T08:31:45Z</Time>
          <Position>
            <LatitudeDegrees>42.3770400</LatitudeDegrees>
            <LongitudeDegrees>-3.4317700</LongitudeDegrees>
          </Position>
          <AltitudeMeters>1005.5</AltitudeMeters>
          <DistanceMeters>22940.5</DistanceMeters>
        </Trackpoint>
        <Trackpoint>
          <Time>2027-05-09T08:32:02Z</Time>
          <Position>
            <LatitudeDegrees>42.3768600</LatitudeDegrees>
            <LongitudeDegrees>-3.4326100</LongitudeDegrees>
          </Position>
          <AltitudeMeters>1005.2</AltitudeMeters>
          <DistanceMeters>23012.3</DistanceMeters>
        </Trackpoint>
        <Trackpoint>
          <Time>2027-05-09T08:32:19Z</Time>
          <Position>
            <LatitudeDegrees>42.3765500</LatitudeDegrees>
            <LongitudeDegrees>-3.4333400</LongitudeDegrees>
          </Position>
          <AltitudeMeters>1005.1</AltitudeMeters>
          <DistanceMeters>23081.5</DistanceMeters>
        </Trackpoint>
        <Trackpoint>
          <Time>2027-05-09T08:32:35Z</Time>
          <Position>
            <LatitudeDegrees>42.3760800</LatitudeDegrees>
            <LongitudeDegrees>-3.4338400</LongitudeDegrees>
          </Position>
          <AltitudeMeters>1005.0</AltitudeMeters>
          <DistanceMeters>23147.9</DistanceMeters>
        </Trackpoint>
        <Trackpoint>
          <Time>2027-05-09T08:32:39Z</Time>
          <Position>
            <LatitudeDegrees>42.3759900</LatitudeDegrees>
            <LongitudeDegrees>-3.4340200</LongitudeDegrees>
          </Position>
          <AltitudeMeters>1005.1</AltitudeMeters>
          <DistanceMeters>23165.8</DistanceMeters>
        </Trackpoint>
        <Trackpoint>
          <Time>2027-05-09T08:32:52Z</Time>
          <Position>
            <LatitudeDegrees>42.3759100</LatitudeDegrees>
            <LongitudeDegrees>-3.4346800</LongitudeDegrees>
          </Position>
          <AltitudeMeters>1005.3</AltitudeMeters>
          <DistanceMeters>23220.7</DistanceMeters>
        </Trackpoint>
        <Trackpoint>
          <Time>2027-05-09T08:33:06Z</Time>
          <Position>
            <LatitudeDegrees>42.3758300</LatitudeDegrees>
            <LongitudeDegrees>-3.4353400</LongitudeDegrees>
          </Position>
          <AltitudeMeters>1005.4</AltitudeMeters>
          <DistanceMeters>23275.7</DistanceMeters>
        </Trackpoint>
        <Trackpoint>
          <Time>2027-05-09T08:33:19Z</Time>
          <Position>
            <LatitudeDegrees>42.3757500</LatitudeDegrees>
            <LongitudeDegrees>-3.4359900</LongitudeDegrees>
          </Position>
          <AltitudeMeters>1005.2</AltitudeMeters>
          <DistanceMeters>23329.8</DistanceMeters>
        </Trackpoint>
        <Trackpoint>
          <Time>2027-05-09T08:33:32Z</Time>
          <Position>
            <LatitudeDegrees>42.3756700</LatitudeDegrees>
            <LongitudeDegrees>-3.4366500</LongitudeDegrees>
          </Position>
          <AltitudeMeters>1004.6</AltitudeMeters>
          <DistanceMeters>23384.7</DistanceMeters>
        </Trackpoint>
        <Trackpoint>
          <Time>2027-05-09T08:33:44Z</Time>
          <Position>
            <LatitudeDegrees>42.3757900</LatitudeDegrees>
            <LongitudeDegrees>-3.4372500</LongitudeDegrees>
          </Position>
          <AltitudeMeters>1003.7</AltitudeMeters>
          <DistanceMeters>23435.8</DistanceMeters>
        </Trackpoint>
        <Trackpoint>
          <Time>2027-05-09T08:33:56Z</Time>
          <Position>
            <LatitudeDegrees>42.3759200</LatitudeDegrees>
            <LongitudeDegrees>-3.4378400</LongitudeDegrees>
          </Position>
          <AltitudeMeters>1002.7</AltitudeMeters>
          <DistanceMeters>23486.4</DistanceMeters>
        </Trackpoint>
        <Trackpoint>
          <Time>2027-05-09T08:34:08Z</Time>
          <Position>
            <LatitudeDegrees>42.3760400</LatitudeDegrees>
            <LongitudeDegrees>-3.4384400</LongitudeDegrees>
          </Position>
          <AltitudeMeters>1001.5</AltitudeMeters>
          <DistanceMeters>23537.4</DistanceMeters>
        </Trackpoint>
        <Trackpoint>
          <Time>2027-05-09T08:34:21Z</Time>
          <Position>
            <LatitudeDegrees>42.3761100</LatitudeDegrees>
            <LongitudeDegrees>-3.4390600</LongitudeDegrees>
          </Position>
          <AltitudeMeters>1000.8</AltitudeMeters>
          <DistanceMeters>23589.0</DistanceMeters>
        </Trackpoint>
        <Trackpoint>
          <Time>2027-05-09T08:34:33Z</Time>
          <Position>
            <LatitudeDegrees>42.3761800</LatitudeDegrees>
            <LongitudeDegrees>-3.4396900</LongitudeDegrees>
          </Position>
          <AltitudeMeters>1000.4</AltitudeMeters>
          <DistanceMeters>23641.3</DistanceMeters>
        </Trackpoint>
        <Trackpoint>
          <Time>2027-05-09T08:34:46Z</Time>
          <Position>
            <LatitudeDegrees>42.3762500</LatitudeDegrees>
            <LongitudeDegrees>-3.4403100</LongitudeDegrees>
          </Position>
          <AltitudeMeters>1000.3</AltitudeMeters>
          <DistanceMeters>23692.8</DistanceMeters>
        </Trackpoint>
        <Trackpoint>
          <Time>2027-05-09T08:34:58Z</Time>
          <Position>
            <LatitudeDegrees>42.3763200</LatitudeDegrees>
            <LongitudeDegrees>-3.4409300</LongitudeDegrees>
          </Position>
          <AltitudeMeters>1000.6</AltitudeMeters>
          <DistanceMeters>23744.3</DistanceMeters>
        </Trackpoint>
        <Trackpoint>
          <Time>2027-05-09T08:35:05Z</Time>
          <Position>
            <LatitudeDegrees>42.3762100</LatitudeDegrees>
            <LongitudeDegrees>-3.4412300</LongitudeDegrees>
          </Position>
          <AltitudeMeters>1000.9</AltitudeMeters>
          <DistanceMeters>23771.8</DistanceMeters>
        </Trackpoint>
        <Trackpoint>
          <Time>2027-05-09T08:35:11Z</Time>
          <Position>
            <LatitudeDegrees>42.3759800</LatitudeDegrees>
            <LongitudeDegrees>-3.4413300</LongitudeDegrees>
          </Position>
          <AltitudeMeters>1001.6</AltitudeMeters>
          <DistanceMeters>23798.7</DistanceMeters>
        </Trackpoint>
        <Trackpoint>
          <Time>2027-05-09T08:35:24Z</Time>
          <Position>
            <LatitudeDegrees>42.3759000</LatitudeDegrees>
            <LongitudeDegrees>-3.4419800</LongitudeDegrees>
          </Position>
          <AltitudeMeters>1002.9</AltitudeMeters>
          <DistanceMeters>23852.8</DistanceMeters>
        </Trackpoint>
        <Trackpoint>
          <Time>2027-05-09T08:35:37Z</Time>
          <Position>
            <LatitudeDegrees>42.3758100</LatitudeDegrees>
            <LongitudeDegrees>-3.4426300</LongitudeDegrees>
          </Position>
          <AltitudeMeters>1005.8</AltitudeMeters>
          <DistanceMeters>23907.2</DistanceMeters>
        </Trackpoint>
        <Trackpoint>
          <Time>2027-05-09T08:35:46Z</Time>
          <Position>
            <LatitudeDegrees>42.3758100</LatitudeDegrees>
            <LongitudeDegrees>-3.4430600</LongitudeDegrees>
          </Position>
          <AltitudeMeters>1008.7</AltitudeMeters>
          <DistanceMeters>23942.5</DistanceMeters>
        </Trackpoint>
        <Trackpoint>
          <Time>2027-05-09T08:36:07Z</Time>
          <Position>
            <LatitudeDegrees>42.3755700</LatitudeDegrees>
            <LongitudeDegrees>-3.4440900</LongitudeDegrees>
          </Position>
          <AltitudeMeters>1011.5</AltitudeMeters>
          <DistanceMeters>24031.2</DistanceMeters>
        </Trackpoint>
        <Trackpoint>
          <Time>2027-05-09T08:36:17Z</Time>
          <Position>
            <LatitudeDegrees>42.3753800</LatitudeDegrees>
            <LongitudeDegrees>-3.4445500</LongitudeDegrees>
          </Position>
          <AltitudeMeters>1013.7</AltitudeMeters>
          <DistanceMeters>24074.5</DistanceMeters>
        </Trackpoint>
        <Trackpoint>
          <Time>2027-05-09T08:36:30Z</Time>
          <Position>
            <LatitudeDegrees>42.3752500</LatitudeDegrees>
            <LongitudeDegrees>-3.4451500</LongitudeDegrees>
          </Position>
          <AltitudeMeters>1015.2</AltitudeMeters>
          <DistanceMeters>24125.9</DistanceMeters>
        </Trackpoint>
        <Trackpoint>
          <Time>2027-05-09T08:36:42Z</Time>
          <Position>
            <LatitudeDegrees>42.3751200</LatitudeDegrees>
            <LongitudeDegrees>-3.4457500</LongitudeDegrees>
          </Position>
          <AltitudeMeters>1014.9</AltitudeMeters>
          <DistanceMeters>24177.2</DistanceMeters>
        </Trackpoint>
        <Trackpoint>
          <Time>2027-05-09T08:37:00Z</Time>
          <Position>
            <LatitudeDegrees>42.3750200</LatitudeDegrees>
            <LongitudeDegrees>-3.4466400</LongitudeDegrees>
          </Position>
          <AltitudeMeters>1014.3</AltitudeMeters>
          <DistanceMeters>24251.2</DistanceMeters>
        </Trackpoint>
        <Trackpoint>
          <Time>2027-05-09T08:37:13Z</Time>
          <Position>
            <LatitudeDegrees>42.3749000</LatitudeDegrees>
            <LongitudeDegrees>-3.4472700</LongitudeDegrees>
          </Position>
          <AltitudeMeters>1013.9</AltitudeMeters>
          <DistanceMeters>24304.6</DistanceMeters>
        </Trackpoint>
        <Trackpoint>
          <Time>2027-05-09T08:37:25Z</Time>
          <Position>
            <LatitudeDegrees>42.3747800</LatitudeDegrees>
            <LongitudeDegrees>-3.4478900</LongitudeDegrees>
          </Position>
          <AltitudeMeters>1013.4</AltitudeMeters>
          <DistanceMeters>24357.3</DistanceMeters>
        </Trackpoint>
        <Trackpoint>
          <Time>2027-05-09T08:37:38Z</Time>
          <Position>
            <LatitudeDegrees>42.3746600</LatitudeDegrees>
            <LongitudeDegrees>-3.4485200</LongitudeDegrees>
          </Position>
          <AltitudeMeters>1013.0</AltitudeMeters>
          <DistanceMeters>24410.7</DistanceMeters>
        </Trackpoint>
        <Trackpoint>
          <Time>2027-05-09T08:37:50Z</Time>
          <Position>
            <LatitudeDegrees>42.3746700</LatitudeDegrees>
            <LongitudeDegrees>-3.4491400</LongitudeDegrees>
          </Position>
          <AltitudeMeters>1012.6</AltitudeMeters>
          <DistanceMeters>24461.6</DistanceMeters>
        </Trackpoint>
        <Trackpoint>
          <Time>2027-05-09T08:38:03Z</Time>
          <Position>
            <LatitudeDegrees>42.3746800</LatitudeDegrees>
            <LongitudeDegrees>-3.4497700</LongitudeDegrees>
          </Position>
          <AltitudeMeters>1012.3</AltitudeMeters>
          <DistanceMeters>24513.4</DistanceMeters>
        </Trackpoint>
        <Trackpoint>
          <Time>2027-05-09T08:38:25Z</Time>
          <Position>
            <LatitudeDegrees>42.3745500</LatitudeDegrees>
            <LongitudeDegrees>-3.4508700</LongitudeDegrees>
          </Position>
          <AltitudeMeters>1011.9</AltitudeMeters>
          <DistanceMeters>24604.9</DistanceMeters>
        </Trackpoint>
        <Trackpoint>
          <Time>2027-05-09T08:38:37Z</Time>
          <Position>
            <LatitudeDegrees>42.3745300</LatitudeDegrees>
            <LongitudeDegrees>-3.4514900</LongitudeDegrees>
          </Position>
          <AltitudeMeters>1011.5</AltitudeMeters>
          <DistanceMeters>24655.9</DistanceMeters>
        </Trackpoint>
        <Trackpoint>
          <Time>2027-05-09T08:38:49Z</Time>
          <Position>
            <LatitudeDegrees>42.3745200</LatitudeDegrees>
            <LongitudeDegrees>-3.4521000</LongitudeDegrees>
          </Position>
          <AltitudeMeters>1011.4</AltitudeMeters>
          <DistanceMeters>24706.0</DistanceMeters>
        </Trackpoint>
        <Trackpoint>
          <Time>2027-05-09T08:38:55Z</Time>
          <Position>
            <LatitudeDegrees>42.3744900</LatitudeDegrees>
            <LongitudeDegrees>-3.4524200</LongitudeDegrees>
          </Position>
          <AltitudeMeters>1011.3</AltitudeMeters>
          <DistanceMeters>24732.5</DistanceMeters>
        </Trackpoint>
        <Trackpoint>
          <Time>2027-05-09T08:39:03Z</Time>
          <Position>
            <LatitudeDegrees>42.3742900</LatitudeDegrees>
            <LongitudeDegrees>-3.4527000</LongitudeDegrees>
          </Position>
          <AltitudeMeters>1011.2</AltitudeMeters>
          <DistanceMeters>24764.5</DistanceMeters>
        </Trackpoint>
        <Trackpoint>
          <Time>2027-05-09T08:39:15Z</Time>
          <Position>
            <LatitudeDegrees>42.3742000</LatitudeDegrees>
            <LongitudeDegrees>-3.4533000</LongitudeDegrees>
          </Position>
          <AltitudeMeters>1011.0</AltitudeMeters>
          <DistanceMeters>24814.8</DistanceMeters>
        </Trackpoint>
        <Trackpoint>
          <Time>2027-05-09T08:39:20Z</Time>
          <Position>
            <LatitudeDegrees>42.3742400</LatitudeDegrees>
            <LongitudeDegrees>-3.4535200</LongitudeDegrees>
          </Position>
          <AltitudeMeters>1011.1</AltitudeMeters>
          <DistanceMeters>24833.4</DistanceMeters>
        </Trackpoint>
        <Trackpoint>
          <Time>2027-05-09T08:39:39Z</Time>
          <Position>
            <LatitudeDegrees>42.3741900</LatitudeDegrees>
            <LongitudeDegrees>-3.4545200</LongitudeDegrees>
          </Position>
          <AltitudeMeters>1010.5</AltitudeMeters>
          <DistanceMeters>24915.8</DistanceMeters>
        </Trackpoint>
        <Trackpoint>
          <Time>2027-05-09T08:39:58Z</Time>
          <Position>
            <LatitudeDegrees>42.3738900</LatitudeDegrees>
            <LongitudeDegrees>-3.4553900</LongitudeDegrees>
          </Position>
          <AltitudeMeters>1009.7</AltitudeMeters>
          <DistanceMeters>24994.6</DistanceMeters>
        </Trackpoint>
        <Trackpoint>
          <Time>2027-05-09T08:40:21Z</Time>
          <Position>
            <LatitudeDegrees>42.3737100</LatitudeDegrees>
            <LongitudeDegrees>-3.4565400</LongitudeDegrees>
          </Position>
          <AltitudeMeters>1008.6</AltitudeMeters>
          <DistanceMeters>25091.2</DistanceMeters>
        </Trackpoint>
        <Trackpoint>
          <Time>2027-05-09T08:40:35Z</Time>
          <Position>
            <LatitudeDegrees>42.3735600</LatitudeDegrees>
            <LongitudeDegrees>-3.4572000</LongitudeDegrees>
          </Position>
          <AltitudeMeters>1007.3</AltitudeMeters>
          <DistanceMeters>25147.9</DistanceMeters>
        </Trackpoint>
        <Trackpoint>
          <Time>2027-05-09T08:40:49Z</Time>
          <Position>
            <LatitudeDegrees>42.3734200</LatitudeDegrees>
            <LongitudeDegrees>-3.4578600</LongitudeDegrees>
          </Position>
          <AltitudeMeters>1005.8</AltitudeMeters>
          <DistanceMeters>25204.3</DistanceMeters>
        </Trackpoint>
        <Trackpoint>
          <Time>2027-05-09T08:41:02Z</Time>
          <Position>
            <LatitudeDegrees>42.3732700</LatitudeDegrees>
            <LongitudeDegrees>-3.4585200</LongitudeDegrees>
          </Position>
          <AltitudeMeters>1004.5</AltitudeMeters>
          <DistanceMeters>25261.0</DistanceMeters>
        </Trackpoint>
        <Trackpoint>
          <Time>2027-05-09T08:41:16Z</Time>
          <Position>
            <LatitudeDegrees>42.3730700</LatitudeDegrees>
            <LongitudeDegrees>-3.4591500</LongitudeDegrees>
          </Position>
          <AltitudeMeters>1003.3</AltitudeMeters>
          <DistanceMeters>25317.4</DistanceMeters>
        </Trackpoint>
        <Trackpoint>
          <Time>2027-05-09T08:41:29Z</Time>
          <Position>
            <LatitudeDegrees>42.3728600</LatitudeDegrees>
            <LongitudeDegrees>-3.4597800</LongitudeDegrees>
          </Position>
          <AltitudeMeters>1002.4</AltitudeMeters>
          <DistanceMeters>25374.2</DistanceMeters>
        </Trackpoint>
        <Trackpoint>
          <Time>2027-05-09T08:41:43Z</Time>
          <Position>
            <LatitudeDegrees>42.3726600</LatitudeDegrees>
            <LongitudeDegrees>-3.4604100</LongitudeDegrees>
          </Position>
          <AltitudeMeters>1001.4</AltitudeMeters>
          <DistanceMeters>25430.5</DistanceMeters>
        </Trackpoint>
        <Trackpoint>
          <Time>2027-05-09T08:41:56Z</Time>
          <Position>
            <LatitudeDegrees>42.3724400</LatitudeDegrees>
            <LongitudeDegrees>-3.4610000</LongitudeDegrees>
          </Position>
          <AltitudeMeters>1000.3</AltitudeMeters>
          <DistanceMeters>25484.8</DistanceMeters>
        </Trackpoint>
        <Trackpoint>
          <Time>2027-05-09T08:42:09Z</Time>
          <Position>
            <LatitudeDegrees>42.3722100</LatitudeDegrees>
            <LongitudeDegrees>-3.4615900</LongitudeDegrees>
          </Position>
          <AltitudeMeters>999.6</AltitudeMeters>
          <DistanceMeters>25539.6</DistanceMeters>
        </Trackpoint>
        <Trackpoint>
          <Time>2027-05-09T08:42:25Z</Time>
          <Position>
            <LatitudeDegrees>42.3720700</LatitudeDegrees>
            <LongitudeDegrees>-3.4623900</LongitudeDegrees>
          </Position>
          <AltitudeMeters>998.9</AltitudeMeters>
          <DistanceMeters>25607.1</DistanceMeters>
        </Trackpoint>
        <Trackpoint>
          <Time>2027-05-09T08:42:41Z</Time>
          <Position>
            <LatitudeDegrees>42.3719300</LatitudeDegrees>
            <LongitudeDegrees>-3.4631900</LongitudeDegrees>
          </Position>
          <AltitudeMeters>998.3</AltitudeMeters>
          <DistanceMeters>25674.7</DistanceMeters>
        </Trackpoint>
        <Trackpoint>
          <Time>2027-05-09T08:42:54Z</Time>
          <Position>
            <LatitudeDegrees>42.3718900</LatitudeDegrees>
            <LongitudeDegrees>-3.4638100</LongitudeDegrees>
          </Position>
          <AltitudeMeters>998.1</AltitudeMeters>
          <DistanceMeters>25725.8</DistanceMeters>
        </Trackpoint>
        <Trackpoint>
          <Time>2027-05-09T08:43:06Z</Time>
          <Position>
            <LatitudeDegrees>42.3718500</LatitudeDegrees>
            <LongitudeDegrees>-3.4644200</LongitudeDegrees>
          </Position>
          <AltitudeMeters>997.9</AltitudeMeters>
          <DistanceMeters>25776.1</DistanceMeters>
        </Trackpoint>
        <Trackpoint>
          <Time>2027-05-09T08:43:18Z</Time>
          <Position>
            <LatitudeDegrees>42.3718100</LatitudeDegrees>
            <LongitudeDegrees>-3.4650400</LongitudeDegrees>
          </Position>
          <AltitudeMeters>997.2</AltitudeMeters>
          <DistanceMeters>25827.2</DistanceMeters>
        </Trackpoint>
        <Trackpoint>
          <Time>2027-05-09T08:43:32Z</Time>
          <Position>
            <LatitudeDegrees>42.3718800</LatitudeDegrees>
            <LongitudeDegrees>-3.4657500</LongitudeDegrees>
          </Position>
          <AltitudeMeters>996.5</AltitudeMeters>
          <DistanceMeters>25886.1</DistanceMeters>
        </Trackpoint>
        <Trackpoint>
          <Time>2027-05-09T08:43:46Z</Time>
          <Position>
            <LatitudeDegrees>42.3719500</LatitudeDegrees>
            <LongitudeDegrees>-3.4664500</LongitudeDegrees>
          </Position>
          <AltitudeMeters>996.0</AltitudeMeters>
          <DistanceMeters>25944.1</DistanceMeters>
        </Trackpoint>
        <Trackpoint>
          <Time>2027-05-09T08:43:59Z</Time>
          <Position>
            <LatitudeDegrees>42.3720600</LatitudeDegrees>
            <LongitudeDegrees>-3.4670700</LongitudeDegrees>
          </Position>
          <AltitudeMeters>995.5</AltitudeMeters>
          <DistanceMeters>25996.5</DistanceMeters>
        </Trackpoint>
        <Trackpoint>
          <Time>2027-05-09T08:44:11Z</Time>
          <Position>
            <LatitudeDegrees>42.3721600</LatitudeDegrees>
            <LongitudeDegrees>-3.4677000</LongitudeDegrees>
          </Position>
          <AltitudeMeters>994.9</AltitudeMeters>
          <DistanceMeters>26049.4</DistanceMeters>
        </Trackpoint>
        <Trackpoint>
          <Time>2027-05-09T08:44:24Z</Time>
          <Position>
            <LatitudeDegrees>42.3722700</LatitudeDegrees>
            <LongitudeDegrees>-3.4683200</LongitudeDegrees>
          </Position>
          <AltitudeMeters>994.3</AltitudeMeters>
          <DistanceMeters>26101.8</DistanceMeters>
        </Trackpoint>
        <Trackpoint>
          <Time>2027-05-09T08:44:36Z</Time>
          <Position>
            <LatitudeDegrees>42.3721900</LatitudeDegrees>
            <LongitudeDegrees>-3.4689400</LongitudeDegrees>
          </Position>
          <AltitudeMeters>994.0</AltitudeMeters>
          <DistanceMeters>26153.5</DistanceMeters>
        </Trackpoint>
        <Trackpoint>
          <Time>2027-05-09T08:44:49Z</Time>
          <Position>
            <LatitudeDegrees>42.3721100</LatitudeDegrees>
            <LongitudeDegrees>-3.4695600</LongitudeDegrees>
          </Position>
          <AltitudeMeters>993.3</AltitudeMeters>
          <DistanceMeters>26205.2</DistanceMeters>
        </Trackpoint>
        <Trackpoint>
          <Time>2027-05-09T08:45:05Z</Time>
          <Position>
            <LatitudeDegrees>42.3723100</LatitudeDegrees>
            <LongitudeDegrees>-3.4703600</LongitudeDegrees>
          </Position>
          <AltitudeMeters>992.2</AltitudeMeters>
          <DistanceMeters>26274.6</DistanceMeters>
        </Trackpoint>
        <Trackpoint>
          <Time>2027-05-09T08:45:27Z</Time>
          <Position>
            <LatitudeDegrees>42.3723600</LatitudeDegrees>
            <LongitudeDegrees>-3.4714400</LongitudeDegrees>
          </Position>
          <AltitudeMeters>990.9</AltitudeMeters>
          <DistanceMeters>26363.5</DistanceMeters>
        </Trackpoint>
        <Trackpoint>
          <Time>2027-05-09T08:45:39Z</Time>
          <Position>
            <LatitudeDegrees>42.3722400</LatitudeDegrees>
            <LongitudeDegrees>-3.4720600</LongitudeDegrees>
          </Position>
          <AltitudeMeters>989.0</AltitudeMeters>
          <DistanceMeters>26416.1</DistanceMeters>
        </Trackpoint>
        <Trackpoint>
          <Time>2027-05-09T08:45:52Z</Time>
          <Position>
            <LatitudeDegrees>42.3721300</LatitudeDegrees>
            <LongitudeDegrees>-3.4726900</LongitudeDegrees>
          </Position>
          <AltitudeMeters>986.3</AltitudeMeters>
          <DistanceMeters>26469.3</DistanceMeters>
        </Trackpoint>
        <Trackpoint>
          <Time>2027-05-09T08:46:05Z</Time>
          <Position>
            <LatitudeDegrees>42.3720100</LatitudeDegrees>
            <LongitudeDegrees>-3.4733100</LongitudeDegrees>
          </Position>
          <AltitudeMeters>983.4</AltitudeMeters>
          <DistanceMeters>26521.9</DistanceMeters>
        </Trackpoint>
        <Trackpoint>
          <Time>2027-05-09T08:46:18Z</Time>
          <Position>
            <LatitudeDegrees>42.3717100</LatitudeDegrees>
            <LongitudeDegrees>-3.4738400</LongitudeDegrees>
          </Position>
          <AltitudeMeters>980.5</AltitudeMeters>
          <DistanceMeters>26576.8</DistanceMeters>
        </Trackpoint>
        <Trackpoint>
          <Time>2027-05-09T08:46:31Z</Time>
          <Position>
            <LatitudeDegrees>42.3714100</LatitudeDegrees>
            <LongitudeDegrees>-3.4743700</LongitudeDegrees>
          </Position>
          <AltitudeMeters>977.2</AltitudeMeters>
          <DistanceMeters>26631.6</DistanceMeters>
        </Trackpoint>
        <Trackpoint>
          <Time>2027-05-09T08:46:44Z</Time>
          <Position>
            <LatitudeDegrees>42.3711200</LatitudeDegrees>
            <LongitudeDegrees>-3.4749100</LongitudeDegrees>
          </Position>
          <AltitudeMeters>974.0</AltitudeMeters>
          <DistanceMeters>26686.5</DistanceMeters>
        </Trackpoint>
        <Trackpoint>
          <Time>2027-05-09T08:46:57Z</Time>
          <Position>
            <LatitudeDegrees>42.3708200</LatitudeDegrees>
            <LongitudeDegrees>-3.4754400</LongitudeDegrees>
          </Position>
          <AltitudeMeters>971.3</AltitudeMeters>
          <DistanceMeters>26741.3</DistanceMeters>
        </Trackpoint>
        <Trackpoint>
          <Time>2027-05-09T08:47:11Z</Time>
          <Position>
            <LatitudeDegrees>42.3705200</LatitudeDegrees>
            <LongitudeDegrees>-3.4759700</LongitudeDegrees>
          </Position>
          <AltitudeMeters>969.0</AltitudeMeters>
          <DistanceMeters>26796.2</DistanceMeters>
        </Trackpoint>
        <Trackpoint>
          <Time>2027-05-09T08:47:24Z</Time>
          <Position>
            <LatitudeDegrees>42.3702200</LatitudeDegrees>
            <LongitudeDegrees>-3.4765000</LongitudeDegrees>
          </Position>
          <AltitudeMeters>967.4</AltitudeMeters>
          <DistanceMeters>26851.0</DistanceMeters>
        </Trackpoint>
        <Trackpoint>
          <Time>2027-05-09T08:47:47Z</Time>
          <Position>
            <LatitudeDegrees>42.3698400</LatitudeDegrees>
            <LongitudeDegrees>-3.4775400</LongitudeDegrees>
          </Position>
          <AltitudeMeters>967.0</AltitudeMeters>
          <DistanceMeters>26946.4</DistanceMeters>
        </Trackpoint>
        <Trackpoint>
          <Time>2027-05-09T08:48:02Z</Time>
          <Position>
            <LatitudeDegrees>42.3697300</LatitudeDegrees>
            <LongitudeDegrees>-3.4782900</LongitudeDegrees>
          </Position>
          <AltitudeMeters>967.3</AltitudeMeters>
          <DistanceMeters>27009.2</DistanceMeters>
        </Trackpoint>
        <Trackpoint>
          <Time>2027-05-09T08:48:13Z</Time>
          <Position>
            <LatitudeDegrees>42.3698500</LatitudeDegrees>
            <LongitudeDegrees>-3.4788400</LongitudeDegrees>
          </Position>
          <AltitudeMeters>967.7</AltitudeMeters>
          <DistanceMeters>27056.3</DistanceMeters>
        </Trackpoint>
        <Trackpoint>
          <Time>2027-05-09T08:48:20Z</Time>
          <Position>
            <LatitudeDegrees>42.3699800</LatitudeDegrees>
            <LongitudeDegrees>-3.4791600</LongitudeDegrees>
          </Position>
          <AltitudeMeters>968.1</AltitudeMeters>
          <DistanceMeters>27086.3</DistanceMeters>
        </Trackpoint>
        <Trackpoint>
          <Time>2027-05-09T08:48:32Z</Time>
          <Position>
            <LatitudeDegrees>42.3702700</LatitudeDegrees>
            <LongitudeDegrees>-3.4796200</LongitudeDegrees>
          </Position>
          <AltitudeMeters>967.6</AltitudeMeters>
          <DistanceMeters>27136.0</DistanceMeters>
        </Trackpoint>
        <Trackpoint>
          <Time>2027-05-09T08:48:40Z</Time>
          <Position>
            <LatitudeDegrees>42.3701800</LatitudeDegrees>
            <LongitudeDegrees>-3.4799900</LongitudeDegrees>
          </Position>
          <AltitudeMeters>965.9</AltitudeMeters>
          <DistanceMeters>27168.0</DistanceMeters>
        </Trackpoint>
        <Trackpoint>
          <Time>2027-05-09T08:48:50Z</Time>
          <Position>
            <LatitudeDegrees>42.3702500</LatitudeDegrees>
            <LongitudeDegrees>-3.4805100</LongitudeDegrees>
          </Position>
          <AltitudeMeters>963.5</AltitudeMeters>
          <DistanceMeters>27211.4</DistanceMeters>
        </Trackpoint>
        <Trackpoint>
          <Time>2027-05-09T08:49:03Z</Time>
          <Position>
            <LatitudeDegrees>42.3704900</LatitudeDegrees>
            <LongitudeDegrees>-3.4810900</LongitudeDegrees>
          </Position>
          <AltitudeMeters>960.8</AltitudeMeters>
          <DistanceMeters>27266.0</DistanceMeters>
        </Trackpoint>
        <Trackpoint>
          <Time>2027-05-09T08:49:16Z</Time>
          <Position>
            <LatitudeDegrees>42.3707300</LatitudeDegrees>
            <LongitudeDegrees>-3.4816700</LongitudeDegrees>
          </Position>
          <AltitudeMeters>957.8</AltitudeMeters>
          <DistanceMeters>27320.6</DistanceMeters>
        </Trackpoint>
        <Trackpoint>
          <Time>2027-05-09T08:49:30Z</Time>
          <Position>
            <LatitudeDegrees>42.3709700</LatitudeDegrees>
            <LongitudeDegrees>-3.4822500</LongitudeDegrees>
          </Position>
          <AltitudeMeters>954.8</AltitudeMeters>
          <DistanceMeters>27375.2</DistanceMeters>
        </Trackpoint>
        <Trackpoint>
          <Time>2027-05-09T08:49:43Z</Time>
          <Position>
            <LatitudeDegrees>42.3712100</LatitudeDegrees>
            <LongitudeDegrees>-3.4828300</LongitudeDegrees>
          </Position>
          <AltitudeMeters>952.5</AltitudeMeters>
          <DistanceMeters>27429.8</DistanceMeters>
        </Trackpoint>
        <Trackpoint>
          <Time>2027-05-09T08:50:00Z</Time>
          <Position>
            <LatitudeDegrees>42.3714400</LatitudeDegrees>
            <LongitudeDegrees>-3.4836500</LongitudeDegrees>
          </Position>
          <AltitudeMeters>950.9</AltitudeMeters>
          <DistanceMeters>27501.9</DistanceMeters>
        </Trackpoint>
        <Trackpoint>
          <Time>2027-05-09T08:50:17Z</Time>
          <Position>
            <LatitudeDegrees>42.3716600</LatitudeDegrees>
            <LongitudeDegrees>-3.4844700</LongitudeDegrees>
          </Position>
          <AltitudeMeters>949.6</AltitudeMeters>
          <DistanceMeters>27573.6</DistanceMeters>
        </Trackpoint>
        <Trackpoint>
          <Time>2027-05-09T08:50:31Z</Time>
          <Position>
            <LatitudeDegrees>42.3716600</LatitudeDegrees>
            <LongitudeDegrees>-3.4851600</LongitudeDegrees>
          </Position>
          <AltitudeMeters>948.5</AltitudeMeters>
          <DistanceMeters>27630.2</DistanceMeters>
        </Trackpoint>
        <Trackpoint>
          <Time>2027-05-09T08:50:44Z</Time>
          <Position>
            <LatitudeDegrees>42.3716600</LatitudeDegrees>
            <LongitudeDegrees>-3.4858500</LongitudeDegrees>
          </Position>
          <AltitudeMeters>948.0</AltitudeMeters>
          <DistanceMeters>27686.9</DistanceMeters>
        </Trackpoint>
        <Trackpoint>
          <Time>2027-05-09T08:50:58Z</Time>
          <Position>
            <LatitudeDegrees>42.3716600</LatitudeDegrees>
            <LongitudeDegrees>-3.4865400</LongitudeDegrees>
          </Position>
          <AltitudeMeters>947.7</AltitudeMeters>
          <DistanceMeters>27743.6</DistanceMeters>
        </Trackpoint>
        <Trackpoint>
          <Time>2027-05-09T08:51:11Z</Time>
          <Position>
            <LatitudeDegrees>42.3716600</LatitudeDegrees>
            <LongitudeDegrees>-3.4872200</LongitudeDegrees>
          </Position>
          <AltitudeMeters>947.7</AltitudeMeters>
          <DistanceMeters>27799.5</DistanceMeters>
        </Trackpoint>
        <Trackpoint>
          <Time>2027-05-09T08:51:25Z</Time>
          <Position>
            <LatitudeDegrees>42.3716600</LatitudeDegrees>
            <LongitudeDegrees>-3.4879100</LongitudeDegrees>
          </Position>
          <AltitudeMeters>947.7</AltitudeMeters>
          <DistanceMeters>27856.1</DistanceMeters>
        </Trackpoint>
        <Trackpoint>
          <Time>2027-05-09T08:51:39Z</Time>
          <Position>
            <LatitudeDegrees>42.3716600</LatitudeDegrees>
            <LongitudeDegrees>-3.4886000</LongitudeDegrees>
          </Position>
          <AltitudeMeters>947.8</AltitudeMeters>
          <DistanceMeters>27912.8</DistanceMeters>
        </Trackpoint>
        <Trackpoint>
          <Time>2027-05-09T08:51:50Z</Time>
          <Position>
            <LatitudeDegrees>42.3717100</LatitudeDegrees>
            <LongitudeDegrees>-3.4891700</LongitudeDegrees>
          </Position>
          <AltitudeMeters>947.9</AltitudeMeters>
          <DistanceMeters>27960.0</DistanceMeters>
        </Trackpoint>
        <Trackpoint>
          <Time>2027-05-09T08:52:02Z</Time>
          <Position>
            <LatitudeDegrees>42.3718200</LatitudeDegrees>
            <LongitudeDegrees>-3.4897700</LongitudeDegrees>
          </Position>
          <AltitudeMeters>948.0</AltitudeMeters>
          <DistanceMeters>28010.8</DistanceMeters>
        </Trackpoint>
        <Trackpoint>
          <Time>2027-05-09T08:52:14Z</Time>
          <Position>
            <LatitudeDegrees>42.3719400</LatitudeDegrees>
            <LongitudeDegrees>-3.4903700</LongitudeDegrees>
          </Position>
          <AltitudeMeters>948.2</AltitudeMeters>
          <DistanceMeters>28061.8</DistanceMeters>
        </Trackpoint>
        <Trackpoint>
          <Time>2027-05-09T08:52:27Z</Time>
          <Position>
            <LatitudeDegrees>42.3720500</LatitudeDegrees>
            <LongitudeDegrees>-3.4909700</LongitudeDegrees>
          </Position>
          <AltitudeMeters>948.3</AltitudeMeters>
          <DistanceMeters>28112.6</DistanceMeters>
        </Trackpoint>
        <Trackpoint>
          <Time>2027-05-09T08:52:39Z</Time>
          <Position>
            <LatitudeDegrees>42.3721600</LatitudeDegrees>
            <LongitudeDegrees>-3.4915700</LongitudeDegrees>
          </Position>
          <AltitudeMeters>948.3</AltitudeMeters>
          <DistanceMeters>28163.4</DistanceMeters>
        </Trackpoint>
        <Trackpoint>
          <Time>2027-05-09T08:52:51Z</Time>
          <Position>
            <LatitudeDegrees>42.3722800</LatitudeDegrees>
            <LongitudeDegrees>-3.4921700</LongitudeDegrees>
          </Position>
          <AltitudeMeters>948.4</AltitudeMeters>
          <DistanceMeters>28214.5</DistanceMeters>
        </Trackpoint>
        <Trackpoint>
          <Time>2027-05-09T08:53:03Z</Time>
          <Position>
            <LatitudeDegrees>42.3723900</LatitudeDegrees>
            <LongitudeDegrees>-3.4927800</LongitudeDegrees>
          </Position>
          <AltitudeMeters>948.4</AltitudeMeters>
          <DistanceMeters>28266.0</DistanceMeters>
        </Trackpoint>
        <Trackpoint>
          <Time>2027-05-09T08:53:16Z</Time>
          <Position>
            <LatitudeDegrees>42.3725000</LatitudeDegrees>
            <LongitudeDegrees>-3.4933800</LongitudeDegrees>
          </Position>
          <AltitudeMeters>948.3</AltitudeMeters>
          <DistanceMeters>28316.8</DistanceMeters>
        </Trackpoint>
        <Trackpoint>
          <Time>2027-05-09T08:53:28Z</Time>
          <Position>
            <LatitudeDegrees>42.3726200</LatitudeDegrees>
            <LongitudeDegrees>-3.4939800</LongitudeDegrees>
          </Position>
          <AltitudeMeters>948.5</AltitudeMeters>
          <DistanceMeters>28367.9</DistanceMeters>
        </Trackpoint>
        <Trackpoint>
          <Time>2027-05-09T08:53:40Z</Time>
          <Position>
            <LatitudeDegrees>42.3727300</LatitudeDegrees>
            <LongitudeDegrees>-3.4945800</LongitudeDegrees>
          </Position>
          <AltitudeMeters>948.9</AltitudeMeters>
          <DistanceMeters>28418.7</DistanceMeters>
        </Trackpoint>
        <Trackpoint>
          <Time>2027-05-09T08:53:52Z</Time>
          <Position>
            <LatitudeDegrees>42.3728400</LatitudeDegrees>
            <LongitudeDegrees>-3.4951800</LongitudeDegrees>
          </Position>
          <AltitudeMeters>949.5</AltitudeMeters>
          <DistanceMeters>28469.5</DistanceMeters>
        </Trackpoint>
        <Trackpoint>
          <Time>2027-05-09T08:54:04Z</Time>
          <Position>
            <LatitudeDegrees>42.3729600</LatitudeDegrees>
            <LongitudeDegrees>-3.4957800</LongitudeDegrees>
          </Position>
          <AltitudeMeters>950.1</AltitudeMeters>
          <DistanceMeters>28520.5</DistanceMeters>
        </Trackpoint>
        <Trackpoint>
          <Time>2027-05-09T08:54:17Z</Time>
          <Position>
            <LatitudeDegrees>42.3730700</LatitudeDegrees>
            <LongitudeDegrees>-3.4963800</LongitudeDegrees>
          </Position>
          <AltitudeMeters>950.5</AltitudeMeters>
          <DistanceMeters>28571.3</DistanceMeters>
        </Trackpoint>
        <Trackpoint>
          <Time>2027-05-09T08:54:29Z</Time>
          <Position>
            <LatitudeDegrees>42.3731800</LatitudeDegrees>
            <LongitudeDegrees>-3.4969800</LongitudeDegrees>
          </Position>
          <AltitudeMeters>950.8</AltitudeMeters>
          <DistanceMeters>28622.1</DistanceMeters>
        </Trackpoint>
        <Trackpoint>
          <Time>2027-05-09T08:54:41Z</Time>
          <Position>
            <LatitudeDegrees>42.3733000</LatitudeDegrees>
            <LongitudeDegrees>-3.4975800</LongitudeDegrees>
          </Position>
          <AltitudeMeters>951.0</AltitudeMeters>
          <DistanceMeters>28673.2</DistanceMeters>
        </Trackpoint>
        <Trackpoint>
          <Time>2027-05-09T08:54:53Z</Time>
          <Position>
            <LatitudeDegrees>42.3734100</LatitudeDegrees>
            <LongitudeDegrees>-3.4981800</LongitudeDegrees>
          </Position>
          <AltitudeMeters>951.2</AltitudeMeters>
          <DistanceMeters>28723.9</DistanceMeters>
        </Trackpoint>
        <Trackpoint>
          <Time>2027-05-09T08:55:06Z</Time>
          <Position>
            <LatitudeDegrees>42.3735200</LatitudeDegrees>
            <LongitudeDegrees>-3.4987900</LongitudeDegrees>
          </Position>
          <AltitudeMeters>951.5</AltitudeMeters>
          <DistanceMeters>28775.5</DistanceMeters>
        </Trackpoint>
        <Trackpoint>
          <Time>2027-05-09T08:55:18Z</Time>
          <Position>
            <LatitudeDegrees>42.3736400</LatitudeDegrees>
            <LongitudeDegrees>-3.4993900</LongitudeDegrees>
          </Position>
          <AltitudeMeters>951.8</AltitudeMeters>
          <DistanceMeters>28826.6</DistanceMeters>
        </Trackpoint>
        <Trackpoint>
          <Time>2027-05-09T08:55:30Z</Time>
          <Position>
            <LatitudeDegrees>42.3737500</LatitudeDegrees>
            <LongitudeDegrees>-3.4999900</LongitudeDegrees>
          </Position>
          <AltitudeMeters>952.1</AltitudeMeters>
          <DistanceMeters>28877.4</DistanceMeters>
        </Trackpoint>
        <Trackpoint>
          <Time>2027-05-09T08:55:42Z</Time>
          <Position>
            <LatitudeDegrees>42.3738600</LatitudeDegrees>
            <LongitudeDegrees>-3.5005900</LongitudeDegrees>
          </Position>
          <AltitudeMeters>952.3</AltitudeMeters>
          <DistanceMeters>28928.1</DistanceMeters>
        </Trackpoint>
        <Trackpoint>
          <Time>2027-05-09T08:55:55Z</Time>
          <Position>
            <LatitudeDegrees>42.3739800</LatitudeDegrees>
            <LongitudeDegrees>-3.5011900</LongitudeDegrees>
          </Position>
          <AltitudeMeters>952.5</AltitudeMeters>
          <DistanceMeters>28979.2</DistanceMeters>
        </Trackpoint>
        <Trackpoint>
          <Time>2027-05-09T08:56:07Z</Time>
          <Position>
            <LatitudeDegrees>42.3740900</LatitudeDegrees>
            <LongitudeDegrees>-3.5017900</LongitudeDegrees>
          </Position>
          <AltitudeMeters>952.4</AltitudeMeters>
          <DistanceMeters>29030.0</DistanceMeters>
        </Trackpoint>
        <Trackpoint>
          <Time>2027-05-09T08:56:20Z</Time>
          <Position>
            <LatitudeDegrees>42.3742900</LatitudeDegrees>
            <LongitudeDegrees>-3.5024100</LongitudeDegrees>
          </Position>
          <AltitudeMeters>952.2</AltitudeMeters>
          <DistanceMeters>29085.6</DistanceMeters>
        </Trackpoint>
        <Trackpoint>
          <Time>2027-05-09T08:56:33Z</Time>
          <Position>
            <LatitudeDegrees>42.3744800</LatitudeDegrees>
            <LongitudeDegrees>-3.5030400</LongitudeDegrees>
          </Position>
          <AltitudeMeters>952.2</AltitudeMeters>
          <DistanceMeters>29141.5</DistanceMeters>
        </Trackpoint>
        <Trackpoint>
          <Time>2027-05-09T08:56:47Z</Time>
          <Position>
            <LatitudeDegrees>42.3746800</LatitudeDegrees>
            <LongitudeDegrees>-3.5036600</LongitudeDegrees>
          </Position>
          <AltitudeMeters>952.6</AltitudeMeters>
          <DistanceMeters>29197.0</DistanceMeters>
        </Trackpoint>
        <Trackpoint>
          <Time>2027-05-09T08:57:00Z</Time>
          <Position>
            <LatitudeDegrees>42.3748800</LatitudeDegrees>
            <LongitudeDegrees>-3.5042800</LongitudeDegrees>
          </Position>
          <AltitudeMeters>953.1</AltitudeMeters>
          <DistanceMeters>29252.6</DistanceMeters>
        </Trackpoint>
        <Trackpoint>
          <Time>2027-05-09T08:57:14Z</Time>
          <Position>
            <LatitudeDegrees>42.3750700</LatitudeDegrees>
            <LongitudeDegrees>-3.5049100</LongitudeDegrees>
          </Position>
          <AltitudeMeters>953.7</AltitudeMeters>
          <DistanceMeters>29308.5</DistanceMeters>
        </Trackpoint>
        <Trackpoint>
          <Time>2027-05-09T08:57:27Z</Time>
          <Position>
            <LatitudeDegrees>42.3752700</LatitudeDegrees>
            <LongitudeDegrees>-3.5055300</LongitudeDegrees>
          </Position>
          <AltitudeMeters>954.3</AltitudeMeters>
          <DistanceMeters>29364.1</DistanceMeters>
        </Trackpoint>
        <Trackpoint>
          <Time>2027-05-09T08:57:41Z</Time>
          <Position>
            <LatitudeDegrees>42.3755900</LatitudeDegrees>
            <LongitudeDegrees>-3.5060800</LongitudeDegrees>
          </Position>
          <AltitudeMeters>954.6</AltitudeMeters>
          <DistanceMeters>29421.6</DistanceMeters>
        </Trackpoint>
        <Trackpoint>
          <Time>2027-05-09T08:57:54Z</Time>
          <Position>
            <LatitudeDegrees>42.3759100</LatitudeDegrees>
            <LongitudeDegrees>-3.5066300</LongitudeDegrees>
          </Position>
          <AltitudeMeters>954.5</AltitudeMeters>
          <DistanceMeters>29479.1</DistanceMeters>
        </Trackpoint>
        <Trackpoint>
          <Time>2027-05-09T08:58:08Z</Time>
          <Position>
            <LatitudeDegrees>42.3761900</LatitudeDegrees>
            <LongitudeDegrees>-3.5072100</LongitudeDegrees>
          </Position>
          <AltitudeMeters>954.3</AltitudeMeters>
          <DistanceMeters>29536.0</DistanceMeters>
        </Trackpoint>
        <Trackpoint>
          <Time>2027-05-09T08:58:22Z</Time>
          <Position>
            <LatitudeDegrees>42.3764700</LatitudeDegrees>
            <LongitudeDegrees>-3.5077800</LongitudeDegrees>
          </Position>
          <AltitudeMeters>954.1</AltitudeMeters>
          <DistanceMeters>29592.2</DistanceMeters>
        </Trackpoint>
        <Trackpoint>
          <Time>2027-05-09T08:58:34Z</Time>
          <Position>
            <LatitudeDegrees>42.3767700</LatitudeDegrees>
            <LongitudeDegrees>-3.5082600</LongitudeDegrees>
          </Position>
          <AltitudeMeters>954.0</AltitudeMeters>
          <DistanceMeters>29643.9</DistanceMeters>
        </Trackpoint>
        <Trackpoint>
          <Time>2027-05-09T08:58:47Z</Time>
          <Position>
            <LatitudeDegrees>42.3770800</LatitudeDegrees>
            <LongitudeDegrees>-3.5087400</LongitudeDegrees>
          </Position>
          <AltitudeMeters>954.0</AltitudeMeters>
          <DistanceMeters>29696.3</DistanceMeters>
        </Trackpoint>
        <Trackpoint>
          <Time>2027-05-09T08:58:59Z</Time>
          <Position>
            <LatitudeDegrees>42.3773800</LatitudeDegrees>
            <LongitudeDegrees>-3.5092200</LongitudeDegrees>
          </Position>
          <AltitudeMeters>953.9</AltitudeMeters>
          <DistanceMeters>29747.9</DistanceMeters>
        </Trackpoint>
        <Trackpoint>
          <Time>2027-05-09T08:59:11Z</Time>
          <Position>
            <LatitudeDegrees>42.3776800</LatitudeDegrees>
            <LongitudeDegrees>-3.5097000</LongitudeDegrees>
          </Position>
          <AltitudeMeters>953.7</AltitudeMeters>
          <DistanceMeters>29799.6</DistanceMeters>
        </Trackpoint>
        <Trackpoint>
          <Time>2027-05-09T08:59:28Z</Time>
          <Position>
            <LatitudeDegrees>42.3772900</LatitudeDegrees>
            <LongitudeDegrees>-3.5103700</LongitudeDegrees>
          </Position>
          <AltitudeMeters>953.6</AltitudeMeters>
          <DistanceMeters>29869.6</DistanceMeters>
        </Trackpoint>
        <Trackpoint>
          <Time>2027-05-09T08:59:37Z</Time>
          <Position>
            <LatitudeDegrees>42.3773000</LatitudeDegrees>
            <LongitudeDegrees>-3.5108200</LongitudeDegrees>
          </Position>
          <AltitudeMeters>954.0</AltitudeMeters>
          <DistanceMeters>29906.6</DistanceMeters>
        </Trackpoint>
        <Trackpoint>
          <Time>2027-05-09T08:59:52Z</Time>
          <Position>
            <LatitudeDegrees>42.3772200</LatitudeDegrees>
            <LongitudeDegrees>-3.5115700</LongitudeDegrees>
          </Position>
          <AltitudeMeters>954.8</AltitudeMeters>
          <DistanceMeters>29968.9</DistanceMeters>
        </Trackpoint>
        <Trackpoint>
          <Time>2027-05-09T09:00:07Z</Time>
          <Position>
            <LatitudeDegrees>42.3771400</LatitudeDegrees>
            <LongitudeDegrees>-3.5123100</LongitudeDegrees>
          </Position>
          <AltitudeMeters>956.1</AltitudeMeters>
          <DistanceMeters>30030.3</DistanceMeters>
        </Trackpoint>
        <Trackpoint>
          <Time>2027-05-09T09:00:21Z</Time>
          <Position>
            <LatitudeDegrees>42.3773100</LatitudeDegrees>
            <LongitudeDegrees>-3.5129900</LongitudeDegrees>
          </Position>
          <AltitudeMeters>957.8</AltitudeMeters>
          <DistanceMeters>30089.3</DistanceMeters>
        </Trackpoint>
        <Trackpoint>
          <Time>2027-05-09T09:00:35Z</Time>
          <Position>
            <LatitudeDegrees>42.3774700</LatitudeDegrees>
            <LongitudeDegrees>-3.5136700</LongitudeDegrees>
          </Position>
          <AltitudeMeters>959.8</AltitudeMeters>
          <DistanceMeters>30147.9</DistanceMeters>
        </Trackpoint>
        <Trackpoint>
          <Time>2027-05-09T09:00:49Z</Time>
          <Position>
            <LatitudeDegrees>42.3776400</LatitudeDegrees>
            <LongitudeDegrees>-3.5143500</LongitudeDegrees>
          </Position>
          <AltitudeMeters>962.0</AltitudeMeters>
          <DistanceMeters>30206.8</DistanceMeters>
        </Trackpoint>
        <Trackpoint>
          <Time>2027-05-09T09:01:05Z</Time>
          <Position>
            <LatitudeDegrees>42.3778800</LatitudeDegrees>
            <LongitudeDegrees>-3.5150900</LongitudeDegrees>
          </Position>
          <AltitudeMeters>964.4</AltitudeMeters>
          <DistanceMeters>30273.2</DistanceMeters>
        </Trackpoint>
        <Trackpoint>
          <Time>2027-05-09T09:01:20Z</Time>
          <Position>
            <LatitudeDegrees>42.3779300</LatitudeDegrees>
            <LongitudeDegrees>-3.5158300</LongitudeDegrees>
          </Position>
          <AltitudeMeters>966.9</AltitudeMeters>
          <DistanceMeters>30334.3</DistanceMeters>
        </Trackpoint>
        <Trackpoint>
          <Time>2027-05-09T09:01:34Z</Time>
          <Position>
            <LatitudeDegrees>42.3779700</LatitudeDegrees>
            <LongitudeDegrees>-3.5165600</LongitudeDegrees>
          </Position>
          <AltitudeMeters>969.3</AltitudeMeters>
          <DistanceMeters>30394.4</DistanceMeters>
        </Trackpoint>
        <Trackpoint>
          <Time>2027-05-09T09:01:46Z</Time>
          <Position>
            <LatitudeDegrees>42.3781400</LatitudeDegrees>
            <LongitudeDegrees>-3.5171400</LongitudeDegrees>
          </Position>
          <AltitudeMeters>970.9</AltitudeMeters>
          <DistanceMeters>30445.7</DistanceMeters>
        </Trackpoint>
        <Trackpoint>
          <Time>2027-05-09T09:01:59Z</Time>
          <Position>
            <LatitudeDegrees>42.3783000</LatitudeDegrees>
            <LongitudeDegrees>-3.5177200</LongitudeDegrees>
          </Position>
          <AltitudeMeters>972.5</AltitudeMeters>
          <DistanceMeters>30496.5</DistanceMeters>
        </Trackpoint>
        <Trackpoint>
          <Time>2027-05-09T09:02:14Z</Time>
          <Position>
            <LatitudeDegrees>42.3785400</LatitudeDegrees>
            <LongitudeDegrees>-3.5184100</LongitudeDegrees>
          </Position>
          <AltitudeMeters>974.4</AltitudeMeters>
          <DistanceMeters>30559.2</DistanceMeters>
        </Trackpoint>
        <Trackpoint>
          <Time>2027-05-09T09:02:29Z</Time>
          <Position>
            <LatitudeDegrees>42.3787800</LatitudeDegrees>
            <LongitudeDegrees>-3.5191000</LongitudeDegrees>
          </Position>
          <AltitudeMeters>977.2</AltitudeMeters>
          <DistanceMeters>30621.8</DistanceMeters>
        </Trackpoint>
        <Trackpoint>
          <Time>2027-05-09T09:02:40Z</Time>
          <Position>
            <LatitudeDegrees>42.3788900</LatitudeDegrees>
            <LongitudeDegrees>-3.5196400</LongitudeDegrees>
          </Position>
          <AltitudeMeters>981.1</AltitudeMeters>
          <DistanceMeters>30667.8</DistanceMeters>
        </Trackpoint>
        <Trackpoint>
          <Time>2027-05-09T09:02:57Z</Time>
          <Position>
            <LatitudeDegrees>42.3789400</LatitudeDegrees>
            <LongitudeDegrees>-3.5205300</LongitudeDegrees>
          </Position>
          <AltitudeMeters>986.1</AltitudeMeters>
          <DistanceMeters>30741.1</DistanceMeters>
        </Trackpoint>
        <Trackpoint>
          <Time>2027-05-09T09:03:14Z</Time>
          <Position>
            <LatitudeDegrees>42.3791000</LatitudeDegrees>
            <LongitudeDegrees>-3.5213400</LongitudeDegrees>
          </Position>
          <AltitudeMeters>991.6</AltitudeMeters>
          <DistanceMeters>30810.0</DistanceMeters>
        </Trackpoint>
        <Trackpoint>
          <Time>2027-05-09T09:03:21Z</Time>
          <Position>
            <LatitudeDegrees>42.3791000</LatitudeDegrees>
            <LongitudeDegrees>-3.5217000</LongitudeDegrees>
          </Position>
          <AltitudeMeters>997.7</AltitudeMeters>
          <DistanceMeters>30839.6</DistanceMeters>
        </Trackpoint>
        <Trackpoint>
          <Time>2027-05-09T09:03:36Z</Time>
          <Position>
            <LatitudeDegrees>42.3790400</LatitudeDegrees>
            <LongitudeDegrees>-3.5224500</LongitudeDegrees>
          </Position>
          <AltitudeMeters>1003.1</AltitudeMeters>
          <DistanceMeters>30901.5</DistanceMeters>
        </Trackpoint>
        <Trackpoint>
          <Time>2027-05-09T09:03:51Z</Time>
          <Position>
            <LatitudeDegrees>42.3789800</LatitudeDegrees>
            <LongitudeDegrees>-3.5231900</LongitudeDegrees>
          </Position>
          <AltitudeMeters>1007.6</AltitudeMeters>
          <DistanceMeters>30962.7</DistanceMeters>
        </Trackpoint>
        <Trackpoint>
          <Time>2027-05-09T09:03:58Z</Time>
          <Position>
            <LatitudeDegrees>42.3787900</LatitudeDegrees>
            <LongitudeDegrees>-3.5234400</LongitudeDegrees>
          </Position>
          <AltitudeMeters>1011.9</AltitudeMeters>
          <DistanceMeters>30992.1</DistanceMeters>
        </Trackpoint>
        <Trackpoint>
          <Time>2027-05-09T09:04:05Z</Time>
          <Position>
            <LatitudeDegrees>42.3786800</LatitudeDegrees>
            <LongitudeDegrees>-3.5237600</LongitudeDegrees>
          </Position>
          <AltitudeMeters>1015.6</AltitudeMeters>
          <DistanceMeters>31021.1</DistanceMeters>
        </Trackpoint>
        <Trackpoint>
          <Time>2027-05-09T09:04:13Z</Time>
          <Position>
            <LatitudeDegrees>42.3788200</LatitudeDegrees>
            <LongitudeDegrees>-3.5241200</LongitudeDegrees>
          </Position>
          <AltitudeMeters>1018.8</AltitudeMeters>
          <DistanceMeters>31054.6</DistanceMeters>
        </Trackpoint>
        <Trackpoint>
          <Time>2027-05-09T09:04:25Z</Time>
          <Position>
            <LatitudeDegrees>42.3789100</LatitudeDegrees>
            <LongitudeDegrees>-3.5247200</LongitudeDegrees>
          </Position>
          <AltitudeMeters>1022.5</AltitudeMeters>
          <DistanceMeters>31104.8</DistanceMeters>
        </Trackpoint>
        <Trackpoint>
          <Time>2027-05-09T09:04:41Z</Time>
          <Position>
            <LatitudeDegrees>42.3791300</LatitudeDegrees>
            <LongitudeDegrees>-3.5255100</LongitudeDegrees>
          </Position>
          <AltitudeMeters>1026.6</AltitudeMeters>
          <DistanceMeters>31174.2</DistanceMeters>
        </Trackpoint>
        <Trackpoint>
          <Time>2027-05-09T09:04:58Z</Time>
          <Position>
            <LatitudeDegrees>42.3793400</LatitudeDegrees>
            <LongitudeDegrees>-3.5263000</LongitudeDegrees>
          </Position>
          <AltitudeMeters>1031.0</AltitudeMeters>
          <DistanceMeters>31243.2</DistanceMeters>
        </Trackpoint>
        <Trackpoint>
          <Time>2027-05-09T09:05:09Z</Time>
          <Position>
            <LatitudeDegrees>42.3793100</LatitudeDegrees>
            <LongitudeDegrees>-3.5268400</LongitudeDegrees>
          </Position>
          <AltitudeMeters>1035.3</AltitudeMeters>
          <DistanceMeters>31287.6</DistanceMeters>
        </Trackpoint>
        <Trackpoint>
          <Time>2027-05-09T09:05:17Z</Time>
          <Position>
            <LatitudeDegrees>42.3792100</LatitudeDegrees>
            <LongitudeDegrees>-3.5272500</LongitudeDegrees>
          </Position>
          <AltitudeMeters>1039.2</AltitudeMeters>
          <DistanceMeters>31323.1</DistanceMeters>
        </Trackpoint>
        <Trackpoint>
          <Time>2027-05-09T09:05:23Z</Time>
          <Position>
            <LatitudeDegrees>42.3792400</LatitudeDegrees>
            <LongitudeDegrees>-3.5275600</LongitudeDegrees>
          </Position>
          <AltitudeMeters>1042.6</AltitudeMeters>
          <DistanceMeters>31348.8</DistanceMeters>
        </Trackpoint>
        <Trackpoint>
          <Time>2027-05-09T09:05:36Z</Time>
          <Position>
            <LatitudeDegrees>42.3794900</LatitudeDegrees>
            <LongitudeDegrees>-3.5281100</LongitudeDegrees>
          </Position>
          <AltitudeMeters>1045.3</AltitudeMeters>
          <DistanceMeters>31401.8</DistanceMeters>
        </Trackpoint>
        <Trackpoint>
          <Time>2027-05-09T09:05:46Z</Time>
          <Position>
            <LatitudeDegrees>42.3795800</LatitudeDegrees>
            <LongitudeDegrees>-3.5285800</LongitudeDegrees>
          </Position>
          <AltitudeMeters>1048.0</AltitudeMeters>
          <DistanceMeters>31441.7</DistanceMeters>
        </Trackpoint>
        <Trackpoint>
          <Time>2027-05-09T09:06:06Z</Time>
          <Position>
            <LatitudeDegrees>42.3801100</LatitudeDegrees>
            <LongitudeDegrees>-3.5293100</LongitudeDegrees>
          </Position>
          <AltitudeMeters>1051.3</AltitudeMeters>
          <DistanceMeters>31525.8</DistanceMeters>
        </Trackpoint>
        <Trackpoint>
          <Time>2027-05-09T09:06:19Z</Time>
          <Position>
            <LatitudeDegrees>42.3802400</LatitudeDegrees>
            <LongitudeDegrees>-3.5299500</LongitudeDegrees>
          </Position>
          <AltitudeMeters>1055.8</AltitudeMeters>
          <DistanceMeters>31580.3</DistanceMeters>
        </Trackpoint>
        <Trackpoint>
          <Time>2027-05-09T09:06:35Z</Time>
          <Position>
            <LatitudeDegrees>42.3802800</LatitudeDegrees>
            <LongitudeDegrees>-3.5307700</LongitudeDegrees>
          </Position>
          <AltitudeMeters>1059.7</AltitudeMeters>
          <DistanceMeters>31647.8</DistanceMeters>
        </Trackpoint>
        <Trackpoint>
          <Time>2027-05-09T09:06:53Z</Time>
          <Position>
            <LatitudeDegrees>42.3800400</LatitudeDegrees>
            <LongitudeDegrees>-3.5316400</LongitudeDegrees>
          </Position>
          <AltitudeMeters>1063.7</AltitudeMeters>
          <DistanceMeters>31724.1</DistanceMeters>
        </Trackpoint>
        <Trackpoint>
          <Time>2027-05-09T09:07:08Z</Time>
          <Position>
            <LatitudeDegrees>42.3800000</LatitudeDegrees>
            <LongitudeDegrees>-3.5323800</LongitudeDegrees>
          </Position>
          <AltitudeMeters>1067.2</AltitudeMeters>
          <DistanceMeters>31785.0</DistanceMeters>
        </Trackpoint>
        <Trackpoint>
          <Time>2027-05-09T09:07:22Z</Time>
          <Position>
            <LatitudeDegrees>42.3798800</LatitudeDegrees>
            <LongitudeDegrees>-3.5330800</LongitudeDegrees>
          </Position>
          <AltitudeMeters>1070.1</AltitudeMeters>
          <DistanceMeters>31844.1</DistanceMeters>
        </Trackpoint>
        <Trackpoint>
          <Time>2027-05-09T09:07:36Z</Time>
          <Position>
            <LatitudeDegrees>42.3797600</LatitudeDegrees>
            <LongitudeDegrees>-3.5337700</LongitudeDegrees>
          </Position>
          <AltitudeMeters>1071.3</AltitudeMeters>
          <DistanceMeters>31902.3</DistanceMeters>
        </Trackpoint>
        <Trackpoint>
          <Time>2027-05-09T09:07:56Z</Time>
          <Position>
            <LatitudeDegrees>42.3794800</LatitudeDegrees>
            <LongitudeDegrees>-3.5347000</LongitudeDegrees>
          </Position>
          <AltitudeMeters>1071.6</AltitudeMeters>
          <DistanceMeters>31984.8</DistanceMeters>
        </Trackpoint>
        <Trackpoint>
          <Time>2027-05-09T09:08:15Z</Time>
          <Position>
            <LatitudeDegrees>42.3790900</LatitudeDegrees>
            <LongitudeDegrees>-3.5355000</LongitudeDegrees>
          </Position>
          <AltitudeMeters>1069.6</AltitudeMeters>
          <DistanceMeters>32063.5</DistanceMeters>
        </Trackpoint>
        <Trackpoint>
          <Time>2027-05-09T09:08:29Z</Time>
          <Position>
            <LatitudeDegrees>42.3787400</LatitudeDegrees>
            <LongitudeDegrees>-3.5360700</LongitudeDegrees>
          </Position>
          <AltitudeMeters>1065.7</AltitudeMeters>
          <DistanceMeters>32124.4</DistanceMeters>
        </Trackpoint>
        <Trackpoint>
          <Time>2027-05-09T09:08:50Z</Time>
          <Position>
            <LatitudeDegrees>42.3781400</LatitudeDegrees>
            <LongitudeDegrees>-3.5367000</LongitudeDegrees>
          </Position>
          <AltitudeMeters>1059.7</AltitudeMeters>
          <DistanceMeters>32208.8</DistanceMeters>
        </Trackpoint>
        <Trackpoint>
          <Time>2027-05-09T09:09:07Z</Time>
          <Position>
            <LatitudeDegrees>42.3778100</LatitudeDegrees>
            <LongitudeDegrees>-3.5374500</LongitudeDegrees>
          </Position>
          <AltitudeMeters>1052.0</AltitudeMeters>
          <DistanceMeters>32280.5</DistanceMeters>
        </Trackpoint>
        <Trackpoint>
          <Time>2027-05-09T09:09:24Z</Time>
          <Position>
            <LatitudeDegrees>42.3774800</LatitudeDegrees>
            <LongitudeDegrees>-3.5381900</LongitudeDegrees>
          </Position>
          <AltitudeMeters>1043.5</AltitudeMeters>
          <DistanceMeters>32351.5</DistanceMeters>
        </Trackpoint>
        <Trackpoint>
          <Time>2027-05-09T09:09:37Z</Time>
          <Position>
            <LatitudeDegrees>42.3773800</LatitudeDegrees>
            <LongitudeDegrees>-3.5388200</LongitudeDegrees>
          </Position>
          <AltitudeMeters>1035.8</AltitudeMeters>
          <DistanceMeters>32404.5</DistanceMeters>
        </Trackpoint>
        <Trackpoint>
          <Time>2027-05-09T09:09:49Z</Time>
          <Position>
            <LatitudeDegrees>42.3772900</LatitudeDegrees>
            <LongitudeDegrees>-3.5394600</LongitudeDegrees>
          </Position>
          <AltitudeMeters>1028.7</AltitudeMeters>
          <DistanceMeters>32458.0</DistanceMeters>
        </Trackpoint>
        <Trackpoint>
          <Time>2027-05-09T09:10:02Z</Time>
          <Position>
            <LatitudeDegrees>42.3771900</LatitudeDegrees>
            <LongitudeDegrees>-3.5400900</LongitudeDegrees>
          </Position>
          <AltitudeMeters>1022.9</AltitudeMeters>
          <DistanceMeters>32510.9</DistanceMeters>
        </Trackpoint>
        <Trackpoint>
          <Time>2027-05-09T09:10:19Z</Time>
          <Position>
            <LatitudeDegrees>42.3771900</LatitudeDegrees>
            <LongitudeDegrees>-3.5409600</LongitudeDegrees>
          </Position>
          <AltitudeMeters>1018.2</AltitudeMeters>
          <DistanceMeters>32582.4</DistanceMeters>
        </Trackpoint>
        <Trackpoint>
          <Time>2027-05-09T09:10:26Z</Time>
          <Position>
            <LatitudeDegrees>42.3772700</LatitudeDegrees>
            <LongitudeDegrees>-3.5412900</LongitudeDegrees>
          </Position>
          <AltitudeMeters>1014.1</AltitudeMeters>
          <DistanceMeters>32610.9</DistanceMeters>
        </Trackpoint>
        <Trackpoint>
          <Time>2027-05-09T09:10:40Z</Time>
          <Position>
            <LatitudeDegrees>42.3771500</LatitudeDegrees>
            <LongitudeDegrees>-3.5419900</LongitudeDegrees>
          </Position>
          <AltitudeMeters>1010.9</AltitudeMeters>
          <DistanceMeters>32669.9</DistanceMeters>
        </Trackpoint>
        <Trackpoint>
          <Time>2027-05-09T09:10:53Z</Time>
          <Position>
            <LatitudeDegrees>42.3771600</LatitudeDegrees>
            <LongitudeDegrees>-3.5426300</LongitudeDegrees>
          </Position>
          <AltitudeMeters>1008.6</AltitudeMeters>
          <DistanceMeters>32722.5</DistanceMeters>
        </Trackpoint>
        <Trackpoint>
          <Time>2027-05-09T09:11:05Z</Time>
          <Position>
            <LatitudeDegrees>42.3771700</LatitudeDegrees>
            <LongitudeDegrees>-3.5432600</LongitudeDegrees>
          </Position>
          <AltitudeMeters>1006.9</AltitudeMeters>
          <DistanceMeters>32774.3</DistanceMeters>
        </Trackpoint>
        <Trackpoint>
          <Time>2027-05-09T09:11:18Z</Time>
          <Position>
            <LatitudeDegrees>42.3771900</LatitudeDegrees>
            <LongitudeDegrees>-3.5439000</LongitudeDegrees>
          </Position>
          <AltitudeMeters>1005.9</AltitudeMeters>
          <DistanceMeters>32826.9</DistanceMeters>
        </Trackpoint>
        <Trackpoint>
          <Time>2027-05-09T09:11:30Z</Time>
          <Position>
            <LatitudeDegrees>42.3772000</LatitudeDegrees>
            <LongitudeDegrees>-3.5445300</LongitudeDegrees>
          </Position>
          <AltitudeMeters>1004.8</AltitudeMeters>
          <DistanceMeters>32878.7</DistanceMeters>
        </Trackpoint>
        <Trackpoint>
          <Time>2027-05-09T09:11:43Z</Time>
          <Position>
            <LatitudeDegrees>42.3772100</LatitudeDegrees>
            <LongitudeDegrees>-3.5451700</LongitudeDegrees>
          </Position>
          <AltitudeMeters>1003.9</AltitudeMeters>
          <DistanceMeters>32931.2</DistanceMeters>
        </Trackpoint>
        <Trackpoint>
          <Time>2027-05-09T09:11:55Z</Time>
          <Position>
            <LatitudeDegrees>42.3770700</LatitudeDegrees>
            <LongitudeDegrees>-3.5457700</LongitudeDegrees>
          </Position>
          <AltitudeMeters>1002.9</AltitudeMeters>
          <DistanceMeters>32982.9</DistanceMeters>
        </Trackpoint>
        <Trackpoint>
          <Time>2027-05-09T09:12:08Z</Time>
          <Position>
            <LatitudeDegrees>42.3769200</LatitudeDegrees>
            <LongitudeDegrees>-3.5463700</LongitudeDegrees>
          </Position>
          <AltitudeMeters>1001.3</AltitudeMeters>
          <DistanceMeters>33035.0</DistanceMeters>
        </Trackpoint>
        <Trackpoint>
          <Time>2027-05-09T09:12:20Z</Time>
          <Position>
            <LatitudeDegrees>42.3767800</LatitudeDegrees>
            <LongitudeDegrees>-3.5469700</LongitudeDegrees>
          </Position>
          <AltitudeMeters>999.9</AltitudeMeters>
          <DistanceMeters>33086.6</DistanceMeters>
        </Trackpoint>
        <Trackpoint>
          <Time>2027-05-09T09:12:33Z</Time>
          <Position>
            <LatitudeDegrees>42.3766300</LatitudeDegrees>
            <LongitudeDegrees>-3.5475700</LongitudeDegrees>
          </Position>
          <AltitudeMeters>998.9</AltitudeMeters>
          <DistanceMeters>33138.7</DistanceMeters>
        </Trackpoint>
        <Trackpoint>
          <Time>2027-05-09T09:12:45Z</Time>
          <Position>
            <LatitudeDegrees>42.3764900</LatitudeDegrees>
            <LongitudeDegrees>-3.5481700</LongitudeDegrees>
          </Position>
          <AltitudeMeters>998.4</AltitudeMeters>
          <DistanceMeters>33190.4</DistanceMeters>
        </Trackpoint>
        <Trackpoint>
          <Time>2027-05-09T09:12:59Z</Time>
          <Position>
            <LatitudeDegrees>42.3762900</LatitudeDegrees>
            <LongitudeDegrees>-3.5488300</LongitudeDegrees>
          </Position>
          <AltitudeMeters>997.9</AltitudeMeters>
          <DistanceMeters>33249.0</DistanceMeters>
        </Trackpoint>
        <Trackpoint>
          <Time>2027-05-09T09:13:13Z</Time>
          <Position>
            <LatitudeDegrees>42.3760900</LatitudeDegrees>
            <LongitudeDegrees>-3.5494900</LongitudeDegrees>
          </Position>
          <AltitudeMeters>997.1</AltitudeMeters>
          <DistanceMeters>33307.6</DistanceMeters>
        </Trackpoint>
        <Trackpoint>
          <Time>2027-05-09T09:13:27Z</Time>
          <Position>
            <LatitudeDegrees>42.3758900</LatitudeDegrees>
            <LongitudeDegrees>-3.5501400</LongitudeDegrees>
          </Position>
          <AltitudeMeters>995.7</AltitudeMeters>
          <DistanceMeters>33365.4</DistanceMeters>
        </Trackpoint>
        <Trackpoint>
          <Time>2027-05-09T09:13:41Z</Time>
          <Position>
            <LatitudeDegrees>42.3756900</LatitudeDegrees>
            <LongitudeDegrees>-3.5508000</LongitudeDegrees>
          </Position>
          <AltitudeMeters>994.1</AltitudeMeters>
          <DistanceMeters>33424.0</DistanceMeters>
        </Trackpoint>
        <Trackpoint>
          <Time>2027-05-09T09:13:57Z</Time>
          <Position>
            <LatitudeDegrees>42.3752900</LatitudeDegrees>
            <LongitudeDegrees>-3.5513600</LongitudeDegrees>
          </Position>
          <AltitudeMeters>992.4</AltitudeMeters>
          <DistanceMeters>33488.0</DistanceMeters>
        </Trackpoint>
        <Trackpoint>
          <Time>2027-05-09T09:14:12Z</Time>
          <Position>
            <LatitudeDegrees>42.3748800</LatitudeDegrees>
            <LongitudeDegrees>-3.5519100</LongitudeDegrees>
          </Position>
          <AltitudeMeters>990.4</AltitudeMeters>
          <DistanceMeters>33552.2</DistanceMeters>
        </Trackpoint>
        <Trackpoint>
          <Time>2027-05-09T09:14:26Z</Time>
          <Position>
            <LatitudeDegrees>42.3746000</LatitudeDegrees>
            <LongitudeDegrees>-3.5524800</LongitudeDegrees>
          </Position>
          <AltitudeMeters>988.9</AltitudeMeters>
          <DistanceMeters>33608.4</DistanceMeters>
        </Trackpoint>
        <Trackpoint>
          <Time>2027-05-09T09:14:39Z</Time>
          <Position>
            <LatitudeDegrees>42.3743200</LatitudeDegrees>
            <LongitudeDegrees>-3.5530400</LongitudeDegrees>
          </Position>
          <AltitudeMeters>988.0</AltitudeMeters>
          <DistanceMeters>33663.9</DistanceMeters>
        </Trackpoint>
        <Trackpoint>
          <Time>2027-05-09T09:14:42Z</Time>
          <Position>
            <LatitudeDegrees>42.3742600</LatitudeDegrees>
            <LongitudeDegrees>-3.5531700</LongitudeDegrees>
          </Position>
          <AltitudeMeters>987.3</AltitudeMeters>
          <DistanceMeters>33676.5</DistanceMeters>
        </Trackpoint>
        <Trackpoint>
          <Time>2027-05-09T09:14:42Z</Time>
          <Position>
            <LatitudeDegrees>42.3742400</LatitudeDegrees>
            <LongitudeDegrees>-3.5531600</LongitudeDegrees>
          </Position>
          <AltitudeMeters>986.7</AltitudeMeters>
          <DistanceMeters>33678.9</DistanceMeters>
        </Trackpoint>
        <Trackpoint>
          <Time>2027-05-09T09:14:47Z</Time>
          <Position>
            <LatitudeDegrees>42.3741600</LatitudeDegrees>
            <LongitudeDegrees>-3.5533400</LongitudeDegrees>
          </Position>
          <AltitudeMeters>986.3</AltitudeMeters>
          <DistanceMeters>33696.2</DistanceMeters>
        </Trackpoint>
        <Trackpoint>
          <Time>2027-05-09T09:14:52Z</Time>
          <Position>
            <LatitudeDegrees>42.3740500</LatitudeDegrees>
            <LongitudeDegrees>-3.5536000</LongitudeDegrees>
          </Position>
          <AltitudeMeters>985.8</AltitudeMeters>
          <DistanceMeters>33720.8</DistanceMeters>
        </Trackpoint>
        <Trackpoint>
          <Time>2027-05-09T09:14:56Z</Time>
          <Position>
            <LatitudeDegrees>42.3739900</LatitudeDegrees>
            <LongitudeDegrees>-3.5537600</LongitudeDegrees>
          </Position>
          <AltitudeMeters>985.3</AltitudeMeters>
          <DistanceMeters>33735.5</DistanceMeters>
        </Trackpoint>
        <Trackpoint>
          <Time>2027-05-09T09:15:01Z</Time>
          <Position>
            <LatitudeDegrees>42.3739100</LatitudeDegrees>
            <LongitudeDegrees>-3.5539900</LongitudeDegrees>
          </Position>
          <AltitudeMeters>984.8</AltitudeMeters>
          <DistanceMeters>33756.4</DistanceMeters>
        </Trackpoint>
        <Trackpoint>
          <Time>2027-05-09T09:15:03Z</Time>
          <Position>
            <LatitudeDegrees>42.3738800</LatitudeDegrees>
            <LongitudeDegrees>-3.5541000</LongitudeDegrees>
          </Position>
          <AltitudeMeters>984.4</AltitudeMeters>
          <DistanceMeters>33766.0</DistanceMeters>
        </Trackpoint>
        <Trackpoint>
          <Time>2027-05-09T09:15:04Z</Time>
          <Position>
            <LatitudeDegrees>42.3738500</LatitudeDegrees>
            <LongitudeDegrees>-3.5541400</LongitudeDegrees>
          </Position>
          <AltitudeMeters>984.0</AltitudeMeters>
          <DistanceMeters>33770.7</DistanceMeters>
        </Trackpoint>
        <Trackpoint>
          <Time>2027-05-09T09:15:06Z</Time>
          <Position>
            <LatitudeDegrees>42.3738100</LatitudeDegrees>
            <LongitudeDegrees>-3.5541600</LongitudeDegrees>
          </Position>
          <AltitudeMeters>983.6</AltitudeMeters>
          <DistanceMeters>33775.5</DistanceMeters>
        </Trackpoint>
        <Trackpoint>
          <Time>2027-05-09T09:15:07Z</Time>
          <Position>
            <LatitudeDegrees>42.3737600</LatitudeDegrees>
            <LongitudeDegrees>-3.5541400</LongitudeDegrees>
          </Position>
          <AltitudeMeters>982.6</AltitudeMeters>
          <DistanceMeters>33781.2</DistanceMeters>
        </Trackpoint>
        <Trackpoint>
          <Time>2027-05-09T09:15:11Z</Time>
          <Position>
            <LatitudeDegrees>42.3736100</LatitudeDegrees>
            <LongitudeDegrees>-3.5540900</LongitudeDegrees>
          </Position>
          <AltitudeMeters>981.4</AltitudeMeters>
          <DistanceMeters>33798.4</DistanceMeters>
        </Trackpoint>
        <Trackpoint>
          <Time>2027-05-09T09:15:22Z</Time>
          <Position>
            <LatitudeDegrees>42.3732300</LatitudeDegrees>
            <LongitudeDegrees>-3.5539500</LongitudeDegrees>
          </Position>
          <AltitudeMeters>980.2</AltitudeMeters>
          <DistanceMeters>33842.2</DistanceMeters>
        </Trackpoint>
        <Trackpoint>
          <Time>2027-05-09T09:15:23Z</Time>
          <Position>
            <LatitudeDegrees>42.3731700</LatitudeDegrees>
            <LongitudeDegrees>-3.5539400</LongitudeDegrees>
          </Position>
          <AltitudeMeters>978.7</AltitudeMeters>
          <DistanceMeters>33848.9</DistanceMeters>
        </Trackpoint>
        <Trackpoint>
          <Time>2027-05-09T09:15:25Z</Time>
          <Position>
            <LatitudeDegrees>42.3731200</LatitudeDegrees>
            <LongitudeDegrees>-3.5539300</LongitudeDegrees>
          </Position>
          <AltitudeMeters>976.6</AltitudeMeters>
          <DistanceMeters>33854.6</DistanceMeters>
        </Trackpoint>
        <Trackpoint>
          <Time>2027-05-09T09:15:29Z</Time>
          <Position>
            <LatitudeDegrees>42.3729700</LatitudeDegrees>
            <LongitudeDegrees>-3.5539200</LongitudeDegrees>
          </Position>
          <AltitudeMeters>974.7</AltitudeMeters>
          <DistanceMeters>33871.3</DistanceMeters>
        </Trackpoint>
        <Trackpoint>
          <Time>2027-05-09T09:15:38Z</Time>
          <Position>
            <LatitudeDegrees>42.3726300</LatitudeDegrees>
            <LongitudeDegrees>-3.5538900</LongitudeDegrees>
          </Position>
          <AltitudeMeters>972.7</AltitudeMeters>
          <DistanceMeters>33909.1</DistanceMeters>
        </Trackpoint>
        <Trackpoint>
          <Time>2027-05-09T09:15:46Z</Time>
          <Position>
            <LatitudeDegrees>42.3723100</LatitudeDegrees>
            <LongitudeDegrees>-3.5538500</LongitudeDegrees>
          </Position>
          <AltitudeMeters>970.8</AltitudeMeters>
          <DistanceMeters>33944.9</DistanceMeters>
        </Trackpoint>
        <Trackpoint>
          <Time>2027-05-09T09:15:52Z</Time>
          <Position>
            <LatitudeDegrees>42.3721000</LatitudeDegrees>
            <LongitudeDegrees>-3.5538400</LongitudeDegrees>
          </Position>
          <AltitudeMeters>969.1</AltitudeMeters>
          <DistanceMeters>33968.2</DistanceMeters>
        </Trackpoint>
        <Trackpoint>
          <Time>2027-05-09T09:15:55Z</Time>
          <Position>
            <LatitudeDegrees>42.3719700</LatitudeDegrees>
            <LongitudeDegrees>-3.5538400</LongitudeDegrees>
          </Position>
          <AltitudeMeters>968.2</AltitudeMeters>
          <DistanceMeters>33982.7</DistanceMeters>
        </Trackpoint>
        <Trackpoint>
          <Time>2027-05-09T09:15:59Z</Time>
          <Position>
            <LatitudeDegrees>42.3718300</LatitudeDegrees>
            <LongitudeDegrees>-3.5538700</LongitudeDegrees>
          </Position>
          <AltitudeMeters>967.8</AltitudeMeters>
          <DistanceMeters>33998.5</DistanceMeters>
        </Trackpoint>
        <Trackpoint>
          <Time>2027-05-09T09:16:03Z</Time>
          <Position>
            <LatitudeDegrees>42.3716900</LatitudeDegrees>
            <LongitudeDegrees>-3.5539200</LongitudeDegrees>
          </Position>
          <AltitudeMeters>967.6</AltitudeMeters>
          <DistanceMeters>34014.6</DistanceMeters>
        </Trackpoint>
        <Trackpoint>
          <Time>2027-05-09T09:16:06Z</Time>
          <Position>
            <LatitudeDegrees>42.3715700</LatitudeDegrees>
            <LongitudeDegrees>-3.5539800</LongitudeDegrees>
          </Position>
          <AltitudeMeters>967.4</AltitudeMeters>
          <DistanceMeters>34028.8</DistanceMeters>
        </Trackpoint>
        <Trackpoint>
          <Time>2027-05-09T09:16:10Z</Time>
          <Position>
            <LatitudeDegrees>42.3714500</LatitudeDegrees>
            <LongitudeDegrees>-3.5540300</LongitudeDegrees>
          </Position>
          <AltitudeMeters>967.1</AltitudeMeters>
          <DistanceMeters>34042.7</DistanceMeters>
        </Trackpoint>
        <Trackpoint>
          <Time>2027-05-09T09:16:12Z</Time>
          <Position>
            <LatitudeDegrees>42.3713600</LatitudeDegrees>
            <LongitudeDegrees>-3.5540900</LongitudeDegrees>
          </Position>
          <AltitudeMeters>966.5</AltitudeMeters>
          <DistanceMeters>34053.9</DistanceMeters>
        </Trackpoint>
        <Trackpoint>
          <Time>2027-05-09T09:16:20Z</Time>
          <Position>
            <LatitudeDegrees>42.3711200</LatitudeDegrees>
            <LongitudeDegrees>-3.5542700</LongitudeDegrees>
          </Position>
          <AltitudeMeters>965.6</AltitudeMeters>
          <DistanceMeters>34084.4</DistanceMeters>
        </Trackpoint>
        <Trackpoint>
          <Time>2027-05-09T09:16:26Z</Time>
          <Position>
            <LatitudeDegrees>42.3709000</LatitudeDegrees>
            <LongitudeDegrees>-3.5544200</LongitudeDegrees>
          </Position>
          <AltitudeMeters>964.5</AltitudeMeters>
          <DistanceMeters>34111.8</DistanceMeters>
        </Trackpoint>
        <Trackpoint>
          <Time>2027-05-09T09:16:28Z</Time>
          <Position>
            <LatitudeDegrees>42.3708300</LatitudeDegrees>
            <LongitudeDegrees>-3.5544700</LongitudeDegrees>
          </Position>
          <AltitudeMeters>963.1</AltitudeMeters>
          <DistanceMeters>34120.6</DistanceMeters>
        </Trackpoint>
        <Trackpoint>
          <Time>2027-05-09T09:16:31Z</Time>
          <Position>
            <LatitudeDegrees>42.3707400</LatitudeDegrees>
            <LongitudeDegrees>-3.5545200</LongitudeDegrees>
          </Position>
          <AltitudeMeters>961.6</AltitudeMeters>
          <DistanceMeters>34131.4</DistanceMeters>
        </Trackpoint>
        <Trackpoint>
          <Time>2027-05-09T09:16:33Z</Time>
          <Position>
            <LatitudeDegrees>42.3706600</LatitudeDegrees>
            <LongitudeDegrees>-3.5545600</LongitudeDegrees>
          </Position>
          <AltitudeMeters>960.4</AltitudeMeters>
          <DistanceMeters>34140.9</DistanceMeters>
        </Trackpoint>
        <Trackpoint>
          <Time>2027-05-09T09:16:35Z</Time>
          <Position>
            <LatitudeDegrees>42.3706100</LatitudeDegrees>
            <LongitudeDegrees>-3.5545800</LongitudeDegrees>
          </Position>
          <AltitudeMeters>959.2</AltitudeMeters>
          <DistanceMeters>34146.7</DistanceMeters>
        </Trackpoint>
        <Trackpoint>
          <Time>2027-05-09T09:16:36Z</Time>
          <Position>
            <LatitudeDegrees>42.3705600</LatitudeDegrees>
            <LongitudeDegrees>-3.5546000</LongitudeDegrees>
          </Position>
          <AltitudeMeters>958.0</AltitudeMeters>
          <DistanceMeters>34152.5</DistanceMeters>
        </Trackpoint>
        <Trackpoint>
          <Time>2027-05-09T09:16:38Z</Time>
          <Position>
            <LatitudeDegrees>42.3704900</LatitudeDegrees>
            <LongitudeDegrees>-3.5546100</LongitudeDegrees>
          </Position>
          <AltitudeMeters>956.8</AltitudeMeters>
          <DistanceMeters>34160.3</DistanceMeters>
        </Trackpoint>
        <Trackpoint>
          <Time>2027-05-09T09:16:40Z</Time>
          <Position>
            <LatitudeDegrees>42.3704100</LatitudeDegrees>
            <LongitudeDegrees>-3.5546100</LongitudeDegrees>
          </Position>
          <AltitudeMeters>955.6</AltitudeMeters>
          <DistanceMeters>34169.2</DistanceMeters>
        </Trackpoint>
        <Trackpoint>
          <Time>2027-05-09T09:16:43Z</Time>
          <Position>
            <LatitudeDegrees>42.3703200</LatitudeDegrees>
            <LongitudeDegrees>-3.5546000</LongitudeDegrees>
          </Position>
          <AltitudeMeters>954.5</AltitudeMeters>
          <DistanceMeters>34179.3</DistanceMeters>
        </Trackpoint>
        <Trackpoint>
          <Time>2027-05-09T09:16:44Z</Time>
          <Position>
            <LatitudeDegrees>42.3702500</LatitudeDegrees>
            <LongitudeDegrees>-3.5545900</LongitudeDegrees>
          </Position>
          <AltitudeMeters>953.3</AltitudeMeters>
          <DistanceMeters>34187.1</DistanceMeters>
        </Trackpoint>
        <Trackpoint>
          <Time>2027-05-09T09:16:46Z</Time>
          <Position>
            <LatitudeDegrees>42.3701900</LatitudeDegrees>
            <LongitudeDegrees>-3.5545800</LongitudeDegrees>
          </Position>
          <AltitudeMeters>952.2</AltitudeMeters>
          <DistanceMeters>34193.8</DistanceMeters>
        </Trackpoint>
        <Trackpoint>
          <Time>2027-05-09T09:16:48Z</Time>
          <Position>
            <LatitudeDegrees>42.3701200</LatitudeDegrees>
            <LongitudeDegrees>-3.5545500</LongitudeDegrees>
          </Position>
          <AltitudeMeters>950.2</AltitudeMeters>
          <DistanceMeters>34202.0</DistanceMeters>
        </Trackpoint>
        <Trackpoint>
          <Time>2027-05-09T09:16:51Z</Time>
          <Position>
            <LatitudeDegrees>42.3700000</LatitudeDegrees>
            <LongitudeDegrees>-3.5544800</LongitudeDegrees>
          </Position>
          <AltitudeMeters>948.5</AltitudeMeters>
          <DistanceMeters>34216.5</DistanceMeters>
        </Trackpoint>
        <Trackpoint>
          <Time>2027-05-09T09:17:03Z</Time>
          <Position>
            <LatitudeDegrees>42.3696100</LatitudeDegrees>
            <LongitudeDegrees>-3.5542600</LongitudeDegrees>
          </Position>
          <AltitudeMeters>946.9</AltitudeMeters>
          <DistanceMeters>34263.5</DistanceMeters>
        </Trackpoint>
        <Trackpoint>
          <Time>2027-05-09T09:17:04Z</Time>
          <Position>
            <LatitudeDegrees>42.3695700</LatitudeDegrees>
            <LongitudeDegrees>-3.5542300</LongitudeDegrees>
          </Position>
          <AltitudeMeters>945.4</AltitudeMeters>
          <DistanceMeters>34268.6</DistanceMeters>
        </Trackpoint>
        <Trackpoint>
          <Time>2027-05-09T09:17:05Z</Time>
          <Position>
            <LatitudeDegrees>42.3695400</LatitudeDegrees>
            <LongitudeDegrees>-3.5542200</LongitudeDegrees>
          </Position>
          <AltitudeMeters>944.2</AltitudeMeters>
          <DistanceMeters>34272.0</DistanceMeters>
        </Trackpoint>
        <Trackpoint>
          <Time>2027-05-09T09:17:07Z</Time>
          <Position>
            <LatitudeDegrees>42.3694600</LatitudeDegrees>
            <LongitudeDegrees>-3.5542100</LongitudeDegrees>
          </Position>
          <AltitudeMeters>943.9</AltitudeMeters>
          <DistanceMeters>34280.9</DistanceMeters>
        </Trackpoint>
        <Trackpoint>
          <Time>2027-05-09T09:17:08Z</Time>
          <Position>
            <LatitudeDegrees>42.3694300</LatitudeDegrees>
            <LongitudeDegrees>-3.5542100</LongitudeDegrees>
          </Position>
          <AltitudeMeters>943.6</AltitudeMeters>
          <DistanceMeters>34284.3</DistanceMeters>
        </Trackpoint>
        <Trackpoint>
          <Time>2027-05-09T09:17:09Z</Time>
          <Position>
            <LatitudeDegrees>42.3694000</LatitudeDegrees>
            <LongitudeDegrees>-3.5542300</LongitudeDegrees>
          </Position>
          <AltitudeMeters>943.3</AltitudeMeters>
          <DistanceMeters>34288.0</DistanceMeters>
        </Trackpoint>
        <Trackpoint>
          <Time>2027-05-09T09:17:10Z</Time>
          <Position>
            <LatitudeDegrees>42.3693700</LatitudeDegrees>
            <LongitudeDegrees>-3.5542500</LongitudeDegrees>
          </Position>
          <AltitudeMeters>943.1</AltitudeMeters>
          <DistanceMeters>34291.7</DistanceMeters>
        </Trackpoint>
        <Trackpoint>
          <Time>2027-05-09T09:17:11Z</Time>
          <Position>
            <LatitudeDegrees>42.3693400</LatitudeDegrees>
            <LongitudeDegrees>-3.5542800</LongitudeDegrees>
          </Position>
          <AltitudeMeters>942.9</AltitudeMeters>
          <DistanceMeters>34295.9</DistanceMeters>
        </Trackpoint>
        <Trackpoint>
          <Time>2027-05-09T09:17:12Z</Time>
          <Position>
            <LatitudeDegrees>42.3693100</LatitudeDegrees>
            <LongitudeDegrees>-3.5543200</LongitudeDegrees>
          </Position>
          <AltitudeMeters>942.7</AltitudeMeters>
          <DistanceMeters>34300.5</DistanceMeters>
        </Trackpoint>
        <Trackpoint>
          <Time>2027-05-09T09:17:13Z</Time>
          <Position>
            <LatitudeDegrees>42.3692900</LatitudeDegrees>
            <LongitudeDegrees>-3.5543600</LongitudeDegrees>
          </Position>
          <AltitudeMeters>942.4</AltitudeMeters>
          <DistanceMeters>34304.5</DistanceMeters>
        </Trackpoint>
        <Trackpoint>
          <Time>2027-05-09T09:17:16Z</Time>
          <Position>
            <LatitudeDegrees>42.3692100</LatitudeDegrees>
            <LongitudeDegrees>-3.5545100</LongitudeDegrees>
          </Position>
          <AltitudeMeters>942.3</AltitudeMeters>
          <DistanceMeters>34319.7</DistanceMeters>
        </Trackpoint>
        <Trackpoint>
          <Time>2027-05-09T09:17:21Z</Time>
          <Position>
            <LatitudeDegrees>42.3691300</LatitudeDegrees>
            <LongitudeDegrees>-3.5547100</LongitudeDegrees>
          </Position>
          <AltitudeMeters>942.3</AltitudeMeters>
          <DistanceMeters>34338.4</DistanceMeters>
        </Trackpoint>
        <Trackpoint>
          <Time>2027-05-09T09:17:30Z</Time>
          <Position>
            <LatitudeDegrees>42.3689400</LatitudeDegrees>
            <LongitudeDegrees>-3.5551000</LongitudeDegrees>
          </Position>
          <AltitudeMeters>942.3</AltitudeMeters>
          <DistanceMeters>34376.8</DistanceMeters>
        </Trackpoint>
        <Trackpoint>
          <Time>2027-05-09T09:17:34Z</Time>
          <Position>
            <LatitudeDegrees>42.3688700</LatitudeDegrees>
            <LongitudeDegrees>-3.5552700</LongitudeDegrees>
          </Position>
          <AltitudeMeters>942.5</AltitudeMeters>
          <DistanceMeters>34392.8</DistanceMeters>
        </Trackpoint>
        <Trackpoint>
          <Time>2027-05-09T09:17:35Z</Time>
          <Position>
            <LatitudeDegrees>42.3688500</LatitudeDegrees>
            <LongitudeDegrees>-3.5553300</LongitudeDegrees>
          </Position>
          <AltitudeMeters>942.6</AltitudeMeters>
          <DistanceMeters>34398.2</DistanceMeters>
        </Trackpoint>
        <Trackpoint>
          <Time>2027-05-09T09:17:36Z</Time>
          <Position>
            <LatitudeDegrees>42.3688300</LatitudeDegrees>
            <LongitudeDegrees>-3.5553900</LongitudeDegrees>
          </Position>
          <AltitudeMeters>942.9</AltitudeMeters>
          <DistanceMeters>34403.6</DistanceMeters>
        </Trackpoint>
        <Trackpoint>
          <Time>2027-05-09T09:17:42Z</Time>
          <Position>
            <LatitudeDegrees>42.3687200</LatitudeDegrees>
            <LongitudeDegrees>-3.5556200</LongitudeDegrees>
          </Position>
          <AltitudeMeters>943.1</AltitudeMeters>
          <DistanceMeters>34426.1</DistanceMeters>
        </Trackpoint>
        <Trackpoint>
          <Time>2027-05-09T09:17:52Z</Time>
          <Position>
            <LatitudeDegrees>42.3685000</LatitudeDegrees>
            <LongitudeDegrees>-3.5560500</LongitudeDegrees>
          </Position>
          <AltitudeMeters>943.4</AltitudeMeters>
          <DistanceMeters>34469.1</DistanceMeters>
        </Trackpoint>
        <Trackpoint>
          <Time>2027-05-09T09:17:57Z</Time>
          <Position>
            <LatitudeDegrees>42.3683800</LatitudeDegrees>
            <LongitudeDegrees>-3.5562700</LongitudeDegrees>
          </Position>
          <AltitudeMeters>943.7</AltitudeMeters>
          <DistanceMeters>34491.5</DistanceMeters>
        </Trackpoint>
        <Trackpoint>
          <Time>2027-05-09T09:18:00Z</Time>
          <Position>
            <LatitudeDegrees>42.3683200</LatitudeDegrees>
            <LongitudeDegrees>-3.5563600</LongitudeDegrees>
          </Position>
          <AltitudeMeters>944.0</AltitudeMeters>
          <DistanceMeters>34501.5</DistanceMeters>
        </Trackpoint>
        <Trackpoint>
          <Time>2027-05-09T09:18:03Z</Time>
          <Position>
            <LatitudeDegrees>42.3682600</LatitudeDegrees>
            <LongitudeDegrees>-3.5564700</LongitudeDegrees>
          </Position>
          <AltitudeMeters>944.4</AltitudeMeters>
          <DistanceMeters>34512.7</DistanceMeters>
        </Trackpoint>
        <Trackpoint>
          <Time>2027-05-09T09:18:07Z</Time>
          <Position>
            <LatitudeDegrees>42.3681300</LatitudeDegrees>
            <LongitudeDegrees>-3.5566400</LongitudeDegrees>
          </Position>
          <AltitudeMeters>944.8</AltitudeMeters>
          <DistanceMeters>34532.8</DistanceMeters>
        </Trackpoint>
        <Trackpoint>
          <Time>2027-05-09T09:18:13Z</Time>
          <Position>
            <LatitudeDegrees>42.3679700</LatitudeDegrees>
            <LongitudeDegrees>-3.5568400</LongitudeDegrees>
          </Position>
          <AltitudeMeters>945.4</AltitudeMeters>
          <DistanceMeters>34557.0</DistanceMeters>
        </Trackpoint>
        <Trackpoint>
          <Time>2027-05-09T09:18:20Z</Time>
          <Position>
            <LatitudeDegrees>42.3677900</LatitudeDegrees>
            <LongitudeDegrees>-3.5570700</LongitudeDegrees>
          </Position>
          <AltitudeMeters>945.8</AltitudeMeters>
          <DistanceMeters>34584.6</DistanceMeters>
        </Trackpoint>
        <Trackpoint>
          <Time>2027-05-09T09:18:23Z</Time>
          <Position>
            <LatitudeDegrees>42.3676900</LatitudeDegrees>
            <LongitudeDegrees>-3.5571900</LongitudeDegrees>
          </Position>
          <AltitudeMeters>946.2</AltitudeMeters>
          <DistanceMeters>34599.4</DistanceMeters>
        </Trackpoint>
        <Trackpoint>
          <Time>2027-05-09T09:18:25Z</Time>
          <Position>
            <LatitudeDegrees>42.3676400</LatitudeDegrees>
            <LongitudeDegrees>-3.5572300</LongitudeDegrees>
          </Position>
          <AltitudeMeters>946.5</AltitudeMeters>
          <DistanceMeters>34605.9</DistanceMeters>
        </Trackpoint>
        <Trackpoint>
          <Time>2027-05-09T09:18:25Z</Time>
          <Position>
            <LatitudeDegrees>42.3676300</LatitudeDegrees>
            <LongitudeDegrees>-3.5572400</LongitudeDegrees>
          </Position>
          <AltitudeMeters>946.5</AltitudeMeters>
          <DistanceMeters>34607.3</DistanceMeters>
        </Trackpoint>
        <Trackpoint>
          <Time>2027-05-09T09:18:26Z</Time>
          <Position>
            <LatitudeDegrees>42.3676000</LatitudeDegrees>
            <LongitudeDegrees>-3.5572600</LongitudeDegrees>
          </Position>
          <AltitudeMeters>946.3</AltitudeMeters>
          <DistanceMeters>34611.0</DistanceMeters>
        </Trackpoint>
        <Trackpoint>
          <Time>2027-05-09T09:18:28Z</Time>
          <Position>
            <LatitudeDegrees>42.3675500</LatitudeDegrees>
            <LongitudeDegrees>-3.5572900</LongitudeDegrees>
          </Position>
          <AltitudeMeters>945.8</AltitudeMeters>
          <DistanceMeters>34617.1</DistanceMeters>
        </Trackpoint>
        <Trackpoint>
          <Time>2027-05-09T09:18:30Z</Time>
          <Position>
            <LatitudeDegrees>42.3674500</LatitudeDegrees>
            <LongitudeDegrees>-3.5573400</LongitudeDegrees>
          </Position>
          <AltitudeMeters>945.0</AltitudeMeters>
          <DistanceMeters>34628.9</DistanceMeters>
        </Trackpoint>
        <Trackpoint>
          <Time>2027-05-09T09:18:34Z</Time>
          <Position>
            <LatitudeDegrees>42.3673200</LatitudeDegrees>
            <LongitudeDegrees>-3.5573900</LongitudeDegrees>
          </Position>
          <AltitudeMeters>944.0</AltitudeMeters>
          <DistanceMeters>34643.9</DistanceMeters>
        </Trackpoint>
        <Trackpoint>
          <Time>2027-05-09T09:18:39Z</Time>
          <Position>
            <LatitudeDegrees>42.3671300</LatitudeDegrees>
            <LongitudeDegrees>-3.5574500</LongitudeDegrees>
          </Position>
          <AltitudeMeters>943.0</AltitudeMeters>
          <DistanceMeters>34665.6</DistanceMeters>
        </Trackpoint>
        <Trackpoint>
          <Time>2027-05-09T09:18:42Z</Time>
          <Position>
            <LatitudeDegrees>42.3670100</LatitudeDegrees>
            <LongitudeDegrees>-3.5574700</LongitudeDegrees>
          </Position>
          <AltitudeMeters>942.0</AltitudeMeters>
          <DistanceMeters>34679.1</DistanceMeters>
        </Trackpoint>
        <Trackpoint>
          <Time>2027-05-09T09:18:46Z</Time>
          <Position>
            <LatitudeDegrees>42.3668700</LatitudeDegrees>
            <LongitudeDegrees>-3.5574900</LongitudeDegrees>
          </Position>
          <AltitudeMeters>940.8</AltitudeMeters>
          <DistanceMeters>34694.7</DistanceMeters>
        </Trackpoint>
        <Trackpoint>
          <Time>2027-05-09T09:18:51Z</Time>
          <Position>
            <LatitudeDegrees>42.3667000</LatitudeDegrees>
            <LongitudeDegrees>-3.5574900</LongitudeDegrees>
          </Position>
          <AltitudeMeters>939.6</AltitudeMeters>
          <DistanceMeters>34713.6</DistanceMeters>
        </Trackpoint>
        <Trackpoint>
          <Time>2027-05-09T09:18:59Z</Time>
          <Position>
            <LatitudeDegrees>42.3663900</LatitudeDegrees>
            <LongitudeDegrees>-3.5574800</LongitudeDegrees>
          </Position>
          <AltitudeMeters>938.1</AltitudeMeters>
          <DistanceMeters>34748.1</DistanceMeters>
        </Trackpoint>
        <Trackpoint>
          <Time>2027-05-09T09:19:07Z</Time>
          <Position>
            <LatitudeDegrees>42.3661100</LatitudeDegrees>
            <LongitudeDegrees>-3.5574600</LongitudeDegrees>
          </Position>
          <AltitudeMeters>936.5</AltitudeMeters>
          <DistanceMeters>34779.3</DistanceMeters>
        </Trackpoint>
        <Trackpoint>
          <Time>2027-05-09T09:19:15Z</Time>
          <Position>
            <LatitudeDegrees>42.3657900</LatitudeDegrees>
            <LongitudeDegrees>-3.5574400</LongitudeDegrees>
          </Position>
          <AltitudeMeters>935.1</AltitudeMeters>
          <DistanceMeters>34814.9</DistanceMeters>
        </Trackpoint>
        <Trackpoint>
          <Time>2027-05-09T09:19:21Z</Time>
          <Position>
            <LatitudeDegrees>42.3655700</LatitudeDegrees>
            <LongitudeDegrees>-3.5574100</LongitudeDegrees>
          </Position>
          <AltitudeMeters>934.0</AltitudeMeters>
          <DistanceMeters>34839.5</DistanceMeters>
        </Trackpoint>
        <Trackpoint>
          <Time>2027-05-09T09:19:24Z</Time>
          <Position>
            <LatitudeDegrees>42.3654700</LatitudeDegrees>
            <LongitudeDegrees>-3.5573900</LongitudeDegrees>
          </Position>
          <AltitudeMeters>933.4</AltitudeMeters>
          <DistanceMeters>34850.7</DistanceMeters>
        </Trackpoint>
        <Trackpoint>
          <Time>2027-05-09T09:19:26Z</Time>
          <Position>
            <LatitudeDegrees>42.3653700</LatitudeDegrees>
            <LongitudeDegrees>-3.5573600</LongitudeDegrees>
          </Position>
          <AltitudeMeters>933.1</AltitudeMeters>
          <DistanceMeters>34862.1</DistanceMeters>
        </Trackpoint>
        <Trackpoint>
          <Time>2027-05-09T09:19:30Z</Time>
          <Position>
            <LatitudeDegrees>42.3652400</LatitudeDegrees>
            <LongitudeDegrees>-3.5573000</LongitudeDegrees>
          </Position>
          <AltitudeMeters>933.0</AltitudeMeters>
          <DistanceMeters>34877.4</DistanceMeters>
        </Trackpoint>
        <Trackpoint>
          <Time>2027-05-09T09:19:35Z</Time>
          <Position>
            <LatitudeDegrees>42.3650700</LatitudeDegrees>
            <LongitudeDegrees>-3.5572100</LongitudeDegrees>
          </Position>
          <AltitudeMeters>932.9</AltitudeMeters>
          <DistanceMeters>34897.7</DistanceMeters>
        </Trackpoint>
        <Trackpoint>
          <Time>2027-05-09T09:19:40Z</Time>
          <Position>
            <LatitudeDegrees>42.3648900</LatitudeDegrees>
            <LongitudeDegrees>-3.5571000</LongitudeDegrees>
          </Position>
          <AltitudeMeters>932.8</AltitudeMeters>
          <DistanceMeters>34919.7</DistanceMeters>
        </Trackpoint>
        <Trackpoint>
          <Time>2027-05-09T09:19:47Z</Time>
          <Position>
            <LatitudeDegrees>42.3646700</LatitudeDegrees>
            <LongitudeDegrees>-3.5569600</LongitudeDegrees>
          </Position>
          <AltitudeMeters>932.6</AltitudeMeters>
          <DistanceMeters>34946.7</DistanceMeters>
        </Trackpoint>
        <Trackpoint>
          <Time>2027-05-09T09:19:53Z</Time>
          <Position>
            <LatitudeDegrees>42.3644700</LatitudeDegrees>
            <LongitudeDegrees>-3.5568200</LongitudeDegrees>
          </Position>
          <AltitudeMeters>932.3</AltitudeMeters>
          <DistanceMeters>34971.7</DistanceMeters>
        </Trackpoint>
        <Trackpoint>
          <Time>2027-05-09T09:19:56Z</Time>
          <Position>
            <LatitudeDegrees>42.3643600</LatitudeDegrees>
            <LongitudeDegrees>-3.5567300</LongitudeDegrees>
          </Position>
          <AltitudeMeters>931.9</AltitudeMeters>
          <DistanceMeters>34986.0</DistanceMeters>
        </Trackpoint>
        <Trackpoint>
          <Time>2027-05-09T09:20:02Z</Time>
          <Position>
            <LatitudeDegrees>42.3641900</LatitudeDegrees>
            <LongitudeDegrees>-3.5565600</LongitudeDegrees>
          </Position>
          <AltitudeMeters>931.6</AltitudeMeters>
          <DistanceMeters>35009.5</DistanceMeters>
        </Trackpoint>
        <Trackpoint>
          <Time>2027-05-09T09:20:11Z</Time>
          <Position>
            <LatitudeDegrees>42.3639200</LatitudeDegrees>
            <LongitudeDegrees>-3.5562600</LongitudeDegrees>
          </Position>
          <AltitudeMeters>931.2</AltitudeMeters>
          <DistanceMeters>35048.4</DistanceMeters>
        </Trackpoint>
        <Trackpoint>
          <Time>2027-05-09T09:20:19Z</Time>
          <Position>
            <LatitudeDegrees>42.3636800</LatitudeDegrees>
            <LongitudeDegrees>-3.5560200</LongitudeDegrees>
          </Position>
          <AltitudeMeters>930.7</AltitudeMeters>
          <DistanceMeters>35081.6</DistanceMeters>
        </Trackpoint>
        <Trackpoint>
          <Time>2027-05-09T09:20:28Z</Time>
          <Position>
            <LatitudeDegrees>42.3634100</LatitudeDegrees>
            <LongitudeDegrees>-3.5557400</LongitudeDegrees>
          </Position>
          <AltitudeMeters>930.3</AltitudeMeters>
          <DistanceMeters>35119.4</DistanceMeters>
        </Trackpoint>
        <Trackpoint>
          <Time>2027-05-09T09:20:34Z</Time>
          <Position>
            <LatitudeDegrees>42.3632400</LatitudeDegrees>
            <LongitudeDegrees>-3.5555800</LongitudeDegrees>
          </Position>
          <AltitudeMeters>930.0</AltitudeMeters>
          <DistanceMeters>35142.4</DistanceMeters>
        </Trackpoint>
        <Trackpoint>
          <Time>2027-05-09T09:20:35Z</Time>
          <Position>
            <LatitudeDegrees>42.3631900</LatitudeDegrees>
            <LongitudeDegrees>-3.5555400</LongitudeDegrees>
          </Position>
          <AltitudeMeters>929.6</AltitudeMeters>
          <DistanceMeters>35148.9</DistanceMeters>
        </Trackpoint>
        <Trackpoint>
          <Time>2027-05-09T09:20:37Z</Time>
          <Position>
            <LatitudeDegrees>42.3631400</LatitudeDegrees>
            <LongitudeDegrees>-3.5555100</LongitudeDegrees>
          </Position>
          <AltitudeMeters>929.2</AltitudeMeters>
          <DistanceMeters>35154.9</DistanceMeters>
        </Trackpoint>
        <Trackpoint>
          <Time>2027-05-09T09:20:39Z</Time>
          <Position>
            <LatitudeDegrees>42.3630400</LatitudeDegrees>
            <LongitudeDegrees>-3.5554700</LongitudeDegrees>
          </Position>
          <AltitudeMeters>928.9</AltitudeMeters>
          <DistanceMeters>35166.5</DistanceMeters>
        </Trackpoint>
        <Trackpoint>
          <Time>2027-05-09T09:20:41Z</Time>
          <Position>
            <LatitudeDegrees>42.3630000</LatitudeDegrees>
            <LongitudeDegrees>-3.5554500</LongitudeDegrees>
          </Position>
          <AltitudeMeters>928.6</AltitudeMeters>
          <DistanceMeters>35171.3</DistanceMeters>
        </Trackpoint>
        <Trackpoint>
          <Time>2027-05-09T09:20:42Z</Time>
          <Position>
            <LatitudeDegrees>42.3629500</LatitudeDegrees>
            <LongitudeDegrees>-3.5554400</LongitudeDegrees>
          </Position>
          <AltitudeMeters>928.3</AltitudeMeters>
          <DistanceMeters>35176.9</DistanceMeters>
        </Trackpoint>
        <Trackpoint>
          <Time>2027-05-09T09:20:44Z</Time>
          <Position>
            <LatitudeDegrees>42.3628700</LatitudeDegrees>
            <LongitudeDegrees>-3.5554300</LongitudeDegrees>
          </Position>
          <AltitudeMeters>928.0</AltitudeMeters>
          <DistanceMeters>35185.8</DistanceMeters>
        </Trackpoint>
        <Trackpoint>
          <Time>2027-05-09T09:20:47Z</Time>
          <Position>
            <LatitudeDegrees>42.3627500</LatitudeDegrees>
            <LongitudeDegrees>-3.5554400</LongitudeDegrees>
          </Position>
          <AltitudeMeters>927.7</AltitudeMeters>
          <DistanceMeters>35199.2</DistanceMeters>
        </Trackpoint>
        <Trackpoint>
          <Time>2027-05-09T09:20:49Z</Time>
          <Position>
            <LatitudeDegrees>42.3626700</LatitudeDegrees>
            <LongitudeDegrees>-3.5554400</LongitudeDegrees>
          </Position>
          <AltitudeMeters>927.5</AltitudeMeters>
          <DistanceMeters>35208.1</DistanceMeters>
        </Trackpoint>
        <Trackpoint>
          <Time>2027-05-09T09:20:52Z</Time>
          <Position>
            <LatitudeDegrees>42.3625800</LatitudeDegrees>
            <LongitudeDegrees>-3.5554700</LongitudeDegrees>
          </Position>
          <AltitudeMeters>927.3</AltitudeMeters>
          <DistanceMeters>35218.4</DistanceMeters>
        </Trackpoint>
        <Trackpoint>
          <Time>2027-05-09T09:20:56Z</Time>
          <Position>
            <LatitudeDegrees>42.3624300</LatitudeDegrees>
            <LongitudeDegrees>-3.5555000</LongitudeDegrees>
          </Position>
          <AltitudeMeters>927.3</AltitudeMeters>
          <DistanceMeters>35235.3</DistanceMeters>
        </Trackpoint>
        <Trackpoint>
          <Time>2027-05-09T09:21:02Z</Time>
          <Position>
            <LatitudeDegrees>42.3622100</LatitudeDegrees>
            <LongitudeDegrees>-3.5555500</LongitudeDegrees>
          </Position>
          <AltitudeMeters>927.3</AltitudeMeters>
          <DistanceMeters>35260.1</DistanceMeters>
        </Trackpoint>
        <Trackpoint>
          <Time>2027-05-09T09:21:07Z</Time>
          <Position>
            <LatitudeDegrees>42.3620300</LatitudeDegrees>
            <LongitudeDegrees>-3.5555900</LongitudeDegrees>
          </Position>
          <AltitudeMeters>927.3</AltitudeMeters>
          <DistanceMeters>35280.4</DistanceMeters>
        </Trackpoint>
        <Trackpoint>
          <Time>2027-05-09T09:21:11Z</Time>
          <Position>
            <LatitudeDegrees>42.3618700</LatitudeDegrees>
            <LongitudeDegrees>-3.5556500</LongitudeDegrees>
          </Position>
          <AltitudeMeters>927.4</AltitudeMeters>
          <DistanceMeters>35298.8</DistanceMeters>
        </Trackpoint>
        <Trackpoint>
          <Time>2027-05-09T09:21:14Z</Time>
          <Position>
            <LatitudeDegrees>42.3617600</LatitudeDegrees>
            <LongitudeDegrees>-3.5557000</LongitudeDegrees>
          </Position>
          <AltitudeMeters>927.5</AltitudeMeters>
          <DistanceMeters>35311.7</DistanceMeters>
        </Trackpoint>
        <Trackpoint>
          <Time>2027-05-09T09:21:17Z</Time>
          <Position>
            <LatitudeDegrees>42.3616700</LatitudeDegrees>
            <LongitudeDegrees>-3.5557400</LongitudeDegrees>
          </Position>
          <AltitudeMeters>927.6</AltitudeMeters>
          <DistanceMeters>35322.2</DistanceMeters>
        </Trackpoint>
        <Trackpoint>
          <Time>2027-05-09T09:21:20Z</Time>
          <Position>
            <LatitudeDegrees>42.3615500</LatitudeDegrees>
            <LongitudeDegrees>-3.5558200</LongitudeDegrees>
          </Position>
          <AltitudeMeters>927.8</AltitudeMeters>
          <DistanceMeters>35337.1</DistanceMeters>
        </Trackpoint>
        <Trackpoint>
          <Time>2027-05-09T09:21:24Z</Time>
          <Position>
            <LatitudeDegrees>42.3614400</LatitudeDegrees>
            <LongitudeDegrees>-3.5559100</LongitudeDegrees>
          </Position>
          <AltitudeMeters>928.6</AltitudeMeters>
          <DistanceMeters>35351.4</DistanceMeters>
        </Trackpoint>
        <Trackpoint>
          <Time>2027-05-09T09:21:26Z</Time>
          <Position>
            <LatitudeDegrees>42.3613700</LatitudeDegrees>
            <LongitudeDegrees>-3.5559800</LongitudeDegrees>
          </Position>
          <AltitudeMeters>930.8</AltitudeMeters>
          <DistanceMeters>35361.1</DistanceMeters>
        </Trackpoint>
        <Trackpoint>
          <Time>2027-05-09T09:21:38Z</Time>
          <Position>
            <LatitudeDegrees>42.3612100</LatitudeDegrees>
            <LongitudeDegrees>-3.5565400</LongitudeDegrees>
          </Position>
          <AltitudeMeters>933.4</AltitudeMeters>
          <DistanceMeters>35410.4</DistanceMeters>
        </Trackpoint>
        <Trackpoint>
          <Time>2027-05-09T09:21:53Z</Time>
          <Position>
            <LatitudeDegrees>42.3610000</LatitudeDegrees>
            <LongitudeDegrees>-3.5572300</LongitudeDegrees>
          </Position>
          <AltitudeMeters>936.1</AltitudeMeters>
          <DistanceMeters>35471.7</DistanceMeters>
        </Trackpoint>
        <Trackpoint>
          <Time>2027-05-09T09:22:07Z</Time>
          <Position>
            <LatitudeDegrees>42.3607600</LatitudeDegrees>
            <LongitudeDegrees>-3.5578800</LongitudeDegrees>
          </Position>
          <AltitudeMeters>938.8</AltitudeMeters>
          <DistanceMeters>35531.4</DistanceMeters>
        </Trackpoint>
        <Trackpoint>
          <Time>2027-05-09T09:22:17Z</Time>
          <Position>
            <LatitudeDegrees>42.3605800</LatitudeDegrees>
            <LongitudeDegrees>-3.5583400</LongitudeDegrees>
          </Position>
          <AltitudeMeters>940.3</AltitudeMeters>
          <DistanceMeters>35574.2</DistanceMeters>
        </Trackpoint>
        <Trackpoint>
          <Time>2027-05-09T09:22:56Z</Time>
          <Position>
            <LatitudeDegrees>42.3599600</LatitudeDegrees>
            <LongitudeDegrees>-3.5601300</LongitudeDegrees>
          </Position>
          <AltitudeMeters>939.7</AltitudeMeters>
          <DistanceMeters>35736.6</DistanceMeters>
        </Trackpoint>
        <Trackpoint>
          <Time>2027-05-09T09:23:20Z</Time>
          <Position>
            <LatitudeDegrees>42.3596000</LatitudeDegrees>
            <LongitudeDegrees>-3.5612300</LongitudeDegrees>
          </Position>
          <AltitudeMeters>938.1</AltitudeMeters>
          <DistanceMeters>35835.5</DistanceMeters>
        </Trackpoint>
        <Trackpoint>
          <Time>2027-05-09T09:23:32Z</Time>
          <Position>
            <LatitudeDegrees>42.3594100</LatitudeDegrees>
            <LongitudeDegrees>-3.5617900</LongitudeDegrees>
          </Position>
          <AltitudeMeters>935.8</AltitudeMeters>
          <DistanceMeters>35886.1</DistanceMeters>
        </Trackpoint>
        <Trackpoint>
          <Time>2027-05-09T09:23:41Z</Time>
          <Position>
            <LatitudeDegrees>42.3592600</LatitudeDegrees>
            <LongitudeDegrees>-3.5621800</LongitudeDegrees>
          </Position>
          <AltitudeMeters>933.0</AltitudeMeters>
          <DistanceMeters>35922.2</DistanceMeters>
        </Trackpoint>
        <Trackpoint>
          <Time>2027-05-09T09:23:51Z</Time>
          <Position>
            <LatitudeDegrees>42.3591200</LatitudeDegrees>
            <LongitudeDegrees>-3.5626800</LongitudeDegrees>
          </Position>
          <AltitudeMeters>929.9</AltitudeMeters>
          <DistanceMeters>35966.2</DistanceMeters>
        </Trackpoint>
        <Trackpoint>
          <Time>2027-05-09T09:24:00Z</Time>
          <Position>
            <LatitudeDegrees>42.3590400</LatitudeDegrees>
            <LongitudeDegrees>-3.5631100</LongitudeDegrees>
          </Position>
          <AltitudeMeters>927.1</AltitudeMeters>
          <DistanceMeters>36002.6</DistanceMeters>
        </Trackpoint>
        <Trackpoint>
          <Time>2027-05-09T09:24:09Z</Time>
          <Position>
            <LatitudeDegrees>42.3589900</LatitudeDegrees>
            <LongitudeDegrees>-3.5635400</LongitudeDegrees>
          </Position>
          <AltitudeMeters>924.7</AltitudeMeters>
          <DistanceMeters>36038.4</DistanceMeters>
        </Trackpoint>
        <Trackpoint>
          <Time>2027-05-09T09:24:18Z</Time>
          <Position>
            <LatitudeDegrees>42.3589400</LatitudeDegrees>
            <LongitudeDegrees>-3.5640200</LongitudeDegrees>
          </Position>
          <AltitudeMeters>922.6</AltitudeMeters>
          <DistanceMeters>36078.2</DistanceMeters>
        </Trackpoint>
        <Trackpoint>
          <Time>2027-05-09T09:24:24Z</Time>
          <Position>
            <LatitudeDegrees>42.3589200</LatitudeDegrees>
            <LongitudeDegrees>-3.5643200</LongitudeDegrees>
          </Position>
          <AltitudeMeters>921.0</AltitudeMeters>
          <DistanceMeters>36103.0</DistanceMeters>
        </Trackpoint>
        <Trackpoint>
          <Time>2027-05-09T09:24:31Z</Time>
          <Position>
            <LatitudeDegrees>42.3588900</LatitudeDegrees>
            <LongitudeDegrees>-3.5646800</LongitudeDegrees>
          </Position>
          <AltitudeMeters>920.1</AltitudeMeters>
          <DistanceMeters>36132.7</DistanceMeters>
        </Trackpoint>
        <Trackpoint>
          <Time>2027-05-09T09:24:35Z</Time>
          <Position>
            <LatitudeDegrees>42.3588800</LatitudeDegrees>
            <LongitudeDegrees>-3.5648800</LongitudeDegrees>
          </Position>
          <AltitudeMeters>919.6</AltitudeMeters>
          <DistanceMeters>36149.2</DistanceMeters>
        </Trackpoint>
        <Trackpoint>
          <Time>2027-05-09T09:24:37Z</Time>
          <Position>
            <LatitudeDegrees>42.3588500</LatitudeDegrees>
            <LongitudeDegrees>-3.5649800</LongitudeDegrees>
          </Position>
          <AltitudeMeters>919.2</AltitudeMeters>
          <DistanceMeters>36158.1</DistanceMeters>
        </Trackpoint>
        <Trackpoint>
          <Time>2027-05-09T09:24:39Z</Time>
          <Position>
            <LatitudeDegrees>42.3588100</LatitudeDegrees>
            <LongitudeDegrees>-3.5649800</LongitudeDegrees>
          </Position>
          <AltitudeMeters>919.0</AltitudeMeters>
          <DistanceMeters>36162.5</DistanceMeters>
        </Trackpoint>
        <Trackpoint>
          <Time>2027-05-09T09:24:40Z</Time>
          <Position>
            <LatitudeDegrees>42.3587600</LatitudeDegrees>
            <LongitudeDegrees>-3.5649900</LongitudeDegrees>
          </Position>
          <AltitudeMeters>918.9</AltitudeMeters>
          <DistanceMeters>36168.1</DistanceMeters>
        </Trackpoint>
        <Trackpoint>
          <Time>2027-05-09T09:24:43Z</Time>
          <Position>
            <LatitudeDegrees>42.3587500</LatitudeDegrees>
            <LongitudeDegrees>-3.5651300</LongitudeDegrees>
          </Position>
          <AltitudeMeters>918.8</AltitudeMeters>
          <DistanceMeters>36179.7</DistanceMeters>
        </Trackpoint>
        <Trackpoint>
          <Time>2027-05-09T09:24:46Z</Time>
          <Position>
            <LatitudeDegrees>42.3587300</LatitudeDegrees>
            <LongitudeDegrees>-3.5653000</LongitudeDegrees>
          </Position>
          <AltitudeMeters>918.7</AltitudeMeters>
          <DistanceMeters>36193.8</DistanceMeters>
        </Trackpoint>
        <Trackpoint>
          <Time>2027-05-09T09:24:50Z</Time>
          <Position>
            <LatitudeDegrees>42.3586900</LatitudeDegrees>
            <LongitudeDegrees>-3.5655000</LongitudeDegrees>
          </Position>
          <AltitudeMeters>918.6</AltitudeMeters>
          <DistanceMeters>36210.9</DistanceMeters>
        </Trackpoint>
        <Trackpoint>
          <Time>2027-05-09T09:24:54Z</Time>
          <Position>
            <LatitudeDegrees>42.3586300</LatitudeDegrees>
            <LongitudeDegrees>-3.5656700</LongitudeDegrees>
          </Position>
          <AltitudeMeters>918.4</AltitudeMeters>
          <DistanceMeters>36226.3</DistanceMeters>
        </Trackpoint>
        <Trackpoint>
          <Time>2027-05-09T09:24:58Z</Time>
          <Position>
            <LatitudeDegrees>42.3585700</LatitudeDegrees>
            <LongitudeDegrees>-3.5658400</LongitudeDegrees>
          </Position>
          <AltitudeMeters>918.3</AltitudeMeters>
          <DistanceMeters>36241.8</DistanceMeters>
        </Trackpoint>
        <Trackpoint>
          <Time>2027-05-09T09:25:00Z</Time>
          <Position>
            <LatitudeDegrees>42.3585200</LatitudeDegrees>
            <LongitudeDegrees>-3.5659700</LongitudeDegrees>
          </Position>
          <AltitudeMeters>918.2</AltitudeMeters>
          <DistanceMeters>36253.9</DistanceMeters>
        </Trackpoint>
        <Trackpoint>
          <Time>2027-05-09T09:25:02Z</Time>
          <Position>
            <LatitudeDegrees>42.3585100</LatitudeDegrees>
            <LongitudeDegrees>-3.5660300</LongitudeDegrees>
          </Position>
          <AltitudeMeters>918.1</AltitudeMeters>
          <DistanceMeters>36258.9</DistanceMeters>
        </Trackpoint>
        <Trackpoint>
          <Time>2027-05-09T09:25:03Z</Time>
          <Position>
            <LatitudeDegrees>42.3585000</LatitudeDegrees>
            <LongitudeDegrees>-3.5660900</LongitudeDegrees>
          </Position>
          <AltitudeMeters>918.0</AltitudeMeters>
          <DistanceMeters>36264.0</DistanceMeters>
        </Trackpoint>
        <Trackpoint>
          <Time>2027-05-09T09:25:04Z</Time>
          <Position>
            <LatitudeDegrees>42.3584900</LatitudeDegrees>
            <LongitudeDegrees>-3.5661500</LongitudeDegrees>
          </Position>
          <AltitudeMeters>918.1</AltitudeMeters>
          <DistanceMeters>36269.0</DistanceMeters>
        </Trackpoint>
        <Trackpoint>
          <Time>2027-05-09T09:25:05Z</Time>
          <Position>
            <LatitudeDegrees>42.3584900</LatitudeDegrees>
            <LongitudeDegrees>-3.5662100</LongitudeDegrees>
          </Position>
          <AltitudeMeters>918.0</AltitudeMeters>
          <DistanceMeters>36274.0</DistanceMeters>
        </Trackpoint>
        <Trackpoint>
          <Time>2027-05-09T09:25:13Z</Time>
          <Position>
            <LatitudeDegrees>42.3584900</LatitudeDegrees>
            <LongitudeDegrees>-3.5666200</LongitudeDegrees>
          </Position>
          <AltitudeMeters>917.8</AltitudeMeters>
          <DistanceMeters>36307.6</DistanceMeters>
        </Trackpoint>
        <Trackpoint>
          <Time>2027-05-09T09:25:31Z</Time>
          <Position>
            <LatitudeDegrees>42.3584800</LatitudeDegrees>
            <LongitudeDegrees>-3.5675100</LongitudeDegrees>
          </Position>
          <AltitudeMeters>917.7</AltitudeMeters>
          <DistanceMeters>36380.8</DistanceMeters>
        </Trackpoint>
        <Trackpoint>
          <Time>2027-05-09T09:25:34Z</Time>
          <Position>
            <LatitudeDegrees>42.3584900</LatitudeDegrees>
            <LongitudeDegrees>-3.5676900</LongitudeDegrees>
          </Position>
          <AltitudeMeters>917.4</AltitudeMeters>
          <DistanceMeters>36395.6</DistanceMeters>
        </Trackpoint>
        <Trackpoint>
          <Time>2027-05-09T09:25:39Z</Time>
          <Position>
            <LatitudeDegrees>42.3585100</LatitudeDegrees>
            <LongitudeDegrees>-3.5679100</LongitudeDegrees>
          </Position>
          <AltitudeMeters>917.0</AltitudeMeters>
          <DistanceMeters>36413.8</DistanceMeters>
        </Trackpoint>
        <Trackpoint>
          <Time>2027-05-09T09:25:46Z</Time>
          <Position>
            <LatitudeDegrees>42.3585800</LatitudeDegrees>
            <LongitudeDegrees>-3.5682700</LongitudeDegrees>
          </Position>
          <AltitudeMeters>916.8</AltitudeMeters>
          <DistanceMeters>36444.4</DistanceMeters>
        </Trackpoint>
        <Trackpoint>
          <Time>2027-05-09T09:25:53Z</Time>
          <Position>
            <LatitudeDegrees>42.3586500</LatitudeDegrees>
            <LongitudeDegrees>-3.5685800</LongitudeDegrees>
          </Position>
          <AltitudeMeters>916.6</AltitudeMeters>
          <DistanceMeters>36471.0</DistanceMeters>
        </Trackpoint>
        <Trackpoint>
          <Time>2027-05-09T09:25:57Z</Time>
          <Position>
            <LatitudeDegrees>42.3586900</LatitudeDegrees>
            <LongitudeDegrees>-3.5687900</LongitudeDegrees>
          </Position>
          <AltitudeMeters>916.4</AltitudeMeters>
          <DistanceMeters>36488.9</DistanceMeters>
        </Trackpoint>
        <Trackpoint>
          <Time>2027-05-09T09:26:00Z</Time>
          <Position>
            <LatitudeDegrees>42.3587400</LatitudeDegrees>
            <LongitudeDegrees>-3.5689500</LongitudeDegrees>
          </Position>
          <AltitudeMeters>916.3</AltitudeMeters>
          <DistanceMeters>36503.1</DistanceMeters>
        </Trackpoint>
        <Trackpoint>
          <Time>2027-05-09T09:26:04Z</Time>
          <Position>
            <LatitudeDegrees>42.3588100</LatitudeDegrees>
            <LongitudeDegrees>-3.5691400</LongitudeDegrees>
          </Position>
          <AltitudeMeters>916.2</AltitudeMeters>
          <DistanceMeters>36520.6</DistanceMeters>
        </Trackpoint>
        <Trackpoint>
          <Time>2027-05-09T09:26:08Z</Time>
          <Position>
            <LatitudeDegrees>42.3588700</LatitudeDegrees>
            <LongitudeDegrees>-3.5692900</LongitudeDegrees>
          </Position>
          <AltitudeMeters>916.0</AltitudeMeters>
          <DistanceMeters>36534.6</DistanceMeters>
        </Trackpoint>
        <Trackpoint>
          <Time>2027-05-09T09:26:09Z</Time>
          <Position>
            <LatitudeDegrees>42.3588900</LatitudeDegrees>
            <LongitudeDegrees>-3.5693400</LongitudeDegrees>
          </Position>
          <AltitudeMeters>915.8</AltitudeMeters>
          <DistanceMeters>36539.3</DistanceMeters>
        </Trackpoint>
        <Trackpoint>
          <Time>2027-05-09T09:26:13Z</Time>
          <Position>
            <LatitudeDegrees>42.3589600</LatitudeDegrees>
            <LongitudeDegrees>-3.5695400</LongitudeDegrees>
          </Position>
          <AltitudeMeters>915.6</AltitudeMeters>
          <DistanceMeters>36557.5</DistanceMeters>
        </Trackpoint>
        <Trackpoint>
          <Time>2027-05-09T09:26:16Z</Time>
          <Position>
            <LatitudeDegrees>42.3589900</LatitudeDegrees>
            <LongitudeDegrees>-3.5696800</LongitudeDegrees>
          </Position>
          <AltitudeMeters>915.2</AltitudeMeters>
          <DistanceMeters>36569.4</DistanceMeters>
        </Trackpoint>
        <Trackpoint>
          <Time>2027-05-09T09:26:20Z</Time>
          <Position>
            <LatitudeDegrees>42.3590200</LatitudeDegrees>
            <LongitudeDegrees>-3.5698500</LongitudeDegrees>
          </Position>
          <AltitudeMeters>914.9</AltitudeMeters>
          <DistanceMeters>36583.8</DistanceMeters>
        </Trackpoint>
        <Trackpoint>
          <Time>2027-05-09T09:26:24Z</Time>
          <Position>
            <LatitudeDegrees>42.3590500</LatitudeDegrees>
            <LongitudeDegrees>-3.5700900</LongitudeDegrees>
          </Position>
          <AltitudeMeters>914.5</AltitudeMeters>
          <DistanceMeters>36603.8</DistanceMeters>
        </Trackpoint>
        <Trackpoint>
          <Time>2027-05-09T09:26:34Z</Time>
          <Position>
            <LatitudeDegrees>42.3590900</LatitudeDegrees>
            <LongitudeDegrees>-3.5705600</LongitudeDegrees>
          </Position>
          <AltitudeMeters>914.1</AltitudeMeters>
          <DistanceMeters>36642.7</DistanceMeters>
        </Trackpoint>
        <Trackpoint>
          <Time>2027-05-09T09:26:47Z</Time>
          <Position>
            <LatitudeDegrees>42.3591600</LatitudeDegrees>
            <LongitudeDegrees>-3.5712400</LongitudeDegrees>
          </Position>
          <AltitudeMeters>913.8</AltitudeMeters>
          <DistanceMeters>36699.1</DistanceMeters>
        </Trackpoint>
        <Trackpoint>
          <Time>2027-05-09T09:26:51Z</Time>
          <Position>
            <LatitudeDegrees>42.3591900</LatitudeDegrees>
            <LongitudeDegrees>-3.5714300</LongitudeDegrees>
          </Position>
          <AltitudeMeters>913.5</AltitudeMeters>
          <DistanceMeters>36715.0</DistanceMeters>
        </Trackpoint>
        <Trackpoint>
          <Time>2027-05-09T09:26:53Z</Time>
          <Position>
            <LatitudeDegrees>42.3592100</LatitudeDegrees>
            <LongitudeDegrees>-3.5715400</LongitudeDegrees>
          </Position>
          <AltitudeMeters>913.5</AltitudeMeters>
          <DistanceMeters>36724.4</DistanceMeters>
        </Trackpoint>
        <Trackpoint>
          <Time>2027-05-09T09:26:57Z</Time>
          <Position>
            <LatitudeDegrees>42.3592500</LatitudeDegrees>
            <LongitudeDegrees>-3.5717300</LongitudeDegrees>
          </Position>
          <AltitudeMeters>913.7</AltitudeMeters>
          <DistanceMeters>36740.6</DistanceMeters>
        </Trackpoint>
        <Trackpoint>
          <Time>2027-05-09T09:27:11Z</Time>
          <Position>
            <LatitudeDegrees>42.3594200</LatitudeDegrees>
            <LongitudeDegrees>-3.5724000</LongitudeDegrees>
          </Position>
          <AltitudeMeters>914.0</AltitudeMeters>
          <DistanceMeters>36798.8</DistanceMeters>
        </Trackpoint>
        <Trackpoint>
          <Time>2027-05-09T09:27:16Z</Time>
          <Position>
            <LatitudeDegrees>42.3594700</LatitudeDegrees>
            <LongitudeDegrees>-3.5726100</LongitudeDegrees>
          </Position>
          <AltitudeMeters>914.3</AltitudeMeters>
          <DistanceMeters>36816.9</DistanceMeters>
        </Trackpoint>
        <Trackpoint>
          <Time>2027-05-09T09:27:19Z</Time>
          <Position>
            <LatitudeDegrees>42.3594900</LatitudeDegrees>
            <LongitudeDegrees>-3.5728000</LongitudeDegrees>
          </Position>
          <AltitudeMeters>914.4</AltitudeMeters>
          <DistanceMeters>36832.7</DistanceMeters>
        </Trackpoint>
        <Trackpoint>
          <Time>2027-05-09T09:27:25Z</Time>
          <Position>
            <LatitudeDegrees>42.3595200</LatitudeDegrees>
            <LongitudeDegrees>-3.5730800</LongitudeDegrees>
          </Position>
          <AltitudeMeters>914.3</AltitudeMeters>
          <DistanceMeters>36855.9</DistanceMeters>
        </Trackpoint>
        <Trackpoint>
          <Time>2027-05-09T09:27:34Z</Time>
          <Position>
            <LatitudeDegrees>42.3595600</LatitudeDegrees>
            <LongitudeDegrees>-3.5735600</LongitudeDegrees>
          </Position>
          <AltitudeMeters>914.1</AltitudeMeters>
          <DistanceMeters>36895.6</DistanceMeters>
        </Trackpoint>
        <Trackpoint>
          <Time>2027-05-09T09:27:52Z</Time>
          <Position>
            <LatitudeDegrees>42.3596300</LatitudeDegrees>
            <LongitudeDegrees>-3.5744400</LongitudeDegrees>
          </Position>
          <AltitudeMeters>913.9</AltitudeMeters>
          <DistanceMeters>36968.3</DistanceMeters>
        </Trackpoint>
        <Trackpoint>
          <Time>2027-05-09T09:28:10Z</Time>
          <Position>
            <LatitudeDegrees>42.3596800</LatitudeDegrees>
            <LongitudeDegrees>-3.5753300</LongitudeDegrees>
          </Position>
          <AltitudeMeters>913.7</AltitudeMeters>
          <DistanceMeters>37041.7</DistanceMeters>
        </Trackpoint>
        <Trackpoint>
          <Time>2027-05-09T09:28:13Z</Time>
          <Position>
            <LatitudeDegrees>42.3596800</LatitudeDegrees>
            <LongitudeDegrees>-3.5755200</LongitudeDegrees>
          </Position>
          <AltitudeMeters>913.6</AltitudeMeters>
          <DistanceMeters>37057.3</DistanceMeters>
        </Trackpoint>
        <Trackpoint>
          <Time>2027-05-09T09:28:16Z</Time>
          <Position>
            <LatitudeDegrees>42.3596800</LatitudeDegrees>
            <LongitudeDegrees>-3.5756600</LongitudeDegrees>
          </Position>
          <AltitudeMeters>913.7</AltitudeMeters>
          <DistanceMeters>37068.8</DistanceMeters>
        </Trackpoint>
        <Trackpoint>
          <Time>2027-05-09T09:28:18Z</Time>
          <Position>
            <LatitudeDegrees>42.3596600</LatitudeDegrees>
            <LongitudeDegrees>-3.5757800</LongitudeDegrees>
          </Position>
          <AltitudeMeters>913.5</AltitudeMeters>
          <DistanceMeters>37078.9</DistanceMeters>
        </Trackpoint>
        <Trackpoint>
          <Time>2027-05-09T09:28:21Z</Time>
          <Position>
            <LatitudeDegrees>42.3596500</LatitudeDegrees>
            <LongitudeDegrees>-3.5759200</LongitudeDegrees>
          </Position>
          <AltitudeMeters>913.1</AltitudeMeters>
          <DistanceMeters>37090.5</DistanceMeters>
        </Trackpoint>
        <Trackpoint>
          <Time>2027-05-09T09:28:34Z</Time>
          <Position>
            <LatitudeDegrees>42.3595300</LatitudeDegrees>
            <LongitudeDegrees>-3.5765600</LongitudeDegrees>
          </Position>
          <AltitudeMeters>912.8</AltitudeMeters>
          <DistanceMeters>37144.7</DistanceMeters>
        </Trackpoint>
        <Trackpoint>
          <Time>2027-05-09T09:28:38Z</Time>
          <Position>
            <LatitudeDegrees>42.3595000</LatitudeDegrees>
            <LongitudeDegrees>-3.5767600</LongitudeDegrees>
          </Position>
          <AltitudeMeters>912.4</AltitudeMeters>
          <DistanceMeters>37161.5</DistanceMeters>
        </Trackpoint>
        <Trackpoint>
          <Time>2027-05-09T09:28:40Z</Time>
          <Position>
            <LatitudeDegrees>42.3594900</LatitudeDegrees>
            <LongitudeDegrees>-3.5768500</LongitudeDegrees>
          </Position>
          <AltitudeMeters>912.0</AltitudeMeters>
          <DistanceMeters>37169.0</DistanceMeters>
        </Trackpoint>
        <Trackpoint>
          <Time>2027-05-09T09:28:42Z</Time>
          <Position>
            <LatitudeDegrees>42.3594900</LatitudeDegrees>
            <LongitudeDegrees>-3.5769500</LongitudeDegrees>
          </Position>
          <AltitudeMeters>911.9</AltitudeMeters>
          <DistanceMeters>37177.2</DistanceMeters>
        </Trackpoint>
        <Trackpoint>
          <Time>2027-05-09T09:28:44Z</Time>
          <Position>
            <LatitudeDegrees>42.3594900</LatitudeDegrees>
            <LongitudeDegrees>-3.5770600</LongitudeDegrees>
          </Position>
          <AltitudeMeters>911.8</AltitudeMeters>
          <DistanceMeters>37186.2</DistanceMeters>
        </Trackpoint>
        <Trackpoint>
          <Time>2027-05-09T09:28:46Z</Time>
          <Position>
            <LatitudeDegrees>42.3595000</LatitudeDegrees>
            <LongitudeDegrees>-3.5771700</LongitudeDegrees>
          </Position>
          <AltitudeMeters>911.8</AltitudeMeters>
          <DistanceMeters>37195.3</DistanceMeters>
        </Trackpoint>
        <Trackpoint>
          <Time>2027-05-09T09:28:52Z</Time>
          <Position>
            <LatitudeDegrees>42.3595200</LatitudeDegrees>
            <LongitudeDegrees>-3.5774500</LongitudeDegrees>
          </Position>
          <AltitudeMeters>911.9</AltitudeMeters>
          <DistanceMeters>37218.4</DistanceMeters>
        </Trackpoint>
        <Trackpoint>
          <Time>2027-05-09T09:28:59Z</Time>
          <Position>
            <LatitudeDegrees>42.3595500</LatitudeDegrees>
            <LongitudeDegrees>-3.5778000</LongitudeDegrees>
          </Position>
          <AltitudeMeters>912.0</AltitudeMeters>
          <DistanceMeters>37247.4</DistanceMeters>
        </Trackpoint>
        <Trackpoint>
          <Time>2027-05-09T09:29:04Z</Time>
          <Position>
            <LatitudeDegrees>42.3595700</LatitudeDegrees>
            <LongitudeDegrees>-3.5780400</LongitudeDegrees>
          </Position>
          <AltitudeMeters>912.0</AltitudeMeters>
          <DistanceMeters>37267.2</DistanceMeters>
        </Trackpoint>
        <Trackpoint>
          <Time>2027-05-09T09:29:13Z</Time>
          <Position>
            <LatitudeDegrees>42.3596100</LatitudeDegrees>
            <LongitudeDegrees>-3.5784900</LongitudeDegrees>
          </Position>
          <AltitudeMeters>912.0</AltitudeMeters>
          <DistanceMeters>37304.5</DistanceMeters>
        </Trackpoint>
        <Trackpoint>
          <Time>2027-05-09T09:29:16Z</Time>
          <Position>
            <LatitudeDegrees>42.3596200</LatitudeDegrees>
            <LongitudeDegrees>-3.5786400</LongitudeDegrees>
          </Position>
          <AltitudeMeters>911.8</AltitudeMeters>
          <DistanceMeters>37316.8</DistanceMeters>
        </Trackpoint>
        <Trackpoint>
          <Time>2027-05-09T09:29:18Z</Time>
          <Position>
            <LatitudeDegrees>42.3596200</LatitudeDegrees>
            <LongitudeDegrees>-3.5787800</LongitudeDegrees>
          </Position>
          <AltitudeMeters>911.4</AltitudeMeters>
          <DistanceMeters>37328.4</DistanceMeters>
        </Trackpoint>
        <Trackpoint>
          <Time>2027-05-09T09:29:25Z</Time>
          <Position>
            <LatitudeDegrees>42.3596200</LatitudeDegrees>
            <LongitudeDegrees>-3.5791400</LongitudeDegrees>
          </Position>
          <AltitudeMeters>911.0</AltitudeMeters>
          <DistanceMeters>37357.9</DistanceMeters>
        </Trackpoint>
        <Trackpoint>
          <Time>2027-05-09T09:29:40Z</Time>
          <Position>
            <LatitudeDegrees>42.3596100</LatitudeDegrees>
            <LongitudeDegrees>-3.5798900</LongitudeDegrees>
          </Position>
          <AltitudeMeters>910.6</AltitudeMeters>
          <DistanceMeters>37419.6</DistanceMeters>
        </Trackpoint>
        <Trackpoint>
          <Time>2027-05-09T09:29:45Z</Time>
          <Position>
            <LatitudeDegrees>42.3596200</LatitudeDegrees>
            <LongitudeDegrees>-3.5801200</LongitudeDegrees>
          </Position>
          <AltitudeMeters>910.3</AltitudeMeters>
          <DistanceMeters>37438.5</DistanceMeters>
        </Trackpoint>
        <Trackpoint>
          <Time>2027-05-09T09:29:48Z</Time>
          <Position>
            <LatitudeDegrees>42.3596300</LatitudeDegrees>
            <LongitudeDegrees>-3.5802900</LongitudeDegrees>
          </Position>
          <AltitudeMeters>909.9</AltitudeMeters>
          <DistanceMeters>37452.5</DistanceMeters>
        </Trackpoint>
        <Trackpoint>
          <Time>2027-05-09T09:29:52Z</Time>
          <Position>
            <LatitudeDegrees>42.3596600</LatitudeDegrees>
            <LongitudeDegrees>-3.5804700</LongitudeDegrees>
          </Position>
          <AltitudeMeters>909.8</AltitudeMeters>
          <DistanceMeters>37467.7</DistanceMeters>
        </Trackpoint>
        <Trackpoint>
          <Time>2027-05-09T09:30:05Z</Time>
          <Position>
            <LatitudeDegrees>42.3597400</LatitudeDegrees>
            <LongitudeDegrees>-3.5811300</LongitudeDegrees>
          </Position>
          <AltitudeMeters>909.7</AltitudeMeters>
          <DistanceMeters>37522.6</DistanceMeters>
        </Trackpoint>
        <Trackpoint>
          <Time>2027-05-09T09:30:14Z</Time>
          <Position>
            <LatitudeDegrees>42.3598000</LatitudeDegrees>
            <LongitudeDegrees>-3.5816000</LongitudeDegrees>
          </Position>
          <AltitudeMeters>909.6</AltitudeMeters>
          <DistanceMeters>37561.8</DistanceMeters>
        </Trackpoint>
        <Trackpoint>
          <Time>2027-05-09T09:30:16Z</Time>
          <Position>
            <LatitudeDegrees>42.3598200</LatitudeDegrees>
            <LongitudeDegrees>-3.5816900</LongitudeDegrees>
          </Position>
          <AltitudeMeters>909.6</AltitudeMeters>
          <DistanceMeters>37569.5</DistanceMeters>
        </Trackpoint>
        <Trackpoint>
          <Time>2027-05-09T09:30:20Z</Time>
          <Position>
            <LatitudeDegrees>42.3598700</LatitudeDegrees>
            <LongitudeDegrees>-3.5818900</LongitudeDegrees>
          </Position>
          <AltitudeMeters>909.7</AltitudeMeters>
          <DistanceMeters>37586.9</DistanceMeters>
        </Trackpoint>
        <Trackpoint>
          <Time>2027-05-09T09:30:24Z</Time>
          <Position>
            <LatitudeDegrees>42.3599200</LatitudeDegrees>
            <LongitudeDegrees>-3.5820400</LongitudeDegrees>
          </Position>
          <AltitudeMeters>909.8</AltitudeMeters>
          <DistanceMeters>37600.4</DistanceMeters>
        </Trackpoint>
        <Trackpoint>
          <Time>2027-05-09T09:30:25Z</Time>
          <Position>
            <LatitudeDegrees>42.3599500</LatitudeDegrees>
            <LongitudeDegrees>-3.5820900</LongitudeDegrees>
          </Position>
          <AltitudeMeters>910.0</AltitudeMeters>
          <DistanceMeters>37605.7</DistanceMeters>
        </Trackpoint>
        <Trackpoint>
          <Time>2027-05-09T09:30:26Z</Time>
          <Position>
            <LatitudeDegrees>42.3599700</LatitudeDegrees>
            <LongitudeDegrees>-3.5821400</LongitudeDegrees>
          </Position>
          <AltitudeMeters>910.1</AltitudeMeters>
          <DistanceMeters>37610.4</DistanceMeters>
        </Trackpoint>
        <Trackpoint>
          <Time>2027-05-09T09:30:26Z</Time>
          <Position>
            <LatitudeDegrees>42.3599800</LatitudeDegrees>
            <LongitudeDegrees>-3.5821500</LongitudeDegrees>
          </Position>
          <AltitudeMeters>910.4</AltitudeMeters>
          <DistanceMeters>37611.7</DistanceMeters>
        </Trackpoint>
        <Trackpoint>
          <Time>2027-05-09T09:30:29Z</Time>
          <Position>
            <LatitudeDegrees>42.3600300</LatitudeDegrees>
            <LongitudeDegrees>-3.5822700</LongitudeDegrees>
          </Position>
          <AltitudeMeters>910.7</AltitudeMeters>
          <DistanceMeters>37623.1</DistanceMeters>
        </Trackpoint>
        <Trackpoint>
          <Time>2027-05-09T09:30:37Z</Time>
          <Position>
            <LatitudeDegrees>42.3602000</LatitudeDegrees>
            <LongitudeDegrees>-3.5825800</LongitudeDegrees>
          </Position>
          <AltitudeMeters>911.0</AltitudeMeters>
          <DistanceMeters>37654.8</DistanceMeters>
        </Trackpoint>
        <Trackpoint>
          <Time>2027-05-09T09:30:37Z</Time>
          <Position>
            <LatitudeDegrees>42.3602000</LatitudeDegrees>
            <LongitudeDegrees>-3.5825900</LongitudeDegrees>
          </Position>
          <AltitudeMeters>911.5</AltitudeMeters>
          <DistanceMeters>37655.6</DistanceMeters>
        </Trackpoint>
        <Trackpoint>
          <Time>2027-05-09T09:30:40Z</Time>
          <Position>
            <LatitudeDegrees>42.3602600</LatitudeDegrees>
            <LongitudeDegrees>-3.5827200</LongitudeDegrees>
          </Position>
          <AltitudeMeters>912.1</AltitudeMeters>
          <DistanceMeters>37668.2</DistanceMeters>
        </Trackpoint>
        <Trackpoint>
          <Time>2027-05-09T09:30:45Z</Time>
          <Position>
            <LatitudeDegrees>42.3603700</LatitudeDegrees>
            <LongitudeDegrees>-3.5829500</LongitudeDegrees>
          </Position>
          <AltitudeMeters>912.5</AltitudeMeters>
          <DistanceMeters>37690.7</DistanceMeters>
        </Trackpoint>
        <Trackpoint>
          <Time>2027-05-09T09:30:48Z</Time>
          <Position>
            <LatitudeDegrees>42.3604000</LatitudeDegrees>
            <LongitudeDegrees>-3.5830700</LongitudeDegrees>
          </Position>
          <AltitudeMeters>913.0</AltitudeMeters>
          <DistanceMeters>37701.1</DistanceMeters>
        </Trackpoint>
        <Trackpoint>
          <Time>2027-05-09T09:30:49Z</Time>
          <Position>
            <LatitudeDegrees>42.3604100</LatitudeDegrees>
            <LongitudeDegrees>-3.5831400</LongitudeDegrees>
          </Position>
          <AltitudeMeters>913.5</AltitudeMeters>
          <DistanceMeters>37707.0</DistanceMeters>
        </Trackpoint>
        <Trackpoint>
          <Time>2027-05-09T09:30:51Z</Time>
          <Position>
            <LatitudeDegrees>42.3604100</LatitudeDegrees>
            <LongitudeDegrees>-3.5832100</LongitudeDegrees>
          </Position>
          <AltitudeMeters>913.8</AltitudeMeters>
          <DistanceMeters>37712.7</DistanceMeters>
        </Trackpoint>
        <Trackpoint>
          <Time>2027-05-09T09:30:53Z</Time>
          <Position>
            <LatitudeDegrees>42.3604100</LatitudeDegrees>
            <LongitudeDegrees>-3.5833100</LongitudeDegrees>
          </Position>
          <AltitudeMeters>914.1</AltitudeMeters>
          <DistanceMeters>37720.9</DistanceMeters>
        </Trackpoint>
        <Trackpoint>
          <Time>2027-05-09T09:30:55Z</Time>
          <Position>
            <LatitudeDegrees>42.3604000</LatitudeDegrees>
            <LongitudeDegrees>-3.5834500</LongitudeDegrees>
          </Position>
          <AltitudeMeters>914.4</AltitudeMeters>
          <DistanceMeters>37732.5</DistanceMeters>
        </Trackpoint>
        <Trackpoint>
          <Time>2027-05-09T09:30:57Z</Time>
          <Position>
            <LatitudeDegrees>42.3604000</LatitudeDegrees>
            <LongitudeDegrees>-3.5835200</LongitudeDegrees>
          </Position>
          <AltitudeMeters>914.7</AltitudeMeters>
          <DistanceMeters>37738.3</DistanceMeters>
        </Trackpoint>
        <Trackpoint>
          <Time>2027-05-09T09:30:58Z</Time>
          <Position>
            <LatitudeDegrees>42.3603900</LatitudeDegrees>
            <LongitudeDegrees>-3.5836000</LongitudeDegrees>
          </Position>
          <AltitudeMeters>914.9</AltitudeMeters>
          <DistanceMeters>37744.9</DistanceMeters>
        </Trackpoint>
        <Trackpoint>
          <Time>2027-05-09T09:30:59Z</Time>
          <Position>
            <LatitudeDegrees>42.3603800</LatitudeDegrees>
            <LongitudeDegrees>-3.5836600</LongitudeDegrees>
          </Position>
          <AltitudeMeters>915.1</AltitudeMeters>
          <DistanceMeters>37750.0</DistanceMeters>
        </Trackpoint>
        <Trackpoint>
          <Time>2027-05-09T09:31:00Z</Time>
          <Position>
            <LatitudeDegrees>42.3603500</LatitudeDegrees>
            <LongitudeDegrees>-3.5836300</LongitudeDegrees>
          </Position>
          <AltitudeMeters>914.6</AltitudeMeters>
          <DistanceMeters>37754.1</DistanceMeters>
        </Trackpoint>
        <Trackpoint>
          <Time>2027-05-09T09:31:13Z</Time>
          <Position>
            <LatitudeDegrees>42.3601900</LatitudeDegrees>
            <LongitudeDegrees>-3.5842300</LongitudeDegrees>
          </Position>
          <AltitudeMeters>913.8</AltitudeMeters>
          <DistanceMeters>37806.5</DistanceMeters>
        </Trackpoint>
        <Trackpoint>
          <Time>2027-05-09T09:31:29Z</Time>
          <Position>
            <LatitudeDegrees>42.3599800</LatitudeDegrees>
            <LongitudeDegrees>-3.5850100</LongitudeDegrees>
          </Position>
          <AltitudeMeters>912.7</AltitudeMeters>
          <DistanceMeters>37874.7</DistanceMeters>
        </Trackpoint>
        <Trackpoint>
          <Time>2027-05-09T09:31:34Z</Time>
          <Position>
            <LatitudeDegrees>42.3599800</LatitudeDegrees>
            <LongitudeDegrees>-3.5852200</LongitudeDegrees>
          </Position>
          <AltitudeMeters>911.6</AltitudeMeters>
          <DistanceMeters>37892.0</DistanceMeters>
        </Trackpoint>
        <Trackpoint>
          <Time>2027-05-09T09:31:48Z</Time>
          <Position>
            <LatitudeDegrees>42.3601100</LatitudeDegrees>
            <LongitudeDegrees>-3.5859300</LongitudeDegrees>
          </Position>
          <AltitudeMeters>910.0</AltitudeMeters>
          <DistanceMeters>37952.1</DistanceMeters>
        </Trackpoint>
        <Trackpoint>
          <Time>2027-05-09T09:32:01Z</Time>
          <Position>
            <LatitudeDegrees>42.3601700</LatitudeDegrees>
            <LongitudeDegrees>-3.5865600</LongitudeDegrees>
          </Position>
          <AltitudeMeters>908.7</AltitudeMeters>
          <DistanceMeters>38004.3</DistanceMeters>
        </Trackpoint>
        <Trackpoint>
          <Time>2027-05-09T09:32:13Z</Time>
          <Position>
            <LatitudeDegrees>42.3602300</LatitudeDegrees>
            <LongitudeDegrees>-3.5871800</LongitudeDegrees>
          </Position>
          <AltitudeMeters>907.4</AltitudeMeters>
          <DistanceMeters>38055.7</DistanceMeters>
        </Trackpoint>
        <Trackpoint>
          <Time>2027-05-09T09:32:25Z</Time>
          <Position>
            <LatitudeDegrees>42.3602900</LatitudeDegrees>
            <LongitudeDegrees>-3.5878100</LongitudeDegrees>
          </Position>
          <AltitudeMeters>906.4</AltitudeMeters>
          <DistanceMeters>38107.9</DistanceMeters>
        </Trackpoint>
        <Trackpoint>
          <Time>2027-05-09T09:32:40Z</Time>
          <Position>
            <LatitudeDegrees>42.3604700</LatitudeDegrees>
            <LongitudeDegrees>-3.5885000</LongitudeDegrees>
          </Position>
          <AltitudeMeters>905.5</AltitudeMeters>
          <DistanceMeters>38168.0</DistanceMeters>
        </Trackpoint>
        <Trackpoint>
          <Time>2027-05-09T09:32:54Z</Time>
          <Position>
            <LatitudeDegrees>42.3606500</LatitudeDegrees>
            <LongitudeDegrees>-3.5891800</LongitudeDegrees>
          </Position>
          <AltitudeMeters>905.0</AltitudeMeters>
          <DistanceMeters>38227.3</DistanceMeters>
        </Trackpoint>
        <Trackpoint>
          <Time>2027-05-09T09:33:08Z</Time>
          <Position>
            <LatitudeDegrees>42.3608200</LatitudeDegrees>
            <LongitudeDegrees>-3.5898700</LongitudeDegrees>
          </Position>
          <AltitudeMeters>904.8</AltitudeMeters>
          <DistanceMeters>38287.1</DistanceMeters>
        </Trackpoint>
        <Trackpoint>
          <Time>2027-05-09T09:33:23Z</Time>
          <Position>
            <LatitudeDegrees>42.3610000</LatitudeDegrees>
            <LongitudeDegrees>-3.5905500</LongitudeDegrees>
          </Position>
          <AltitudeMeters>904.7</AltitudeMeters>
          <DistanceMeters>38346.4</DistanceMeters>
        </Trackpoint>
        <Trackpoint>
          <Time>2027-05-09T09:33:40Z</Time>
          <Position>
            <LatitudeDegrees>42.3611200</LatitudeDegrees>
            <LongitudeDegrees>-3.5914300</LongitudeDegrees>
          </Position>
          <AltitudeMeters>904.6</AltitudeMeters>
          <DistanceMeters>38420.0</DistanceMeters>
        </Trackpoint>
        <Trackpoint>
          <Time>2027-05-09T09:33:58Z</Time>
          <Position>
            <LatitudeDegrees>42.3612300</LatitudeDegrees>
            <LongitudeDegrees>-3.5923100</LongitudeDegrees>
          </Position>
          <AltitudeMeters>904.3</AltitudeMeters>
          <DistanceMeters>38493.3</DistanceMeters>
        </Trackpoint>
        <Trackpoint>
          <Time>2027-05-09T09:34:11Z</Time>
          <Position>
            <LatitudeDegrees>42.3615100</LatitudeDegrees>
            <LongitudeDegrees>-3.5928700</LongitudeDegrees>
          </Position>
          <AltitudeMeters>903.9</AltitudeMeters>
          <DistanceMeters>38548.9</DistanceMeters>
        </Trackpoint>
        <Trackpoint>
          <Time>2027-05-09T09:34:24Z</Time>
          <Position>
            <LatitudeDegrees>42.3617800</LatitudeDegrees>
            <LongitudeDegrees>-3.5934300</LongitudeDegrees>
          </Position>
          <AltitudeMeters>903.8</AltitudeMeters>
          <DistanceMeters>38603.8</DistanceMeters>
        </Trackpoint>
        <Trackpoint>
          <Time>2027-05-09T09:34:38Z</Time>
          <Position>
            <LatitudeDegrees>42.3620600</LatitudeDegrees>
            <LongitudeDegrees>-3.5939900</LongitudeDegrees>
          </Position>
          <AltitudeMeters>903.7</AltitudeMeters>
          <DistanceMeters>38659.4</DistanceMeters>
        </Trackpoint>
        <Trackpoint>
          <Time>2027-05-09T09:34:51Z</Time>
          <Position>
            <LatitudeDegrees>42.3621400</LatitudeDegrees>
            <LongitudeDegrees>-3.5946600</LongitudeDegrees>
          </Position>
          <AltitudeMeters>903.7</AltitudeMeters>
          <DistanceMeters>38715.1</DistanceMeters>
        </Trackpoint>
        <Trackpoint>
          <Time>2027-05-09T09:35:07Z</Time>
          <Position>
            <LatitudeDegrees>42.3621000</LatitudeDegrees>
            <LongitudeDegrees>-3.5954800</LongitudeDegrees>
          </Position>
          <AltitudeMeters>903.4</AltitudeMeters>
          <DistanceMeters>38782.6</DistanceMeters>
        </Trackpoint>
        <Trackpoint>
          <Time>2027-05-09T09:35:22Z</Time>
          <Position>
            <LatitudeDegrees>42.3622400</LatitudeDegrees>
            <LongitudeDegrees>-3.5961900</LongitudeDegrees>
          </Position>
          <AltitudeMeters>902.8</AltitudeMeters>
          <DistanceMeters>38843.0</DistanceMeters>
        </Trackpoint>
        <Trackpoint>
          <Time>2027-05-09T09:35:37Z</Time>
          <Position>
            <LatitudeDegrees>42.3625300</LatitudeDegrees>
            <LongitudeDegrees>-3.5968400</LongitudeDegrees>
          </Position>
          <AltitudeMeters>901.8</AltitudeMeters>
          <DistanceMeters>38905.4</DistanceMeters>
        </Trackpoint>
        <Trackpoint>
          <Time>2027-05-09T09:35:52Z</Time>
          <Position>
            <LatitudeDegrees>42.3628200</LatitudeDegrees>
            <LongitudeDegrees>-3.5974900</LongitudeDegrees>
          </Position>
          <AltitudeMeters>900.9</AltitudeMeters>
          <DistanceMeters>38967.8</DistanceMeters>
        </Trackpoint>
        <Trackpoint>
          <Time>2027-05-09T09:36:14Z</Time>
          <Position>
            <LatitudeDegrees>42.3631500</LatitudeDegrees>
            <LongitudeDegrees>-3.5985000</LongitudeDegrees>
          </Position>
          <AltitudeMeters>900.0</AltitudeMeters>
          <DistanceMeters>39058.5</DistanceMeters>
        </Trackpoint>
        <Trackpoint>
          <Time>2027-05-09T09:36:31Z</Time>
          <Position>
            <LatitudeDegrees>42.3633000</LatitudeDegrees>
            <LongitudeDegrees>-3.5993800</LongitudeDegrees>
          </Position>
          <AltitudeMeters>899.4</AltitudeMeters>
          <DistanceMeters>39132.7</DistanceMeters>
        </Trackpoint>
        <Trackpoint>
          <Time>2027-05-09T09:36:49Z</Time>
          <Position>
            <LatitudeDegrees>42.3634500</LatitudeDegrees>
            <LongitudeDegrees>-3.6002500</LongitudeDegrees>
          </Position>
          <AltitudeMeters>899.1</AltitudeMeters>
          <DistanceMeters>39206.1</DistanceMeters>
        </Trackpoint>
        <Trackpoint>
          <Time>2027-05-09T09:36:57Z</Time>
          <Position>
            <LatitudeDegrees>42.3635800</LatitudeDegrees>
            <LongitudeDegrees>-3.6006300</LongitudeDegrees>
          </Position>
          <AltitudeMeters>898.8</AltitudeMeters>
          <DistanceMeters>39240.5</DistanceMeters>
        </Trackpoint>
        <Trackpoint>
          <Time>2027-05-09T09:37:10Z</Time>
          <Position>
            <LatitudeDegrees>42.3638800</LatitudeDegrees>
            <LongitudeDegrees>-3.6011600</LongitudeDegrees>
          </Position>
          <AltitudeMeters>898.4</AltitudeMeters>
          <DistanceMeters>39295.4</DistanceMeters>
        </Trackpoint>
        <Trackpoint>
          <Time>2027-05-09T09:37:22Z</Time>
          <Position>
            <LatitudeDegrees>42.3642200</LatitudeDegrees>
            <LongitudeDegrees>-3.6015300</LongitudeDegrees>
          </Position>
          <AltitudeMeters>897.8</AltitudeMeters>
          <DistanceMeters>39343.9</DistanceMeters>
        </Trackpoint>
        <Trackpoint>
          <Time>2027-05-09T09:37:29Z</Time>
          <Position>
            <LatitudeDegrees>42.3644700</LatitudeDegrees>
            <LongitudeDegrees>-3.6016900</LongitudeDegrees>
          </Position>
          <AltitudeMeters>897.3</AltitudeMeters>
          <DistanceMeters>39374.6</DistanceMeters>
        </Trackpoint>
        <Trackpoint>
          <Time>2027-05-09T09:37:39Z</Time>
          <Position>
            <LatitudeDegrees>42.3648200</LatitudeDegrees>
            <LongitudeDegrees>-3.6017500</LongitudeDegrees>
          </Position>
          <AltitudeMeters>897.0</AltitudeMeters>
          <DistanceMeters>39413.9</DistanceMeters>
        </Trackpoint>
        <Trackpoint>
          <Time>2027-05-09T09:38:00Z</Time>
          <Position>
            <LatitudeDegrees>42.3655800</LatitudeDegrees>
            <LongitudeDegrees>-3.6014500</LongitudeDegrees>
          </Position>
          <AltitudeMeters>896.8</AltitudeMeters>
          <DistanceMeters>39501.9</DistanceMeters>
        </Trackpoint>
        <Trackpoint>
          <Time>2027-05-09T09:38:07Z</Time>
          <Position>
            <LatitudeDegrees>42.3658300</LatitudeDegrees>
            <LongitudeDegrees>-3.6014100</LongitudeDegrees>
          </Position>
          <AltitudeMeters>896.7</AltitudeMeters>
          <DistanceMeters>39529.9</DistanceMeters>
        </Trackpoint>
        <Trackpoint>
          <Time>2027-05-09T09:38:14Z</Time>
          <Position>
            <LatitudeDegrees>42.3660900</LatitudeDegrees>
            <LongitudeDegrees>-3.6014300</LongitudeDegrees>
          </Position>
          <AltitudeMeters>896.4</AltitudeMeters>
          <DistanceMeters>39558.8</DistanceMeters>
        </Trackpoint>
        <Trackpoint>
          <Time>2027-05-09T09:38:25Z</Time>
          <Position>
            <LatitudeDegrees>42.3664800</LatitudeDegrees>
            <LongitudeDegrees>-3.6016300</LongitudeDegrees>
          </Position>
          <AltitudeMeters>895.9</AltitudeMeters>
          <DistanceMeters>39605.2</DistanceMeters>
        </Trackpoint>
        <Trackpoint>
          <Time>2027-05-09T09:38:37Z</Time>
          <Position>
            <LatitudeDegrees>42.3668300</LatitudeDegrees>
            <LongitudeDegrees>-3.6020600</LongitudeDegrees>
          </Position>
          <AltitudeMeters>895.2</AltitudeMeters>
          <DistanceMeters>39657.8</DistanceMeters>
        </Trackpoint>
        <Trackpoint>
          <Time>2027-05-09T09:38:50Z</Time>
          <Position>
            <LatitudeDegrees>42.3671700</LatitudeDegrees>
            <LongitudeDegrees>-3.6024900</LongitudeDegrees>
          </Position>
          <AltitudeMeters>894.6</AltitudeMeters>
          <DistanceMeters>39709.5</DistanceMeters>
        </Trackpoint>
        <Trackpoint>
          <Time>2027-05-09T09:38:58Z</Time>
          <Position>
            <LatitudeDegrees>42.3673600</LatitudeDegrees>
            <LongitudeDegrees>-3.6028300</LongitudeDegrees>
          </Position>
          <AltitudeMeters>893.9</AltitudeMeters>
          <DistanceMeters>39744.5</DistanceMeters>
        </Trackpoint>
        <Trackpoint>
          <Time>2027-05-09T09:39:06Z</Time>
          <Position>
            <LatitudeDegrees>42.3674700</LatitudeDegrees>
            <LongitudeDegrees>-3.6031900</LongitudeDegrees>
          </Position>
          <AltitudeMeters>893.6</AltitudeMeters>
          <DistanceMeters>39776.5</DistanceMeters>
        </Trackpoint>
        <Trackpoint>
          <Time>2027-05-09T09:39:20Z</Time>
          <Position>
            <LatitudeDegrees>42.3674900</LatitudeDegrees>
            <LongitudeDegrees>-3.6039000</LongitudeDegrees>
          </Position>
          <AltitudeMeters>893.2</AltitudeMeters>
          <DistanceMeters>39834.9</DistanceMeters>
        </Trackpoint>
        <Trackpoint>
          <Time>2027-05-09T09:39:29Z</Time>
          <Position>
            <LatitudeDegrees>42.3673800</LatitudeDegrees>
            <LongitudeDegrees>-3.6043200</LongitudeDegrees>
          </Position>
          <AltitudeMeters>892.8</AltitudeMeters>
          <DistanceMeters>39871.5</DistanceMeters>
        </Trackpoint>
        <Trackpoint>
          <Time>2027-05-09T09:39:40Z</Time>
          <Position>
            <LatitudeDegrees>42.3671200</LatitudeDegrees>
            <LongitudeDegrees>-3.6047800</LongitudeDegrees>
          </Position>
          <AltitudeMeters>892.4</AltitudeMeters>
          <DistanceMeters>39919.1</DistanceMeters>
        </Trackpoint>
        <Trackpoint>
          <Time>2027-05-09T09:39:52Z</Time>
          <Position>
            <LatitudeDegrees>42.3667900</LatitudeDegrees>
            <LongitudeDegrees>-3.6052000</LongitudeDegrees>
          </Position>
          <AltitudeMeters>892.1</AltitudeMeters>
          <DistanceMeters>39969.5</DistanceMeters>
        </Trackpoint>
        <Trackpoint>
          <Time>2027-05-09T09:40:04Z</Time>
          <Position>
            <LatitudeDegrees>42.3664600</LatitudeDegrees>
            <LongitudeDegrees>-3.6056100</LongitudeDegrees>
          </Position>
          <AltitudeMeters>892.0</AltitudeMeters>
          <DistanceMeters>40019.3</DistanceMeters>
        </Trackpoint>
        <Trackpoint>
          <Time>2027-05-09T09:40:16Z</Time>
          <Position>
            <LatitudeDegrees>42.3661300</LatitudeDegrees>
            <LongitudeDegrees>-3.6060300</LongitudeDegrees>
          </Position>
          <AltitudeMeters>892.0</AltitudeMeters>
          <DistanceMeters>40069.7</DistanceMeters>
        </Trackpoint>
        <Trackpoint>
          <Time>2027-05-09T09:40:28Z</Time>
          <Position>
            <LatitudeDegrees>42.3658000</LatitudeDegrees>
            <LongitudeDegrees>-3.6064500</LongitudeDegrees>
          </Position>
          <AltitudeMeters>892.1</AltitudeMeters>
          <DistanceMeters>40120.0</DistanceMeters>
        </Trackpoint>
        <Trackpoint>
          <Time>2027-05-09T09:40:40Z</Time>
          <Position>
            <LatitudeDegrees>42.3654800</LatitudeDegrees>
            <LongitudeDegrees>-3.6068600</LongitudeDegrees>
          </Position>
          <AltitudeMeters>892.3</AltitudeMeters>
          <DistanceMeters>40169.0</DistanceMeters>
        </Trackpoint>
        <Trackpoint>
          <Time>2027-05-09T09:40:52Z</Time>
          <Position>
            <LatitudeDegrees>42.3651500</LatitudeDegrees>
            <LongitudeDegrees>-3.6072800</LongitudeDegrees>
          </Position>
          <AltitudeMeters>892.5</AltitudeMeters>
          <DistanceMeters>40219.4</DistanceMeters>
        </Trackpoint>
        <Trackpoint>
          <Time>2027-05-09T09:41:04Z</Time>
          <Position>
            <LatitudeDegrees>42.3648200</LatitudeDegrees>
            <LongitudeDegrees>-3.6077000</LongitudeDegrees>
          </Position>
          <AltitudeMeters>893.0</AltitudeMeters>
          <DistanceMeters>40269.8</DistanceMeters>
        </Trackpoint>
        <Trackpoint>
          <Time>2027-05-09T09:41:16Z</Time>
          <Position>
            <LatitudeDegrees>42.3644900</LatitudeDegrees>
            <LongitudeDegrees>-3.6081100</LongitudeDegrees>
          </Position>
          <AltitudeMeters>893.4</AltitudeMeters>
          <DistanceMeters>40319.6</DistanceMeters>
        </Trackpoint>
        <Trackpoint>
          <Time>2027-05-09T09:41:28Z</Time>
          <Position>
            <LatitudeDegrees>42.3641600</LatitudeDegrees>
            <LongitudeDegrees>-3.6085300</LongitudeDegrees>
          </Position>
          <AltitudeMeters>893.9</AltitudeMeters>
          <DistanceMeters>40370.0</DistanceMeters>
        </Trackpoint>
        <Trackpoint>
          <Time>2027-05-09T09:41:41Z</Time>
          <Position>
            <LatitudeDegrees>42.3639200</LatitudeDegrees>
            <LongitudeDegrees>-3.6090700</LongitudeDegrees>
          </Position>
          <AltitudeMeters>894.3</AltitudeMeters>
          <DistanceMeters>40421.7</DistanceMeters>
        </Trackpoint>
        <Trackpoint>
          <Time>2027-05-09T09:41:48Z</Time>
          <Position>
            <LatitudeDegrees>42.3638600</LatitudeDegrees>
            <LongitudeDegrees>-3.6094400</LongitudeDegrees>
          </Position>
          <AltitudeMeters>894.6</AltitudeMeters>
          <DistanceMeters>40452.9</DistanceMeters>
        </Trackpoint>
        <Trackpoint>
          <Time>2027-05-09T09:41:57Z</Time>
          <Position>
            <LatitudeDegrees>42.3638700</LatitudeDegrees>
            <LongitudeDegrees>-3.6098700</LongitudeDegrees>
          </Position>
          <AltitudeMeters>894.6</AltitudeMeters>
          <DistanceMeters>40488.2</DistanceMeters>
        </Trackpoint>
        <Trackpoint>
          <Time>2027-05-09T09:42:10Z</Time>
          <Position>
            <LatitudeDegrees>42.3640100</LatitudeDegrees>
            <LongitudeDegrees>-3.6105100</LongitudeDegrees>
          </Position>
          <AltitudeMeters>894.3</AltitudeMeters>
          <DistanceMeters>40543.0</DistanceMeters>
        </Trackpoint>
        <Trackpoint>
          <Time>2027-05-09T09:42:23Z</Time>
          <Position>
            <LatitudeDegrees>42.3641500</LatitudeDegrees>
            <LongitudeDegrees>-3.6111600</LongitudeDegrees>
          </Position>
          <AltitudeMeters>893.8</AltitudeMeters>
          <DistanceMeters>40598.7</DistanceMeters>
        </Trackpoint>
        <Trackpoint>
          <Time>2027-05-09T09:42:36Z</Time>
          <Position>
            <LatitudeDegrees>42.3642900</LatitudeDegrees>
            <LongitudeDegrees>-3.6118000</LongitudeDegrees>
          </Position>
          <AltitudeMeters>893.2</AltitudeMeters>
          <DistanceMeters>40653.5</DistanceMeters>
        </Trackpoint>
        <Trackpoint>
          <Time>2027-05-09T09:42:55Z</Time>
          <Position>
            <LatitudeDegrees>42.3643200</LatitudeDegrees>
            <LongitudeDegrees>-3.6127400</LongitudeDegrees>
          </Position>
          <AltitudeMeters>892.7</AltitudeMeters>
          <DistanceMeters>40730.8</DistanceMeters>
        </Trackpoint>
        <Trackpoint>
          <Time>2027-05-09T09:43:11Z</Time>
          <Position>
            <LatitudeDegrees>42.3641000</LatitudeDegrees>
            <LongitudeDegrees>-3.6135100</LongitudeDegrees>
          </Position>
          <AltitudeMeters>892.6</AltitudeMeters>
          <DistanceMeters>40798.6</DistanceMeters>
        </Trackpoint>
        <Trackpoint>
          <Time>2027-05-09T09:43:27Z</Time>
          <Position>
            <LatitudeDegrees>42.3638900</LatitudeDegrees>
            <LongitudeDegrees>-3.6142800</LongitudeDegrees>
          </Position>
          <AltitudeMeters>892.9</AltitudeMeters>
          <DistanceMeters>40866.1</DistanceMeters>
        </Trackpoint>
        <Trackpoint>
          <Time>2027-05-09T09:43:36Z</Time>
          <Position>
            <LatitudeDegrees>42.3636500</LatitudeDegrees>
            <LongitudeDegrees>-3.6146000</LongitudeDegrees>
          </Position>
          <AltitudeMeters>893.5</AltitudeMeters>
          <DistanceMeters>40903.5</DistanceMeters>
        </Trackpoint>
        <Trackpoint>
          <Time>2027-05-09T09:43:49Z</Time>
          <Position>
            <LatitudeDegrees>42.3632800</LatitudeDegrees>
            <LongitudeDegrees>-3.6149600</LongitudeDegrees>
          </Position>
          <AltitudeMeters>894.1</AltitudeMeters>
          <DistanceMeters>40954.2</DistanceMeters>
        </Trackpoint>
        <Trackpoint>
          <Time>2027-05-09T09:44:01Z</Time>
          <Position>
            <LatitudeDegrees>42.3629000</LatitudeDegrees>
            <LongitudeDegrees>-3.6153200</LongitudeDegrees>
          </Position>
          <AltitudeMeters>894.6</AltitudeMeters>
          <DistanceMeters>41005.8</DistanceMeters>
        </Trackpoint>
        <Trackpoint>
          <Time>2027-05-09T09:44:05Z</Time>
          <Position>
            <LatitudeDegrees>42.3628600</LatitudeDegrees>
            <LongitudeDegrees>-3.6155000</LongitudeDegrees>
          </Position>
          <AltitudeMeters>894.8</AltitudeMeters>
          <DistanceMeters>41021.2</DistanceMeters>
        </Trackpoint>
        <Trackpoint>
          <Time>2027-05-09T09:44:10Z</Time>
          <Position>
            <LatitudeDegrees>42.3629200</LatitudeDegrees>
            <LongitudeDegrees>-3.6157500</LongitudeDegrees>
          </Position>
          <AltitudeMeters>894.4</AltitudeMeters>
          <DistanceMeters>41042.8</DistanceMeters>
        </Trackpoint>
        <Trackpoint>
          <Time>2027-05-09T09:44:15Z</Time>
          <Position>
            <LatitudeDegrees>42.3630700</LatitudeDegrees>
            <LongitudeDegrees>-3.6159200</LongitudeDegrees>
          </Position>
          <AltitudeMeters>893.9</AltitudeMeters>
          <DistanceMeters>41064.6</DistanceMeters>
        </Trackpoint>
        <Trackpoint>
          <Time>2027-05-09T09:44:28Z</Time>
          <Position>
            <LatitudeDegrees>42.3635000</LatitudeDegrees>
            <LongitudeDegrees>-3.6162200</LongitudeDegrees>
          </Position>
          <AltitudeMeters>893.2</AltitudeMeters>
          <DistanceMeters>41118.4</DistanceMeters>
        </Trackpoint>
        <Trackpoint>
          <Time>2027-05-09T09:44:41Z</Time>
          <Position>
            <LatitudeDegrees>42.3639300</LatitudeDegrees>
            <LongitudeDegrees>-3.6165200</LongitudeDegrees>
          </Position>
          <AltitudeMeters>892.5</AltitudeMeters>
          <DistanceMeters>41172.2</DistanceMeters>
        </Trackpoint>
        <Trackpoint>
          <Time>2027-05-09T09:44:53Z</Time>
          <Position>
            <LatitudeDegrees>42.3641800</LatitudeDegrees>
            <LongitudeDegrees>-3.6170500</LongitudeDegrees>
          </Position>
          <AltitudeMeters>891.7</AltitudeMeters>
          <DistanceMeters>41223.8</DistanceMeters>
        </Trackpoint>
        <Trackpoint>
          <Time>2027-05-09T09:45:09Z</Time>
          <Position>
            <LatitudeDegrees>42.3643100</LatitudeDegrees>
            <LongitudeDegrees>-3.6178500</LongitudeDegrees>
          </Position>
          <AltitudeMeters>891.1</AltitudeMeters>
          <DistanceMeters>41291.1</DistanceMeters>
        </Trackpoint>
        <Trackpoint>
          <Time>2027-05-09T09:45:22Z</Time>
          <Position>
            <LatitudeDegrees>42.3643700</LatitudeDegrees>
            <LongitudeDegrees>-3.6185000</LongitudeDegrees>
          </Position>
          <AltitudeMeters>890.4</AltitudeMeters>
          <DistanceMeters>41344.9</DistanceMeters>
        </Trackpoint>
        <Trackpoint>
          <Time>2027-05-09T09:45:35Z</Time>
          <Position>
            <LatitudeDegrees>42.3644300</LatitudeDegrees>
            <LongitudeDegrees>-3.6191400</LongitudeDegrees>
          </Position>
          <AltitudeMeters>890.0</AltitudeMeters>
          <DistanceMeters>41397.9</DistanceMeters>
        </Trackpoint>
        <Trackpoint>
          <Time>2027-05-09T09:45:48Z</Time>
          <Position>
            <LatitudeDegrees>42.3644800</LatitudeDegrees>
            <LongitudeDegrees>-3.6197900</LongitudeDegrees>
          </Position>
          <AltitudeMeters>890.2</AltitudeMeters>
          <DistanceMeters>41451.6</DistanceMeters>
        </Trackpoint>
        <Trackpoint>
          <Time>2027-05-09T09:46:01Z</Time>
          <Position>
            <LatitudeDegrees>42.3645400</LatitudeDegrees>
            <LongitudeDegrees>-3.6204300</LongitudeDegrees>
          </Position>
          <AltitudeMeters>890.5</AltitudeMeters>
          <DistanceMeters>41504.6</DistanceMeters>
        </Trackpoint>
        <Trackpoint>
          <Time>2027-05-09T09:46:10Z</Time>
          <Position>
            <LatitudeDegrees>42.3642700</LatitudeDegrees>
            <LongitudeDegrees>-3.6207200</LongitudeDegrees>
          </Position>
          <AltitudeMeters>890.9</AltitudeMeters>
          <DistanceMeters>41543.0</DistanceMeters>
        </Trackpoint>
        <Trackpoint>
          <Time>2027-05-09T09:46:13Z</Time>
          <Position>
            <LatitudeDegrees>42.3642300</LatitudeDegrees>
            <LongitudeDegrees>-3.6208600</LongitudeDegrees>
          </Position>
          <AltitudeMeters>891.5</AltitudeMeters>
          <DistanceMeters>41555.3</DistanceMeters>
        </Trackpoint>
        <Trackpoint>
          <Time>2027-05-09T09:46:23Z</Time>
          <Position>
            <LatitudeDegrees>42.3643300</LatitudeDegrees>
            <LongitudeDegrees>-3.6213500</LongitudeDegrees>
          </Position>
          <AltitudeMeters>891.9</AltitudeMeters>
          <DistanceMeters>41597.1</DistanceMeters>
        </Trackpoint>
        <Trackpoint>
          <Time>2027-05-09T09:46:24Z</Time>
          <Position>
            <LatitudeDegrees>42.3643700</LatitudeDegrees>
            <LongitudeDegrees>-3.6213400</LongitudeDegrees>
          </Position>
          <AltitudeMeters>892.1</AltitudeMeters>
          <DistanceMeters>41601.6</DistanceMeters>
        </Trackpoint>
        <Trackpoint>
          <Time>2027-05-09T09:46:26Z</Time>
          <Position>
            <LatitudeDegrees>42.3644000</LatitudeDegrees>
            <LongitudeDegrees>-3.6214300</LongitudeDegrees>
          </Position>
          <AltitudeMeters>892.3</AltitudeMeters>
          <DistanceMeters>41609.7</DistanceMeters>
        </Trackpoint>
        <Trackpoint>
          <Time>2027-05-09T09:46:39Z</Time>
          <Position>
            <LatitudeDegrees>42.3642700</LatitudeDegrees>
            <LongitudeDegrees>-3.6220700</LongitudeDegrees>
          </Position>
          <AltitudeMeters>892.6</AltitudeMeters>
          <DistanceMeters>41664.2</DistanceMeters>
        </Trackpoint>
        <Trackpoint>
          <Time>2027-05-09T09:46:52Z</Time>
          <Position>
            <LatitudeDegrees>42.3641500</LatitudeDegrees>
            <LongitudeDegrees>-3.6227000</LongitudeDegrees>
          </Position>
          <AltitudeMeters>893.0</AltitudeMeters>
          <DistanceMeters>41717.7</DistanceMeters>
        </Trackpoint>
        <Trackpoint>
          <Time>2027-05-09T09:47:05Z</Time>
          <Position>
            <LatitudeDegrees>42.3640200</LatitudeDegrees>
            <LongitudeDegrees>-3.6233400</LongitudeDegrees>
          </Position>
          <AltitudeMeters>893.3</AltitudeMeters>
          <DistanceMeters>41772.2</DistanceMeters>
        </Trackpoint>
        <Trackpoint>
          <Time>2027-05-09T09:47:18Z</Time>
          <Position>
            <LatitudeDegrees>42.3638900</LatitudeDegrees>
            <LongitudeDegrees>-3.6239800</LongitudeDegrees>
          </Position>
          <AltitudeMeters>893.3</AltitudeMeters>
          <DistanceMeters>41826.7</DistanceMeters>
        </Trackpoint>
        <Trackpoint>
          <Time>2027-05-09T09:47:31Z</Time>
          <Position>
            <LatitudeDegrees>42.3637600</LatitudeDegrees>
            <LongitudeDegrees>-3.6246200</LongitudeDegrees>
          </Position>
          <AltitudeMeters>893.0</AltitudeMeters>
          <DistanceMeters>41881.3</DistanceMeters>
        </Trackpoint>
        <Trackpoint>
          <Time>2027-05-09T09:47:44Z</Time>
          <Position>
            <LatitudeDegrees>42.3636400</LatitudeDegrees>
            <LongitudeDegrees>-3.6252500</LongitudeDegrees>
          </Position>
          <AltitudeMeters>892.5</AltitudeMeters>
          <DistanceMeters>41934.7</DistanceMeters>
        </Trackpoint>
        <Trackpoint>
          <Time>2027-05-09T09:47:57Z</Time>
          <Position>
            <LatitudeDegrees>42.3635100</LatitudeDegrees>
            <LongitudeDegrees>-3.6258900</LongitudeDegrees>
          </Position>
          <AltitudeMeters>892.1</AltitudeMeters>
          <DistanceMeters>41989.3</DistanceMeters>
        </Trackpoint>
        <Trackpoint>
          <Time>2027-05-09T09:48:01Z</Time>
          <Position>
            <LatitudeDegrees>42.3634100</LatitudeDegrees>
            <LongitudeDegrees>-3.6260500</LongitudeDegrees>
          </Position>
          <AltitudeMeters>891.7</AltitudeMeters>
          <DistanceMeters>42006.5</DistanceMeters>
        </Trackpoint>
        <Trackpoint>
          <Time>2027-05-09T09:48:04Z</Time>
          <Position>
            <LatitudeDegrees>42.3634400</LatitudeDegrees>
            <LongitudeDegrees>-3.6262100</LongitudeDegrees>
          </Position>
          <AltitudeMeters>891.4</AltitudeMeters>
          <DistanceMeters>42020.0</DistanceMeters>
        </Trackpoint>
        <Trackpoint>
          <Time>2027-05-09T09:48:17Z</Time>
          <Position>
            <LatitudeDegrees>42.3633100</LatitudeDegrees>
            <LongitudeDegrees>-3.6268500</LongitudeDegrees>
          </Position>
          <AltitudeMeters>891.0</AltitudeMeters>
          <DistanceMeters>42074.6</DistanceMeters>
        </Trackpoint>
        <Trackpoint>
          <Time>2027-05-09T09:48:31Z</Time>
          <Position>
            <LatitudeDegrees>42.3631800</LatitudeDegrees>
            <LongitudeDegrees>-3.6275000</LongitudeDegrees>
          </Position>
          <AltitudeMeters>890.3</AltitudeMeters>
          <DistanceMeters>42129.9</DistanceMeters>
        </Trackpoint>
        <Trackpoint>
          <Time>2027-05-09T09:48:44Z</Time>
          <Position>
            <LatitudeDegrees>42.3630500</LatitudeDegrees>
            <LongitudeDegrees>-3.6281400</LongitudeDegrees>
          </Position>
          <AltitudeMeters>889.4</AltitudeMeters>
          <DistanceMeters>42184.4</DistanceMeters>
        </Trackpoint>
        <Trackpoint>
          <Time>2027-05-09T09:48:57Z</Time>
          <Position>
            <LatitudeDegrees>42.3629200</LatitudeDegrees>
            <LongitudeDegrees>-3.6287800</LongitudeDegrees>
          </Position>
          <AltitudeMeters>888.7</AltitudeMeters>
          <DistanceMeters>42239.0</DistanceMeters>
        </Trackpoint>
        <Trackpoint>
          <Time>2027-05-09T09:49:10Z</Time>
          <Position>
            <LatitudeDegrees>42.3627900</LatitudeDegrees>
            <LongitudeDegrees>-3.6294300</LongitudeDegrees>
          </Position>
          <AltitudeMeters>888.1</AltitudeMeters>
          <DistanceMeters>42294.3</DistanceMeters>
        </Trackpoint>
        <Trackpoint>
          <Time>2027-05-09T09:49:23Z</Time>
          <Position>
            <LatitudeDegrees>42.3626600</LatitudeDegrees>
            <LongitudeDegrees>-3.6300700</LongitudeDegrees>
          </Position>
          <AltitudeMeters>887.8</AltitudeMeters>
          <DistanceMeters>42348.8</DistanceMeters>
        </Trackpoint>
        <Trackpoint>
          <Time>2027-05-09T09:49:32Z</Time>
          <Position>
            <LatitudeDegrees>42.3625000</LatitudeDegrees>
            <LongitudeDegrees>-3.6304800</LongitudeDegrees>
          </Position>
          <AltitudeMeters>887.9</AltitudeMeters>
          <DistanceMeters>42386.9</DistanceMeters>
        </Trackpoint>
        <Trackpoint>
          <Time>2027-05-09T09:49:40Z</Time>
          <Position>
            <LatitudeDegrees>42.3625100</LatitudeDegrees>
            <LongitudeDegrees>-3.6308800</LongitudeDegrees>
          </Position>
          <AltitudeMeters>888.3</AltitudeMeters>
          <DistanceMeters>42419.8</DistanceMeters>
        </Trackpoint>
        <Trackpoint>
          <Time>2027-05-09T09:49:53Z</Time>
          <Position>
            <LatitudeDegrees>42.3623900</LatitudeDegrees>
            <LongitudeDegrees>-3.6315000</LongitudeDegrees>
          </Position>
          <AltitudeMeters>888.7</AltitudeMeters>
          <DistanceMeters>42472.5</DistanceMeters>
        </Trackpoint>
        <Trackpoint>
          <Time>2027-05-09T09:50:06Z</Time>
          <Position>
            <LatitudeDegrees>42.3622700</LatitudeDegrees>
            <LongitudeDegrees>-3.6321300</LongitudeDegrees>
          </Position>
          <AltitudeMeters>889.1</AltitudeMeters>
          <DistanceMeters>42525.9</DistanceMeters>
        </Trackpoint>
        <Trackpoint>
          <Time>2027-05-09T09:50:18Z</Time>
          <Position>
            <LatitudeDegrees>42.3621600</LatitudeDegrees>
            <LongitudeDegrees>-3.6327500</LongitudeDegrees>
          </Position>
          <AltitudeMeters>889.0</AltitudeMeters>
          <DistanceMeters>42578.3</DistanceMeters>
        </Trackpoint>
        <Trackpoint>
          <Time>2027-05-09T09:50:31Z</Time>
          <Position>
            <LatitudeDegrees>42.3620400</LatitudeDegrees>
            <LongitudeDegrees>-3.6333700</LongitudeDegrees>
          </Position>
          <AltitudeMeters>888.7</AltitudeMeters>
          <DistanceMeters>42631.0</DistanceMeters>
        </Trackpoint>
        <Trackpoint>
          <Time>2027-05-09T09:50:44Z</Time>
          <Position>
            <LatitudeDegrees>42.3619200</LatitudeDegrees>
            <LongitudeDegrees>-3.6339900</LongitudeDegrees>
          </Position>
          <AltitudeMeters>888.0</AltitudeMeters>
          <DistanceMeters>42683.6</DistanceMeters>
        </Trackpoint>
        <Trackpoint>
          <Time>2027-05-09T09:50:56Z</Time>
          <Position>
            <LatitudeDegrees>42.3618000</LatitudeDegrees>
            <LongitudeDegrees>-3.6346200</LongitudeDegrees>
          </Position>
          <AltitudeMeters>887.3</AltitudeMeters>
          <DistanceMeters>42737.1</DistanceMeters>
        </Trackpoint>
        <Trackpoint>
          <Time>2027-05-09T09:51:09Z</Time>
          <Position>
            <LatitudeDegrees>42.3616800</LatitudeDegrees>
            <LongitudeDegrees>-3.6352400</LongitudeDegrees>
          </Position>
          <AltitudeMeters>886.7</AltitudeMeters>
          <DistanceMeters>42789.7</DistanceMeters>
        </Trackpoint>
        <Trackpoint>
          <Time>2027-05-09T09:51:22Z</Time>
          <Position>
            <LatitudeDegrees>42.3615600</LatitudeDegrees>
            <LongitudeDegrees>-3.6358600</LongitudeDegrees>
          </Position>
          <AltitudeMeters>886.3</AltitudeMeters>
          <DistanceMeters>42842.4</DistanceMeters>
        </Trackpoint>
        <Trackpoint>
          <Time>2027-05-09T09:51:34Z</Time>
          <Position>
            <LatitudeDegrees>42.3614500</LatitudeDegrees>
            <LongitudeDegrees>-3.6364800</LongitudeDegrees>
          </Position>
          <AltitudeMeters>886.0</AltitudeMeters>
          <DistanceMeters>42894.8</DistanceMeters>
        </Trackpoint>
        <Trackpoint>
          <Time>2027-05-09T09:51:47Z</Time>
          <Position>
            <LatitudeDegrees>42.3613300</LatitudeDegrees>
            <LongitudeDegrees>-3.6371100</LongitudeDegrees>
          </Position>
          <AltitudeMeters>885.7</AltitudeMeters>
          <DistanceMeters>42948.2</DistanceMeters>
        </Trackpoint>
        <Trackpoint>
          <Time>2027-05-09T09:52:00Z</Time>
          <Position>
            <LatitudeDegrees>42.3612100</LatitudeDegrees>
            <LongitudeDegrees>-3.6377300</LongitudeDegrees>
          </Position>
          <AltitudeMeters>885.3</AltitudeMeters>
          <DistanceMeters>43000.9</DistanceMeters>
        </Trackpoint>
        <Trackpoint>
          <Time>2027-05-09T09:52:12Z</Time>
          <Position>
            <LatitudeDegrees>42.3610900</LatitudeDegrees>
            <LongitudeDegrees>-3.6383500</LongitudeDegrees>
          </Position>
          <AltitudeMeters>884.6</AltitudeMeters>
          <DistanceMeters>43053.6</DistanceMeters>
        </Trackpoint>
        <Trackpoint>
          <Time>2027-05-09T09:52:19Z</Time>
          <Position>
            <LatitudeDegrees>42.3609700</LatitudeDegrees>
            <LongitudeDegrees>-3.6386300</LongitudeDegrees>
          </Position>
          <AltitudeMeters>883.4</AltitudeMeters>
          <DistanceMeters>43080.2</DistanceMeters>
        </Trackpoint>
        <Trackpoint>
          <Time>2027-05-09T09:52:20Z</Time>
          <Position>
            <LatitudeDegrees>42.3610000</LatitudeDegrees>
            <LongitudeDegrees>-3.6386900</LongitudeDegrees>
          </Position>
          <AltitudeMeters>882.1</AltitudeMeters>
          <DistanceMeters>43086.1</DistanceMeters>
        </Trackpoint>
        <Trackpoint>
          <Time>2027-05-09T09:52:33Z</Time>
          <Position>
            <LatitudeDegrees>42.3606000</LatitudeDegrees>
            <LongitudeDegrees>-3.6390200</LongitudeDegrees>
          </Position>
          <AltitudeMeters>881.1</AltitudeMeters>
          <DistanceMeters>43138.2</DistanceMeters>
        </Trackpoint>
        <Trackpoint>
          <Time>2027-05-09T09:52:53Z</Time>
          <Position>
            <LatitudeDegrees>42.3603800</LatitudeDegrees>
            <LongitudeDegrees>-3.6400100</LongitudeDegrees>
          </Position>
          <AltitudeMeters>880.3</AltitudeMeters>
          <DistanceMeters>43223.1</DistanceMeters>
        </Trackpoint>
        <Trackpoint>
          <Time>2027-05-09T09:53:01Z</Time>
          <Position>
            <LatitudeDegrees>42.3605600</LatitudeDegrees>
            <LongitudeDegrees>-3.6403000</LongitudeDegrees>
          </Position>
          <AltitudeMeters>880.4</AltitudeMeters>
          <DistanceMeters>43254.3</DistanceMeters>
        </Trackpoint>
        <Trackpoint>
          <Time>2027-05-09T09:53:05Z</Time>
          <Position>
            <LatitudeDegrees>42.3604500</LatitudeDegrees>
            <LongitudeDegrees>-3.6404400</LongitudeDegrees>
          </Position>
          <AltitudeMeters>881.1</AltitudeMeters>
          <DistanceMeters>43271.1</DistanceMeters>
        </Trackpoint>
        <Trackpoint>
          <Time>2027-05-09T09:53:18Z</Time>
          <Position>
            <LatitudeDegrees>42.3604400</LatitudeDegrees>
            <LongitudeDegrees>-3.6411400</LongitudeDegrees>
          </Position>
          <AltitudeMeters>882.1</AltitudeMeters>
          <DistanceMeters>43328.6</DistanceMeters>
        </Trackpoint>
        <Trackpoint>
          <Time>2027-05-09T09:53:32Z</Time>
          <Position>
            <LatitudeDegrees>42.3604200</LatitudeDegrees>
            <LongitudeDegrees>-3.6418300</LongitudeDegrees>
          </Position>
          <AltitudeMeters>883.0</AltitudeMeters>
          <DistanceMeters>43385.3</DistanceMeters>
        </Trackpoint>
        <Trackpoint>
          <Time>2027-05-09T09:53:35Z</Time>
          <Position>
            <LatitudeDegrees>42.3603400</LatitudeDegrees>
            <LongitudeDegrees>-3.6419500</LongitudeDegrees>
          </Position>
          <AltitudeMeters>883.8</AltitudeMeters>
          <DistanceMeters>43398.6</DistanceMeters>
        </Trackpoint>
        <Trackpoint>
          <Time>2027-05-09T09:53:39Z</Time>
          <Position>
            <LatitudeDegrees>42.3601900</LatitudeDegrees>
            <LongitudeDegrees>-3.6419500</LongitudeDegrees>
          </Position>
          <AltitudeMeters>883.8</AltitudeMeters>
          <DistanceMeters>43415.3</DistanceMeters>
        </Trackpoint>
        <Trackpoint>
          <Time>2027-05-09T09:53:41Z</Time>
          <Position>
            <LatitudeDegrees>42.3601600</LatitudeDegrees>
            <LongitudeDegrees>-3.6420600</LongitudeDegrees>
          </Position>
          <AltitudeMeters>883.7</AltitudeMeters>
          <DistanceMeters>43424.9</DistanceMeters>
        </Trackpoint>
        <Trackpoint>
          <Time>2027-05-09T09:53:48Z</Time>
          <Position>
            <LatitudeDegrees>42.3603200</LatitudeDegrees>
            <LongitudeDegrees>-3.6422800</LongitudeDegrees>
          </Position>
          <AltitudeMeters>883.3</AltitudeMeters>
          <DistanceMeters>43450.3</DistanceMeters>
        </Trackpoint>
        <Trackpoint>
          <Time>2027-05-09T09:54:03Z</Time>
          <Position>
            <LatitudeDegrees>42.3603000</LatitudeDegrees>
            <LongitudeDegrees>-3.6430500</LongitudeDegrees>
          </Position>
          <AltitudeMeters>882.6</AltitudeMeters>
          <DistanceMeters>43513.6</DistanceMeters>
        </Trackpoint>
        <Trackpoint>
          <Time>2027-05-09T09:54:16Z</Time>
          <Position>
            <LatitudeDegrees>42.3601800</LatitudeDegrees>
            <LongitudeDegrees>-3.6436900</LongitudeDegrees>
          </Position>
          <AltitudeMeters>881.9</AltitudeMeters>
          <DistanceMeters>43567.8</DistanceMeters>
        </Trackpoint>
        <Trackpoint>
          <Time>2027-05-09T09:54:29Z</Time>
          <Position>
            <LatitudeDegrees>42.3600600</LatitudeDegrees>
            <LongitudeDegrees>-3.6443200</LongitudeDegrees>
          </Position>
          <AltitudeMeters>881.2</AltitudeMeters>
          <DistanceMeters>43621.3</DistanceMeters>
        </Trackpoint>
        <Trackpoint>
          <Time>2027-05-09T09:54:42Z</Time>
          <Position>
            <LatitudeDegrees>42.3599400</LatitudeDegrees>
            <LongitudeDegrees>-3.6449600</LongitudeDegrees>
          </Position>
          <AltitudeMeters>880.8</AltitudeMeters>
          <DistanceMeters>43675.5</DistanceMeters>
        </Trackpoint>
        <Trackpoint>
          <Time>2027-05-09T09:54:54Z</Time>
          <Position>
            <LatitudeDegrees>42.3598200</LatitudeDegrees>
            <LongitudeDegrees>-3.6455900</LongitudeDegrees>
          </Position>
          <AltitudeMeters>880.9</AltitudeMeters>
          <DistanceMeters>43729.0</DistanceMeters>
        </Trackpoint>
        <Trackpoint>
          <Time>2027-05-09T09:55:07Z</Time>
          <Position>
            <LatitudeDegrees>42.3597000</LatitudeDegrees>
            <LongitudeDegrees>-3.6462300</LongitudeDegrees>
          </Position>
          <AltitudeMeters>881.4</AltitudeMeters>
          <DistanceMeters>43783.3</DistanceMeters>
        </Trackpoint>
        <Trackpoint>
          <Time>2027-05-09T09:55:21Z</Time>
          <Position>
            <LatitudeDegrees>42.3595300</LatitudeDegrees>
            <LongitudeDegrees>-3.6468900</LongitudeDegrees>
          </Position>
          <AltitudeMeters>882.1</AltitudeMeters>
          <DistanceMeters>43840.7</DistanceMeters>
        </Trackpoint>
        <Trackpoint>
          <Time>2027-05-09T09:55:35Z</Time>
          <Position>
            <LatitudeDegrees>42.3593600</LatitudeDegrees>
            <LongitudeDegrees>-3.6475600</LongitudeDegrees>
          </Position>
          <AltitudeMeters>882.6</AltitudeMeters>
          <DistanceMeters>43898.9</DistanceMeters>
        </Trackpoint>
        <Trackpoint>
          <Time>2027-05-09T09:55:49Z</Time>
          <Position>
            <LatitudeDegrees>42.3591900</LatitudeDegrees>
            <LongitudeDegrees>-3.6482200</LongitudeDegrees>
          </Position>
          <AltitudeMeters>882.9</AltitudeMeters>
          <DistanceMeters>43956.3</DistanceMeters>
        </Trackpoint>
        <Trackpoint>
          <Time>2027-05-09T09:55:53Z</Time>
          <Position>
            <LatitudeDegrees>42.3590400</LatitudeDegrees>
            <LongitudeDegrees>-3.6481400</LongitudeDegrees>
          </Position>
          <AltitudeMeters>882.7</AltitudeMeters>
          <DistanceMeters>43974.2</DistanceMeters>
        </Trackpoint>
        <Trackpoint>
          <Time>2027-05-09T09:56:09Z</Time>
          <Position>
            <LatitudeDegrees>42.3588300</LatitudeDegrees>
            <LongitudeDegrees>-3.6488700</LongitudeDegrees>
          </Position>
          <AltitudeMeters>882.3</AltitudeMeters>
          <DistanceMeters>44038.6</DistanceMeters>
        </Trackpoint>
        <Trackpoint>
          <Time>2027-05-09T09:56:24Z</Time>
          <Position>
            <LatitudeDegrees>42.3586400</LatitudeDegrees>
            <LongitudeDegrees>-3.6495800</LongitudeDegrees>
          </Position>
          <AltitudeMeters>881.8</AltitudeMeters>
          <DistanceMeters>44100.7</DistanceMeters>
        </Trackpoint>
        <Trackpoint>
          <Time>2027-05-09T09:56:28Z</Time>
          <Position>
            <LatitudeDegrees>42.3587900</LatitudeDegrees>
            <LongitudeDegrees>-3.6496600</LongitudeDegrees>
          </Position>
          <AltitudeMeters>881.1</AltitudeMeters>
          <DistanceMeters>44118.6</DistanceMeters>
        </Trackpoint>
        <Trackpoint>
          <Time>2027-05-09T09:56:50Z</Time>
          <Position>
            <LatitudeDegrees>42.3585000</LatitudeDegrees>
            <LongitudeDegrees>-3.6506900</LongitudeDegrees>
          </Position>
          <AltitudeMeters>880.5</AltitudeMeters>
          <DistanceMeters>44209.2</DistanceMeters>
        </Trackpoint>
        <Trackpoint>
          <Time>2027-05-09T09:57:01Z</Time>
          <Position>
            <LatitudeDegrees>42.3581300</LatitudeDegrees>
            <LongitudeDegrees>-3.6509400</LongitudeDegrees>
          </Position>
          <AltitudeMeters>880.2</AltitudeMeters>
          <DistanceMeters>44255.1</DistanceMeters>
        </Trackpoint>
        <Trackpoint>
          <Time>2027-05-09T09:57:09Z</Time>
          <Position>
            <LatitudeDegrees>42.3580200</LatitudeDegrees>
            <LongitudeDegrees>-3.6513200</LongitudeDegrees>
          </Position>
          <AltitudeMeters>880.0</AltitudeMeters>
          <DistanceMeters>44288.7</DistanceMeters>
        </Trackpoint>
        <Trackpoint>
          <Time>2027-05-09T09:57:12Z</Time>
          <Position>
            <LatitudeDegrees>42.3581300</LatitudeDegrees>
            <LongitudeDegrees>-3.6514100</LongitudeDegrees>
          </Position>
          <AltitudeMeters>880.0</AltitudeMeters>
          <DistanceMeters>44303.0</DistanceMeters>
        </Trackpoint>
        <Trackpoint>
          <Time>2027-05-09T09:57:16Z</Time>
          <Position>
            <LatitudeDegrees>42.3582000</LatitudeDegrees>
            <LongitudeDegrees>-3.6515800</LongitudeDegrees>
          </Position>
          <AltitudeMeters>880.3</AltitudeMeters>
          <DistanceMeters>44319.0</DistanceMeters>
        </Trackpoint>
        <Trackpoint>
          <Time>2027-05-09T09:57:28Z</Time>
          <Position>
            <LatitudeDegrees>42.3580400</LatitudeDegrees>
            <LongitudeDegrees>-3.6521700</LongitudeDegrees>
          </Position>
          <AltitudeMeters>880.6</AltitudeMeters>
          <DistanceMeters>44370.6</DistanceMeters>
        </Trackpoint>
        <Trackpoint>
          <Time>2027-05-09T09:57:41Z</Time>
          <Position>
            <LatitudeDegrees>42.3578700</LatitudeDegrees>
            <LongitudeDegrees>-3.6527700</LongitudeDegrees>
          </Position>
          <AltitudeMeters>880.7</AltitudeMeters>
          <DistanceMeters>44423.4</DistanceMeters>
        </Trackpoint>
        <Trackpoint>
          <Time>2027-05-09T09:57:54Z</Time>
          <Position>
            <LatitudeDegrees>42.3577100</LatitudeDegrees>
            <LongitudeDegrees>-3.6533600</LongitudeDegrees>
          </Position>
          <AltitudeMeters>880.5</AltitudeMeters>
          <DistanceMeters>44475.0</DistanceMeters>
        </Trackpoint>
        <Trackpoint>
          <Time>2027-05-09T09:58:06Z</Time>
          <Position>
            <LatitudeDegrees>42.3575400</LatitudeDegrees>
            <LongitudeDegrees>-3.6539600</LongitudeDegrees>
          </Position>
          <AltitudeMeters>880.1</AltitudeMeters>
          <DistanceMeters>44527.8</DistanceMeters>
        </Trackpoint>
        <Trackpoint>
          <Time>2027-05-09T09:58:19Z</Time>
          <Position>
            <LatitudeDegrees>42.3573800</LatitudeDegrees>
            <LongitudeDegrees>-3.6545500</LongitudeDegrees>
          </Position>
          <AltitudeMeters>879.6</AltitudeMeters>
          <DistanceMeters>44579.5</DistanceMeters>
        </Trackpoint>
        <Trackpoint>
          <Time>2027-05-09T09:58:31Z</Time>
          <Position>
            <LatitudeDegrees>42.3572100</LatitudeDegrees>
            <LongitudeDegrees>-3.6551400</LongitudeDegrees>
          </Position>
          <AltitudeMeters>879.2</AltitudeMeters>
          <DistanceMeters>44631.5</DistanceMeters>
        </Trackpoint>
        <Trackpoint>
          <Time>2027-05-09T09:58:44Z</Time>
          <Position>
            <LatitudeDegrees>42.3570500</LatitudeDegrees>
            <LongitudeDegrees>-3.6557400</LongitudeDegrees>
          </Position>
          <AltitudeMeters>878.7</AltitudeMeters>
          <DistanceMeters>44683.9</DistanceMeters>
        </Trackpoint>
        <Trackpoint>
          <Time>2027-05-09T09:58:56Z</Time>
          <Position>
            <LatitudeDegrees>42.3568800</LatitudeDegrees>
            <LongitudeDegrees>-3.6563300</LongitudeDegrees>
          </Position>
          <AltitudeMeters>878.1</AltitudeMeters>
          <DistanceMeters>44736.0</DistanceMeters>
        </Trackpoint>
        <Trackpoint>
          <Time>2027-05-09T09:59:09Z</Time>
          <Position>
            <LatitudeDegrees>42.3567200</LatitudeDegrees>
            <LongitudeDegrees>-3.6569300</LongitudeDegrees>
          </Position>
          <AltitudeMeters>877.2</AltitudeMeters>
          <DistanceMeters>44788.4</DistanceMeters>
        </Trackpoint>
        <Trackpoint>
          <Time>2027-05-09T09:59:21Z</Time>
          <Position>
            <LatitudeDegrees>42.3565600</LatitudeDegrees>
            <LongitudeDegrees>-3.6575200</LongitudeDegrees>
          </Position>
          <AltitudeMeters>876.4</AltitudeMeters>
          <DistanceMeters>44840.0</DistanceMeters>
        </Trackpoint>
        <Trackpoint>
          <Time>2027-05-09T09:59:34Z</Time>
          <Position>
            <LatitudeDegrees>42.3563900</LatitudeDegrees>
            <LongitudeDegrees>-3.6581100</LongitudeDegrees>
          </Position>
          <AltitudeMeters>876.0</AltitudeMeters>
          <DistanceMeters>44892.0</DistanceMeters>
        </Trackpoint>
        <Trackpoint>
          <Time>2027-05-09T09:59:46Z</Time>
          <Position>
            <LatitudeDegrees>42.3562300</LatitudeDegrees>
            <LongitudeDegrees>-3.6587100</LongitudeDegrees>
          </Position>
          <AltitudeMeters>875.8</AltitudeMeters>
          <DistanceMeters>44944.5</DistanceMeters>
        </Trackpoint>
        <Trackpoint>
          <Time>2027-05-09T09:59:59Z</Time>
          <Position>
            <LatitudeDegrees>42.3560600</LatitudeDegrees>
            <LongitudeDegrees>-3.6593000</LongitudeDegrees>
          </Position>
          <AltitudeMeters>875.9</AltitudeMeters>
          <DistanceMeters>44996.5</DistanceMeters>
        </Trackpoint>
        <Trackpoint>
          <Time>2027-05-09T10:00:11Z</Time>
          <Position>
            <LatitudeDegrees>42.3559000</LatitudeDegrees>
            <LongitudeDegrees>-3.6598900</LongitudeDegrees>
          </Position>
          <AltitudeMeters>876.2</AltitudeMeters>
          <DistanceMeters>45048.1</DistanceMeters>
        </Trackpoint>
        <Trackpoint>
          <Time>2027-05-09T10:00:24Z</Time>
          <Position>
            <LatitudeDegrees>42.3557300</LatitudeDegrees>
            <LongitudeDegrees>-3.6604900</LongitudeDegrees>
          </Position>
          <AltitudeMeters>876.2</AltitudeMeters>
          <DistanceMeters>45100.9</DistanceMeters>
        </Trackpoint>
        <Trackpoint>
          <Time>2027-05-09T10:00:36Z</Time>
          <Position>
            <LatitudeDegrees>42.3555700</LatitudeDegrees>
            <LongitudeDegrees>-3.6610800</LongitudeDegrees>
          </Position>
          <AltitudeMeters>876.0</AltitudeMeters>
          <DistanceMeters>45152.6</DistanceMeters>
        </Trackpoint>
        <Trackpoint>
          <Time>2027-05-09T10:00:49Z</Time>
          <Position>
            <LatitudeDegrees>42.3554000</LatitudeDegrees>
            <LongitudeDegrees>-3.6616800</LongitudeDegrees>
          </Position>
          <AltitudeMeters>876.3</AltitudeMeters>
          <DistanceMeters>45205.4</DistanceMeters>
        </Trackpoint>
        <Trackpoint>
          <Time>2027-05-09T10:01:01Z</Time>
          <Position>
            <LatitudeDegrees>42.3552400</LatitudeDegrees>
            <LongitudeDegrees>-3.6622700</LongitudeDegrees>
          </Position>
          <AltitudeMeters>876.8</AltitudeMeters>
          <DistanceMeters>45257.0</DistanceMeters>
        </Trackpoint>
        <Trackpoint>
          <Time>2027-05-09T10:01:12Z</Time>
          <Position>
            <LatitudeDegrees>42.3550800</LatitudeDegrees>
            <LongitudeDegrees>-3.6627600</LongitudeDegrees>
          </Position>
          <AltitudeMeters>878.2</AltitudeMeters>
          <DistanceMeters>45301.0</DistanceMeters>
        </Trackpoint>
        <Trackpoint>
          <Time>2027-05-09T10:01:17Z</Time>
          <Position>
            <LatitudeDegrees>42.3549000</LatitudeDegrees>
            <LongitudeDegrees>-3.6627100</LongitudeDegrees>
          </Position>
          <AltitudeMeters>879.5</AltitudeMeters>
          <DistanceMeters>45321.5</DistanceMeters>
        </Trackpoint>
        <Trackpoint>
          <Time>2027-05-09T10:01:22Z</Time>
          <Position>
            <LatitudeDegrees>42.3548400</LatitudeDegrees>
            <LongitudeDegrees>-3.6629900</LongitudeDegrees>
          </Position>
          <AltitudeMeters>881.0</AltitudeMeters>
          <DistanceMeters>45345.4</DistanceMeters>
        </Trackpoint>
        <Trackpoint>
          <Time>2027-05-09T10:01:26Z</Time>
          <Position>
            <LatitudeDegrees>42.3549600</LatitudeDegrees>
            <LongitudeDegrees>-3.6630500</LongitudeDegrees>
          </Position>
          <AltitudeMeters>882.4</AltitudeMeters>
          <DistanceMeters>45359.7</DistanceMeters>
        </Trackpoint>
        <Trackpoint>
          <Time>2027-05-09T10:01:29Z</Time>
          <Position>
            <LatitudeDegrees>42.3549800</LatitudeDegrees>
            <LongitudeDegrees>-3.6632100</LongitudeDegrees>
          </Position>
          <AltitudeMeters>883.8</AltitudeMeters>
          <DistanceMeters>45373.0</DistanceMeters>
        </Trackpoint>
        <Trackpoint>
          <Time>2027-05-09T10:01:34Z</Time>
          <Position>
            <LatitudeDegrees>42.3549200</LatitudeDegrees>
            <LongitudeDegrees>-3.6634400</LongitudeDegrees>
          </Position>
          <AltitudeMeters>884.9</AltitudeMeters>
          <DistanceMeters>45393.0</DistanceMeters>
        </Trackpoint>
        <Trackpoint>
          <Time>2027-05-09T10:01:36Z</Time>
          <Position>
            <LatitudeDegrees>42.3548400</LatitudeDegrees>
            <LongitudeDegrees>-3.6634000</LongitudeDegrees>
          </Position>
          <AltitudeMeters>885.5</AltitudeMeters>
          <DistanceMeters>45402.5</DistanceMeters>
        </Trackpoint>
        <Trackpoint>
          <Time>2027-05-09T10:01:42Z</Time>
          <Position>
            <LatitudeDegrees>42.3547500</LatitudeDegrees>
            <LongitudeDegrees>-3.6637000</LongitudeDegrees>
          </Position>
          <AltitudeMeters>885.6</AltitudeMeters>
          <DistanceMeters>45429.1</DistanceMeters>
        </Trackpoint>
        <Trackpoint>
          <Time>2027-05-09T10:01:58Z</Time>
          <Position>
            <LatitudeDegrees>42.3545400</LatitudeDegrees>
            <LongitudeDegrees>-3.6644500</LongitudeDegrees>
          </Position>
          <AltitudeMeters>885.2</AltitudeMeters>
          <DistanceMeters>45495.0</DistanceMeters>
        </Trackpoint>
        <Trackpoint>
          <Time>2027-05-09T10:02:14Z</Time>
          <Position>
            <LatitudeDegrees>42.3543300</LatitudeDegrees>
            <LongitudeDegrees>-3.6652000</LongitudeDegrees>
          </Position>
          <AltitudeMeters>884.2</AltitudeMeters>
          <DistanceMeters>45560.9</DistanceMeters>
        </Trackpoint>
        <Trackpoint>
          <Time>2027-05-09T10:02:17Z</Time>
          <Position>
            <LatitudeDegrees>42.3544200</LatitudeDegrees>
            <LongitudeDegrees>-3.6652400</LongitudeDegrees>
          </Position>
          <AltitudeMeters>882.7</AltitudeMeters>
          <DistanceMeters>45571.5</DistanceMeters>
        </Trackpoint>
        <Trackpoint>
          <Time>2027-05-09T10:02:22Z</Time>
          <Position>
            <LatitudeDegrees>42.3543500</LatitudeDegrees>
            <LongitudeDegrees>-3.6655100</LongitudeDegrees>
          </Position>
          <AltitudeMeters>880.5</AltitudeMeters>
          <DistanceMeters>45595.0</DistanceMeters>
        </Trackpoint>
        <Trackpoint>
          <Time>2027-05-09T10:02:24Z</Time>
          <Position>
            <LatitudeDegrees>42.3543000</LatitudeDegrees>
            <LongitudeDegrees>-3.6655200</LongitudeDegrees>
          </Position>
          <AltitudeMeters>878.3</AltitudeMeters>
          <DistanceMeters>45600.6</DistanceMeters>
        </Trackpoint>
        <Trackpoint>
          <Time>2027-05-09T10:02:41Z</Time>
          <Position>
            <LatitudeDegrees>42.3540800</LatitudeDegrees>
            <LongitudeDegrees>-3.6663500</LongitudeDegrees>
          </Position>
          <AltitudeMeters>876.4</AltitudeMeters>
          <DistanceMeters>45673.1</DistanceMeters>
        </Trackpoint>
        <Trackpoint>
          <Time>2027-05-09T10:02:58Z</Time>
          <Position>
            <LatitudeDegrees>42.3538600</LatitudeDegrees>
            <LongitudeDegrees>-3.6671700</LongitudeDegrees>
          </Position>
          <AltitudeMeters>875.0</AltitudeMeters>
          <DistanceMeters>45744.7</DistanceMeters>
        </Trackpoint>
        <Trackpoint>
          <Time>2027-05-09T10:03:06Z</Time>
          <Position>
            <LatitudeDegrees>42.3541500</LatitudeDegrees>
            <LongitudeDegrees>-3.6673000</LongitudeDegrees>
          </Position>
          <AltitudeMeters>874.3</AltitudeMeters>
          <DistanceMeters>45778.7</DistanceMeters>
        </Trackpoint>
        <Trackpoint>
          <Time>2027-05-09T10:03:29Z</Time>
          <Position>
            <LatitudeDegrees>42.3538400</LatitudeDegrees>
            <LongitudeDegrees>-3.6683800</LongitudeDegrees>
          </Position>
          <AltitudeMeters>874.8</AltitudeMeters>
          <DistanceMeters>45873.9</DistanceMeters>
        </Trackpoint>
        <Trackpoint>
          <Time>2027-05-09T10:03:44Z</Time>
          <Position>
            <LatitudeDegrees>42.3537100</LatitudeDegrees>
            <LongitudeDegrees>-3.6691000</LongitudeDegrees>
          </Position>
          <AltitudeMeters>875.2</AltitudeMeters>
          <DistanceMeters>45934.8</DistanceMeters>
        </Trackpoint>
        <Trackpoint>
          <Time>2027-05-09T10:04:02Z</Time>
          <Position>
            <LatitudeDegrees>42.3533600</LatitudeDegrees>
            <LongitudeDegrees>-3.6698800</LongitudeDegrees>
          </Position>
          <AltitudeMeters>875.2</AltitudeMeters>
          <DistanceMeters>46009.8</DistanceMeters>
        </Trackpoint>
        <Trackpoint>
          <Time>2027-05-09T10:04:06Z</Time>
          <Position>
            <LatitudeDegrees>42.3534700</LatitudeDegrees>
            <LongitudeDegrees>-3.6700000</LongitudeDegrees>
          </Position>
          <AltitudeMeters>875.1</AltitudeMeters>
          <DistanceMeters>46025.5</DistanceMeters>
        </Trackpoint>
        <Trackpoint>
          <Time>2027-05-09T10:04:08Z</Time>
          <Position>
            <LatitudeDegrees>42.3534800</LatitudeDegrees>
            <LongitudeDegrees>-3.6701200</LongitudeDegrees>
          </Position>
          <AltitudeMeters>874.7</AltitudeMeters>
          <DistanceMeters>46035.4</DistanceMeters>
        </Trackpoint>
        <Trackpoint>
          <Time>2027-05-09T10:04:16Z</Time>
          <Position>
            <LatitudeDegrees>42.3533000</LatitudeDegrees>
            <LongitudeDegrees>-3.6704600</LongitudeDegrees>
          </Position>
          <AltitudeMeters>873.8</AltitudeMeters>
          <DistanceMeters>46069.8</DistanceMeters>
        </Trackpoint>
        <Trackpoint>
          <Time>2027-05-09T10:04:18Z</Time>
          <Position>
            <LatitudeDegrees>42.3532500</LatitudeDegrees>
            <LongitudeDegrees>-3.6704300</LongitudeDegrees>
          </Position>
          <AltitudeMeters>872.9</AltitudeMeters>
          <DistanceMeters>46075.9</DistanceMeters>
        </Trackpoint>
        <Trackpoint>
          <Time>2027-05-09T10:04:30Z</Time>
          <Position>
            <LatitudeDegrees>42.3530400</LatitudeDegrees>
            <LongitudeDegrees>-3.6710100</LongitudeDegrees>
          </Position>
          <AltitudeMeters>872.7</AltitudeMeters>
          <DistanceMeters>46129.0</DistanceMeters>
        </Trackpoint>
        <Trackpoint>
          <Time>2027-05-09T10:04:43Z</Time>
          <Position>
            <LatitudeDegrees>42.3528300</LatitudeDegrees>
            <LongitudeDegrees>-3.6715800</LongitudeDegrees>
          </Position>
          <AltitudeMeters>872.0</AltitudeMeters>
          <DistanceMeters>46181.3</DistanceMeters>
        </Trackpoint>
        <Trackpoint>
          <Time>2027-05-09T10:04:49Z</Time>
          <Position>
            <LatitudeDegrees>42.3526200</LatitudeDegrees>
            <LongitudeDegrees>-3.6714300</LongitudeDegrees>
          </Position>
          <AltitudeMeters>871.4</AltitudeMeters>
          <DistanceMeters>46207.7</DistanceMeters>
        </Trackpoint>
        <Trackpoint>
          <Time>2027-05-09T10:05:03Z</Time>
          <Position>
            <LatitudeDegrees>42.3523100</LatitudeDegrees>
            <LongitudeDegrees>-3.6720100</LongitudeDegrees>
          </Position>
          <AltitudeMeters>871.2</AltitudeMeters>
          <DistanceMeters>46266.5</DistanceMeters>
        </Trackpoint>
        <Trackpoint>
          <Time>2027-05-09T10:05:18Z</Time>
          <Position>
            <LatitudeDegrees>42.3519900</LatitudeDegrees>
            <LongitudeDegrees>-3.6725800</LongitudeDegrees>
          </Position>
          <AltitudeMeters>871.2</AltitudeMeters>
          <DistanceMeters>46325.4</DistanceMeters>
        </Trackpoint>
        <Trackpoint>
          <Time>2027-05-09T10:05:19Z</Time>
          <Position>
            <LatitudeDegrees>42.3519500</LatitudeDegrees>
            <LongitudeDegrees>-3.6726600</LongitudeDegrees>
          </Position>
          <AltitudeMeters>870.8</AltitudeMeters>
          <DistanceMeters>46333.3</DistanceMeters>
        </Trackpoint>
        <Trackpoint>
          <Time>2027-05-09T10:05:24Z</Time>
          <Position>
            <LatitudeDegrees>42.3521000</LatitudeDegrees>
            <LongitudeDegrees>-3.6728000</LongitudeDegrees>
          </Position>
          <AltitudeMeters>870.8</AltitudeMeters>
          <DistanceMeters>46353.6</DistanceMeters>
        </Trackpoint>
        <Trackpoint>
          <Time>2027-05-09T10:05:37Z</Time>
          <Position>
            <LatitudeDegrees>42.3518300</LatitudeDegrees>
            <LongitudeDegrees>-3.6733000</LongitudeDegrees>
          </Position>
          <AltitudeMeters>870.4</AltitudeMeters>
          <DistanceMeters>46404.4</DistanceMeters>
        </Trackpoint>
        <Trackpoint>
          <Time>2027-05-09T10:05:49Z</Time>
          <Position>
            <LatitudeDegrees>42.3515700</LatitudeDegrees>
            <LongitudeDegrees>-3.6738100</LongitudeDegrees>
          </Position>
          <AltitudeMeters>869.7</AltitudeMeters>
          <DistanceMeters>46455.4</DistanceMeters>
        </Trackpoint>
        <Trackpoint>
          <Time>2027-05-09T10:06:01Z</Time>
          <Position>
            <LatitudeDegrees>42.3513000</LatitudeDegrees>
            <LongitudeDegrees>-3.6743100</LongitudeDegrees>
          </Position>
          <AltitudeMeters>868.8</AltitudeMeters>
          <DistanceMeters>46506.2</DistanceMeters>
        </Trackpoint>
        <Trackpoint>
          <Time>2027-05-09T10:06:13Z</Time>
          <Position>
            <LatitudeDegrees>42.3510400</LatitudeDegrees>
            <LongitudeDegrees>-3.6748200</LongitudeDegrees>
          </Position>
          <AltitudeMeters>867.8</AltitudeMeters>
          <DistanceMeters>46557.2</DistanceMeters>
        </Trackpoint>
        <Trackpoint>
          <Time>2027-05-09T10:06:25Z</Time>
          <Position>
            <LatitudeDegrees>42.3507700</LatitudeDegrees>
            <LongitudeDegrees>-3.6753200</LongitudeDegrees>
          </Position>
          <AltitudeMeters>867.6</AltitudeMeters>
          <DistanceMeters>46608.0</DistanceMeters>
        </Trackpoint>
        <Trackpoint>
          <Time>2027-05-09T10:06:43Z</Time>
          <Position>
            <LatitudeDegrees>42.3501200</LatitudeDegrees>
            <LongitudeDegrees>-3.6754600</LongitudeDegrees>
          </Position>
          <AltitudeMeters>867.2</AltitudeMeters>
          <DistanceMeters>46681.2</DistanceMeters>
        </Trackpoint>
        <Trackpoint>
          <Time>2027-05-09T10:07:04Z</Time>
          <Position>
            <LatitudeDegrees>42.3495400</LatitudeDegrees>
            <LongitudeDegrees>-3.6761800</LongitudeDegrees>
          </Position>
          <AltitudeMeters>867.0</AltitudeMeters>
          <DistanceMeters>46768.8</DistanceMeters>
        </Trackpoint>
        <Trackpoint>
          <Time>2027-05-09T10:07:16Z</Time>
          <Position>
            <LatitudeDegrees>42.3492800</LatitudeDegrees>
            <LongitudeDegrees>-3.6766800</LongitudeDegrees>
          </Position>
          <AltitudeMeters>867.3</AltitudeMeters>
          <DistanceMeters>46819.0</DistanceMeters>
        </Trackpoint>
        <Trackpoint>
          <Time>2027-05-09T10:07:28Z</Time>
          <Position>
            <LatitudeDegrees>42.3490100</LatitudeDegrees>
            <LongitudeDegrees>-3.6771700</LongitudeDegrees>
          </Position>
          <AltitudeMeters>867.4</AltitudeMeters>
          <DistanceMeters>46869.2</DistanceMeters>
        </Trackpoint>
        <Trackpoint>
          <Time>2027-05-09T10:07:36Z</Time>
          <Position>
            <LatitudeDegrees>42.3490000</LatitudeDegrees>
            <LongitudeDegrees>-3.6775600</LongitudeDegrees>
          </Position>
          <AltitudeMeters>867.0</AltitudeMeters>
          <DistanceMeters>46901.3</DistanceMeters>
        </Trackpoint>
        <Trackpoint>
          <Time>2027-05-09T10:07:46Z</Time>
          <Position>
            <LatitudeDegrees>42.3488900</LatitudeDegrees>
            <LongitudeDegrees>-3.6780300</LongitudeDegrees>
          </Position>
          <AltitudeMeters>866.6</AltitudeMeters>
          <DistanceMeters>46941.8</DistanceMeters>
        </Trackpoint>
        <Trackpoint>
          <Time>2027-05-09T10:07:50Z</Time>
          <Position>
            <LatitudeDegrees>42.3489300</LatitudeDegrees>
            <LongitudeDegrees>-3.6782500</LongitudeDegrees>
          </Position>
          <AltitudeMeters>866.3</AltitudeMeters>
          <DistanceMeters>46960.4</DistanceMeters>
        </Trackpoint>
        <Trackpoint>
          <Time>2027-05-09T10:08:03Z</Time>
          <Position>
            <LatitudeDegrees>42.3488400</LatitudeDegrees>
            <LongitudeDegrees>-3.6789000</LongitudeDegrees>
          </Position>
          <AltitudeMeters>866.1</AltitudeMeters>
          <DistanceMeters>47014.8</DistanceMeters>
        </Trackpoint>
        <Trackpoint>
          <Time>2027-05-09T10:08:16Z</Time>
          <Position>
            <LatitudeDegrees>42.3487400</LatitudeDegrees>
            <LongitudeDegrees>-3.6795500</LongitudeDegrees>
          </Position>
          <AltitudeMeters>866.1</AltitudeMeters>
          <DistanceMeters>47069.3</DistanceMeters>
        </Trackpoint>
        <Trackpoint>
          <Time>2027-05-09T10:08:29Z</Time>
          <Position>
            <LatitudeDegrees>42.3486500</LatitudeDegrees>
            <LongitudeDegrees>-3.6802100</LongitudeDegrees>
          </Position>
          <AltitudeMeters>866.5</AltitudeMeters>
          <DistanceMeters>47124.5</DistanceMeters>
        </Trackpoint>
        <Trackpoint>
          <Time>2027-05-09T10:08:42Z</Time>
          <Position>
            <LatitudeDegrees>42.3485500</LatitudeDegrees>
            <LongitudeDegrees>-3.6808600</LongitudeDegrees>
          </Position>
          <AltitudeMeters>867.3</AltitudeMeters>
          <DistanceMeters>47179.0</DistanceMeters>
        </Trackpoint>
        <Trackpoint>
          <Time>2027-05-09T10:08:59Z</Time>
          <Position>
            <LatitudeDegrees>42.3480700</LatitudeDegrees>
            <LongitudeDegrees>-3.6813700</LongitudeDegrees>
          </Position>
          <AltitudeMeters>867.7</AltitudeMeters>
          <DistanceMeters>47246.9</DistanceMeters>
        </Trackpoint>
        <Trackpoint>
          <Time>2027-05-09T10:09:20Z</Time>
          <Position>
            <LatitudeDegrees>42.3473600</LatitudeDegrees>
            <LongitudeDegrees>-3.6818900</LongitudeDegrees>
          </Position>
          <AltitudeMeters>867.8</AltitudeMeters>
          <DistanceMeters>47336.7</DistanceMeters>
        </Trackpoint>
        <Trackpoint>
          <Time>2027-05-09T10:09:41Z</Time>
          <Position>
            <LatitudeDegrees>42.3467400</LatitudeDegrees>
            <LongitudeDegrees>-3.6825200</LongitudeDegrees>
          </Position>
          <AltitudeMeters>867.5</AltitudeMeters>
          <DistanceMeters>47422.9</DistanceMeters>
        </Trackpoint>
        <Trackpoint>
          <Time>2027-05-09T10:09:54Z</Time>
          <Position>
            <LatitudeDegrees>42.3464300</LatitudeDegrees>
            <LongitudeDegrees>-3.6830600</LongitudeDegrees>
          </Position>
          <AltitudeMeters>866.9</AltitudeMeters>
          <DistanceMeters>47479.1</DistanceMeters>
        </Trackpoint>
        <Trackpoint>
          <Time>2027-05-09T10:10:08Z</Time>
          <Position>
            <LatitudeDegrees>42.3461300</LatitudeDegrees>
            <LongitudeDegrees>-3.6836100</LongitudeDegrees>
          </Position>
          <AltitudeMeters>866.0</AltitudeMeters>
          <DistanceMeters>47535.3</DistanceMeters>
        </Trackpoint>
        <Trackpoint>
          <Time>2027-05-09T10:10:21Z</Time>
          <Position>
            <LatitudeDegrees>42.3458200</LatitudeDegrees>
            <LongitudeDegrees>-3.6841500</LongitudeDegrees>
          </Position>
          <AltitudeMeters>865.3</AltitudeMeters>
          <DistanceMeters>47591.5</DistanceMeters>
        </Trackpoint>
        <Trackpoint>
          <Time>2027-05-09T10:10:35Z</Time>
          <Position>
            <LatitudeDegrees>42.3455200</LatitudeDegrees>
            <LongitudeDegrees>-3.6847000</LongitudeDegrees>
          </Position>
          <AltitudeMeters>864.5</AltitudeMeters>
          <DistanceMeters>47647.6</DistanceMeters>
        </Trackpoint>
        <Trackpoint>
          <Time>2027-05-09T10:10:48Z</Time>
          <Position>
            <LatitudeDegrees>42.3452100</LatitudeDegrees>
            <LongitudeDegrees>-3.6852400</LongitudeDegrees>
          </Position>
          <AltitudeMeters>864.6</AltitudeMeters>
          <DistanceMeters>47703.8</DistanceMeters>
        </Trackpoint>
        <Trackpoint>
          <Time>2027-05-09T10:11:02Z</Time>
          <Position>
            <LatitudeDegrees>42.3449100</LatitudeDegrees>
            <LongitudeDegrees>-3.6857900</LongitudeDegrees>
          </Position>
          <AltitudeMeters>864.9</AltitudeMeters>
          <DistanceMeters>47760.0</DistanceMeters>
        </Trackpoint>
        <Trackpoint>
          <Time>2027-05-09T10:11:15Z</Time>
          <Position>
            <LatitudeDegrees>42.3446000</LatitudeDegrees>
            <LongitudeDegrees>-3.6863300</LongitudeDegrees>
          </Position>
          <AltitudeMeters>865.4</AltitudeMeters>
          <DistanceMeters>47816.2</DistanceMeters>
        </Trackpoint>
        <Trackpoint>
          <Time>2027-05-09T10:11:27Z</Time>
          <Position>
            <LatitudeDegrees>42.3450000</LatitudeDegrees>
            <LongitudeDegrees>-3.6865300</LongitudeDegrees>
          </Position>
          <AltitudeMeters>866.1</AltitudeMeters>
          <DistanceMeters>47863.6</DistanceMeters>
        </Trackpoint>
        <Trackpoint>
          <Time>2027-05-09T10:11:35Z</Time>
          <Position>
            <LatitudeDegrees>42.3449800</LatitudeDegrees>
            <LongitudeDegrees>-3.6869500</LongitudeDegrees>
          </Position>
          <AltitudeMeters>867.0</AltitudeMeters>
          <DistanceMeters>47898.2</DistanceMeters>
        </Trackpoint>
        <Trackpoint>
          <Time>2027-05-09T10:11:46Z</Time>
          <Position>
            <LatitudeDegrees>42.3453600</LatitudeDegrees>
            <LongitudeDegrees>-3.6871200</LongitudeDegrees>
          </Position>
          <AltitudeMeters>867.1</AltitudeMeters>
          <DistanceMeters>47942.7</DistanceMeters>
        </Trackpoint>
        <Trackpoint>
          <Time>2027-05-09T10:11:59Z</Time>
          <Position>
            <LatitudeDegrees>42.3451700</LatitudeDegrees>
            <LongitudeDegrees>-3.6877600</LongitudeDegrees>
          </Position>
          <AltitudeMeters>867.1</AltitudeMeters>
          <DistanceMeters>47999.4</DistanceMeters>
        </Trackpoint>
        <Trackpoint>
          <Time>2027-05-09T10:12:13Z</Time>
          <Position>
            <LatitudeDegrees>42.3449800</LatitudeDegrees>
            <LongitudeDegrees>-3.6883900</LongitudeDegrees>
          </Position>
          <AltitudeMeters>866.9</AltitudeMeters>
          <DistanceMeters>48055.3</DistanceMeters>
        </Trackpoint>
        <Trackpoint>
          <Time>2027-05-09T10:12:26Z</Time>
          <Position>
            <LatitudeDegrees>42.3447900</LatitudeDegrees>
            <LongitudeDegrees>-3.6890300</LongitudeDegrees>
          </Position>
          <AltitudeMeters>866.8</AltitudeMeters>
          <DistanceMeters>48112.0</DistanceMeters>
        </Trackpoint>
        <Trackpoint>
          <Time>2027-05-09T10:12:28Z</Time>
          <Position>
            <LatitudeDegrees>42.3448400</LatitudeDegrees>
            <LongitudeDegrees>-3.6890600</LongitudeDegrees>
          </Position>
          <AltitudeMeters>866.6</AltitudeMeters>
          <DistanceMeters>48118.1</DistanceMeters>
        </Trackpoint>
        <Trackpoint>
          <Time>2027-05-09T10:12:29Z</Time>
          <Position>
            <LatitudeDegrees>42.3448200</LatitudeDegrees>
            <LongitudeDegrees>-3.6891300</LongitudeDegrees>
          </Position>
          <AltitudeMeters>866.5</AltitudeMeters>
          <DistanceMeters>48124.3</DistanceMeters>
        </Trackpoint>
        <Trackpoint>
          <Time>2027-05-09T10:12:31Z</Time>
          <Position>
            <LatitudeDegrees>42.3447900</LatitudeDegrees>
            <LongitudeDegrees>-3.6892300</LongitudeDegrees>
          </Position>
          <AltitudeMeters>866.5</AltitudeMeters>
          <DistanceMeters>48133.1</DistanceMeters>
        </Trackpoint>
        <Trackpoint>
          <Time>2027-05-09T10:12:33Z</Time>
          <Position>
            <LatitudeDegrees>42.3447400</LatitudeDegrees>
            <LongitudeDegrees>-3.6892200</LongitudeDegrees>
          </Position>
          <AltitudeMeters>866.2</AltitudeMeters>
          <DistanceMeters>48138.7</DistanceMeters>
        </Trackpoint>
        <Trackpoint>
          <Time>2027-05-09T10:12:47Z</Time>
          <Position>
            <LatitudeDegrees>42.3445500</LatitudeDegrees>
            <LongitudeDegrees>-3.6898800</LongitudeDegrees>
          </Position>
          <AltitudeMeters>865.8</AltitudeMeters>
          <DistanceMeters>48197.0</DistanceMeters>
        </Trackpoint>
        <Trackpoint>
          <Time>2027-05-09T10:13:01Z</Time>
          <Position>
            <LatitudeDegrees>42.3443600</LatitudeDegrees>
            <LongitudeDegrees>-3.6905500</LongitudeDegrees>
          </Position>
          <AltitudeMeters>865.9</AltitudeMeters>
          <DistanceMeters>48255.9</DistanceMeters>
        </Trackpoint>
        <Trackpoint>
          <Time>2027-05-09T10:13:15Z</Time>
          <Position>
            <LatitudeDegrees>42.3441700</LatitudeDegrees>
            <LongitudeDegrees>-3.6912100</LongitudeDegrees>
          </Position>
          <AltitudeMeters>866.4</AltitudeMeters>
          <DistanceMeters>48314.1</DistanceMeters>
        </Trackpoint>
        <Trackpoint>
          <Time>2027-05-09T10:13:29Z</Time>
          <Position>
            <LatitudeDegrees>42.3439800</LatitudeDegrees>
            <LongitudeDegrees>-3.6918700</LongitudeDegrees>
          </Position>
          <AltitudeMeters>867.5</AltitudeMeters>
          <DistanceMeters>48372.4</DistanceMeters>
        </Trackpoint>
        <Trackpoint>
          <Time>2027-05-09T10:13:43Z</Time>
          <Position>
            <LatitudeDegrees>42.3438500</LatitudeDegrees>
            <LongitudeDegrees>-3.6925900</LongitudeDegrees>
          </Position>
          <AltitudeMeters>867.8</AltitudeMeters>
          <DistanceMeters>48433.3</DistanceMeters>
        </Trackpoint>
        <Trackpoint>
          <Time>2027-05-09T10:13:58Z</Time>
          <Position>
            <LatitudeDegrees>42.3437200</LatitudeDegrees>
            <LongitudeDegrees>-3.6933200</LongitudeDegrees>
          </Position>
          <AltitudeMeters>867.8</AltitudeMeters>
          <DistanceMeters>48495.0</DistanceMeters>
        </Trackpoint>
        <Trackpoint>
          <Time>2027-05-09T10:14:13Z</Time>
          <Position>
            <LatitudeDegrees>42.3435900</LatitudeDegrees>
            <LongitudeDegrees>-3.6940400</LongitudeDegrees>
          </Position>
          <AltitudeMeters>867.3</AltitudeMeters>
          <DistanceMeters>48555.9</DistanceMeters>
        </Trackpoint>
        <Trackpoint>
          <Time>2027-05-09T10:14:28Z</Time>
          <Position>
            <LatitudeDegrees>42.3434600</LatitudeDegrees>
            <LongitudeDegrees>-3.6947600</LongitudeDegrees>
          </Position>
          <AltitudeMeters>866.4</AltitudeMeters>
          <DistanceMeters>48616.8</DistanceMeters>
        </Trackpoint>
        <Trackpoint>
          <Time>2027-05-09T10:14:40Z</Time>
          <Position>
            <LatitudeDegrees>42.3433000</LatitudeDegrees>
            <LongitudeDegrees>-3.6953700</LongitudeDegrees>
          </Position>
          <AltitudeMeters>865.1</AltitudeMeters>
          <DistanceMeters>48670.0</DistanceMeters>
        </Trackpoint>
        <Trackpoint>
          <Time>2027-05-09T10:14:50Z</Time>
          <Position>
            <LatitudeDegrees>42.3430300</LatitudeDegrees>
            <LongitudeDegrees>-3.6956900</LongitudeDegrees>
          </Position>
          <AltitudeMeters>864.5</AltitudeMeters>
          <DistanceMeters>48709.9</DistanceMeters>
        </Trackpoint>
        <Trackpoint>
          <Time>2027-05-09T10:15:05Z</Time>
          <Position>
            <LatitudeDegrees>42.3429000</LatitudeDegrees>
            <LongitudeDegrees>-3.6964300</LongitudeDegrees>
          </Position>
          <AltitudeMeters>864.8</AltitudeMeters>
          <DistanceMeters>48772.4</DistanceMeters>
        </Trackpoint>
        <Trackpoint>
          <Time>2027-05-09T10:15:23Z</Time>
          <Position>
            <LatitudeDegrees>42.3428500</LatitudeDegrees>
            <LongitudeDegrees>-3.6973300</LongitudeDegrees>
          </Position>
          <AltitudeMeters>864.9</AltitudeMeters>
          <DistanceMeters>48846.6</DistanceMeters>
        </Trackpoint>
        <Trackpoint>
          <Time>2027-05-09T10:15:40Z</Time>
          <Position>
            <LatitudeDegrees>42.3427900</LatitudeDegrees>
            <LongitudeDegrees>-3.6982200</LongitudeDegrees>
          </Position>
          <AltitudeMeters>865.1</AltitudeMeters>
          <DistanceMeters>48920.1</DistanceMeters>
        </Trackpoint>
        <Trackpoint>
          <Time>2027-05-09T10:16:00Z</Time>
          <Position>
            <LatitudeDegrees>42.3428200</LatitudeDegrees>
            <LongitudeDegrees>-3.6992000</LongitudeDegrees>
          </Position>
          <AltitudeMeters>865.3</AltitudeMeters>
          <DistanceMeters>49000.7</DistanceMeters>
        </Trackpoint>
        <Trackpoint>
          <Time>2027-05-09T10:16:20Z</Time>
          <Position>
            <LatitudeDegrees>42.3430400</LatitudeDegrees>
            <LongitudeDegrees>-3.7001800</LongitudeDegrees>
          </Position>
          <AltitudeMeters>866.2</AltitudeMeters>
          <DistanceMeters>49084.9</DistanceMeters>
        </Trackpoint>
        <Trackpoint>
          <Time>2027-05-09T10:16:36Z</Time>
          <Position>
            <LatitudeDegrees>42.3433300</LatitudeDegrees>
            <LongitudeDegrees>-3.7009100</LongitudeDegrees>
          </Position>
          <AltitudeMeters>867.1</AltitudeMeters>
          <DistanceMeters>49153.0</DistanceMeters>
        </Trackpoint>
        <Trackpoint>
          <Time>2027-05-09T10:16:45Z</Time>
          <Position>
            <LatitudeDegrees>42.3433000</LatitudeDegrees>
            <LongitudeDegrees>-3.7013500</LongitudeDegrees>
          </Position>
          <AltitudeMeters>868.5</AltitudeMeters>
          <DistanceMeters>49189.3</DistanceMeters>
        </Trackpoint>
        <Trackpoint>
          <Time>2027-05-09T10:17:01Z</Time>
          <Position>
            <LatitudeDegrees>42.3431300</LatitudeDegrees>
            <LongitudeDegrees>-3.7021100</LongitudeDegrees>
          </Position>
          <AltitudeMeters>870.3</AltitudeMeters>
          <DistanceMeters>49254.5</DistanceMeters>
        </Trackpoint>
        <Trackpoint>
          <Time>2027-05-09T10:17:04Z</Time>
          <Position>
            <LatitudeDegrees>42.3431500</LatitudeDegrees>
            <LongitudeDegrees>-3.7022800</LongitudeDegrees>
          </Position>
          <AltitudeMeters>872.4</AltitudeMeters>
          <DistanceMeters>49268.7</DistanceMeters>
        </Trackpoint>
        <Trackpoint>
          <Time>2027-05-09T10:17:17Z</Time>
          <Position>
            <LatitudeDegrees>42.3428200</LatitudeDegrees>
            <LongitudeDegrees>-3.7027400</LongitudeDegrees>
          </Position>
          <AltitudeMeters>874.2</AltitudeMeters>
          <DistanceMeters>49321.4</DistanceMeters>
        </Trackpoint>
        <Trackpoint>
          <Time>2027-05-09T10:17:31Z</Time>
          <Position>
            <LatitudeDegrees>42.3425200</LatitudeDegrees>
            <LongitudeDegrees>-3.7033300</LongitudeDegrees>
          </Position>
          <AltitudeMeters>875.4</AltitudeMeters>
          <DistanceMeters>49380.2</DistanceMeters>
        </Trackpoint>
        <Trackpoint>
          <Time>2027-05-09T10:17:45Z</Time>
          <Position>
            <LatitudeDegrees>42.3422100</LatitudeDegrees>
            <LongitudeDegrees>-3.7039200</LongitudeDegrees>
          </Position>
          <AltitudeMeters>876.7</AltitudeMeters>
          <DistanceMeters>49439.7</DistanceMeters>
        </Trackpoint>
        <Trackpoint>
          <Time>2027-05-09T10:18:01Z</Time>
          <Position>
            <LatitudeDegrees>42.3416300</LatitudeDegrees>
            <LongitudeDegrees>-3.7042000</LongitudeDegrees>
          </Position>
          <AltitudeMeters>876.6</AltitudeMeters>
          <DistanceMeters>49508.2</DistanceMeters>
        </Trackpoint>
        <Trackpoint>
          <Time>2027-05-09T10:18:22Z</Time>
          <Position>
            <LatitudeDegrees>42.3409900</LatitudeDegrees>
            <LongitudeDegrees>-3.7047600</LongitudeDegrees>
          </Position>
          <AltitudeMeters>876.1</AltitudeMeters>
          <DistanceMeters>49593.0</DistanceMeters>
        </Trackpoint>
        <Trackpoint>
          <Time>2027-05-09T10:18:35Z</Time>
          <Position>
            <LatitudeDegrees>42.3406400</LatitudeDegrees>
            <LongitudeDegrees>-3.7052200</LongitudeDegrees>
          </Position>
          <AltitudeMeters>875.5</AltitudeMeters>
          <DistanceMeters>49647.2</DistanceMeters>
        </Trackpoint>
        <Trackpoint>
          <Time>2027-05-09T10:18:41Z</Time>
          <Position>
            <LatitudeDegrees>42.3405200</LatitudeDegrees>
            <LongitudeDegrees>-3.7054600</LongitudeDegrees>
          </Position>
          <AltitudeMeters>874.1</AltitudeMeters>
          <DistanceMeters>49671.0</DistanceMeters>
        </Trackpoint>
        <Trackpoint>
          <Time>2027-05-09T10:18:50Z</Time>
          <Position>
            <LatitudeDegrees>42.3404400</LatitudeDegrees>
            <LongitudeDegrees>-3.7059500</LongitudeDegrees>
          </Position>
          <AltitudeMeters>872.5</AltitudeMeters>
          <DistanceMeters>49712.3</DistanceMeters>
        </Trackpoint>
        <Trackpoint>
          <Time>2027-05-09T10:19:04Z</Time>
          <Position>
            <LatitudeDegrees>42.3401600</LatitudeDegrees>
            <LongitudeDegrees>-3.7065300</LongitudeDegrees>
          </Position>
          <AltitudeMeters>872.4</AltitudeMeters>
          <DistanceMeters>49769.2</DistanceMeters>
        </Trackpoint>
        <Trackpoint>
          <Time>2027-05-09T10:19:11Z</Time>
          <Position>
            <LatitudeDegrees>42.3401800</LatitudeDegrees>
            <LongitudeDegrees>-3.7068900</LongitudeDegrees>
          </Position>
          <AltitudeMeters>872.4</AltitudeMeters>
          <DistanceMeters>49798.9</DistanceMeters>
        </Trackpoint>
        <Trackpoint>
          <Time>2027-05-09T10:19:26Z</Time>
          <Position>
            <LatitudeDegrees>42.3404100</LatitudeDegrees>
            <LongitudeDegrees>-3.7075900</LongitudeDegrees>
          </Position>
          <AltitudeMeters>873.0</AltitudeMeters>
          <DistanceMeters>49861.8</DistanceMeters>
        </Trackpoint>
        <Trackpoint>
          <Time>2027-05-09T10:19:28Z</Time>
          <Position>
            <LatitudeDegrees>42.3403800</LatitudeDegrees>
            <LongitudeDegrees>-3.7076600</LongitudeDegrees>
          </Position>
          <AltitudeMeters>875.1</AltitudeMeters>
          <DistanceMeters>49868.5</DistanceMeters>
        </Trackpoint>
        <Trackpoint>
          <Time>2027-05-09T10:19:43Z</Time>
          <Position>
            <LatitudeDegrees>42.3406300</LatitudeDegrees>
            <LongitudeDegrees>-3.7083600</LongitudeDegrees>
          </Position>
          <AltitudeMeters>877.2</AltitudeMeters>
          <DistanceMeters>49932.4</DistanceMeters>
        </Trackpoint>
        <Trackpoint>
          <Time>2027-05-09T10:19:58Z</Time>
          <Position>
            <LatitudeDegrees>42.3408800</LatitudeDegrees>
            <LongitudeDegrees>-3.7090500</LongitudeDegrees>
          </Position>
          <AltitudeMeters>878.2</AltitudeMeters>
          <DistanceMeters>49995.5</DistanceMeters>
        </Trackpoint>
        <Trackpoint>
          <Time>2027-05-09T10:20:11Z</Time>
          <Position>
            <LatitudeDegrees>42.3410000</LatitudeDegrees>
            <LongitudeDegrees>-3.7096800</LongitudeDegrees>
          </Position>
          <AltitudeMeters>879.6</AltitudeMeters>
          <DistanceMeters>50049.0</DistanceMeters>
        </Trackpoint>
        <Trackpoint>
          <Time>2027-05-09T10:20:24Z</Time>
          <Position>
            <LatitudeDegrees>42.3411200</LatitudeDegrees>
            <LongitudeDegrees>-3.7103000</LongitudeDegrees>
          </Position>
          <AltitudeMeters>880.0</AltitudeMeters>
          <DistanceMeters>50101.7</DistanceMeters>
        </Trackpoint>
        <Trackpoint>
          <Time>2027-05-09T10:20:26Z</Time>
          <Position>
            <LatitudeDegrees>42.3411900</LatitudeDegrees>
            <LongitudeDegrees>-3.7102900</LongitudeDegrees>
          </Position>
          <AltitudeMeters>879.5</AltitudeMeters>
          <DistanceMeters>50109.5</DistanceMeters>
        </Trackpoint>
        <Trackpoint>
          <Time>2027-05-09T10:20:35Z</Time>
          <Position>
            <LatitudeDegrees>42.3412900</LatitudeDegrees>
            <LongitudeDegrees>-3.7107400</LongitudeDegrees>
          </Position>
          <AltitudeMeters>877.6</AltitudeMeters>
          <DistanceMeters>50148.1</DistanceMeters>
        </Trackpoint>
        <Trackpoint>
          <Time>2027-05-09T10:20:47Z</Time>
          <Position>
            <LatitudeDegrees>42.3415600</LatitudeDegrees>
            <LongitudeDegrees>-3.7112000</LongitudeDegrees>
          </Position>
          <AltitudeMeters>874.7</AltitudeMeters>
          <DistanceMeters>50196.4</DistanceMeters>
        </Trackpoint>
        <Trackpoint>
          <Time>2027-05-09T10:21:00Z</Time>
          <Position>
            <LatitudeDegrees>42.3416200</LatitudeDegrees>
            <LongitudeDegrees>-3.7118500</LongitudeDegrees>
          </Position>
          <AltitudeMeters>870.4</AltitudeMeters>
          <DistanceMeters>50250.3</DistanceMeters>
        </Trackpoint>
        <Trackpoint>
          <Time>2027-05-09T10:21:12Z</Time>
          <Position>
            <LatitudeDegrees>42.3416700</LatitudeDegrees>
            <LongitudeDegrees>-3.7124900</LongitudeDegrees>
          </Position>
          <AltitudeMeters>866.5</AltitudeMeters>
          <DistanceMeters>50303.2</DistanceMeters>
        </Trackpoint>
        <Trackpoint>
          <Time>2027-05-09T10:21:27Z</Time>
          <Position>
            <LatitudeDegrees>42.3418200</LatitudeDegrees>
            <LongitudeDegrees>-3.7132200</LongitudeDegrees>
          </Position>
          <AltitudeMeters>862.6</AltitudeMeters>
          <DistanceMeters>50365.4</DistanceMeters>
        </Trackpoint>
        <Trackpoint>
          <Time>2027-05-09T10:21:34Z</Time>
          <Position>
            <LatitudeDegrees>42.3416000</LatitudeDegrees>
            <LongitudeDegrees>-3.7133600</LongitudeDegrees>
          </Position>
          <AltitudeMeters>860.1</AltitudeMeters>
          <DistanceMeters>50392.5</DistanceMeters>
        </Trackpoint>
        <Trackpoint>
          <Time>2027-05-09T10:21:38Z</Time>
          <Position>
            <LatitudeDegrees>42.3414400</LatitudeDegrees>
            <LongitudeDegrees>-3.7133500</LongitudeDegrees>
          </Position>
          <AltitudeMeters>858.8</AltitudeMeters>
          <DistanceMeters>50410.3</DistanceMeters>
        </Trackpoint>
        <Trackpoint>
          <Time>2027-05-09T10:21:44Z</Time>
          <Position>
            <LatitudeDegrees>42.3412300</LatitudeDegrees>
            <LongitudeDegrees>-3.7134300</LongitudeDegrees>
          </Position>
          <AltitudeMeters>858.2</AltitudeMeters>
          <DistanceMeters>50434.5</DistanceMeters>
        </Trackpoint>
        <Trackpoint>
          <Time>2027-05-09T10:21:48Z</Time>
          <Position>
            <LatitudeDegrees>42.3411900</LatitudeDegrees>
            <LongitudeDegrees>-3.7136200</LongitudeDegrees>
          </Position>
          <AltitudeMeters>857.2</AltitudeMeters>
          <DistanceMeters>50450.8</DistanceMeters>
        </Trackpoint>
        <Trackpoint>
          <Time>2027-05-09T10:22:02Z</Time>
          <Position>
            <LatitudeDegrees>42.3414400</LatitudeDegrees>
            <LongitudeDegrees>-3.7142600</LongitudeDegrees>
          </Position>
          <AltitudeMeters>856.4</AltitudeMeters>
          <DistanceMeters>50510.3</DistanceMeters>
        </Trackpoint>
        <Trackpoint>
          <Time>2027-05-09T10:22:17Z</Time>
          <Position>
            <LatitudeDegrees>42.3418000</LatitudeDegrees>
            <LongitudeDegrees>-3.7148600</LongitudeDegrees>
          </Position>
          <AltitudeMeters>855.8</AltitudeMeters>
          <DistanceMeters>50573.8</DistanceMeters>
        </Trackpoint>
        <Trackpoint>
          <Time>2027-05-09T10:22:19Z</Time>
          <Position>
            <LatitudeDegrees>42.3417900</LatitudeDegrees>
            <LongitudeDegrees>-3.7149600</LongitudeDegrees>
          </Position>
          <AltitudeMeters>855.7</AltitudeMeters>
          <DistanceMeters>50582.1</DistanceMeters>
        </Trackpoint>
        <Trackpoint>
          <Time>2027-05-09T10:22:40Z</Time>
          <Position>
            <LatitudeDegrees>42.3414600</LatitudeDegrees>
            <LongitudeDegrees>-3.7159000</LongitudeDegrees>
          </Position>
          <AltitudeMeters>855.9</AltitudeMeters>
          <DistanceMeters>50667.6</DistanceMeters>
        </Trackpoint>
        <Trackpoint>
          <Time>2027-05-09T10:22:56Z</Time>
          <Position>
            <LatitudeDegrees>42.3410100</LatitudeDegrees>
            <LongitudeDegrees>-3.7164500</LongitudeDegrees>
          </Position>
          <AltitudeMeters>855.5</AltitudeMeters>
          <DistanceMeters>50735.0</DistanceMeters>
        </Trackpoint>
        <Trackpoint>
          <Time>2027-05-09T10:23:03Z</Time>
          <Position>
            <LatitudeDegrees>42.3409300</LatitudeDegrees>
            <LongitudeDegrees>-3.7167900</LongitudeDegrees>
          </Position>
          <AltitudeMeters>855.0</AltitudeMeters>
          <DistanceMeters>50764.4</DistanceMeters>
        </Trackpoint>
        <Trackpoint>
          <Time>2027-05-09T10:23:25Z</Time>
          <Position>
            <LatitudeDegrees>42.3404200</LatitudeDegrees>
            <LongitudeDegrees>-3.7176900</LongitudeDegrees>
          </Position>
          <AltitudeMeters>854.3</AltitudeMeters>
          <DistanceMeters>50857.6</DistanceMeters>
        </Trackpoint>
        <Trackpoint>
          <Time>2027-05-09T10:23:31Z</Time>
          <Position>
            <LatitudeDegrees>42.3404100</LatitudeDegrees>
            <LongitudeDegrees>-3.7179600</LongitudeDegrees>
          </Position>
          <AltitudeMeters>853.2</AltitudeMeters>
          <DistanceMeters>50879.8</DistanceMeters>
        </Trackpoint>
        <Trackpoint>
          <Time>2027-05-09T10:23:33Z</Time>
          <Position>
            <LatitudeDegrees>42.3403600</LatitudeDegrees>
            <LongitudeDegrees>-3.7180300</LongitudeDegrees>
          </Position>
          <AltitudeMeters>852.1</AltitudeMeters>
          <DistanceMeters>50887.8</DistanceMeters>
        </Trackpoint>
        <Trackpoint>
          <Time>2027-05-09T10:23:41Z</Time>
          <Position>
            <LatitudeDegrees>42.3405700</LatitudeDegrees>
            <LongitudeDegrees>-3.7183600</LongitudeDegrees>
          </Position>
          <AltitudeMeters>852.1</AltitudeMeters>
          <DistanceMeters>50923.6</DistanceMeters>
        </Trackpoint>
        <Trackpoint>
          <Time>2027-05-09T10:23:51Z</Time>
          <Position>
            <LatitudeDegrees>42.3403100</LatitudeDegrees>
            <LongitudeDegrees>-3.7187300</LongitudeDegrees>
          </Position>
          <AltitudeMeters>852.4</AltitudeMeters>
          <DistanceMeters>50965.5</DistanceMeters>
        </Trackpoint>
        <Trackpoint>
          <Time>2027-05-09T10:24:03Z</Time>
          <Position>
            <LatitudeDegrees>42.3403700</LatitudeDegrees>
            <LongitudeDegrees>-3.7193400</LongitudeDegrees>
          </Position>
          <AltitudeMeters>852.7</AltitudeMeters>
          <DistanceMeters>51016.1</DistanceMeters>
        </Trackpoint>
        <Trackpoint>
          <Time>2027-05-09T10:24:16Z</Time>
          <Position>
            <LatitudeDegrees>42.3404300</LatitudeDegrees>
            <LongitudeDegrees>-3.7199600</LongitudeDegrees>
          </Position>
          <AltitudeMeters>853.4</AltitudeMeters>
          <DistanceMeters>51067.5</DistanceMeters>
        </Trackpoint>
        <Trackpoint>
          <Time>2027-05-09T10:24:28Z</Time>
          <Position>
            <LatitudeDegrees>42.3405000</LatitudeDegrees>
            <LongitudeDegrees>-3.7205800</LongitudeDegrees>
          </Position>
          <AltitudeMeters>854.1</AltitudeMeters>
          <DistanceMeters>51119.1</DistanceMeters>
        </Trackpoint>
        <Trackpoint>
          <Time>2027-05-09T10:24:40Z</Time>
          <Position>
            <LatitudeDegrees>42.3405600</LatitudeDegrees>
            <LongitudeDegrees>-3.7211900</LongitudeDegrees>
          </Position>
          <AltitudeMeters>854.4</AltitudeMeters>
          <DistanceMeters>51169.6</DistanceMeters>
        </Trackpoint>
        <Trackpoint>
          <Time>2027-05-09T10:24:53Z</Time>
          <Position>
            <LatitudeDegrees>42.3406200</LatitudeDegrees>
            <LongitudeDegrees>-3.7218100</LongitudeDegrees>
          </Position>
          <AltitudeMeters>854.1</AltitudeMeters>
          <DistanceMeters>51221.0</DistanceMeters>
        </Trackpoint>
        <Trackpoint>
          <Time>2027-05-09T10:25:05Z</Time>
          <Position>
            <LatitudeDegrees>42.3406800</LatitudeDegrees>
            <LongitudeDegrees>-3.7224200</LongitudeDegrees>
          </Position>
          <AltitudeMeters>853.5</AltitudeMeters>
          <DistanceMeters>51271.6</DistanceMeters>
        </Trackpoint>
        <Trackpoint>
          <Time>2027-05-09T10:25:17Z</Time>
          <Position>
            <LatitudeDegrees>42.3407400</LatitudeDegrees>
            <LongitudeDegrees>-3.7230400</LongitudeDegrees>
          </Position>
          <AltitudeMeters>852.6</AltitudeMeters>
          <DistanceMeters>51323.0</DistanceMeters>
        </Trackpoint>
        <Trackpoint>
          <Time>2027-05-09T10:25:29Z</Time>
          <Position>
            <LatitudeDegrees>42.3408000</LatitudeDegrees>
            <LongitudeDegrees>-3.7236500</LongitudeDegrees>
          </Position>
          <AltitudeMeters>851.7</AltitudeMeters>
          <DistanceMeters>51373.6</DistanceMeters>
        </Trackpoint>
        <Trackpoint>
          <Time>2027-05-09T10:25:42Z</Time>
          <Position>
            <LatitudeDegrees>42.3408700</LatitudeDegrees>
            <LongitudeDegrees>-3.7242700</LongitudeDegrees>
          </Position>
          <AltitudeMeters>850.8</AltitudeMeters>
          <DistanceMeters>51425.1</DistanceMeters>
        </Trackpoint>
        <Trackpoint>
          <Time>2027-05-09T10:25:54Z</Time>
          <Position>
            <LatitudeDegrees>42.3409300</LatitudeDegrees>
            <LongitudeDegrees>-3.7248800</LongitudeDegrees>
          </Position>
          <AltitudeMeters>850.2</AltitudeMeters>
          <DistanceMeters>51475.7</DistanceMeters>
        </Trackpoint>
        <Trackpoint>
          <Time>2027-05-09T10:26:06Z</Time>
          <Position>
            <LatitudeDegrees>42.3409900</LatitudeDegrees>
            <LongitudeDegrees>-3.7255000</LongitudeDegrees>
          </Position>
          <AltitudeMeters>849.9</AltitudeMeters>
          <DistanceMeters>51527.1</DistanceMeters>
        </Trackpoint>
        <Trackpoint>
          <Time>2027-05-09T10:26:18Z</Time>
          <Position>
            <LatitudeDegrees>42.3410500</LatitudeDegrees>
            <LongitudeDegrees>-3.7261100</LongitudeDegrees>
          </Position>
          <AltitudeMeters>849.6</AltitudeMeters>
          <DistanceMeters>51577.7</DistanceMeters>
        </Trackpoint>
        <Trackpoint>
          <Time>2027-05-09T10:26:22Z</Time>
          <Position>
            <LatitudeDegrees>42.3410300</LatitudeDegrees>
            <LongitudeDegrees>-3.7263200</LongitudeDegrees>
          </Position>
          <AltitudeMeters>849.4</AltitudeMeters>
          <DistanceMeters>51595.1</DistanceMeters>
        </Trackpoint>
        <Trackpoint>
          <Time>2027-05-09T10:26:34Z</Time>
          <Position>
            <LatitudeDegrees>42.3411600</LatitudeDegrees>
            <LongitudeDegrees>-3.7269100</LongitudeDegrees>
          </Position>
          <AltitudeMeters>849.1</AltitudeMeters>
          <DistanceMeters>51645.7</DistanceMeters>
        </Trackpoint>
        <Trackpoint>
          <Time>2027-05-09T10:26:47Z</Time>
          <Position>
            <LatitudeDegrees>42.3412900</LatitudeDegrees>
            <LongitudeDegrees>-3.7275000</LongitudeDegrees>
          </Position>
          <AltitudeMeters>848.9</AltitudeMeters>
          <DistanceMeters>51696.3</DistanceMeters>
        </Trackpoint>
        <Trackpoint>
          <Time>2027-05-09T10:26:58Z</Time>
          <Position>
            <LatitudeDegrees>42.3416800</LatitudeDegrees>
            <LongitudeDegrees>-3.7273100</LongitudeDegrees>
          </Position>
          <AltitudeMeters>848.7</AltitudeMeters>
          <DistanceMeters>51742.4</DistanceMeters>
        </Trackpoint>
        <Trackpoint>
          <Time>2027-05-09T10:27:01Z</Time>
          <Position>
            <LatitudeDegrees>42.3416900</LatitudeDegrees>
            <LongitudeDegrees>-3.7274800</LongitudeDegrees>
          </Position>
          <AltitudeMeters>848.4</AltitudeMeters>
          <DistanceMeters>51756.4</DistanceMeters>
        </Trackpoint>
        <Trackpoint>
          <Time>2027-05-09T10:27:10Z</Time>
          <Position>
            <LatitudeDegrees>42.3420400</LatitudeDegrees>
            <LongitudeDegrees>-3.7274200</LongitudeDegrees>
          </Position>
          <AltitudeMeters>848.1</AltitudeMeters>
          <DistanceMeters>51795.6</DistanceMeters>
        </Trackpoint>
        <Trackpoint>
          <Time>2027-05-09T10:27:24Z</Time>
          <Position>
            <LatitudeDegrees>42.3421100</LatitudeDegrees>
            <LongitudeDegrees>-3.7280900</LongitudeDegrees>
          </Position>
          <AltitudeMeters>847.9</AltitudeMeters>
          <DistanceMeters>51851.2</DistanceMeters>
        </Trackpoint>
        <Trackpoint>
          <Time>2027-05-09T10:27:37Z</Time>
          <Position>
            <LatitudeDegrees>42.3421700</LatitudeDegrees>
            <LongitudeDegrees>-3.7287600</LongitudeDegrees>
          </Position>
          <AltitudeMeters>847.7</AltitudeMeters>
          <DistanceMeters>51906.7</DistanceMeters>
        </Trackpoint>
        <Trackpoint>
          <Time>2027-05-09T10:27:40Z</Time>
          <Position>
            <LatitudeDegrees>42.3422700</LatitudeDegrees>
            <LongitudeDegrees>-3.7288400</LongitudeDegrees>
          </Position>
          <AltitudeMeters>847.5</AltitudeMeters>
          <DistanceMeters>51919.6</DistanceMeters>
        </Trackpoint>
        <Trackpoint>
          <Time>2027-05-09T10:27:44Z</Time>
          <Position>
            <LatitudeDegrees>42.3423400</LatitudeDegrees>
            <LongitudeDegrees>-3.7290100</LongitudeDegrees>
          </Position>
          <AltitudeMeters>847.3</AltitudeMeters>
          <DistanceMeters>51935.6</DistanceMeters>
        </Trackpoint>
        <Trackpoint>
          <Time>2027-05-09T10:27:50Z</Time>
          <Position>
            <LatitudeDegrees>42.3422700</LatitudeDegrees>
            <LongitudeDegrees>-3.7292800</LongitudeDegrees>
          </Position>
          <AltitudeMeters>846.7</AltitudeMeters>
          <DistanceMeters>51959.1</DistanceMeters>
        </Trackpoint>
        <Trackpoint>
          <Time>2027-05-09T10:28:04Z</Time>
          <Position>
            <LatitudeDegrees>42.3423400</LatitudeDegrees>
            <LongitudeDegrees>-3.7299800</LongitudeDegrees>
          </Position>
          <AltitudeMeters>846.1</AltitudeMeters>
          <DistanceMeters>52017.2</DistanceMeters>
        </Trackpoint>
        <Trackpoint>
          <Time>2027-05-09T10:28:18Z</Time>
          <Position>
            <LatitudeDegrees>42.3424100</LatitudeDegrees>
            <LongitudeDegrees>-3.7306800</LongitudeDegrees>
          </Position>
          <AltitudeMeters>845.8</AltitudeMeters>
          <DistanceMeters>52075.2</DistanceMeters>
        </Trackpoint>
        <Trackpoint>
          <Time>2027-05-09T10:28:31Z</Time>
          <Position>
            <LatitudeDegrees>42.3424800</LatitudeDegrees>
            <LongitudeDegrees>-3.7313800</LongitudeDegrees>
          </Position>
          <AltitudeMeters>845.3</AltitudeMeters>
          <DistanceMeters>52133.3</DistanceMeters>
        </Trackpoint>
        <Trackpoint>
          <Time>2027-05-09T10:28:45Z</Time>
          <Position>
            <LatitudeDegrees>42.3425500</LatitudeDegrees>
            <LongitudeDegrees>-3.7320800</LongitudeDegrees>
          </Position>
          <AltitudeMeters>844.6</AltitudeMeters>
          <DistanceMeters>52191.3</DistanceMeters>
        </Trackpoint>
        <Trackpoint>
          <Time>2027-05-09T10:28:59Z</Time>
          <Position>
            <LatitudeDegrees>42.3426200</LatitudeDegrees>
            <LongitudeDegrees>-3.7327800</LongitudeDegrees>
          </Position>
          <AltitudeMeters>844.5</AltitudeMeters>
          <DistanceMeters>52249.4</DistanceMeters>
        </Trackpoint>
        <Trackpoint>
          <Time>2027-05-09T10:29:13Z</Time>
          <Position>
            <LatitudeDegrees>42.3426900</LatitudeDegrees>
            <LongitudeDegrees>-3.7334800</LongitudeDegrees>
          </Position>
          <AltitudeMeters>844.3</AltitudeMeters>
          <DistanceMeters>52307.5</DistanceMeters>
        </Trackpoint>
        <Trackpoint>
          <Time>2027-05-09T10:29:15Z</Time>
          <Position>
            <LatitudeDegrees>42.3427700</LatitudeDegrees>
            <LongitudeDegrees>-3.7334800</LongitudeDegrees>
          </Position>
          <AltitudeMeters>843.8</AltitudeMeters>
          <DistanceMeters>52316.4</DistanceMeters>
        </Trackpoint>
        <Trackpoint>
          <Time>2027-05-09T10:29:19Z</Time>
          <Position>
            <LatitudeDegrees>42.3427900</LatitudeDegrees>
            <LongitudeDegrees>-3.7336600</LongitudeDegrees>
          </Position>
          <AltitudeMeters>843.7</AltitudeMeters>
          <DistanceMeters>52331.3</DistanceMeters>
        </Trackpoint>
        <Trackpoint>
          <Time>2027-05-09T10:29:24Z</Time>
          <Position>
            <LatitudeDegrees>42.3426700</LatitudeDegrees>
            <LongitudeDegrees>-3.7338300</LongitudeDegrees>
          </Position>
          <AltitudeMeters>844.1</AltitudeMeters>
          <DistanceMeters>52350.6</DistanceMeters>
        </Trackpoint>
        <Trackpoint>
          <Time>2027-05-09T10:29:36Z</Time>
          <Position>
            <LatitudeDegrees>42.3427300</LatitudeDegrees>
            <LongitudeDegrees>-3.7344400</LongitudeDegrees>
          </Position>
          <AltitudeMeters>844.2</AltitudeMeters>
          <DistanceMeters>52401.2</DistanceMeters>
        </Trackpoint>
        <Trackpoint>
          <Time>2027-05-09T10:29:48Z</Time>
          <Position>
            <LatitudeDegrees>42.3427900</LatitudeDegrees>
            <LongitudeDegrees>-3.7350500</LongitudeDegrees>
          </Position>
          <AltitudeMeters>844.2</AltitudeMeters>
          <DistanceMeters>52451.8</DistanceMeters>
        </Trackpoint>
        <Trackpoint>
          <Time>2027-05-09T10:30:00Z</Time>
          <Position>
            <LatitudeDegrees>42.3428600</LatitudeDegrees>
            <LongitudeDegrees>-3.7356600</LongitudeDegrees>
          </Position>
          <AltitudeMeters>844.2</AltitudeMeters>
          <DistanceMeters>52502.5</DistanceMeters>
        </Trackpoint>
        <Trackpoint>
          <Time>2027-05-09T10:30:12Z</Time>
          <Position>
            <LatitudeDegrees>42.3429200</LatitudeDegrees>
            <LongitudeDegrees>-3.7362700</LongitudeDegrees>
          </Position>
          <AltitudeMeters>844.1</AltitudeMeters>
          <DistanceMeters>52553.1</DistanceMeters>
        </Trackpoint>
        <Trackpoint>
          <Time>2027-05-09T10:30:16Z</Time>
          <Position>
            <LatitudeDegrees>42.3430200</LatitudeDegrees>
            <LongitudeDegrees>-3.7364200</LongitudeDegrees>
          </Position>
          <AltitudeMeters>843.8</AltitudeMeters>
          <DistanceMeters>52569.7</DistanceMeters>
        </Trackpoint>
        <Trackpoint>
          <Time>2027-05-09T10:30:19Z</Time>
          <Position>
            <LatitudeDegrees>42.3431100</LatitudeDegrees>
            <LongitudeDegrees>-3.7364500</LongitudeDegrees>
          </Position>
          <AltitudeMeters>843.7</AltitudeMeters>
          <DistanceMeters>52580.0</DistanceMeters>
        </Trackpoint>
        <Trackpoint>
          <Time>2027-05-09T10:30:22Z</Time>
          <Position>
            <LatitudeDegrees>42.3430900</LatitudeDegrees>
            <LongitudeDegrees>-3.7366200</LongitudeDegrees>
          </Position>
          <AltitudeMeters>843.8</AltitudeMeters>
          <DistanceMeters>52594.2</DistanceMeters>
        </Trackpoint>
        <Trackpoint>
          <Time>2027-05-09T10:30:25Z</Time>
          <Position>
            <LatitudeDegrees>42.3431800</LatitudeDegrees>
            <LongitudeDegrees>-3.7367300</LongitudeDegrees>
          </Position>
          <AltitudeMeters>844.2</AltitudeMeters>
          <DistanceMeters>52607.6</DistanceMeters>
        </Trackpoint>
        <Trackpoint>
          <Time>2027-05-09T10:30:31Z</Time>
          <Position>
            <LatitudeDegrees>42.3432500</LatitudeDegrees>
            <LongitudeDegrees>-3.7370100</LongitudeDegrees>
          </Position>
          <AltitudeMeters>844.6</AltitudeMeters>
          <DistanceMeters>52631.9</DistanceMeters>
        </Trackpoint>
        <Trackpoint>
          <Time>2027-05-09T10:30:44Z</Time>
          <Position>
            <LatitudeDegrees>42.3433700</LatitudeDegrees>
            <LongitudeDegrees>-3.7376300</LongitudeDegrees>
          </Position>
          <AltitudeMeters>844.8</AltitudeMeters>
          <DistanceMeters>52684.6</DistanceMeters>
        </Trackpoint>
        <Trackpoint>
          <Time>2027-05-09T10:30:57Z</Time>
          <Position>
            <LatitudeDegrees>42.3434900</LatitudeDegrees>
            <LongitudeDegrees>-3.7382600</LongitudeDegrees>
          </Position>
          <AltitudeMeters>844.7</AltitudeMeters>
          <DistanceMeters>52738.1</DistanceMeters>
        </Trackpoint>
        <Trackpoint>
          <Time>2027-05-09T10:31:09Z</Time>
          <Position>
            <LatitudeDegrees>42.3436100</LatitudeDegrees>
            <LongitudeDegrees>-3.7388800</LongitudeDegrees>
          </Position>
          <AltitudeMeters>844.4</AltitudeMeters>
          <DistanceMeters>52790.8</DistanceMeters>
        </Trackpoint>
        <Trackpoint>
          <Time>2027-05-09T10:31:23Z</Time>
          <Position>
            <LatitudeDegrees>42.3436800</LatitudeDegrees>
            <LongitudeDegrees>-3.7395800</LongitudeDegrees>
          </Position>
          <AltitudeMeters>843.8</AltitudeMeters>
          <DistanceMeters>52848.8</DistanceMeters>
        </Trackpoint>
        <Trackpoint>
          <Time>2027-05-09T10:31:37Z</Time>
          <Position>
            <LatitudeDegrees>42.3437500</LatitudeDegrees>
            <LongitudeDegrees>-3.7402800</LongitudeDegrees>
          </Position>
          <AltitudeMeters>843.4</AltitudeMeters>
          <DistanceMeters>52906.9</DistanceMeters>
        </Trackpoint>
        <Trackpoint>
          <Time>2027-05-09T10:31:50Z</Time>
          <Position>
            <LatitudeDegrees>42.3437200</LatitudeDegrees>
            <LongitudeDegrees>-3.7409500</LongitudeDegrees>
          </Position>
          <AltitudeMeters>843.0</AltitudeMeters>
          <DistanceMeters>52962.0</DistanceMeters>
        </Trackpoint>
        <Trackpoint>
          <Time>2027-05-09T10:32:04Z</Time>
          <Position>
            <LatitudeDegrees>42.3436900</LatitudeDegrees>
            <LongitudeDegrees>-3.7416200</LongitudeDegrees>
          </Position>
          <AltitudeMeters>842.7</AltitudeMeters>
          <DistanceMeters>53017.2</DistanceMeters>
        </Trackpoint>
        <Trackpoint>
          <Time>2027-05-09T10:32:17Z</Time>
          <Position>
            <LatitudeDegrees>42.3436700</LatitudeDegrees>
            <LongitudeDegrees>-3.7422900</LongitudeDegrees>
          </Position>
          <AltitudeMeters>842.5</AltitudeMeters>
          <DistanceMeters>53072.3</DistanceMeters>
        </Trackpoint>
        <Trackpoint>
          <Time>2027-05-09T10:32:30Z</Time>
          <Position>
            <LatitudeDegrees>42.3436400</LatitudeDegrees>
            <LongitudeDegrees>-3.7429600</LongitudeDegrees>
          </Position>
          <AltitudeMeters>842.2</AltitudeMeters>
          <DistanceMeters>53127.5</DistanceMeters>
        </Trackpoint>
        <Trackpoint>
          <Time>2027-05-09T10:32:43Z</Time>
          <Position>
            <LatitudeDegrees>42.3436100</LatitudeDegrees>
            <LongitudeDegrees>-3.7436300</LongitudeDegrees>
          </Position>
          <AltitudeMeters>841.9</AltitudeMeters>
          <DistanceMeters>53182.6</DistanceMeters>
        </Trackpoint>
        <Trackpoint>
          <Time>2027-05-09T10:33:07Z</Time>
          <Position>
            <LatitudeDegrees>42.3436300</LatitudeDegrees>
            <LongitudeDegrees>-3.7448100</LongitudeDegrees>
          </Position>
          <AltitudeMeters>841.8</AltitudeMeters>
          <DistanceMeters>53279.6</DistanceMeters>
        </Trackpoint>
        <Trackpoint>
          <Time>2027-05-09T10:33:23Z</Time>
          <Position>
            <LatitudeDegrees>42.3438200</LatitudeDegrees>
            <LongitudeDegrees>-3.7456100</LongitudeDegrees>
          </Position>
          <AltitudeMeters>841.5</AltitudeMeters>
          <DistanceMeters>53348.7</DistanceMeters>
        </Trackpoint>
        <Trackpoint>
          <Time>2027-05-09T10:33:40Z</Time>
          <Position>
            <LatitudeDegrees>42.3441800</LatitudeDegrees>
            <LongitudeDegrees>-3.7462800</LongitudeDegrees>
          </Position>
          <AltitudeMeters>841.3</AltitudeMeters>
          <DistanceMeters>53416.8</DistanceMeters>
        </Trackpoint>
        <Trackpoint>
          <Time>2027-05-09T10:33:56Z</Time>
          <Position>
            <LatitudeDegrees>42.3445300</LatitudeDegrees>
            <LongitudeDegrees>-3.7469500</LongitudeDegrees>
          </Position>
          <AltitudeMeters>841.1</AltitudeMeters>
          <DistanceMeters>53484.2</DistanceMeters>
        </Trackpoint>
        <Trackpoint>
          <Time>2027-05-09T10:34:14Z</Time>
          <Position>
            <LatitudeDegrees>42.3448600</LatitudeDegrees>
            <LongitudeDegrees>-3.7477700</LongitudeDegrees>
          </Position>
          <AltitudeMeters>840.6</AltitudeMeters>
          <DistanceMeters>53560.9</DistanceMeters>
        </Trackpoint>
        <Trackpoint>
          <Time>2027-05-09T10:34:30Z</Time>
          <Position>
            <LatitudeDegrees>42.3450500</LatitudeDegrees>
            <LongitudeDegrees>-3.7485100</LongitudeDegrees>
          </Position>
          <AltitudeMeters>840.2</AltitudeMeters>
          <DistanceMeters>53625.3</DistanceMeters>
        </Trackpoint>
        <Trackpoint>
          <Time>2027-05-09T10:34:45Z</Time>
          <Position>
            <LatitudeDegrees>42.3452500</LatitudeDegrees>
            <LongitudeDegrees>-3.7492400</LongitudeDegrees>
          </Position>
          <AltitudeMeters>840.3</AltitudeMeters>
          <DistanceMeters>53689.3</DistanceMeters>
        </Trackpoint>
        <Trackpoint>
          <Time>2027-05-09T10:35:00Z</Time>
          <Position>
            <LatitudeDegrees>42.3454400</LatitudeDegrees>
            <LongitudeDegrees>-3.7499800</LongitudeDegrees>
          </Position>
          <AltitudeMeters>840.6</AltitudeMeters>
          <DistanceMeters>53753.7</DistanceMeters>
        </Trackpoint>
        <Trackpoint>
          <Time>2027-05-09T10:35:19Z</Time>
          <Position>
            <LatitudeDegrees>42.3458100</LatitudeDegrees>
            <LongitudeDegrees>-3.7507800</LongitudeDegrees>
          </Position>
          <AltitudeMeters>841.2</AltitudeMeters>
          <DistanceMeters>53831.2</DistanceMeters>
        </Trackpoint>
        <Trackpoint>
          <Time>2027-05-09T10:35:33Z</Time>
          <Position>
            <LatitudeDegrees>42.3461400</LatitudeDegrees>
            <LongitudeDegrees>-3.7513200</LongitudeDegrees>
          </Position>
          <AltitudeMeters>842.2</AltitudeMeters>
          <DistanceMeters>53888.8</DistanceMeters>
        </Trackpoint>
        <Trackpoint>
          <Time>2027-05-09T10:35:46Z</Time>
          <Position>
            <LatitudeDegrees>42.3464600</LatitudeDegrees>
            <LongitudeDegrees>-3.7518600</LongitudeDegrees>
          </Position>
          <AltitudeMeters>843.3</AltitudeMeters>
          <DistanceMeters>53945.7</DistanceMeters>
        </Trackpoint>
        <Trackpoint>
          <Time>2027-05-09T10:35:59Z</Time>
          <Position>
            <LatitudeDegrees>42.3466000</LatitudeDegrees>
            <LongitudeDegrees>-3.7524500</LongitudeDegrees>
          </Position>
          <AltitudeMeters>844.0</AltitudeMeters>
          <DistanceMeters>53996.6</DistanceMeters>
        </Trackpoint>
        <Trackpoint>
          <Time>2027-05-09T10:36:12Z</Time>
          <Position>
            <LatitudeDegrees>42.3466400</LatitudeDegrees>
            <LongitudeDegrees>-3.7531100</LongitudeDegrees>
          </Position>
          <AltitudeMeters>844.4</AltitudeMeters>
          <DistanceMeters>54051.1</DistanceMeters>
        </Trackpoint>
        <Trackpoint>
          <Time>2027-05-09T10:36:27Z</Time>
          <Position>
            <LatitudeDegrees>42.3469200</LatitudeDegrees>
            <LongitudeDegrees>-3.7537700</LongitudeDegrees>
          </Position>
          <AltitudeMeters>844.5</AltitudeMeters>
          <DistanceMeters>54113.6</DistanceMeters>
        </Trackpoint>
        <Trackpoint>
          <Time>2027-05-09T10:36:42Z</Time>
          <Position>
            <LatitudeDegrees>42.3471900</LatitudeDegrees>
            <LongitudeDegrees>-3.7544300</LongitudeDegrees>
          </Position>
          <AltitudeMeters>843.5</AltitudeMeters>
          <DistanceMeters>54175.6</DistanceMeters>
        </Trackpoint>
        <Trackpoint>
          <Time>2027-05-09T10:36:54Z</Time>
          <Position>
            <LatitudeDegrees>42.3473400</LatitudeDegrees>
            <LongitudeDegrees>-3.7550100</LongitudeDegrees>
          </Position>
          <AltitudeMeters>841.2</AltitudeMeters>
          <DistanceMeters>54226.1</DistanceMeters>
        </Trackpoint>
        <Trackpoint>
          <Time>2027-05-09T10:37:06Z</Time>
          <Position>
            <LatitudeDegrees>42.3474800</LatitudeDegrees>
            <LongitudeDegrees>-3.7555800</LongitudeDegrees>
          </Position>
          <AltitudeMeters>838.9</AltitudeMeters>
          <DistanceMeters>54275.5</DistanceMeters>
        </Trackpoint>
        <Trackpoint>
          <Time>2027-05-09T10:37:21Z</Time>
          <Position>
            <LatitudeDegrees>42.3475600</LatitudeDegrees>
            <LongitudeDegrees>-3.7563400</LongitudeDegrees>
          </Position>
          <AltitudeMeters>836.7</AltitudeMeters>
          <DistanceMeters>54338.5</DistanceMeters>
        </Trackpoint>
        <Trackpoint>
          <Time>2027-05-09T10:37:35Z</Time>
          <Position>
            <LatitudeDegrees>42.3477400</LatitudeDegrees>
            <LongitudeDegrees>-3.7570200</LongitudeDegrees>
          </Position>
          <AltitudeMeters>835.0</AltitudeMeters>
          <DistanceMeters>54397.9</DistanceMeters>
        </Trackpoint>
        <Trackpoint>
          <Time>2027-05-09T10:37:49Z</Time>
          <Position>
            <LatitudeDegrees>42.3479100</LatitudeDegrees>
            <LongitudeDegrees>-3.7577000</LongitudeDegrees>
          </Position>
          <AltitudeMeters>834.3</AltitudeMeters>
          <DistanceMeters>54456.9</DistanceMeters>
        </Trackpoint>
        <Trackpoint>
          <Time>2027-05-09T10:38:03Z</Time>
          <Position>
            <LatitudeDegrees>42.3480900</LatitudeDegrees>
            <LongitudeDegrees>-3.7583700</LongitudeDegrees>
          </Position>
          <AltitudeMeters>834.3</AltitudeMeters>
          <DistanceMeters>54515.5</DistanceMeters>
        </Trackpoint>
        <Trackpoint>
          <Time>2027-05-09T10:38:17Z</Time>
          <Position>
            <LatitudeDegrees>42.3482600</LatitudeDegrees>
            <LongitudeDegrees>-3.7590500</LongitudeDegrees>
          </Position>
          <AltitudeMeters>834.6</AltitudeMeters>
          <DistanceMeters>54574.5</DistanceMeters>
        </Trackpoint>
        <Trackpoint>
          <Time>2027-05-09T10:38:41Z</Time>
          <Position>
            <LatitudeDegrees>42.3483400</LatitudeDegrees>
            <LongitudeDegrees>-3.7602300</LongitudeDegrees>
          </Position>
          <AltitudeMeters>834.9</AltitudeMeters>
          <DistanceMeters>54671.9</DistanceMeters>
        </Trackpoint>
        <Trackpoint>
          <Time>2027-05-09T10:38:54Z</Time>
          <Position>
            <LatitudeDegrees>42.3483400</LatitudeDegrees>
            <LongitudeDegrees>-3.7609200</LongitudeDegrees>
          </Position>
          <AltitudeMeters>834.7</AltitudeMeters>
          <DistanceMeters>54728.6</DistanceMeters>
        </Trackpoint>
        <Trackpoint>
          <Time>2027-05-09T10:39:08Z</Time>
          <Position>
            <LatitudeDegrees>42.3483500</LatitudeDegrees>
            <LongitudeDegrees>-3.7616200</LongitudeDegrees>
          </Position>
          <AltitudeMeters>834.1</AltitudeMeters>
          <DistanceMeters>54786.1</DistanceMeters>
        </Trackpoint>
        <Trackpoint>
          <Time>2027-05-09T10:39:22Z</Time>
          <Position>
            <LatitudeDegrees>42.3483500</LatitudeDegrees>
            <LongitudeDegrees>-3.7623100</LongitudeDegrees>
          </Position>
          <AltitudeMeters>834.1</AltitudeMeters>
          <DistanceMeters>54842.8</DistanceMeters>
        </Trackpoint>
        <Trackpoint>
          <Time>2027-05-09T10:39:36Z</Time>
          <Position>
            <LatitudeDegrees>42.3483600</LatitudeDegrees>
            <LongitudeDegrees>-3.7630100</LongitudeDegrees>
          </Position>
          <AltitudeMeters>834.0</AltitudeMeters>
          <DistanceMeters>54900.3</DistanceMeters>
        </Trackpoint>
        <Trackpoint>
          <Time>2027-05-09T10:39:49Z</Time>
          <Position>
            <LatitudeDegrees>42.3483600</LatitudeDegrees>
            <LongitudeDegrees>-3.7637000</LongitudeDegrees>
          </Position>
          <AltitudeMeters>833.6</AltitudeMeters>
          <DistanceMeters>54957.0</DistanceMeters>
        </Trackpoint>
        <Trackpoint>
          <Time>2027-05-09T10:39:56Z</Time>
          <Position>
            <LatitudeDegrees>42.3484300</LatitudeDegrees>
            <LongitudeDegrees>-3.7640500</LongitudeDegrees>
          </Position>
          <AltitudeMeters>833.2</AltitudeMeters>
          <DistanceMeters>54986.8</DistanceMeters>
        </Trackpoint>
        <Trackpoint>
          <Time>2027-05-09T10:40:10Z</Time>
          <Position>
            <LatitudeDegrees>42.3487200</LatitudeDegrees>
            <LongitudeDegrees>-3.7646400</LongitudeDegrees>
          </Position>
          <AltitudeMeters>833.1</AltitudeMeters>
          <DistanceMeters>55045.1</DistanceMeters>
        </Trackpoint>
        <Trackpoint>
          <Time>2027-05-09T10:40:24Z</Time>
          <Position>
            <LatitudeDegrees>42.3490000</LatitudeDegrees>
            <LongitudeDegrees>-3.7652300</LongitudeDegrees>
          </Position>
          <AltitudeMeters>833.3</AltitudeMeters>
          <DistanceMeters>55102.7</DistanceMeters>
        </Trackpoint>
        <Trackpoint>
          <Time>2027-05-09T10:40:42Z</Time>
          <Position>
            <LatitudeDegrees>42.3492200</LatitudeDegrees>
            <LongitudeDegrees>-3.7660900</LongitudeDegrees>
          </Position>
          <AltitudeMeters>833.3</AltitudeMeters>
          <DistanceMeters>55177.5</DistanceMeters>
        </Trackpoint>
        <Trackpoint>
          <Time>2027-05-09T10:41:00Z</Time>
          <Position>
            <LatitudeDegrees>42.3494300</LatitudeDegrees>
            <LongitudeDegrees>-3.7669400</LongitudeDegrees>
          </Position>
          <AltitudeMeters>833.6</AltitudeMeters>
          <DistanceMeters>55251.1</DistanceMeters>
        </Trackpoint>
        <Trackpoint>
          <Time>2027-05-09T10:41:14Z</Time>
          <Position>
            <LatitudeDegrees>42.3497700</LatitudeDegrees>
            <LongitudeDegrees>-3.7674800</LongitudeDegrees>
          </Position>
          <AltitudeMeters>834.0</AltitudeMeters>
          <DistanceMeters>55309.4</DistanceMeters>
        </Trackpoint>
        <Trackpoint>
          <Time>2027-05-09T10:41:27Z</Time>
          <Position>
            <LatitudeDegrees>42.3501000</LatitudeDegrees>
            <LongitudeDegrees>-3.7680100</LongitudeDegrees>
          </Position>
          <AltitudeMeters>834.1</AltitudeMeters>
          <DistanceMeters>55366.4</DistanceMeters>
        </Trackpoint>
        <Trackpoint>
          <Time>2027-05-09T10:41:31Z</Time>
          <Position>
            <LatitudeDegrees>42.3502400</LatitudeDegrees>
            <LongitudeDegrees>-3.7680400</LongitudeDegrees>
          </Position>
          <AltitudeMeters>833.7</AltitudeMeters>
          <DistanceMeters>55382.1</DistanceMeters>
        </Trackpoint>
        <Trackpoint>
          <Time>2027-05-09T10:41:36Z</Time>
          <Position>
            <LatitudeDegrees>42.3503500</LatitudeDegrees>
            <LongitudeDegrees>-3.7678200</LongitudeDegrees>
          </Position>
          <AltitudeMeters>833.3</AltitudeMeters>
          <DistanceMeters>55404.0</DistanceMeters>
        </Trackpoint>
        <Trackpoint>
          <Time>2027-05-09T10:41:41Z</Time>
          <Position>
            <LatitudeDegrees>42.3504800</LatitudeDegrees>
            <LongitudeDegrees>-3.7679300</LongitudeDegrees>
          </Position>
          <AltitudeMeters>832.9</AltitudeMeters>
          <DistanceMeters>55421.0</DistanceMeters>
        </Trackpoint>
        <Trackpoint>
          <Time>2027-05-09T10:41:44Z</Time>
          <Position>
            <LatitudeDegrees>42.3505700</LatitudeDegrees>
            <LongitudeDegrees>-3.7678300</LongitudeDegrees>
          </Position>
          <AltitudeMeters>832.7</AltitudeMeters>
          <DistanceMeters>55434.0</DistanceMeters>
        </Trackpoint>
        <Trackpoint>
          <Time>2027-05-09T10:41:46Z</Time>
          <Position>
            <LatitudeDegrees>42.3506500</LatitudeDegrees>
            <LongitudeDegrees>-3.7678900</LongitudeDegrees>
          </Position>
          <AltitudeMeters>832.6</AltitudeMeters>
          <DistanceMeters>55444.1</DistanceMeters>
        </Trackpoint>
        <Trackpoint>
          <Time>2027-05-09T10:41:59Z</Time>
          <Position>
            <LatitudeDegrees>42.3508300</LatitudeDegrees>
            <LongitudeDegrees>-3.7685200</LongitudeDegrees>
          </Position>
          <AltitudeMeters>832.4</AltitudeMeters>
          <DistanceMeters>55499.6</DistanceMeters>
        </Trackpoint>
        <Trackpoint>
          <Time>2027-05-09T10:42:13Z</Time>
          <Position>
            <LatitudeDegrees>42.3510200</LatitudeDegrees>
            <LongitudeDegrees>-3.7691600</LongitudeDegrees>
          </Position>
          <AltitudeMeters>832.3</AltitudeMeters>
          <DistanceMeters>55556.3</DistanceMeters>
        </Trackpoint>
        <Trackpoint>
          <Time>2027-05-09T10:42:26Z</Time>
          <Position>
            <LatitudeDegrees>42.3512000</LatitudeDegrees>
            <LongitudeDegrees>-3.7697900</LongitudeDegrees>
          </Position>
          <AltitudeMeters>832.1</AltitudeMeters>
          <DistanceMeters>55611.8</DistanceMeters>
        </Trackpoint>
        <Trackpoint>
          <Time>2027-05-09T10:42:41Z</Time>
          <Position>
            <LatitudeDegrees>42.3514700</LatitudeDegrees>
            <LongitudeDegrees>-3.7704500</LongitudeDegrees>
          </Position>
          <AltitudeMeters>831.8</AltitudeMeters>
          <DistanceMeters>55673.8</DistanceMeters>
        </Trackpoint>
        <Trackpoint>
          <Time>2027-05-09T10:42:56Z</Time>
          <Position>
            <LatitudeDegrees>42.3517400</LatitudeDegrees>
            <LongitudeDegrees>-3.7711100</LongitudeDegrees>
          </Position>
          <AltitudeMeters>831.3</AltitudeMeters>
          <DistanceMeters>55735.8</DistanceMeters>
        </Trackpoint>
        <Trackpoint>
          <Time>2027-05-09T10:43:16Z</Time>
          <Position>
            <LatitudeDegrees>42.3519300</LatitudeDegrees>
            <LongitudeDegrees>-3.7720900</LongitudeDegrees>
          </Position>
          <AltitudeMeters>830.9</AltitudeMeters>
          <DistanceMeters>55819.1</DistanceMeters>
        </Trackpoint>
        <Trackpoint>
          <Time>2027-05-09T10:43:33Z</Time>
          <Position>
            <LatitudeDegrees>42.3520200</LatitudeDegrees>
            <LongitudeDegrees>-3.7729300</LongitudeDegrees>
          </Position>
          <AltitudeMeters>830.5</AltitudeMeters>
          <DistanceMeters>55888.8</DistanceMeters>
        </Trackpoint>
        <Trackpoint>
          <Time>2027-05-09T10:43:50Z</Time>
          <Position>
            <LatitudeDegrees>42.3521100</LatitudeDegrees>
            <LongitudeDegrees>-3.7737700</LongitudeDegrees>
          </Position>
          <AltitudeMeters>829.9</AltitudeMeters>
          <DistanceMeters>55958.6</DistanceMeters>
        </Trackpoint>
        <Trackpoint>
          <Time>2027-05-09T10:44:05Z</Time>
          <Position>
            <LatitudeDegrees>42.3522500</LatitudeDegrees>
            <LongitudeDegrees>-3.7745200</LongitudeDegrees>
          </Position>
          <AltitudeMeters>829.4</AltitudeMeters>
          <DistanceMeters>56022.1</DistanceMeters>
        </Trackpoint>
        <Trackpoint>
          <Time>2027-05-09T10:44:20Z</Time>
          <Position>
            <LatitudeDegrees>42.3523800</LatitudeDegrees>
            <LongitudeDegrees>-3.7752800</LongitudeDegrees>
          </Position>
          <AltitudeMeters>829.4</AltitudeMeters>
          <DistanceMeters>56086.2</DistanceMeters>
        </Trackpoint>
        <Trackpoint>
          <Time>2027-05-09T10:44:33Z</Time>
          <Position>
            <LatitudeDegrees>42.3524300</LatitudeDegrees>
            <LongitudeDegrees>-3.7759200</LongitudeDegrees>
          </Position>
          <AltitudeMeters>829.6</AltitudeMeters>
          <DistanceMeters>56139.1</DistanceMeters>
        </Trackpoint>
        <Trackpoint>
          <Time>2027-05-09T10:44:46Z</Time>
          <Position>
            <LatitudeDegrees>42.3524900</LatitudeDegrees>
            <LongitudeDegrees>-3.7765700</LongitudeDegrees>
          </Position>
          <AltitudeMeters>829.9</AltitudeMeters>
          <DistanceMeters>56193.0</DistanceMeters>
        </Trackpoint>
        <Trackpoint>
          <Time>2027-05-09T10:44:59Z</Time>
          <Position>
            <LatitudeDegrees>42.3525400</LatitudeDegrees>
            <LongitudeDegrees>-3.7772100</LongitudeDegrees>
          </Position>
          <AltitudeMeters>830.2</AltitudeMeters>
          <DistanceMeters>56245.8</DistanceMeters>
        </Trackpoint>
        <Trackpoint>
          <Time>2027-05-09T10:45:11Z</Time>
          <Position>
            <LatitudeDegrees>42.3529700</LatitudeDegrees>
            <LongitudeDegrees>-3.7774500</LongitudeDegrees>
          </Position>
          <AltitudeMeters>830.6</AltitudeMeters>
          <DistanceMeters>56297.6</DistanceMeters>
        </Trackpoint>
        <Trackpoint>
          <Time>2027-05-09T10:45:14Z</Time>
          <Position>
            <LatitudeDegrees>42.3530900</LatitudeDegrees>
            <LongitudeDegrees>-3.7774500</LongitudeDegrees>
          </Position>
          <AltitudeMeters>830.7</AltitudeMeters>
          <DistanceMeters>56310.9</DistanceMeters>
        </Trackpoint>
        <Trackpoint>
          <Time>2027-05-09T10:45:26Z</Time>
          <Position>
            <LatitudeDegrees>42.3528600</LatitudeDegrees>
            <LongitudeDegrees>-3.7779900</LongitudeDegrees>
          </Position>
          <AltitudeMeters>830.6</AltitudeMeters>
          <DistanceMeters>56362.1</DistanceMeters>
        </Trackpoint>
        <Trackpoint>
          <Time>2027-05-09T10:45:39Z</Time>
          <Position>
            <LatitudeDegrees>42.3526400</LatitudeDegrees>
            <LongitudeDegrees>-3.7785400</LongitudeDegrees>
          </Position>
          <AltitudeMeters>830.3</AltitudeMeters>
          <DistanceMeters>56413.5</DistanceMeters>
        </Trackpoint>
        <Trackpoint>
          <Time>2027-05-09T10:45:51Z</Time>
          <Position>
            <LatitudeDegrees>42.3524100</LatitudeDegrees>
            <LongitudeDegrees>-3.7790800</LongitudeDegrees>
          </Position>
          <AltitudeMeters>829.9</AltitudeMeters>
          <DistanceMeters>56464.7</DistanceMeters>
        </Trackpoint>
        <Trackpoint>
          <Time>2027-05-09T10:46:13Z</Time>
          <Position>
            <LatitudeDegrees>42.3522800</LatitudeDegrees>
            <LongitudeDegrees>-3.7801800</LongitudeDegrees>
          </Position>
          <AltitudeMeters>829.5</AltitudeMeters>
          <DistanceMeters>56556.3</DistanceMeters>
        </Trackpoint>
        <Trackpoint>
          <Time>2027-05-09T10:46:29Z</Time>
          <Position>
            <LatitudeDegrees>42.3522700</LatitudeDegrees>
            <LongitudeDegrees>-3.7809800</LongitudeDegrees>
          </Position>
          <AltitudeMeters>829.2</AltitudeMeters>
          <DistanceMeters>56622.0</DistanceMeters>
        </Trackpoint>
        <Trackpoint>
          <Time>2027-05-09T10:46:45Z</Time>
          <Position>
            <LatitudeDegrees>42.3522600</LatitudeDegrees>
            <LongitudeDegrees>-3.7817800</LongitudeDegrees>
          </Position>
          <AltitudeMeters>828.9</AltitudeMeters>
          <DistanceMeters>56687.8</DistanceMeters>
        </Trackpoint>
        <Trackpoint>
          <Time>2027-05-09T10:46:54Z</Time>
          <Position>
            <LatitudeDegrees>42.3520900</LatitudeDegrees>
            <LongitudeDegrees>-3.7822100</LongitudeDegrees>
          </Position>
          <AltitudeMeters>828.8</AltitudeMeters>
          <DistanceMeters>56727.8</DistanceMeters>
        </Trackpoint>
        <Trackpoint>
          <Time>2027-05-09T10:47:08Z</Time>
          <Position>
            <LatitudeDegrees>42.3519500</LatitudeDegrees>
            <LongitudeDegrees>-3.7828800</LongitudeDegrees>
          </Position>
          <AltitudeMeters>828.9</AltitudeMeters>
          <DistanceMeters>56785.1</DistanceMeters>
        </Trackpoint>
        <Trackpoint>
          <Time>2027-05-09T10:47:24Z</Time>
          <Position>
            <LatitudeDegrees>42.3516900</LatitudeDegrees>
            <LongitudeDegrees>-3.7836300</LongitudeDegrees>
          </Position>
          <AltitudeMeters>829.1</AltitudeMeters>
          <DistanceMeters>56853.1</DistanceMeters>
        </Trackpoint>
        <Trackpoint>
          <Time>2027-05-09T10:47:41Z</Time>
          <Position>
            <LatitudeDegrees>42.3514300</LatitudeDegrees>
            <LongitudeDegrees>-3.7843800</LongitudeDegrees>
          </Position>
          <AltitudeMeters>829.1</AltitudeMeters>
          <DistanceMeters>56921.2</DistanceMeters>
        </Trackpoint>
        <Trackpoint>
          <Time>2027-05-09T10:47:59Z</Time>
          <Position>
            <LatitudeDegrees>42.3520800</LatitudeDegrees>
            <LongitudeDegrees>-3.7846900</LongitudeDegrees>
          </Position>
          <AltitudeMeters>828.6</AltitudeMeters>
          <DistanceMeters>56997.8</DistanceMeters>
        </Trackpoint>
        <Trackpoint>
          <Time>2027-05-09T10:48:15Z</Time>
          <Position>
            <LatitudeDegrees>42.3525700</LatitudeDegrees>
            <LongitudeDegrees>-3.7851200</LongitudeDegrees>
          </Position>
          <AltitudeMeters>828.2</AltitudeMeters>
          <DistanceMeters>57062.8</DistanceMeters>
        </Trackpoint>
        <Trackpoint>
          <Time>2027-05-09T10:48:30Z</Time>
          <Position>
            <LatitudeDegrees>42.3530600</LatitudeDegrees>
            <LongitudeDegrees>-3.7855400</LongitudeDegrees>
          </Position>
          <AltitudeMeters>827.7</AltitudeMeters>
          <DistanceMeters>57127.3</DistanceMeters>
        </Trackpoint>
        <Trackpoint>
          <Time>2027-05-09T10:48:36Z</Time>
          <Position>
            <LatitudeDegrees>42.3531600</LatitudeDegrees>
            <LongitudeDegrees>-3.7857900</LongitudeDegrees>
          </Position>
          <AltitudeMeters>826.9</AltitudeMeters>
          <DistanceMeters>57150.6</DistanceMeters>
        </Trackpoint>
        <Trackpoint>
          <Time>2027-05-09T10:48:48Z</Time>
          <Position>
            <LatitudeDegrees>42.3532100</LatitudeDegrees>
            <LongitudeDegrees>-3.7864000</LongitudeDegrees>
          </Position>
          <AltitudeMeters>826.4</AltitudeMeters>
          <DistanceMeters>57201.1</DistanceMeters>
        </Trackpoint>
        <Trackpoint>
          <Time>2027-05-09T10:48:56Z</Time>
          <Position>
            <LatitudeDegrees>42.3533500</LatitudeDegrees>
            <LongitudeDegrees>-3.7867600</LongitudeDegrees>
          </Position>
          <AltitudeMeters>826.4</AltitudeMeters>
          <DistanceMeters>57234.5</DistanceMeters>
        </Trackpoint>
        <Trackpoint>
          <Time>2027-05-09T10:48:59Z</Time>
          <Position>
            <LatitudeDegrees>42.3532400</LatitudeDegrees>
            <LongitudeDegrees>-3.7868700</LongitudeDegrees>
          </Position>
          <AltitudeMeters>826.5</AltitudeMeters>
          <DistanceMeters>57249.7</DistanceMeters>
        </Trackpoint>
        <Trackpoint>
          <Time>2027-05-09T10:49:03Z</Time>
          <Position>
            <LatitudeDegrees>42.3531000</LatitudeDegrees>
            <LongitudeDegrees>-3.7869100</LongitudeDegrees>
          </Position>
          <AltitudeMeters>826.6</AltitudeMeters>
          <DistanceMeters>57265.6</DistanceMeters>
        </Trackpoint>
        <Trackpoint>
          <Time>2027-05-09T10:49:16Z</Time>
          <Position>
            <LatitudeDegrees>42.3526100</LatitudeDegrees>
            <LongitudeDegrees>-3.7868300</LongitudeDegrees>
          </Position>
          <AltitudeMeters>826.7</AltitudeMeters>
          <DistanceMeters>57320.5</DistanceMeters>
        </Trackpoint>
        <Trackpoint>
          <Time>2027-05-09T10:49:30Z</Time>
          <Position>
            <LatitudeDegrees>42.3521200</LatitudeDegrees>
            <LongitudeDegrees>-3.7867500</LongitudeDegrees>
          </Position>
          <AltitudeMeters>826.5</AltitudeMeters>
          <DistanceMeters>57375.4</DistanceMeters>
        </Trackpoint>
        <Trackpoint>
          <Time>2027-05-09T10:49:37Z</Time>
          <Position>
            <LatitudeDegrees>42.3518700</LatitudeDegrees>
            <LongitudeDegrees>-3.7868500</LongitudeDegrees>
          </Position>
          <AltitudeMeters>826.3</AltitudeMeters>
          <DistanceMeters>57404.4</DistanceMeters>
        </Trackpoint>
        <Trackpoint>
          <Time>2027-05-09T10:49:51Z</Time>
          <Position>
            <LatitudeDegrees>42.3515800</LatitudeDegrees>
            <LongitudeDegrees>-3.7874500</LongitudeDegrees>
          </Position>
          <AltitudeMeters>826.0</AltitudeMeters>
          <DistanceMeters>57463.3</DistanceMeters>
        </Trackpoint>
        <Trackpoint>
          <Time>2027-05-09T10:50:05Z</Time>
          <Position>
            <LatitudeDegrees>42.3513000</LatitudeDegrees>
            <LongitudeDegrees>-3.7880500</LongitudeDegrees>
          </Position>
          <AltitudeMeters>825.6</AltitudeMeters>
          <DistanceMeters>57521.6</DistanceMeters>
        </Trackpoint>
        <Trackpoint>
          <Time>2027-05-09T10:50:19Z</Time>
          <Position>
            <LatitudeDegrees>42.3510100</LatitudeDegrees>
            <LongitudeDegrees>-3.7886500</LongitudeDegrees>
          </Position>
          <AltitudeMeters>825.3</AltitudeMeters>
          <DistanceMeters>57580.5</DistanceMeters>
        </Trackpoint>
        <Trackpoint>
          <Time>2027-05-09T10:50:32Z</Time>
          <Position>
            <LatitudeDegrees>42.3509500</LatitudeDegrees>
            <LongitudeDegrees>-3.7893200</LongitudeDegrees>
          </Position>
          <AltitudeMeters>825.4</AltitudeMeters>
          <DistanceMeters>57636.0</DistanceMeters>
        </Trackpoint>
        <Trackpoint>
          <Time>2027-05-09T10:50:45Z</Time>
          <Position>
            <LatitudeDegrees>42.3509000</LatitudeDegrees>
            <LongitudeDegrees>-3.7899900</LongitudeDegrees>
          </Position>
          <AltitudeMeters>825.6</AltitudeMeters>
          <DistanceMeters>57691.3</DistanceMeters>
        </Trackpoint>
        <Trackpoint>
          <Time>2027-05-09T10:50:59Z</Time>
          <Position>
            <LatitudeDegrees>42.3508400</LatitudeDegrees>
            <LongitudeDegrees>-3.7906500</LongitudeDegrees>
          </Position>
          <AltitudeMeters>825.8</AltitudeMeters>
          <DistanceMeters>57746.0</DistanceMeters>
        </Trackpoint>
        <Trackpoint>
          <Time>2027-05-09T10:51:12Z</Time>
          <Position>
            <LatitudeDegrees>42.3507800</LatitudeDegrees>
            <LongitudeDegrees>-3.7913200</LongitudeDegrees>
          </Position>
          <AltitudeMeters>825.9</AltitudeMeters>
          <DistanceMeters>57801.4</DistanceMeters>
        </Trackpoint>
        <Trackpoint>
          <Time>2027-05-09T10:51:26Z</Time>
          <Position>
            <LatitudeDegrees>42.3507800</LatitudeDegrees>
            <LongitudeDegrees>-3.7920600</LongitudeDegrees>
          </Position>
          <AltitudeMeters>825.9</AltitudeMeters>
          <DistanceMeters>57862.2</DistanceMeters>
        </Trackpoint>
        <Trackpoint>
          <Time>2027-05-09T10:51:41Z</Time>
          <Position>
            <LatitudeDegrees>42.3507700</LatitudeDegrees>
            <LongitudeDegrees>-3.7927900</LongitudeDegrees>
          </Position>
          <AltitudeMeters>825.8</AltitudeMeters>
          <DistanceMeters>57922.2</DistanceMeters>
        </Trackpoint>
        <Trackpoint>
          <Time>2027-05-09T10:51:55Z</Time>
          <Position>
            <LatitudeDegrees>42.3507700</LatitudeDegrees>
            <LongitudeDegrees>-3.7935300</LongitudeDegrees>
          </Position>
          <AltitudeMeters>825.7</AltitudeMeters>
          <DistanceMeters>57983.0</DistanceMeters>
        </Trackpoint>
        <Trackpoint>
          <Time>2027-05-09T10:52:14Z</Time>
          <Position>
            <LatitudeDegrees>42.3506600</LatitudeDegrees>
            <LongitudeDegrees>-3.7944600</LongitudeDegrees>
          </Position>
          <AltitudeMeters>825.7</AltitudeMeters>
          <DistanceMeters>58060.4</DistanceMeters>
        </Trackpoint>
        <Trackpoint>
          <Time>2027-05-09T10:52:28Z</Time>
          <Position>
            <LatitudeDegrees>42.3511100</LatitudeDegrees>
            <LongitudeDegrees>-3.7947900</LongitudeDegrees>
          </Position>
          <AltitudeMeters>825.8</AltitudeMeters>
          <DistanceMeters>58117.4</DistanceMeters>
        </Trackpoint>
        <Trackpoint>
          <Time>2027-05-09T10:52:41Z</Time>
          <Position>
            <LatitudeDegrees>42.3515600</LatitudeDegrees>
            <LongitudeDegrees>-3.7951100</LongitudeDegrees>
          </Position>
          <AltitudeMeters>826.0</AltitudeMeters>
          <DistanceMeters>58173.9</DistanceMeters>
        </Trackpoint>
        <Trackpoint>
          <Time>2027-05-09T10:52:48Z</Time>
          <Position>
            <LatitudeDegrees>42.3516600</LatitudeDegrees>
            <LongitudeDegrees>-3.7954500</LongitudeDegrees>
          </Position>
          <AltitudeMeters>826.1</AltitudeMeters>
          <DistanceMeters>58203.9</DistanceMeters>
        </Trackpoint>
        <Trackpoint>
          <Time>2027-05-09T10:53:03Z</Time>
          <Position>
            <LatitudeDegrees>42.3514400</LatitudeDegrees>
            <LongitudeDegrees>-3.7961300</LongitudeDegrees>
          </Position>
          <AltitudeMeters>825.9</AltitudeMeters>
          <DistanceMeters>58264.9</DistanceMeters>
        </Trackpoint>
        <Trackpoint>
          <Time>2027-05-09T10:53:08Z</Time>
          <Position>
            <LatitudeDegrees>42.3513400</LatitudeDegrees>
            <LongitudeDegrees>-3.7963400</LongitudeDegrees>
          </Position>
          <AltitudeMeters>825.8</AltitudeMeters>
          <DistanceMeters>58285.5</DistanceMeters>
        </Trackpoint>
        <Trackpoint>
          <Time>2027-05-09T10:53:11Z</Time>
          <Position>
            <LatitudeDegrees>42.3512500</LatitudeDegrees>
            <LongitudeDegrees>-3.7964000</LongitudeDegrees>
          </Position>
          <AltitudeMeters>826.0</AltitudeMeters>
          <DistanceMeters>58296.6</DistanceMeters>
        </Trackpoint>
        <Trackpoint>
          <Time>2027-05-09T10:53:14Z</Time>
          <Position>
            <LatitudeDegrees>42.3511400</LatitudeDegrees>
            <LongitudeDegrees>-3.7964000</LongitudeDegrees>
          </Position>
          <AltitudeMeters>826.1</AltitudeMeters>
          <DistanceMeters>58308.9</DistanceMeters>
        </Trackpoint>
        <Trackpoint>
          <Time>2027-05-09T10:53:29Z</Time>
          <Position>
            <LatitudeDegrees>42.3506000</LatitudeDegrees>
            <LongitudeDegrees>-3.7961200</LongitudeDegrees>
          </Position>
          <AltitudeMeters>826.0</AltitudeMeters>
          <DistanceMeters>58373.2</DistanceMeters>
        </Trackpoint>
        <Trackpoint>
          <Time>2027-05-09T10:53:45Z</Time>
          <Position>
            <LatitudeDegrees>42.3500600</LatitudeDegrees>
            <LongitudeDegrees>-3.7958300</LongitudeDegrees>
          </Position>
          <AltitudeMeters>826.0</AltitudeMeters>
          <DistanceMeters>58437.8</DistanceMeters>
        </Trackpoint>
        <Trackpoint>
          <Time>2027-05-09T10:53:50Z</Time>
          <Position>
            <LatitudeDegrees>42.3498700</LatitudeDegrees>
            <LongitudeDegrees>-3.7958200</LongitudeDegrees>
          </Position>
          <AltitudeMeters>826.0</AltitudeMeters>
          <DistanceMeters>58458.9</DistanceMeters>
        </Trackpoint>
        <Trackpoint>
          <Time>2027-05-09T10:53:53Z</Time>
          <Position>
            <LatitudeDegrees>42.3497500</LatitudeDegrees>
            <LongitudeDegrees>-3.7959200</LongitudeDegrees>
          </Position>
          <AltitudeMeters>825.8</AltitudeMeters>
          <DistanceMeters>58474.6</DistanceMeters>
        </Trackpoint>
        <Trackpoint>
          <Time>2027-05-09T10:53:58Z</Time>
          <Position>
            <LatitudeDegrees>42.3497500</LatitudeDegrees>
            <LongitudeDegrees>-3.7961700</LongitudeDegrees>
          </Position>
          <AltitudeMeters>825.9</AltitudeMeters>
          <DistanceMeters>58495.1</DistanceMeters>
        </Trackpoint>
        <Trackpoint>
          <Time>2027-05-09T10:54:07Z</Time>
          <Position>
            <LatitudeDegrees>42.3499000</LatitudeDegrees>
            <LongitudeDegrees>-3.7965500</LongitudeDegrees>
          </Position>
          <AltitudeMeters>826.0</AltitudeMeters>
          <DistanceMeters>58530.5</DistanceMeters>
        </Trackpoint>
        <Trackpoint>
          <Time>2027-05-09T10:54:12Z</Time>
          <Position>
            <LatitudeDegrees>42.3497900</LatitudeDegrees>
            <LongitudeDegrees>-3.7967500</LongitudeDegrees>
          </Position>
          <AltitudeMeters>826.0</AltitudeMeters>
          <DistanceMeters>58551.0</DistanceMeters>
        </Trackpoint>
        <Trackpoint>
          <Time>2027-05-09T10:54:23Z</Time>
          <Position>
            <LatitudeDegrees>42.3499400</LatitudeDegrees>
            <LongitudeDegrees>-3.7972800</LongitudeDegrees>
          </Position>
          <AltitudeMeters>825.8</AltitudeMeters>
          <DistanceMeters>58597.7</DistanceMeters>
        </Trackpoint>
        <Trackpoint>
          <Time>2027-05-09T10:54:30Z</Time>
          <Position>
            <LatitudeDegrees>42.3499600</LatitudeDegrees>
            <LongitudeDegrees>-3.7976400</LongitudeDegrees>
          </Position>
          <AltitudeMeters>825.6</AltitudeMeters>
          <DistanceMeters>58627.3</DistanceMeters>
        </Trackpoint>
        <Trackpoint>
          <Time>2027-05-09T10:54:43Z</Time>
          <Position>
            <LatitudeDegrees>42.3499600</LatitudeDegrees>
            <LongitudeDegrees>-3.7982900</LongitudeDegrees>
          </Position>
          <AltitudeMeters>825.8</AltitudeMeters>
          <DistanceMeters>58680.7</DistanceMeters>
        </Trackpoint>
        <Trackpoint>
          <Time>2027-05-09T10:54:56Z</Time>
          <Position>
            <LatitudeDegrees>42.3499600</LatitudeDegrees>
            <LongitudeDegrees>-3.7989300</LongitudeDegrees>
          </Position>
          <AltitudeMeters>826.5</AltitudeMeters>
          <DistanceMeters>58733.3</DistanceMeters>
        </Trackpoint>
        <Trackpoint>
          <Time>2027-05-09T10:55:10Z</Time>
          <Position>
            <LatitudeDegrees>42.3499000</LatitudeDegrees>
            <LongitudeDegrees>-3.7996400</LongitudeDegrees>
          </Position>
          <AltitudeMeters>827.8</AltitudeMeters>
          <DistanceMeters>58792.1</DistanceMeters>
        </Trackpoint>
        <Trackpoint>
          <Time>2027-05-09T10:55:26Z</Time>
          <Position>
            <LatitudeDegrees>42.3496700</LatitudeDegrees>
            <LongitudeDegrees>-3.8004000</LongitudeDegrees>
          </Position>
          <AltitudeMeters>829.2</AltitudeMeters>
          <DistanceMeters>58859.6</DistanceMeters>
        </Trackpoint>
        <Trackpoint>
          <Time>2027-05-09T10:55:48Z</Time>
          <Position>
            <LatitudeDegrees>42.3492700</LatitudeDegrees>
            <LongitudeDegrees>-3.8013700</LongitudeDegrees>
          </Position>
          <AltitudeMeters>830.3</AltitudeMeters>
          <DistanceMeters>58950.8</DistanceMeters>
        </Trackpoint>
        <Trackpoint>
          <Time>2027-05-09T10:56:07Z</Time>
          <Position>
            <LatitudeDegrees>42.3488300</LatitudeDegrees>
            <LongitudeDegrees>-3.8021400</LongitudeDegrees>
          </Position>
          <AltitudeMeters>830.9</AltitudeMeters>
          <DistanceMeters>59030.8</DistanceMeters>
        </Trackpoint>
        <Trackpoint>
          <Time>2027-05-09T10:56:29Z</Time>
          <Position>
            <LatitudeDegrees>42.3482200</LatitudeDegrees>
            <LongitudeDegrees>-3.8028800</LongitudeDegrees>
          </Position>
          <AltitudeMeters>830.6</AltitudeMeters>
          <DistanceMeters>59121.9</DistanceMeters>
        </Trackpoint>
        <Trackpoint>
          <Time>2027-05-09T10:56:44Z</Time>
          <Position>
            <LatitudeDegrees>42.3478800</LatitudeDegrees>
            <LongitudeDegrees>-3.8035300</LongitudeDegrees>
          </Position>
          <AltitudeMeters>829.9</AltitudeMeters>
          <DistanceMeters>59187.4</DistanceMeters>
        </Trackpoint>
        <Trackpoint>
          <Time>2027-05-09T10:57:00Z</Time>
          <Position>
            <LatitudeDegrees>42.3475400</LatitudeDegrees>
            <LongitudeDegrees>-3.8041700</LongitudeDegrees>
          </Position>
          <AltitudeMeters>828.8</AltitudeMeters>
          <DistanceMeters>59252.1</DistanceMeters>
        </Trackpoint>
        <Trackpoint>
          <Time>2027-05-09T10:57:05Z</Time>
          <Position>
            <LatitudeDegrees>42.3475200</LatitudeDegrees>
            <LongitudeDegrees>-3.8044000</LongitudeDegrees>
          </Position>
          <AltitudeMeters>827.5</AltitudeMeters>
          <DistanceMeters>59271.2</DistanceMeters>
        </Trackpoint>
        <Trackpoint>
          <Time>2027-05-09T10:57:21Z</Time>
          <Position>
            <LatitudeDegrees>42.3476200</LatitudeDegrees>
            <LongitudeDegrees>-3.8052300</LongitudeDegrees>
          </Position>
          <AltitudeMeters>826.5</AltitudeMeters>
          <DistanceMeters>59340.3</DistanceMeters>
        </Trackpoint>
        <Trackpoint>
          <Time>2027-05-09T10:57:37Z</Time>
          <Position>
            <LatitudeDegrees>42.3475300</LatitudeDegrees>
            <LongitudeDegrees>-3.8060100</LongitudeDegrees>
          </Position>
          <AltitudeMeters>826.3</AltitudeMeters>
          <DistanceMeters>59405.2</DistanceMeters>
        </Trackpoint>
        <Trackpoint>
          <Time>2027-05-09T10:57:58Z</Time>
          <Position>
            <LatitudeDegrees>42.3475300</LatitudeDegrees>
            <LongitudeDegrees>-3.8070700</LongitudeDegrees>
          </Position>
          <AltitudeMeters>826.4</AltitudeMeters>
          <DistanceMeters>59492.3</DistanceMeters>
        </Trackpoint>
        <Trackpoint>
          <Time>2027-05-09T10:58:10Z</Time>
          <Position>
            <LatitudeDegrees>42.3475900</LatitudeDegrees>
            <LongitudeDegrees>-3.8077000</LongitudeDegrees>
          </Position>
          <AltitudeMeters>826.9</AltitudeMeters>
          <DistanceMeters>59544.5</DistanceMeters>
        </Trackpoint>
        <Trackpoint>
          <Time>2027-05-09T10:58:23Z</Time>
          <Position>
            <LatitudeDegrees>42.3476600</LatitudeDegrees>
            <LongitudeDegrees>-3.8083300</LongitudeDegrees>
          </Position>
          <AltitudeMeters>827.7</AltitudeMeters>
          <DistanceMeters>59596.8</DistanceMeters>
        </Trackpoint>
        <Trackpoint>
          <Time>2027-05-09T10:58:35Z</Time>
          <Position>
            <LatitudeDegrees>42.3477200</LatitudeDegrees>
            <LongitudeDegrees>-3.8089600</LongitudeDegrees>
          </Position>
          <AltitudeMeters>828.1</AltitudeMeters>
          <DistanceMeters>59649.0</DistanceMeters>
        </Trackpoint>
        <Trackpoint>
          <Time>2027-05-09T10:58:48Z</Time>
          <Position>
            <LatitudeDegrees>42.3477800</LatitudeDegrees>
            <LongitudeDegrees>-3.8095900</LongitudeDegrees>
          </Position>
          <AltitudeMeters>828.0</AltitudeMeters>
          <DistanceMeters>59701.2</DistanceMeters>
        </Trackpoint>
        <Trackpoint>
          <Time>2027-05-09T10:59:00Z</Time>
          <Position>
            <LatitudeDegrees>42.3478500</LatitudeDegrees>
            <LongitudeDegrees>-3.8102200</LongitudeDegrees>
          </Position>
          <AltitudeMeters>827.8</AltitudeMeters>
          <DistanceMeters>59753.6</DistanceMeters>
        </Trackpoint>
        <Trackpoint>
          <Time>2027-05-09T10:59:13Z</Time>
          <Position>
            <LatitudeDegrees>42.3479100</LatitudeDegrees>
            <LongitudeDegrees>-3.8108500</LongitudeDegrees>
          </Position>
          <AltitudeMeters>827.8</AltitudeMeters>
          <DistanceMeters>59805.8</DistanceMeters>
        </Trackpoint>
        <Trackpoint>
          <Time>2027-05-09T10:59:25Z</Time>
          <Position>
            <LatitudeDegrees>42.3480200</LatitudeDegrees>
            <LongitudeDegrees>-3.8114600</LongitudeDegrees>
          </Position>
          <AltitudeMeters>828.0</AltitudeMeters>
          <DistanceMeters>59857.4</DistanceMeters>
        </Trackpoint>
        <Trackpoint>
          <Time>2027-05-09T10:59:38Z</Time>
          <Position>
            <LatitudeDegrees>42.3481400</LatitudeDegrees>
            <LongitudeDegrees>-3.8120600</LongitudeDegrees>
          </Position>
          <AltitudeMeters>828.4</AltitudeMeters>
          <DistanceMeters>59908.5</DistanceMeters>
        </Trackpoint>
        <Trackpoint>
          <Time>2027-05-09T10:59:50Z</Time>
          <Position>
            <LatitudeDegrees>42.3482500</LatitudeDegrees>
            <LongitudeDegrees>-3.8126700</LongitudeDegrees>
          </Position>
          <AltitudeMeters>829.1</AltitudeMeters>
          <DistanceMeters>59960.1</DistanceMeters>
        </Trackpoint>
        <Trackpoint>
          <Time>2027-05-09T11:00:02Z</Time>
          <Position>
            <LatitudeDegrees>42.3483600</LatitudeDegrees>
            <LongitudeDegrees>-3.8132700</LongitudeDegrees>
          </Position>
          <AltitudeMeters>829.4</AltitudeMeters>
          <DistanceMeters>60010.9</DistanceMeters>
        </Trackpoint>
        <Trackpoint>
          <Time>2027-05-09T11:00:21Z</Time>
          <Position>
            <LatitudeDegrees>42.3486800</LatitudeDegrees>
            <LongitudeDegrees>-3.8141400</LongitudeDegrees>
          </Position>
          <AltitudeMeters>829.4</AltitudeMeters>
          <DistanceMeters>60090.7</DistanceMeters>
        </Trackpoint>
        <Trackpoint>
          <Time>2027-05-09T11:00:26Z</Time>
          <Position>
            <LatitudeDegrees>42.3486600</LatitudeDegrees>
            <LongitudeDegrees>-3.8143600</LongitudeDegrees>
          </Position>
          <AltitudeMeters>829.0</AltitudeMeters>
          <DistanceMeters>60109.0</DistanceMeters>
        </Trackpoint>
        <Trackpoint>
          <Time>2027-05-09T11:00:43Z</Time>
          <Position>
            <LatitudeDegrees>42.3489400</LatitudeDegrees>
            <LongitudeDegrees>-3.8151800</LongitudeDegrees>
          </Position>
          <AltitudeMeters>828.3</AltitudeMeters>
          <DistanceMeters>60183.2</DistanceMeters>
        </Trackpoint>
        <Trackpoint>
          <Time>2027-05-09T11:00:52Z</Time>
          <Position>
            <LatitudeDegrees>42.3489200</LatitudeDegrees>
            <LongitudeDegrees>-3.8155900</LongitudeDegrees>
          </Position>
          <AltitudeMeters>827.6</AltitudeMeters>
          <DistanceMeters>60217.0</DistanceMeters>
        </Trackpoint>
        <Trackpoint>
          <Time>2027-05-09T11:00:58Z</Time>
          <Position>
            <LatitudeDegrees>42.3488200</LatitudeDegrees>
            <LongitudeDegrees>-3.8158600</LongitudeDegrees>
          </Position>
          <AltitudeMeters>826.9</AltitudeMeters>
          <DistanceMeters>60241.8</DistanceMeters>
        </Trackpoint>
        <Trackpoint>
          <Time>2027-05-09T11:01:01Z</Time>
          <Position>
            <LatitudeDegrees>42.3488900</LatitudeDegrees>
            <LongitudeDegrees>-3.8159900</LongitudeDegrees>
          </Position>
          <AltitudeMeters>826.4</AltitudeMeters>
          <DistanceMeters>60255.0</DistanceMeters>
        </Trackpoint>
        <Trackpoint>
          <Time>2027-05-09T11:01:13Z</Time>
          <Position>
            <LatitudeDegrees>42.3486400</LatitudeDegrees>
            <LongitudeDegrees>-3.8165400</LongitudeDegrees>
          </Position>
          <AltitudeMeters>826.3</AltitudeMeters>
          <DistanceMeters>60308.1</DistanceMeters>
        </Trackpoint>
        <Trackpoint>
          <Time>2027-05-09T11:01:17Z</Time>
          <Position>
            <LatitudeDegrees>42.3487800</LatitudeDegrees>
            <LongitudeDegrees>-3.8166200</LongitudeDegrees>
          </Position>
          <AltitudeMeters>826.2</AltitudeMeters>
          <DistanceMeters>60324.9</DistanceMeters>
        </Trackpoint>
        <Trackpoint>
          <Time>2027-05-09T11:01:32Z</Time>
          <Position>
            <LatitudeDegrees>42.3489700</LatitudeDegrees>
            <LongitudeDegrees>-3.8173200</LongitudeDegrees>
          </Position>
          <AltitudeMeters>826.4</AltitudeMeters>
          <DistanceMeters>60386.2</DistanceMeters>
        </Trackpoint>
        <Trackpoint>
          <Time>2027-05-09T11:01:47Z</Time>
          <Position>
            <LatitudeDegrees>42.3491500</LatitudeDegrees>
            <LongitudeDegrees>-3.8180200</LongitudeDegrees>
          </Position>
          <AltitudeMeters>826.6</AltitudeMeters>
          <DistanceMeters>60447.1</DistanceMeters>
        </Trackpoint>
        <Trackpoint>
          <Time>2027-05-09T11:02:03Z</Time>
          <Position>
            <LatitudeDegrees>42.3491800</LatitudeDegrees>
            <LongitudeDegrees>-3.8188600</LongitudeDegrees>
          </Position>
          <AltitudeMeters>826.6</AltitudeMeters>
          <DistanceMeters>60516.3</DistanceMeters>
        </Trackpoint>
        <Trackpoint>
          <Time>2027-05-09T11:02:10Z</Time>
          <Position>
            <LatitudeDegrees>42.3490100</LatitudeDegrees>
            <LongitudeDegrees>-3.8191200</LongitudeDegrees>
          </Position>
          <AltitudeMeters>826.6</AltitudeMeters>
          <DistanceMeters>60544.8</DistanceMeters>
        </Trackpoint>
        <Trackpoint>
          <Time>2027-05-09T11:02:20Z</Time>
          <Position>
            <LatitudeDegrees>42.3488800</LatitudeDegrees>
            <LongitudeDegrees>-3.8196000</LongitudeDegrees>
          </Position>
          <AltitudeMeters>826.1</AltitudeMeters>
          <DistanceMeters>60586.8</DistanceMeters>
        </Trackpoint>
        <Trackpoint>
          <Time>2027-05-09T11:02:34Z</Time>
          <Position>
            <LatitudeDegrees>42.3491000</LatitudeDegrees>
            <LongitudeDegrees>-3.8202400</LongitudeDegrees>
          </Position>
          <AltitudeMeters>825.3</AltitudeMeters>
          <DistanceMeters>60644.8</DistanceMeters>
        </Trackpoint>
        <Trackpoint>
          <Time>2027-05-09T11:02:48Z</Time>
          <Position>
            <LatitudeDegrees>42.3493100</LatitudeDegrees>
            <LongitudeDegrees>-3.8208800</LongitudeDegrees>
          </Position>
          <AltitudeMeters>824.4</AltitudeMeters>
          <DistanceMeters>60702.3</DistanceMeters>
        </Trackpoint>
        <Trackpoint>
          <Time>2027-05-09T11:03:06Z</Time>
          <Position>
            <LatitudeDegrees>42.3493000</LatitudeDegrees>
            <LongitudeDegrees>-3.8217700</LongitudeDegrees>
          </Position>
          <AltitudeMeters>823.4</AltitudeMeters>
          <DistanceMeters>60775.5</DistanceMeters>
        </Trackpoint>
        <Trackpoint>
          <Time>2027-05-09T11:03:21Z</Time>
          <Position>
            <LatitudeDegrees>42.3491300</LatitudeDegrees>
            <LongitudeDegrees>-3.8225200</LongitudeDegrees>
          </Position>
          <AltitudeMeters>822.4</AltitudeMeters>
          <DistanceMeters>60840.0</DistanceMeters>
        </Trackpoint>
        <Trackpoint>
          <Time>2027-05-09T11:03:35Z</Time>
          <Position>
            <LatitudeDegrees>42.3490800</LatitudeDegrees>
            <LongitudeDegrees>-3.8232400</LongitudeDegrees>
          </Position>
          <AltitudeMeters>821.7</AltitudeMeters>
          <DistanceMeters>60899.4</DistanceMeters>
        </Trackpoint>
        <Trackpoint>
          <Time>2027-05-09T11:03:49Z</Time>
          <Position>
            <LatitudeDegrees>42.3490200</LatitudeDegrees>
            <LongitudeDegrees>-3.8239500</LongitudeDegrees>
          </Position>
          <AltitudeMeters>821.4</AltitudeMeters>
          <DistanceMeters>60958.1</DistanceMeters>
        </Trackpoint>
        <Trackpoint>
          <Time>2027-05-09T11:04:03Z</Time>
          <Position>
            <LatitudeDegrees>42.3488300</LatitudeDegrees>
            <LongitudeDegrees>-3.8245900</LongitudeDegrees>
          </Position>
          <AltitudeMeters>821.2</AltitudeMeters>
          <DistanceMeters>61014.8</DistanceMeters>
        </Trackpoint>
        <Trackpoint>
          <Time>2027-05-09T11:04:17Z</Time>
          <Position>
            <LatitudeDegrees>42.3486300</LatitudeDegrees>
            <LongitudeDegrees>-3.8252200</LongitudeDegrees>
          </Position>
          <AltitudeMeters>821.1</AltitudeMeters>
          <DistanceMeters>61071.1</DistanceMeters>
        </Trackpoint>
        <Trackpoint>
          <Time>2027-05-09T11:04:30Z</Time>
          <Position>
            <LatitudeDegrees>42.3484400</LatitudeDegrees>
            <LongitudeDegrees>-3.8258600</LongitudeDegrees>
          </Position>
          <AltitudeMeters>821.0</AltitudeMeters>
          <DistanceMeters>61127.8</DistanceMeters>
        </Trackpoint>
        <Trackpoint>
          <Time>2027-05-09T11:04:44Z</Time>
          <Position>
            <LatitudeDegrees>42.3482500</LatitudeDegrees>
            <LongitudeDegrees>-3.8264900</LongitudeDegrees>
          </Position>
          <AltitudeMeters>820.8</AltitudeMeters>
          <DistanceMeters>61183.7</DistanceMeters>
        </Trackpoint>
        <Trackpoint>
          <Time>2027-05-09T11:04:57Z</Time>
          <Position>
            <LatitudeDegrees>42.3480600</LatitudeDegrees>
            <LongitudeDegrees>-3.8271300</LongitudeDegrees>
          </Position>
          <AltitudeMeters>820.7</AltitudeMeters>
          <DistanceMeters>61240.4</DistanceMeters>
        </Trackpoint>
        <Trackpoint>
          <Time>2027-05-09T11:05:11Z</Time>
          <Position>
            <LatitudeDegrees>42.3478600</LatitudeDegrees>
            <LongitudeDegrees>-3.8277600</LongitudeDegrees>
          </Position>
          <AltitudeMeters>820.4</AltitudeMeters>
          <DistanceMeters>61296.8</DistanceMeters>
        </Trackpoint>
        <Trackpoint>
          <Time>2027-05-09T11:05:24Z</Time>
          <Position>
            <LatitudeDegrees>42.3476700</LatitudeDegrees>
            <LongitudeDegrees>-3.8284000</LongitudeDegrees>
          </Position>
          <AltitudeMeters>820.8</AltitudeMeters>
          <DistanceMeters>61353.4</DistanceMeters>
        </Trackpoint>
        <Trackpoint>
          <Time>2027-05-09T11:05:33Z</Time>
          <Position>
            <LatitudeDegrees>42.3473900</LatitudeDegrees>
            <LongitudeDegrees>-3.8285800</LongitudeDegrees>
          </Position>
          <AltitudeMeters>822.6</AltitudeMeters>
          <DistanceMeters>61387.9</DistanceMeters>
        </Trackpoint>
        <Trackpoint>
          <Time>2027-05-09T11:05:48Z</Time>
          <Position>
            <LatitudeDegrees>42.3468200</LatitudeDegrees>
            <LongitudeDegrees>-3.8286500</LongitudeDegrees>
          </Position>
          <AltitudeMeters>824.8</AltitudeMeters>
          <DistanceMeters>61451.6</DistanceMeters>
        </Trackpoint>
        <Trackpoint>
          <Time>2027-05-09T11:06:03Z</Time>
          <Position>
            <LatitudeDegrees>42.3462500</LatitudeDegrees>
            <LongitudeDegrees>-3.8287100</LongitudeDegrees>
          </Position>
          <AltitudeMeters>827.3</AltitudeMeters>
          <DistanceMeters>61515.1</DistanceMeters>
        </Trackpoint>
        <Trackpoint>
          <Time>2027-05-09T11:06:12Z</Time>
          <Position>
            <LatitudeDegrees>42.3459100</LatitudeDegrees>
            <LongitudeDegrees>-3.8288100</LongitudeDegrees>
          </Position>
          <AltitudeMeters>830.0</AltitudeMeters>
          <DistanceMeters>61553.8</DistanceMeters>
        </Trackpoint>
        <Trackpoint>
          <Time>2027-05-09T11:06:25Z</Time>
          <Position>
            <LatitudeDegrees>42.3455200</LatitudeDegrees>
            <LongitudeDegrees>-3.8291400</LongitudeDegrees>
          </Position>
          <AltitudeMeters>831.5</AltitudeMeters>
          <DistanceMeters>61605.0</DistanceMeters>
        </Trackpoint>
        <Trackpoint>
          <Time>2027-05-09T11:06:37Z</Time>
          <Position>
            <LatitudeDegrees>42.3451300</LatitudeDegrees>
            <LongitudeDegrees>-3.8294600</LongitudeDegrees>
          </Position>
          <AltitudeMeters>831.7</AltitudeMeters>
          <DistanceMeters>61655.7</DistanceMeters>
        </Trackpoint>
        <Trackpoint>
          <Time>2027-05-09T11:06:54Z</Time>
          <Position>
            <LatitudeDegrees>42.3445100</LatitudeDegrees>
            <LongitudeDegrees>-3.8297500</LongitudeDegrees>
          </Position>
          <AltitudeMeters>832.1</AltitudeMeters>
          <DistanceMeters>61728.6</DistanceMeters>
        </Trackpoint>
        <Trackpoint>
          <Time>2027-05-09T11:07:12Z</Time>
          <Position>
            <LatitudeDegrees>42.3438900</LatitudeDegrees>
            <LongitudeDegrees>-3.8300400</LongitudeDegrees>
          </Position>
          <AltitudeMeters>832.2</AltitudeMeters>
          <DistanceMeters>61801.6</DistanceMeters>
        </Trackpoint>
        <Trackpoint>
          <Time>2027-05-09T11:07:26Z</Time>
          <Position>
            <LatitudeDegrees>42.3434200</LatitudeDegrees>
            <LongitudeDegrees>-3.8304000</LongitudeDegrees>
          </Position>
          <AltitudeMeters>832.0</AltitudeMeters>
          <DistanceMeters>61861.6</DistanceMeters>
        </Trackpoint>
        <Trackpoint>
          <Time>2027-05-09T11:07:47Z</Time>
          <Position>
            <LatitudeDegrees>42.3428100</LatitudeDegrees>
            <LongitudeDegrees>-3.8310600</LongitudeDegrees>
          </Position>
          <AltitudeMeters>832.1</AltitudeMeters>
          <DistanceMeters>61948.5</DistanceMeters>
        </Trackpoint>
        <Trackpoint>
          <Time>2027-05-09T11:07:59Z</Time>
          <Position>
            <LatitudeDegrees>42.3425100</LatitudeDegrees>
            <LongitudeDegrees>-3.8315300</LongitudeDegrees>
          </Position>
          <AltitudeMeters>831.8</AltitudeMeters>
          <DistanceMeters>61999.5</DistanceMeters>
        </Trackpoint>
        <Trackpoint>
          <Time>2027-05-09T11:08:12Z</Time>
          <Position>
            <LatitudeDegrees>42.3422000</LatitudeDegrees>
            <LongitudeDegrees>-3.8319900</LongitudeDegrees>
          </Position>
          <AltitudeMeters>831.0</AltitudeMeters>
          <DistanceMeters>62050.7</DistanceMeters>
        </Trackpoint>
        <Trackpoint>
          <Time>2027-05-09T11:08:24Z</Time>
          <Position>
            <LatitudeDegrees>42.3419000</LatitudeDegrees>
            <LongitudeDegrees>-3.8324600</LongitudeDegrees>
          </Position>
          <AltitudeMeters>830.2</AltitudeMeters>
          <DistanceMeters>62101.7</DistanceMeters>
        </Trackpoint>
        <Trackpoint>
          <Time>2027-05-09T11:08:36Z</Time>
          <Position>
            <LatitudeDegrees>42.3415900</LatitudeDegrees>
            <LongitudeDegrees>-3.8329200</LongitudeDegrees>
          </Position>
          <AltitudeMeters>829.6</AltitudeMeters>
          <DistanceMeters>62152.9</DistanceMeters>
        </Trackpoint>
        <Trackpoint>
          <Time>2027-05-09T11:08:48Z</Time>
          <Position>
            <LatitudeDegrees>42.3412900</LatitudeDegrees>
            <LongitudeDegrees>-3.8333900</LongitudeDegrees>
          </Position>
          <AltitudeMeters>829.1</AltitudeMeters>
          <DistanceMeters>62203.9</DistanceMeters>
        </Trackpoint>
        <Trackpoint>
          <Time>2027-05-09T11:09:00Z</Time>
          <Position>
            <LatitudeDegrees>42.3408800</LatitudeDegrees>
            <LongitudeDegrees>-3.8335300</LongitudeDegrees>
          </Position>
          <AltitudeMeters>829.7</AltitudeMeters>
          <DistanceMeters>62250.9</DistanceMeters>
        </Trackpoint>
        <Trackpoint>
          <Time>2027-05-09T11:09:05Z</Time>
          <Position>
            <LatitudeDegrees>42.3406700</LatitudeDegrees>
            <LongitudeDegrees>-3.8334600</LongitudeDegrees>
          </Position>
          <AltitudeMeters>830.9</AltitudeMeters>
          <DistanceMeters>62275.0</DistanceMeters>
        </Trackpoint>
        <Trackpoint>
          <Time>2027-05-09T11:09:19Z</Time>
          <Position>
            <LatitudeDegrees>42.3405500</LatitudeDegrees>
            <LongitudeDegrees>-3.8341000</LongitudeDegrees>
          </Position>
          <AltitudeMeters>831.7</AltitudeMeters>
          <DistanceMeters>62329.3</DistanceMeters>
        </Trackpoint>
        <Trackpoint>
          <Time>2027-05-09T11:09:32Z</Time>
          <Position>
            <LatitudeDegrees>42.3404200</LatitudeDegrees>
            <LongitudeDegrees>-3.8347400</LongitudeDegrees>
          </Position>
          <AltitudeMeters>832.3</AltitudeMeters>
          <DistanceMeters>62383.8</DistanceMeters>
        </Trackpoint>
        <Trackpoint>
          <Time>2027-05-09T11:09:41Z</Time>
          <Position>
            <LatitudeDegrees>42.3402000</LatitudeDegrees>
            <LongitudeDegrees>-3.8351400</LongitudeDegrees>
          </Position>
          <AltitudeMeters>832.9</AltitudeMeters>
          <DistanceMeters>62424.8</DistanceMeters>
        </Trackpoint>
        <Trackpoint>
          <Time>2027-05-09T11:09:45Z</Time>
          <Position>
            <LatitudeDegrees>42.3400500</LatitudeDegrees>
            <LongitudeDegrees>-3.8351500</LongitudeDegrees>
          </Position>
          <AltitudeMeters>833.2</AltitudeMeters>
          <DistanceMeters>62441.5</DistanceMeters>
        </Trackpoint>
        <Trackpoint>
          <Time>2027-05-09T11:09:51Z</Time>
          <Position>
            <LatitudeDegrees>42.3399000</LatitudeDegrees>
            <LongitudeDegrees>-3.8353700</LongitudeDegrees>
          </Position>
          <AltitudeMeters>833.6</AltitudeMeters>
          <DistanceMeters>62466.1</DistanceMeters>
        </Trackpoint>
        <Trackpoint>
          <Time>2027-05-09T11:10:07Z</Time>
          <Position>
            <LatitudeDegrees>42.3400900</LatitudeDegrees>
            <LongitudeDegrees>-3.8361400</LongitudeDegrees>
          </Position>
          <AltitudeMeters>834.7</AltitudeMeters>
          <DistanceMeters>62532.8</DistanceMeters>
        </Trackpoint>
        <Trackpoint>
          <Time>2027-05-09T11:10:22Z</Time>
          <Position>
            <LatitudeDegrees>42.3401500</LatitudeDegrees>
            <LongitudeDegrees>-3.8368700</LongitudeDegrees>
          </Position>
          <AltitudeMeters>835.3</AltitudeMeters>
          <DistanceMeters>62593.2</DistanceMeters>
        </Trackpoint>
        <Trackpoint>
          <Time>2027-05-09T11:10:32Z</Time>
          <Position>
            <LatitudeDegrees>42.3402700</LatitudeDegrees>
            <LongitudeDegrees>-3.8373600</LongitudeDegrees>
          </Position>
          <AltitudeMeters>835.1</AltitudeMeters>
          <DistanceMeters>62635.6</DistanceMeters>
        </Trackpoint>
        <Trackpoint>
          <Time>2027-05-09T11:10:54Z</Time>
          <Position>
            <LatitudeDegrees>42.3402300</LatitudeDegrees>
            <LongitudeDegrees>-3.8384500</LongitudeDegrees>
          </Position>
          <AltitudeMeters>834.3</AltitudeMeters>
          <DistanceMeters>62725.3</DistanceMeters>
        </Trackpoint>
        <Trackpoint>
          <Time>2027-05-09T11:11:16Z</Time>
          <Position>
            <LatitudeDegrees>42.3404200</LatitudeDegrees>
            <LongitudeDegrees>-3.8395600</LongitudeDegrees>
          </Position>
          <AltitudeMeters>833.1</AltitudeMeters>
          <DistanceMeters>62819.0</DistanceMeters>
        </Trackpoint>
        <Trackpoint>
          <Time>2027-05-09T11:11:30Z</Time>
          <Position>
            <LatitudeDegrees>42.3404800</LatitudeDegrees>
            <LongitudeDegrees>-3.8402700</LongitudeDegrees>
          </Position>
          <AltitudeMeters>831.4</AltitudeMeters>
          <DistanceMeters>62877.7</DistanceMeters>
        </Trackpoint>
        <Trackpoint>
          <Time>2027-05-09T11:11:41Z</Time>
          <Position>
            <LatitudeDegrees>42.3404200</LatitudeDegrees>
            <LongitudeDegrees>-3.8407900</LongitudeDegrees>
          </Position>
          <AltitudeMeters>831.1</AltitudeMeters>
          <DistanceMeters>62920.9</DistanceMeters>
        </Trackpoint>
        <Trackpoint>
          <Time>2027-05-09T11:11:49Z</Time>
          <Position>
            <LatitudeDegrees>42.3404400</LatitudeDegrees>
            <LongitudeDegrees>-3.8412400</LongitudeDegrees>
          </Position>
          <AltitudeMeters>832.4</AltitudeMeters>
          <DistanceMeters>62958.0</DistanceMeters>
        </Trackpoint>
        <Trackpoint>
          <Time>2027-05-09T11:12:02Z</Time>
          <Position>
            <LatitudeDegrees>42.3403700</LatitudeDegrees>
            <LongitudeDegrees>-3.8418700</LongitudeDegrees>
          </Position>
          <AltitudeMeters>834.4</AltitudeMeters>
          <DistanceMeters>63010.4</DistanceMeters>
        </Trackpoint>
        <Trackpoint>
          <Time>2027-05-09T11:12:14Z</Time>
          <Position>
            <LatitudeDegrees>42.3403100</LatitudeDegrees>
            <LongitudeDegrees>-3.8424900</LongitudeDegrees>
          </Position>
          <AltitudeMeters>836.5</AltitudeMeters>
          <DistanceMeters>63061.7</DistanceMeters>
        </Trackpoint>
        <Trackpoint>
          <Time>2027-05-09T11:12:27Z</Time>
          <Position>
            <LatitudeDegrees>42.3402400</LatitudeDegrees>
            <LongitudeDegrees>-3.8431200</LongitudeDegrees>
          </Position>
          <AltitudeMeters>838.8</AltitudeMeters>
          <DistanceMeters>63114.1</DistanceMeters>
        </Trackpoint>
        <Trackpoint>
          <Time>2027-05-09T11:12:39Z</Time>
          <Position>
            <LatitudeDegrees>42.3401700</LatitudeDegrees>
            <LongitudeDegrees>-3.8437400</LongitudeDegrees>
          </Position>
          <AltitudeMeters>840.3</AltitudeMeters>
          <DistanceMeters>63165.7</DistanceMeters>
        </Trackpoint>
        <Trackpoint>
          <Time>2027-05-09T11:12:56Z</Time>
          <Position>
            <LatitudeDegrees>42.3402800</LatitudeDegrees>
            <LongitudeDegrees>-3.8445900</LongitudeDegrees>
          </Position>
          <AltitudeMeters>841.1</AltitudeMeters>
          <DistanceMeters>63236.6</DistanceMeters>
        </Trackpoint>
        <Trackpoint>
          <Time>2027-05-09T11:13:13Z</Time>
          <Position>
            <LatitudeDegrees>42.3403800</LatitudeDegrees>
            <LongitudeDegrees>-3.8454400</LongitudeDegrees>
          </Position>
          <AltitudeMeters>841.5</AltitudeMeters>
          <DistanceMeters>63307.3</DistanceMeters>
        </Trackpoint>
        <Trackpoint>
          <Time>2027-05-09T11:13:34Z</Time>
          <Position>
            <LatitudeDegrees>42.3403600</LatitudeDegrees>
            <LongitudeDegrees>-3.8464900</LongitudeDegrees>
          </Position>
          <AltitudeMeters>841.7</AltitudeMeters>
          <DistanceMeters>63393.7</DistanceMeters>
        </Trackpoint>
        <Trackpoint>
          <Time>2027-05-09T11:13:47Z</Time>
          <Position>
            <LatitudeDegrees>42.3404200</LatitudeDegrees>
            <LongitudeDegrees>-3.8471200</LongitudeDegrees>
          </Position>
          <AltitudeMeters>841.8</AltitudeMeters>
          <DistanceMeters>63445.9</DistanceMeters>
        </Trackpoint>
        <Trackpoint>
          <Time>2027-05-09T11:13:59Z</Time>
          <Position>
            <LatitudeDegrees>42.3404800</LatitudeDegrees>
            <LongitudeDegrees>-3.8477400</LongitudeDegrees>
          </Position>
          <AltitudeMeters>842.0</AltitudeMeters>
          <DistanceMeters>63497.3</DistanceMeters>
        </Trackpoint>
        <Trackpoint>
          <Time>2027-05-09T11:14:11Z</Time>
          <Position>
            <LatitudeDegrees>42.3405400</LatitudeDegrees>
            <LongitudeDegrees>-3.8483700</LongitudeDegrees>
          </Position>
          <AltitudeMeters>842.4</AltitudeMeters>
          <DistanceMeters>63549.5</DistanceMeters>
        </Trackpoint>
        <Trackpoint>
          <Time>2027-05-09T11:14:30Z</Time>
          <Position>
            <LatitudeDegrees>42.3406900</LatitudeDegrees>
            <LongitudeDegrees>-3.8493100</LongitudeDegrees>
          </Position>
          <AltitudeMeters>843.0</AltitudeMeters>
          <DistanceMeters>63628.5</DistanceMeters>
        </Trackpoint>
        <Trackpoint>
          <Time>2027-05-09T11:14:35Z</Time>
          <Position>
            <LatitudeDegrees>42.3407600</LatitudeDegrees>
            <LongitudeDegrees>-3.8495300</LongitudeDegrees>
          </Position>
          <AltitudeMeters>843.5</AltitudeMeters>
          <DistanceMeters>63648.2</DistanceMeters>
        </Trackpoint>
        <Trackpoint>
          <Time>2027-05-09T11:14:48Z</Time>
          <Position>
            <LatitudeDegrees>42.3410800</LatitudeDegrees>
            <LongitudeDegrees>-3.8500500</LongitudeDegrees>
          </Position>
          <AltitudeMeters>844.4</AltitudeMeters>
          <DistanceMeters>63703.8</DistanceMeters>
        </Trackpoint>
        <Trackpoint>
          <Time>2027-05-09T11:14:54Z</Time>
          <Position>
            <LatitudeDegrees>42.3411400</LatitudeDegrees>
            <LongitudeDegrees>-3.8503000</LongitudeDegrees>
          </Position>
          <AltitudeMeters>845.8</AltitudeMeters>
          <DistanceMeters>63725.4</DistanceMeters>
        </Trackpoint>
        <Trackpoint>
          <Time>2027-05-09T11:15:07Z</Time>
          <Position>
            <LatitudeDegrees>42.3412000</LatitudeDegrees>
            <LongitudeDegrees>-3.8509600</LongitudeDegrees>
          </Position>
          <AltitudeMeters>847.8</AltitudeMeters>
          <DistanceMeters>63780.1</DistanceMeters>
        </Trackpoint>
        <Trackpoint>
          <Time>2027-05-09T11:15:20Z</Time>
          <Position>
            <LatitudeDegrees>42.3412600</LatitudeDegrees>
            <LongitudeDegrees>-3.8516200</LongitudeDegrees>
          </Position>
          <AltitudeMeters>849.8</AltitudeMeters>
          <DistanceMeters>63834.7</DistanceMeters>
        </Trackpoint>
        <Trackpoint>
          <Time>2027-05-09T11:15:33Z</Time>
          <Position>
            <LatitudeDegrees>42.3413200</LatitudeDegrees>
            <LongitudeDegrees>-3.8522700</LongitudeDegrees>
          </Position>
          <AltitudeMeters>851.5</AltitudeMeters>
          <DistanceMeters>63888.6</DistanceMeters>
        </Trackpoint>
        <Trackpoint>
          <Time>2027-05-09T11:15:46Z</Time>
          <Position>
            <LatitudeDegrees>42.3413800</LatitudeDegrees>
            <LongitudeDegrees>-3.8529300</LongitudeDegrees>
          </Position>
          <AltitudeMeters>852.8</AltitudeMeters>
          <DistanceMeters>63943.2</DistanceMeters>
        </Trackpoint>
        <Trackpoint>
          <Time>2027-05-09T11:15:59Z</Time>
          <Position>
            <LatitudeDegrees>42.3414400</LatitudeDegrees>
            <LongitudeDegrees>-3.8535900</LongitudeDegrees>
          </Position>
          <AltitudeMeters>854.1</AltitudeMeters>
          <DistanceMeters>63997.9</DistanceMeters>
        </Trackpoint>
        <Trackpoint>
          <Time>2027-05-09T11:16:13Z</Time>
          <Position>
            <LatitudeDegrees>42.3414200</LatitudeDegrees>
            <LongitudeDegrees>-3.8542900</LongitudeDegrees>
          </Position>
          <AltitudeMeters>855.5</AltitudeMeters>
          <DistanceMeters>64055.4</DistanceMeters>
        </Trackpoint>
        <Trackpoint>
          <Time>2027-05-09T11:16:27Z</Time>
          <Position>
            <LatitudeDegrees>42.3413300</LatitudeDegrees>
            <LongitudeDegrees>-3.8549800</LongitudeDegrees>
          </Position>
          <AltitudeMeters>857.5</AltitudeMeters>
          <DistanceMeters>64113.0</DistanceMeters>
        </Trackpoint>
        <Trackpoint>
          <Time>2027-05-09T11:16:40Z</Time>
          <Position>
            <LatitudeDegrees>42.3412400</LatitudeDegrees>
            <LongitudeDegrees>-3.8556700</LongitudeDegrees>
          </Position>
          <AltitudeMeters>860.1</AltitudeMeters>
          <DistanceMeters>64170.6</DistanceMeters>
        </Trackpoint>
        <Trackpoint>
          <Time>2027-05-09T11:16:54Z</Time>
          <Position>
            <LatitudeDegrees>42.3411500</LatitudeDegrees>
            <LongitudeDegrees>-3.8563600</LongitudeDegrees>
          </Position>
          <AltitudeMeters>862.9</AltitudeMeters>
          <DistanceMeters>64228.2</DistanceMeters>
        </Trackpoint>
        <Trackpoint>
          <Time>2027-05-09T11:17:08Z</Time>
          <Position>
            <LatitudeDegrees>42.3410600</LatitudeDegrees>
            <LongitudeDegrees>-3.8570400</LongitudeDegrees>
          </Position>
          <AltitudeMeters>865.0</AltitudeMeters>
          <DistanceMeters>64285.0</DistanceMeters>
        </Trackpoint>
        <Trackpoint>
          <Time>2027-05-09T11:17:22Z</Time>
          <Position>
            <LatitudeDegrees>42.3409700</LatitudeDegrees>
            <LongitudeDegrees>-3.8577300</LongitudeDegrees>
          </Position>
          <AltitudeMeters>866.4</AltitudeMeters>
          <DistanceMeters>64342.6</DistanceMeters>
        </Trackpoint>
        <Trackpoint>
          <Time>2027-05-09T11:17:36Z</Time>
          <Position>
            <LatitudeDegrees>42.3408800</LatitudeDegrees>
            <LongitudeDegrees>-3.8584200</LongitudeDegrees>
          </Position>
          <AltitudeMeters>866.5</AltitudeMeters>
          <DistanceMeters>64400.1</DistanceMeters>
        </Trackpoint>
        <Trackpoint>
          <Time>2027-05-09T11:17:53Z</Time>
          <Position>
            <LatitudeDegrees>42.3408800</LatitudeDegrees>
            <LongitudeDegrees>-3.8592900</LongitudeDegrees>
          </Position>
          <AltitudeMeters>866.0</AltitudeMeters>
          <DistanceMeters>64471.7</DistanceMeters>
        </Trackpoint>
        <Trackpoint>
          <Time>2027-05-09T11:18:10Z</Time>
          <Position>
            <LatitudeDegrees>42.3408800</LatitudeDegrees>
            <LongitudeDegrees>-3.8601500</LongitudeDegrees>
          </Position>
          <AltitudeMeters>865.1</AltitudeMeters>
          <DistanceMeters>64542.3</DistanceMeters>
        </Trackpoint>
        <Trackpoint>
          <Time>2027-05-09T11:18:22Z</Time>
          <Position>
            <LatitudeDegrees>42.3408200</LatitudeDegrees>
            <LongitudeDegrees>-3.8607600</LongitudeDegrees>
          </Position>
          <AltitudeMeters>864.3</AltitudeMeters>
          <DistanceMeters>64592.9</DistanceMeters>
        </Trackpoint>
        <Trackpoint>
          <Time>2027-05-09T11:18:34Z</Time>
          <Position>
            <LatitudeDegrees>42.3407600</LatitudeDegrees>
            <LongitudeDegrees>-3.8613600</LongitudeDegrees>
          </Position>
          <AltitudeMeters>863.8</AltitudeMeters>
          <DistanceMeters>64642.7</DistanceMeters>
        </Trackpoint>
        <Trackpoint>
          <Time>2027-05-09T11:18:47Z</Time>
          <Position>
            <LatitudeDegrees>42.3407500</LatitudeDegrees>
            <LongitudeDegrees>-3.8620200</LongitudeDegrees>
          </Position>
          <AltitudeMeters>864.4</AltitudeMeters>
          <DistanceMeters>64696.9</DistanceMeters>
        </Trackpoint>
        <Trackpoint>
          <Time>2027-05-09T11:19:00Z</Time>
          <Position>
            <LatitudeDegrees>42.3407500</LatitudeDegrees>
            <LongitudeDegrees>-3.8626800</LongitudeDegrees>
          </Position>
          <AltitudeMeters>865.4</AltitudeMeters>
          <DistanceMeters>64751.2</DistanceMeters>
        </Trackpoint>
        <Trackpoint>
          <Time>2027-05-09T11:19:13Z</Time>
          <Position>
            <LatitudeDegrees>42.3407400</LatitudeDegrees>
            <LongitudeDegrees>-3.8633400</LongitudeDegrees>
          </Position>
          <AltitudeMeters>866.6</AltitudeMeters>
          <DistanceMeters>64805.4</DistanceMeters>
        </Trackpoint>
        <Trackpoint>
          <Time>2027-05-09T11:19:26Z</Time>
          <Position>
            <LatitudeDegrees>42.3407300</LatitudeDegrees>
            <LongitudeDegrees>-3.8640000</LongitudeDegrees>
          </Position>
          <AltitudeMeters>867.8</AltitudeMeters>
          <DistanceMeters>64859.7</DistanceMeters>
        </Trackpoint>
        <Trackpoint>
          <Time>2027-05-09T11:19:34Z</Time>
          <Position>
            <LatitudeDegrees>42.3407500</LatitudeDegrees>
            <LongitudeDegrees>-3.8643900</LongitudeDegrees>
          </Position>
          <AltitudeMeters>869.3</AltitudeMeters>
          <DistanceMeters>64891.8</DistanceMeters>
        </Trackpoint>
        <Trackpoint>
          <Time>2027-05-09T11:19:55Z</Time>
          <Position>
            <LatitudeDegrees>42.3411200</LatitudeDegrees>
            <LongitudeDegrees>-3.8653800</LongitudeDegrees>
          </Position>
          <AltitudeMeters>870.6</AltitudeMeters>
          <DistanceMeters>64983.0</DistanceMeters>
        </Trackpoint>
        <Trackpoint>
          <Time>2027-05-09T11:20:12Z</Time>
          <Position>
            <LatitudeDegrees>42.3412800</LatitudeDegrees>
            <LongitudeDegrees>-3.8661800</LongitudeDegrees>
          </Position>
          <AltitudeMeters>871.9</AltitudeMeters>
          <DistanceMeters>65051.1</DistanceMeters>
        </Trackpoint>
        <Trackpoint>
          <Time>2027-05-09T11:20:25Z</Time>
          <Position>
            <LatitudeDegrees>42.3413600</LatitudeDegrees>
            <LongitudeDegrees>-3.8668200</LongitudeDegrees>
          </Position>
          <AltitudeMeters>873.5</AltitudeMeters>
          <DistanceMeters>65104.5</DistanceMeters>
        </Trackpoint>
        <Trackpoint>
          <Time>2027-05-09T11:20:38Z</Time>
          <Position>
            <LatitudeDegrees>42.3414300</LatitudeDegrees>
            <LongitudeDegrees>-3.8674700</LongitudeDegrees>
          </Position>
          <AltitudeMeters>875.8</AltitudeMeters>
          <DistanceMeters>65158.5</DistanceMeters>
        </Trackpoint>
        <Trackpoint>
          <Time>2027-05-09T11:20:50Z</Time>
          <Position>
            <LatitudeDegrees>42.3415100</LatitudeDegrees>
            <LongitudeDegrees>-3.8681100</LongitudeDegrees>
          </Position>
          <AltitudeMeters>878.0</AltitudeMeters>
          <DistanceMeters>65211.8</DistanceMeters>
        </Trackpoint>
        <Trackpoint>
          <Time>2027-05-09T11:21:03Z</Time>
          <Position>
            <LatitudeDegrees>42.3415800</LatitudeDegrees>
            <LongitudeDegrees>-3.8687500</LongitudeDegrees>
          </Position>
          <AltitudeMeters>880.4</AltitudeMeters>
          <DistanceMeters>65265.0</DistanceMeters>
        </Trackpoint>
        <Trackpoint>
          <Time>2027-05-09T11:21:16Z</Time>
          <Position>
            <LatitudeDegrees>42.3416600</LatitudeDegrees>
            <LongitudeDegrees>-3.8693900</LongitudeDegrees>
          </Position>
          <AltitudeMeters>882.4</AltitudeMeters>
          <DistanceMeters>65318.3</DistanceMeters>
        </Trackpoint>
        <Trackpoint>
          <Time>2027-05-09T11:21:29Z</Time>
          <Position>
            <LatitudeDegrees>42.3417300</LatitudeDegrees>
            <LongitudeDegrees>-3.8700300</LongitudeDegrees>
          </Position>
          <AltitudeMeters>883.8</AltitudeMeters>
          <DistanceMeters>65371.5</DistanceMeters>
        </Trackpoint>
        <Trackpoint>
          <Time>2027-05-09T11:21:42Z</Time>
          <Position>
            <LatitudeDegrees>42.3418100</LatitudeDegrees>
            <LongitudeDegrees>-3.8706800</LongitudeDegrees>
          </Position>
          <AltitudeMeters>885.3</AltitudeMeters>
          <DistanceMeters>65425.7</DistanceMeters>
        </Trackpoint>
        <Trackpoint>
          <Time>2027-05-09T11:21:54Z</Time>
          <Position>
            <LatitudeDegrees>42.3418800</LatitudeDegrees>
            <LongitudeDegrees>-3.8713200</LongitudeDegrees>
          </Position>
          <AltitudeMeters>886.9</AltitudeMeters>
          <DistanceMeters>65478.8</DistanceMeters>
        </Trackpoint>
        <Trackpoint>
          <Time>2027-05-09T11:22:09Z</Time>
          <Position>
            <LatitudeDegrees>42.3418800</LatitudeDegrees>
            <LongitudeDegrees>-3.8720400</LongitudeDegrees>
          </Position>
          <AltitudeMeters>888.1</AltitudeMeters>
          <DistanceMeters>65538.0</DistanceMeters>
        </Trackpoint>
        <Trackpoint>
          <Time>2027-05-09T11:22:23Z</Time>
          <Position>
            <LatitudeDegrees>42.3418700</LatitudeDegrees>
            <LongitudeDegrees>-3.8727500</LongitudeDegrees>
          </Position>
          <AltitudeMeters>890.1</AltitudeMeters>
          <DistanceMeters>65596.4</DistanceMeters>
        </Trackpoint>
        <Trackpoint>
          <Time>2027-05-09T11:22:38Z</Time>
          <Position>
            <LatitudeDegrees>42.3420000</LatitudeDegrees>
            <LongitudeDegrees>-3.8735000</LongitudeDegrees>
          </Position>
          <AltitudeMeters>892.7</AltitudeMeters>
          <DistanceMeters>65659.7</DistanceMeters>
        </Trackpoint>
        <Trackpoint>
          <Time>2027-05-09T11:22:54Z</Time>
          <Position>
            <LatitudeDegrees>42.3420300</LatitudeDegrees>
            <LongitudeDegrees>-3.8743200</LongitudeDegrees>
          </Position>
          <AltitudeMeters>895.3</AltitudeMeters>
          <DistanceMeters>65727.2</DistanceMeters>
        </Trackpoint>
        <Trackpoint>
          <Time>2027-05-09T11:23:03Z</Time>
          <Position>
            <LatitudeDegrees>42.3419600</LatitudeDegrees>
            <LongitudeDegrees>-3.8747400</LongitudeDegrees>
          </Position>
          <AltitudeMeters>897.8</AltitudeMeters>
          <DistanceMeters>65762.5</DistanceMeters>
        </Trackpoint>
        <Trackpoint>
          <Time>2027-05-09T11:23:11Z</Time>
          <Position>
            <LatitudeDegrees>42.3418200</LatitudeDegrees>
            <LongitudeDegrees>-3.8751300</LongitudeDegrees>
          </Position>
          <AltitudeMeters>900.4</AltitudeMeters>
          <DistanceMeters>65798.2</DistanceMeters>
        </Trackpoint>
        <Trackpoint>
          <Time>2027-05-09T11:23:17Z</Time>
          <Position>
            <LatitudeDegrees>42.3418000</LatitudeDegrees>
            <LongitudeDegrees>-3.8754200</LongitudeDegrees>
          </Position>
          <AltitudeMeters>902.5</AltitudeMeters>
          <DistanceMeters>65822.1</DistanceMeters>
        </Trackpoint>
        <Trackpoint>
          <Time>2027-05-09T11:23:31Z</Time>
          <Position>
            <LatitudeDegrees>42.3418700</LatitudeDegrees>
            <LongitudeDegrees>-3.8761400</LongitudeDegrees>
          </Position>
          <AltitudeMeters>904.5</AltitudeMeters>
          <DistanceMeters>65881.8</DistanceMeters>
        </Trackpoint>
        <Trackpoint>
          <Time>2027-05-09T11:23:45Z</Time>
          <Position>
            <LatitudeDegrees>42.3419300</LatitudeDegrees>
            <LongitudeDegrees>-3.8768600</LongitudeDegrees>
          </Position>
          <AltitudeMeters>906.1</AltitudeMeters>
          <DistanceMeters>65941.4</DistanceMeters>
        </Trackpoint>
        <Trackpoint>
          <Time>2027-05-09T11:23:58Z</Time>
          <Position>
            <LatitudeDegrees>42.3418600</LatitudeDegrees>
            <LongitudeDegrees>-3.8775100</LongitudeDegrees>
          </Position>
          <AltitudeMeters>907.6</AltitudeMeters>
          <DistanceMeters>65995.3</DistanceMeters>
        </Trackpoint>
        <Trackpoint>
          <Time>2027-05-09T11:24:11Z</Time>
          <Position>
            <LatitudeDegrees>42.3417800</LatitudeDegrees>
            <LongitudeDegrees>-3.8781600</LongitudeDegrees>
          </Position>
          <AltitudeMeters>908.9</AltitudeMeters>
          <DistanceMeters>66049.5</DistanceMeters>
        </Trackpoint>
        <Trackpoint>
          <Time>2027-05-09T11:24:28Z</Time>
          <Position>
            <LatitudeDegrees>42.3416200</LatitudeDegrees>
            <LongitudeDegrees>-3.8789800</LongitudeDegrees>
          </Position>
          <AltitudeMeters>910.4</AltitudeMeters>
          <DistanceMeters>66119.2</DistanceMeters>
        </Trackpoint>
        <Trackpoint>
          <Time>2027-05-09T11:24:43Z</Time>
          <Position>
            <LatitudeDegrees>42.3417000</LatitudeDegrees>
            <LongitudeDegrees>-3.8797200</LongitudeDegrees>
          </Position>
          <AltitudeMeters>912.2</AltitudeMeters>
          <DistanceMeters>66180.7</DistanceMeters>
        </Trackpoint>
        <Trackpoint>
          <Time>2027-05-09T11:24:58Z</Time>
          <Position>
            <LatitudeDegrees>42.3417800</LatitudeDegrees>
            <LongitudeDegrees>-3.8804600</LongitudeDegrees>
          </Position>
          <AltitudeMeters>914.1</AltitudeMeters>
          <DistanceMeters>66242.1</DistanceMeters>
        </Trackpoint>
        <Trackpoint>
          <Time>2027-05-09T11:25:12Z</Time>
          <Position>
            <LatitudeDegrees>42.3418500</LatitudeDegrees>
            <LongitudeDegrees>-3.8812000</LongitudeDegrees>
          </Position>
          <AltitudeMeters>915.8</AltitudeMeters>
          <DistanceMeters>66303.5</DistanceMeters>
        </Trackpoint>
        <Trackpoint>
          <Time>2027-05-09T11:25:27Z</Time>
          <Position>
            <LatitudeDegrees>42.3419300</LatitudeDegrees>
            <LongitudeDegrees>-3.8819400</LongitudeDegrees>
          </Position>
          <AltitudeMeters>917.3</AltitudeMeters>
          <DistanceMeters>66364.9</DistanceMeters>
        </Trackpoint>
        <Trackpoint>
          <Time>2027-05-09T11:25:40Z</Time>
          <Position>
            <LatitudeDegrees>42.3419600</LatitudeDegrees>
            <LongitudeDegrees>-3.8826000</LongitudeDegrees>
          </Position>
          <AltitudeMeters>918.6</AltitudeMeters>
          <DistanceMeters>66419.3</DistanceMeters>
        </Trackpoint>
        <Trackpoint>
          <Time>2027-05-09T11:25:53Z</Time>
          <Position>
            <LatitudeDegrees>42.3419900</LatitudeDegrees>
            <LongitudeDegrees>-3.8832600</LongitudeDegrees>
          </Position>
          <AltitudeMeters>919.3</AltitudeMeters>
          <DistanceMeters>66473.6</DistanceMeters>
        </Trackpoint>
        <Trackpoint>
          <Time>2027-05-09T11:26:06Z</Time>
          <Position>
            <LatitudeDegrees>42.3420200</LatitudeDegrees>
            <LongitudeDegrees>-3.8839200</LongitudeDegrees>
          </Position>
          <AltitudeMeters>919.5</AltitudeMeters>
          <DistanceMeters>66528.0</DistanceMeters>
        </Trackpoint>
        <Trackpoint>
          <Time>2027-05-09T11:26:20Z</Time>
          <Position>
            <LatitudeDegrees>42.3421300</LatitudeDegrees>
            <LongitudeDegrees>-3.8846200</LongitudeDegrees>
          </Position>
          <AltitudeMeters>919.6</AltitudeMeters>
          <DistanceMeters>66586.8</DistanceMeters>
        </Trackpoint>
        <Trackpoint>
          <Time>2027-05-09T11:26:34Z</Time>
          <Position>
            <LatitudeDegrees>42.3422300</LatitudeDegrees>
            <LongitudeDegrees>-3.8853200</LongitudeDegrees>
          </Position>
          <AltitudeMeters>919.6</AltitudeMeters>
          <DistanceMeters>66645.4</DistanceMeters>
        </Trackpoint>
        <Trackpoint>
          <Time>2027-05-09T11:26:49Z</Time>
          <Position>
            <LatitudeDegrees>42.3423400</LatitudeDegrees>
            <LongitudeDegrees>-3.8860200</LongitudeDegrees>
          </Position>
          <AltitudeMeters>919.4</AltitudeMeters>
          <DistanceMeters>66704.2</DistanceMeters>
        </Trackpoint>
        <Trackpoint>
          <Time>2027-05-09T11:27:01Z</Time>
          <Position>
            <LatitudeDegrees>42.3423700</LatitudeDegrees>
            <LongitudeDegrees>-3.8866500</LongitudeDegrees>
          </Position>
          <AltitudeMeters>918.8</AltitudeMeters>
          <DistanceMeters>66756.1</DistanceMeters>
        </Trackpoint>
        <Trackpoint>
          <Time>2027-05-09T11:27:13Z</Time>
          <Position>
            <LatitudeDegrees>42.3423900</LatitudeDegrees>
            <LongitudeDegrees>-3.8872800</LongitudeDegrees>
          </Position>
          <AltitudeMeters>918.3</AltitudeMeters>
          <DistanceMeters>66807.9</DistanceMeters>
        </Trackpoint>
        <Trackpoint>
          <Time>2027-05-09T11:27:26Z</Time>
          <Position>
            <LatitudeDegrees>42.3424200</LatitudeDegrees>
            <LongitudeDegrees>-3.8879100</LongitudeDegrees>
          </Position>
          <AltitudeMeters>917.9</AltitudeMeters>
          <DistanceMeters>66859.8</DistanceMeters>
        </Trackpoint>
        <Trackpoint>
          <Time>2027-05-09T11:27:38Z</Time>
          <Position>
            <LatitudeDegrees>42.3424400</LatitudeDegrees>
            <LongitudeDegrees>-3.8885400</LongitudeDegrees>
          </Position>
          <AltitudeMeters>917.3</AltitudeMeters>
          <DistanceMeters>66911.6</DistanceMeters>
        </Trackpoint>
        <Trackpoint>
          <Time>2027-05-09T11:27:50Z</Time>
          <Position>
            <LatitudeDegrees>42.3424100</LatitudeDegrees>
            <LongitudeDegrees>-3.8891500</LongitudeDegrees>
          </Position>
          <AltitudeMeters>916.9</AltitudeMeters>
          <DistanceMeters>66961.9</DistanceMeters>
        </Trackpoint>
        <Trackpoint>
          <Time>2027-05-09T11:28:03Z</Time>
          <Position>
            <LatitudeDegrees>42.3423100</LatitudeDegrees>
            <LongitudeDegrees>-3.8897900</LongitudeDegrees>
          </Position>
          <AltitudeMeters>917.1</AltitudeMeters>
          <DistanceMeters>67015.6</DistanceMeters>
        </Trackpoint>
        <Trackpoint>
          <Time>2027-05-09T11:28:16Z</Time>
          <Position>
            <LatitudeDegrees>42.3422100</LatitudeDegrees>
            <LongitudeDegrees>-3.8904400</LongitudeDegrees>
          </Position>
          <AltitudeMeters>917.6</AltitudeMeters>
          <DistanceMeters>67070.2</DistanceMeters>
        </Trackpoint>
        <Trackpoint>
          <Time>2027-05-09T11:28:29Z</Time>
          <Position>
            <LatitudeDegrees>42.3421100</LatitudeDegrees>
            <LongitudeDegrees>-3.8910800</LongitudeDegrees>
          </Position>
          <AltitudeMeters>918.3</AltitudeMeters>
          <DistanceMeters>67124.0</DistanceMeters>
        </Trackpoint>
        <Trackpoint>
          <Time>2027-05-09T11:28:42Z</Time>
          <Position>
            <LatitudeDegrees>42.3419400</LatitudeDegrees>
            <LongitudeDegrees>-3.8916900</LongitudeDegrees>
          </Position>
          <AltitudeMeters>919.1</AltitudeMeters>
          <DistanceMeters>67177.5</DistanceMeters>
        </Trackpoint>
        <Trackpoint>
          <Time>2027-05-09T11:28:55Z</Time>
          <Position>
            <LatitudeDegrees>42.3417700</LatitudeDegrees>
            <LongitudeDegrees>-3.8923000</LongitudeDegrees>
          </Position>
          <AltitudeMeters>920.0</AltitudeMeters>
          <DistanceMeters>67231.1</DistanceMeters>
        </Trackpoint>
        <Trackpoint>
          <Time>2027-05-09T11:29:08Z</Time>
          <Position>
            <LatitudeDegrees>42.3416100</LatitudeDegrees>
            <LongitudeDegrees>-3.8929000</LongitudeDegrees>
          </Position>
          <AltitudeMeters>920.7</AltitudeMeters>
          <DistanceMeters>67283.5</DistanceMeters>
        </Trackpoint>
        <Trackpoint>
          <Time>2027-05-09T11:29:20Z</Time>
          <Position>
            <LatitudeDegrees>42.3414400</LatitudeDegrees>
            <LongitudeDegrees>-3.8935100</LongitudeDegrees>
          </Position>
          <AltitudeMeters>921.1</AltitudeMeters>
          <DistanceMeters>67337.1</DistanceMeters>
        </Trackpoint>
        <Trackpoint>
          <Time>2027-05-09T11:29:33Z</Time>
          <Position>
            <LatitudeDegrees>42.3412700</LatitudeDegrees>
            <LongitudeDegrees>-3.8941200</LongitudeDegrees>
          </Position>
          <AltitudeMeters>921.0</AltitudeMeters>
          <DistanceMeters>67390.7</DistanceMeters>
        </Trackpoint>
        <Trackpoint>
          <Time>2027-05-09T11:29:47Z</Time>
          <Position>
            <LatitudeDegrees>42.3411300</LatitudeDegrees>
            <LongitudeDegrees>-3.8948100</LongitudeDegrees>
          </Position>
          <AltitudeMeters>919.1</AltitudeMeters>
          <DistanceMeters>67449.5</DistanceMeters>
        </Trackpoint>
        <Trackpoint>
          <Time>2027-05-09T11:30:02Z</Time>
          <Position>
            <LatitudeDegrees>42.3409900</LatitudeDegrees>
            <LongitudeDegrees>-3.8955100</LongitudeDegrees>
          </Position>
          <AltitudeMeters>915.2</AltitudeMeters>
          <DistanceMeters>67509.1</DistanceMeters>
        </Trackpoint>
        <Trackpoint>
          <Time>2027-05-09T11:30:16Z</Time>
          <Position>
            <LatitudeDegrees>42.3408500</LatitudeDegrees>
            <LongitudeDegrees>-3.8962000</LongitudeDegrees>
          </Position>
          <AltitudeMeters>909.8</AltitudeMeters>
          <DistanceMeters>67567.9</DistanceMeters>
        </Trackpoint>
        <Trackpoint>
          <Time>2027-05-09T11:30:29Z</Time>
          <Position>
            <LatitudeDegrees>42.3409100</LatitudeDegrees>
            <LongitudeDegrees>-3.8968500</LongitudeDegrees>
          </Position>
          <AltitudeMeters>903.6</AltitudeMeters>
          <DistanceMeters>67621.8</DistanceMeters>
        </Trackpoint>
        <Trackpoint>
          <Time>2027-05-09T11:30:42Z</Time>
          <Position>
            <LatitudeDegrees>42.3409700</LatitudeDegrees>
            <LongitudeDegrees>-3.8975000</LongitudeDegrees>
          </Position>
          <AltitudeMeters>894.9</AltitudeMeters>
          <DistanceMeters>67675.6</DistanceMeters>
        </Trackpoint>
        <Trackpoint>
          <Time>2027-05-09T11:30:49Z</Time>
          <Position>
            <LatitudeDegrees>42.3409400</LatitudeDegrees>
            <LongitudeDegrees>-3.8978500</LongitudeDegrees>
          </Position>
          <AltitudeMeters>887.0</AltitudeMeters>
          <DistanceMeters>67704.6</DistanceMeters>
        </Trackpoint>
        <Trackpoint>
          <Time>2027-05-09T11:31:12Z</Time>
          <Position>
            <LatitudeDegrees>42.3406600</LatitudeDegrees>
            <LongitudeDegrees>-3.8989700</LongitudeDegrees>
          </Position>
          <AltitudeMeters>880.1</AltitudeMeters>
          <DistanceMeters>67801.7</DistanceMeters>
        </Trackpoint>
        <Trackpoint>
          <Time>2027-05-09T11:31:24Z</Time>
          <Position>
            <LatitudeDegrees>42.3406700</LatitudeDegrees>
            <LongitudeDegrees>-3.8995800</LongitudeDegrees>
          </Position>
          <AltitudeMeters>873.9</AltitudeMeters>
          <DistanceMeters>67851.9</DistanceMeters>
        </Trackpoint>
        <Trackpoint>
          <Time>2027-05-09T11:31:36Z</Time>
          <Position>
            <LatitudeDegrees>42.3406700</LatitudeDegrees>
            <LongitudeDegrees>-3.9001900</LongitudeDegrees>
          </Position>
          <AltitudeMeters>867.7</AltitudeMeters>
          <DistanceMeters>67902.0</DistanceMeters>
        </Trackpoint>
        <Trackpoint>
          <Time>2027-05-09T11:31:48Z</Time>
          <Position>
            <LatitudeDegrees>42.3406800</LatitudeDegrees>
            <LongitudeDegrees>-3.9008000</LongitudeDegrees>
          </Position>
          <AltitudeMeters>863.9</AltitudeMeters>
          <DistanceMeters>67952.2</DistanceMeters>
        </Trackpoint>
        <Trackpoint>
          <Time>2027-05-09T11:32:00Z</Time>
          <Position>
            <LatitudeDegrees>42.3406900</LatitudeDegrees>
            <LongitudeDegrees>-3.9014200</LongitudeDegrees>
          </Position>
          <AltitudeMeters>860.4</AltitudeMeters>
          <DistanceMeters>68003.1</DistanceMeters>
        </Trackpoint>
        <Trackpoint>
          <Time>2027-05-09T11:32:12Z</Time>
          <Position>
            <LatitudeDegrees>42.3406900</LatitudeDegrees>
            <LongitudeDegrees>-3.9020300</LongitudeDegrees>
          </Position>
          <AltitudeMeters>856.9</AltitudeMeters>
          <DistanceMeters>68053.3</DistanceMeters>
        </Trackpoint>
        <Trackpoint>
          <Time>2027-05-09T11:32:24Z</Time>
          <Position>
            <LatitudeDegrees>42.3407000</LatitudeDegrees>
            <LongitudeDegrees>-3.9026400</LongitudeDegrees>
          </Position>
          <AltitudeMeters>853.3</AltitudeMeters>
          <DistanceMeters>68103.4</DistanceMeters>
        </Trackpoint>
        <Trackpoint>
          <Time>2027-05-09T11:32:36Z</Time>
          <Position>
            <LatitudeDegrees>42.3407000</LatitudeDegrees>
            <LongitudeDegrees>-3.9032500</LongitudeDegrees>
          </Position>
          <AltitudeMeters>849.6</AltitudeMeters>
          <DistanceMeters>68153.6</DistanceMeters>
        </Trackpoint>
        <Trackpoint>
          <Time>2027-05-09T11:32:48Z</Time>
          <Position>
            <LatitudeDegrees>42.3407100</LatitudeDegrees>
            <LongitudeDegrees>-3.9038600</LongitudeDegrees>
          </Position>
          <AltitudeMeters>845.8</AltitudeMeters>
          <DistanceMeters>68203.7</DistanceMeters>
        </Trackpoint>
        <Trackpoint>
          <Time>2027-05-09T11:33:06Z</Time>
          <Position>
            <LatitudeDegrees>42.3406300</LatitudeDegrees>
            <LongitudeDegrees>-3.9047300</LongitudeDegrees>
          </Position>
          <AltitudeMeters>842.4</AltitudeMeters>
          <DistanceMeters>68275.8</DistanceMeters>
        </Trackpoint>
        <Trackpoint>
          <Time>2027-05-09T11:33:23Z</Time>
          <Position>
            <LatitudeDegrees>42.3405400</LatitudeDegrees>
            <LongitudeDegrees>-3.9055900</LongitudeDegrees>
          </Position>
          <AltitudeMeters>839.5</AltitudeMeters>
          <DistanceMeters>68347.1</DistanceMeters>
        </Trackpoint>
        <Trackpoint>
          <Time>2027-05-09T11:33:38Z</Time>
          <Position>
            <LatitudeDegrees>42.3406400</LatitudeDegrees>
            <LongitudeDegrees>-3.9063700</LongitudeDegrees>
          </Position>
          <AltitudeMeters>837.4</AltitudeMeters>
          <DistanceMeters>68412.2</DistanceMeters>
        </Trackpoint>
        <Trackpoint>
          <Time>2027-05-09T11:33:54Z</Time>
          <Position>
            <LatitudeDegrees>42.3407300</LatitudeDegrees>
            <LongitudeDegrees>-3.9071400</LongitudeDegrees>
          </Position>
          <AltitudeMeters>835.9</AltitudeMeters>
          <DistanceMeters>68476.3</DistanceMeters>
        </Trackpoint>
        <Trackpoint>
          <Time>2027-05-09T11:34:06Z</Time>
          <Position>
            <LatitudeDegrees>42.3407100</LatitudeDegrees>
            <LongitudeDegrees>-3.9077800</LongitudeDegrees>
          </Position>
          <AltitudeMeters>835.1</AltitudeMeters>
          <DistanceMeters>68528.9</DistanceMeters>
        </Trackpoint>
        <Trackpoint>
          <Time>2027-05-09T11:34:19Z</Time>
          <Position>
            <LatitudeDegrees>42.3406800</LatitudeDegrees>
            <LongitudeDegrees>-3.9084200</LongitudeDegrees>
          </Position>
          <AltitudeMeters>834.2</AltitudeMeters>
          <DistanceMeters>68581.6</DistanceMeters>
        </Trackpoint>
        <Trackpoint>
          <Time>2027-05-09T11:34:35Z</Time>
          <Position>
            <LatitudeDegrees>42.3407400</LatitudeDegrees>
            <LongitudeDegrees>-3.9092400</LongitudeDegrees>
          </Position>
          <AltitudeMeters>833.2</AltitudeMeters>
          <DistanceMeters>68649.4</DistanceMeters>
        </Trackpoint>
        <Trackpoint>
          <Time>2027-05-09T11:34:48Z</Time>
          <Position>
            <LatitudeDegrees>42.3407100</LatitudeDegrees>
            <LongitudeDegrees>-3.9098600</LongitudeDegrees>
          </Position>
          <AltitudeMeters>832.4</AltitudeMeters>
          <DistanceMeters>68700.4</DistanceMeters>
        </Trackpoint>
        <Trackpoint>
          <Time>2027-05-09T11:35:00Z</Time>
          <Position>
            <LatitudeDegrees>42.3406900</LatitudeDegrees>
            <LongitudeDegrees>-3.9104800</LongitudeDegrees>
          </Position>
          <AltitudeMeters>831.5</AltitudeMeters>
          <DistanceMeters>68751.4</DistanceMeters>
        </Trackpoint>
        <Trackpoint>
          <Time>2027-05-09T11:35:12Z</Time>
          <Position>
            <LatitudeDegrees>42.3406600</LatitudeDegrees>
            <LongitudeDegrees>-3.9110900</LongitudeDegrees>
          </Position>
          <AltitudeMeters>830.5</AltitudeMeters>
          <DistanceMeters>68801.7</DistanceMeters>
        </Trackpoint>
        <Trackpoint>
          <Time>2027-05-09T11:35:24Z</Time>
          <Position>
            <LatitudeDegrees>42.3406400</LatitudeDegrees>
            <LongitudeDegrees>-3.9117100</LongitudeDegrees>
          </Position>
          <AltitudeMeters>829.7</AltitudeMeters>
          <DistanceMeters>68852.7</DistanceMeters>
        </Trackpoint>
        <Trackpoint>
          <Time>2027-05-09T11:35:36Z</Time>
          <Position>
            <LatitudeDegrees>42.3406100</LatitudeDegrees>
            <LongitudeDegrees>-3.9123300</LongitudeDegrees>
          </Position>
          <AltitudeMeters>829.0</AltitudeMeters>
          <DistanceMeters>68903.8</DistanceMeters>
        </Trackpoint>
        <Trackpoint>
          <Time>2027-05-09T11:35:49Z</Time>
          <Position>
            <LatitudeDegrees>42.3405800</LatitudeDegrees>
            <LongitudeDegrees>-3.9129500</LongitudeDegrees>
          </Position>
          <AltitudeMeters>828.4</AltitudeMeters>
          <DistanceMeters>68954.8</DistanceMeters>
        </Trackpoint>
        <Trackpoint>
          <Time>2027-05-09T11:36:01Z</Time>
          <Position>
            <LatitudeDegrees>42.3405600</LatitudeDegrees>
            <LongitudeDegrees>-3.9135600</LongitudeDegrees>
          </Position>
          <AltitudeMeters>828.1</AltitudeMeters>
          <DistanceMeters>69005.0</DistanceMeters>
        </Trackpoint>
        <Trackpoint>
          <Time>2027-05-09T11:36:13Z</Time>
          <Position>
            <LatitudeDegrees>42.3405300</LatitudeDegrees>
            <LongitudeDegrees>-3.9141800</LongitudeDegrees>
          </Position>
          <AltitudeMeters>827.7</AltitudeMeters>
          <DistanceMeters>69056.1</DistanceMeters>
        </Trackpoint>
        <Trackpoint>
          <Time>2027-05-09T11:36:25Z</Time>
          <Position>
            <LatitudeDegrees>42.3404600</LatitudeDegrees>
            <LongitudeDegrees>-3.9148000</LongitudeDegrees>
          </Position>
          <AltitudeMeters>827.5</AltitudeMeters>
          <DistanceMeters>69107.6</DistanceMeters>
        </Trackpoint>
        <Trackpoint>
          <Time>2027-05-09T11:36:38Z</Time>
          <Position>
            <LatitudeDegrees>42.3403900</LatitudeDegrees>
            <LongitudeDegrees>-3.9154200</LongitudeDegrees>
          </Position>
          <AltitudeMeters>827.2</AltitudeMeters>
          <DistanceMeters>69159.2</DistanceMeters>
        </Trackpoint>
        <Trackpoint>
          <Time>2027-05-09T11:36:50Z</Time>
          <Position>
            <LatitudeDegrees>42.3403200</LatitudeDegrees>
            <LongitudeDegrees>-3.9160400</LongitudeDegrees>
          </Position>
          <AltitudeMeters>826.7</AltitudeMeters>
          <DistanceMeters>69210.7</DistanceMeters>
        </Trackpoint>
        <Trackpoint>
          <Time>2027-05-09T11:37:03Z</Time>
          <Position>
            <LatitudeDegrees>42.3402600</LatitudeDegrees>
            <LongitudeDegrees>-3.9166700</LongitudeDegrees>
          </Position>
          <AltitudeMeters>826.0</AltitudeMeters>
          <DistanceMeters>69262.9</DistanceMeters>
        </Trackpoint>
        <Trackpoint>
          <Time>2027-05-09T11:37:15Z</Time>
          <Position>
            <LatitudeDegrees>42.3401900</LatitudeDegrees>
            <LongitudeDegrees>-3.9172900</LongitudeDegrees>
          </Position>
          <AltitudeMeters>825.0</AltitudeMeters>
          <DistanceMeters>69314.5</DistanceMeters>
        </Trackpoint>
        <Trackpoint>
          <Time>2027-05-09T11:37:27Z</Time>
          <Position>
            <LatitudeDegrees>42.3401200</LatitudeDegrees>
            <LongitudeDegrees>-3.9179100</LongitudeDegrees>
          </Position>
          <AltitudeMeters>823.7</AltitudeMeters>
          <DistanceMeters>69366.0</DistanceMeters>
        </Trackpoint>
        <Trackpoint>
          <Time>2027-05-09T11:37:40Z</Time>
          <Position>
            <LatitudeDegrees>42.3400500</LatitudeDegrees>
            <LongitudeDegrees>-3.9185300</LongitudeDegrees>
          </Position>
          <AltitudeMeters>822.5</AltitudeMeters>
          <DistanceMeters>69417.6</DistanceMeters>
        </Trackpoint>
        <Trackpoint>
          <Time>2027-05-09T11:37:52Z</Time>
          <Position>
            <LatitudeDegrees>42.3399800</LatitudeDegrees>
            <LongitudeDegrees>-3.9191500</LongitudeDegrees>
          </Position>
          <AltitudeMeters>821.2</AltitudeMeters>
          <DistanceMeters>69469.1</DistanceMeters>
        </Trackpoint>
        <Trackpoint>
          <Time>2027-05-09T11:38:07Z</Time>
          <Position>
            <LatitudeDegrees>42.3397700</LatitudeDegrees>
            <LongitudeDegrees>-3.9198300</LongitudeDegrees>
          </Position>
          <AltitudeMeters>819.8</AltitudeMeters>
          <DistanceMeters>69529.7</DistanceMeters>
        </Trackpoint>
        <Trackpoint>
          <Time>2027-05-09T11:38:21Z</Time>
          <Position>
            <LatitudeDegrees>42.3395600</LatitudeDegrees>
            <LongitudeDegrees>-3.9205100</LongitudeDegrees>
          </Position>
          <AltitudeMeters>819.0</AltitudeMeters>
          <DistanceMeters>69590.3</DistanceMeters>
        </Trackpoint>
        <Trackpoint>
          <Time>2027-05-09T11:38:38Z</Time>
          <Position>
            <LatitudeDegrees>42.3392100</LatitudeDegrees>
            <LongitudeDegrees>-3.9212200</LongitudeDegrees>
          </Position>
          <AltitudeMeters>818.8</AltitudeMeters>
          <DistanceMeters>69660.4</DistanceMeters>
        </Trackpoint>
        <Trackpoint>
          <Time>2027-05-09T11:38:55Z</Time>
          <Position>
            <LatitudeDegrees>42.3388500</LatitudeDegrees>
            <LongitudeDegrees>-3.9219200</LongitudeDegrees>
          </Position>
          <AltitudeMeters>818.8</AltitudeMeters>
          <DistanceMeters>69730.5</DistanceMeters>
        </Trackpoint>
        <Trackpoint>
          <Time>2027-05-09T11:39:08Z</Time>
          <Position>
            <LatitudeDegrees>42.3387500</LatitudeDegrees>
            <LongitudeDegrees>-3.9225800</LongitudeDegrees>
          </Position>
          <AltitudeMeters>819.0</AltitudeMeters>
          <DistanceMeters>69785.9</DistanceMeters>
        </Trackpoint>
        <Trackpoint>
          <Time>2027-05-09T11:39:22Z</Time>
          <Position>
            <LatitudeDegrees>42.3386500</LatitudeDegrees>
            <LongitudeDegrees>-3.9232500</LongitudeDegrees>
          </Position>
          <AltitudeMeters>819.4</AltitudeMeters>
          <DistanceMeters>69842.1</DistanceMeters>
        </Trackpoint>
        <Trackpoint>
          <Time>2027-05-09T11:39:35Z</Time>
          <Position>
            <LatitudeDegrees>42.3385500</LatitudeDegrees>
            <LongitudeDegrees>-3.9239100</LongitudeDegrees>
          </Position>
          <AltitudeMeters>819.9</AltitudeMeters>
          <DistanceMeters>69897.4</DistanceMeters>
        </Trackpoint>
        <Trackpoint>
          <Time>2027-05-09T11:39:52Z</Time>
          <Position>
            <LatitudeDegrees>42.3382600</LatitudeDegrees>
            <LongitudeDegrees>-3.9246800</LongitudeDegrees>
          </Position>
          <AltitudeMeters>820.7</AltitudeMeters>
          <DistanceMeters>69968.5</DistanceMeters>
        </Trackpoint>
        <Trackpoint>
          <Time>2027-05-09T11:39:59Z</Time>
          <Position>
            <LatitudeDegrees>42.3382700</LatitudeDegrees>
            <LongitudeDegrees>-3.9250300</LongitudeDegrees>
          </Position>
          <AltitudeMeters>821.6</AltitudeMeters>
          <DistanceMeters>69997.3</DistanceMeters>
        </Trackpoint>
        <Trackpoint>
          <Time>2027-05-09T11:40:16Z</Time>
          <Position>
            <LatitudeDegrees>42.3384300</LatitudeDegrees>
            <LongitudeDegrees>-3.9258500</LongitudeDegrees>
          </Position>
          <AltitudeMeters>822.6</AltitudeMeters>
          <DistanceMeters>70067.0</DistanceMeters>
        </Trackpoint>
        <Trackpoint>
          <Time>2027-05-09T11:40:32Z</Time>
          <Position>
            <LatitudeDegrees>42.3385900</LatitudeDegrees>
            <LongitudeDegrees>-3.9266700</LongitudeDegrees>
          </Position>
          <AltitudeMeters>824.2</AltitudeMeters>
          <DistanceMeters>70136.7</DistanceMeters>
        </Trackpoint>
        <Trackpoint>
          <Time>2027-05-09T11:40:39Z</Time>
          <Position>
            <LatitudeDegrees>42.3386100</LatitudeDegrees>
            <LongitudeDegrees>-3.9270000</LongitudeDegrees>
          </Position>
          <AltitudeMeters>825.6</AltitudeMeters>
          <DistanceMeters>70163.9</DistanceMeters>
        </Trackpoint>
        <Trackpoint>
          <Time>2027-05-09T11:40:58Z</Time>
          <Position>
            <LatitudeDegrees>42.3383600</LatitudeDegrees>
            <LongitudeDegrees>-3.9279100</LongitudeDegrees>
          </Position>
          <AltitudeMeters>826.6</AltitudeMeters>
          <DistanceMeters>70243.7</DistanceMeters>
        </Trackpoint>
        <Trackpoint>
          <Time>2027-05-09T11:41:10Z</Time>
          <Position>
            <LatitudeDegrees>42.3381500</LatitudeDegrees>
            <LongitudeDegrees>-3.9284600</LongitudeDegrees>
          </Position>
          <AltitudeMeters>827.7</AltitudeMeters>
          <DistanceMeters>70294.6</DistanceMeters>
        </Trackpoint>
        <Trackpoint>
          <Time>2027-05-09T11:41:22Z</Time>
          <Position>
            <LatitudeDegrees>42.3379400</LatitudeDegrees>
            <LongitudeDegrees>-3.9290100</LongitudeDegrees>
          </Position>
          <AltitudeMeters>828.9</AltitudeMeters>
          <DistanceMeters>70345.4</DistanceMeters>
        </Trackpoint>
        <Trackpoint>
          <Time>2027-05-09T11:41:35Z</Time>
          <Position>
            <LatitudeDegrees>42.3377300</LatitudeDegrees>
            <LongitudeDegrees>-3.9295600</LongitudeDegrees>
          </Position>
          <AltitudeMeters>829.6</AltitudeMeters>
          <DistanceMeters>70396.3</DistanceMeters>
        </Trackpoint>
        <Trackpoint>
          <Time>2027-05-09T11:41:47Z</Time>
          <Position>
            <LatitudeDegrees>42.3375200</LatitudeDegrees>
            <LongitudeDegrees>-3.9301100</LongitudeDegrees>
          </Position>
          <AltitudeMeters>830.0</AltitudeMeters>
          <DistanceMeters>70447.2</DistanceMeters>
        </Trackpoint>
        <Trackpoint>
          <Time>2027-05-09T11:41:58Z</Time>
          <Position>
            <LatitudeDegrees>42.3376800</LatitudeDegrees>
            <LongitudeDegrees>-3.9306300</LongitudeDegrees>
          </Position>
          <AltitudeMeters>830.1</AltitudeMeters>
          <DistanceMeters>70493.5</DistanceMeters>
        </Trackpoint>
        <Trackpoint>
          <Time>2027-05-09T11:42:18Z</Time>
          <Position>
            <LatitudeDegrees>42.3378300</LatitudeDegrees>
            <LongitudeDegrees>-3.9316400</LongitudeDegrees>
          </Position>
          <AltitudeMeters>830.8</AltitudeMeters>
          <DistanceMeters>70578.2</DistanceMeters>
        </Trackpoint>
        <Trackpoint>
          <Time>2027-05-09T11:42:31Z</Time>
          <Position>
            <LatitudeDegrees>42.3379100</LatitudeDegrees>
            <LongitudeDegrees>-3.9322700</LongitudeDegrees>
          </Position>
          <AltitudeMeters>831.5</AltitudeMeters>
          <DistanceMeters>70630.7</DistanceMeters>
        </Trackpoint>
        <Trackpoint>
          <Time>2027-05-09T11:42:48Z</Time>
          <Position>
            <LatitudeDegrees>42.3379300</LatitudeDegrees>
            <LongitudeDegrees>-3.9331600</LongitudeDegrees>
          </Position>
          <AltitudeMeters>832.3</AltitudeMeters>
          <DistanceMeters>70703.9</DistanceMeters>
        </Trackpoint>
        <Trackpoint>
          <Time>2027-05-09T11:42:53Z</Time>
          <Position>
            <LatitudeDegrees>42.3378900</LatitudeDegrees>
            <LongitudeDegrees>-3.9334000</LongitudeDegrees>
          </Position>
          <AltitudeMeters>833.4</AltitudeMeters>
          <DistanceMeters>70724.1</DistanceMeters>
        </Trackpoint>
        <Trackpoint>
          <Time>2027-05-09T11:43:11Z</Time>
          <Position>
            <LatitudeDegrees>42.3376100</LatitudeDegrees>
            <LongitudeDegrees>-3.9342200</LongitudeDegrees>
          </Position>
          <AltitudeMeters>835.4</AltitudeMeters>
          <DistanceMeters>70798.4</DistanceMeters>
        </Trackpoint>
        <Trackpoint>
          <Time>2027-05-09T11:43:29Z</Time>
          <Position>
            <LatitudeDegrees>42.3373200</LatitudeDegrees>
            <LongitudeDegrees>-3.9350400</LongitudeDegrees>
          </Position>
          <AltitudeMeters>836.8</AltitudeMeters>
          <DistanceMeters>70873.1</DistanceMeters>
        </Trackpoint>
        <Trackpoint>
          <Time>2027-05-09T11:43:52Z</Time>
          <Position>
            <LatitudeDegrees>42.3370700</LatitudeDegrees>
            <LongitudeDegrees>-3.9361700</LongitudeDegrees>
          </Position>
          <AltitudeMeters>838.3</AltitudeMeters>
          <DistanceMeters>70970.0</DistanceMeters>
        </Trackpoint>
        <Trackpoint>
          <Time>2027-05-09T11:44:16Z</Time>
          <Position>
            <LatitudeDegrees>42.3369300</LatitudeDegrees>
            <LongitudeDegrees>-3.9373500</LongitudeDegrees>
          </Position>
          <AltitudeMeters>840.0</AltitudeMeters>
          <DistanceMeters>71068.3</DistanceMeters>
        </Trackpoint>
        <Trackpoint>
          <Time>2027-05-09T11:44:19Z</Time>
          <Position>
            <LatitudeDegrees>42.3368200</LatitudeDegrees>
            <LongitudeDegrees>-3.9374500</LongitudeDegrees>
          </Position>
          <AltitudeMeters>841.9</AltitudeMeters>
          <DistanceMeters>71083.0</DistanceMeters>
        </Trackpoint>
        <Trackpoint>
          <Time>2027-05-09T11:44:35Z</Time>
          <Position>
            <LatitudeDegrees>42.3365600</LatitudeDegrees>
            <LongitudeDegrees>-3.9381500</LongitudeDegrees>
          </Position>
          <AltitudeMeters>843.0</AltitudeMeters>
          <DistanceMeters>71147.4</DistanceMeters>
        </Trackpoint>
        <Trackpoint>
          <Time>2027-05-09T11:44:50Z</Time>
          <Position>
            <LatitudeDegrees>42.3363000</LatitudeDegrees>
            <LongitudeDegrees>-3.9388500</LongitudeDegrees>
          </Position>
          <AltitudeMeters>843.6</AltitudeMeters>
          <DistanceMeters>71211.8</DistanceMeters>
        </Trackpoint>
        <Trackpoint>
          <Time>2027-05-09T11:45:02Z</Time>
          <Position>
            <LatitudeDegrees>42.3361800</LatitudeDegrees>
            <LongitudeDegrees>-3.9394400</LongitudeDegrees>
          </Position>
          <AltitudeMeters>844.5</AltitudeMeters>
          <DistanceMeters>71262.1</DistanceMeters>
        </Trackpoint>
        <Trackpoint>
          <Time>2027-05-09T11:45:14Z</Time>
          <Position>
            <LatitudeDegrees>42.3360600</LatitudeDegrees>
            <LongitudeDegrees>-3.9400300</LongitudeDegrees>
          </Position>
          <AltitudeMeters>845.2</AltitudeMeters>
          <DistanceMeters>71312.4</DistanceMeters>
        </Trackpoint>
        <Trackpoint>
          <Time>2027-05-09T11:45:27Z</Time>
          <Position>
            <LatitudeDegrees>42.3359400</LatitudeDegrees>
            <LongitudeDegrees>-3.9406200</LongitudeDegrees>
          </Position>
          <AltitudeMeters>845.9</AltitudeMeters>
          <DistanceMeters>71362.7</DistanceMeters>
        </Trackpoint>
        <Trackpoint>
          <Time>2027-05-09T11:45:39Z</Time>
          <Position>
            <LatitudeDegrees>42.3358200</LatitudeDegrees>
            <LongitudeDegrees>-3.9412100</LongitudeDegrees>
          </Position>
          <AltitudeMeters>847.0</AltitudeMeters>
          <DistanceMeters>71413.0</DistanceMeters>
        </Trackpoint>
        <Trackpoint>
          <Time>2027-05-09T11:45:51Z</Time>
          <Position>
            <LatitudeDegrees>42.3356700</LatitudeDegrees>
            <LongitudeDegrees>-3.9418100</LongitudeDegrees>
          </Position>
          <AltitudeMeters>848.7</AltitudeMeters>
          <DistanceMeters>71465.0</DistanceMeters>
        </Trackpoint>
        <Trackpoint>
          <Time>2027-05-09T11:46:04Z</Time>
          <Position>
            <LatitudeDegrees>42.3355100</LatitudeDegrees>
            <LongitudeDegrees>-3.9424100</LongitudeDegrees>
          </Position>
          <AltitudeMeters>850.5</AltitudeMeters>
          <DistanceMeters>71517.5</DistanceMeters>
        </Trackpoint>
        <Trackpoint>
          <Time>2027-05-09T11:46:16Z</Time>
          <Position>
            <LatitudeDegrees>42.3353600</LatitudeDegrees>
            <LongitudeDegrees>-3.9430100</LongitudeDegrees>
          </Position>
          <AltitudeMeters>852.6</AltitudeMeters>
          <DistanceMeters>71569.5</DistanceMeters>
        </Trackpoint>
        <Trackpoint>
          <Time>2027-05-09T11:46:28Z</Time>
          <Position>
            <LatitudeDegrees>42.3350800</LatitudeDegrees>
            <LongitudeDegrees>-3.9435000</LongitudeDegrees>
          </Position>
          <AltitudeMeters>854.7</AltitudeMeters>
          <DistanceMeters>71620.4</DistanceMeters>
        </Trackpoint>
        <Trackpoint>
          <Time>2027-05-09T11:46:41Z</Time>
          <Position>
            <LatitudeDegrees>42.3347900</LatitudeDegrees>
            <LongitudeDegrees>-3.9439900</LongitudeDegrees>
          </Position>
          <AltitudeMeters>856.3</AltitudeMeters>
          <DistanceMeters>71672.0</DistanceMeters>
        </Trackpoint>
        <Trackpoint>
          <Time>2027-05-09T11:46:53Z</Time>
          <Position>
            <LatitudeDegrees>42.3345100</LatitudeDegrees>
            <LongitudeDegrees>-3.9444800</LongitudeDegrees>
          </Position>
          <AltitudeMeters>857.2</AltitudeMeters>
          <DistanceMeters>71722.9</DistanceMeters>
        </Trackpoint>
        <Trackpoint>
          <Time>2027-05-09T11:47:05Z</Time>
          <Position>
            <LatitudeDegrees>42.3342200</LatitudeDegrees>
            <LongitudeDegrees>-3.9449700</LongitudeDegrees>
          </Position>
          <AltitudeMeters>858.3</AltitudeMeters>
          <DistanceMeters>71774.5</DistanceMeters>
        </Trackpoint>
        <Trackpoint>
          <Time>2027-05-09T11:47:18Z</Time>
          <Position>
            <LatitudeDegrees>42.3340400</LatitudeDegrees>
            <LongitudeDegrees>-3.9455500</LongitudeDegrees>
          </Position>
          <AltitudeMeters>859.2</AltitudeMeters>
          <DistanceMeters>71826.2</DistanceMeters>
        </Trackpoint>
        <Trackpoint>
          <Time>2027-05-09T11:47:30Z</Time>
          <Position>
            <LatitudeDegrees>42.3338600</LatitudeDegrees>
            <LongitudeDegrees>-3.9461300</LongitudeDegrees>
          </Position>
          <AltitudeMeters>860.0</AltitudeMeters>
          <DistanceMeters>71878.0</DistanceMeters>
        </Trackpoint>
        <Trackpoint>
          <Time>2027-05-09T11:47:43Z</Time>
          <Position>
            <LatitudeDegrees>42.3336900</LatitudeDegrees>
            <LongitudeDegrees>-3.9467200</LongitudeDegrees>
          </Position>
          <AltitudeMeters>861.2</AltitudeMeters>
          <DistanceMeters>71930.0</DistanceMeters>
        </Trackpoint>
        <Trackpoint>
          <Time>2027-05-09T11:47:55Z</Time>
          <Position>
            <LatitudeDegrees>42.3335100</LatitudeDegrees>
            <LongitudeDegrees>-3.9473000</LongitudeDegrees>
          </Position>
          <AltitudeMeters>863.2</AltitudeMeters>
          <DistanceMeters>71981.7</DistanceMeters>
        </Trackpoint>
        <Trackpoint>
          <Time>2027-05-09T11:48:08Z</Time>
          <Position>
            <LatitudeDegrees>42.3333300</LatitudeDegrees>
            <LongitudeDegrees>-3.9478800</LongitudeDegrees>
          </Position>
          <AltitudeMeters>865.2</AltitudeMeters>
          <DistanceMeters>72033.4</DistanceMeters>
        </Trackpoint>
        <Trackpoint>
          <Time>2027-05-09T11:48:28Z</Time>
          <Position>
            <LatitudeDegrees>42.3329400</LatitudeDegrees>
            <LongitudeDegrees>-3.9487800</LongitudeDegrees>
          </Position>
          <AltitudeMeters>867.5</AltitudeMeters>
          <DistanceMeters>72119.2</DistanceMeters>
        </Trackpoint>
        <Trackpoint>
          <Time>2027-05-09T11:48:44Z</Time>
          <Position>
            <LatitudeDegrees>42.3325900</LatitudeDegrees>
            <LongitudeDegrees>-3.9494400</LongitudeDegrees>
          </Position>
          <AltitudeMeters>869.6</AltitudeMeters>
          <DistanceMeters>72185.9</DistanceMeters>
        </Trackpoint>
        <Trackpoint>
          <Time>2027-05-09T11:49:00Z</Time>
          <Position>
            <LatitudeDegrees>42.3322400</LatitudeDegrees>
            <LongitudeDegrees>-3.9500900</LongitudeDegrees>
          </Position>
          <AltitudeMeters>871.6</AltitudeMeters>
          <DistanceMeters>72252.0</DistanceMeters>
        </Trackpoint>
        <Trackpoint>
          <Time>2027-05-09T11:49:03Z</Time>
          <Position>
            <LatitudeDegrees>42.3322200</LatitudeDegrees>
            <LongitudeDegrees>-3.9502400</LongitudeDegrees>
          </Position>
          <AltitudeMeters>873.1</AltitudeMeters>
          <DistanceMeters>72264.6</DistanceMeters>
        </Trackpoint>
        <Trackpoint>
          <Time>2027-05-09T11:49:11Z</Time>
          <Position>
            <LatitudeDegrees>42.3323100</LatitudeDegrees>
            <LongitudeDegrees>-3.9506200</LongitudeDegrees>
          </Position>
          <AltitudeMeters>874.7</AltitudeMeters>
          <DistanceMeters>72297.4</DistanceMeters>
        </Trackpoint>
        <Trackpoint>
          <Time>2027-05-09T11:49:15Z</Time>
          <Position>
            <LatitudeDegrees>42.3322500</LatitudeDegrees>
            <LongitudeDegrees>-3.9508000</LongitudeDegrees>
          </Position>
          <AltitudeMeters>876.2</AltitudeMeters>
          <DistanceMeters>72313.6</DistanceMeters>
        </Trackpoint>
        <Trackpoint>
          <Time>2027-05-09T11:49:29Z</Time>
          <Position>
            <LatitudeDegrees>42.3318500</LatitudeDegrees>
            <LongitudeDegrees>-3.9513000</LongitudeDegrees>
          </Position>
          <AltitudeMeters>878.2</AltitudeMeters>
          <DistanceMeters>72374.2</DistanceMeters>
        </Trackpoint>
        <Trackpoint>
          <Time>2027-05-09T11:49:44Z</Time>
          <Position>
            <LatitudeDegrees>42.3314500</LatitudeDegrees>
            <LongitudeDegrees>-3.9517900</LongitudeDegrees>
          </Position>
          <AltitudeMeters>880.5</AltitudeMeters>
          <DistanceMeters>72434.2</DistanceMeters>
        </Trackpoint>
        <Trackpoint>
          <Time>2027-05-09T11:49:58Z</Time>
          <Position>
            <LatitudeDegrees>42.3311200</LatitudeDegrees>
            <LongitudeDegrees>-3.9523900</LongitudeDegrees>
          </Position>
          <AltitudeMeters>882.9</AltitudeMeters>
          <DistanceMeters>72495.6</DistanceMeters>
        </Trackpoint>
        <Trackpoint>
          <Time>2027-05-09T11:50:13Z</Time>
          <Position>
            <LatitudeDegrees>42.3307800</LatitudeDegrees>
            <LongitudeDegrees>-3.9529800</LongitudeDegrees>
          </Position>
          <AltitudeMeters>884.7</AltitudeMeters>
          <DistanceMeters>72557.1</DistanceMeters>
        </Trackpoint>
        <Trackpoint>
          <Time>2027-05-09T11:50:30Z</Time>
          <Position>
            <LatitudeDegrees>42.3303800</LatitudeDegrees>
            <LongitudeDegrees>-3.9536100</LongitudeDegrees>
          </Position>
          <AltitudeMeters>886.7</AltitudeMeters>
          <DistanceMeters>72625.4</DistanceMeters>
        </Trackpoint>
        <Trackpoint>
          <Time>2027-05-09T11:50:46Z</Time>
          <Position>
            <LatitudeDegrees>42.3299700</LatitudeDegrees>
            <LongitudeDegrees>-3.9542300</LongitudeDegrees>
          </Position>
          <AltitudeMeters>888.8</AltitudeMeters>
          <DistanceMeters>72693.8</DistanceMeters>
        </Trackpoint>
        <Trackpoint>
          <Time>2027-05-09T11:51:03Z</Time>
          <Position>
            <LatitudeDegrees>42.3295900</LatitudeDegrees>
            <LongitudeDegrees>-3.9549300</LongitudeDegrees>
          </Position>
          <AltitudeMeters>890.9</AltitudeMeters>
          <DistanceMeters>72765.2</DistanceMeters>
        </Trackpoint>
        <Trackpoint>
          <Time>2027-05-09T11:51:20Z</Time>
          <Position>
            <LatitudeDegrees>42.3292100</LatitudeDegrees>
            <LongitudeDegrees>-3.9556300</LongitudeDegrees>
          </Position>
          <AltitudeMeters>893.1</AltitudeMeters>
          <DistanceMeters>72836.6</DistanceMeters>
        </Trackpoint>
        <Trackpoint>
          <Time>2027-05-09T11:51:36Z</Time>
          <Position>
            <LatitudeDegrees>42.3289100</LatitudeDegrees>
            <LongitudeDegrees>-3.9563400</LongitudeDegrees>
          </Position>
          <AltitudeMeters>895.9</AltitudeMeters>
          <DistanceMeters>72903.8</DistanceMeters>
        </Trackpoint>
        <Trackpoint>
          <Time>2027-05-09T11:51:53Z</Time>
          <Position>
            <LatitudeDegrees>42.3286000</LatitudeDegrees>
            <LongitudeDegrees>-3.9570500</LongitudeDegrees>
          </Position>
          <AltitudeMeters>898.7</AltitudeMeters>
          <DistanceMeters>72971.6</DistanceMeters>
        </Trackpoint>
        <Trackpoint>
          <Time>2027-05-09T11:52:08Z</Time>
          <Position>
            <LatitudeDegrees>42.3284300</LatitudeDegrees>
            <LongitudeDegrees>-3.9577800</LongitudeDegrees>
          </Position>
          <AltitudeMeters>901.4</AltitudeMeters>
          <DistanceMeters>73034.5</DistanceMeters>
        </Trackpoint>
        <Trackpoint>
          <Time>2027-05-09T11:52:23Z</Time>
          <Position>
            <LatitudeDegrees>42.3282600</LatitudeDegrees>
            <LongitudeDegrees>-3.9585100</LongitudeDegrees>
          </Position>
          <AltitudeMeters>904.1</AltitudeMeters>
          <DistanceMeters>73097.4</DistanceMeters>
        </Trackpoint>
        <Trackpoint>
          <Time>2027-05-09T11:52:44Z</Time>
          <Position>
            <LatitudeDegrees>42.3282100</LatitudeDegrees>
            <LongitudeDegrees>-3.9595700</LongitudeDegrees>
          </Position>
          <AltitudeMeters>906.8</AltitudeMeters>
          <DistanceMeters>73184.7</DistanceMeters>
        </Trackpoint>
        <Trackpoint>
          <Time>2027-05-09T11:52:56Z</Time>
          <Position>
            <LatitudeDegrees>42.3283000</LatitudeDegrees>
            <LongitudeDegrees>-3.9601900</LongitudeDegrees>
          </Position>
          <AltitudeMeters>909.7</AltitudeMeters>
          <DistanceMeters>73236.7</DistanceMeters>
        </Trackpoint>
        <Trackpoint>
          <Time>2027-05-09T11:53:09Z</Time>
          <Position>
            <LatitudeDegrees>42.3283800</LatitudeDegrees>
            <LongitudeDegrees>-3.9608000</LongitudeDegrees>
          </Position>
          <AltitudeMeters>913.3</AltitudeMeters>
          <DistanceMeters>73287.6</DistanceMeters>
        </Trackpoint>
        <Trackpoint>
          <Time>2027-05-09T11:53:21Z</Time>
          <Position>
            <LatitudeDegrees>42.3284700</LatitudeDegrees>
            <LongitudeDegrees>-3.9614100</LongitudeDegrees>
          </Position>
          <AltitudeMeters>918.1</AltitudeMeters>
          <DistanceMeters>73338.7</DistanceMeters>
        </Trackpoint>
        <Trackpoint>
          <Time>2027-05-09T11:53:33Z</Time>
          <Position>
            <LatitudeDegrees>42.3285500</LatitudeDegrees>
            <LongitudeDegrees>-3.9620300</LongitudeDegrees>
          </Position>
          <AltitudeMeters>923.0</AltitudeMeters>
          <DistanceMeters>73390.5</DistanceMeters>
        </Trackpoint>
        <Trackpoint>
          <Time>2027-05-09T11:53:56Z</Time>
          <Position>
            <LatitudeDegrees>42.3285600</LatitudeDegrees>
            <LongitudeDegrees>-3.9631600</LongitudeDegrees>
          </Position>
          <AltitudeMeters>927.7</AltitudeMeters>
          <DistanceMeters>73483.4</DistanceMeters>
        </Trackpoint>
        <Trackpoint>
          <Time>2027-05-09T11:54:06Z</Time>
          <Position>
            <LatitudeDegrees>42.3287000</LatitudeDegrees>
            <LongitudeDegrees>-3.9636800</LongitudeDegrees>
          </Position>
          <AltitudeMeters>931.0</AltitudeMeters>
          <DistanceMeters>73528.9</DistanceMeters>
        </Trackpoint>
        <Trackpoint>
          <Time>2027-05-09T11:54:19Z</Time>
          <Position>
            <LatitudeDegrees>42.3286400</LatitudeDegrees>
            <LongitudeDegrees>-3.9642900</LongitudeDegrees>
          </Position>
          <AltitudeMeters>933.1</AltitudeMeters>
          <DistanceMeters>73579.5</DistanceMeters>
        </Trackpoint>
        <Trackpoint>
          <Time>2027-05-09T11:54:31Z</Time>
          <Position>
            <LatitudeDegrees>42.3285700</LatitudeDegrees>
            <LongitudeDegrees>-3.9649000</LongitudeDegrees>
          </Position>
          <AltitudeMeters>933.5</AltitudeMeters>
          <DistanceMeters>73630.2</DistanceMeters>
        </Trackpoint>
        <Trackpoint>
          <Time>2027-05-09T11:54:43Z</Time>
          <Position>
            <LatitudeDegrees>42.3285100</LatitudeDegrees>
            <LongitudeDegrees>-3.9655100</LongitudeDegrees>
          </Position>
          <AltitudeMeters>933.4</AltitudeMeters>
          <DistanceMeters>73680.8</DistanceMeters>
        </Trackpoint>
        <Trackpoint>
          <Time>2027-05-09T11:54:55Z</Time>
          <Position>
            <LatitudeDegrees>42.3284400</LatitudeDegrees>
            <LongitudeDegrees>-3.9661200</LongitudeDegrees>
          </Position>
          <AltitudeMeters>933.3</AltitudeMeters>
          <DistanceMeters>73731.5</DistanceMeters>
        </Trackpoint>
        <Trackpoint>
          <Time>2027-05-09T11:55:12Z</Time>
          <Position>
            <LatitudeDegrees>42.3282500</LatitudeDegrees>
            <LongitudeDegrees>-3.9669500</LongitudeDegrees>
          </Position>
          <AltitudeMeters>933.7</AltitudeMeters>
          <DistanceMeters>73803.0</DistanceMeters>
        </Trackpoint>
        <Trackpoint>
          <Time>2027-05-09T11:55:29Z</Time>
          <Position>
            <LatitudeDegrees>42.3280500</LatitudeDegrees>
            <LongitudeDegrees>-3.9677800</LongitudeDegrees>
          </Position>
          <AltitudeMeters>933.9</AltitudeMeters>
          <DistanceMeters>73874.7</DistanceMeters>
        </Trackpoint>
        <Trackpoint>
          <Time>2027-05-09T11:55:42Z</Time>
          <Position>
            <LatitudeDegrees>42.3279800</LatitudeDegrees>
            <LongitudeDegrees>-3.9684200</LongitudeDegrees>
          </Position>
          <AltitudeMeters>934.1</AltitudeMeters>
          <DistanceMeters>73927.9</DistanceMeters>
        </Trackpoint>
        <Trackpoint>
          <Time>2027-05-09T11:55:55Z</Time>
          <Position>
            <LatitudeDegrees>42.3279100</LatitudeDegrees>
            <LongitudeDegrees>-3.9690600</LongitudeDegrees>
          </Position>
          <AltitudeMeters>934.3</AltitudeMeters>
          <DistanceMeters>73981.1</DistanceMeters>
        </Trackpoint>
        <Trackpoint>
          <Time>2027-05-09T11:56:08Z</Time>
          <Position>
            <LatitudeDegrees>42.3278400</LatitudeDegrees>
            <LongitudeDegrees>-3.9697000</LongitudeDegrees>
          </Position>
          <AltitudeMeters>934.4</AltitudeMeters>
          <DistanceMeters>74034.3</DistanceMeters>
        </Trackpoint>
        <Trackpoint>
          <Time>2027-05-09T11:56:29Z</Time>
          <Position>
            <LatitudeDegrees>42.3275800</LatitudeDegrees>
            <LongitudeDegrees>-3.9707100</LongitudeDegrees>
          </Position>
          <AltitudeMeters>934.2</AltitudeMeters>
          <DistanceMeters>74122.2</DistanceMeters>
        </Trackpoint>
        <Trackpoint>
          <Time>2027-05-09T11:56:42Z</Time>
          <Position>
            <LatitudeDegrees>42.3275200</LatitudeDegrees>
            <LongitudeDegrees>-3.9713600</LongitudeDegrees>
          </Position>
          <AltitudeMeters>934.1</AltitudeMeters>
          <DistanceMeters>74176.0</DistanceMeters>
        </Trackpoint>
        <Trackpoint>
          <Time>2027-05-09T11:56:55Z</Time>
          <Position>
            <LatitudeDegrees>42.3274500</LatitudeDegrees>
            <LongitudeDegrees>-3.9720000</LongitudeDegrees>
          </Position>
          <AltitudeMeters>934.3</AltitudeMeters>
          <DistanceMeters>74229.2</DistanceMeters>
        </Trackpoint>
        <Trackpoint>
          <Time>2027-05-09T11:57:09Z</Time>
          <Position>
            <LatitudeDegrees>42.3274500</LatitudeDegrees>
            <LongitudeDegrees>-3.9727200</LongitudeDegrees>
          </Position>
          <AltitudeMeters>934.4</AltitudeMeters>
          <DistanceMeters>74288.4</DistanceMeters>
        </Trackpoint>
        <Trackpoint>
          <Time>2027-05-09T11:57:23Z</Time>
          <Position>
            <LatitudeDegrees>42.3274600</LatitudeDegrees>
            <LongitudeDegrees>-3.9734500</LongitudeDegrees>
          </Position>
          <AltitudeMeters>934.6</AltitudeMeters>
          <DistanceMeters>74348.4</DistanceMeters>
        </Trackpoint>
        <Trackpoint>
          <Time>2027-05-09T11:57:37Z</Time>
          <Position>
            <LatitudeDegrees>42.3274600</LatitudeDegrees>
            <LongitudeDegrees>-3.9741700</LongitudeDegrees>
          </Position>
          <AltitudeMeters>934.9</AltitudeMeters>
          <DistanceMeters>74407.6</DistanceMeters>
        </Trackpoint>
        <Trackpoint>
          <Time>2027-05-09T11:57:59Z</Time>
          <Position>
            <LatitudeDegrees>42.3276200</LatitudeDegrees>
            <LongitudeDegrees>-3.9752500</LongitudeDegrees>
          </Position>
          <AltitudeMeters>934.9</AltitudeMeters>
          <DistanceMeters>74498.2</DistanceMeters>
        </Trackpoint>
        <Trackpoint>
          <Time>2027-05-09T11:58:16Z</Time>
          <Position>
            <LatitudeDegrees>42.3277000</LatitudeDegrees>
            <LongitudeDegrees>-3.9760800</LongitudeDegrees>
          </Position>
          <AltitudeMeters>934.3</AltitudeMeters>
          <DistanceMeters>74567.0</DistanceMeters>
        </Trackpoint>
        <Trackpoint>
          <Time>2027-05-09T11:58:32Z</Time>
          <Position>
            <LatitudeDegrees>42.3277700</LatitudeDegrees>
            <LongitudeDegrees>-3.9769000</LongitudeDegrees>
          </Position>
          <AltitudeMeters>933.5</AltitudeMeters>
          <DistanceMeters>74634.8</DistanceMeters>
        </Trackpoint>
        <Trackpoint>
          <Time>2027-05-09T11:58:44Z</Time>
          <Position>
            <LatitudeDegrees>42.3277700</LatitudeDegrees>
            <LongitudeDegrees>-3.9775400</LongitudeDegrees>
          </Position>
          <AltitudeMeters>933.0</AltitudeMeters>
          <DistanceMeters>74687.5</DistanceMeters>
        </Trackpoint>
        <Trackpoint>
          <Time>2027-05-09T11:58:57Z</Time>
          <Position>
            <LatitudeDegrees>42.3277700</LatitudeDegrees>
            <LongitudeDegrees>-3.9781800</LongitudeDegrees>
          </Position>
          <AltitudeMeters>932.2</AltitudeMeters>
          <DistanceMeters>74740.1</DistanceMeters>
        </Trackpoint>
        <Trackpoint>
          <Time>2027-05-09T11:59:10Z</Time>
          <Position>
            <LatitudeDegrees>42.3277800</LatitudeDegrees>
            <LongitudeDegrees>-3.9788200</LongitudeDegrees>
          </Position>
          <AltitudeMeters>931.2</AltitudeMeters>
          <DistanceMeters>74792.7</DistanceMeters>
        </Trackpoint>
        <Trackpoint>
          <Time>2027-05-09T11:59:22Z</Time>
          <Position>
            <LatitudeDegrees>42.3277800</LatitudeDegrees>
            <LongitudeDegrees>-3.9794600</LongitudeDegrees>
          </Position>
          <AltitudeMeters>930.4</AltitudeMeters>
          <DistanceMeters>74845.3</DistanceMeters>
        </Trackpoint>
        <Trackpoint>
          <Time>2027-05-09T11:59:35Z</Time>
          <Position>
            <LatitudeDegrees>42.3277800</LatitudeDegrees>
            <LongitudeDegrees>-3.9801000</LongitudeDegrees>
          </Position>
          <AltitudeMeters>929.3</AltitudeMeters>
          <DistanceMeters>74897.9</DistanceMeters>
        </Trackpoint>
        <Trackpoint>
          <Time>2027-05-09T11:59:48Z</Time>
          <Position>
            <LatitudeDegrees>42.3277800</LatitudeDegrees>
            <LongitudeDegrees>-3.9807400</LongitudeDegrees>
          </Position>
          <AltitudeMeters>927.4</AltitudeMeters>
          <DistanceMeters>74950.5</DistanceMeters>
        </Trackpoint>
        <Trackpoint>
          <Time>2027-05-09T12:00:00Z</Time>
          <Position>
            <LatitudeDegrees>42.3278100</LatitudeDegrees>
            <LongitudeDegrees>-3.9813800</LongitudeDegrees>
          </Position>
          <AltitudeMeters>925.3</AltitudeMeters>
          <DistanceMeters>75003.3</DistanceMeters>
        </Trackpoint>
        <Trackpoint>
          <Time>2027-05-09T12:00:13Z</Time>
          <Position>
            <LatitudeDegrees>42.3278400</LatitudeDegrees>
            <LongitudeDegrees>-3.9820100</LongitudeDegrees>
          </Position>
          <AltitudeMeters>923.2</AltitudeMeters>
          <DistanceMeters>75055.2</DistanceMeters>
        </Trackpoint>
        <Trackpoint>
          <Time>2027-05-09T12:00:26Z</Time>
          <Position>
            <LatitudeDegrees>42.3275700</LatitudeDegrees>
            <LongitudeDegrees>-3.9825700</LongitudeDegrees>
          </Position>
          <AltitudeMeters>920.5</AltitudeMeters>
          <DistanceMeters>75110.1</DistanceMeters>
        </Trackpoint>
        <Trackpoint>
          <Time>2027-05-09T12:00:39Z</Time>
          <Position>
            <LatitudeDegrees>42.3272900</LatitudeDegrees>
            <LongitudeDegrees>-3.9831300</LongitudeDegrees>
          </Position>
          <AltitudeMeters>917.5</AltitudeMeters>
          <DistanceMeters>75165.7</DistanceMeters>
        </Trackpoint>
        <Trackpoint>
          <Time>2027-05-09T12:00:59Z</Time>
          <Position>
            <LatitudeDegrees>42.3267700</LatitudeDegrees>
            <LongitudeDegrees>-3.9838300</LongitudeDegrees>
          </Position>
          <AltitudeMeters>914.1</AltitudeMeters>
          <DistanceMeters>75247.3</DistanceMeters>
        </Trackpoint>
        <Trackpoint>
          <Time>2027-05-09T12:01:07Z</Time>
          <Position>
            <LatitudeDegrees>42.3266000</LatitudeDegrees>
            <LongitudeDegrees>-3.9841900</LongitudeDegrees>
          </Position>
          <AltitudeMeters>910.5</AltitudeMeters>
          <DistanceMeters>75282.4</DistanceMeters>
        </Trackpoint>
        <Trackpoint>
          <Time>2027-05-09T12:01:21Z</Time>
          <Position>
            <LatitudeDegrees>42.3264800</LatitudeDegrees>
            <LongitudeDegrees>-3.9848800</LongitudeDegrees>
          </Position>
          <AltitudeMeters>906.2</AltitudeMeters>
          <DistanceMeters>75340.7</DistanceMeters>
        </Trackpoint>
        <Trackpoint>
          <Time>2027-05-09T12:01:35Z</Time>
          <Position>
            <LatitudeDegrees>42.3263600</LatitudeDegrees>
            <LongitudeDegrees>-3.9855800</LongitudeDegrees>
          </Position>
          <AltitudeMeters>901.6</AltitudeMeters>
          <DistanceMeters>75399.7</DistanceMeters>
        </Trackpoint>
        <Trackpoint>
          <Time>2027-05-09T12:01:49Z</Time>
          <Position>
            <LatitudeDegrees>42.3262300</LatitudeDegrees>
            <LongitudeDegrees>-3.9862700</LongitudeDegrees>
          </Position>
          <AltitudeMeters>897.1</AltitudeMeters>
          <DistanceMeters>75458.3</DistanceMeters>
        </Trackpoint>
        <Trackpoint>
          <Time>2027-05-09T12:02:03Z</Time>
          <Position>
            <LatitudeDegrees>42.3261100</LatitudeDegrees>
            <LongitudeDegrees>-3.9869600</LongitudeDegrees>
          </Position>
          <AltitudeMeters>893.6</AltitudeMeters>
          <DistanceMeters>75516.5</DistanceMeters>
        </Trackpoint>
        <Trackpoint>
          <Time>2027-05-09T12:02:18Z</Time>
          <Position>
            <LatitudeDegrees>42.3259000</LatitudeDegrees>
            <LongitudeDegrees>-3.9876500</LongitudeDegrees>
          </Position>
          <AltitudeMeters>891.0</AltitudeMeters>
          <DistanceMeters>75577.9</DistanceMeters>
        </Trackpoint>
        <Trackpoint>
          <Time>2027-05-09T12:02:28Z</Time>
          <Position>
            <LatitudeDegrees>42.3259700</LatitudeDegrees>
            <LongitudeDegrees>-3.9881600</LongitudeDegrees>
          </Position>
          <AltitudeMeters>890.1</AltitudeMeters>
          <DistanceMeters>75620.5</DistanceMeters>
        </Trackpoint>
        <Trackpoint>
          <Time>2027-05-09T12:02:41Z</Time>
          <Position>
            <LatitudeDegrees>42.3259900</LatitudeDegrees>
            <LongitudeDegrees>-3.9888100</LongitudeDegrees>
          </Position>
          <AltitudeMeters>890.5</AltitudeMeters>
          <DistanceMeters>75674.0</DistanceMeters>
        </Trackpoint>
        <Trackpoint>
          <Time>2027-05-09T12:02:54Z</Time>
          <Position>
            <LatitudeDegrees>42.3260200</LatitudeDegrees>
            <LongitudeDegrees>-3.9894500</LongitudeDegrees>
          </Position>
          <AltitudeMeters>892.1</AltitudeMeters>
          <DistanceMeters>75726.7</DistanceMeters>
        </Trackpoint>
        <Trackpoint>
          <Time>2027-05-09T12:03:07Z</Time>
          <Position>
            <LatitudeDegrees>42.3260400</LatitudeDegrees>
            <LongitudeDegrees>-3.9901000</LongitudeDegrees>
          </Position>
          <AltitudeMeters>894.4</AltitudeMeters>
          <DistanceMeters>75780.2</DistanceMeters>
        </Trackpoint>
        <Trackpoint>
          <Time>2027-05-09T12:03:19Z</Time>
          <Position>
            <LatitudeDegrees>42.3260600</LatitudeDegrees>
            <LongitudeDegrees>-3.9907400</LongitudeDegrees>
          </Position>
          <AltitudeMeters>897.1</AltitudeMeters>
          <DistanceMeters>75832.9</DistanceMeters>
        </Trackpoint>
        <Trackpoint>
          <Time>2027-05-09T12:03:32Z</Time>
          <Position>
            <LatitudeDegrees>42.3260900</LatitudeDegrees>
            <LongitudeDegrees>-3.9913900</LongitudeDegrees>
          </Position>
          <AltitudeMeters>899.7</AltitudeMeters>
          <DistanceMeters>75886.4</DistanceMeters>
        </Trackpoint>
        <Trackpoint>
          <Time>2027-05-09T12:03:45Z</Time>
          <Position>
            <LatitudeDegrees>42.3261100</LatitudeDegrees>
            <LongitudeDegrees>-3.9920300</LongitudeDegrees>
          </Position>
          <AltitudeMeters>902.6</AltitudeMeters>
          <DistanceMeters>75939.1</DistanceMeters>
        </Trackpoint>
        <Trackpoint>
          <Time>2027-05-09T12:03:57Z</Time>
          <Position>
            <LatitudeDegrees>42.3260800</LatitudeDegrees>
            <LongitudeDegrees>-3.9926300</LongitudeDegrees>
          </Position>
          <AltitudeMeters>905.6</AltitudeMeters>
          <DistanceMeters>75988.5</DistanceMeters>
        </Trackpoint>
        <Trackpoint>
          <Time>2027-05-09T12:04:07Z</Time>
          <Position>
            <LatitudeDegrees>42.3259800</LatitudeDegrees>
            <LongitudeDegrees>-3.9931300</LongitudeDegrees>
          </Position>
          <AltitudeMeters>908.9</AltitudeMeters>
          <DistanceMeters>76031.1</DistanceMeters>
        </Trackpoint>
        <Trackpoint>
          <Time>2027-05-09T12:04:16Z</Time>
          <Position>
            <LatitudeDegrees>42.3258200</LatitudeDegrees>
            <LongitudeDegrees>-3.9935200</LongitudeDegrees>
          </Position>
          <AltitudeMeters>912.5</AltitudeMeters>
          <DistanceMeters>76067.8</DistanceMeters>
        </Trackpoint>
        <Trackpoint>
          <Time>2027-05-09T12:04:32Z</Time>
          <Position>
            <LatitudeDegrees>42.3254200</LatitudeDegrees>
            <LongitudeDegrees>-3.9941300</LongitudeDegrees>
          </Position>
          <AltitudeMeters>916.1</AltitudeMeters>
          <DistanceMeters>76134.8</DistanceMeters>
        </Trackpoint>
        <Trackpoint>
          <Time>2027-05-09T12:04:52Z</Time>
          <Position>
            <LatitudeDegrees>42.3252900</LatitudeDegrees>
            <LongitudeDegrees>-3.9951500</LongitudeDegrees>
          </Position>
          <AltitudeMeters>919.0</AltitudeMeters>
          <DistanceMeters>76219.9</DistanceMeters>
        </Trackpoint>
        <Trackpoint>
          <Time>2027-05-09T12:05:05Z</Time>
          <Position>
            <LatitudeDegrees>42.3251500</LatitudeDegrees>
            <LongitudeDegrees>-3.9957700</LongitudeDegrees>
          </Position>
          <AltitudeMeters>921.5</AltitudeMeters>
          <DistanceMeters>76273.2</DistanceMeters>
        </Trackpoint>
        <Trackpoint>
          <Time>2027-05-09T12:05:20Z</Time>
          <Position>
            <LatitudeDegrees>42.3247700</LatitudeDegrees>
            <LongitudeDegrees>-3.9963200</LongitudeDegrees>
          </Position>
          <AltitudeMeters>923.3</AltitudeMeters>
          <DistanceMeters>76335.1</DistanceMeters>
        </Trackpoint>
        <Trackpoint>
          <Time>2027-05-09T12:05:33Z</Time>
          <Position>
            <LatitudeDegrees>42.3245400</LatitudeDegrees>
            <LongitudeDegrees>-3.9969300</LongitudeDegrees>
          </Position>
          <AltitudeMeters>924.3</AltitudeMeters>
          <DistanceMeters>76391.4</DistanceMeters>
        </Trackpoint>
        <Trackpoint>
          <Time>2027-05-09T12:05:47Z</Time>
          <Position>
            <LatitudeDegrees>42.3243000</LatitudeDegrees>
            <LongitudeDegrees>-3.9975500</LongitudeDegrees>
          </Position>
          <AltitudeMeters>924.9</AltitudeMeters>
          <DistanceMeters>76448.9</DistanceMeters>
        </Trackpoint>
        <Trackpoint>
          <Time>2027-05-09T12:06:01Z</Time>
          <Position>
            <LatitudeDegrees>42.3240700</LatitudeDegrees>
            <LongitudeDegrees>-3.9981700</LongitudeDegrees>
          </Position>
          <AltitudeMeters>925.8</AltitudeMeters>
          <DistanceMeters>76505.9</DistanceMeters>
        </Trackpoint>
        <Trackpoint>
          <Time>2027-05-09T12:06:15Z</Time>
          <Position>
            <LatitudeDegrees>42.3238300</LatitudeDegrees>
            <LongitudeDegrees>-3.9987800</LongitudeDegrees>
          </Position>
          <AltitudeMeters>926.6</AltitudeMeters>
          <DistanceMeters>76562.7</DistanceMeters>
        </Trackpoint>
        <Trackpoint>
          <Time>2027-05-09T12:06:27Z</Time>
          <Position>
            <LatitudeDegrees>42.3236800</LatitudeDegrees>
            <LongitudeDegrees>-3.9993900</LongitudeDegrees>
          </Position>
          <AltitudeMeters>927.4</AltitudeMeters>
          <DistanceMeters>76615.6</DistanceMeters>
        </Trackpoint>
        <Trackpoint>
          <Time>2027-05-09T12:06:40Z</Time>
          <Position>
            <LatitudeDegrees>42.3235300</LatitudeDegrees>
            <LongitudeDegrees>-4.0000000</LongitudeDegrees>
          </Position>
          <AltitudeMeters>928.2</AltitudeMeters>
          <DistanceMeters>76668.4</DistanceMeters>
        </Trackpoint>
        <Trackpoint>
          <Time>2027-05-09T12:06:53Z</Time>
          <Position>
            <LatitudeDegrees>42.3233700</LatitudeDegrees>
            <LongitudeDegrees>-4.0006100</LongitudeDegrees>
          </Position>
          <AltitudeMeters>928.9</AltitudeMeters>
          <DistanceMeters>76721.6</DistanceMeters>
        </Trackpoint>
        <Trackpoint>
          <Time>2027-05-09T12:07:05Z</Time>
          <Position>
            <LatitudeDegrees>42.3232200</LatitudeDegrees>
            <LongitudeDegrees>-4.0012200</LongitudeDegrees>
          </Position>
          <AltitudeMeters>929.2</AltitudeMeters>
          <DistanceMeters>76774.5</DistanceMeters>
        </Trackpoint>
        <Trackpoint>
          <Time>2027-05-09T12:07:18Z</Time>
          <Position>
            <LatitudeDegrees>42.3230700</LatitudeDegrees>
            <LongitudeDegrees>-4.0018300</LongitudeDegrees>
          </Position>
          <AltitudeMeters>929.4</AltitudeMeters>
          <DistanceMeters>76827.3</DistanceMeters>
        </Trackpoint>
        <Trackpoint>
          <Time>2027-05-09T12:07:31Z</Time>
          <Position>
            <LatitudeDegrees>42.3229900</LatitudeDegrees>
            <LongitudeDegrees>-4.0025000</LongitudeDegrees>
          </Position>
          <AltitudeMeters>929.2</AltitudeMeters>
          <DistanceMeters>76883.1</DistanceMeters>
        </Trackpoint>
        <Trackpoint>
          <Time>2027-05-09T12:07:45Z</Time>
          <Position>
            <LatitudeDegrees>42.3228400</LatitudeDegrees>
            <LongitudeDegrees>-4.0031600</LongitudeDegrees>
          </Position>
          <AltitudeMeters>928.8</AltitudeMeters>
          <DistanceMeters>76939.9</DistanceMeters>
        </Trackpoint>
        <Trackpoint>
          <Time>2027-05-09T12:07:59Z</Time>
          <Position>
            <LatitudeDegrees>42.3226800</LatitudeDegrees>
            <LongitudeDegrees>-4.0038300</LongitudeDegrees>
          </Position>
          <AltitudeMeters>928.2</AltitudeMeters>
          <DistanceMeters>76997.8</DistanceMeters>
        </Trackpoint>
        <Trackpoint>
          <Time>2027-05-09T12:08:13Z</Time>
          <Position>
            <LatitudeDegrees>42.3225300</LatitudeDegrees>
            <LongitudeDegrees>-4.0044900</LongitudeDegrees>
          </Position>
          <AltitudeMeters>927.7</AltitudeMeters>
          <DistanceMeters>77054.6</DistanceMeters>
        </Trackpoint>
        <Trackpoint>
          <Time>2027-05-09T12:08:26Z</Time>
          <Position>
            <LatitudeDegrees>42.3224200</LatitudeDegrees>
            <LongitudeDegrees>-4.0051500</LongitudeDegrees>
          </Position>
          <AltitudeMeters>927.1</AltitudeMeters>
          <DistanceMeters>77110.2</DistanceMeters>
        </Trackpoint>
        <Trackpoint>
          <Time>2027-05-09T12:08:39Z</Time>
          <Position>
            <LatitudeDegrees>42.3223100</LatitudeDegrees>
            <LongitudeDegrees>-4.0058100</LongitudeDegrees>
          </Position>
          <AltitudeMeters>926.7</AltitudeMeters>
          <DistanceMeters>77165.8</DistanceMeters>
        </Trackpoint>
        <Trackpoint>
          <Time>2027-05-09T12:08:54Z</Time>
          <Position>
            <LatitudeDegrees>42.3221300</LatitudeDegrees>
            <LongitudeDegrees>-4.0064900</LongitudeDegrees>
          </Position>
          <AltitudeMeters>926.5</AltitudeMeters>
          <DistanceMeters>77225.2</DistanceMeters>
        </Trackpoint>
        <Trackpoint>
          <Time>2027-05-09T12:09:08Z</Time>
          <Position>
            <LatitudeDegrees>42.3219500</LatitudeDegrees>
            <LongitudeDegrees>-4.0071600</LongitudeDegrees>
          </Position>
          <AltitudeMeters>926.2</AltitudeMeters>
          <DistanceMeters>77283.8</DistanceMeters>
        </Trackpoint>
        <Trackpoint>
          <Time>2027-05-09T12:09:22Z</Time>
          <Position>
            <LatitudeDegrees>42.3217800</LatitudeDegrees>
            <LongitudeDegrees>-4.0078400</LongitudeDegrees>
          </Position>
          <AltitudeMeters>925.8</AltitudeMeters>
          <DistanceMeters>77342.8</DistanceMeters>
        </Trackpoint>
        <Trackpoint>
          <Time>2027-05-09T12:09:36Z</Time>
          <Position>
            <LatitudeDegrees>42.3216000</LatitudeDegrees>
            <LongitudeDegrees>-4.0085100</LongitudeDegrees>
          </Position>
          <AltitudeMeters>925.6</AltitudeMeters>
          <DistanceMeters>77401.4</DistanceMeters>
        </Trackpoint>
        <Trackpoint>
          <Time>2027-05-09T12:09:50Z</Time>
          <Position>
            <LatitudeDegrees>42.3214200</LatitudeDegrees>
            <LongitudeDegrees>-4.0091900</LongitudeDegrees>
          </Position>
          <AltitudeMeters>925.7</AltitudeMeters>
          <DistanceMeters>77460.8</DistanceMeters>
        </Trackpoint>
        <Trackpoint>
          <Time>2027-05-09T12:10:05Z</Time>
          <Position>
            <LatitudeDegrees>42.3212600</LatitudeDegrees>
            <LongitudeDegrees>-4.0099100</LongitudeDegrees>
          </Position>
          <AltitudeMeters>925.6</AltitudeMeters>
          <DistanceMeters>77522.6</DistanceMeters>
        </Trackpoint>
        <Trackpoint>
          <Time>2027-05-09T12:10:20Z</Time>
          <Position>
            <LatitudeDegrees>42.3210900</LatitudeDegrees>
            <LongitudeDegrees>-4.0106300</LongitudeDegrees>
          </Position>
          <AltitudeMeters>925.4</AltitudeMeters>
          <DistanceMeters>77584.7</DistanceMeters>
        </Trackpoint>
        <Trackpoint>
          <Time>2027-05-09T12:10:35Z</Time>
          <Position>
            <LatitudeDegrees>42.3209300</LatitudeDegrees>
            <LongitudeDegrees>-4.0113500</LongitudeDegrees>
          </Position>
          <AltitudeMeters>925.3</AltitudeMeters>
          <DistanceMeters>77646.6</DistanceMeters>
        </Trackpoint>
        <Trackpoint>
          <Time>2027-05-09T12:10:47Z</Time>
          <Position>
            <LatitudeDegrees>42.3208100</LatitudeDegrees>
            <LongitudeDegrees>-4.0119700</LongitudeDegrees>
          </Position>
          <AltitudeMeters>925.3</AltitudeMeters>
          <DistanceMeters>77699.2</DistanceMeters>
        </Trackpoint>
        <Trackpoint>
          <Time>2027-05-09T12:11:00Z</Time>
          <Position>
            <LatitudeDegrees>42.3206800</LatitudeDegrees>
            <LongitudeDegrees>-4.0125900</LongitudeDegrees>
          </Position>
          <AltitudeMeters>924.9</AltitudeMeters>
          <DistanceMeters>77752.2</DistanceMeters>
        </Trackpoint>
        <Trackpoint>
          <Time>2027-05-09T12:11:13Z</Time>
          <Position>
            <LatitudeDegrees>42.3205600</LatitudeDegrees>
            <LongitudeDegrees>-4.0132200</LongitudeDegrees>
          </Position>
          <AltitudeMeters>924.6</AltitudeMeters>
          <DistanceMeters>77805.7</DistanceMeters>
        </Trackpoint>
        <Trackpoint>
          <Time>2027-05-09T12:11:26Z</Time>
          <Position>
            <LatitudeDegrees>42.3204400</LatitudeDegrees>
            <LongitudeDegrees>-4.0138400</LongitudeDegrees>
          </Position>
          <AltitudeMeters>924.8</AltitudeMeters>
          <DistanceMeters>77858.4</DistanceMeters>
        </Trackpoint>
        <Trackpoint>
          <Time>2027-05-09T12:11:38Z</Time>
          <Position>
            <LatitudeDegrees>42.3203100</LatitudeDegrees>
            <LongitudeDegrees>-4.0144600</LongitudeDegrees>
          </Position>
          <AltitudeMeters>925.2</AltitudeMeters>
          <DistanceMeters>77911.4</DistanceMeters>
        </Trackpoint>
        <Trackpoint>
          <Time>2027-05-09T12:11:51Z</Time>
          <Position>
            <LatitudeDegrees>42.3201900</LatitudeDegrees>
            <LongitudeDegrees>-4.0150800</LongitudeDegrees>
          </Position>
          <AltitudeMeters>925.7</AltitudeMeters>
          <DistanceMeters>77964.1</DistanceMeters>
        </Trackpoint>
        <Trackpoint>
          <Time>2027-05-09T12:12:05Z</Time>
          <Position>
            <LatitudeDegrees>42.3200000</LatitudeDegrees>
            <LongitudeDegrees>-4.0157300</LongitudeDegrees>
          </Position>
          <AltitudeMeters>926.4</AltitudeMeters>
          <DistanceMeters>78021.6</DistanceMeters>
        </Trackpoint>
        <Trackpoint>
          <Time>2027-05-09T12:12:18Z</Time>
          <Position>
            <LatitudeDegrees>42.3198200</LatitudeDegrees>
            <LongitudeDegrees>-4.0163700</LongitudeDegrees>
          </Position>
          <AltitudeMeters>926.7</AltitudeMeters>
          <DistanceMeters>78077.8</DistanceMeters>
        </Trackpoint>
        <Trackpoint>
          <Time>2027-05-09T12:12:32Z</Time>
          <Position>
            <LatitudeDegrees>42.3196300</LatitudeDegrees>
            <LongitudeDegrees>-4.0170200</LongitudeDegrees>
          </Position>
          <AltitudeMeters>926.9</AltitudeMeters>
          <DistanceMeters>78135.3</DistanceMeters>
        </Trackpoint>
        <Trackpoint>
          <Time>2027-05-09T12:12:45Z</Time>
          <Position>
            <LatitudeDegrees>42.3194100</LatitudeDegrees>
            <LongitudeDegrees>-4.0176000</LongitudeDegrees>
          </Position>
          <AltitudeMeters>927.3</AltitudeMeters>
          <DistanceMeters>78188.9</DistanceMeters>
        </Trackpoint>
        <Trackpoint>
          <Time>2027-05-09T12:12:58Z</Time>
          <Position>
            <LatitudeDegrees>42.3191900</LatitudeDegrees>
            <LongitudeDegrees>-4.0181800</LongitudeDegrees>
          </Position>
          <AltitudeMeters>927.6</AltitudeMeters>
          <DistanceMeters>78242.5</DistanceMeters>
        </Trackpoint>
        <Trackpoint>
          <Time>2027-05-09T12:13:11Z</Time>
          <Position>
            <LatitudeDegrees>42.3189600</LatitudeDegrees>
            <LongitudeDegrees>-4.0187700</LongitudeDegrees>
          </Position>
          <AltitudeMeters>927.8</AltitudeMeters>
          <DistanceMeters>78297.3</DistanceMeters>
        </Trackpoint>
        <Trackpoint>
          <Time>2027-05-09T12:13:24Z</Time>
          <Position>
            <LatitudeDegrees>42.3187400</LatitudeDegrees>
            <LongitudeDegrees>-4.0193500</LongitudeDegrees>
          </Position>
          <AltitudeMeters>928.1</AltitudeMeters>
          <DistanceMeters>78350.9</DistanceMeters>
        </Trackpoint>
        <Trackpoint>
          <Time>2027-05-09T12:13:37Z</Time>
          <Position>
            <LatitudeDegrees>42.3185200</LatitudeDegrees>
            <LongitudeDegrees>-4.0199300</LongitudeDegrees>
          </Position>
          <AltitudeMeters>928.4</AltitudeMeters>
          <DistanceMeters>78404.5</DistanceMeters>
        </Trackpoint>
        <Trackpoint>
          <Time>2027-05-09T12:13:49Z</Time>
          <Position>
            <LatitudeDegrees>42.3183000</LatitudeDegrees>
            <LongitudeDegrees>-4.0205100</LongitudeDegrees>
          </Position>
          <AltitudeMeters>928.1</AltitudeMeters>
          <DistanceMeters>78458.1</DistanceMeters>
        </Trackpoint>
        <Trackpoint>
          <Time>2027-05-09T12:14:02Z</Time>
          <Position>
            <LatitudeDegrees>42.3180800</LatitudeDegrees>
            <LongitudeDegrees>-4.0210900</LongitudeDegrees>
          </Position>
          <AltitudeMeters>927.4</AltitudeMeters>
          <DistanceMeters>78511.7</DistanceMeters>
        </Trackpoint>
        <Trackpoint>
          <Time>2027-05-09T12:14:15Z</Time>
          <Position>
            <LatitudeDegrees>42.3178500</LatitudeDegrees>
            <LongitudeDegrees>-4.0216800</LongitudeDegrees>
          </Position>
          <AltitudeMeters>926.7</AltitudeMeters>
          <DistanceMeters>78566.6</DistanceMeters>
        </Trackpoint>
        <Trackpoint>
          <Time>2027-05-09T12:14:28Z</Time>
          <Position>
            <LatitudeDegrees>42.3176300</LatitudeDegrees>
            <LongitudeDegrees>-4.0222600</LongitudeDegrees>
          </Position>
          <AltitudeMeters>926.1</AltitudeMeters>
          <DistanceMeters>78620.2</DistanceMeters>
        </Trackpoint>
        <Trackpoint>
          <Time>2027-05-09T12:14:41Z</Time>
          <Position>
            <LatitudeDegrees>42.3174100</LatitudeDegrees>
            <LongitudeDegrees>-4.0228400</LongitudeDegrees>
          </Position>
          <AltitudeMeters>925.3</AltitudeMeters>
          <DistanceMeters>78673.8</DistanceMeters>
        </Trackpoint>
        <Trackpoint>
          <Time>2027-05-09T12:14:54Z</Time>
          <Position>
            <LatitudeDegrees>42.3171600</LatitudeDegrees>
            <LongitudeDegrees>-4.0234100</LongitudeDegrees>
          </Position>
          <AltitudeMeters>924.8</AltitudeMeters>
          <DistanceMeters>78728.2</DistanceMeters>
        </Trackpoint>
        <Trackpoint>
          <Time>2027-05-09T12:15:07Z</Time>
          <Position>
            <LatitudeDegrees>42.3169100</LatitudeDegrees>
            <LongitudeDegrees>-4.0239800</LongitudeDegrees>
          </Position>
          <AltitudeMeters>924.6</AltitudeMeters>
          <DistanceMeters>78782.7</DistanceMeters>
        </Trackpoint>
        <Trackpoint>
          <Time>2027-05-09T12:15:21Z</Time>
          <Position>
            <LatitudeDegrees>42.3166500</LatitudeDegrees>
            <LongitudeDegrees>-4.0245500</LongitudeDegrees>
          </Position>
          <AltitudeMeters>924.1</AltitudeMeters>
          <DistanceMeters>78837.8</DistanceMeters>
        </Trackpoint>
        <Trackpoint>
          <Time>2027-05-09T12:15:34Z</Time>
          <Position>
            <LatitudeDegrees>42.3164000</LatitudeDegrees>
            <LongitudeDegrees>-4.0251300</LongitudeDegrees>
          </Position>
          <AltitudeMeters>923.6</AltitudeMeters>
          <DistanceMeters>78893.0</DistanceMeters>
        </Trackpoint>
        <Trackpoint>
          <Time>2027-05-09T12:15:47Z</Time>
          <Position>
            <LatitudeDegrees>42.3161500</LatitudeDegrees>
            <LongitudeDegrees>-4.0257000</LongitudeDegrees>
          </Position>
          <AltitudeMeters>923.2</AltitudeMeters>
          <DistanceMeters>78947.5</DistanceMeters>
        </Trackpoint>
        <Trackpoint>
          <Time>2027-05-09T12:16:00Z</Time>
          <Position>
            <LatitudeDegrees>42.3159000</LatitudeDegrees>
            <LongitudeDegrees>-4.0262700</LongitudeDegrees>
          </Position>
          <AltitudeMeters>922.5</AltitudeMeters>
          <DistanceMeters>79002.0</DistanceMeters>
        </Trackpoint>
        <Trackpoint>
          <Time>2027-05-09T12:16:13Z</Time>
          <Position>
            <LatitudeDegrees>42.3156400</LatitudeDegrees>
            <LongitudeDegrees>-4.0268400</LongitudeDegrees>
          </Position>
          <AltitudeMeters>921.5</AltitudeMeters>
          <DistanceMeters>79057.0</DistanceMeters>
        </Trackpoint>
        <Trackpoint>
          <Time>2027-05-09T12:16:26Z</Time>
          <Position>
            <LatitudeDegrees>42.3153900</LatitudeDegrees>
            <LongitudeDegrees>-4.0274100</LongitudeDegrees>
          </Position>
          <AltitudeMeters>920.5</AltitudeMeters>
          <DistanceMeters>79111.5</DistanceMeters>
        </Trackpoint>
        <Trackpoint>
          <Time>2027-05-09T12:16:41Z</Time>
          <Position>
            <LatitudeDegrees>42.3151500</LatitudeDegrees>
            <LongitudeDegrees>-4.0280800</LongitudeDegrees>
          </Position>
          <AltitudeMeters>919.4</AltitudeMeters>
          <DistanceMeters>79172.8</DistanceMeters>
        </Trackpoint>
        <Trackpoint>
          <Time>2027-05-09T12:16:55Z</Time>
          <Position>
            <LatitudeDegrees>42.3149100</LatitudeDegrees>
            <LongitudeDegrees>-4.0287400</LongitudeDegrees>
          </Position>
          <AltitudeMeters>918.9</AltitudeMeters>
          <DistanceMeters>79233.2</DistanceMeters>
        </Trackpoint>
        <Trackpoint>
          <Time>2027-05-09T12:17:10Z</Time>
          <Position>
            <LatitudeDegrees>42.3146700</LatitudeDegrees>
            <LongitudeDegrees>-4.0294100</LongitudeDegrees>
          </Position>
          <AltitudeMeters>918.6</AltitudeMeters>
          <DistanceMeters>79294.4</DistanceMeters>
        </Trackpoint>
        <Trackpoint>
          <Time>2027-05-09T12:17:24Z</Time>
          <Position>
            <LatitudeDegrees>42.3142500</LatitudeDegrees>
            <LongitudeDegrees>-4.0298200</LongitudeDegrees>
          </Position>
          <AltitudeMeters>918.6</AltitudeMeters>
          <DistanceMeters>79352.0</DistanceMeters>
        </Trackpoint>
        <Trackpoint>
          <Time>2027-05-09T12:17:31Z</Time>
          <Position>
            <LatitudeDegrees>42.3141300</LatitudeDegrees>
            <LongitudeDegrees>-4.0301300</LongitudeDegrees>
          </Position>
          <AltitudeMeters>918.7</AltitudeMeters>
          <DistanceMeters>79380.8</DistanceMeters>
        </Trackpoint>
        <Trackpoint>
          <Time>2027-05-09T12:17:42Z</Time>
          <Position>
            <LatitudeDegrees>42.3141600</LatitudeDegrees>
            <LongitudeDegrees>-4.0306900</LongitudeDegrees>
          </Position>
          <AltitudeMeters>919.0</AltitudeMeters>
          <DistanceMeters>79427.0</DistanceMeters>
        </Trackpoint>
        <Trackpoint>
          <Time>2027-05-09T12:17:59Z</Time>
          <Position>
            <LatitudeDegrees>42.3139700</LatitudeDegrees>
            <LongitudeDegrees>-4.0315000</LongitudeDegrees>
          </Position>
          <AltitudeMeters>918.9</AltitudeMeters>
          <DistanceMeters>79496.9</DistanceMeters>
        </Trackpoint>
        <Trackpoint>
          <Time>2027-05-09T12:18:16Z</Time>
          <Position>
            <LatitudeDegrees>42.3137800</LatitudeDegrees>
            <LongitudeDegrees>-4.0323100</LongitudeDegrees>
          </Position>
          <AltitudeMeters>918.7</AltitudeMeters>
          <DistanceMeters>79566.7</DistanceMeters>
        </Trackpoint>
        <Trackpoint>
          <Time>2027-05-09T12:18:31Z</Time>
          <Position>
            <LatitudeDegrees>42.3136900</LatitudeDegrees>
            <LongitudeDegrees>-4.0330900</LongitudeDegrees>
          </Position>
          <AltitudeMeters>918.8</AltitudeMeters>
          <DistanceMeters>79631.6</DistanceMeters>
        </Trackpoint>
        <Trackpoint>
          <Time>2027-05-09T12:18:47Z</Time>
          <Position>
            <LatitudeDegrees>42.3136000</LatitudeDegrees>
            <LongitudeDegrees>-4.0338800</LongitudeDegrees>
          </Position>
          <AltitudeMeters>919.2</AltitudeMeters>
          <DistanceMeters>79697.4</DistanceMeters>
        </Trackpoint>
        <Trackpoint>
          <Time>2027-05-09T12:19:03Z</Time>
          <Position>
            <LatitudeDegrees>42.3134100</LatitudeDegrees>
            <LongitudeDegrees>-4.0346700</LongitudeDegrees>
          </Position>
          <AltitudeMeters>919.5</AltitudeMeters>
          <DistanceMeters>79765.7</DistanceMeters>
        </Trackpoint>
        <Trackpoint>
          <Time>2027-05-09T12:19:17Z</Time>
          <Position>
            <LatitudeDegrees>42.3132900</LatitudeDegrees>
            <LongitudeDegrees>-4.0353400</LongitudeDegrees>
          </Position>
          <AltitudeMeters>919.5</AltitudeMeters>
          <DistanceMeters>79822.4</DistanceMeters>
        </Trackpoint>
        <Trackpoint>
          <Time>2027-05-09T12:19:30Z</Time>
          <Position>
            <LatitudeDegrees>42.3131800</LatitudeDegrees>
            <LongitudeDegrees>-4.0360100</LongitudeDegrees>
          </Position>
          <AltitudeMeters>919.5</AltitudeMeters>
          <DistanceMeters>79878.8</DistanceMeters>
        </Trackpoint>
        <Trackpoint>
          <Time>2027-05-09T12:19:44Z</Time>
          <Position>
            <LatitudeDegrees>42.3130600</LatitudeDegrees>
            <LongitudeDegrees>-4.0366900</LongitudeDegrees>
          </Position>
          <AltitudeMeters>919.3</AltitudeMeters>
          <DistanceMeters>79936.3</DistanceMeters>
        </Trackpoint>
        <Trackpoint>
          <Time>2027-05-09T12:19:58Z</Time>
          <Position>
            <LatitudeDegrees>42.3129500</LatitudeDegrees>
            <LongitudeDegrees>-4.0373600</LongitudeDegrees>
          </Position>
          <AltitudeMeters>919.0</AltitudeMeters>
          <DistanceMeters>79992.7</DistanceMeters>
        </Trackpoint>
        <Trackpoint>
          <Time>2027-05-09T12:20:11Z</Time>
          <Position>
            <LatitudeDegrees>42.3128300</LatitudeDegrees>
            <LongitudeDegrees>-4.0380300</LongitudeDegrees>
          </Position>
          <AltitudeMeters>918.5</AltitudeMeters>
          <DistanceMeters>80049.4</DistanceMeters>
        </Trackpoint>
        <Trackpoint>
          <Time>2027-05-09T12:20:21Z</Time>
          <Position>
            <LatitudeDegrees>42.3126300</LatitudeDegrees>
            <LongitudeDegrees>-4.0384600</LongitudeDegrees>
          </Position>
          <AltitudeMeters>917.6</AltitudeMeters>
          <DistanceMeters>80091.2</DistanceMeters>
        </Trackpoint>
        <Trackpoint>
          <Time>2027-05-09T12:20:34Z</Time>
          <Position>
            <LatitudeDegrees>42.3125600</LatitudeDegrees>
            <LongitudeDegrees>-4.0390700</LongitudeDegrees>
          </Position>
          <AltitudeMeters>916.0</AltitudeMeters>
          <DistanceMeters>80141.9</DistanceMeters>
        </Trackpoint>
        <Trackpoint>
          <Time>2027-05-09T12:20:46Z</Time>
          <Position>
            <LatitudeDegrees>42.3124800</LatitudeDegrees>
            <LongitudeDegrees>-4.0396700</LongitudeDegrees>
          </Position>
          <AltitudeMeters>913.1</AltitudeMeters>
          <DistanceMeters>80192.0</DistanceMeters>
        </Trackpoint>
        <Trackpoint>
          <Time>2027-05-09T12:20:56Z</Time>
          <Position>
            <LatitudeDegrees>42.3124700</LatitudeDegrees>
            <LongitudeDegrees>-4.0401800</LongitudeDegrees>
          </Position>
          <AltitudeMeters>909.3</AltitudeMeters>
          <DistanceMeters>80234.0</DistanceMeters>
        </Trackpoint>
        <Trackpoint>
          <Time>2027-05-09T12:21:10Z</Time>
          <Position>
            <LatitudeDegrees>42.3126000</LatitudeDegrees>
            <LongitudeDegrees>-4.0409100</LongitudeDegrees>
          </Position>
          <AltitudeMeters>904.8</AltitudeMeters>
          <DistanceMeters>80295.7</DistanceMeters>
        </Trackpoint>
        <Trackpoint>
          <Time>2027-05-09T12:21:25Z</Time>
          <Position>
            <LatitudeDegrees>42.3127300</LatitudeDegrees>
            <LongitudeDegrees>-4.0416400</LongitudeDegrees>
          </Position>
          <AltitudeMeters>899.8</AltitudeMeters>
          <DistanceMeters>80357.5</DistanceMeters>
        </Trackpoint>
        <Trackpoint>
          <Time>2027-05-09T12:21:38Z</Time>
          <Position>
            <LatitudeDegrees>42.3127300</LatitudeDegrees>
            <LongitudeDegrees>-4.0422600</LongitudeDegrees>
          </Position>
          <AltitudeMeters>894.5</AltitudeMeters>
          <DistanceMeters>80408.5</DistanceMeters>
        </Trackpoint>
        <Trackpoint>
          <Time>2027-05-09T12:21:50Z</Time>
          <Position>
            <LatitudeDegrees>42.3127300</LatitudeDegrees>
            <LongitudeDegrees>-4.0428800</LongitudeDegrees>
          </Position>
          <AltitudeMeters>889.5</AltitudeMeters>
          <DistanceMeters>80459.4</DistanceMeters>
        </Trackpoint>
        <Trackpoint>
          <Time>2027-05-09T12:22:02Z</Time>
          <Position>
            <LatitudeDegrees>42.3127200</LatitudeDegrees>
            <LongitudeDegrees>-4.0434900</LongitudeDegrees>
          </Position>
          <AltitudeMeters>883.5</AltitudeMeters>
          <DistanceMeters>80509.6</DistanceMeters>
        </Trackpoint>
        <Trackpoint>
          <Time>2027-05-09T12:22:14Z</Time>
          <Position>
            <LatitudeDegrees>42.3127200</LatitudeDegrees>
            <LongitudeDegrees>-4.0441100</LongitudeDegrees>
          </Position>
          <AltitudeMeters>878.2</AltitudeMeters>
          <DistanceMeters>80560.6</DistanceMeters>
        </Trackpoint>
        <Trackpoint>
          <Time>2027-05-09T12:22:32Z</Time>
          <Position>
            <LatitudeDegrees>42.3126500</LatitudeDegrees>
            <LongitudeDegrees>-4.0450000</LongitudeDegrees>
          </Position>
          <AltitudeMeters>873.4</AltitudeMeters>
          <DistanceMeters>80634.2</DistanceMeters>
        </Trackpoint>
        <Trackpoint>
          <Time>2027-05-09T12:22:41Z</Time>
          <Position>
            <LatitudeDegrees>42.3126900</LatitudeDegrees>
            <LongitudeDegrees>-4.0454800</LongitudeDegrees>
          </Position>
          <AltitudeMeters>869.1</AltitudeMeters>
          <DistanceMeters>80673.9</DistanceMeters>
        </Trackpoint>
        <Trackpoint>
          <Time>2027-05-09T12:22:57Z</Time>
          <Position>
            <LatitudeDegrees>42.3129600</LatitudeDegrees>
            <LongitudeDegrees>-4.0461800</LongitudeDegrees>
          </Position>
          <AltitudeMeters>865.1</AltitudeMeters>
          <DistanceMeters>80738.8</DistanceMeters>
        </Trackpoint>
        <Trackpoint>
          <Time>2027-05-09T12:23:09Z</Time>
          <Position>
            <LatitudeDegrees>42.3132500</LatitudeDegrees>
            <LongitudeDegrees>-4.0466500</LongitudeDegrees>
          </Position>
          <AltitudeMeters>862.6</AltitudeMeters>
          <DistanceMeters>80789.2</DistanceMeters>
        </Trackpoint>
        <Trackpoint>
          <Time>2027-05-09T12:23:21Z</Time>
          <Position>
            <LatitudeDegrees>42.3135400</LatitudeDegrees>
            <LongitudeDegrees>-4.0471200</LongitudeDegrees>
          </Position>
          <AltitudeMeters>859.9</AltitudeMeters>
          <DistanceMeters>80839.5</DistanceMeters>
        </Trackpoint>
        <Trackpoint>
          <Time>2027-05-09T12:23:28Z</Time>
          <Position>
            <LatitudeDegrees>42.3136300</LatitudeDegrees>
            <LongitudeDegrees>-4.0474500</LongitudeDegrees>
          </Position>
          <AltitudeMeters>856.8</AltitudeMeters>
          <DistanceMeters>80868.4</DistanceMeters>
        </Trackpoint>
        <Trackpoint>
          <Time>2027-05-09T12:23:49Z</Time>
          <Position>
            <LatitudeDegrees>42.3137400</LatitudeDegrees>
            <LongitudeDegrees>-4.0484900</LongitudeDegrees>
          </Position>
          <AltitudeMeters>853.8</AltitudeMeters>
          <DistanceMeters>80954.8</DistanceMeters>
        </Trackpoint>
        <Trackpoint>
          <Time>2027-05-09T12:24:07Z</Time>
          <Position>
            <LatitudeDegrees>42.3140600</LatitudeDegrees>
            <LongitudeDegrees>-4.0493400</LongitudeDegrees>
          </Position>
          <AltitudeMeters>851.2</AltitudeMeters>
          <DistanceMeters>81033.2</DistanceMeters>
        </Trackpoint>
        <Trackpoint>
          <Time>2027-05-09T12:24:24Z</Time>
          <Position>
            <LatitudeDegrees>42.3138900</LatitudeDegrees>
            <LongitudeDegrees>-4.0501600</LongitudeDegrees>
          </Position>
          <AltitudeMeters>848.6</AltitudeMeters>
          <DistanceMeters>81103.2</DistanceMeters>
        </Trackpoint>
        <Trackpoint>
          <Time>2027-05-09T12:24:41Z</Time>
          <Position>
            <LatitudeDegrees>42.3137200</LatitudeDegrees>
            <LongitudeDegrees>-4.0509700</LongitudeDegrees>
          </Position>
          <AltitudeMeters>847.2</AltitudeMeters>
          <DistanceMeters>81172.5</DistanceMeters>
        </Trackpoint>
        <Trackpoint>
          <Time>2027-05-09T12:24:55Z</Time>
          <Position>
            <LatitudeDegrees>42.3137900</LatitudeDegrees>
            <LongitudeDegrees>-4.0517000</LongitudeDegrees>
          </Position>
          <AltitudeMeters>847.2</AltitudeMeters>
          <DistanceMeters>81233.0</DistanceMeters>
        </Trackpoint>
        <Trackpoint>
          <Time>2027-05-09T12:25:10Z</Time>
          <Position>
            <LatitudeDegrees>42.3138700</LatitudeDegrees>
            <LongitudeDegrees>-4.0524300</LongitudeDegrees>
          </Position>
          <AltitudeMeters>847.8</AltitudeMeters>
          <DistanceMeters>81293.7</DistanceMeters>
        </Trackpoint>
        <Trackpoint>
          <Time>2027-05-09T12:25:25Z</Time>
          <Position>
            <LatitudeDegrees>42.3139400</LatitudeDegrees>
            <LongitudeDegrees>-4.0531600</LongitudeDegrees>
          </Position>
          <AltitudeMeters>848.7</AltitudeMeters>
          <DistanceMeters>81354.2</DistanceMeters>
        </Trackpoint>
        <Trackpoint>
          <Time>2027-05-09T12:25:31Z</Time>
          <Position>
            <LatitudeDegrees>42.3140200</LatitudeDegrees>
            <LongitudeDegrees>-4.0534600</LongitudeDegrees>
          </Position>
          <AltitudeMeters>849.7</AltitudeMeters>
          <DistanceMeters>81380.4</DistanceMeters>
        </Trackpoint>
        <Trackpoint>
          <Time>2027-05-09T12:25:46Z</Time>
          <Position>
            <LatitudeDegrees>42.3138500</LatitudeDegrees>
            <LongitudeDegrees>-4.0541900</LongitudeDegrees>
          </Position>
          <AltitudeMeters>850.4</AltitudeMeters>
          <DistanceMeters>81443.4</DistanceMeters>
        </Trackpoint>
        <Trackpoint>
          <Time>2027-05-09T12:26:01Z</Time>
          <Position>
            <LatitudeDegrees>42.3136800</LatitudeDegrees>
            <LongitudeDegrees>-4.0549100</LongitudeDegrees>
          </Position>
          <AltitudeMeters>850.7</AltitudeMeters>
          <DistanceMeters>81505.5</DistanceMeters>
        </Trackpoint>
        <Trackpoint>
          <Time>2027-05-09T12:26:18Z</Time>
          <Position>
            <LatitudeDegrees>42.3135200</LatitudeDegrees>
            <LongitudeDegrees>-4.0557700</LongitudeDegrees>
          </Position>
          <AltitudeMeters>850.3</AltitudeMeters>
          <DistanceMeters>81578.4</DistanceMeters>
        </Trackpoint>
        <Trackpoint>
          <Time>2027-05-09T12:26:36Z</Time>
          <Position>
            <LatitudeDegrees>42.3133600</LatitudeDegrees>
            <LongitudeDegrees>-4.0566300</LongitudeDegrees>
          </Position>
          <AltitudeMeters>850.5</AltitudeMeters>
          <DistanceMeters>81651.4</DistanceMeters>
        </Trackpoint>
        <Trackpoint>
          <Time>2027-05-09T12:26:48Z</Time>
          <Position>
            <LatitudeDegrees>42.3131500</LatitudeDegrees>
            <LongitudeDegrees>-4.0572000</LongitudeDegrees>
          </Position>
          <AltitudeMeters>851.8</AltitudeMeters>
          <DistanceMeters>81703.7</DistanceMeters>
        </Trackpoint>
        <Trackpoint>
          <Time>2027-05-09T12:27:01Z</Time>
          <Position>
            <LatitudeDegrees>42.3129400</LatitudeDegrees>
            <LongitudeDegrees>-4.0577600</LongitudeDegrees>
          </Position>
          <AltitudeMeters>852.7</AltitudeMeters>
          <DistanceMeters>81755.3</DistanceMeters>
        </Trackpoint>
        <Trackpoint>
          <Time>2027-05-09T12:27:22Z</Time>
          <Position>
            <LatitudeDegrees>42.3126900</LatitudeDegrees>
            <LongitudeDegrees>-4.0587600</LongitudeDegrees>
          </Position>
          <AltitudeMeters>853.4</AltitudeMeters>
          <DistanceMeters>81842.1</DistanceMeters>
        </Trackpoint>
        <Trackpoint>
          <Time>2027-05-09T12:27:36Z</Time>
          <Position>
            <LatitudeDegrees>42.3124500</LatitudeDegrees>
            <LongitudeDegrees>-4.0594000</LongitudeDegrees>
          </Position>
          <AltitudeMeters>854.9</AltitudeMeters>
          <DistanceMeters>81901.1</DistanceMeters>
        </Trackpoint>
        <Trackpoint>
          <Time>2027-05-09T12:27:50Z</Time>
          <Position>
            <LatitudeDegrees>42.3122000</LatitudeDegrees>
            <LongitudeDegrees>-4.0600400</LongitudeDegrees>
          </Position>
          <AltitudeMeters>856.1</AltitudeMeters>
          <DistanceMeters>81960.7</DistanceMeters>
        </Trackpoint>
        <Trackpoint>
          <Time>2027-05-09T12:28:02Z</Time>
          <Position>
            <LatitudeDegrees>42.3120800</LatitudeDegrees>
            <LongitudeDegrees>-4.0606000</LongitudeDegrees>
          </Position>
          <AltitudeMeters>856.4</AltitudeMeters>
          <DistanceMeters>82008.6</DistanceMeters>
        </Trackpoint>
        <Trackpoint>
          <Time>2027-05-09T12:28:14Z</Time>
          <Position>
            <LatitudeDegrees>42.3118100</LatitudeDegrees>
            <LongitudeDegrees>-4.0611000</LongitudeDegrees>
          </Position>
          <AltitudeMeters>856.6</AltitudeMeters>
          <DistanceMeters>82059.5</DistanceMeters>
        </Trackpoint>
        <Trackpoint>
          <Time>2027-05-09T12:28:26Z</Time>
          <Position>
            <LatitudeDegrees>42.3115400</LatitudeDegrees>
            <LongitudeDegrees>-4.0616100</LongitudeDegrees>
          </Position>
          <AltitudeMeters>856.5</AltitudeMeters>
          <DistanceMeters>82111.1</DistanceMeters>
        </Trackpoint>
        <Trackpoint>
          <Time>2027-05-09T12:28:39Z</Time>
          <Position>
            <LatitudeDegrees>42.3112900</LatitudeDegrees>
            <LongitudeDegrees>-4.0621800</LongitudeDegrees>
          </Position>
          <AltitudeMeters>855.5</AltitudeMeters>
          <DistanceMeters>82165.6</DistanceMeters>
        </Trackpoint>
        <Trackpoint>
          <Time>2027-05-09T12:28:52Z</Time>
          <Position>
            <LatitudeDegrees>42.3110300</LatitudeDegrees>
            <LongitudeDegrees>-4.0627400</LongitudeDegrees>
          </Position>
          <AltitudeMeters>853.4</AltitudeMeters>
          <DistanceMeters>82220.0</DistanceMeters>
        </Trackpoint>
        <Trackpoint>
          <Time>2027-05-09T12:29:15Z</Time>
          <Position>
            <LatitudeDegrees>42.3107900</LatitudeDegrees>
            <LongitudeDegrees>-4.0638300</LongitudeDegrees>
          </Position>
          <AltitudeMeters>851.4</AltitudeMeters>
          <DistanceMeters>82313.5</DistanceMeters>
        </Trackpoint>
        <Trackpoint>
          <Time>2027-05-09T12:29:25Z</Time>
          <Position>
            <LatitudeDegrees>42.3106100</LatitudeDegrees>
            <LongitudeDegrees>-4.0642700</LongitudeDegrees>
          </Position>
          <AltitudeMeters>850.1</AltitudeMeters>
          <DistanceMeters>82354.8</DistanceMeters>
        </Trackpoint>
        <Trackpoint>
          <Time>2027-05-09T12:29:48Z</Time>
          <Position>
            <LatitudeDegrees>42.3106100</LatitudeDegrees>
            <LongitudeDegrees>-4.0654700</LongitudeDegrees>
          </Position>
          <AltitudeMeters>848.6</AltitudeMeters>
          <DistanceMeters>82453.5</DistanceMeters>
        </Trackpoint>
        <Trackpoint>
          <Time>2027-05-09T12:30:06Z</Time>
          <Position>
            <LatitudeDegrees>42.3107100</LatitudeDegrees>
            <LongitudeDegrees>-4.0663400</LongitudeDegrees>
          </Position>
          <AltitudeMeters>847.6</AltitudeMeters>
          <DistanceMeters>82525.9</DistanceMeters>
        </Trackpoint>
        <Trackpoint>
          <Time>2027-05-09T12:30:27Z</Time>
          <Position>
            <LatitudeDegrees>42.3106400</LatitudeDegrees>
            <LongitudeDegrees>-4.0674300</LongitudeDegrees>
          </Position>
          <AltitudeMeters>846.4</AltitudeMeters>
          <DistanceMeters>82615.9</DistanceMeters>
        </Trackpoint>
        <Trackpoint>
          <Time>2027-05-09T12:30:35Z</Time>
          <Position>
            <LatitudeDegrees>42.3107100</LatitudeDegrees>
            <LongitudeDegrees>-4.0678300</LongitudeDegrees>
          </Position>
          <AltitudeMeters>844.9</AltitudeMeters>
          <DistanceMeters>82649.7</DistanceMeters>
        </Trackpoint>
        <Trackpoint>
          <Time>2027-05-09T12:30:47Z</Time>
          <Position>
            <LatitudeDegrees>42.3106300</LatitudeDegrees>
            <LongitudeDegrees>-4.0683900</LongitudeDegrees>
          </Position>
          <AltitudeMeters>842.3</AltitudeMeters>
          <DistanceMeters>82696.6</DistanceMeters>
        </Trackpoint>
        <Trackpoint>
          <Time>2027-05-09T12:30:58Z</Time>
          <Position>
            <LatitudeDegrees>42.3107200</LatitudeDegrees>
            <LongitudeDegrees>-4.0689300</LongitudeDegrees>
          </Position>
          <AltitudeMeters>840.1</AltitudeMeters>
          <DistanceMeters>82742.1</DistanceMeters>
        </Trackpoint>
        <Trackpoint>
          <Time>2027-05-09T12:31:02Z</Time>
          <Position>
            <LatitudeDegrees>42.3107000</LatitudeDegrees>
            <LongitudeDegrees>-4.0691500</LongitudeDegrees>
          </Position>
          <AltitudeMeters>836.4</AltitudeMeters>
          <DistanceMeters>82760.3</DistanceMeters>
        </Trackpoint>
        <Trackpoint>
          <Time>2027-05-09T12:31:11Z</Time>
          <Position>
            <LatitudeDegrees>42.3108000</LatitudeDegrees>
            <LongitudeDegrees>-4.0695800</LongitudeDegrees>
          </Position>
          <AltitudeMeters>833.9</AltitudeMeters>
          <DistanceMeters>82797.4</DistanceMeters>
        </Trackpoint>
        <Trackpoint>
          <Time>2027-05-09T12:31:27Z</Time>
          <Position>
            <LatitudeDegrees>42.3107900</LatitudeDegrees>
            <LongitudeDegrees>-4.0703800</LongitudeDegrees>
          </Position>
          <AltitudeMeters>831.8</AltitudeMeters>
          <DistanceMeters>82863.2</DistanceMeters>
        </Trackpoint>
        <Trackpoint>
          <Time>2027-05-09T12:31:30Z</Time>
          <Position>
            <LatitudeDegrees>42.3107600</LatitudeDegrees>
            <LongitudeDegrees>-4.0705600</LongitudeDegrees>
          </Position>
          <AltitudeMeters>830.2</AltitudeMeters>
          <DistanceMeters>82878.3</DistanceMeters>
        </Trackpoint>
        <Trackpoint>
          <Time>2027-05-09T12:31:43Z</Time>
          <Position>
            <LatitudeDegrees>42.3104500</LatitudeDegrees>
            <LongitudeDegrees>-4.0710400</LongitudeDegrees>
          </Position>
          <AltitudeMeters>829.3</AltitudeMeters>
          <DistanceMeters>82930.7</DistanceMeters>
        </Trackpoint>
        <Trackpoint>
          <Time>2027-05-09T12:31:53Z</Time>
          <Position>
            <LatitudeDegrees>42.3102600</LatitudeDegrees>
            <LongitudeDegrees>-4.0714600</LongitudeDegrees>
          </Position>
          <AltitudeMeters>829.5</AltitudeMeters>
          <DistanceMeters>82971.2</DistanceMeters>
        </Trackpoint>
        <Trackpoint>
          <Time>2027-05-09T12:32:15Z</Time>
          <Position>
            <LatitudeDegrees>42.3099200</LatitudeDegrees>
            <LongitudeDegrees>-4.0725100</LongitudeDegrees>
          </Position>
          <AltitudeMeters>829.6</AltitudeMeters>
          <DistanceMeters>83065.5</DistanceMeters>
        </Trackpoint>
        <Trackpoint>
          <Time>2027-05-09T12:32:35Z</Time>
          <Position>
            <LatitudeDegrees>42.3097300</LatitudeDegrees>
            <LongitudeDegrees>-4.0735000</LongitudeDegrees>
          </Position>
          <AltitudeMeters>829.9</AltitudeMeters>
          <DistanceMeters>83149.6</DistanceMeters>
        </Trackpoint>
        <Trackpoint>
          <Time>2027-05-09T12:32:49Z</Time>
          <Position>
            <LatitudeDegrees>42.3096900</LatitudeDegrees>
            <LongitudeDegrees>-4.0741900</LongitudeDegrees>
          </Position>
          <AltitudeMeters>830.0</AltitudeMeters>
          <DistanceMeters>83206.5</DistanceMeters>
        </Trackpoint>
        <Trackpoint>
          <Time>2027-05-09T12:33:03Z</Time>
          <Position>
            <LatitudeDegrees>42.3096400</LatitudeDegrees>
            <LongitudeDegrees>-4.0748700</LongitudeDegrees>
          </Position>
          <AltitudeMeters>829.5</AltitudeMeters>
          <DistanceMeters>83262.7</DistanceMeters>
        </Trackpoint>
        <Trackpoint>
          <Time>2027-05-09T12:33:14Z</Time>
          <Position>
            <LatitudeDegrees>42.3094900</LatitudeDegrees>
            <LongitudeDegrees>-4.0754400</LongitudeDegrees>
          </Position>
          <AltitudeMeters>828.6</AltitudeMeters>
          <DistanceMeters>83312.4</DistanceMeters>
        </Trackpoint>
        <Trackpoint>
          <Time>2027-05-09T12:33:27Z</Time>
          <Position>
            <LatitudeDegrees>42.3093300</LatitudeDegrees>
            <LongitudeDegrees>-4.0760200</LongitudeDegrees>
          </Position>
          <AltitudeMeters>827.9</AltitudeMeters>
          <DistanceMeters>83363.3</DistanceMeters>
        </Trackpoint>
        <Trackpoint>
          <Time>2027-05-09T12:33:39Z</Time>
          <Position>
            <LatitudeDegrees>42.3091800</LatitudeDegrees>
            <LongitudeDegrees>-4.0765900</LongitudeDegrees>
          </Position>
          <AltitudeMeters>827.3</AltitudeMeters>
          <DistanceMeters>83413.1</DistanceMeters>
        </Trackpoint>
        <Trackpoint>
          <Time>2027-05-09T12:33:55Z</Time>
          <Position>
            <LatitudeDegrees>42.3090700</LatitudeDegrees>
            <LongitudeDegrees>-4.0774000</LongitudeDegrees>
          </Position>
          <AltitudeMeters>827.3</AltitudeMeters>
          <DistanceMeters>83480.8</DistanceMeters>
        </Trackpoint>
        <Trackpoint>
          <Time>2027-05-09T12:34:16Z</Time>
          <Position>
            <LatitudeDegrees>42.3087300</LatitudeDegrees>
            <LongitudeDegrees>-4.0783400</LongitudeDegrees>
          </Position>
          <AltitudeMeters>827.7</AltitudeMeters>
          <DistanceMeters>83566.9</DistanceMeters>
        </Trackpoint>
        <Trackpoint>
          <Time>2027-05-09T12:34:28Z</Time>
          <Position>
            <LatitudeDegrees>42.3086100</LatitudeDegrees>
            <LongitudeDegrees>-4.0789300</LongitudeDegrees>
          </Position>
          <AltitudeMeters>828.1</AltitudeMeters>
          <DistanceMeters>83617.2</DistanceMeters>
        </Trackpoint>
        <Trackpoint>
          <Time>2027-05-09T12:34:40Z</Time>
          <Position>
            <LatitudeDegrees>42.3084900</LatitudeDegrees>
            <LongitudeDegrees>-4.0795100</LongitudeDegrees>
          </Position>
          <AltitudeMeters>827.8</AltitudeMeters>
          <DistanceMeters>83666.7</DistanceMeters>
        </Trackpoint>
        <Trackpoint>
          <Time>2027-05-09T12:34:53Z</Time>
          <Position>
            <LatitudeDegrees>42.3082800</LatitudeDegrees>
            <LongitudeDegrees>-4.0801400</LongitudeDegrees>
          </Position>
          <AltitudeMeters>826.7</AltitudeMeters>
          <DistanceMeters>83723.5</DistanceMeters>
        </Trackpoint>
        <Trackpoint>
          <Time>2027-05-09T12:35:07Z</Time>
          <Position>
            <LatitudeDegrees>42.3080800</LatitudeDegrees>
            <LongitudeDegrees>-4.0807700</LongitudeDegrees>
          </Position>
          <AltitudeMeters>825.2</AltitudeMeters>
          <DistanceMeters>83779.9</DistanceMeters>
        </Trackpoint>
        <Trackpoint>
          <Time>2027-05-09T12:35:20Z</Time>
          <Position>
            <LatitudeDegrees>42.3078700</LatitudeDegrees>
            <LongitudeDegrees>-4.0814000</LongitudeDegrees>
          </Position>
          <AltitudeMeters>823.6</AltitudeMeters>
          <DistanceMeters>83836.7</DistanceMeters>
        </Trackpoint>
        <Trackpoint>
          <Time>2027-05-09T12:35:35Z</Time>
          <Position>
            <LatitudeDegrees>42.3075700</LatitudeDegrees>
            <LongitudeDegrees>-4.0820400</LongitudeDegrees>
          </Position>
          <AltitudeMeters>822.2</AltitudeMeters>
          <DistanceMeters>83899.1</DistanceMeters>
        </Trackpoint>
        <Trackpoint>
          <Time>2027-05-09T12:35:50Z</Time>
          <Position>
            <LatitudeDegrees>42.3072600</LatitudeDegrees>
            <LongitudeDegrees>-4.0826700</LongitudeDegrees>
          </Position>
          <AltitudeMeters>821.4</AltitudeMeters>
          <DistanceMeters>83961.3</DistanceMeters>
        </Trackpoint>
        <Trackpoint>
          <Time>2027-05-09T12:36:13Z</Time>
          <Position>
            <LatitudeDegrees>42.3068700</LatitudeDegrees>
            <LongitudeDegrees>-4.0837000</LongitudeDegrees>
          </Position>
          <AltitudeMeters>821.0</AltitudeMeters>
          <DistanceMeters>84056.4</DistanceMeters>
        </Trackpoint>
        <Trackpoint>
          <Time>2027-05-09T12:36:30Z</Time>
          <Position>
            <LatitudeDegrees>42.3064700</LatitudeDegrees>
            <LongitudeDegrees>-4.0843700</LongitudeDegrees>
          </Position>
          <AltitudeMeters>820.6</AltitudeMeters>
          <DistanceMeters>84127.2</DistanceMeters>
        </Trackpoint>
        <Trackpoint>
          <Time>2027-05-09T12:36:43Z</Time>
          <Position>
            <LatitudeDegrees>42.3060900</LatitudeDegrees>
            <LongitudeDegrees>-4.0847700</LongitudeDegrees>
          </Position>
          <AltitudeMeters>819.8</AltitudeMeters>
          <DistanceMeters>84180.8</DistanceMeters>
        </Trackpoint>
        <Trackpoint>
          <Time>2027-05-09T12:36:56Z</Time>
          <Position>
            <LatitudeDegrees>42.3057900</LatitudeDegrees>
            <LongitudeDegrees>-4.0853000</LongitudeDegrees>
          </Position>
          <AltitudeMeters>819.5</AltitudeMeters>
          <DistanceMeters>84235.7</DistanceMeters>
        </Trackpoint>
        <Trackpoint>
          <Time>2027-05-09T12:37:13Z</Time>
          <Position>
            <LatitudeDegrees>42.3053500</LatitudeDegrees>
            <LongitudeDegrees>-4.0858900</LongitudeDegrees>
          </Position>
          <AltitudeMeters>819.6</AltitudeMeters>
          <DistanceMeters>84304.6</DistanceMeters>
        </Trackpoint>
        <Trackpoint>
          <Time>2027-05-09T12:37:26Z</Time>
          <Position>
            <LatitudeDegrees>42.3049600</LatitudeDegrees>
            <LongitudeDegrees>-4.0862900</LongitudeDegrees>
          </Position>
          <AltitudeMeters>819.6</AltitudeMeters>
          <DistanceMeters>84359.0</DistanceMeters>
        </Trackpoint>
        <Trackpoint>
          <Time>2027-05-09T12:37:47Z</Time>
          <Position>
            <LatitudeDegrees>42.3044400</LatitudeDegrees>
            <LongitudeDegrees>-4.0871100</LongitudeDegrees>
          </Position>
          <AltitudeMeters>819.5</AltitudeMeters>
          <DistanceMeters>84447.8</DistanceMeters>
        </Trackpoint>
        <Trackpoint>
          <Time>2027-05-09T12:38:03Z</Time>
          <Position>
            <LatitudeDegrees>42.3040100</LatitudeDegrees>
            <LongitudeDegrees>-4.0876700</LongitudeDegrees>
          </Position>
          <AltitudeMeters>819.0</AltitudeMeters>
          <DistanceMeters>84514.2</DistanceMeters>
        </Trackpoint>
        <Trackpoint>
          <Time>2027-05-09T12:38:05Z</Time>
          <Position>
            <LatitudeDegrees>42.3039500</LatitudeDegrees>
            <LongitudeDegrees>-4.0877000</LongitudeDegrees>
          </Position>
          <AltitudeMeters>817.8</AltitudeMeters>
          <DistanceMeters>84521.3</DistanceMeters>
        </Trackpoint>
        <Trackpoint>
          <Time>2027-05-09T12:38:17Z</Time>
          <Position>
            <LatitudeDegrees>42.3035000</LatitudeDegrees>
            <LongitudeDegrees>-4.0875500</LongitudeDegrees>
          </Position>
          <AltitudeMeters>816.1</AltitudeMeters>
          <DistanceMeters>84572.9</DistanceMeters>
        </Trackpoint>
        <Trackpoint>
          <Time>2027-05-09T12:38:29Z</Time>
          <Position>
            <LatitudeDegrees>42.3030500</LatitudeDegrees>
            <LongitudeDegrees>-4.0874000</LongitudeDegrees>
          </Position>
          <AltitudeMeters>814.4</AltitudeMeters>
          <DistanceMeters>84624.4</DistanceMeters>
        </Trackpoint>
        <Trackpoint>
          <Time>2027-05-09T12:38:43Z</Time>
          <Position>
            <LatitudeDegrees>42.3028200</LatitudeDegrees>
            <LongitudeDegrees>-4.0879900</LongitudeDegrees>
          </Position>
          <AltitudeMeters>812.7</AltitudeMeters>
          <DistanceMeters>84679.3</DistanceMeters>
        </Trackpoint>
        <Trackpoint>
          <Time>2027-05-09T12:38:56Z</Time>
          <Position>
            <LatitudeDegrees>42.3025900</LatitudeDegrees>
            <LongitudeDegrees>-4.0885900</LongitudeDegrees>
          </Position>
          <AltitudeMeters>811.9</AltitudeMeters>
          <DistanceMeters>84734.8</DistanceMeters>
        </Trackpoint>
        <Trackpoint>
          <Time>2027-05-09T12:39:09Z</Time>
          <Position>
            <LatitudeDegrees>42.3023600</LatitudeDegrees>
            <LongitudeDegrees>-4.0891900</LongitudeDegrees>
          </Position>
          <AltitudeMeters>812.0</AltitudeMeters>
          <DistanceMeters>84790.4</DistanceMeters>
        </Trackpoint>
        <Trackpoint>
          <Time>2027-05-09T12:39:22Z</Time>
          <Position>
            <LatitudeDegrees>42.3021400</LatitudeDegrees>
            <LongitudeDegrees>-4.0897800</LongitudeDegrees>
          </Position>
          <AltitudeMeters>812.9</AltitudeMeters>
          <DistanceMeters>84844.8</DistanceMeters>
        </Trackpoint>
        <Trackpoint>
          <Time>2027-05-09T12:39:36Z</Time>
          <Position>
            <LatitudeDegrees>42.3019100</LatitudeDegrees>
            <LongitudeDegrees>-4.0903800</LongitudeDegrees>
          </Position>
          <AltitudeMeters>813.8</AltitudeMeters>
          <DistanceMeters>84900.3</DistanceMeters>
        </Trackpoint>
        <Trackpoint>
          <Time>2027-05-09T12:39:49Z</Time>
          <Position>
            <LatitudeDegrees>42.3016800</LatitudeDegrees>
            <LongitudeDegrees>-4.0909700</LongitudeDegrees>
          </Position>
          <AltitudeMeters>815.0</AltitudeMeters>
          <DistanceMeters>84955.2</DistanceMeters>
        </Trackpoint>
        <Trackpoint>
          <Time>2027-05-09T12:39:50Z</Time>
          <Position>
            <LatitudeDegrees>42.3017300</LatitudeDegrees>
            <LongitudeDegrees>-4.0909300</LongitudeDegrees>
          </Position>
          <AltitudeMeters>816.3</AltitudeMeters>
          <DistanceMeters>84961.7</DistanceMeters>
        </Trackpoint>
        <Trackpoint>
          <Time>2027-05-09T12:40:00Z</Time>
          <Position>
            <LatitudeDegrees>42.3014900</LatitudeDegrees>
            <LongitudeDegrees>-4.0912800</LongitudeDegrees>
          </Position>
          <AltitudeMeters>817.5</AltitudeMeters>
          <DistanceMeters>85000.9</DistanceMeters>
        </Trackpoint>
        <Trackpoint>
          <Time>2027-05-09T12:40:14Z</Time>
          <Position>
            <LatitudeDegrees>42.3010200</LatitudeDegrees>
            <LongitudeDegrees>-4.0915900</LongitudeDegrees>
          </Position>
          <AltitudeMeters>818.7</AltitudeMeters>
          <DistanceMeters>85059.1</DistanceMeters>
        </Trackpoint>
        <Trackpoint>
          <Time>2027-05-09T12:40:28Z</Time>
          <Position>
            <LatitudeDegrees>42.3005500</LatitudeDegrees>
            <LongitudeDegrees>-4.0919000</LongitudeDegrees>
          </Position>
          <AltitudeMeters>819.3</AltitudeMeters>
          <DistanceMeters>85117.2</DistanceMeters>
        </Trackpoint>
        <Trackpoint>
          <Time>2027-05-09T12:40:42Z</Time>
          <Position>
            <LatitudeDegrees>42.3000800</LatitudeDegrees>
            <LongitudeDegrees>-4.0922100</LongitudeDegrees>
          </Position>
          <AltitudeMeters>819.6</AltitudeMeters>
          <DistanceMeters>85175.3</DistanceMeters>
        </Trackpoint>
        <Trackpoint>
          <Time>2027-05-09T12:40:56Z</Time>
          <Position>
            <LatitudeDegrees>42.2996000</LatitudeDegrees>
            <LongitudeDegrees>-4.0925100</LongitudeDegrees>
          </Position>
          <AltitudeMeters>818.4</AltitudeMeters>
          <DistanceMeters>85234.1</DistanceMeters>
        </Trackpoint>
        <Trackpoint>
          <Time>2027-05-09T12:41:10Z</Time>
          <Position>
            <LatitudeDegrees>42.2991300</LatitudeDegrees>
            <LongitudeDegrees>-4.0928200</LongitudeDegrees>
          </Position>
          <AltitudeMeters>816.0</AltitudeMeters>
          <DistanceMeters>85292.3</DistanceMeters>
        </Trackpoint>
        <Trackpoint>
          <Time>2027-05-09T12:41:24Z</Time>
          <Position>
            <LatitudeDegrees>42.2986600</LatitudeDegrees>
            <LongitudeDegrees>-4.0931300</LongitudeDegrees>
          </Position>
          <AltitudeMeters>813.1</AltitudeMeters>
          <DistanceMeters>85350.4</DistanceMeters>
        </Trackpoint>
        <Trackpoint>
          <Time>2027-05-09T12:41:37Z</Time>
          <Position>
            <LatitudeDegrees>42.2982300</LatitudeDegrees>
            <LongitudeDegrees>-4.0934800</LongitudeDegrees>
          </Position>
          <AltitudeMeters>811.6</AltitudeMeters>
          <DistanceMeters>85406.3</DistanceMeters>
        </Trackpoint>
        <Trackpoint>
          <Time>2027-05-09T12:41:50Z</Time>
          <Position>
            <LatitudeDegrees>42.2978000</LatitudeDegrees>
            <LongitudeDegrees>-4.0938300</LongitudeDegrees>
          </Position>
          <AltitudeMeters>810.9</AltitudeMeters>
          <DistanceMeters>85462.1</DistanceMeters>
        </Trackpoint>
        <Trackpoint>
          <Time>2027-05-09T12:42:04Z</Time>
          <Position>
            <LatitudeDegrees>42.2973700</LatitudeDegrees>
            <LongitudeDegrees>-4.0941800</LongitudeDegrees>
          </Position>
          <AltitudeMeters>811.9</AltitudeMeters>
          <DistanceMeters>85517.9</DistanceMeters>
        </Trackpoint>
        <Trackpoint>
          <Time>2027-05-09T12:42:17Z</Time>
          <Position>
            <LatitudeDegrees>42.2969400</LatitudeDegrees>
            <LongitudeDegrees>-4.0945400</LongitudeDegrees>
          </Position>
          <AltitudeMeters>813.4</AltitudeMeters>
          <DistanceMeters>85574.1</DistanceMeters>
        </Trackpoint>
        <Trackpoint>
          <Time>2027-05-09T12:42:30Z</Time>
          <Position>
            <LatitudeDegrees>42.2965200</LatitudeDegrees>
            <LongitudeDegrees>-4.0948900</LongitudeDegrees>
          </Position>
          <AltitudeMeters>814.1</AltitudeMeters>
          <DistanceMeters>85629.0</DistanceMeters>
        </Trackpoint>
        <Trackpoint>
          <Time>2027-05-09T12:42:44Z</Time>
          <Position>
            <LatitudeDegrees>42.2960900</LatitudeDegrees>
            <LongitudeDegrees>-4.0952400</LongitudeDegrees>
          </Position>
          <AltitudeMeters>813.8</AltitudeMeters>
          <DistanceMeters>85684.8</DistanceMeters>
        </Trackpoint>
        <Trackpoint>
          <Time>2027-05-09T12:42:57Z</Time>
          <Position>
            <LatitudeDegrees>42.2956600</LatitudeDegrees>
            <LongitudeDegrees>-4.0955900</LongitudeDegrees>
          </Position>
          <AltitudeMeters>813.0</AltitudeMeters>
          <DistanceMeters>85740.6</DistanceMeters>
        </Trackpoint>
        <Trackpoint>
          <Time>2027-05-09T12:43:11Z</Time>
          <Position>
            <LatitudeDegrees>42.2952300</LatitudeDegrees>
            <LongitudeDegrees>-4.0959400</LongitudeDegrees>
          </Position>
          <AltitudeMeters>811.8</AltitudeMeters>
          <DistanceMeters>85796.4</DistanceMeters>
        </Trackpoint>
        <Trackpoint>
          <Time>2027-05-09T12:43:20Z</Time>
          <Position>
            <LatitudeDegrees>42.2949700</LatitudeDegrees>
            <LongitudeDegrees>-4.0962400</LongitudeDegrees>
          </Position>
          <AltitudeMeters>811.1</AltitudeMeters>
          <DistanceMeters>85834.4</DistanceMeters>
        </Trackpoint>
        <Trackpoint>
          <Time>2027-05-09T12:43:32Z</Time>
          <Position>
            <LatitudeDegrees>42.2946300</LatitudeDegrees>
            <LongitudeDegrees>-4.0966800</LongitudeDegrees>
          </Position>
          <AltitudeMeters>811.7</AltitudeMeters>
          <DistanceMeters>85886.8</DistanceMeters>
        </Trackpoint>
        <Trackpoint>
          <Time>2027-05-09T12:43:45Z</Time>
          <Position>
            <LatitudeDegrees>42.2942900</LatitudeDegrees>
            <LongitudeDegrees>-4.0971200</LongitudeDegrees>
          </Position>
          <AltitudeMeters>811.9</AltitudeMeters>
          <DistanceMeters>85939.1</DistanceMeters>
        </Trackpoint>
        <Trackpoint>
          <Time>2027-05-09T12:43:57Z</Time>
          <Position>
            <LatitudeDegrees>42.2939600</LatitudeDegrees>
            <LongitudeDegrees>-4.0975700</LongitudeDegrees>
          </Position>
          <AltitudeMeters>812.5</AltitudeMeters>
          <DistanceMeters>85991.2</DistanceMeters>
        </Trackpoint>
        <Trackpoint>
          <Time>2027-05-09T12:44:10Z</Time>
          <Position>
            <LatitudeDegrees>42.2936200</LatitudeDegrees>
            <LongitudeDegrees>-4.0980100</LongitudeDegrees>
          </Position>
          <AltitudeMeters>813.4</AltitudeMeters>
          <DistanceMeters>86043.5</DistanceMeters>
        </Trackpoint>
        <Trackpoint>
          <Time>2027-05-09T12:44:23Z</Time>
          <Position>
            <LatitudeDegrees>42.2932800</LatitudeDegrees>
            <LongitudeDegrees>-4.0984500</LongitudeDegrees>
          </Position>
          <AltitudeMeters>813.8</AltitudeMeters>
          <DistanceMeters>86095.9</DistanceMeters>
        </Trackpoint>
        <Trackpoint>
          <Time>2027-05-09T12:44:36Z</Time>
          <Position>
            <LatitudeDegrees>42.2928500</LatitudeDegrees>
            <LongitudeDegrees>-4.0988300</LongitudeDegrees>
          </Position>
          <AltitudeMeters>813.0</AltitudeMeters>
          <DistanceMeters>86153.0</DistanceMeters>
        </Trackpoint>
        <Trackpoint>
          <Time>2027-05-09T12:44:40Z</Time>
          <Position>
            <LatitudeDegrees>42.2927700</LatitudeDegrees>
            <LongitudeDegrees>-4.0989700</LongitudeDegrees>
          </Position>
          <AltitudeMeters>812.3</AltitudeMeters>
          <DistanceMeters>86167.6</DistanceMeters>
        </Trackpoint>
        <Trackpoint>
          <Time>2027-05-09T12:44:53Z</Time>
          <Position>
            <LatitudeDegrees>42.2925300</LatitudeDegrees>
            <LongitudeDegrees>-4.0995800</LongitudeDegrees>
          </Position>
          <AltitudeMeters>810.8</AltitudeMeters>
          <DistanceMeters>86224.4</DistanceMeters>
        </Trackpoint>
        <Trackpoint>
          <Time>2027-05-09T12:45:07Z</Time>
          <Position>
            <LatitudeDegrees>42.2922900</LatitudeDegrees>
            <LongitudeDegrees>-4.1001900</LongitudeDegrees>
          </Position>
          <AltitudeMeters>809.0</AltitudeMeters>
          <DistanceMeters>86281.2</DistanceMeters>
        </Trackpoint>
        <Trackpoint>
          <Time>2027-05-09T12:45:21Z</Time>
          <Position>
            <LatitudeDegrees>42.2920500</LatitudeDegrees>
            <LongitudeDegrees>-4.1008100</LongitudeDegrees>
          </Position>
          <AltitudeMeters>807.4</AltitudeMeters>
          <DistanceMeters>86338.8</DistanceMeters>
        </Trackpoint>
        <Trackpoint>
          <Time>2027-05-09T12:45:34Z</Time>
          <Position>
            <LatitudeDegrees>42.2918100</LatitudeDegrees>
            <LongitudeDegrees>-4.1014200</LongitudeDegrees>
          </Position>
          <AltitudeMeters>806.2</AltitudeMeters>
          <DistanceMeters>86395.6</DistanceMeters>
        </Trackpoint>
        <Trackpoint>
          <Time>2027-05-09T12:45:53Z</Time>
          <Position>
            <LatitudeDegrees>42.2915700</LatitudeDegrees>
            <LongitudeDegrees>-4.1022900</LongitudeDegrees>
          </Position>
          <AltitudeMeters>805.4</AltitudeMeters>
          <DistanceMeters>86472.0</DistanceMeters>
        </Trackpoint>
        <Trackpoint>
          <Time>2027-05-09T12:46:07Z</Time>
          <Position>
            <LatitudeDegrees>42.2915000</LatitudeDegrees>
            <LongitudeDegrees>-4.1029800</LongitudeDegrees>
          </Position>
          <AltitudeMeters>805.0</AltitudeMeters>
          <DistanceMeters>86529.3</DistanceMeters>
        </Trackpoint>
        <Trackpoint>
          <Time>2027-05-09T12:46:19Z</Time>
          <Position>
            <LatitudeDegrees>42.2915200</LatitudeDegrees>
            <LongitudeDegrees>-4.1036000</LongitudeDegrees>
          </Position>
          <AltitudeMeters>804.4</AltitudeMeters>
          <DistanceMeters>86580.3</DistanceMeters>
        </Trackpoint>
        <Trackpoint>
          <Time>2027-05-09T12:46:31Z</Time>
          <Position>
            <LatitudeDegrees>42.2915400</LatitudeDegrees>
            <LongitudeDegrees>-4.1042100</LongitudeDegrees>
          </Position>
          <AltitudeMeters>803.2</AltitudeMeters>
          <DistanceMeters>86630.5</DistanceMeters>
        </Trackpoint>
        <Trackpoint>
          <Time>2027-05-09T12:46:43Z</Time>
          <Position>
            <LatitudeDegrees>42.2915700</LatitudeDegrees>
            <LongitudeDegrees>-4.1048300</LongitudeDegrees>
          </Position>
          <AltitudeMeters>801.8</AltitudeMeters>
          <DistanceMeters>86681.6</DistanceMeters>
        </Trackpoint>
        <Trackpoint>
          <Time>2027-05-09T12:46:55Z</Time>
          <Position>
            <LatitudeDegrees>42.2915900</LatitudeDegrees>
            <LongitudeDegrees>-4.1054400</LongitudeDegrees>
          </Position>
          <AltitudeMeters>800.3</AltitudeMeters>
          <DistanceMeters>86731.9</DistanceMeters>
        </Trackpoint>
        <Trackpoint>
          <Time>2027-05-09T12:47:07Z</Time>
          <Position>
            <LatitudeDegrees>42.2916100</LatitudeDegrees>
            <LongitudeDegrees>-4.1060600</LongitudeDegrees>
          </Position>
          <AltitudeMeters>798.9</AltitudeMeters>
          <DistanceMeters>86782.9</DistanceMeters>
        </Trackpoint>
        <Trackpoint>
          <Time>2027-05-09T12:47:20Z</Time>
          <Position>
            <LatitudeDegrees>42.2916300</LatitudeDegrees>
            <LongitudeDegrees>-4.1066800</LongitudeDegrees>
          </Position>
          <AltitudeMeters>797.8</AltitudeMeters>
          <DistanceMeters>86834.0</DistanceMeters>
        </Trackpoint>
        <Trackpoint>
          <Time>2027-05-09T12:47:32Z</Time>
          <Position>
            <LatitudeDegrees>42.2916600</LatitudeDegrees>
            <LongitudeDegrees>-4.1072900</LongitudeDegrees>
          </Position>
          <AltitudeMeters>797.4</AltitudeMeters>
          <DistanceMeters>86884.3</DistanceMeters>
        </Trackpoint>
        <Trackpoint>
          <Time>2027-05-09T12:47:44Z</Time>
          <Position>
            <LatitudeDegrees>42.2916800</LatitudeDegrees>
            <LongitudeDegrees>-4.1079100</LongitudeDegrees>
          </Position>
          <AltitudeMeters>797.1</AltitudeMeters>
          <DistanceMeters>86935.3</DistanceMeters>
        </Trackpoint>
        <Trackpoint>
          <Time>2027-05-09T12:47:56Z</Time>
          <Position>
            <LatitudeDegrees>42.2917000</LatitudeDegrees>
            <LongitudeDegrees>-4.1085300</LongitudeDegrees>
          </Position>
          <AltitudeMeters>797.0</AltitudeMeters>
          <DistanceMeters>86986.3</DistanceMeters>
        </Trackpoint>
        <Trackpoint>
          <Time>2027-05-09T12:48:08Z</Time>
          <Position>
            <LatitudeDegrees>42.2917200</LatitudeDegrees>
            <LongitudeDegrees>-4.1091400</LongitudeDegrees>
          </Position>
          <AltitudeMeters>796.6</AltitudeMeters>
          <DistanceMeters>87036.6</DistanceMeters>
        </Trackpoint>
        <Trackpoint>
          <Time>2027-05-09T12:48:21Z</Time>
          <Position>
            <LatitudeDegrees>42.2917500</LatitudeDegrees>
            <LongitudeDegrees>-4.1097600</LongitudeDegrees>
          </Position>
          <AltitudeMeters>796.1</AltitudeMeters>
          <DistanceMeters>87087.7</DistanceMeters>
        </Trackpoint>
        <Trackpoint>
          <Time>2027-05-09T12:48:33Z</Time>
          <Position>
            <LatitudeDegrees>42.2917700</LatitudeDegrees>
            <LongitudeDegrees>-4.1103700</LongitudeDegrees>
          </Position>
          <AltitudeMeters>795.2</AltitudeMeters>
          <DistanceMeters>87137.9</DistanceMeters>
        </Trackpoint>
        <Trackpoint>
          <Time>2027-05-09T12:48:45Z</Time>
          <Position>
            <LatitudeDegrees>42.2917900</LatitudeDegrees>
            <LongitudeDegrees>-4.1109900</LongitudeDegrees>
          </Position>
          <AltitudeMeters>794.5</AltitudeMeters>
          <DistanceMeters>87188.9</DistanceMeters>
        </Trackpoint>
        <Trackpoint>
          <Time>2027-05-09T12:48:57Z</Time>
          <Position>
            <LatitudeDegrees>42.2918100</LatitudeDegrees>
            <LongitudeDegrees>-4.1116100</LongitudeDegrees>
          </Position>
          <AltitudeMeters>793.8</AltitudeMeters>
          <DistanceMeters>87240.0</DistanceMeters>
        </Trackpoint>
        <Trackpoint>
          <Time>2027-05-09T12:49:09Z</Time>
          <Position>
            <LatitudeDegrees>42.2918400</LatitudeDegrees>
            <LongitudeDegrees>-4.1122200</LongitudeDegrees>
          </Position>
          <AltitudeMeters>793.5</AltitudeMeters>
          <DistanceMeters>87290.3</DistanceMeters>
        </Trackpoint>
        <Trackpoint>
          <Time>2027-05-09T12:49:21Z</Time>
          <Position>
            <LatitudeDegrees>42.2918600</LatitudeDegrees>
            <LongitudeDegrees>-4.1128400</LongitudeDegrees>
          </Position>
          <AltitudeMeters>793.2</AltitudeMeters>
          <DistanceMeters>87341.3</DistanceMeters>
        </Trackpoint>
        <Trackpoint>
          <Time>2027-05-09T12:49:34Z</Time>
          <Position>
            <LatitudeDegrees>42.2918800</LatitudeDegrees>
            <LongitudeDegrees>-4.1134600</LongitudeDegrees>
          </Position>
          <AltitudeMeters>793.3</AltitudeMeters>
          <DistanceMeters>87392.4</DistanceMeters>
        </Trackpoint>
        <Trackpoint>
          <Time>2027-05-09T12:49:46Z</Time>
          <Position>
            <LatitudeDegrees>42.2919000</LatitudeDegrees>
            <LongitudeDegrees>-4.1140700</LongitudeDegrees>
          </Position>
          <AltitudeMeters>793.2</AltitudeMeters>
          <DistanceMeters>87442.6</DistanceMeters>
        </Trackpoint>
        <Trackpoint>
          <Time>2027-05-09T12:49:58Z</Time>
          <Position>
            <LatitudeDegrees>42.2919200</LatitudeDegrees>
            <LongitudeDegrees>-4.1146900</LongitudeDegrees>
          </Position>
          <AltitudeMeters>793.1</AltitudeMeters>
          <DistanceMeters>87493.6</DistanceMeters>
        </Trackpoint>
        <Trackpoint>
          <Time>2027-05-09T12:50:10Z</Time>
          <Position>
            <LatitudeDegrees>42.2919500</LatitudeDegrees>
            <LongitudeDegrees>-4.1153000</LongitudeDegrees>
          </Position>
          <AltitudeMeters>793.0</AltitudeMeters>
          <DistanceMeters>87543.9</DistanceMeters>
        </Trackpoint>
        <Trackpoint>
          <Time>2027-05-09T12:50:22Z</Time>
          <Position>
            <LatitudeDegrees>42.2919700</LatitudeDegrees>
            <LongitudeDegrees>-4.1159200</LongitudeDegrees>
          </Position>
          <AltitudeMeters>793.0</AltitudeMeters>
          <DistanceMeters>87595.0</DistanceMeters>
        </Trackpoint>
        <Trackpoint>
          <Time>2027-05-09T12:50:35Z</Time>
          <Position>
            <LatitudeDegrees>42.2919900</LatitudeDegrees>
            <LongitudeDegrees>-4.1165400</LongitudeDegrees>
          </Position>
          <AltitudeMeters>792.8</AltitudeMeters>
          <DistanceMeters>87646.0</DistanceMeters>
        </Trackpoint>
        <Trackpoint>
          <Time>2027-05-09T12:50:47Z</Time>
          <Position>
            <LatitudeDegrees>42.2920100</LatitudeDegrees>
            <LongitudeDegrees>-4.1171500</LongitudeDegrees>
          </Position>
          <AltitudeMeters>792.6</AltitudeMeters>
          <DistanceMeters>87696.2</DistanceMeters>
        </Trackpoint>
        <Trackpoint>
          <Time>2027-05-09T12:50:59Z</Time>
          <Position>
            <LatitudeDegrees>42.2920400</LatitudeDegrees>
            <LongitudeDegrees>-4.1177700</LongitudeDegrees>
          </Position>
          <AltitudeMeters>792.4</AltitudeMeters>
          <DistanceMeters>87747.3</DistanceMeters>
        </Trackpoint>
        <Trackpoint>
          <Time>2027-05-09T12:51:11Z</Time>
          <Position>
            <LatitudeDegrees>42.2920600</LatitudeDegrees>
            <LongitudeDegrees>-4.1183800</LongitudeDegrees>
          </Position>
          <AltitudeMeters>792.0</AltitudeMeters>
          <DistanceMeters>87797.6</DistanceMeters>
        </Trackpoint>
        <Trackpoint>
          <Time>2027-05-09T12:51:23Z</Time>
          <Position>
            <LatitudeDegrees>42.2920800</LatitudeDegrees>
            <LongitudeDegrees>-4.1190000</LongitudeDegrees>
          </Position>
          <AltitudeMeters>791.7</AltitudeMeters>
          <DistanceMeters>87848.6</DistanceMeters>
        </Trackpoint>
        <Trackpoint>
          <Time>2027-05-09T12:51:35Z</Time>
          <Position>
            <LatitudeDegrees>42.2921000</LatitudeDegrees>
            <LongitudeDegrees>-4.1196200</LongitudeDegrees>
          </Position>
          <AltitudeMeters>791.3</AltitudeMeters>
          <DistanceMeters>87899.7</DistanceMeters>
        </Trackpoint>
        <Trackpoint>
          <Time>2027-05-09T12:51:47Z</Time>
          <Position>
            <LatitudeDegrees>42.2921300</LatitudeDegrees>
            <LongitudeDegrees>-4.1202300</LongitudeDegrees>
          </Position>
          <AltitudeMeters>790.8</AltitudeMeters>
          <DistanceMeters>87949.9</DistanceMeters>
        </Trackpoint>
        <Trackpoint>
          <Time>2027-05-09T12:52:00Z</Time>
          <Position>
            <LatitudeDegrees>42.2921500</LatitudeDegrees>
            <LongitudeDegrees>-4.1208500</LongitudeDegrees>
          </Position>
          <AltitudeMeters>790.3</AltitudeMeters>
          <DistanceMeters>88001.0</DistanceMeters>
        </Trackpoint>
        <Trackpoint>
          <Time>2027-05-09T12:52:12Z</Time>
          <Position>
            <LatitudeDegrees>42.2921700</LatitudeDegrees>
            <LongitudeDegrees>-4.1214700</LongitudeDegrees>
          </Position>
          <AltitudeMeters>789.4</AltitudeMeters>
          <DistanceMeters>88052.0</DistanceMeters>
        </Trackpoint>
        <Trackpoint>
          <Time>2027-05-09T12:52:24Z</Time>
          <Position>
            <LatitudeDegrees>42.2921900</LatitudeDegrees>
            <LongitudeDegrees>-4.1220800</LongitudeDegrees>
          </Position>
          <AltitudeMeters>788.2</AltitudeMeters>
          <DistanceMeters>88102.3</DistanceMeters>
        </Trackpoint>
        <Trackpoint>
          <Time>2027-05-09T12:52:36Z</Time>
          <Position>
            <LatitudeDegrees>42.2922200</LatitudeDegrees>
            <LongitudeDegrees>-4.1227000</LongitudeDegrees>
          </Position>
          <AltitudeMeters>786.9</AltitudeMeters>
          <DistanceMeters>88153.4</DistanceMeters>
        </Trackpoint>
        <Trackpoint>
          <Time>2027-05-09T12:52:48Z</Time>
          <Position>
            <LatitudeDegrees>42.2922400</LatitudeDegrees>
            <LongitudeDegrees>-4.1233100</LongitudeDegrees>
          </Position>
          <AltitudeMeters>786.1</AltitudeMeters>
          <DistanceMeters>88203.6</DistanceMeters>
        </Trackpoint>
        <Trackpoint>
          <Time>2027-05-09T12:53:01Z</Time>
          <Position>
            <LatitudeDegrees>42.2922600</LatitudeDegrees>
            <LongitudeDegrees>-4.1239300</LongitudeDegrees>
          </Position>
          <AltitudeMeters>785.8</AltitudeMeters>
          <DistanceMeters>88254.6</DistanceMeters>
        </Trackpoint>
        <Trackpoint>
          <Time>2027-05-09T12:53:17Z</Time>
          <Position>
            <LatitudeDegrees>42.2921600</LatitudeDegrees>
            <LongitudeDegrees>-4.1247600</LongitudeDegrees>
          </Position>
          <AltitudeMeters>786.0</AltitudeMeters>
          <DistanceMeters>88323.8</DistanceMeters>
        </Trackpoint>
        <Trackpoint>
          <Time>2027-05-09T12:53:34Z</Time>
          <Position>
            <LatitudeDegrees>42.2920500</LatitudeDegrees>
            <LongitudeDegrees>-4.1255800</LongitudeDegrees>
          </Position>
          <AltitudeMeters>787.3</AltitudeMeters>
          <DistanceMeters>88392.4</DistanceMeters>
        </Trackpoint>
        <Trackpoint>
          <Time>2027-05-09T12:53:46Z</Time>
          <Position>
            <LatitudeDegrees>42.2920400</LatitudeDegrees>
            <LongitudeDegrees>-4.1262300</LongitudeDegrees>
          </Position>
          <AltitudeMeters>788.8</AltitudeMeters>
          <DistanceMeters>88445.8</DistanceMeters>
        </Trackpoint>
        <Trackpoint>
          <Time>2027-05-09T12:54:05Z</Time>
          <Position>
            <LatitudeDegrees>42.2921700</LatitudeDegrees>
            <LongitudeDegrees>-4.1271500</LongitudeDegrees>
          </Position>
          <AltitudeMeters>789.8</AltitudeMeters>
          <DistanceMeters>88522.9</DistanceMeters>
        </Trackpoint>
        <Trackpoint>
          <Time>2027-05-09T12:54:19Z</Time>
          <Position>
            <LatitudeDegrees>42.2921400</LatitudeDegrees>
            <LongitudeDegrees>-4.1278500</LongitudeDegrees>
          </Position>
          <AltitudeMeters>791.1</AltitudeMeters>
          <DistanceMeters>88580.5</DistanceMeters>
        </Trackpoint>
        <Trackpoint>
          <Time>2027-05-09T12:54:32Z</Time>
          <Position>
            <LatitudeDegrees>42.2921100</LatitudeDegrees>
            <LongitudeDegrees>-4.1285400</LongitudeDegrees>
          </Position>
          <AltitudeMeters>792.3</AltitudeMeters>
          <DistanceMeters>88637.4</DistanceMeters>
        </Trackpoint>
        <Trackpoint>
          <Time>2027-05-09T12:54:50Z</Time>
          <Position>
            <LatitudeDegrees>42.2923100</LatitudeDegrees>
            <LongitudeDegrees>-4.1293600</LongitudeDegrees>
          </Position>
          <AltitudeMeters>793.1</AltitudeMeters>
          <DistanceMeters>88708.4</DistanceMeters>
        </Trackpoint>
        <Trackpoint>
          <Time>2027-05-09T12:55:00Z</Time>
          <Position>
            <LatitudeDegrees>42.2923100</LatitudeDegrees>
            <LongitudeDegrees>-4.1299100</LongitudeDegrees>
          </Position>
          <AltitudeMeters>794.9</AltitudeMeters>
          <DistanceMeters>88753.7</DistanceMeters>
        </Trackpoint>
        <Trackpoint>
          <Time>2027-05-09T12:55:16Z</Time>
          <Position>
            <LatitudeDegrees>42.2923900</LatitudeDegrees>
            <LongitudeDegrees>-4.1307100</LongitudeDegrees>
          </Position>
          <AltitudeMeters>796.9</AltitudeMeters>
          <DistanceMeters>88820.1</DistanceMeters>
        </Trackpoint>
        <Trackpoint>
          <Time>2027-05-09T12:55:32Z</Time>
          <Position>
            <LatitudeDegrees>42.2924600</LatitudeDegrees>
            <LongitudeDegrees>-4.1315000</LongitudeDegrees>
          </Position>
          <AltitudeMeters>798.4</AltitudeMeters>
          <DistanceMeters>88885.5</DistanceMeters>
        </Trackpoint>
        <Trackpoint>
          <Time>2027-05-09T12:55:33Z</Time>
          <Position>
            <LatitudeDegrees>42.2924200</LatitudeDegrees>
            <LongitudeDegrees>-4.1314900</LongitudeDegrees>
          </Position>
          <AltitudeMeters>800.1</AltitudeMeters>
          <DistanceMeters>88890.0</DistanceMeters>
        </Trackpoint>
        <Trackpoint>
          <Time>2027-05-09T12:55:34Z</Time>
          <Position>
            <LatitudeDegrees>42.2924600</LatitudeDegrees>
            <LongitudeDegrees>-4.1315000</LongitudeDegrees>
          </Position>
          <AltitudeMeters>801.7</AltitudeMeters>
          <DistanceMeters>88894.6</DistanceMeters>
        </Trackpoint>
        <Trackpoint>
          <Time>2027-05-09T12:55:39Z</Time>
          <Position>
            <LatitudeDegrees>42.2924000</LatitudeDegrees>
            <LongitudeDegrees>-4.1317400</LongitudeDegrees>
          </Position>
          <AltitudeMeters>802.8</AltitudeMeters>
          <DistanceMeters>88915.4</DistanceMeters>
        </Trackpoint>
        <Trackpoint>
          <Time>2027-05-09T12:55:43Z</Time>
          <Position>
            <LatitudeDegrees>42.2922700</LatitudeDegrees>
            <LongitudeDegrees>-4.1318600</LongitudeDegrees>
          </Position>
          <AltitudeMeters>804.4</AltitudeMeters>
          <DistanceMeters>88932.9</DistanceMeters>
        </Trackpoint>
        <Trackpoint>
          <Time>2027-05-09T12:55:55Z</Time>
          <Position>
            <LatitudeDegrees>42.2918600</LatitudeDegrees>
            <LongitudeDegrees>-4.1320700</LongitudeDegrees>
          </Position>
          <AltitudeMeters>806.1</AltitudeMeters>
          <DistanceMeters>88981.6</DistanceMeters>
        </Trackpoint>
        <Trackpoint>
          <Time>2027-05-09T12:56:06Z</Time>
          <Position>
            <LatitudeDegrees>42.2915100</LatitudeDegrees>
            <LongitudeDegrees>-4.1323500</LongitudeDegrees>
          </Position>
          <AltitudeMeters>807.0</AltitudeMeters>
          <DistanceMeters>89026.9</DistanceMeters>
        </Trackpoint>
        <Trackpoint>
          <Time>2027-05-09T12:56:23Z</Time>
          <Position>
            <LatitudeDegrees>42.2909200</LatitudeDegrees>
            <LongitudeDegrees>-4.1326400</LongitudeDegrees>
          </Position>
          <AltitudeMeters>806.8</AltitudeMeters>
          <DistanceMeters>89096.7</DistanceMeters>
        </Trackpoint>
        <Trackpoint>
          <Time>2027-05-09T12:56:39Z</Time>
          <Position>
            <LatitudeDegrees>42.2903300</LatitudeDegrees>
            <LongitudeDegrees>-4.1329300</LongitudeDegrees>
          </Position>
          <AltitudeMeters>806.8</AltitudeMeters>
          <DistanceMeters>89166.5</DistanceMeters>
        </Trackpoint>
        <Trackpoint>
          <Time>2027-05-09T12:56:55Z</Time>
          <Position>
            <LatitudeDegrees>42.2898300</LatitudeDegrees>
            <LongitudeDegrees>-4.1333800</LongitudeDegrees>
          </Position>
          <AltitudeMeters>807.5</AltitudeMeters>
          <DistanceMeters>89233.3</DistanceMeters>
        </Trackpoint>
        <Trackpoint>
          <Time>2027-05-09T12:57:13Z</Time>
          <Position>
            <LatitudeDegrees>42.2893100</LatitudeDegrees>
            <LongitudeDegrees>-4.1339600</LongitudeDegrees>
          </Position>
          <AltitudeMeters>807.8</AltitudeMeters>
          <DistanceMeters>89308.2</DistanceMeters>
        </Trackpoint>
        <Trackpoint>
          <Time>2027-05-09T12:57:30Z</Time>
          <Position>
            <LatitudeDegrees>42.2889800</LatitudeDegrees>
            <LongitudeDegrees>-4.1346600</LongitudeDegrees>
          </Position>
          <AltitudeMeters>808.8</AltitudeMeters>
          <DistanceMeters>89376.5</DistanceMeters>
        </Trackpoint>
        <Trackpoint>
          <Time>2027-05-09T12:57:46Z</Time>
          <Position>
            <LatitudeDegrees>42.2886500</LatitudeDegrees>
            <LongitudeDegrees>-4.1353600</LongitudeDegrees>
          </Position>
          <AltitudeMeters>811.4</AltitudeMeters>
          <DistanceMeters>89444.8</DistanceMeters>
        </Trackpoint>
        <Trackpoint>
          <Time>2027-05-09T12:57:58Z</Time>
          <Position>
            <LatitudeDegrees>42.2885100</LatitudeDegrees>
            <LongitudeDegrees>-4.1359500</LongitudeDegrees>
          </Position>
          <AltitudeMeters>813.6</AltitudeMeters>
          <DistanceMeters>89495.8</DistanceMeters>
        </Trackpoint>
        <Trackpoint>
          <Time>2027-05-09T12:58:11Z</Time>
          <Position>
            <LatitudeDegrees>42.2883700</LatitudeDegrees>
            <LongitudeDegrees>-4.1365300</LongitudeDegrees>
          </Position>
          <AltitudeMeters>814.0</AltitudeMeters>
          <DistanceMeters>89545.9</DistanceMeters>
        </Trackpoint>
        <Trackpoint>
          <Time>2027-05-09T12:58:23Z</Time>
          <Position>
            <LatitudeDegrees>42.2882400</LatitudeDegrees>
            <LongitudeDegrees>-4.1371200</LongitudeDegrees>
          </Position>
          <AltitudeMeters>814.1</AltitudeMeters>
          <DistanceMeters>89596.6</DistanceMeters>
        </Trackpoint>
        <Trackpoint>
          <Time>2027-05-09T12:58:35Z</Time>
          <Position>
            <LatitudeDegrees>42.2881000</LatitudeDegrees>
            <LongitudeDegrees>-4.1377000</LongitudeDegrees>
          </Position>
          <AltitudeMeters>814.0</AltitudeMeters>
          <DistanceMeters>89646.8</DistanceMeters>
        </Trackpoint>
        <Trackpoint>
          <Time>2027-05-09T12:58:47Z</Time>
          <Position>
            <LatitudeDegrees>42.2879600</LatitudeDegrees>
            <LongitudeDegrees>-4.1382900</LongitudeDegrees>
          </Position>
          <AltitudeMeters>813.7</AltitudeMeters>
          <DistanceMeters>89697.7</DistanceMeters>
        </Trackpoint>
        <Trackpoint>
          <Time>2027-05-09T12:58:54Z</Time>
          <Position>
            <LatitudeDegrees>42.2879900</LatitudeDegrees>
            <LongitudeDegrees>-4.1386400</LongitudeDegrees>
          </Position>
          <AltitudeMeters>812.7</AltitudeMeters>
          <DistanceMeters>89726.7</DistanceMeters>
        </Trackpoint>
        <Trackpoint>
          <Time>2027-05-09T12:59:08Z</Time>
          <Position>
            <LatitudeDegrees>42.2881700</LatitudeDegrees>
            <LongitudeDegrees>-4.1393200</LongitudeDegrees>
          </Position>
          <AltitudeMeters>812.3</AltitudeMeters>
          <DistanceMeters>89786.1</DistanceMeters>
        </Trackpoint>
        <Trackpoint>
          <Time>2027-05-09T12:59:17Z</Time>
          <Position>
            <LatitudeDegrees>42.2881900</LatitudeDegrees>
            <LongitudeDegrees>-4.1397700</LongitudeDegrees>
          </Position>
          <AltitudeMeters>812.3</AltitudeMeters>
          <DistanceMeters>89823.2</DistanceMeters>
        </Trackpoint>
        <Trackpoint>
          <Time>2027-05-09T12:59:30Z</Time>
          <Position>
            <LatitudeDegrees>42.2884700</LatitudeDegrees>
            <LongitudeDegrees>-4.1403000</LongitudeDegrees>
          </Position>
          <AltitudeMeters>812.3</AltitudeMeters>
          <DistanceMeters>89876.8</DistanceMeters>
        </Trackpoint>
        <Trackpoint>
          <Time>2027-05-09T12:59:43Z</Time>
          <Position>
            <LatitudeDegrees>42.2887500</LatitudeDegrees>
            <LongitudeDegrees>-4.1408400</LongitudeDegrees>
          </Position>
          <AltitudeMeters>811.9</AltitudeMeters>
          <DistanceMeters>89931.0</DistanceMeters>
        </Trackpoint>
        <Trackpoint>
          <Time>2027-05-09T12:59:56Z</Time>
          <Position>
            <LatitudeDegrees>42.2890200</LatitudeDegrees>
            <LongitudeDegrees>-4.1413700</LongitudeDegrees>
          </Position>
          <AltitudeMeters>811.7</AltitudeMeters>
          <DistanceMeters>89984.0</DistanceMeters>
        </Trackpoint>
        <Trackpoint>
          <Time>2027-05-09T13:00:09Z</Time>
          <Position>
            <LatitudeDegrees>42.2893000</LatitudeDegrees>
            <LongitudeDegrees>-4.1419000</LongitudeDegrees>
          </Position>
          <AltitudeMeters>811.3</AltitudeMeters>
          <DistanceMeters>90037.5</DistanceMeters>
        </Trackpoint>
      </Track>
      <CoursePoint>
        <Name>C. Mayor 1</Name>
        <Time>2027-05-09T07:25:22Z</Time>
        <Position>
          <LatitudeDegrees>42.4045900</LatitudeDegrees>
          <LongitudeDegrees>-3.2614900</LongitudeDegrees>
        </Position>
        <PointType>Generic</PointType>
        <Notes>Albergue de peregrinos San Roque C. Mayor 1, Villambistia Â·</Notes>
      </CoursePoint>
      <CoursePoint>
        <Name>c/ Barruel</Name>
        <Time>2027-05-09T07:31:31Z</Time>
        <Position>
          <LatitudeDegrees>42.4054900</LatitudeDegrees>
          <LongitudeDegrees>-3.2795700</LongitudeDegrees>
        </Position>
        <PointType>Food</PointType>
        <Notes>La Taberna de Espinosa c/ Barruelo 17, Espinosa del Camino Â</Notes>
      </CoursePoint>
      <CoursePoint>
        <Name>산 후안 데 오르테</Name>
        <Time>2027-05-09T08:33:19Z</Time>
        <Position>
          <LatitudeDegrees>42.3757500</LatitudeDegrees>
          <LongitudeDegrees>-3.4359900</LongitudeDegrees>
        </Position>
        <PointType>Generic</PointType>
        <Notes>Iglesia de San Juan de Ortega 산 후안 데 오르테가 성당</Notes>
      </CoursePoint>
      <CoursePoint>
        <Name>부르고스 마요르 광</Name>
        <Time>2027-05-09T10:18:01Z</Time>
        <Position>
          <LatitudeDegrees>42.3416300</LatitudeDegrees>
          <LongitudeDegrees>-3.7042000</LongitudeDegrees>
        </Position>
        <PointType>Generic</PointType>
        <Notes>Plaza Mayor de Burgos 부르고스 마요르 광장</Notes>
      </CoursePoint>
      <CoursePoint>
        <Name>부르고스 대성당</Name>
        <Time>2027-05-09T10:18:22Z</Time>
        <Position>
          <LatitudeDegrees>42.3409900</LatitudeDegrees>
          <LongitudeDegrees>-3.7047600</LongitudeDegrees>
        </Position>
        <PointType>Generic</PointType>
        <Notes>Catedral de Santa Maria de Burgos 부르고스 대성당</Notes>
      </CoursePoint>
      <CoursePoint>
        <Name>C. Asunció</Name>
        <Time>2027-05-09T11:01:13Z</Time>
        <Position>
          <LatitudeDegrees>42.3486400</LatitudeDegrees>
          <LongitudeDegrees>-3.8165400</LongitudeDegrees>
        </Position>
        <PointType>Generic</PointType>
        <Notes>Albergue municipal de peregrinos de Tardajos C. Asunción, Ta</Notes>
      </CoursePoint>
      <CoursePoint>
        <Name>Convento S</Name>
        <Time>2027-05-09T12:44:40Z</Time>
        <Position>
          <LatitudeDegrees>42.2927700</LatitudeDegrees>
          <LongitudeDegrees>-4.0989700</LongitudeDegrees>
        </Position>
        <PointType>Generic</PointType>
        <Notes>Monasterio de San Anton Convento San Anton, Castrojeriz</Notes>
      </CoursePoint>
      <CoursePoint>
        <Name>산 안톤 수도원 유</Name>
        <Time>2027-05-09T12:44:40Z</Time>
        <Position>
          <LatitudeDegrees>42.2927700</LatitudeDegrees>
          <LongitudeDegrees>-4.0989700</LongitudeDegrees>
        </Position>
        <PointType>Generic</PointType>
        <Notes>Convento de San Anton 산 안톤 수도원 유적</Notes>
      </CoursePoint>
      <CoursePoint>
        <Name>Av. De la </Name>
        <Time>2027-05-09T12:55:00Z</Time>
        <Position>
          <LatitudeDegrees>42.2923100</LatitudeDegrees>
          <LongitudeDegrees>-4.1299100</LongitudeDegrees>
        </Position>
        <PointType>Generic</PointType>
        <Notes>Albergue Orión Av. De la Colegiata 28, Castrojeriz Â· Tel +3</Notes>
      </CoursePoint>
      <CoursePoint>
        <Name>카스트로헤리스 산토</Name>
        <Time>2027-05-09T12:57:46Z</Time>
        <Position>
          <LatitudeDegrees>42.2886500</LatitudeDegrees>
          <LongitudeDegrees>-4.1353600</LongitudeDegrees>
        </Position>
        <PointType>Generic</PointType>
        <Notes>Iglesia de Santo Domingo, Castrojeriz 카스트로헤리스 산토 도밍고 성당</Notes>
      </CoursePoint>
    </Course>
  </Courses>
</TrainingCenterDatabase>