<?xml version='1.0' encoding='utf-8'?>
<gpx xmlns="http://www.topografix.com/GPX/1/1" version="1.1" creator="add_waypoints.py">
  <metadata>
    <name>Camino day04</name>
  </metadata>
  <wpt lat="42.4298110" lon="-2.5619607">
    <name>Albergue municipal de peregrinos de Navarette</name>
    <desc>C. San Juan 2 | Navarrete | Tel: +34 941 440 722 | Website | E-mail | Type: Gemeentelijk onderkomen | Soort LO: L | Prijs: €10 PP/PN | Extra info: Keuken - Magnetron - Wasmachine en droger - Credential | Dieren: Niet bekend | Incorrecte informatie? | Accommodation Type: Municipal | Lodging: B | Price: €10 PP/PN | Extra info: Kitchen - Microwave - Washer and dryer - Credential | Animals: Not known | Incorrect information?</desc>
    <sym>Flag, Red</sym>
  </wpt>
  <wpt lat="42.4291999" lon="-2.5628934">
    <name>Albergue El Refugio Navarrete</name>
    <desc>c/ Abadía 1 | Navarrete | Tel: +34 647 061 714 | Website | E-mail | Type: Pelgrims herberg | Soort LO: L | Prijs: €15 PP/PN | Extra info: Wasmachine en droger - Ontbijt - Diner - Bar Restaurant - Fietsenberging | Dieren: Ja | Incorrecte informatie? | Accommodation Type: Albergue | Lodging: B | Price: €15 PP/PN | Extra info: Washer and dryer - Breakfast - Dinner - Bar Restaurant - Bicycle Storage | Animals: Yes | Incorrect information?</desc>
    <sym>Flag, Red</sym>
  </wpt>
  <wpt lat="42.4290363" lon="-2.5613611">
    <name>Albergue Buen Camino</name>
    <desc>c/ La Cruz 2 | Navarrete | Tel: +34 681 252 222 | Type: Pelgrims herberg | Soort LO: L | Prijs: €12 PP/PN | Extra info: Ook privékamers - Keuken - Magnetron - Wasmachine - Ontbjt - Fietsenberging | Dieren: Niet bekend | Incorrecte informatie? | Accommodation Type: Albergue | Lodging: B | Price: €12 PP/PN | Extra info: Also private rooms - Kitchen - Microwave - Washing machine - Breakfast - Bicycle shed | Animals: Not known | Incorrect information?</desc>
    <sym>Flag, Red</sym>
  </wpt>
  <wpt lat="42.4311828" lon="-2.5597017">
    <name>La Casa del Peregrino ángel</name>
    <desc>C. Las Huertas 3 | Navarrete | Tel: +34 630 982 928 | Website | E-mail | Type: Pelgrims herberg | Soort LO: L | Prijs: €15 PP/PN | Extra info: Ook privékamers - Keuken - Magnetron - Wasmachine en droger - Credential beschikbaar - Ontbijt Gezamenlijk diner typische Rioja regionale gerecht met wijn - Geen kookfaciliteiten - Gesloten van november tot maart - Eigenaar heeft de camino zelf een aantal keren gedaan - Fietsenberging | Dieren: Toegestaan | Taal: ES EN FR IT | Incorrecte informatie? | Accommodation Type: Albergue | Lodging: B | Price: €15 PP/PN | Extra info: Also private rooms - Kitchen - Microwave - Washer and dryer - Credential available - Breakfast Joint dinner typical Rioja regional dish with wine - No cooking facilities - Closed from November to March - Owner has done the camino himself several times - Bike storage | Animals: Allowed | Languages spoken: ES EN FR IT | Incorrect information?</desc>
    <sym>Flag, Red</sym>
  </wpt>
  <wpt lat="42.4318312" lon="-2.5581408">
    <name>Albergue Ikigai</name>
    <desc>Ctra. De Burgos 9 | Navarrete | Tel: +34 676 446 815 | Website | E-mail | Type: Pelgrims herberg | Soort LO: L | Prijs: €15 PP/PN | Extra info: Ook privékamers - Wasmachine en droger - Ontbijt - Diner - Bar Restaurant - Fietsenberging | Dieren: Niet bekend | Taal: ES EN FR PT IT | Incorrecte informatie? | Accommodation Type: Albergue | Lodging: B | Price: €15 PP/PN | Extra info: Also private rooms - Washer and dryer - Breakfast - Dinner - Bar Restaurant - Bicycle Storage | Animals: Not known | Languages spoken: ES EN FR PT IT | Incorrect information?</desc>
    <sym>Flag, Red</sym>
  </wpt>
  <wpt lat="42.4303994" lon="-2.5639404">
    <name>Albergue El Cántaro</name>
    <desc>c/ Herrerías 16 | Navarrete | Tel: +34 629 942 691  | Tel:  +34 941 441 180 | Website | E-mail | Type: Pelgrims herberg | Soort LO: L | Prijs: €12 PP/PN | Extra info: Ook privékamers - Keuken - Magnetron - Wasmachine en droger - Ontbijt - Fietsenberging | Dieren: Niet bekend | Incorrecte informatie? | Accommodation Type: Albergue | Lodging: B | Price: €12 PP/PN | Extra info: Also private rooms - Kitchen - Microwave - Washer and dryer - Breakfast - Bicycle shed | Animals: Not known | Incorrect information?</desc>
    <sym>Flag, Red</sym>
  </wpt>
  <wpt lat="42.4298059" lon="-2.5689903">
    <name>A la Sombra del Laurel</name>
    <desc>c/ de Burgos 52 | Navarrete | Tel: +34 639 861 110 | Website | E-mail | Type: Pelgrims herberg | Soort LO: L | Prijs: €30 PP/PN | Extra info: Ook privékamers - Wasmachine en droger - Credential - Ontbijt - Diner - Bar Cafetaria - Fietsenberging | Dieren: Toegestaan | Incorrecte informatie? | Accommodation Type: Albergue | Lodging: B | Price: €30 PP/PN | Extra info: Also private rooms - Washer and dryer - Credential - Breakfast - Dinner - Bar Cafeteria - Bicycle Storage | Animals: Allowed | Incorrect information?</desc>
    <sym>Flag, Red</sym>
  </wpt>
  <wpt lat="42.4182308" lon="-2.7257088">
    <name>Albergue El Peregrino</name>
    <desc>c/ San Fernando 90 | Nájera | Tel: +34 613 251 499  | Tel:  +34 604 932 223 | E-mail | Type: Pelgrims herberg | Soort LO: L | Prijs: €12 PP/PN | Extra info: Keuken - Diner - Ontbijt - Wasmachine en droger | Dieren: Niet bekend | Incorrecte informatie? | Accommodation Type: Albergue | Lodging: B | Price: €12 PP/PN | Extra info: Kitchen - Dinner - Breakfast - Washer and dryer | Animals: Not known | Incorrect information?</desc>
    <sym>Flag, Red</sym>
  </wpt>
  <wpt lat="42.4180794" lon="-2.7351354">
    <name>Albergue Nido de Cigueña</name>
    <desc>c/ Cuarta San Miguel 4 | Nájera | Tel: +34 611 095 191 | Website | E-mail | Type: Pelgrims herberg | Soort LO: L | Prijs: €15 PP/PN | Extra info: Keuken - Magnetron - Wasmachine en droger - Geen eten geserveerd - Er zijn kookfaciliteiten - Restaurant in de buurt - Gesloten van oktober tot april - Fietsenberging | Dieren: Nee | Taal: ES EN RU | Incorrecte informatie? | Accommodation Type: Albergue | Lodging: B | Price: €15 PP/PN | Extra info: Kitchen - Microwave - Washer and dryer - No food served - There are cooking facilities - Restaurant nearby - Closed from October to April - Bicycle storage room | Animals: No | Languages spoken: ES EN RU | Incorrect information?</desc>
    <sym>Flag, Red</sym>
  </wpt>
  <wpt lat="42.4150514" lon="-2.7342776">
    <name>Albergue de peregrinos de Nájera</name>
    <desc>Plaza de Santiago | Nájera | Tel: +34 941 095 730 | Type: Pelgrims herberg | Soort LO: L | Prijs: €6 PP/PN | Extra info: Keuken - Magnetron - Wasmachine en droger - Fietsenberging | Dieren: Niet bekend | Incorrecte informatie? | Accommodation Type: Albergue | Lodging: B | Price: €6 PP/PN | Extra info: Kitchen - Microwave - Washer and dryer - Bicycle storage. | Animals: Not known | Incorrect information?</desc>
    <sym>Flag, Red</sym>
  </wpt>
  <wpt lat="42.4155685" lon="-2.7350031">
    <name>Sancho III - La Judería</name>
    <desc>c/ San Marcial 5 | Nájera | Tel: +34 941 361 138  | Tel:  +34 630 864 148 | Website | E-mail | Type: Pelgrims herberg | Soort LO: L | Prijs: €13 PP/PN | Extra info: Ook privékamers - Magnetron - Diner - Bar Restaurant - Fietsenberging | Dieren: Niet bekend | Incorrecte informatie? | Accommodation Type: Albergue | Lodging: B | Price: €13 PP/PN | Extra info: Also private rooms - Microwave - Dinner - Bar Restaurant - Bicycle Storage | Animals: Not known | Incorrect information?</desc>
    <sym>Flag, Red</sym>
  </wpt>
  <wpt lat="42.4159065" lon="-2.7379486">
    <name>Albergue Las Peñas</name>
    <desc>C. Costanilla 56 | Nájera | Tel: +34 621 209 432  | Tel:  +34 621 209 410 | E-mail | Type: Pelgrims herberg | Soort LO: L | Prijs: €15 PP/PN | Extra info: Wasmachine - Ontbijt - Fietsenberging | Dieren: Toegestaan | Incorrecte informatie? | Accommodation Type: Albergue | Lodging: B | Price: €15 PP/PN | Extra info: Washing machine - Breakfast - Bicycle storage | Animals: Allowed | Incorrect information?</desc>
    <sym>Flag, Red</sym>
  </wpt>
  <wpt lat="42.4249861" lon="-2.8005000">
    <name>Albergue de peregrinos de Azofra</name>
    <desc>C. Las Parras 7 | Azofra | Tel: +34 941 379 325 | Website | E-mail | Type: Pelgrims herberg | Soort LO: L | Prijs: €16 PP/PN | Extra info: Keuken - Magnetron - Wasmachine en droger - Credential - Fietsenberging | Dieren: Niet bekend | Incorrecte informatie? | Accommodation Type: Albergue | Lodging: B | Price: €16 PP/PN | Extra info: Kitchen - Microwave - Washer and dryer - Credential - Bicycle storage. | Animals: Not known | Incorrect information?</desc>
    <sym>Flag, Red</sym>
  </wpt>
  <wpt lat="42.4127437" lon="-2.8942996">
    <name>Albergue Virgen de Guadalupe</name>
    <desc>c/ Barrio Alto 1 | Cirueña | Tel: +34 638 924 069 | Website | E-mail | Type: Pelgrims herberg | Soort LO: L | Prijs: €15 PP/PN | Extra info: Wasmachine en droger - Tweepersoonskamer - Diner Ontbijt - Fietsenberging | Dieren: Niet bekend | Incorrecte informatie? | Accommodation Type: Albergue | Lodging: B | Price: €15 PP/PN | Extra info: Washer and dryer - Double room - Dinner Breakfast - Bicycle storage | Animals: Not known | Incorrect information?</desc>
    <sym>Flag, Red</sym>
  </wpt>
  <wpt lat="42.4101580" lon="-2.8946415">
    <name>Albergue Victoria</name>
    <desc>Prado San Andres 10 | Cirueña | Tel: +34 941 426 105  | Tel:  +34 628 983 351 | E-mail | Type: Hostel | Soort LO: L | Prijs: €14 PP/PN | Extra info: Keuken - Magnetron - Wasmachine en droger - Diner - Ontbijt - Fietsenberging | Dieren: Niet bekend | Incorrecte informatie? | Accommodation Type: Hostel | Lodging: B | Price: €14 PP/PN | Extra info: Kitchen - Microwave - Washer and dryer - Dinner - Breakfast - Bicycle storage. | Animals: Not known | Incorrect information?</desc>
    <sym>Flag, Red</sym>
  </wpt>
  <wpt lat="42.4398544" lon="-2.9508944">
    <name>Abadia Cicterciense</name>
    <desc>c/ Mayor 29 | Santo Domingo de la Calzada | Tel: +34 941 340 700 | Website | E-mail | Type: Kerkelijk onderkomen | Soort LO: L | Prijs: €13 PP/PN | Extra info: Keuken - Magnetron - Ontbijt - Diner - Pelgrimsdienst - Dagelijks kantoor in de kloosterkerk - Fietsenberging | Dieren: Niet bekend | Incorrecte informatie? | Accommodation Type: Church shelter | Lodging: B | Price: €13 PP/PN | Extra info: Kitchen - Microwave - Breakfast - Dinner - Pilgrim service - Daily office in the monastery church - Bicycle storage room | Animals: Not known | Incorrect information?</desc>
    <sym>Flag, Red</sym>
  </wpt>
  <wpt lat="42.4408839" lon="-2.9524972">
    <name>Albergue de la Cofradía del Santo</name>
    <desc>C. Mayor 38-42 | Santo Domingo de la Calzada | Tel: +34 941 343 390 | Website | E-mail | Type: Pelgrims herberg | Soort LO: L | Prijs: €13 PP/PN | Extra info: Keuken - Magnetron - Wasmachine en droger - Credential | Dieren: Toegestaan | Incorrecte informatie? | Accommodation Type: Albergue | Lodging: B | Price: €13 PP/PN | Extra info: Kitchen - Microwave - Washer and dryer - Credential | Animals: Allowed | Incorrect information?</desc>
    <sym>Flag, Red</sym>
  </wpt>
  <wpt lat="42.4503960" lon="-3.0269700">
    <name>Albergue parroquial San Juan Bautista</name>
    <desc>Plaza de la Iglesia 8 | Grañón | Tel: +34 633 915 800 | Website | Type: Kerkelijk onderkomen | Soort LO: L | Prijs: Donativo  | Extra info: Keuken - Ontbijt Donativo - Diner Donativo - Pelgrims service - Fietsenberging | Dieren: Niet bekend | Incorrecte informatie? | Accommodation Type: Church shelter | Lodging: B | Price: Donativo  | Extra info: Kitchen - Breakfast Donativo - Dinner Donativo - Pilgrims service - Bicycle storage. | Animals: Not known | Incorrect information?</desc>
    <sym>Flag, Red</sym>
  </wpt>
  <wpt lat="42.4502398" lon="-3.0277885">
    <name>Casa de Las Sonrisas</name>
    <desc>c/ Mayor 16 | Grañón | Tel: +34 687 877 891  | Tel:  +34 630 823 767 | Website | E-mail | Type: Pelgrims herberg | Soort LO: L | Prijs: Donativo  | Extra info: Magnetron - Ontbijt - Diner - Fietsenberging | Dieren: Niet bekend | Incorrecte informatie? | Accommodation Type: Albergue | Lodging: B | Price: Donativo  | Extra info: Microwave - Breakfast - Dinner - Bicycle storage | Animals: Not known | Incorrect information?</desc>
    <sym>Flag, Red</sym>
  </wpt>
  <wpt lat="42.4469898" lon="-3.0259255">
    <name>Residencial El Cuartel</name>
    <desc>Ermita 3 | Grañón | Tel: +34 627 341 907 | Website | Type: Pelgrims herberg | Soort LO: L | Prijs: €36 P2P/PN | Extra info: Ook privékamers | Dieren: Niet bekend | Incorrecte informatie? | Accommodation Type: Albergue | Lodging: B | Price: €36 P2P/PN | Extra info: Also private rooms | Animals: Not known | Incorrect information?</desc>
    <sym>Flag, Red</sym>
  </wpt>
  <wpt lat="42.4384589" lon="-3.0643242">
    <name>Albergue Essentia</name>
    <desc>C/Mayor 34 | Redecilla del Camino | Tel: +34 606 046 298 | Website | E-mail | Type: Pelgrims herberg | Soort LO: L | Prijs: €12 PP/PN | Extra info: Wasmachine en droger - Ontbijt - Meal - gesloten van 1 november tot 1 maart - Fietsenberging | Dieren: Toegestaan | Taal: ES FR EN | Incorrecte informatie? | Accommodation Type: Albergue | Lodging: B | Price: €12 PP/PN | Extra info: Washer and dryer - Breakfast - Meal - Closed from November 1 to March 1 - Bicycle shed | Animals: Allowed | Languages spoken: ES FR EN | Incorrect information?</desc>
    <sym>Flag, Red</sym>
  </wpt>
  <wpt lat="42.4382699" lon="-3.0647636">
    <name>Albergue de peregrinos San Lázaro</name>
    <desc>C. Mayor 24 | Redecilla del Camino | Tel: +34 947 585 221  | Tel:  +34 947 580 283  | Tel:  +34 686 563 548 | Website | Type: Pelgrims herberg | Soort LO: L | Prijs: €6 PP/PN | Extra info: Keuken - Magnetron - Wasmachine en droger - Bar restaurant - Ontbijt - Diner - Fietsenberging | Dieren: Niet bekend | Incorrecte informatie? | Accommodation Type: Albergue | Lodging: B | Price: €6 PP/PN | Extra info: Kitchen - Microwave - Washer and dryer - Bar restaurant - Breakfast - Dinner - Bicycle storage. | Animals: Not known | Incorrect information?</desc>
    <sym>Flag, Red</sym>
  </wpt>
  <wpt lat="42.4369400" lon="-3.0828100">
    <name>Albergue Bideluze</name>
    <desc>c/ Mayor 8 | Castildelgado | Tel: +34 616 647 115 | Website | E-mail | Type: Pelgrims herberg | Soort LO: L | Prijs: 16 PP/PN | Extra info: Ook privékamers - Wasmachine en droger - Vegetarisch/Vegan diner €14 - Ontbijt €5 - Open 20-3 /15-10 - Er is ruimte voor fietsen | Dieren: Toegestaan | Incorrecte informatie? | Accommodation Type: Albergue | Lodging: B | Price: €16 PP/PN | Animals: Allowed | Incorrect information?</desc>
    <sym>Flag, Red</sym>
  </wpt>
  <wpt lat="42.4312070" lon="-3.1340440">
    <name>Albergue San Luis de Francia</name>
    <desc>Ctra. De Quintanilla s/n | Villamayor del Rio | Tel: +34 947 580 566  | Tel:  +34 659 967 967 | E-mail | Type: Pelgrims herberg | Soort LO: L | Prijs: €5 PP/PN | Extra info: Wasmachine en droger - Ontbijt - Diner - Fietsenberging | Dieren: Niet bekend | Incorrecte informatie? | Accommodation Type: Albergue | Lodging: B | Price: €5 PP/PN | Extra info: Washer and dryer - Breakfast - Dinner - Bicycle storage | Animals: Not known | Incorrect information?</desc>
    <sym>Flag, Red</sym>
  </wpt>
  <wpt lat="42.4181233" lon="-3.1831141">
    <name>Albergue A Santiago</name>
    <desc>Camino Los Paules s/n | Belorado | Tel: +34 677 811 847  | Tel:  +34 947 562 164 | Website | E-mail | Type: Pelgrims herberg | Soort LO: L | Prijs: €12 PP/PN | Dieren: Niet bekend | Incorrecte informatie? | Accommodation Type: Albergue | Lodging: B | Price: €12 PP/PN | Animals: Not known | Incorrect information?</desc>
    <sym>Flag, Red</sym>
  </wpt>
  <wpt lat="42.4205977" lon="-3.1883984">
    <name>Albergue Parochial</name>
    <desc>C. El Corro 1 | Belorado | Tel: +34 947 580 085 | Type: Kerkelijk onderkomen | Soort LO: L | Prijs: Donativo (minimaal €10)  | Extra info: Keuken - Ontbijt donativo - Fietsenberging | Dieren: Niet bekend | Incorrecte informatie? | Accommodation Type: Church shelter | Lodging: B | Price: Donativo (minimum €10)  | Extra info: Kitchen - Breakfast donativo - Bicycle storage | Animals: Not known | Incorrect information?</desc>
    <sym>Flag, Red</sym>
  </wpt>
  <wpt lat="42.4206554" lon="-3.1891678">
    <name>Albergue El Caminante</name>
    <desc>c/ Mayor 36 | Belorado | Tel: +34 656 873 927 | Website | E-mail | Type: Pelgrims herberg | Soort LO: L | Prijs: €6 PP/PN | Extra info: Ook privékamers - Magnetron - Wasmachine en droger - Ontbijt - Diner - Bar-restaurant - Fietsenberging | Dieren: Niet bekend | Incorrecte informatie? | Accommodation Type: Albergue | Lodging: B | Price: €6 PP/PN | Extra info: Also private rooms - Microwave - Washer and dryer - Breakfast - Dinner - Bar-restaurant - Bicycle storage | Animals: Not known | Incorrect information?</desc>
    <sym>Flag, Red</sym>
  </wpt>
  <wpt lat="42.4211791" lon="-3.1906954">
    <name>Albergue Cuatro Cantones</name>
    <desc>c/ Hipólito López Bernal 10 | Belorado | Tel: +34 947 580 591  | Tel:  +34 686 906 492 | Website | E-mail | Type: Pelgrims herberg | Soort LO: L | Prijs: €12 PP/PN | Extra info: Keuken - Magnetron - Wasmachine en droger - Ontbijt - Diner - credential - Fietsenberging - Massage - Zwembad | Dieren: Toegestaan | Incorrecte informatie? | Accommodation Type: Albergue | Lodging: B | Price: €12 PP/PN | Extra info: Kitchen - Microwave - Washer and dryer - Breakfast - Dinner - Credential - Bicycle storage - Massage - Swimming pool | Animals: Allowed | Incorrect information?</desc>
    <sym>Flag, Red</sym>
  </wpt>
  <trk>
    <name>Camino day04</name>
    <trkseg>
      <trkpt lat="42.4296500" lon="-2.5623200">
        <ele>516.2</ele>
      </trkpt>
      <trkpt lat="42.4303700" lon="-2.5628300">
        <ele>516.9</ele>
      </trkpt>
      <trkpt lat="42.4303600" lon="-2.5628700">
        <ele>516.2</ele>
      </trkpt>
      <trkpt lat="42.4308100" lon="-2.5630700">
        <ele>514.5</ele>
      </trkpt>
      <trkpt lat="42.4307800" lon="-2.5636800">
        <ele>511.5</ele>
      </trkpt>
      <trkpt lat="42.4307400" lon="-2.5642900">
        <ele>508.3</ele>
      </trkpt>
      <trkpt lat="42.4306300" lon="-2.5649400">
        <ele>505.1</ele>
      </trkpt>
      <trkpt lat="42.4305200" lon="-2.5655800">
        <ele>503.4</ele>
      </trkpt>
      <trkpt lat="42.4304100" lon="-2.5662300">
        <ele>502.8</ele>
      </trkpt>
      <trkpt lat="42.4302900" lon="-2.5668800">
        <ele>502.9</ele>
      </trkpt>
      <trkpt lat="42.4301800" lon="-2.5675200">
        <ele>503.5</ele>
      </trkpt>
      <trkpt lat="42.4300700" lon="-2.5681700">
        <ele>504.3</ele>
      </trkpt>
      <trkpt lat="42.4298100" lon="-2.5687200">
        <ele>504.9</ele>
      </trkpt>
      <trkpt lat="42.4295500" lon="-2.5692700">
        <ele>505.2</ele>
      </trkpt>
      <trkpt lat="42.4293000" lon="-2.5698100">
        <ele>505.6</ele>
      </trkpt>
      <trkpt lat="42.4290400" lon="-2.5703600">
        <ele>506.0</ele>
      </trkpt>
      <trkpt lat="42.4287800" lon="-2.5709100">
        <ele>506.1</ele>
      </trkpt>
      <trkpt lat="42.4285200" lon="-2.5714600">
        <ele>506.0</ele>
      </trkpt>
      <trkpt lat="42.4282600" lon="-2.5720100">
        <ele>506.1</ele>
      </trkpt>
      <trkpt lat="42.4280100" lon="-2.5725500">
        <ele>506.5</ele>
      </trkpt>
      <trkpt lat="42.4277500" lon="-2.5731000">
        <ele>507.1</ele>
      </trkpt>
      <trkpt lat="42.4274900" lon="-2.5736500">
        <ele>507.8</ele>
      </trkpt>
      <trkpt lat="42.4274000" lon="-2.5738300">
        <ele>509.1</ele>
      </trkpt>
      <trkpt lat="42.4272800" lon="-2.5738600">
        <ele>510.3</ele>
      </trkpt>
      <trkpt lat="42.4270400" lon="-2.5743900">
        <ele>511.3</ele>
      </trkpt>
      <trkpt lat="42.4268000" lon="-2.5749300">
        <ele>512.5</ele>
      </trkpt>
      <trkpt lat="42.4265700" lon="-2.5754600">
        <ele>513.9</ele>
      </trkpt>
      <trkpt lat="42.4263300" lon="-2.5759900">
        <ele>515.5</ele>
      </trkpt>
      <trkpt lat="42.4260900" lon="-2.5765300">
        <ele>516.9</ele>
      </trkpt>
      <trkpt lat="42.4258500" lon="-2.5770600">
        <ele>518.4</ele>
      </trkpt>
      <trkpt lat="42.4257600" lon="-2.5770900">
        <ele>519.7</ele>
      </trkpt>
      <trkpt lat="42.4254500" lon="-2.5775100">
        <ele>521.0</ele>
      </trkpt>
      <trkpt lat="42.4250700" lon="-2.5778900">
        <ele>522.1</ele>
      </trkpt>
      <trkpt lat="42.4246800" lon="-2.5782800">
        <ele>523.6</ele>
      </trkpt>
      <trkpt lat="42.4242600" lon="-2.5785500">
        <ele>525.3</ele>
      </trkpt>
      <trkpt lat="42.4238400" lon="-2.5788300">
        <ele>527.3</ele>
      </trkpt>
      <trkpt lat="42.4234200" lon="-2.5791000">
        <ele>529.2</ele>
      </trkpt>
      <trkpt lat="42.4228800" lon="-2.5795900">
        <ele>530.9</ele>
      </trkpt>
      <trkpt lat="42.4224800" lon="-2.5797700">
        <ele>532.8</ele>
      </trkpt>
      <trkpt lat="42.4222500" lon="-2.5799400">
        <ele>534.6</ele>
      </trkpt>
      <trkpt lat="42.4217100" lon="-2.5805400">
        <ele>536.3</ele>
      </trkpt>
      <trkpt lat="42.4213700" lon="-2.5810700">
        <ele>538.2</ele>
      </trkpt>
      <trkpt lat="42.4210300" lon="-2.5816000">
        <ele>540.5</ele>
      </trkpt>
      <trkpt lat="42.4205600" lon="-2.5821600">
        <ele>542.6</ele>
      </trkpt>
      <trkpt lat="42.4201100" lon="-2.5825200">
        <ele>544.5</ele>
      </trkpt>
      <trkpt lat="42.4196500" lon="-2.5828700">
        <ele>546.3</ele>
      </trkpt>
      <trkpt lat="42.4194400" lon="-2.5834600">
        <ele>548.0</ele>
      </trkpt>
      <trkpt lat="42.4190700" lon="-2.5839600">
        <ele>549.5</ele>
      </trkpt>
      <trkpt lat="42.4187700" lon="-2.5845300">
        <ele>551.0</ele>
      </trkpt>
      <trkpt lat="42.4184000" lon="-2.5848800">
        <ele>552.8</ele>
      </trkpt>
      <trkpt lat="42.4180300" lon="-2.5852300">
        <ele>554.7</ele>
      </trkpt>
      <trkpt lat="42.4176600" lon="-2.5855900">
        <ele>556.7</ele>
      </trkpt>
      <trkpt lat="42.4172900" lon="-2.5859400">
        <ele>558.9</ele>
      </trkpt>
      <trkpt lat="42.4169200" lon="-2.5862900">
        <ele>560.9</ele>
      </trkpt>
      <trkpt lat="42.4165700" lon="-2.5867000">
        <ele>563.0</ele>
      </trkpt>
      <trkpt lat="42.4162300" lon="-2.5871100">
        <ele>565.4</ele>
      </trkpt>
      <trkpt lat="42.4156300" lon="-2.5874300">
        <ele>567.4</ele>
      </trkpt>
      <trkpt lat="42.4150200" lon="-2.5877400">
        <ele>569.4</ele>
      </trkpt>
      <trkpt lat="42.4151800" lon="-2.5888600">
        <ele>571.6</ele>
      </trkpt>
      <trkpt lat="42.4150600" lon="-2.5897200">
        <ele>573.8</ele>
      </trkpt>
      <trkpt lat="42.4150000" lon="-2.5905200">
        <ele>575.3</ele>
      </trkpt>
      <trkpt lat="42.4149400" lon="-2.5913200">
        <ele>576.9</ele>
      </trkpt>
      <trkpt lat="42.4148800" lon="-2.5921200">
        <ele>577.5</ele>
      </trkpt>
      <trkpt lat="42.4146700" lon="-2.5930100">
        <ele>576.9</ele>
      </trkpt>
      <trkpt lat="42.4146500" lon="-2.5940500">
        <ele>574.7</ele>
      </trkpt>
      <trkpt lat="42.4148500" lon="-2.5946200">
        <ele>572.0</ele>
      </trkpt>
      <trkpt lat="42.4154000" lon="-2.5954500">
        <ele>569.4</ele>
      </trkpt>
      <trkpt lat="42.4156300" lon="-2.5957000">
        <ele>567.0</ele>
      </trkpt>
      <trkpt lat="42.4160900" lon="-2.5966400">
        <ele>565.2</ele>
      </trkpt>
      <trkpt lat="42.4163000" lon="-2.5974000">
        <ele>564.4</ele>
      </trkpt>
      <trkpt lat="42.4165100" lon="-2.5981600">
        <ele>563.8</ele>
      </trkpt>
      <trkpt lat="42.4168000" lon="-2.5980300">
        <ele>563.2</ele>
      </trkpt>
      <trkpt lat="42.4169200" lon="-2.5980300">
        <ele>563.1</ele>
      </trkpt>
      <trkpt lat="42.4171300" lon="-2.5982400">
        <ele>563.6</ele>
      </trkpt>
      <trkpt lat="42.4168200" lon="-2.5989100">
        <ele>564.9</ele>
      </trkpt>
      <trkpt lat="42.4165000" lon="-2.5995900">
        <ele>566.5</ele>
      </trkpt>
      <trkpt lat="42.4161900" lon="-2.6002600">
        <ele>568.1</ele>
      </trkpt>
      <trkpt lat="42.4157900" lon="-2.6012800">
        <ele>569.9</ele>
      </trkpt>
      <trkpt lat="42.4155800" lon="-2.6018500">
        <ele>571.4</ele>
      </trkpt>
      <trkpt lat="42.4153800" lon="-2.6024200">
        <ele>572.5</ele>
      </trkpt>
      <trkpt lat="42.4151700" lon="-2.6030000">
        <ele>573.4</ele>
      </trkpt>
      <trkpt lat="42.4149700" lon="-2.6035700">
        <ele>574.2</ele>
      </trkpt>
      <trkpt lat="42.4147600" lon="-2.6041400">
        <ele>574.8</ele>
      </trkpt>
      <trkpt lat="42.4145600" lon="-2.6047100">
        <ele>575.4</ele>
      </trkpt>
      <trkpt lat="42.4143500" lon="-2.6052900">
        <ele>576.2</ele>
      </trkpt>
      <trkpt lat="42.4141500" lon="-2.6058600">
        <ele>577.0</ele>
      </trkpt>
      <trkpt lat="42.4139400" lon="-2.6064300">
        <ele>577.7</ele>
      </trkpt>
      <trkpt lat="42.4137400" lon="-2.6070000">
        <ele>578.9</ele>
      </trkpt>
      <trkpt lat="42.4135300" lon="-2.6075800">
        <ele>580.6</ele>
      </trkpt>
      <trkpt lat="42.4133300" lon="-2.6081500">
        <ele>582.6</ele>
      </trkpt>
      <trkpt lat="42.4131200" lon="-2.6087200">
        <ele>584.8</ele>
      </trkpt>
      <trkpt lat="42.4129000" lon="-2.6095500">
        <ele>587.0</ele>
      </trkpt>
      <trkpt lat="42.4126700" lon="-2.6103800">
        <ele>588.8</ele>
      </trkpt>
      <trkpt lat="42.4125600" lon="-2.6110000">
        <ele>590.2</ele>
      </trkpt>
      <trkpt lat="42.4124400" lon="-2.6116200">
        <ele>591.0</ele>
      </trkpt>
      <trkpt lat="42.4123300" lon="-2.6122400">
        <ele>592.1</ele>
      </trkpt>
      <trkpt lat="42.4122800" lon="-2.6128800">
        <ele>593.2</ele>
      </trkpt>
      <trkpt lat="42.4122400" lon="-2.6135100">
        <ele>594.3</ele>
      </trkpt>
      <trkpt lat="42.4121900" lon="-2.6141500">
        <ele>595.3</ele>
      </trkpt>
      <trkpt lat="42.4121800" lon="-2.6148200">
        <ele>596.4</ele>
      </trkpt>
      <trkpt lat="42.4121700" lon="-2.6154800">
        <ele>597.3</ele>
      </trkpt>
      <trkpt lat="42.4121600" lon="-2.6161500">
        <ele>598.1</ele>
      </trkpt>
      <trkpt lat="42.4121500" lon="-2.6168100">
        <ele>598.9</ele>
      </trkpt>
      <trkpt lat="42.4121400" lon="-2.6174800">
        <ele>599.8</ele>
      </trkpt>
      <trkpt lat="42.4121300" lon="-2.6181400">
        <ele>600.7</ele>
      </trkpt>
      <trkpt lat="42.4121200" lon="-2.6188100">
        <ele>601.7</ele>
      </trkpt>
      <trkpt lat="42.4121100" lon="-2.6194700">
        <ele>603.0</ele>
      </trkpt>
      <trkpt lat="42.4121000" lon="-2.6201400">
        <ele>604.2</ele>
      </trkpt>
      <trkpt lat="42.4120400" lon="-2.6210700">
        <ele>605.4</ele>
      </trkpt>
      <trkpt lat="42.4120800" lon="-2.6217200">
        <ele>606.3</ele>
      </trkpt>
      <trkpt lat="42.4121100" lon="-2.6223700">
        <ele>606.8</ele>
      </trkpt>
      <trkpt lat="42.4119700" lon="-2.6227000">
        <ele>607.3</ele>
      </trkpt>
      <trkpt lat="42.4119600" lon="-2.6238700">
        <ele>607.7</ele>
      </trkpt>
      <trkpt lat="42.4119100" lon="-2.6246200">
        <ele>608.2</ele>
      </trkpt>
      <trkpt lat="42.4118600" lon="-2.6253800">
        <ele>609.2</ele>
      </trkpt>
      <trkpt lat="42.4118000" lon="-2.6261300">
        <ele>610.6</ele>
      </trkpt>
      <trkpt lat="42.4117500" lon="-2.6268800">
        <ele>611.6</ele>
      </trkpt>
      <trkpt lat="42.4117300" lon="-2.6277500">
        <ele>612.5</ele>
      </trkpt>
      <trkpt lat="42.4117800" lon="-2.6280000">
        <ele>613.9</ele>
      </trkpt>
      <trkpt lat="42.4117200" lon="-2.6279900">
        <ele>615.3</ele>
      </trkpt>
      <trkpt lat="42.4115600" lon="-2.6291800">
        <ele>616.9</ele>
      </trkpt>
      <trkpt lat="42.4115500" lon="-2.6299200">
        <ele>618.3</ele>
      </trkpt>
      <trkpt lat="42.4115300" lon="-2.6306600">
        <ele>619.4</ele>
      </trkpt>
      <trkpt lat="42.4115100" lon="-2.6314000">
        <ele>620.1</ele>
      </trkpt>
      <trkpt lat="42.4115000" lon="-2.6321400">
        <ele>620.5</ele>
      </trkpt>
      <trkpt lat="42.4115200" lon="-2.6327500">
        <ele>620.8</ele>
      </trkpt>
      <trkpt lat="42.4115500" lon="-2.6333700">
        <ele>621.8</ele>
      </trkpt>
      <trkpt lat="42.4115700" lon="-2.6339800">
        <ele>623.2</ele>
      </trkpt>
      <trkpt lat="42.4113800" lon="-2.6345600">
        <ele>624.6</ele>
      </trkpt>
      <trkpt lat="42.4113500" lon="-2.6348500">
        <ele>626.0</ele>
      </trkpt>
      <trkpt lat="42.4114000" lon="-2.6354900">
        <ele>627.5</ele>
      </trkpt>
      <trkpt lat="42.4114600" lon="-2.6361200">
        <ele>628.8</ele>
      </trkpt>
      <trkpt lat="42.4115100" lon="-2.6367600">
        <ele>630.5</ele>
      </trkpt>
      <trkpt lat="42.4114200" lon="-2.6375100">
        <ele>632.7</ele>
      </trkpt>
      <trkpt lat="42.4114800" lon="-2.6383900">
        <ele>635.6</ele>
      </trkpt>
      <trkpt lat="42.4113600" lon="-2.6390200">
        <ele>639.9</ele>
      </trkpt>
      <trkpt lat="42.4113000" lon="-2.6400100">
        <ele>644.8</ele>
      </trkpt>
      <trkpt lat="42.4113500" lon="-2.6410100">
        <ele>650.0</ele>
      </trkpt>
      <trkpt lat="42.4113200" lon="-2.6415100">
        <ele>655.2</ele>
      </trkpt>
      <trkpt lat="42.4113900" lon="-2.6419000">
        <ele>659.6</ele>
      </trkpt>
      <trkpt lat="42.4116700" lon="-2.6423400">
        <ele>662.5</ele>
      </trkpt>
      <trkpt lat="42.4117200" lon="-2.6425200">
        <ele>664.5</ele>
      </trkpt>
      <trkpt lat="42.4119700" lon="-2.6426900">
        <ele>665.5</ele>
      </trkpt>
      <trkpt lat="42.4120600" lon="-2.6429900">
        <ele>665.0</ele>
      </trkpt>
      <trkpt lat="42.4122500" lon="-2.6432800">
        <ele>663.9</ele>
      </trkpt>
      <trkpt lat="42.4124700" lon="-2.6438200">
        <ele>662.2</ele>
      </trkpt>
      <trkpt lat="42.4123700" lon="-2.6445500">
        <ele>659.6</ele>
      </trkpt>
      <trkpt lat="42.4124000" lon="-2.6452700">
        <ele>656.3</ele>
      </trkpt>
      <trkpt lat="42.4124300" lon="-2.6459900">
        <ele>653.1</ele>
      </trkpt>
      <trkpt lat="42.4124600" lon="-2.6467100">
        <ele>649.9</ele>
      </trkpt>
      <trkpt lat="42.4125500" lon="-2.6471900">
        <ele>646.0</ele>
      </trkpt>
      <trkpt lat="42.4125600" lon="-2.6479000">
        <ele>641.8</ele>
      </trkpt>
      <trkpt lat="42.4126400" lon="-2.6485400">
        <ele>637.9</ele>
      </trkpt>
      <trkpt lat="42.4123800" lon="-2.6488500">
        <ele>633.6</ele>
      </trkpt>
      <trkpt lat="42.4122300" lon="-2.6492000">
        <ele>628.8</ele>
      </trkpt>
      <trkpt lat="42.4120300" lon="-2.6494900">
        <ele>625.0</ele>
      </trkpt>
      <trkpt lat="42.4115700" lon="-2.6498500">
        <ele>622.2</ele>
      </trkpt>
      <trkpt lat="42.4116200" lon="-2.6498500">
        <ele>619.9</ele>
      </trkpt>
      <trkpt lat="42.4114400" lon="-2.6498900">
        <ele>618.4</ele>
      </trkpt>
      <trkpt lat="42.4111200" lon="-2.6503400">
        <ele>617.8</ele>
      </trkpt>
      <trkpt lat="42.4110800" lon="-2.6504800">
        <ele>617.3</ele>
      </trkpt>
      <trkpt lat="42.4112400" lon="-2.6507500">
        <ele>616.9</ele>
      </trkpt>
      <trkpt lat="42.4112300" lon="-2.6508700">
        <ele>617.1</ele>
      </trkpt>
      <trkpt lat="42.4110600" lon="-2.6512000">
        <ele>617.4</ele>
      </trkpt>
      <trkpt lat="42.4109200" lon="-2.6518200">
        <ele>617.7</ele>
      </trkpt>
      <trkpt lat="42.4109300" lon="-2.6524500">
        <ele>617.9</ele>
      </trkpt>
      <trkpt lat="42.4109300" lon="-2.6530700">
        <ele>618.2</ele>
      </trkpt>
      <trkpt lat="42.4106800" lon="-2.6538700">
        <ele>618.2</ele>
      </trkpt>
      <trkpt lat="42.4106600" lon="-2.6546100">
        <ele>617.6</ele>
      </trkpt>
      <trkpt lat="42.4107300" lon="-2.6552500">
        <ele>617.4</ele>
      </trkpt>
      <trkpt lat="42.4107900" lon="-2.6558900">
        <ele>617.3</ele>
      </trkpt>
      <trkpt lat="42.4108600" lon="-2.6565300">
        <ele>616.8</ele>
      </trkpt>
      <trkpt lat="42.4109200" lon="-2.6571700">
        <ele>615.7</ele>
      </trkpt>
      <trkpt lat="42.4109900" lon="-2.6578100">
        <ele>614.6</ele>
      </trkpt>
      <trkpt lat="42.4110900" lon="-2.6584800">
        <ele>612.9</ele>
      </trkpt>
      <trkpt lat="42.4112000" lon="-2.6591600">
        <ele>610.7</ele>
      </trkpt>
      <trkpt lat="42.4113000" lon="-2.6598300">
        <ele>608.9</ele>
      </trkpt>
      <trkpt lat="42.4113600" lon="-2.6605700">
        <ele>608.1</ele>
      </trkpt>
      <trkpt lat="42.4114100" lon="-2.6613200">
        <ele>607.8</ele>
      </trkpt>
      <trkpt lat="42.4114200" lon="-2.6621300">
        <ele>607.9</ele>
      </trkpt>
      <trkpt lat="42.4113500" lon="-2.6626700">
        <ele>608.1</ele>
      </trkpt>
      <trkpt lat="42.4114000" lon="-2.6632600">
        <ele>607.7</ele>
      </trkpt>
      <trkpt lat="42.4115100" lon="-2.6637000">
        <ele>606.0</ele>
      </trkpt>
      <trkpt lat="42.4116600" lon="-2.6640000">
        <ele>603.7</ele>
      </trkpt>
      <trkpt lat="42.4117200" lon="-2.6647200">
        <ele>601.3</ele>
      </trkpt>
      <trkpt lat="42.4117800" lon="-2.6654400">
        <ele>598.7</ele>
      </trkpt>
      <trkpt lat="42.4119100" lon="-2.6661700">
        <ele>596.4</ele>
      </trkpt>
      <trkpt lat="42.4120400" lon="-2.6669000">
        <ele>594.7</ele>
      </trkpt>
      <trkpt lat="42.4121700" lon="-2.6676300">
        <ele>593.4</ele>
      </trkpt>
      <trkpt lat="42.4123200" lon="-2.6682400">
        <ele>592.2</ele>
      </trkpt>
      <trkpt lat="42.4124800" lon="-2.6688400">
        <ele>591.0</ele>
      </trkpt>
      <trkpt lat="42.4126300" lon="-2.6694500">
        <ele>589.6</ele>
      </trkpt>
      <trkpt lat="42.4128300" lon="-2.6700600">
        <ele>588.0</ele>
      </trkpt>
      <trkpt lat="42.4130300" lon="-2.6706800">
        <ele>584.9</ele>
      </trkpt>
      <trkpt lat="42.4132300" lon="-2.6712900">
        <ele>581.7</ele>
      </trkpt>
      <trkpt lat="42.4133600" lon="-2.6720800">
        <ele>579.2</ele>
      </trkpt>
      <trkpt lat="42.4133700" lon="-2.6727400">
        <ele>577.3</ele>
      </trkpt>
      <trkpt lat="42.4136400" lon="-2.6738900">
        <ele>576.6</ele>
      </trkpt>
      <trkpt lat="42.4136200" lon="-2.6744600">
        <ele>577.8</ele>
      </trkpt>
      <trkpt lat="42.4139300" lon="-2.6755000">
        <ele>579.0</ele>
      </trkpt>
      <trkpt lat="42.4143000" lon="-2.6761700">
        <ele>579.9</ele>
      </trkpt>
      <trkpt lat="42.4146600" lon="-2.6768400">
        <ele>581.1</ele>
      </trkpt>
      <trkpt lat="42.4149000" lon="-2.6774100">
        <ele>581.3</ele>
      </trkpt>
      <trkpt lat="42.4150000" lon="-2.6782400">
        <ele>580.7</ele>
      </trkpt>
      <trkpt lat="42.4148400" lon="-2.6790700">
        <ele>580.1</ele>
      </trkpt>
      <trkpt lat="42.4146800" lon="-2.6798900">
        <ele>578.8</ele>
      </trkpt>
      <trkpt lat="42.4144700" lon="-2.6805600">
        <ele>576.7</ele>
      </trkpt>
      <trkpt lat="42.4144200" lon="-2.6812100">
        <ele>574.4</ele>
      </trkpt>
      <trkpt lat="42.4143800" lon="-2.6818500">
        <ele>572.2</ele>
      </trkpt>
      <trkpt lat="42.4143300" lon="-2.6825000">
        <ele>570.0</ele>
      </trkpt>
      <trkpt lat="42.4142800" lon="-2.6831500">
        <ele>568.0</ele>
      </trkpt>
      <trkpt lat="42.4140800" lon="-2.6838000">
        <ele>566.2</ele>
      </trkpt>
      <trkpt lat="42.4138900" lon="-2.6844500">
        <ele>564.6</ele>
      </trkpt>
      <trkpt lat="42.4136900" lon="-2.6851000">
        <ele>563.3</ele>
      </trkpt>
      <trkpt lat="42.4135400" lon="-2.6860200">
        <ele>562.0</ele>
      </trkpt>
      <trkpt lat="42.4134300" lon="-2.6863500">
        <ele>560.9</ele>
      </trkpt>
      <trkpt lat="42.4133300" lon="-2.6872700">
        <ele>559.9</ele>
      </trkpt>
      <trkpt lat="42.4133600" lon="-2.6879300">
        <ele>558.8</ele>
      </trkpt>
      <trkpt lat="42.4133800" lon="-2.6885900">
        <ele>557.6</ele>
      </trkpt>
      <trkpt lat="42.4134100" lon="-2.6892500">
        <ele>556.6</ele>
      </trkpt>
      <trkpt lat="42.4133700" lon="-2.6899400">
        <ele>555.6</ele>
      </trkpt>
      <trkpt lat="42.4133300" lon="-2.6906300">
        <ele>554.0</ele>
      </trkpt>
      <trkpt lat="42.4132300" lon="-2.6913300">
        <ele>551.9</ele>
      </trkpt>
      <trkpt lat="42.4132500" lon="-2.6922600">
        <ele>549.6</ele>
      </trkpt>
      <trkpt lat="42.4134200" lon="-2.6931200">
        <ele>546.7</ele>
      </trkpt>
      <trkpt lat="42.4135800" lon="-2.6939800">
        <ele>543.3</ele>
      </trkpt>
      <trkpt lat="42.4138700" lon="-2.6944500">
        <ele>540.8</ele>
      </trkpt>
      <trkpt lat="42.4141600" lon="-2.6949100">
        <ele>538.8</ele>
      </trkpt>
      <trkpt lat="42.4141300" lon="-2.6953800">
        <ele>537.2</ele>
      </trkpt>
      <trkpt lat="42.4142400" lon="-2.6961800">
        <ele>536.2</ele>
      </trkpt>
      <trkpt lat="42.4141200" lon="-2.6967300">
        <ele>535.5</ele>
      </trkpt>
      <trkpt lat="42.4141000" lon="-2.6971600">
        <ele>534.9</ele>
      </trkpt>
      <trkpt lat="42.4143400" lon="-2.6979700">
        <ele>534.5</ele>
      </trkpt>
      <trkpt lat="42.4144600" lon="-2.6982000">
        <ele>534.1</ele>
      </trkpt>
      <trkpt lat="42.4143100" lon="-2.6985500">
        <ele>533.2</ele>
      </trkpt>
      <trkpt lat="42.4146000" lon="-2.6988600">
        <ele>532.1</ele>
      </trkpt>
      <trkpt lat="42.4153500" lon="-2.6994100">
        <ele>531.1</ele>
      </trkpt>
      <trkpt lat="42.4161600" lon="-2.6997200">
        <ele>530.2</ele>
      </trkpt>
      <trkpt lat="42.4161200" lon="-2.6999100">
        <ele>529.5</ele>
      </trkpt>
      <trkpt lat="42.4157200" lon="-2.7002500">
        <ele>528.8</ele>
      </trkpt>
      <trkpt lat="42.4156900" lon="-2.7003300">
        <ele>528.2</ele>
      </trkpt>
      <trkpt lat="42.4156000" lon="-2.7013800">
        <ele>527.7</ele>
      </trkpt>
      <trkpt lat="42.4153700" lon="-2.7025100">
        <ele>526.9</ele>
      </trkpt>
      <trkpt lat="42.4154700" lon="-2.7032500">
        <ele>526.3</ele>
      </trkpt>
      <trkpt lat="42.4155800" lon="-2.7040000">
        <ele>526.0</ele>
      </trkpt>
      <trkpt lat="42.4156800" lon="-2.7047400">
        <ele>526.2</ele>
      </trkpt>
      <trkpt lat="42.4157200" lon="-2.7053800">
        <ele>526.5</ele>
      </trkpt>
      <trkpt lat="42.4157600" lon="-2.7060200">
        <ele>527.0</ele>
      </trkpt>
      <trkpt lat="42.4158000" lon="-2.7066500">
        <ele>527.4</ele>
      </trkpt>
      <trkpt lat="42.4158400" lon="-2.7072900">
        <ele>527.7</ele>
      </trkpt>
      <trkpt lat="42.4159300" lon="-2.7080200">
        <ele>527.7</ele>
      </trkpt>
      <trkpt lat="42.4160100" lon="-2.7087600">
        <ele>527.2</ele>
      </trkpt>
      <trkpt lat="42.4161000" lon="-2.7094900">
        <ele>526.5</ele>
      </trkpt>
      <trkpt lat="42.4160700" lon="-2.7099700">
        <ele>525.3</ele>
      </trkpt>
      <trkpt lat="42.4162100" lon="-2.7101800">
        <ele>523.9</ele>
      </trkpt>
      <trkpt lat="42.4163200" lon="-2.7108000">
        <ele>522.5</ele>
      </trkpt>
      <trkpt lat="42.4164300" lon="-2.7114100">
        <ele>521.0</ele>
      </trkpt>
      <trkpt lat="42.4165300" lon="-2.7120200">
        <ele>519.7</ele>
      </trkpt>
      <trkpt lat="42.4166400" lon="-2.7126400">
        <ele>518.5</ele>
      </trkpt>
      <trkpt lat="42.4168100" lon="-2.7133500">
        <ele>517.5</ele>
      </trkpt>
      <trkpt lat="42.4169900" lon="-2.7140700">
        <ele>516.7</ele>
      </trkpt>
      <trkpt lat="42.4171600" lon="-2.7147800">
        <ele>515.9</ele>
      </trkpt>
      <trkpt lat="42.4172100" lon="-2.7149200">
        <ele>515.1</ele>
      </trkpt>
      <trkpt lat="42.4177200" lon="-2.7153900">
        <ele>514.5</ele>
      </trkpt>
      <trkpt lat="42.4175700" lon="-2.7158800">
        <ele>513.9</ele>
      </trkpt>
      <trkpt lat="42.4175800" lon="-2.7160700">
        <ele>512.8</ele>
      </trkpt>
      <trkpt lat="42.4178700" lon="-2.7169300">
        <ele>511.8</ele>
      </trkpt>
      <trkpt lat="42.4179900" lon="-2.7178400">
        <ele>510.9</ele>
      </trkpt>
      <trkpt lat="42.4182300" lon="-2.7185200">
        <ele>510.1</ele>
      </trkpt>
      <trkpt lat="42.4184600" lon="-2.7191900">
        <ele>509.3</ele>
      </trkpt>
      <trkpt lat="42.4185100" lon="-2.7198900">
        <ele>508.8</ele>
      </trkpt>
      <trkpt lat="42.4185500" lon="-2.7206000">
        <ele>508.6</ele>
      </trkpt>
      <trkpt lat="42.4186000" lon="-2.7213000">
        <ele>508.5</ele>
      </trkpt>
      <trkpt lat="42.4185500" lon="-2.7219800">
        <ele>508.3</ele>
      </trkpt>
      <trkpt lat="42.4184900" lon="-2.7226600">
        <ele>508.0</ele>
      </trkpt>
      <trkpt lat="42.4184400" lon="-2.7233500">
        <ele>507.8</ele>
      </trkpt>
      <trkpt lat="42.4183800" lon="-2.7240300">
        <ele>507.3</ele>
      </trkpt>
      <trkpt lat="42.4183300" lon="-2.7247100">
        <ele>506.7</ele>
      </trkpt>
      <trkpt lat="42.4182100" lon="-2.7249500">
        <ele>506.1</ele>
      </trkpt>
      <trkpt lat="42.4182900" lon="-2.7251800">
        <ele>505.5</ele>
      </trkpt>
      <trkpt lat="42.4182900" lon="-2.7255000">
        <ele>505.0</ele>
      </trkpt>
      <trkpt lat="42.4183600" lon="-2.7257500">
        <ele>504.3</ele>
      </trkpt>
      <trkpt lat="42.4182300" lon="-2.7266000">
        <ele>503.1</ele>
      </trkpt>
      <trkpt lat="42.4181100" lon="-2.7272300">
        <ele>501.4</ele>
      </trkpt>
      <trkpt lat="42.4179900" lon="-2.7278500">
        <ele>499.4</ele>
      </trkpt>
      <trkpt lat="42.4178700" lon="-2.7284800">
        <ele>497.4</ele>
      </trkpt>
      <trkpt lat="42.4176500" lon="-2.7290900">
        <ele>495.2</ele>
      </trkpt>
      <trkpt lat="42.4174200" lon="-2.7297000">
        <ele>493.5</ele>
      </trkpt>
      <trkpt lat="42.4170600" lon="-2.7304500">
        <ele>491.9</ele>
      </trkpt>
      <trkpt lat="42.4168700" lon="-2.7311200">
        <ele>490.1</ele>
      </trkpt>
      <trkpt lat="42.4172800" lon="-2.7318800">
        <ele>488.7</ele>
      </trkpt>
      <trkpt lat="42.4173800" lon="-2.7325500">
        <ele>487.7</ele>
      </trkpt>
      <trkpt lat="42.4174700" lon="-2.7332300">
        <ele>487.6</ele>
      </trkpt>
      <trkpt lat="42.4176000" lon="-2.7334600">
        <ele>488.3</ele>
      </trkpt>
      <trkpt lat="42.4171100" lon="-2.7338900">
        <ele>489.7</ele>
      </trkpt>
      <trkpt lat="42.4166100" lon="-2.7341600">
        <ele>491.4</ele>
      </trkpt>
      <trkpt lat="42.4161000" lon="-2.7344300">
        <ele>493.1</ele>
      </trkpt>
      <trkpt lat="42.4160600" lon="-2.7349100">
        <ele>494.6</ele>
      </trkpt>
      <trkpt lat="42.4160000" lon="-2.7349500">
        <ele>496.0</ele>
      </trkpt>
      <trkpt lat="42.4160700" lon="-2.7353600">
        <ele>497.2</ele>
      </trkpt>
      <trkpt lat="42.4159800" lon="-2.7354500">
        <ele>498.8</ele>
      </trkpt>
      <trkpt lat="42.4158100" lon="-2.7354600">
        <ele>501.3</ele>
      </trkpt>
      <trkpt lat="42.4157500" lon="-2.7358200">
        <ele>504.1</ele>
      </trkpt>
      <trkpt lat="42.4157500" lon="-2.7364000">
        <ele>507.6</ele>
      </trkpt>
      <trkpt lat="42.4158500" lon="-2.7370100">
        <ele>511.3</ele>
      </trkpt>
      <trkpt lat="42.4159400" lon="-2.7376100">
        <ele>515.7</ele>
      </trkpt>
      <trkpt lat="42.4155400" lon="-2.7386100">
        <ele>519.7</ele>
      </trkpt>
      <trkpt lat="42.4154300" lon="-2.7395100">
        <ele>523.9</ele>
      </trkpt>
      <trkpt lat="42.4151400" lon="-2.7400200">
        <ele>528.3</ele>
      </trkpt>
      <trkpt lat="42.4148600" lon="-2.7405300">
        <ele>533.3</ele>
      </trkpt>
      <trkpt lat="42.4145700" lon="-2.7410400">
        <ele>537.7</ele>
      </trkpt>
      <trkpt lat="42.4143400" lon="-2.7417000">
        <ele>542.0</ele>
      </trkpt>
      <trkpt lat="42.4141100" lon="-2.7423600">
        <ele>546.0</ele>
      </trkpt>
      <trkpt lat="42.4140200" lon="-2.7429500">
        <ele>549.3</ele>
      </trkpt>
      <trkpt lat="42.4142300" lon="-2.7434200">
        <ele>552.3</ele>
      </trkpt>
      <trkpt lat="42.4142700" lon="-2.7436400">
        <ele>553.7</ele>
      </trkpt>
      <trkpt lat="42.4143300" lon="-2.7448000">
        <ele>554.2</ele>
      </trkpt>
      <trkpt lat="42.4144800" lon="-2.7453700">
        <ele>552.8</ele>
      </trkpt>
      <trkpt lat="42.4144400" lon="-2.7456200">
        <ele>550.5</ele>
      </trkpt>
      <trkpt lat="42.4147300" lon="-2.7464100">
        <ele>547.6</ele>
      </trkpt>
      <trkpt lat="42.4149700" lon="-2.7474300">
        <ele>546.0</ele>
      </trkpt>
      <trkpt lat="42.4152700" lon="-2.7481100">
        <ele>544.2</ele>
      </trkpt>
      <trkpt lat="42.4153700" lon="-2.7493000">
        <ele>542.5</ele>
      </trkpt>
      <trkpt lat="42.4154900" lon="-2.7499300">
        <ele>540.3</ele>
      </trkpt>
      <trkpt lat="42.4156100" lon="-2.7505500">
        <ele>536.7</ele>
      </trkpt>
      <trkpt lat="42.4158900" lon="-2.7510500">
        <ele>532.5</ele>
      </trkpt>
      <trkpt lat="42.4162600" lon="-2.7515100">
        <ele>528.0</ele>
      </trkpt>
      <trkpt lat="42.4163400" lon="-2.7517100">
        <ele>524.0</ele>
      </trkpt>
      <trkpt lat="42.4163200" lon="-2.7524600">
        <ele>520.6</ele>
      </trkpt>
      <trkpt lat="42.4163000" lon="-2.7532100">
        <ele>518.3</ele>
      </trkpt>
      <trkpt lat="42.4162100" lon="-2.7539200">
        <ele>516.2</ele>
      </trkpt>
      <trkpt lat="42.4161100" lon="-2.7546300">
        <ele>515.5</ele>
      </trkpt>
      <trkpt lat="42.4161700" lon="-2.7549000">
        <ele>516.2</ele>
      </trkpt>
      <trkpt lat="42.4161600" lon="-2.7557800">
        <ele>517.9</ele>
      </trkpt>
      <trkpt lat="42.4161000" lon="-2.7565600">
        <ele>520.3</ele>
      </trkpt>
      <trkpt lat="42.4160300" lon="-2.7573300">
        <ele>523.2</ele>
      </trkpt>
      <trkpt lat="42.4160000" lon="-2.7582300">
        <ele>526.3</ele>
      </trkpt>
      <trkpt lat="42.4159700" lon="-2.7591300">
        <ele>528.7</ele>
      </trkpt>
      <trkpt lat="42.4163700" lon="-2.7600300">
        <ele>531.0</ele>
      </trkpt>
      <trkpt lat="42.4165000" lon="-2.7606400">
        <ele>532.9</ele>
      </trkpt>
      <trkpt lat="42.4166200" lon="-2.7612600">
        <ele>534.7</ele>
      </trkpt>
      <trkpt lat="42.4167500" lon="-2.7618700">
        <ele>536.0</ele>
      </trkpt>
      <trkpt lat="42.4168800" lon="-2.7624900">
        <ele>537.3</ele>
      </trkpt>
      <trkpt lat="42.4170000" lon="-2.7631000">
        <ele>538.6</ele>
      </trkpt>
      <trkpt lat="42.4171300" lon="-2.7637100">
        <ele>540.2</ele>
      </trkpt>
      <trkpt lat="42.4172500" lon="-2.7643300">
        <ele>541.9</ele>
      </trkpt>
      <trkpt lat="42.4173800" lon="-2.7649400">
        <ele>543.4</ele>
      </trkpt>
      <trkpt lat="42.4174600" lon="-2.7656200">
        <ele>544.9</ele>
      </trkpt>
      <trkpt lat="42.4175400" lon="-2.7663100">
        <ele>546.3</ele>
      </trkpt>
      <trkpt lat="42.4176300" lon="-2.7669900">
        <ele>547.3</ele>
      </trkpt>
      <trkpt lat="42.4177100" lon="-2.7676800">
        <ele>548.1</ele>
      </trkpt>
      <trkpt lat="42.4177900" lon="-2.7683600">
        <ele>549.1</ele>
      </trkpt>
      <trkpt lat="42.4178400" lon="-2.7690200">
        <ele>549.4</ele>
      </trkpt>
      <trkpt lat="42.4178900" lon="-2.7696900">
        <ele>548.9</ele>
      </trkpt>
      <trkpt lat="42.4179400" lon="-2.7703500">
        <ele>547.9</ele>
      </trkpt>
      <trkpt lat="42.4180900" lon="-2.7709500">
        <ele>546.4</ele>
      </trkpt>
      <trkpt lat="42.4182400" lon="-2.7715400">
        <ele>544.6</ele>
      </trkpt>
      <trkpt lat="42.4183900" lon="-2.7721400">
        <ele>543.1</ele>
      </trkpt>
      <trkpt lat="42.4185300" lon="-2.7727400">
        <ele>542.1</ele>
      </trkpt>
      <trkpt lat="42.4186800" lon="-2.7733300">
        <ele>542.0</ele>
      </trkpt>
      <trkpt lat="42.4188300" lon="-2.7739300">
        <ele>542.4</ele>
      </trkpt>
      <trkpt lat="42.4190400" lon="-2.7746700">
        <ele>543.0</ele>
      </trkpt>
      <trkpt lat="42.4192500" lon="-2.7754000">
        <ele>543.8</ele>
      </trkpt>
      <trkpt lat="42.4193900" lon="-2.7760600">
        <ele>544.9</ele>
      </trkpt>
      <trkpt lat="42.4195200" lon="-2.7767300">
        <ele>545.3</ele>
      </trkpt>
      <trkpt lat="42.4196600" lon="-2.7773900">
        <ele>545.5</ele>
      </trkpt>
      <trkpt lat="42.4197900" lon="-2.7780500">
        <ele>546.1</ele>
      </trkpt>
      <trkpt lat="42.4198600" lon="-2.7788300">
        <ele>546.9</ele>
      </trkpt>
      <trkpt lat="42.4199200" lon="-2.7796000">
        <ele>547.2</ele>
      </trkpt>
      <trkpt lat="42.4200700" lon="-2.7801800">
        <ele>547.6</ele>
      </trkpt>
      <trkpt lat="42.4202200" lon="-2.7807600">
        <ele>547.7</ele>
      </trkpt>
      <trkpt lat="42.4202200" lon="-2.7815700">
        <ele>546.7</ele>
      </trkpt>
      <trkpt lat="42.4202200" lon="-2.7823800">
        <ele>544.9</ele>
      </trkpt>
      <trkpt lat="42.4202200" lon="-2.7831900">
        <ele>542.7</ele>
      </trkpt>
      <trkpt lat="42.4202900" lon="-2.7837900">
        <ele>540.8</ele>
      </trkpt>
      <trkpt lat="42.4203700" lon="-2.7843900">
        <ele>539.4</ele>
      </trkpt>
      <trkpt lat="42.4204400" lon="-2.7850000">
        <ele>539.0</ele>
      </trkpt>
      <trkpt lat="42.4205200" lon="-2.7856000">
        <ele>539.8</ele>
      </trkpt>
      <trkpt lat="42.4205900" lon="-2.7862000">
        <ele>541.8</ele>
      </trkpt>
      <trkpt lat="42.4206300" lon="-2.7869200">
        <ele>544.3</ele>
      </trkpt>
      <trkpt lat="42.4206700" lon="-2.7876400">
        <ele>546.1</ele>
      </trkpt>
      <trkpt lat="42.4207000" lon="-2.7883600">
        <ele>547.0</ele>
      </trkpt>
      <trkpt lat="42.4207400" lon="-2.7890800">
        <ele>547.1</ele>
      </trkpt>
      <trkpt lat="42.4210100" lon="-2.7897600">
        <ele>546.3</ele>
      </trkpt>
      <trkpt lat="42.4212900" lon="-2.7904500">
        <ele>545.1</ele>
      </trkpt>
      <trkpt lat="42.4215600" lon="-2.7911300">
        <ele>544.5</ele>
      </trkpt>
      <trkpt lat="42.4217500" lon="-2.7916800">
        <ele>544.2</ele>
      </trkpt>
      <trkpt lat="42.4219500" lon="-2.7922300">
        <ele>543.9</ele>
      </trkpt>
      <trkpt lat="42.4221400" lon="-2.7927800">
        <ele>543.5</ele>
      </trkpt>
      <trkpt lat="42.4223300" lon="-2.7933300">
        <ele>542.9</ele>
      </trkpt>
      <trkpt lat="42.4224300" lon="-2.7939300">
        <ele>542.2</ele>
      </trkpt>
      <trkpt lat="42.4225300" lon="-2.7945200">
        <ele>542.0</ele>
      </trkpt>
      <trkpt lat="42.4226300" lon="-2.7951200">
        <ele>542.5</ele>
      </trkpt>
      <trkpt lat="42.4227400" lon="-2.7957100">
        <ele>543.6</ele>
      </trkpt>
      <trkpt lat="42.4228400" lon="-2.7963100">
        <ele>545.1</ele>
      </trkpt>
      <trkpt lat="42.4229400" lon="-2.7969000">
        <ele>547.0</ele>
      </trkpt>
      <trkpt lat="42.4230400" lon="-2.7975000">
        <ele>549.0</ele>
      </trkpt>
      <trkpt lat="42.4232200" lon="-2.7982000">
        <ele>550.5</ele>
      </trkpt>
      <trkpt lat="42.4233900" lon="-2.7989000">
        <ele>551.6</ele>
      </trkpt>
      <trkpt lat="42.4236500" lon="-2.7995500">
        <ele>552.0</ele>
      </trkpt>
      <trkpt lat="42.4239000" lon="-2.8002100">
        <ele>550.8</ele>
      </trkpt>
      <trkpt lat="42.4241600" lon="-2.8008600">
        <ele>548.3</ele>
      </trkpt>
      <trkpt lat="42.4244100" lon="-2.8015100">
        <ele>545.4</ele>
      </trkpt>
      <trkpt lat="42.4245900" lon="-2.8022600">
        <ele>542.3</ele>
      </trkpt>
      <trkpt lat="42.4247300" lon="-2.8025800">
        <ele>539.6</ele>
      </trkpt>
      <trkpt lat="42.4252700" lon="-2.8031100">
        <ele>538.0</ele>
      </trkpt>
      <trkpt lat="42.4258000" lon="-2.8036400">
        <ele>537.3</ele>
      </trkpt>
      <trkpt lat="42.4258700" lon="-2.8042900">
        <ele>536.9</ele>
      </trkpt>
      <trkpt lat="42.4259400" lon="-2.8049400">
        <ele>537.3</ele>
      </trkpt>
      <trkpt lat="42.4260200" lon="-2.8056000">
        <ele>538.2</ele>
      </trkpt>
      <trkpt lat="42.4260900" lon="-2.8062500">
        <ele>539.3</ele>
      </trkpt>
      <trkpt lat="42.4261600" lon="-2.8069000">
        <ele>540.7</ele>
      </trkpt>
      <trkpt lat="42.4263000" lon="-2.8077100">
        <ele>542.1</ele>
      </trkpt>
      <trkpt lat="42.4265800" lon="-2.8087700">
        <ele>543.4</ele>
      </trkpt>
      <trkpt lat="42.4267800" lon="-2.8094500">
        <ele>544.9</ele>
      </trkpt>
      <trkpt lat="42.4269800" lon="-2.8101200">
        <ele>546.5</ele>
      </trkpt>
      <trkpt lat="42.4271800" lon="-2.8108000">
        <ele>548.1</ele>
      </trkpt>
      <trkpt lat="42.4274600" lon="-2.8114000">
        <ele>550.0</ele>
      </trkpt>
      <trkpt lat="42.4277300" lon="-2.8120000">
        <ele>552.6</ele>
      </trkpt>
      <trkpt lat="42.4280100" lon="-2.8126000">
        <ele>554.9</ele>
      </trkpt>
      <trkpt lat="42.4282900" lon="-2.8133500">
        <ele>557.0</ele>
      </trkpt>
      <trkpt lat="42.4285700" lon="-2.8142200">
        <ele>559.1</ele>
      </trkpt>
      <trkpt lat="42.4287200" lon="-2.8149800">
        <ele>560.8</ele>
      </trkpt>
      <trkpt lat="42.4289200" lon="-2.8155900">
        <ele>562.2</ele>
      </trkpt>
      <trkpt lat="42.4291300" lon="-2.8161900">
        <ele>563.6</ele>
      </trkpt>
      <trkpt lat="42.4293300" lon="-2.8168000">
        <ele>565.2</ele>
      </trkpt>
      <trkpt lat="42.4295300" lon="-2.8174000">
        <ele>566.4</ele>
      </trkpt>
      <trkpt lat="42.4298500" lon="-2.8179700">
        <ele>566.8</ele>
      </trkpt>
      <trkpt lat="42.4303500" lon="-2.8186000">
        <ele>565.7</ele>
      </trkpt>
      <trkpt lat="42.4308000" lon="-2.8189700">
        <ele>562.9</ele>
      </trkpt>
      <trkpt lat="42.4312500" lon="-2.8193300">
        <ele>559.3</ele>
      </trkpt>
      <trkpt lat="42.4316100" lon="-2.8197700">
        <ele>555.1</ele>
      </trkpt>
      <trkpt lat="42.4319700" lon="-2.8202000">
        <ele>550.9</ele>
      </trkpt>
      <trkpt lat="42.4325000" lon="-2.8211800">
        <ele>548.0</ele>
      </trkpt>
      <trkpt lat="42.4332900" lon="-2.8206700">
        <ele>546.3</ele>
      </trkpt>
      <trkpt lat="42.4333900" lon="-2.8213200">
        <ele>545.3</ele>
      </trkpt>
      <trkpt lat="42.4334800" lon="-2.8219600">
        <ele>545.4</ele>
      </trkpt>
      <trkpt lat="42.4335800" lon="-2.8226100">
        <ele>546.2</ele>
      </trkpt>
      <trkpt lat="42.4336700" lon="-2.8232500">
        <ele>547.2</ele>
      </trkpt>
      <trkpt lat="42.4337200" lon="-2.8238900">
        <ele>548.2</ele>
      </trkpt>
      <trkpt lat="42.4337600" lon="-2.8245300">
        <ele>549.2</ele>
      </trkpt>
      <trkpt lat="42.4338100" lon="-2.8251700">
        <ele>549.8</ele>
      </trkpt>
      <trkpt lat="42.4338600" lon="-2.8258100">
        <ele>550.2</ele>
      </trkpt>
      <trkpt lat="42.4339100" lon="-2.8264500">
        <ele>550.2</ele>
      </trkpt>
      <trkpt lat="42.4339500" lon="-2.8270900">
        <ele>550.2</ele>
      </trkpt>
      <trkpt lat="42.4340000" lon="-2.8277300">
        <ele>550.4</ele>
      </trkpt>
      <trkpt lat="42.4341200" lon="-2.8285900">
        <ele>551.0</ele>
      </trkpt>
      <trkpt lat="42.4341300" lon="-2.8292200">
        <ele>551.8</ele>
      </trkpt>
      <trkpt lat="42.4341300" lon="-2.8298600">
        <ele>552.8</ele>
      </trkpt>
      <trkpt lat="42.4341400" lon="-2.8304900">
        <ele>553.8</ele>
      </trkpt>
      <trkpt lat="42.4342400" lon="-2.8313600">
        <ele>554.6</ele>
      </trkpt>
      <trkpt lat="42.4342200" lon="-2.8320400">
        <ele>555.3</ele>
      </trkpt>
      <trkpt lat="42.4341900" lon="-2.8327100">
        <ele>556.1</ele>
      </trkpt>
      <trkpt lat="42.4339000" lon="-2.8333300">
        <ele>556.9</ele>
      </trkpt>
      <trkpt lat="42.4336000" lon="-2.8339400">
        <ele>557.7</ele>
      </trkpt>
      <trkpt lat="42.4335800" lon="-2.8345700">
        <ele>558.4</ele>
      </trkpt>
      <trkpt lat="42.4335500" lon="-2.8351900">
        <ele>559.1</ele>
      </trkpt>
      <trkpt lat="42.4335300" lon="-2.8358200">
        <ele>559.6</ele>
      </trkpt>
      <trkpt lat="42.4335600" lon="-2.8365800">
        <ele>560.0</ele>
      </trkpt>
      <trkpt lat="42.4335900" lon="-2.8373400">
        <ele>560.5</ele>
      </trkpt>
      <trkpt lat="42.4336200" lon="-2.8380900">
        <ele>561.0</ele>
      </trkpt>
      <trkpt lat="42.4336500" lon="-2.8388500">
        <ele>561.3</ele>
      </trkpt>
      <trkpt lat="42.4340200" lon="-2.8399200">
        <ele>561.5</ele>
      </trkpt>
      <trkpt lat="42.4340200" lon="-2.8405700">
        <ele>561.7</ele>
      </trkpt>
      <trkpt lat="42.4340100" lon="-2.8412200">
        <ele>561.7</ele>
      </trkpt>
      <trkpt lat="42.4337500" lon="-2.8412800">
        <ele>561.8</ele>
      </trkpt>
      <trkpt lat="42.4336800" lon="-2.8413700">
        <ele>562.2</ele>
      </trkpt>
      <trkpt lat="42.4333900" lon="-2.8421700">
        <ele>562.9</ele>
      </trkpt>
      <trkpt lat="42.4332600" lon="-2.8428300">
        <ele>563.9</ele>
      </trkpt>
      <trkpt lat="42.4331200" lon="-2.8434900">
        <ele>564.8</ele>
      </trkpt>
      <trkpt lat="42.4329900" lon="-2.8441600">
        <ele>565.7</ele>
      </trkpt>
      <trkpt lat="42.4328500" lon="-2.8448200">
        <ele>566.4</ele>
      </trkpt>
      <trkpt lat="42.4327200" lon="-2.8454800">
        <ele>567.3</ele>
      </trkpt>
      <trkpt lat="42.4326600" lon="-2.8462800">
        <ele>568.1</ele>
      </trkpt>
      <trkpt lat="42.4328000" lon="-2.8469500">
        <ele>569.0</ele>
      </trkpt>
      <trkpt lat="42.4329300" lon="-2.8476200">
        <ele>569.6</ele>
      </trkpt>
      <trkpt lat="42.4329800" lon="-2.8483300">
        <ele>570.0</ele>
      </trkpt>
      <trkpt lat="42.4328100" lon="-2.8487500">
        <ele>570.3</ele>
      </trkpt>
      <trkpt lat="42.4323900" lon="-2.8492500">
        <ele>570.4</ele>
      </trkpt>
      <trkpt lat="42.4322200" lon="-2.8498300">
        <ele>570.8</ele>
      </trkpt>
      <trkpt lat="42.4320500" lon="-2.8504100">
        <ele>571.7</ele>
      </trkpt>
      <trkpt lat="42.4318800" lon="-2.8509900">
        <ele>572.8</ele>
      </trkpt>
      <trkpt lat="42.4317000" lon="-2.8515600">
        <ele>574.1</ele>
      </trkpt>
      <trkpt lat="42.4315300" lon="-2.8521400">
        <ele>575.4</ele>
      </trkpt>
      <trkpt lat="42.4313600" lon="-2.8527200">
        <ele>576.3</ele>
      </trkpt>
      <trkpt lat="42.4311900" lon="-2.8533000">
        <ele>576.8</ele>
      </trkpt>
      <trkpt lat="42.4308900" lon="-2.8538800">
        <ele>577.1</ele>
      </trkpt>
      <trkpt lat="42.4305800" lon="-2.8544700">
        <ele>577.5</ele>
      </trkpt>
      <trkpt lat="42.4302800" lon="-2.8550500">
        <ele>577.8</ele>
      </trkpt>
      <trkpt lat="42.4299700" lon="-2.8556400">
        <ele>578.5</ele>
      </trkpt>
      <trkpt lat="42.4296700" lon="-2.8562200">
        <ele>579.8</ele>
      </trkpt>
      <trkpt lat="42.4293800" lon="-2.8567300">
        <ele>581.6</ele>
      </trkpt>
      <trkpt lat="42.4290900" lon="-2.8572300">
        <ele>583.4</ele>
      </trkpt>
      <trkpt lat="42.4288000" lon="-2.8577400">
        <ele>585.3</ele>
      </trkpt>
      <trkpt lat="42.4285200" lon="-2.8582500">
        <ele>587.2</ele>
      </trkpt>
      <trkpt lat="42.4282300" lon="-2.8587500">
        <ele>588.7</ele>
      </trkpt>
      <trkpt lat="42.4279400" lon="-2.8592600">
        <ele>589.8</ele>
      </trkpt>
      <trkpt lat="42.4276500" lon="-2.8597600">
        <ele>590.6</ele>
      </trkpt>
      <trkpt lat="42.4273600" lon="-2.8602700">
        <ele>591.3</ele>
      </trkpt>
      <trkpt lat="42.4274100" lon="-2.8604700">
        <ele>591.9</ele>
      </trkpt>
      <trkpt lat="42.4273500" lon="-2.8611300">
        <ele>592.5</ele>
      </trkpt>
      <trkpt lat="42.4273000" lon="-2.8617800">
        <ele>593.6</ele>
      </trkpt>
      <trkpt lat="42.4272400" lon="-2.8624400">
        <ele>595.3</ele>
      </trkpt>
      <trkpt lat="42.4271800" lon="-2.8631000">
        <ele>597.5</ele>
      </trkpt>
      <trkpt lat="42.4271200" lon="-2.8637600">
        <ele>600.2</ele>
      </trkpt>
      <trkpt lat="42.4270700" lon="-2.8644100">
        <ele>603.0</ele>
      </trkpt>
      <trkpt lat="42.4270100" lon="-2.8650700">
        <ele>605.7</ele>
      </trkpt>
      <trkpt lat="42.4268400" lon="-2.8656600">
        <ele>608.0</ele>
      </trkpt>
      <trkpt lat="42.4266700" lon="-2.8662400">
        <ele>609.8</ele>
      </trkpt>
      <trkpt lat="42.4265100" lon="-2.8668300">
        <ele>611.1</ele>
      </trkpt>
      <trkpt lat="42.4263400" lon="-2.8674100">
        <ele>612.2</ele>
      </trkpt>
      <trkpt lat="42.4261700" lon="-2.8679900">
        <ele>613.2</ele>
      </trkpt>
      <trkpt lat="42.4260000" lon="-2.8685800">
        <ele>614.7</ele>
      </trkpt>
      <trkpt lat="42.4258300" lon="-2.8691700">
        <ele>616.8</ele>
      </trkpt>
      <trkpt lat="42.4256700" lon="-2.8697500">
        <ele>620.3</ele>
      </trkpt>
      <trkpt lat="42.4255000" lon="-2.8703400">
        <ele>624.8</ele>
      </trkpt>
      <trkpt lat="42.4253300" lon="-2.8709200">
        <ele>629.7</ele>
      </trkpt>
      <trkpt lat="42.4252300" lon="-2.8717100">
        <ele>635.1</ele>
      </trkpt>
      <trkpt lat="42.4251300" lon="-2.8725100">
        <ele>640.4</ele>
      </trkpt>
      <trkpt lat="42.4250300" lon="-2.8733000">
        <ele>645.2</ele>
      </trkpt>
      <trkpt lat="42.4248900" lon="-2.8738800">
        <ele>649.8</ele>
      </trkpt>
      <trkpt lat="42.4247500" lon="-2.8744700">
        <ele>654.4</ele>
      </trkpt>
      <trkpt lat="42.4246100" lon="-2.8750500">
        <ele>658.6</ele>
      </trkpt>
      <trkpt lat="42.4244700" lon="-2.8756400">
        <ele>663.0</ele>
      </trkpt>
      <trkpt lat="42.4243300" lon="-2.8762200">
        <ele>668.4</ele>
      </trkpt>
      <trkpt lat="42.4241300" lon="-2.8767900">
        <ele>673.7</ele>
      </trkpt>
      <trkpt lat="42.4237100" lon="-2.8776000">
        <ele>678.9</ele>
      </trkpt>
      <trkpt lat="42.4233900" lon="-2.8780600">
        <ele>684.0</ele>
      </trkpt>
      <trkpt lat="42.4230800" lon="-2.8785100">
        <ele>688.6</ele>
      </trkpt>
      <trkpt lat="42.4227600" lon="-2.8789700">
        <ele>692.1</ele>
      </trkpt>
      <trkpt lat="42.4224700" lon="-2.8794600">
        <ele>694.9</ele>
      </trkpt>
      <trkpt lat="42.4221800" lon="-2.8799400">
        <ele>697.3</ele>
      </trkpt>
      <trkpt lat="42.4218900" lon="-2.8804300">
        <ele>699.4</ele>
      </trkpt>
      <trkpt lat="42.4216100" lon="-2.8809100">
        <ele>701.3</ele>
      </trkpt>
      <trkpt lat="42.4213200" lon="-2.8814000">
        <ele>702.8</ele>
      </trkpt>
      <trkpt lat="42.4210300" lon="-2.8818800">
        <ele>704.2</ele>
      </trkpt>
      <trkpt lat="42.4207400" lon="-2.8823700">
        <ele>705.2</ele>
      </trkpt>
      <trkpt lat="42.4204500" lon="-2.8828600">
        <ele>706.4</ele>
      </trkpt>
      <trkpt lat="42.4201600" lon="-2.8833400">
        <ele>707.6</ele>
      </trkpt>
      <trkpt lat="42.4198700" lon="-2.8838300">
        <ele>709.0</ele>
      </trkpt>
      <trkpt lat="42.4195900" lon="-2.8843100">
        <ele>710.7</ele>
      </trkpt>
      <trkpt lat="42.4193000" lon="-2.8848000">
        <ele>712.6</ele>
      </trkpt>
      <trkpt lat="42.4190100" lon="-2.8852800">
        <ele>714.3</ele>
      </trkpt>
      <trkpt lat="42.4187200" lon="-2.8857700">
        <ele>716.0</ele>
      </trkpt>
      <trkpt lat="42.4183200" lon="-2.8861400">
        <ele>717.8</ele>
      </trkpt>
      <trkpt lat="42.4179100" lon="-2.8865100">
        <ele>719.6</ele>
      </trkpt>
      <trkpt lat="42.4175900" lon="-2.8870100">
        <ele>721.0</ele>
      </trkpt>
      <trkpt lat="42.4172800" lon="-2.8875200">
        <ele>722.5</ele>
      </trkpt>
      <trkpt lat="42.4169600" lon="-2.8880200">
        <ele>724.1</ele>
      </trkpt>
      <trkpt lat="42.4166400" lon="-2.8885300">
        <ele>725.3</ele>
      </trkpt>
      <trkpt lat="42.4163200" lon="-2.8890300">
        <ele>726.3</ele>
      </trkpt>
      <trkpt lat="42.4160100" lon="-2.8895400">
        <ele>727.1</ele>
      </trkpt>
      <trkpt lat="42.4156900" lon="-2.8900400">
        <ele>727.5</ele>
      </trkpt>
      <trkpt lat="42.4157100" lon="-2.8906700">
        <ele>727.5</ele>
      </trkpt>
      <trkpt lat="42.4157300" lon="-2.8913100">
        <ele>727.1</ele>
      </trkpt>
      <trkpt lat="42.4157500" lon="-2.8919400">
        <ele>726.7</ele>
      </trkpt>
      <trkpt lat="42.4157800" lon="-2.8925700">
        <ele>726.8</ele>
      </trkpt>
      <trkpt lat="42.4158000" lon="-2.8932000">
        <ele>727.0</ele>
      </trkpt>
      <trkpt lat="42.4158200" lon="-2.8938400">
        <ele>727.4</ele>
      </trkpt>
      <trkpt lat="42.4158400" lon="-2.8944700">
        <ele>728.3</ele>
      </trkpt>
      <trkpt lat="42.4156200" lon="-2.8945200">
        <ele>729.8</ele>
      </trkpt>
      <trkpt lat="42.4150200" lon="-2.8950700">
        <ele>731.4</ele>
      </trkpt>
      <trkpt lat="42.4146000" lon="-2.8953400">
        <ele>733.1</ele>
      </trkpt>
      <trkpt lat="42.4140500" lon="-2.8959000">
        <ele>735.3</ele>
      </trkpt>
      <trkpt lat="42.4139000" lon="-2.8961300">
        <ele>737.2</ele>
      </trkpt>
      <trkpt lat="42.4133700" lon="-2.8961500">
        <ele>738.2</ele>
      </trkpt>
      <trkpt lat="42.4132800" lon="-2.8963300">
        <ele>738.5</ele>
      </trkpt>
      <trkpt lat="42.4134800" lon="-2.8963000">
        <ele>738.5</ele>
      </trkpt>
      <trkpt lat="42.4135400" lon="-2.8964100">
        <ele>737.6</ele>
      </trkpt>
      <trkpt lat="42.4136900" lon="-2.8964500">
        <ele>735.9</ele>
      </trkpt>
      <trkpt lat="42.4138100" lon="-2.8965500">
        <ele>734.0</ele>
      </trkpt>
      <trkpt lat="42.4139500" lon="-2.8969100">
        <ele>732.1</ele>
      </trkpt>
      <trkpt lat="42.4142700" lon="-2.8971100">
        <ele>730.2</ele>
      </trkpt>
      <trkpt lat="42.4145300" lon="-2.8978800">
        <ele>728.3</ele>
      </trkpt>
      <trkpt lat="42.4147600" lon="-2.8983200">
        <ele>727.0</ele>
      </trkpt>
      <trkpt lat="42.4152500" lon="-2.8987400">
        <ele>726.0</ele>
      </trkpt>
      <trkpt lat="42.4153400" lon="-2.8993800">
        <ele>725.5</ele>
      </trkpt>
      <trkpt lat="42.4154200" lon="-2.9000200">
        <ele>725.0</ele>
      </trkpt>
      <trkpt lat="42.4155100" lon="-2.9006700">
        <ele>724.6</ele>
      </trkpt>
      <trkpt lat="42.4155900" lon="-2.9013100">
        <ele>724.5</ele>
      </trkpt>
      <trkpt lat="42.4156800" lon="-2.9019500">
        <ele>725.0</ele>
      </trkpt>
      <trkpt lat="42.4157600" lon="-2.9025900">
        <ele>725.9</ele>
      </trkpt>
      <trkpt lat="42.4158500" lon="-2.9032300">
        <ele>727.1</ele>
      </trkpt>
      <trkpt lat="42.4159300" lon="-2.9038800">
        <ele>727.9</ele>
      </trkpt>
      <trkpt lat="42.4160200" lon="-2.9045200">
        <ele>727.8</ele>
      </trkpt>
      <trkpt lat="42.4161000" lon="-2.9051600">
        <ele>726.3</ele>
      </trkpt>
      <trkpt lat="42.4163000" lon="-2.9057400">
        <ele>723.5</ele>
      </trkpt>
      <trkpt lat="42.4164900" lon="-2.9063200">
        <ele>719.9</ele>
      </trkpt>
      <trkpt lat="42.4166900" lon="-2.9068900">
        <ele>716.5</ele>
      </trkpt>
      <trkpt lat="42.4168800" lon="-2.9074700">
        <ele>714.0</ele>
      </trkpt>
      <trkpt lat="42.4170800" lon="-2.9080500">
        <ele>712.8</ele>
      </trkpt>
      <trkpt lat="42.4172800" lon="-2.9086300">
        <ele>712.6</ele>
      </trkpt>
      <trkpt lat="42.4174700" lon="-2.9092100">
        <ele>713.1</ele>
      </trkpt>
      <trkpt lat="42.4176700" lon="-2.9097800">
        <ele>714.0</ele>
      </trkpt>
      <trkpt lat="42.4178600" lon="-2.9103600">
        <ele>714.4</ele>
      </trkpt>
      <trkpt lat="42.4180600" lon="-2.9109400">
        <ele>714.2</ele>
      </trkpt>
      <trkpt lat="42.4183500" lon="-2.9114300">
        <ele>713.7</ele>
      </trkpt>
      <trkpt lat="42.4186500" lon="-2.9119200">
        <ele>713.6</ele>
      </trkpt>
      <trkpt lat="42.4189400" lon="-2.9124100">
        <ele>714.0</ele>
      </trkpt>
      <trkpt lat="42.4192400" lon="-2.9129000">
        <ele>715.6</ele>
      </trkpt>
      <trkpt lat="42.4195300" lon="-2.9133900">
        <ele>717.9</ele>
      </trkpt>
      <trkpt lat="42.4198300" lon="-2.9138800">
        <ele>720.7</ele>
      </trkpt>
      <trkpt lat="42.4201200" lon="-2.9143700">
        <ele>723.2</ele>
      </trkpt>
      <trkpt lat="42.4204200" lon="-2.9148600">
        <ele>725.6</ele>
      </trkpt>
      <trkpt lat="42.4207100" lon="-2.9153400">
        <ele>727.7</ele>
      </trkpt>
      <trkpt lat="42.4210100" lon="-2.9158300">
        <ele>729.3</ele>
      </trkpt>
      <trkpt lat="42.4213000" lon="-2.9163200">
        <ele>730.4</ele>
      </trkpt>
      <trkpt lat="42.4216000" lon="-2.9168100">
        <ele>731.2</ele>
      </trkpt>
      <trkpt lat="42.4218900" lon="-2.9173000">
        <ele>731.0</ele>
      </trkpt>
      <trkpt lat="42.4221900" lon="-2.9177900">
        <ele>729.9</ele>
      </trkpt>
      <trkpt lat="42.4224800" lon="-2.9182800">
        <ele>728.0</ele>
      </trkpt>
      <trkpt lat="42.4227800" lon="-2.9187700">
        <ele>725.4</ele>
      </trkpt>
      <trkpt lat="42.4230700" lon="-2.9192600">
        <ele>721.9</ele>
      </trkpt>
      <trkpt lat="42.4234200" lon="-2.9196600">
        <ele>717.5</ele>
      </trkpt>
      <trkpt lat="42.4237700" lon="-2.9200500">
        <ele>712.0</ele>
      </trkpt>
      <trkpt lat="42.4241100" lon="-2.9204500">
        <ele>705.7</ele>
      </trkpt>
      <trkpt lat="42.4244600" lon="-2.9208500">
        <ele>699.4</ele>
      </trkpt>
      <trkpt lat="42.4248100" lon="-2.9212400">
        <ele>693.2</ele>
      </trkpt>
      <trkpt lat="42.4251600" lon="-2.9216400">
        <ele>688.0</ele>
      </trkpt>
      <trkpt lat="42.4255100" lon="-2.9220400">
        <ele>683.9</ele>
      </trkpt>
      <trkpt lat="42.4258500" lon="-2.9224300">
        <ele>680.7</ele>
      </trkpt>
      <trkpt lat="42.4262000" lon="-2.9228300">
        <ele>678.4</ele>
      </trkpt>
      <trkpt lat="42.4265500" lon="-2.9232300">
        <ele>676.6</ele>
      </trkpt>
      <trkpt lat="42.4269000" lon="-2.9236200">
        <ele>674.9</ele>
      </trkpt>
      <trkpt lat="42.4272500" lon="-2.9240200">
        <ele>673.7</ele>
      </trkpt>
      <trkpt lat="42.4275900" lon="-2.9244200">
        <ele>672.9</ele>
      </trkpt>
      <trkpt lat="42.4279400" lon="-2.9248100">
        <ele>672.5</ele>
      </trkpt>
      <trkpt lat="42.4282900" lon="-2.9252100">
        <ele>672.4</ele>
      </trkpt>
      <trkpt lat="42.4286400" lon="-2.9256100">
        <ele>672.3</ele>
      </trkpt>
      <trkpt lat="42.4289900" lon="-2.9260100">
        <ele>672.1</ele>
      </trkpt>
      <trkpt lat="42.4293400" lon="-2.9264000">
        <ele>671.3</ele>
      </trkpt>
      <trkpt lat="42.4296800" lon="-2.9268000">
        <ele>669.7</ele>
      </trkpt>
      <trkpt lat="42.4300300" lon="-2.9272000">
        <ele>667.2</ele>
      </trkpt>
      <trkpt lat="42.4303800" lon="-2.9275900">
        <ele>664.2</ele>
      </trkpt>
      <trkpt lat="42.4307300" lon="-2.9279900">
        <ele>660.5</ele>
      </trkpt>
      <trkpt lat="42.4310800" lon="-2.9283900">
        <ele>656.3</ele>
      </trkpt>
      <trkpt lat="42.4314200" lon="-2.9287800">
        <ele>652.4</ele>
      </trkpt>
      <trkpt lat="42.4317700" lon="-2.9291800">
        <ele>649.0</ele>
      </trkpt>
      <trkpt lat="42.4321200" lon="-2.9295800">
        <ele>646.2</ele>
      </trkpt>
      <trkpt lat="42.4324700" lon="-2.9299700">
        <ele>644.1</ele>
      </trkpt>
      <trkpt lat="42.4328200" lon="-2.9303700">
        <ele>642.7</ele>
      </trkpt>
      <trkpt lat="42.4331600" lon="-2.9307700">
        <ele>641.2</ele>
      </trkpt>
      <trkpt lat="42.4335100" lon="-2.9311600">
        <ele>639.4</ele>
      </trkpt>
      <trkpt lat="42.4338600" lon="-2.9315600">
        <ele>637.8</ele>
      </trkpt>
      <trkpt lat="42.4342700" lon="-2.9319700">
        <ele>636.5</ele>
      </trkpt>
      <trkpt lat="42.4346700" lon="-2.9323900">
        <ele>635.4</ele>
      </trkpt>
      <trkpt lat="42.4350800" lon="-2.9328000">
        <ele>634.9</ele>
      </trkpt>
      <trkpt lat="42.4354800" lon="-2.9332100">
        <ele>634.8</ele>
      </trkpt>
      <trkpt lat="42.4360700" lon="-2.9338900">
        <ele>634.9</ele>
      </trkpt>
      <trkpt lat="42.4365300" lon="-2.9347400">
        <ele>635.1</ele>
      </trkpt>
      <trkpt lat="42.4367000" lon="-2.9352100">
        <ele>635.2</ele>
      </trkpt>
      <trkpt lat="42.4368600" lon="-2.9358100">
        <ele>635.2</ele>
      </trkpt>
      <trkpt lat="42.4370200" lon="-2.9364000">
        <ele>635.2</ele>
      </trkpt>
      <trkpt lat="42.4371900" lon="-2.9370000">
        <ele>635.0</ele>
      </trkpt>
      <trkpt lat="42.4373500" lon="-2.9376000">
        <ele>634.8</ele>
      </trkpt>
      <trkpt lat="42.4375100" lon="-2.9381900">
        <ele>634.5</ele>
      </trkpt>
      <trkpt lat="42.4376700" lon="-2.9387900">
        <ele>634.2</ele>
      </trkpt>
      <trkpt lat="42.4379200" lon="-2.9390300">
        <ele>634.2</ele>
      </trkpt>
      <trkpt lat="42.4382100" lon="-2.9390000">
        <ele>634.6</ele>
      </trkpt>
      <trkpt lat="42.4383300" lon="-2.9396400">
        <ele>635.2</ele>
      </trkpt>
      <trkpt lat="42.4384400" lon="-2.9402800">
        <ele>635.8</ele>
      </trkpt>
      <trkpt lat="42.4385600" lon="-2.9409300">
        <ele>636.6</ele>
      </trkpt>
      <trkpt lat="42.4386700" lon="-2.9415700">
        <ele>637.2</ele>
      </trkpt>
      <trkpt lat="42.4387900" lon="-2.9422100">
        <ele>637.5</ele>
      </trkpt>
      <trkpt lat="42.4389000" lon="-2.9428500">
        <ele>637.8</ele>
      </trkpt>
      <trkpt lat="42.4390200" lon="-2.9435000">
        <ele>638.1</ele>
      </trkpt>
      <trkpt lat="42.4391300" lon="-2.9441400">
        <ele>638.3</ele>
      </trkpt>
      <trkpt lat="42.4392500" lon="-2.9447800">
        <ele>638.4</ele>
      </trkpt>
      <trkpt lat="42.4393100" lon="-2.9448000">
        <ele>638.4</ele>
      </trkpt>
      <trkpt lat="42.4394400" lon="-2.9454100">
        <ele>638.4</ele>
      </trkpt>
      <trkpt lat="42.4395700" lon="-2.9460200">
        <ele>638.6</ele>
      </trkpt>
      <trkpt lat="42.4397100" lon="-2.9466400">
        <ele>638.6</ele>
      </trkpt>
      <trkpt lat="42.4398400" lon="-2.9472500">
        <ele>638.6</ele>
      </trkpt>
      <trkpt lat="42.4399700" lon="-2.9478600">
        <ele>638.9</ele>
      </trkpt>
      <trkpt lat="42.4401000" lon="-2.9484700">
        <ele>639.5</ele>
      </trkpt>
      <trkpt lat="42.4402400" lon="-2.9490900">
        <ele>640.3</ele>
      </trkpt>
      <trkpt lat="42.4403700" lon="-2.9497000">
        <ele>641.4</ele>
      </trkpt>
      <trkpt lat="42.4405000" lon="-2.9503100">
        <ele>642.6</ele>
      </trkpt>
      <trkpt lat="42.4406000" lon="-2.9509200">
        <ele>643.4</ele>
      </trkpt>
      <trkpt lat="42.4406900" lon="-2.9515200">
        <ele>644.1</ele>
      </trkpt>
      <trkpt lat="42.4407900" lon="-2.9521200">
        <ele>644.8</ele>
      </trkpt>
      <trkpt lat="42.4408800" lon="-2.9527300">
        <ele>645.3</ele>
      </trkpt>
      <trkpt lat="42.4409400" lon="-2.9532800">
        <ele>645.5</ele>
      </trkpt>
      <trkpt lat="42.4408500" lon="-2.9535500">
        <ele>645.4</ele>
      </trkpt>
      <trkpt lat="42.4409700" lon="-2.9542200">
        <ele>644.8</ele>
      </trkpt>
      <trkpt lat="42.4410200" lon="-2.9550700">
        <ele>644.0</ele>
      </trkpt>
      <trkpt lat="42.4410600" lon="-2.9559200">
        <ele>643.0</ele>
      </trkpt>
      <trkpt lat="42.4411300" lon="-2.9565300">
        <ele>642.4</ele>
      </trkpt>
      <trkpt lat="42.4411900" lon="-2.9571500">
        <ele>641.9</ele>
      </trkpt>
      <trkpt lat="42.4410000" lon="-2.9572000">
        <ele>641.5</ele>
      </trkpt>
      <trkpt lat="42.4410500" lon="-2.9579100">
        <ele>641.1</ele>
      </trkpt>
      <trkpt lat="42.4411000" lon="-2.9586100">
        <ele>640.8</ele>
      </trkpt>
      <trkpt lat="42.4414300" lon="-2.9592200">
        <ele>639.9</ele>
      </trkpt>
      <trkpt lat="42.4416100" lon="-2.9598300">
        <ele>639.0</ele>
      </trkpt>
      <trkpt lat="42.4418000" lon="-2.9604300">
        <ele>638.4</ele>
      </trkpt>
      <trkpt lat="42.4419800" lon="-2.9610400">
        <ele>638.1</ele>
      </trkpt>
      <trkpt lat="42.4421700" lon="-2.9616400">
        <ele>638.0</ele>
      </trkpt>
      <trkpt lat="42.4423500" lon="-2.9622500">
        <ele>638.2</ele>
      </trkpt>
      <trkpt lat="42.4424200" lon="-2.9622100">
        <ele>638.7</ele>
      </trkpt>
      <trkpt lat="42.4425600" lon="-2.9623000">
        <ele>638.9</ele>
      </trkpt>
      <trkpt lat="42.4426700" lon="-2.9627000">
        <ele>638.9</ele>
      </trkpt>
      <trkpt lat="42.4429900" lon="-2.9633400">
        <ele>639.0</ele>
      </trkpt>
      <trkpt lat="42.4434100" lon="-2.9639300">
        <ele>639.1</ele>
      </trkpt>
      <trkpt lat="42.4438300" lon="-2.9645100">
        <ele>639.0</ele>
      </trkpt>
      <trkpt lat="42.4438700" lon="-2.9648300">
        <ele>638.7</ele>
      </trkpt>
      <trkpt lat="42.4442300" lon="-2.9651500">
        <ele>638.4</ele>
      </trkpt>
      <trkpt lat="42.4446100" lon="-2.9661200">
        <ele>637.9</ele>
      </trkpt>
      <trkpt lat="42.4447500" lon="-2.9667500">
        <ele>637.3</ele>
      </trkpt>
      <trkpt lat="42.4448900" lon="-2.9673800">
        <ele>636.3</ele>
      </trkpt>
      <trkpt lat="42.4450300" lon="-2.9680100">
        <ele>635.3</ele>
      </trkpt>
      <trkpt lat="42.4451700" lon="-2.9686400">
        <ele>634.2</ele>
      </trkpt>
      <trkpt lat="42.4453000" lon="-2.9692600">
        <ele>633.1</ele>
      </trkpt>
      <trkpt lat="42.4454400" lon="-2.9698900">
        <ele>632.1</ele>
      </trkpt>
      <trkpt lat="42.4455800" lon="-2.9705200">
        <ele>631.3</ele>
      </trkpt>
      <trkpt lat="42.4457200" lon="-2.9711500">
        <ele>630.8</ele>
      </trkpt>
      <trkpt lat="42.4458600" lon="-2.9717800">
        <ele>630.5</ele>
      </trkpt>
      <trkpt lat="42.4453500" lon="-2.9719500">
        <ele>630.2</ele>
      </trkpt>
      <trkpt lat="42.4453400" lon="-2.9723100">
        <ele>630.2</ele>
      </trkpt>
      <trkpt lat="42.4455200" lon="-2.9728900">
        <ele>630.4</ele>
      </trkpt>
      <trkpt lat="42.4457000" lon="-2.9734600">
        <ele>630.6</ele>
      </trkpt>
      <trkpt lat="42.4458800" lon="-2.9740400">
        <ele>630.9</ele>
      </trkpt>
      <trkpt lat="42.4460600" lon="-2.9746100">
        <ele>631.2</ele>
      </trkpt>
      <trkpt lat="42.4462500" lon="-2.9751900">
        <ele>631.3</ele>
      </trkpt>
      <trkpt lat="42.4464300" lon="-2.9757600">
        <ele>631.4</ele>
      </trkpt>
      <trkpt lat="42.4466100" lon="-2.9763400">
        <ele>631.6</ele>
      </trkpt>
      <trkpt lat="42.4467900" lon="-2.9769100">
        <ele>631.9</ele>
      </trkpt>
      <trkpt lat="42.4469700" lon="-2.9774900">
        <ele>632.1</ele>
      </trkpt>
      <trkpt lat="42.4471400" lon="-2.9781300">
        <ele>632.7</ele>
      </trkpt>
      <trkpt lat="42.4473100" lon="-2.9787600">
        <ele>633.3</ele>
      </trkpt>
      <trkpt lat="42.4474700" lon="-2.9794000">
        <ele>633.8</ele>
      </trkpt>
      <trkpt lat="42.4476400" lon="-2.9800300">
        <ele>634.5</ele>
      </trkpt>
      <trkpt lat="42.4478200" lon="-2.9803400">
        <ele>635.5</ele>
      </trkpt>
      <trkpt lat="42.4479800" lon="-2.9809300">
        <ele>636.2</ele>
      </trkpt>
      <trkpt lat="42.4480100" lon="-2.9815100">
        <ele>637.0</ele>
      </trkpt>
      <trkpt lat="42.4481800" lon="-2.9821800">
        <ele>637.8</ele>
      </trkpt>
      <trkpt lat="42.4483500" lon="-2.9828500">
        <ele>638.5</ele>
      </trkpt>
      <trkpt lat="42.4485200" lon="-2.9835200">
        <ele>639.4</ele>
      </trkpt>
      <trkpt lat="42.4486900" lon="-2.9841900">
        <ele>640.2</ele>
      </trkpt>
      <trkpt lat="42.4488800" lon="-2.9847400">
        <ele>641.1</ele>
      </trkpt>
      <trkpt lat="42.4490700" lon="-2.9853000">
        <ele>642.0</ele>
      </trkpt>
      <trkpt lat="42.4492600" lon="-2.9858500">
        <ele>642.6</ele>
      </trkpt>
      <trkpt lat="42.4493200" lon="-2.9859400">
        <ele>643.3</ele>
      </trkpt>
      <trkpt lat="42.4495200" lon="-2.9857900">
        <ele>644.2</ele>
      </trkpt>
      <trkpt lat="42.4496800" lon="-2.9863600">
        <ele>645.3</ele>
      </trkpt>
      <trkpt lat="42.4498500" lon="-2.9869300">
        <ele>646.9</ele>
      </trkpt>
      <trkpt lat="42.4500100" lon="-2.9875000">
        <ele>649.1</ele>
      </trkpt>
      <trkpt lat="42.4501200" lon="-2.9881200">
        <ele>651.7</ele>
      </trkpt>
      <trkpt lat="42.4501900" lon="-2.9888300">
        <ele>654.8</ele>
      </trkpt>
      <trkpt lat="42.4502700" lon="-2.9895400">
        <ele>658.1</ele>
      </trkpt>
      <trkpt lat="42.4503400" lon="-2.9902600">
        <ele>661.3</ele>
      </trkpt>
      <trkpt lat="42.4504100" lon="-2.9909700">
        <ele>664.2</ele>
      </trkpt>
      <trkpt lat="42.4505100" lon="-2.9916200">
        <ele>666.6</ele>
      </trkpt>
      <trkpt lat="42.4506100" lon="-2.9922700">
        <ele>668.2</ele>
      </trkpt>
      <trkpt lat="42.4507100" lon="-2.9929300">
        <ele>669.2</ele>
      </trkpt>
      <trkpt lat="42.4508100" lon="-2.9935800">
        <ele>669.3</ele>
      </trkpt>
      <trkpt lat="42.4509100" lon="-2.9942300">
        <ele>668.5</ele>
      </trkpt>
      <trkpt lat="42.4510100" lon="-2.9948800">
        <ele>667.6</ele>
      </trkpt>
      <trkpt lat="42.4511100" lon="-2.9955300">
        <ele>666.8</ele>
      </trkpt>
      <trkpt lat="42.4512100" lon="-2.9961900">
        <ele>666.0</ele>
      </trkpt>
      <trkpt lat="42.4513100" lon="-2.9968400">
        <ele>665.4</ele>
      </trkpt>
      <trkpt lat="42.4514100" lon="-2.9974900">
        <ele>664.7</ele>
      </trkpt>
      <trkpt lat="42.4514900" lon="-2.9981700">
        <ele>664.0</ele>
      </trkpt>
      <trkpt lat="42.4515700" lon="-2.9988600">
        <ele>662.9</ele>
      </trkpt>
      <trkpt lat="42.4516500" lon="-2.9995400">
        <ele>661.4</ele>
      </trkpt>
      <trkpt lat="42.4517200" lon="-3.0002200">
        <ele>660.1</ele>
      </trkpt>
      <trkpt lat="42.4518000" lon="-3.0009100">
        <ele>659.4</ele>
      </trkpt>
      <trkpt lat="42.4518800" lon="-3.0015900">
        <ele>658.9</ele>
      </trkpt>
      <trkpt lat="42.4519200" lon="-3.0022300">
        <ele>658.7</ele>
      </trkpt>
      <trkpt lat="42.4519500" lon="-3.0028700">
        <ele>658.9</ele>
      </trkpt>
      <trkpt lat="42.4519900" lon="-3.0035200">
        <ele>659.2</ele>
      </trkpt>
      <trkpt lat="42.4520200" lon="-3.0041600">
        <ele>659.5</ele>
      </trkpt>
      <trkpt lat="42.4520600" lon="-3.0048000">
        <ele>659.7</ele>
      </trkpt>
      <trkpt lat="42.4521200" lon="-3.0050100">
        <ele>660.0</ele>
      </trkpt>
      <trkpt lat="42.4522700" lon="-3.0051000">
        <ele>660.3</ele>
      </trkpt>
      <trkpt lat="42.4523200" lon="-3.0056800">
        <ele>660.5</ele>
      </trkpt>
      <trkpt lat="42.4521900" lon="-3.0057300">
        <ele>660.7</ele>
      </trkpt>
      <trkpt lat="42.4521300" lon="-3.0058200">
        <ele>661.4</ele>
      </trkpt>
      <trkpt lat="42.4521000" lon="-3.0061200">
        <ele>662.4</ele>
      </trkpt>
      <trkpt lat="42.4521700" lon="-3.0068000">
        <ele>663.9</ele>
      </trkpt>
      <trkpt lat="42.4522500" lon="-3.0074700">
        <ele>666.0</ele>
      </trkpt>
      <trkpt lat="42.4523200" lon="-3.0081500">
        <ele>668.5</ele>
      </trkpt>
      <trkpt lat="42.4524000" lon="-3.0088200">
        <ele>671.3</ele>
      </trkpt>
      <trkpt lat="42.4524700" lon="-3.0095000">
        <ele>674.1</ele>
      </trkpt>
      <trkpt lat="42.4525400" lon="-3.0101700">
        <ele>676.6</ele>
      </trkpt>
      <trkpt lat="42.4526200" lon="-3.0108500">
        <ele>678.6</ele>
      </trkpt>
      <trkpt lat="42.4526900" lon="-3.0115200">
        <ele>680.0</ele>
      </trkpt>
      <trkpt lat="42.4527400" lon="-3.0121300">
        <ele>680.7</ele>
      </trkpt>
      <trkpt lat="42.4527900" lon="-3.0127400">
        <ele>681.1</ele>
      </trkpt>
      <trkpt lat="42.4528400" lon="-3.0133500">
        <ele>681.6</ele>
      </trkpt>
      <trkpt lat="42.4528900" lon="-3.0139600">
        <ele>682.2</ele>
      </trkpt>
      <trkpt lat="42.4529400" lon="-3.0145700">
        <ele>682.9</ele>
      </trkpt>
      <trkpt lat="42.4529900" lon="-3.0151800">
        <ele>683.8</ele>
      </trkpt>
      <trkpt lat="42.4530400" lon="-3.0157900">
        <ele>684.6</ele>
      </trkpt>
      <trkpt lat="42.4530600" lon="-3.0161800">
        <ele>685.5</ele>
      </trkpt>
      <trkpt lat="42.4529600" lon="-3.0169400">
        <ele>686.1</ele>
      </trkpt>
      <trkpt lat="42.4530000" lon="-3.0173500">
        <ele>686.8</ele>
      </trkpt>
      <trkpt lat="42.4527900" lon="-3.0173800">
        <ele>687.6</ele>
      </trkpt>
      <trkpt lat="42.4526900" lon="-3.0177600">
        <ele>688.5</ele>
      </trkpt>
      <trkpt lat="42.4525900" lon="-3.0183600">
        <ele>689.4</ele>
      </trkpt>
      <trkpt lat="42.4524800" lon="-3.0189500">
        <ele>690.6</ele>
      </trkpt>
      <trkpt lat="42.4523800" lon="-3.0195500">
        <ele>691.9</ele>
      </trkpt>
      <trkpt lat="42.4522800" lon="-3.0201500">
        <ele>693.4</ele>
      </trkpt>
      <trkpt lat="42.4521700" lon="-3.0207400">
        <ele>695.3</ele>
      </trkpt>
      <trkpt lat="42.4520700" lon="-3.0213400">
        <ele>697.8</ele>
      </trkpt>
      <trkpt lat="42.4519700" lon="-3.0219400">
        <ele>701.1</ele>
      </trkpt>
      <trkpt lat="42.4518600" lon="-3.0225300">
        <ele>705.1</ele>
      </trkpt>
      <trkpt lat="42.4517600" lon="-3.0231300">
        <ele>709.3</ele>
      </trkpt>
      <trkpt lat="42.4516600" lon="-3.0237300">
        <ele>713.2</ele>
      </trkpt>
      <trkpt lat="42.4515500" lon="-3.0243200">
        <ele>716.5</ele>
      </trkpt>
      <trkpt lat="42.4514500" lon="-3.0249200">
        <ele>719.4</ele>
      </trkpt>
      <trkpt lat="42.4513300" lon="-3.0249200">
        <ele>721.8</ele>
      </trkpt>
      <trkpt lat="42.4511200" lon="-3.0254600">
        <ele>723.8</ele>
      </trkpt>
      <trkpt lat="42.4509100" lon="-3.0260000">
        <ele>725.6</ele>
      </trkpt>
      <trkpt lat="42.4507000" lon="-3.0265400">
        <ele>727.4</ele>
      </trkpt>
      <trkpt lat="42.4504800" lon="-3.0270900">
        <ele>728.7</ele>
      </trkpt>
      <trkpt lat="42.4502700" lon="-3.0276300">
        <ele>729.8</ele>
      </trkpt>
      <trkpt lat="42.4500600" lon="-3.0281700">
        <ele>730.7</ele>
      </trkpt>
      <trkpt lat="42.4498500" lon="-3.0287100">
        <ele>730.2</ele>
      </trkpt>
      <trkpt lat="42.4495100" lon="-3.0294500">
        <ele>730.9</ele>
      </trkpt>
      <trkpt lat="42.4491700" lon="-3.0301900">
        <ele>731.1</ele>
      </trkpt>
      <trkpt lat="42.4488600" lon="-3.0298000">
        <ele>730.3</ele>
      </trkpt>
      <trkpt lat="42.4488100" lon="-3.0299500">
        <ele>728.8</ele>
      </trkpt>
      <trkpt lat="42.4489500" lon="-3.0301800">
        <ele>726.9</ele>
      </trkpt>
      <trkpt lat="42.4490200" lon="-3.0304300">
        <ele>722.2</ele>
      </trkpt>
      <trkpt lat="42.4488900" lon="-3.0310400">
        <ele>716.0</ele>
      </trkpt>
      <trkpt lat="42.4487500" lon="-3.0316400">
        <ele>709.3</ele>
      </trkpt>
      <trkpt lat="42.4486200" lon="-3.0322500">
        <ele>703.3</ele>
      </trkpt>
      <trkpt lat="42.4485900" lon="-3.0330700">
        <ele>698.5</ele>
      </trkpt>
      <trkpt lat="42.4489600" lon="-3.0328800">
        <ele>694.8</ele>
      </trkpt>
      <trkpt lat="42.4492000" lon="-3.0334000">
        <ele>692.5</ele>
      </trkpt>
      <trkpt lat="42.4494500" lon="-3.0339100">
        <ele>691.3</ele>
      </trkpt>
      <trkpt lat="42.4496900" lon="-3.0344300">
        <ele>689.8</ele>
      </trkpt>
      <trkpt lat="42.4499300" lon="-3.0349400">
        <ele>688.6</ele>
      </trkpt>
      <trkpt lat="42.4501700" lon="-3.0354600">
        <ele>688.0</ele>
      </trkpt>
      <trkpt lat="42.4504200" lon="-3.0359700">
        <ele>688.5</ele>
      </trkpt>
      <trkpt lat="42.4506600" lon="-3.0364900">
        <ele>689.9</ele>
      </trkpt>
      <trkpt lat="42.4509000" lon="-3.0370000">
        <ele>691.8</ele>
      </trkpt>
      <trkpt lat="42.4504700" lon="-3.0374400">
        <ele>693.8</ele>
      </trkpt>
      <trkpt lat="42.4500500" lon="-3.0378700">
        <ele>696.0</ele>
      </trkpt>
      <trkpt lat="42.4496200" lon="-3.0383100">
        <ele>698.2</ele>
      </trkpt>
      <trkpt lat="42.4492000" lon="-3.0387400">
        <ele>701.2</ele>
      </trkpt>
      <trkpt lat="42.4487700" lon="-3.0391800">
        <ele>704.8</ele>
      </trkpt>
      <trkpt lat="42.4484300" lon="-3.0401400">
        <ele>708.8</ele>
      </trkpt>
      <trkpt lat="42.4481300" lon="-3.0407000">
        <ele>713.2</ele>
      </trkpt>
      <trkpt lat="42.4478200" lon="-3.0412600">
        <ele>717.7</ele>
      </trkpt>
      <trkpt lat="42.4475200" lon="-3.0418200">
        <ele>721.4</ele>
      </trkpt>
      <trkpt lat="42.4472100" lon="-3.0423800">
        <ele>724.6</ele>
      </trkpt>
      <trkpt lat="42.4469100" lon="-3.0429400">
        <ele>727.5</ele>
      </trkpt>
      <trkpt lat="42.4465500" lon="-3.0434800">
        <ele>730.0</ele>
      </trkpt>
      <trkpt lat="42.4461800" lon="-3.0440100">
        <ele>732.2</ele>
      </trkpt>
      <trkpt lat="42.4458200" lon="-3.0445500">
        <ele>734.1</ele>
      </trkpt>
      <trkpt lat="42.4454500" lon="-3.0450800">
        <ele>734.9</ele>
      </trkpt>
      <trkpt lat="42.4450900" lon="-3.0456200">
        <ele>734.6</ele>
      </trkpt>
      <trkpt lat="42.4449400" lon="-3.0462200">
        <ele>733.6</ele>
      </trkpt>
      <trkpt lat="42.4447900" lon="-3.0468200">
        <ele>732.1</ele>
      </trkpt>
      <trkpt lat="42.4446400" lon="-3.0474200">
        <ele>730.6</ele>
      </trkpt>
      <trkpt lat="42.4444800" lon="-3.0480100">
        <ele>730.0</ele>
      </trkpt>
      <trkpt lat="42.4443300" lon="-3.0486100">
        <ele>730.1</ele>
      </trkpt>
      <trkpt lat="42.4441800" lon="-3.0492100">
        <ele>730.0</ele>
      </trkpt>
      <trkpt lat="42.4439900" lon="-3.0497900">
        <ele>729.2</ele>
      </trkpt>
      <trkpt lat="42.4438000" lon="-3.0503700">
        <ele>727.9</ele>
      </trkpt>
      <trkpt lat="42.4436000" lon="-3.0509500">
        <ele>726.5</ele>
      </trkpt>
      <trkpt lat="42.4434100" lon="-3.0515300">
        <ele>725.0</ele>
      </trkpt>
      <trkpt lat="42.4432200" lon="-3.0521100">
        <ele>724.0</ele>
      </trkpt>
      <trkpt lat="42.4428500" lon="-3.0527800">
        <ele>723.8</ele>
      </trkpt>
      <trkpt lat="42.4424900" lon="-3.0534400">
        <ele>723.7</ele>
      </trkpt>
      <trkpt lat="42.4418700" lon="-3.0543200">
        <ele>723.5</ele>
      </trkpt>
      <trkpt lat="42.4415900" lon="-3.0548300">
        <ele>723.6</ele>
      </trkpt>
      <trkpt lat="42.4413100" lon="-3.0553400">
        <ele>723.8</ele>
      </trkpt>
      <trkpt lat="42.4410300" lon="-3.0558500">
        <ele>724.2</ele>
      </trkpt>
      <trkpt lat="42.4407500" lon="-3.0563600">
        <ele>725.0</ele>
      </trkpt>
      <trkpt lat="42.4404700" lon="-3.0568700">
        <ele>725.9</ele>
      </trkpt>
      <trkpt lat="42.4401900" lon="-3.0573800">
        <ele>726.9</ele>
      </trkpt>
      <trkpt lat="42.4399100" lon="-3.0578900">
        <ele>727.8</ele>
      </trkpt>
      <trkpt lat="42.4396100" lon="-3.0585300">
        <ele>728.9</ele>
      </trkpt>
      <trkpt lat="42.4393100" lon="-3.0591700">
        <ele>730.1</ele>
      </trkpt>
      <trkpt lat="42.4390100" lon="-3.0598100">
        <ele>731.3</ele>
      </trkpt>
      <trkpt lat="42.4387100" lon="-3.0604500">
        <ele>732.5</ele>
      </trkpt>
      <trkpt lat="42.4384900" lon="-3.0610400">
        <ele>734.0</ele>
      </trkpt>
      <trkpt lat="42.4382800" lon="-3.0616400">
        <ele>735.0</ele>
      </trkpt>
      <trkpt lat="42.4380600" lon="-3.0622300">
        <ele>735.9</ele>
      </trkpt>
      <trkpt lat="42.4387200" lon="-3.0628200">
        <ele>736.7</ele>
      </trkpt>
      <trkpt lat="42.4388200" lon="-3.0631000">
        <ele>737.8</ele>
      </trkpt>
      <trkpt lat="42.4387800" lon="-3.0634100">
        <ele>738.9</ele>
      </trkpt>
      <trkpt lat="42.4385800" lon="-3.0640400">
        <ele>740.2</ele>
      </trkpt>
      <trkpt lat="42.4383700" lon="-3.0646700">
        <ele>741.5</ele>
      </trkpt>
      <trkpt lat="42.4381700" lon="-3.0653100">
        <ele>742.7</ele>
      </trkpt>
      <trkpt lat="42.4379700" lon="-3.0659400">
        <ele>743.3</ele>
      </trkpt>
      <trkpt lat="42.4377600" lon="-3.0665700">
        <ele>743.5</ele>
      </trkpt>
      <trkpt lat="42.4375600" lon="-3.0672000">
        <ele>743.2</ele>
      </trkpt>
      <trkpt lat="42.4375300" lon="-3.0676600">
        <ele>743.1</ele>
      </trkpt>
      <trkpt lat="42.4372600" lon="-3.0684700">
        <ele>743.1</ele>
      </trkpt>
      <trkpt lat="42.4371800" lon="-3.0690500">
        <ele>743.5</ele>
      </trkpt>
      <trkpt lat="42.4371800" lon="-3.0697400">
        <ele>744.8</ele>
      </trkpt>
      <trkpt lat="42.4371900" lon="-3.0704300">
        <ele>746.6</ele>
      </trkpt>
      <trkpt lat="42.4371900" lon="-3.0711300">
        <ele>748.8</ele>
      </trkpt>
      <trkpt lat="42.4372000" lon="-3.0718200">
        <ele>751.3</ele>
      </trkpt>
      <trkpt lat="42.4372000" lon="-3.0725100">
        <ele>753.7</ele>
      </trkpt>
      <trkpt lat="42.4372400" lon="-3.0731500">
        <ele>755.2</ele>
      </trkpt>
      <trkpt lat="42.4372700" lon="-3.0737900">
        <ele>756.0</ele>
      </trkpt>
      <trkpt lat="42.4373100" lon="-3.0744400">
        <ele>756.3</ele>
      </trkpt>
      <trkpt lat="42.4373500" lon="-3.0750800">
        <ele>755.7</ele>
      </trkpt>
      <trkpt lat="42.4373800" lon="-3.0757200">
        <ele>754.9</ele>
      </trkpt>
      <trkpt lat="42.4374200" lon="-3.0763600">
        <ele>754.2</ele>
      </trkpt>
      <trkpt lat="42.4374500" lon="-3.0770000">
        <ele>754.0</ele>
      </trkpt>
      <trkpt lat="42.4374900" lon="-3.0776400">
        <ele>754.1</ele>
      </trkpt>
      <trkpt lat="42.4375300" lon="-3.0782900">
        <ele>755.1</ele>
      </trkpt>
      <trkpt lat="42.4375600" lon="-3.0789300">
        <ele>756.2</ele>
      </trkpt>
      <trkpt lat="42.4376000" lon="-3.0795700">
        <ele>757.8</ele>
      </trkpt>
      <trkpt lat="42.4375000" lon="-3.0797200">
        <ele>759.2</ele>
      </trkpt>
      <trkpt lat="42.4370200" lon="-3.0800500">
        <ele>761.0</ele>
      </trkpt>
      <trkpt lat="42.4369900" lon="-3.0801400">
        <ele>762.8</ele>
      </trkpt>
      <trkpt lat="42.4370500" lon="-3.0808700">
        <ele>765.0</ele>
      </trkpt>
      <trkpt lat="42.4371100" lon="-3.0816000">
        <ele>766.9</ele>
      </trkpt>
      <trkpt lat="42.4370000" lon="-3.0822400">
        <ele>768.8</ele>
      </trkpt>
      <trkpt lat="42.4368900" lon="-3.0828700">
        <ele>770.0</ele>
      </trkpt>
      <trkpt lat="42.4367800" lon="-3.0835100">
        <ele>770.5</ele>
      </trkpt>
      <trkpt lat="42.4365800" lon="-3.0843000">
        <ele>770.1</ele>
      </trkpt>
      <trkpt lat="42.4365100" lon="-3.0849300">
        <ele>768.8</ele>
      </trkpt>
      <trkpt lat="42.4364400" lon="-3.0855500">
        <ele>767.2</ele>
      </trkpt>
      <trkpt lat="42.4363700" lon="-3.0861800">
        <ele>765.2</ele>
      </trkpt>
      <trkpt lat="42.4363900" lon="-3.0864200">
        <ele>763.3</ele>
      </trkpt>
      <trkpt lat="42.4366400" lon="-3.0865600">
        <ele>762.0</ele>
      </trkpt>
      <trkpt lat="42.4366200" lon="-3.0866600">
        <ele>760.9</ele>
      </trkpt>
      <trkpt lat="42.4360000" lon="-3.0873700">
        <ele>759.6</ele>
      </trkpt>
      <trkpt lat="42.4357000" lon="-3.0878300">
        <ele>758.2</ele>
      </trkpt>
      <trkpt lat="42.4354000" lon="-3.0882800">
        <ele>756.4</ele>
      </trkpt>
      <trkpt lat="42.4352200" lon="-3.0886700">
        <ele>754.7</ele>
      </trkpt>
      <trkpt lat="42.4351200" lon="-3.0893000">
        <ele>753.6</ele>
      </trkpt>
      <trkpt lat="42.4349100" lon="-3.0899000">
        <ele>753.6</ele>
      </trkpt>
      <trkpt lat="42.4347500" lon="-3.0905200">
        <ele>754.5</ele>
      </trkpt>
      <trkpt lat="42.4345800" lon="-3.0911300">
        <ele>756.2</ele>
      </trkpt>
      <trkpt lat="42.4344200" lon="-3.0917500">
        <ele>758.5</ele>
      </trkpt>
      <trkpt lat="42.4342500" lon="-3.0923600">
        <ele>761.1</ele>
      </trkpt>
      <trkpt lat="42.4340900" lon="-3.0929800">
        <ele>763.6</ele>
      </trkpt>
      <trkpt lat="42.4339600" lon="-3.0935900">
        <ele>765.4</ele>
      </trkpt>
      <trkpt lat="42.4338300" lon="-3.0942100">
        <ele>766.5</ele>
      </trkpt>
      <trkpt lat="42.4337000" lon="-3.0948200">
        <ele>766.6</ele>
      </trkpt>
      <trkpt lat="42.4335500" lon="-3.0954100">
        <ele>766.0</ele>
      </trkpt>
      <trkpt lat="42.4334100" lon="-3.0960000">
        <ele>765.2</ele>
      </trkpt>
      <trkpt lat="42.4332600" lon="-3.0965900">
        <ele>764.6</ele>
      </trkpt>
      <trkpt lat="42.4331200" lon="-3.0971800">
        <ele>764.3</ele>
      </trkpt>
      <trkpt lat="42.4329700" lon="-3.0977700">
        <ele>763.9</ele>
      </trkpt>
      <trkpt lat="42.4328400" lon="-3.0983700">
        <ele>763.1</ele>
      </trkpt>
      <trkpt lat="42.4327200" lon="-3.0989700">
        <ele>761.4</ele>
      </trkpt>
      <trkpt lat="42.4325900" lon="-3.0995600">
        <ele>759.0</ele>
      </trkpt>
      <trkpt lat="42.4324600" lon="-3.1001600">
        <ele>756.1</ele>
      </trkpt>
      <trkpt lat="42.4323800" lon="-3.1008000">
        <ele>753.1</ele>
      </trkpt>
      <trkpt lat="42.4322900" lon="-3.1014300">
        <ele>750.1</ele>
      </trkpt>
      <trkpt lat="42.4322100" lon="-3.1020700">
        <ele>747.6</ele>
      </trkpt>
      <trkpt lat="42.4321200" lon="-3.1027000">
        <ele>745.5</ele>
      </trkpt>
      <trkpt lat="42.4320700" lon="-3.1033100">
        <ele>744.2</ele>
      </trkpt>
      <trkpt lat="42.4320100" lon="-3.1039300">
        <ele>743.3</ele>
      </trkpt>
      <trkpt lat="42.4319600" lon="-3.1045400">
        <ele>742.9</ele>
      </trkpt>
      <trkpt lat="42.4319100" lon="-3.1051500">
        <ele>742.8</ele>
      </trkpt>
      <trkpt lat="42.4318500" lon="-3.1057700">
        <ele>742.9</ele>
      </trkpt>
      <trkpt lat="42.4318000" lon="-3.1063800">
        <ele>743.0</ele>
      </trkpt>
      <trkpt lat="42.4317500" lon="-3.1069900">
        <ele>743.5</ele>
      </trkpt>
      <trkpt lat="42.4317000" lon="-3.1076100">
        <ele>744.4</ele>
      </trkpt>
      <trkpt lat="42.4316400" lon="-3.1082200">
        <ele>745.6</ele>
      </trkpt>
      <trkpt lat="42.4315900" lon="-3.1088300">
        <ele>747.0</ele>
      </trkpt>
      <trkpt lat="42.4315400" lon="-3.1094500">
        <ele>748.6</ele>
      </trkpt>
      <trkpt lat="42.4314800" lon="-3.1100600">
        <ele>750.4</ele>
      </trkpt>
      <trkpt lat="42.4314300" lon="-3.1106700">
        <ele>752.1</ele>
      </trkpt>
      <trkpt lat="42.4313800" lon="-3.1112900">
        <ele>754.0</ele>
      </trkpt>
      <trkpt lat="42.4313200" lon="-3.1119000">
        <ele>756.0</ele>
      </trkpt>
      <trkpt lat="42.4312700" lon="-3.1125200">
        <ele>758.1</ele>
      </trkpt>
      <trkpt lat="42.4312200" lon="-3.1131300">
        <ele>759.9</ele>
      </trkpt>
      <trkpt lat="42.4311600" lon="-3.1137400">
        <ele>761.6</ele>
      </trkpt>
      <trkpt lat="42.4311100" lon="-3.1143600">
        <ele>763.2</ele>
      </trkpt>
      <trkpt lat="42.4310600" lon="-3.1149700">
        <ele>764.6</ele>
      </trkpt>
      <trkpt lat="42.4310000" lon="-3.1155800">
        <ele>766.0</ele>
      </trkpt>
      <trkpt lat="42.4309500" lon="-3.1162000">
        <ele>767.6</ele>
      </trkpt>
      <trkpt lat="42.4309000" lon="-3.1168100">
        <ele>769.4</ele>
      </trkpt>
      <trkpt lat="42.4308500" lon="-3.1174200">
        <ele>771.1</ele>
      </trkpt>
      <trkpt lat="42.4307900" lon="-3.1180400">
        <ele>773.0</ele>
      </trkpt>
      <trkpt lat="42.4307400" lon="-3.1186500">
        <ele>775.0</ele>
      </trkpt>
      <trkpt lat="42.4306900" lon="-3.1192600">
        <ele>777.0</ele>
      </trkpt>
      <trkpt lat="42.4306300" lon="-3.1198800">
        <ele>779.0</ele>
      </trkpt>
      <trkpt lat="42.4305800" lon="-3.1204900">
        <ele>781.0</ele>
      </trkpt>
      <trkpt lat="42.4305300" lon="-3.1211000">
        <ele>782.7</ele>
      </trkpt>
      <trkpt lat="42.4304700" lon="-3.1217200">
        <ele>783.7</ele>
      </trkpt>
      <trkpt lat="42.4304200" lon="-3.1223300">
        <ele>783.8</ele>
      </trkpt>
      <trkpt lat="42.4304200" lon="-3.1229600">
        <ele>783.1</ele>
      </trkpt>
      <trkpt lat="42.4305500" lon="-3.1241300">
        <ele>781.8</ele>
      </trkpt>
      <trkpt lat="42.4306400" lon="-3.1247900">
        <ele>780.6</ele>
      </trkpt>
      <trkpt lat="42.4307300" lon="-3.1254400">
        <ele>779.7</ele>
      </trkpt>
      <trkpt lat="42.4308200" lon="-3.1261000">
        <ele>779.8</ele>
      </trkpt>
      <trkpt lat="42.4309000" lon="-3.1267500">
        <ele>780.8</ele>
      </trkpt>
      <trkpt lat="42.4309900" lon="-3.1274100">
        <ele>782.8</ele>
      </trkpt>
      <trkpt lat="42.4310800" lon="-3.1280600">
        <ele>785.1</ele>
      </trkpt>
      <trkpt lat="42.4310400" lon="-3.1287400">
        <ele>787.5</ele>
      </trkpt>
      <trkpt lat="42.4310000" lon="-3.1294200">
        <ele>789.5</ele>
      </trkpt>
      <trkpt lat="42.4307500" lon="-3.1303100">
        <ele>790.1</ele>
      </trkpt>
      <trkpt lat="42.4304400" lon="-3.1310000">
        <ele>789.5</ele>
      </trkpt>
      <trkpt lat="42.4300500" lon="-3.1315500">
        <ele>788.3</ele>
      </trkpt>
      <trkpt lat="42.4296700" lon="-3.1321100">
        <ele>786.5</ele>
      </trkpt>
      <trkpt lat="42.4292800" lon="-3.1326600">
        <ele>784.1</ele>
      </trkpt>
      <trkpt lat="42.4289100" lon="-3.1330300">
        <ele>782.3</ele>
      </trkpt>
      <trkpt lat="42.4288400" lon="-3.1335900">
        <ele>781.3</ele>
      </trkpt>
      <trkpt lat="42.4286000" lon="-3.1343200">
        <ele>781.3</ele>
      </trkpt>
      <trkpt lat="42.4283700" lon="-3.1350600">
        <ele>782.0</ele>
      </trkpt>
      <trkpt lat="42.4281300" lon="-3.1357900">
        <ele>783.9</ele>
      </trkpt>
      <trkpt lat="42.4278300" lon="-3.1357900">
        <ele>785.9</ele>
      </trkpt>
      <trkpt lat="42.4275100" lon="-3.1359900">
        <ele>788.2</ele>
      </trkpt>
      <trkpt lat="42.4275200" lon="-3.1361300">
        <ele>789.6</ele>
      </trkpt>
      <trkpt lat="42.4272100" lon="-3.1372600">
        <ele>790.1</ele>
      </trkpt>
      <trkpt lat="42.4272000" lon="-3.1379100">
        <ele>789.8</ele>
      </trkpt>
      <trkpt lat="42.4271800" lon="-3.1385500">
        <ele>789.5</ele>
      </trkpt>
      <trkpt lat="42.4269900" lon="-3.1391200">
        <ele>789.0</ele>
      </trkpt>
      <trkpt lat="42.4268000" lon="-3.1396900">
        <ele>788.9</ele>
      </trkpt>
      <trkpt lat="42.4266100" lon="-3.1402600">
        <ele>789.4</ele>
      </trkpt>
      <trkpt lat="42.4264300" lon="-3.1408300">
        <ele>790.4</ele>
      </trkpt>
      <trkpt lat="42.4262400" lon="-3.1413900">
        <ele>791.7</ele>
      </trkpt>
      <trkpt lat="42.4260500" lon="-3.1419600">
        <ele>793.1</ele>
      </trkpt>
      <trkpt lat="42.4258600" lon="-3.1425300">
        <ele>794.5</ele>
      </trkpt>
      <trkpt lat="42.4256700" lon="-3.1431000">
        <ele>796.2</ele>
      </trkpt>
      <trkpt lat="42.4254800" lon="-3.1436700">
        <ele>797.8</ele>
      </trkpt>
      <trkpt lat="42.4252900" lon="-3.1442400">
        <ele>799.4</ele>
      </trkpt>
      <trkpt lat="42.4251000" lon="-3.1448100">
        <ele>801.0</ele>
      </trkpt>
      <trkpt lat="42.4249200" lon="-3.1453800">
        <ele>802.4</ele>
      </trkpt>
      <trkpt lat="42.4247300" lon="-3.1459400">
        <ele>803.6</ele>
      </trkpt>
      <trkpt lat="42.4245400" lon="-3.1465100">
        <ele>804.9</ele>
      </trkpt>
      <trkpt lat="42.4243500" lon="-3.1470800">
        <ele>806.1</ele>
      </trkpt>
      <trkpt lat="42.4241600" lon="-3.1476500">
        <ele>807.3</ele>
      </trkpt>
      <trkpt lat="42.4239700" lon="-3.1482200">
        <ele>808.6</ele>
      </trkpt>
      <trkpt lat="42.4237800" lon="-3.1487900">
        <ele>809.9</ele>
      </trkpt>
      <trkpt lat="42.4235900" lon="-3.1493600">
        <ele>810.8</ele>
      </trkpt>
      <trkpt lat="42.4234100" lon="-3.1499300">
        <ele>811.7</ele>
      </trkpt>
      <trkpt lat="42.4232200" lon="-3.1504900">
        <ele>812.3</ele>
      </trkpt>
      <trkpt lat="42.4230300" lon="-3.1510600">
        <ele>812.9</ele>
      </trkpt>
      <trkpt lat="42.4228400" lon="-3.1516300">
        <ele>813.6</ele>
      </trkpt>
      <trkpt lat="42.4226500" lon="-3.1522000">
        <ele>814.7</ele>
      </trkpt>
      <trkpt lat="42.4224500" lon="-3.1529700">
        <ele>815.7</ele>
      </trkpt>
      <trkpt lat="42.4222700" lon="-3.1535300">
        <ele>816.7</ele>
      </trkpt>
      <trkpt lat="42.4220800" lon="-3.1540900">
        <ele>817.7</ele>
      </trkpt>
      <trkpt lat="42.4219000" lon="-3.1546500">
        <ele>818.5</ele>
      </trkpt>
      <trkpt lat="42.4217200" lon="-3.1552100">
        <ele>819.1</ele>
      </trkpt>
      <trkpt lat="42.4215400" lon="-3.1557700">
        <ele>819.8</ele>
      </trkpt>
      <trkpt lat="42.4213500" lon="-3.1563300">
        <ele>820.5</ele>
      </trkpt>
      <trkpt lat="42.4211700" lon="-3.1568900">
        <ele>821.0</ele>
      </trkpt>
      <trkpt lat="42.4209900" lon="-3.1574500">
        <ele>821.4</ele>
      </trkpt>
      <trkpt lat="42.4208000" lon="-3.1580100">
        <ele>821.8</ele>
      </trkpt>
      <trkpt lat="42.4206200" lon="-3.1585700">
        <ele>822.0</ele>
      </trkpt>
      <trkpt lat="42.4204700" lon="-3.1591600">
        <ele>822.3</ele>
      </trkpt>
      <trkpt lat="42.4203100" lon="-3.1597600">
        <ele>823.0</ele>
      </trkpt>
      <trkpt lat="42.4201600" lon="-3.1603500">
        <ele>823.9</ele>
      </trkpt>
      <trkpt lat="42.4200100" lon="-3.1609400">
        <ele>824.4</ele>
      </trkpt>
      <trkpt lat="42.4198600" lon="-3.1615300">
        <ele>825.1</ele>
      </trkpt>
      <trkpt lat="42.4197000" lon="-3.1621300">
        <ele>825.9</ele>
      </trkpt>
      <trkpt lat="42.4195500" lon="-3.1627200">
        <ele>826.1</ele>
      </trkpt>
      <trkpt lat="42.4194000" lon="-3.1633100">
        <ele>826.0</ele>
      </trkpt>
      <trkpt lat="42.4192400" lon="-3.1639000">
        <ele>825.7</ele>
      </trkpt>
      <trkpt lat="42.4190900" lon="-3.1645000">
        <ele>825.1</ele>
      </trkpt>
      <trkpt lat="42.4189400" lon="-3.1650900">
        <ele>824.2</ele>
      </trkpt>
      <trkpt lat="42.4187800" lon="-3.1656800">
        <ele>823.1</ele>
      </trkpt>
      <trkpt lat="42.4186300" lon="-3.1662700">
        <ele>822.1</ele>
      </trkpt>
      <trkpt lat="42.4184800" lon="-3.1668700">
        <ele>821.1</ele>
      </trkpt>
      <trkpt lat="42.4183300" lon="-3.1674600">
        <ele>820.0</ele>
      </trkpt>
      <trkpt lat="42.4181700" lon="-3.1680500">
        <ele>818.9</ele>
      </trkpt>
      <trkpt lat="42.4180200" lon="-3.1686400">
        <ele>817.8</ele>
      </trkpt>
      <trkpt lat="42.4178700" lon="-3.1692400">
        <ele>816.6</ele>
      </trkpt>
      <trkpt lat="42.4177100" lon="-3.1698300">
        <ele>815.6</ele>
      </trkpt>
      <trkpt lat="42.4175600" lon="-3.1704200">
        <ele>814.8</ele>
      </trkpt>
      <trkpt lat="42.4174100" lon="-3.1710100">
        <ele>814.2</ele>
      </trkpt>
      <trkpt lat="42.4172500" lon="-3.1716100">
        <ele>813.6</ele>
      </trkpt>
      <trkpt lat="42.4171000" lon="-3.1722000">
        <ele>813.0</ele>
      </trkpt>
      <trkpt lat="42.4169500" lon="-3.1727900">
        <ele>812.5</ele>
      </trkpt>
      <trkpt lat="42.4168000" lon="-3.1733800">
        <ele>811.9</ele>
      </trkpt>
      <trkpt lat="42.4166400" lon="-3.1739800">
        <ele>811.4</ele>
      </trkpt>
      <trkpt lat="42.4164900" lon="-3.1745700">
        <ele>811.0</ele>
      </trkpt>
      <trkpt lat="42.4163500" lon="-3.1751900">
        <ele>810.7</ele>
      </trkpt>
      <trkpt lat="42.4162100" lon="-3.1758000">
        <ele>810.1</ele>
      </trkpt>
      <trkpt lat="42.4160600" lon="-3.1764200">
        <ele>808.9</ele>
      </trkpt>
      <trkpt lat="42.4159200" lon="-3.1770300">
        <ele>807.0</ele>
      </trkpt>
      <trkpt lat="42.4158600" lon="-3.1777300">
        <ele>804.5</ele>
      </trkpt>
      <trkpt lat="42.4157900" lon="-3.1784300">
        <ele>802.3</ele>
      </trkpt>
      <trkpt lat="42.4158300" lon="-3.1792000">
        <ele>800.7</ele>
      </trkpt>
      <trkpt lat="42.4159200" lon="-3.1797300">
        <ele>799.6</ele>
      </trkpt>
      <trkpt lat="42.4160400" lon="-3.1799100">
        <ele>799.2</ele>
      </trkpt>
      <trkpt lat="42.4162200" lon="-3.1798400">
        <ele>799.5</ele>
      </trkpt>
      <trkpt lat="42.4162600" lon="-3.1798800">
        <ele>800.4</ele>
      </trkpt>
      <trkpt lat="42.4166400" lon="-3.1803400">
        <ele>801.5</ele>
      </trkpt>
      <trkpt lat="42.4170200" lon="-3.1807900">
        <ele>801.5</ele>
      </trkpt>
      <trkpt lat="42.4175200" lon="-3.1815600">
        <ele>801.0</ele>
      </trkpt>
      <trkpt lat="42.4177900" lon="-3.1822700">
        <ele>800.1</ele>
      </trkpt>
      <trkpt lat="42.4179100" lon="-3.1829200">
        <ele>797.8</ele>
      </trkpt>
      <trkpt lat="42.4180200" lon="-3.1835700">
        <ele>794.3</ele>
      </trkpt>
      <trkpt lat="42.4183100" lon="-3.1844500">
        <ele>790.9</ele>
      </trkpt>
      <trkpt lat="42.4183900" lon="-3.1851800">
        <ele>787.9</ele>
      </trkpt>
      <trkpt lat="42.4184600" lon="-3.1859100">
        <ele>785.0</ele>
      </trkpt>
      <trkpt lat="42.4185700" lon="-3.1861400">
        <ele>782.9</ele>
      </trkpt>
      <trkpt lat="42.4188900" lon="-3.1865800">
        <ele>781.5</ele>
      </trkpt>
      <trkpt lat="42.4192000" lon="-3.1870200">
        <ele>780.7</ele>
      </trkpt>
      <trkpt lat="42.4194900" lon="-3.1876600">
        <ele>780.0</ele>
      </trkpt>
      <trkpt lat="42.4196700" lon="-3.1879100">
        <ele>779.2</ele>
      </trkpt>
      <trkpt lat="42.4200300" lon="-3.1881600">
        <ele>778.2</ele>
      </trkpt>
      <trkpt lat="42.4202800" lon="-3.1884400">
        <ele>777.1</ele>
      </trkpt>
      <trkpt lat="42.4207400" lon="-3.1885500">
        <ele>775.9</ele>
      </trkpt>
      <trkpt lat="42.4207700" lon="-3.1891400">
        <ele>774.5</ele>
      </trkpt>
      <trkpt lat="42.4212200" lon="-3.1891200">
        <ele>773.0</ele>
      </trkpt>
      <trkpt lat="42.4212900" lon="-3.1900700">
        <ele>771.3</ele>
      </trkpt>
      <trkpt lat="42.4211100" lon="-3.1907100">
        <ele>770.3</ele>
      </trkpt>
      <trkpt lat="42.4209300" lon="-3.1913400">
        <ele>769.5</ele>
      </trkpt>
      <trkpt lat="42.4207100" lon="-3.1919200">
        <ele>768.9</ele>
      </trkpt>
      <trkpt lat="42.4205000" lon="-3.1925000">
        <ele>768.5</ele>
      </trkpt>
    </trkseg>
  </trk>
</gpx>