<?xml version='1.0' encoding='utf-8'?>
<TrainingCenterDatabase xmlns="http://www.garmin.com/xmlschemas/TrainingCenterDatabase/v2">
  <Courses>
    <Course>
      <Name>camino-day06-al</Name>
      <Lap>
        <TotalTimeSeconds>19755</TotalTimeSeconds>
        <DistanceMeters>82311.8</DistanceMeters>
        <BeginPosition>
          <LatitudeDegrees>42.2893000</LatitudeDegrees>
          <LongitudeDegrees>-4.1419000</LongitudeDegrees>
        </BeginPosition>
        <EndPosition>
          <LatitudeDegrees>42.3707400</LatitudeDegrees>
          <LongitudeDegrees>-5.0301700</LongitudeDegrees>
        </EndPosition>
        <Intensity>Active</Intensity>
      </Lap>
      <Track>
        <Trackpoint>
          <Time>2027-05-09T07:00:00Z</Time>
          <Position>
            <LatitudeDegrees>42.2893000</LatitudeDegrees>
            <LongitudeDegrees>-4.1419000</LongitudeDegrees>
          </Position>
          <AltitudeMeters>811.3</AltitudeMeters>
          <DistanceMeters>0.0</DistanceMeters>
        </Trackpoint>
        <Trackpoint>
          <Time>2027-05-09T07:00:13Z</Time>
          <Position>
            <LatitudeDegrees>42.2895500</LatitudeDegrees>
            <LongitudeDegrees>-4.1424900</LongitudeDegrees>
          </Position>
          <AltitudeMeters>810.8</AltitudeMeters>
          <DistanceMeters>55.9</DistanceMeters>
        </Trackpoint>
        <Trackpoint>
          <Time>2027-05-09T07:00:26Z</Time>
          <Position>
            <LatitudeDegrees>42.2898000</LatitudeDegrees>
            <LongitudeDegrees>-4.1430800</LongitudeDegrees>
          </Position>
          <AltitudeMeters>809.1</AltitudeMeters>
          <DistanceMeters>111.9</DistanceMeters>
        </Trackpoint>
        <Trackpoint>
          <Time>2027-05-09T07:00:46Z</Time>
          <Position>
            <LatitudeDegrees>42.2901200</LatitudeDegrees>
            <LongitudeDegrees>-4.1439900</LongitudeDegrees>
          </Position>
          <AltitudeMeters>806.6</AltitudeMeters>
          <DistanceMeters>194.7</DistanceMeters>
        </Trackpoint>
        <Trackpoint>
          <Time>2027-05-09T07:01:05Z</Time>
          <Position>
            <LatitudeDegrees>42.2903200</LatitudeDegrees>
            <LongitudeDegrees>-4.1448900</LongitudeDegrees>
          </Position>
          <AltitudeMeters>803.7</AltitudeMeters>
          <DistanceMeters>272.0</DistanceMeters>
        </Trackpoint>
        <Trackpoint>
          <Time>2027-05-09T07:01:16Z</Time>
          <Position>
            <LatitudeDegrees>42.2900500</LatitudeDegrees>
            <LongitudeDegrees>-4.1453000</LongitudeDegrees>
          </Position>
          <AltitudeMeters>800.0</AltitudeMeters>
          <DistanceMeters>317.2</DistanceMeters>
        </Trackpoint>
        <Trackpoint>
          <Time>2027-05-09T07:01:25Z</Time>
          <Position>
            <LatitudeDegrees>42.2899600</LatitudeDegrees>
            <LongitudeDegrees>-4.1457400</LongitudeDegrees>
          </Position>
          <AltitudeMeters>796.1</AltitudeMeters>
          <DistanceMeters>354.7</DistanceMeters>
        </Trackpoint>
        <Trackpoint>
          <Time>2027-05-09T07:01:37Z</Time>
          <Position>
            <LatitudeDegrees>42.2899500</LatitudeDegrees>
            <LongitudeDegrees>-4.1463700</LongitudeDegrees>
          </Position>
          <AltitudeMeters>793.2</AltitudeMeters>
          <DistanceMeters>406.6</DistanceMeters>
        </Trackpoint>
        <Trackpoint>
          <Time>2027-05-09T07:01:50Z</Time>
          <Position>
            <LatitudeDegrees>42.2899400</LatitudeDegrees>
            <LongitudeDegrees>-4.1470000</LongitudeDegrees>
          </Position>
          <AltitudeMeters>790.9</AltitudeMeters>
          <DistanceMeters>458.4</DistanceMeters>
        </Trackpoint>
        <Trackpoint>
          <Time>2027-05-09T07:02:02Z</Time>
          <Position>
            <LatitudeDegrees>42.2899300</LatitudeDegrees>
            <LongitudeDegrees>-4.1476300</LongitudeDegrees>
          </Position>
          <AltitudeMeters>789.0</AltitudeMeters>
          <DistanceMeters>510.2</DistanceMeters>
        </Trackpoint>
        <Trackpoint>
          <Time>2027-05-09T07:02:13Z</Time>
          <Position>
            <LatitudeDegrees>42.2898600</LatitudeDegrees>
            <LongitudeDegrees>-4.1481900</LongitudeDegrees>
          </Position>
          <AltitudeMeters>787.7</AltitudeMeters>
          <DistanceMeters>557.0</DistanceMeters>
        </Trackpoint>
        <Trackpoint>
          <Time>2027-05-09T07:02:27Z</Time>
          <Position>
            <LatitudeDegrees>42.2899200</LatitudeDegrees>
            <LongitudeDegrees>-4.1488900</LongitudeDegrees>
          </Position>
          <AltitudeMeters>786.7</AltitudeMeters>
          <DistanceMeters>614.9</DistanceMeters>
        </Trackpoint>
        <Trackpoint>
          <Time>2027-05-09T07:02:41Z</Time>
          <Position>
            <LatitudeDegrees>42.2899900</LatitudeDegrees>
            <LongitudeDegrees>-4.1495800</LongitudeDegrees>
          </Position>
          <AltitudeMeters>785.7</AltitudeMeters>
          <DistanceMeters>672.2</DistanceMeters>
        </Trackpoint>
        <Trackpoint>
          <Time>2027-05-09T07:02:55Z</Time>
          <Position>
            <LatitudeDegrees>42.2900500</LatitudeDegrees>
            <LongitudeDegrees>-4.1502800</LongitudeDegrees>
          </Position>
          <AltitudeMeters>784.7</AltitudeMeters>
          <DistanceMeters>730.2</DistanceMeters>
        </Trackpoint>
        <Trackpoint>
          <Time>2027-05-09T07:03:07Z</Time>
          <Position>
            <LatitudeDegrees>42.2900200</LatitudeDegrees>
            <LongitudeDegrees>-4.1509000</LongitudeDegrees>
          </Position>
          <AltitudeMeters>783.6</AltitudeMeters>
          <DistanceMeters>781.3</DistanceMeters>
        </Trackpoint>
        <Trackpoint>
          <Time>2027-05-09T07:03:19Z</Time>
          <Position>
            <LatitudeDegrees>42.2899800</LatitudeDegrees>
            <LongitudeDegrees>-4.1515300</LongitudeDegrees>
          </Position>
          <AltitudeMeters>783.0</AltitudeMeters>
          <DistanceMeters>833.3</DistanceMeters>
        </Trackpoint>
        <Trackpoint>
          <Time>2027-05-09T07:03:32Z</Time>
          <Position>
            <LatitudeDegrees>42.2899500</LatitudeDegrees>
            <LongitudeDegrees>-4.1521500</LongitudeDegrees>
          </Position>
          <AltitudeMeters>782.6</AltitudeMeters>
          <DistanceMeters>884.4</DistanceMeters>
        </Trackpoint>
        <Trackpoint>
          <Time>2027-05-09T07:03:44Z</Time>
          <Position>
            <LatitudeDegrees>42.2899200</LatitudeDegrees>
            <LongitudeDegrees>-4.1527800</LongitudeDegrees>
          </Position>
          <AltitudeMeters>782.2</AltitudeMeters>
          <DistanceMeters>936.3</DistanceMeters>
        </Trackpoint>
        <Trackpoint>
          <Time>2027-05-09T07:03:57Z</Time>
          <Position>
            <LatitudeDegrees>42.2898800</LatitudeDegrees>
            <LongitudeDegrees>-4.1534000</LongitudeDegrees>
          </Position>
          <AltitudeMeters>781.7</AltitudeMeters>
          <DistanceMeters>987.5</DistanceMeters>
        </Trackpoint>
        <Trackpoint>
          <Time>2027-05-09T07:04:09Z</Time>
          <Position>
            <LatitudeDegrees>42.2898500</LatitudeDegrees>
            <LongitudeDegrees>-4.1540300</LongitudeDegrees>
          </Position>
          <AltitudeMeters>780.8</AltitudeMeters>
          <DistanceMeters>1039.5</DistanceMeters>
        </Trackpoint>
        <Trackpoint>
          <Time>2027-05-09T07:04:21Z</Time>
          <Position>
            <LatitudeDegrees>42.2898100</LatitudeDegrees>
            <LongitudeDegrees>-4.1546500</LongitudeDegrees>
          </Position>
          <AltitudeMeters>779.7</AltitudeMeters>
          <DistanceMeters>1090.6</DistanceMeters>
        </Trackpoint>
        <Trackpoint>
          <Time>2027-05-09T07:04:34Z</Time>
          <Position>
            <LatitudeDegrees>42.2897800</LatitudeDegrees>
            <LongitudeDegrees>-4.1552800</LongitudeDegrees>
          </Position>
          <AltitudeMeters>778.3</AltitudeMeters>
          <DistanceMeters>1142.6</DistanceMeters>
        </Trackpoint>
        <Trackpoint>
          <Time>2027-05-09T07:04:46Z</Time>
          <Position>
            <LatitudeDegrees>42.2897500</LatitudeDegrees>
            <LongitudeDegrees>-4.1559000</LongitudeDegrees>
          </Position>
          <AltitudeMeters>776.8</AltitudeMeters>
          <DistanceMeters>1193.7</DistanceMeters>
        </Trackpoint>
        <Trackpoint>
          <Time>2027-05-09T07:04:58Z</Time>
          <Position>
            <LatitudeDegrees>42.2897100</LatitudeDegrees>
            <LongitudeDegrees>-4.1565300</LongitudeDegrees>
          </Position>
          <AltitudeMeters>775.4</AltitudeMeters>
          <DistanceMeters>1245.7</DistanceMeters>
        </Trackpoint>
        <Trackpoint>
          <Time>2027-05-09T07:05:11Z</Time>
          <Position>
            <LatitudeDegrees>42.2896800</LatitudeDegrees>
            <LongitudeDegrees>-4.1571500</LongitudeDegrees>
          </Position>
          <AltitudeMeters>774.2</AltitudeMeters>
          <DistanceMeters>1296.8</DistanceMeters>
        </Trackpoint>
        <Trackpoint>
          <Time>2027-05-09T07:05:27Z</Time>
          <Position>
            <LatitudeDegrees>42.2897100</LatitudeDegrees>
            <LongitudeDegrees>-4.1579600</LongitudeDegrees>
          </Position>
          <AltitudeMeters>773.2</AltitudeMeters>
          <DistanceMeters>1363.5</DistanceMeters>
        </Trackpoint>
        <Trackpoint>
          <Time>2027-05-09T07:05:42Z</Time>
          <Position>
            <LatitudeDegrees>42.2898300</LatitudeDegrees>
            <LongitudeDegrees>-4.1587400</LongitudeDegrees>
          </Position>
          <AltitudeMeters>772.4</AltitudeMeters>
          <DistanceMeters>1429.0</DistanceMeters>
        </Trackpoint>
        <Trackpoint>
          <Time>2027-05-09T07:05:58Z</Time>
          <Position>
            <LatitudeDegrees>42.2899400</LatitudeDegrees>
            <LongitudeDegrees>-4.1595300</LongitudeDegrees>
          </Position>
          <AltitudeMeters>771.7</AltitudeMeters>
          <DistanceMeters>1495.2</DistanceMeters>
        </Trackpoint>
        <Trackpoint>
          <Time>2027-05-09T07:06:05Z</Time>
          <Position>
            <LatitudeDegrees>42.2898600</LatitudeDegrees>
            <LongitudeDegrees>-4.1598400</LongitudeDegrees>
          </Position>
          <AltitudeMeters>771.0</AltitudeMeters>
          <DistanceMeters>1522.2</DistanceMeters>
        </Trackpoint>
        <Trackpoint>
          <Time>2027-05-09T07:06:18Z</Time>
          <Position>
            <LatitudeDegrees>42.2898800</LatitudeDegrees>
            <LongitudeDegrees>-4.1605000</LongitudeDegrees>
          </Position>
          <AltitudeMeters>770.5</AltitudeMeters>
          <DistanceMeters>1576.5</DistanceMeters>
        </Trackpoint>
        <Trackpoint>
          <Time>2027-05-09T07:06:34Z</Time>
          <Position>
            <LatitudeDegrees>42.2898400</LatitudeDegrees>
            <LongitudeDegrees>-4.1613000</LongitudeDegrees>
          </Position>
          <AltitudeMeters>769.9</AltitudeMeters>
          <DistanceMeters>1642.5</DistanceMeters>
        </Trackpoint>
        <Trackpoint>
          <Time>2027-05-09T07:06:50Z</Time>
          <Position>
            <LatitudeDegrees>42.2898100</LatitudeDegrees>
            <LongitudeDegrees>-4.1621000</LongitudeDegrees>
          </Position>
          <AltitudeMeters>769.4</AltitudeMeters>
          <DistanceMeters>1708.4</DistanceMeters>
        </Trackpoint>
        <Trackpoint>
          <Time>2027-05-09T07:07:05Z</Time>
          <Position>
            <LatitudeDegrees>42.2897700</LatitudeDegrees>
            <LongitudeDegrees>-4.1629000</LongitudeDegrees>
          </Position>
          <AltitudeMeters>769.1</AltitudeMeters>
          <DistanceMeters>1774.3</DistanceMeters>
        </Trackpoint>
        <Trackpoint>
          <Time>2027-05-09T07:07:21Z</Time>
          <Position>
            <LatitudeDegrees>42.2900500</LatitudeDegrees>
            <LongitudeDegrees>-4.1635700</LongitudeDegrees>
          </Position>
          <AltitudeMeters>769.0</AltitudeMeters>
          <DistanceMeters>1837.6</DistanceMeters>
        </Trackpoint>
        <Trackpoint>
          <Time>2027-05-09T07:07:28Z</Time>
          <Position>
            <LatitudeDegrees>42.2903000</LatitudeDegrees>
            <LongitudeDegrees>-4.1637700</LongitudeDegrees>
          </Position>
          <AltitudeMeters>769.2</AltitudeMeters>
          <DistanceMeters>1869.9</DistanceMeters>
        </Trackpoint>
        <Trackpoint>
          <Time>2027-05-09T07:07:42Z</Time>
          <Position>
            <LatitudeDegrees>42.2906100</LatitudeDegrees>
            <LongitudeDegrees>-4.1643400</LongitudeDegrees>
          </Position>
          <AltitudeMeters>770.1</AltitudeMeters>
          <DistanceMeters>1928.1</DistanceMeters>
        </Trackpoint>
        <Trackpoint>
          <Time>2027-05-09T07:07:56Z</Time>
          <Position>
            <LatitudeDegrees>42.2908600</LatitudeDegrees>
            <LongitudeDegrees>-4.1649400</LongitudeDegrees>
          </Position>
          <AltitudeMeters>771.2</AltitudeMeters>
          <DistanceMeters>1984.8</DistanceMeters>
        </Trackpoint>
        <Trackpoint>
          <Time>2027-05-09T07:08:09Z</Time>
          <Position>
            <LatitudeDegrees>42.2911000</LatitudeDegrees>
            <LongitudeDegrees>-4.1655500</LongitudeDegrees>
          </Position>
          <AltitudeMeters>773.6</AltitudeMeters>
          <DistanceMeters>2041.6</DistanceMeters>
        </Trackpoint>
        <Trackpoint>
          <Time>2027-05-09T07:08:26Z</Time>
          <Position>
            <LatitudeDegrees>42.2910000</LatitudeDegrees>
            <LongitudeDegrees>-4.1664000</LongitudeDegrees>
          </Position>
          <AltitudeMeters>776.7</AltitudeMeters>
          <DistanceMeters>2112.4</DistanceMeters>
        </Trackpoint>
        <Trackpoint>
          <Time>2027-05-09T07:08:43Z</Time>
          <Position>
            <LatitudeDegrees>42.2909000</LatitudeDegrees>
            <LongitudeDegrees>-4.1672500</LongitudeDegrees>
          </Position>
          <AltitudeMeters>780.4</AltitudeMeters>
          <DistanceMeters>2183.2</DistanceMeters>
        </Trackpoint>
        <Trackpoint>
          <Time>2027-05-09T07:08:51Z</Time>
          <Position>
            <LatitudeDegrees>42.2909000</LatitudeDegrees>
            <LongitudeDegrees>-4.1676400</LongitudeDegrees>
          </Position>
          <AltitudeMeters>785.2</AltitudeMeters>
          <DistanceMeters>2215.3</DistanceMeters>
        </Trackpoint>
        <Trackpoint>
          <Time>2027-05-09T07:09:03Z</Time>
          <Position>
            <LatitudeDegrees>42.2907300</LatitudeDegrees>
            <LongitudeDegrees>-4.1682000</LongitudeDegrees>
          </Position>
          <AltitudeMeters>792.9</AltitudeMeters>
          <DistanceMeters>2265.0</DistanceMeters>
        </Trackpoint>
        <Trackpoint>
          <Time>2027-05-09T07:09:14Z</Time>
          <Position>
            <LatitudeDegrees>42.2907200</LatitudeDegrees>
            <LongitudeDegrees>-4.1687700</LongitudeDegrees>
          </Position>
          <AltitudeMeters>799.8</AltitudeMeters>
          <DistanceMeters>2311.9</DistanceMeters>
        </Trackpoint>
        <Trackpoint>
          <Time>2027-05-09T07:09:29Z</Time>
          <Position>
            <LatitudeDegrees>42.2908300</LatitudeDegrees>
            <LongitudeDegrees>-4.1694800</LongitudeDegrees>
          </Position>
          <AltitudeMeters>805.8</AltitudeMeters>
          <DistanceMeters>2371.6</DistanceMeters>
        </Trackpoint>
        <Trackpoint>
          <Time>2027-05-09T07:09:36Z</Time>
          <Position>
            <LatitudeDegrees>42.2906700</LatitudeDegrees>
            <LongitudeDegrees>-4.1697500</LongitudeDegrees>
          </Position>
          <AltitudeMeters>812.1</AltitudeMeters>
          <DistanceMeters>2400.1</DistanceMeters>
        </Trackpoint>
        <Trackpoint>
          <Time>2027-05-09T07:09:48Z</Time>
          <Position>
            <LatitudeDegrees>42.2902900</LatitudeDegrees>
            <LongitudeDegrees>-4.1701100</LongitudeDegrees>
          </Position>
          <AltitudeMeters>820.9</AltitudeMeters>
          <DistanceMeters>2451.7</DistanceMeters>
        </Trackpoint>
        <Trackpoint>
          <Time>2027-05-09T07:09:59Z</Time>
          <Position>
            <LatitudeDegrees>42.2901400</LatitudeDegrees>
            <LongitudeDegrees>-4.1706200</LongitudeDegrees>
          </Position>
          <AltitudeMeters>826.0</AltitudeMeters>
          <DistanceMeters>2496.8</DistanceMeters>
        </Trackpoint>
        <Trackpoint>
          <Time>2027-05-09T07:10:18Z</Time>
          <Position>
            <LatitudeDegrees>42.2900400</LatitudeDegrees>
            <LongitudeDegrees>-4.1716100</LongitudeDegrees>
          </Position>
          <AltitudeMeters>833.5</AltitudeMeters>
          <DistanceMeters>2579.0</DistanceMeters>
        </Trackpoint>
        <Trackpoint>
          <Time>2027-05-09T07:10:30Z</Time>
          <Position>
            <LatitudeDegrees>42.2897000</LatitudeDegrees>
            <LongitudeDegrees>-4.1719300</LongitudeDegrees>
          </Position>
          <AltitudeMeters>841.5</AltitudeMeters>
          <DistanceMeters>2625.1</DistanceMeters>
        </Trackpoint>
        <Trackpoint>
          <Time>2027-05-09T07:10:48Z</Time>
          <Position>
            <LatitudeDegrees>42.2894700</LatitudeDegrees>
            <LongitudeDegrees>-4.1728300</LongitudeDegrees>
          </Position>
          <AltitudeMeters>850.6</AltitudeMeters>
          <DistanceMeters>2703.4</DistanceMeters>
        </Trackpoint>
        <Trackpoint>
          <Time>2027-05-09T07:11:03Z</Time>
          <Position>
            <LatitudeDegrees>42.2891100</LatitudeDegrees>
            <LongitudeDegrees>-4.1733600</LongitudeDegrees>
          </Position>
          <AltitudeMeters>856.6</AltitudeMeters>
          <DistanceMeters>2762.6</DistanceMeters>
        </Trackpoint>
        <Trackpoint>
          <Time>2027-05-09T07:11:17Z</Time>
          <Position>
            <LatitudeDegrees>42.2890400</LatitudeDegrees>
            <LongitudeDegrees>-4.1740700</LongitudeDegrees>
          </Position>
          <AltitudeMeters>865.4</AltitudeMeters>
          <DistanceMeters>2821.5</DistanceMeters>
        </Trackpoint>
        <Trackpoint>
          <Time>2027-05-09T07:11:30Z</Time>
          <Position>
            <LatitudeDegrees>42.2888800</LatitudeDegrees>
            <LongitudeDegrees>-4.1747200</LongitudeDegrees>
          </Position>
          <AltitudeMeters>873.0</AltitudeMeters>
          <DistanceMeters>2877.8</DistanceMeters>
        </Trackpoint>
        <Trackpoint>
          <Time>2027-05-09T07:11:47Z</Time>
          <Position>
            <LatitudeDegrees>42.2888300</LatitudeDegrees>
            <LongitudeDegrees>-4.1755600</LongitudeDegrees>
          </Position>
          <AltitudeMeters>880.7</AltitudeMeters>
          <DistanceMeters>2947.2</DistanceMeters>
        </Trackpoint>
        <Trackpoint>
          <Time>2027-05-09T07:11:59Z</Time>
          <Position>
            <LatitudeDegrees>42.2887200</LatitudeDegrees>
            <LongitudeDegrees>-4.1761600</LongitudeDegrees>
          </Position>
          <AltitudeMeters>887.4</AltitudeMeters>
          <DistanceMeters>2998.0</DistanceMeters>
        </Trackpoint>
        <Trackpoint>
          <Time>2027-05-09T07:12:20Z</Time>
          <Position>
            <LatitudeDegrees>42.2881900</LatitudeDegrees>
            <LongitudeDegrees>-4.1769100</LongitudeDegrees>
          </Position>
          <AltitudeMeters>893.3</AltitudeMeters>
          <DistanceMeters>3083.3</DistanceMeters>
        </Trackpoint>
        <Trackpoint>
          <Time>2027-05-09T07:12:39Z</Time>
          <Position>
            <LatitudeDegrees>42.2879700</LatitudeDegrees>
            <LongitudeDegrees>-4.1778500</LongitudeDegrees>
          </Position>
          <AltitudeMeters>898.0</AltitudeMeters>
          <DistanceMeters>3164.4</DistanceMeters>
        </Trackpoint>
        <Trackpoint>
          <Time>2027-05-09T07:12:54Z</Time>
          <Position>
            <LatitudeDegrees>42.2875300</LatitudeDegrees>
            <LongitudeDegrees>-4.1783200</LongitudeDegrees>
          </Position>
          <AltitudeMeters>901.1</AltitudeMeters>
          <DistanceMeters>3226.8</DistanceMeters>
        </Trackpoint>
        <Trackpoint>
          <Time>2027-05-09T07:13:07Z</Time>
          <Position>
            <LatitudeDegrees>42.2873100</LatitudeDegrees>
            <LongitudeDegrees>-4.1788900</LongitudeDegrees>
          </Position>
          <AltitudeMeters>904.5</AltitudeMeters>
          <DistanceMeters>3279.7</DistanceMeters>
        </Trackpoint>
        <Trackpoint>
          <Time>2027-05-09T07:13:11Z</Time>
          <Position>
            <LatitudeDegrees>42.2872800</LatitudeDegrees>
            <LongitudeDegrees>-4.1790900</LongitudeDegrees>
          </Position>
          <AltitudeMeters>907.0</AltitudeMeters>
          <DistanceMeters>3296.5</DistanceMeters>
        </Trackpoint>
        <Trackpoint>
          <Time>2027-05-09T07:13:29Z</Time>
          <Position>
            <LatitudeDegrees>42.2873800</LatitudeDegrees>
            <LongitudeDegrees>-4.1800200</LongitudeDegrees>
          </Position>
          <AltitudeMeters>909.2</AltitudeMeters>
          <DistanceMeters>3373.8</DistanceMeters>
        </Trackpoint>
        <Trackpoint>
          <Time>2027-05-09T07:13:43Z</Time>
          <Position>
            <LatitudeDegrees>42.2873900</LatitudeDegrees>
            <LongitudeDegrees>-4.1807000</LongitudeDegrees>
          </Position>
          <AltitudeMeters>910.3</AltitudeMeters>
          <DistanceMeters>3429.7</DistanceMeters>
        </Trackpoint>
        <Trackpoint>
          <Time>2027-05-09T07:13:56Z</Time>
          <Position>
            <LatitudeDegrees>42.2873900</LatitudeDegrees>
            <LongitudeDegrees>-4.1813800</LongitudeDegrees>
          </Position>
          <AltitudeMeters>911.0</AltitudeMeters>
          <DistanceMeters>3485.7</DistanceMeters>
        </Trackpoint>
        <Trackpoint>
          <Time>2027-05-09T07:14:09Z</Time>
          <Position>
            <LatitudeDegrees>42.2874000</LatitudeDegrees>
            <LongitudeDegrees>-4.1820600</LongitudeDegrees>
          </Position>
          <AltitudeMeters>910.9</AltitudeMeters>
          <DistanceMeters>3541.6</DistanceMeters>
        </Trackpoint>
        <Trackpoint>
          <Time>2027-05-09T07:14:24Z</Time>
          <Position>
            <LatitudeDegrees>42.2873200</LatitudeDegrees>
            <LongitudeDegrees>-4.1827800</LongitudeDegrees>
          </Position>
          <AltitudeMeters>910.5</AltitudeMeters>
          <DistanceMeters>3601.5</DistanceMeters>
        </Trackpoint>
        <Trackpoint>
          <Time>2027-05-09T07:14:38Z</Time>
          <Position>
            <LatitudeDegrees>42.2872300</LatitudeDegrees>
            <LongitudeDegrees>-4.1834900</LongitudeDegrees>
          </Position>
          <AltitudeMeters>909.4</AltitudeMeters>
          <DistanceMeters>3660.7</DistanceMeters>
        </Trackpoint>
        <Trackpoint>
          <Time>2027-05-09T07:14:52Z</Time>
          <Position>
            <LatitudeDegrees>42.2871500</LatitudeDegrees>
            <LongitudeDegrees>-4.1842100</LongitudeDegrees>
          </Position>
          <AltitudeMeters>906.5</AltitudeMeters>
          <DistanceMeters>3720.6</DistanceMeters>
        </Trackpoint>
        <Trackpoint>
          <Time>2027-05-09T07:15:08Z</Time>
          <Position>
            <LatitudeDegrees>42.2868700</LatitudeDegrees>
            <LongitudeDegrees>-4.1849100</LongitudeDegrees>
          </Position>
          <AltitudeMeters>901.5</AltitudeMeters>
          <DistanceMeters>3786.1</DistanceMeters>
        </Trackpoint>
        <Trackpoint>
          <Time>2027-05-09T07:15:24Z</Time>
          <Position>
            <LatitudeDegrees>42.2865900</LatitudeDegrees>
            <LongitudeDegrees>-4.1856100</LongitudeDegrees>
          </Position>
          <AltitudeMeters>894.3</AltitudeMeters>
          <DistanceMeters>3851.6</DistanceMeters>
        </Trackpoint>
        <Trackpoint>
          <Time>2027-05-09T07:15:37Z</Time>
          <Position>
            <LatitudeDegrees>42.2864600</LatitudeDegrees>
            <LongitudeDegrees>-4.1862700</LongitudeDegrees>
          </Position>
          <AltitudeMeters>885.3</AltitudeMeters>
          <DistanceMeters>3907.7</DistanceMeters>
        </Trackpoint>
        <Trackpoint>
          <Time>2027-05-09T07:15:51Z</Time>
          <Position>
            <LatitudeDegrees>42.2863200</LatitudeDegrees>
            <LongitudeDegrees>-4.1869300</LongitudeDegrees>
          </Position>
          <AltitudeMeters>874.8</AltitudeMeters>
          <DistanceMeters>3964.2</DistanceMeters>
        </Trackpoint>
        <Trackpoint>
          <Time>2027-05-09T07:16:04Z</Time>
          <Position>
            <LatitudeDegrees>42.2861900</LatitudeDegrees>
            <LongitudeDegrees>-4.1875900</LongitudeDegrees>
          </Position>
          <AltitudeMeters>864.0</AltitudeMeters>
          <DistanceMeters>4020.4</DistanceMeters>
        </Trackpoint>
        <Trackpoint>
          <Time>2027-05-09T07:16:20Z</Time>
          <Position>
            <LatitudeDegrees>42.2859200</LatitudeDegrees>
            <LongitudeDegrees>-4.1882700</LongitudeDegrees>
          </Position>
          <AltitudeMeters>854.9</AltitudeMeters>
          <DistanceMeters>4083.9</DistanceMeters>
        </Trackpoint>
        <Trackpoint>
          <Time>2027-05-09T07:16:40Z</Time>
          <Position>
            <LatitudeDegrees>42.2859100</LatitudeDegrees>
            <LongitudeDegrees>-4.1892900</LongitudeDegrees>
          </Position>
          <AltitudeMeters>847.3</AltitudeMeters>
          <DistanceMeters>4167.8</DistanceMeters>
        </Trackpoint>
        <Trackpoint>
          <Time>2027-05-09T07:16:50Z</Time>
          <Position>
            <LatitudeDegrees>42.2860000</LatitudeDegrees>
            <LongitudeDegrees>-4.1897700</LongitudeDegrees>
          </Position>
          <AltitudeMeters>841.2</AltitudeMeters>
          <DistanceMeters>4208.5</DistanceMeters>
        </Trackpoint>
        <Trackpoint>
          <Time>2027-05-09T07:17:04Z</Time>
          <Position>
            <LatitudeDegrees>42.2860500</LatitudeDegrees>
            <LongitudeDegrees>-4.1904800</LongitudeDegrees>
          </Position>
          <AltitudeMeters>837.0</AltitudeMeters>
          <DistanceMeters>4267.2</DistanceMeters>
        </Trackpoint>
        <Trackpoint>
          <Time>2027-05-09T07:17:18Z</Time>
          <Position>
            <LatitudeDegrees>42.2861000</LatitudeDegrees>
            <LongitudeDegrees>-4.1911900</LongitudeDegrees>
          </Position>
          <AltitudeMeters>834.3</AltitudeMeters>
          <DistanceMeters>4325.9</DistanceMeters>
        </Trackpoint>
        <Trackpoint>
          <Time>2027-05-09T07:17:32Z</Time>
          <Position>
            <LatitudeDegrees>42.2861400</LatitudeDegrees>
            <LongitudeDegrees>-4.1919000</LongitudeDegrees>
          </Position>
          <AltitudeMeters>831.9</AltitudeMeters>
          <DistanceMeters>4384.5</DistanceMeters>
        </Trackpoint>
        <Trackpoint>
          <Time>2027-05-09T07:17:46Z</Time>
          <Position>
            <LatitudeDegrees>42.2861900</LatitudeDegrees>
            <LongitudeDegrees>-4.1926100</LongitudeDegrees>
          </Position>
          <AltitudeMeters>830.1</AltitudeMeters>
          <DistanceMeters>4443.1</DistanceMeters>
        </Trackpoint>
        <Trackpoint>
          <Time>2027-05-09T07:18:03Z</Time>
          <Position>
            <LatitudeDegrees>42.2861700</LatitudeDegrees>
            <LongitudeDegrees>-4.1934600</LongitudeDegrees>
          </Position>
          <AltitudeMeters>828.4</AltitudeMeters>
          <DistanceMeters>4513.1</DistanceMeters>
        </Trackpoint>
        <Trackpoint>
          <Time>2027-05-09T07:18:19Z</Time>
          <Position>
            <LatitudeDegrees>42.2861400</LatitudeDegrees>
            <LongitudeDegrees>-4.1943000</LongitudeDegrees>
          </Position>
          <AltitudeMeters>826.3</AltitudeMeters>
          <DistanceMeters>4582.3</DistanceMeters>
        </Trackpoint>
        <Trackpoint>
          <Time>2027-05-09T07:18:34Z</Time>
          <Position>
            <LatitudeDegrees>42.2860400</LatitudeDegrees>
            <LongitudeDegrees>-4.1950200</LongitudeDegrees>
          </Position>
          <AltitudeMeters>824.5</AltitudeMeters>
          <DistanceMeters>4642.5</DistanceMeters>
        </Trackpoint>
        <Trackpoint>
          <Time>2027-05-09T07:18:47Z</Time>
          <Position>
            <LatitudeDegrees>42.2860300</LatitudeDegrees>
            <LongitudeDegrees>-4.1957100</LongitudeDegrees>
          </Position>
          <AltitudeMeters>822.9</AltitudeMeters>
          <DistanceMeters>4699.3</DistanceMeters>
        </Trackpoint>
        <Trackpoint>
          <Time>2027-05-09T07:19:01Z</Time>
          <Position>
            <LatitudeDegrees>42.2860200</LatitudeDegrees>
            <LongitudeDegrees>-4.1964000</LongitudeDegrees>
          </Position>
          <AltitudeMeters>821.1</AltitudeMeters>
          <DistanceMeters>4756.1</DistanceMeters>
        </Trackpoint>
        <Trackpoint>
          <Time>2027-05-09T07:19:15Z</Time>
          <Position>
            <LatitudeDegrees>42.2860000</LatitudeDegrees>
            <LongitudeDegrees>-4.1970900</LongitudeDegrees>
          </Position>
          <AltitudeMeters>819.5</AltitudeMeters>
          <DistanceMeters>4812.9</DistanceMeters>
        </Trackpoint>
        <Trackpoint>
          <Time>2027-05-09T07:19:28Z</Time>
          <Position>
            <LatitudeDegrees>42.2859900</LatitudeDegrees>
            <LongitudeDegrees>-4.1977800</LongitudeDegrees>
          </Position>
          <AltitudeMeters>818.4</AltitudeMeters>
          <DistanceMeters>4869.6</DistanceMeters>
        </Trackpoint>
        <Trackpoint>
          <Time>2027-05-09T07:19:41Z</Time>
          <Position>
            <LatitudeDegrees>42.2860500</LatitudeDegrees>
            <LongitudeDegrees>-4.1984400</LongitudeDegrees>
          </Position>
          <AltitudeMeters>817.5</AltitudeMeters>
          <DistanceMeters>4924.3</DistanceMeters>
        </Trackpoint>
        <Trackpoint>
          <Time>2027-05-09T07:19:54Z</Time>
          <Position>
            <LatitudeDegrees>42.2861100</LatitudeDegrees>
            <LongitudeDegrees>-4.1990900</LongitudeDegrees>
          </Position>
          <AltitudeMeters>816.5</AltitudeMeters>
          <DistanceMeters>4978.2</DistanceMeters>
        </Trackpoint>
        <Trackpoint>
          <Time>2027-05-09T07:20:07Z</Time>
          <Position>
            <LatitudeDegrees>42.2861700</LatitudeDegrees>
            <LongitudeDegrees>-4.1997500</LongitudeDegrees>
          </Position>
          <AltitudeMeters>815.2</AltitudeMeters>
          <DistanceMeters>5032.9</DistanceMeters>
        </Trackpoint>
        <Trackpoint>
          <Time>2027-05-09T07:20:20Z</Time>
          <Position>
            <LatitudeDegrees>42.2862300</LatitudeDegrees>
            <LongitudeDegrees>-4.2004000</LongitudeDegrees>
          </Position>
          <AltitudeMeters>814.0</AltitudeMeters>
          <DistanceMeters>5086.8</DistanceMeters>
        </Trackpoint>
        <Trackpoint>
          <Time>2027-05-09T07:20:36Z</Time>
          <Position>
            <LatitudeDegrees>42.2863600</LatitudeDegrees>
            <LongitudeDegrees>-4.2011500</LongitudeDegrees>
          </Position>
          <AltitudeMeters>812.4</AltitudeMeters>
          <DistanceMeters>5150.2</DistanceMeters>
        </Trackpoint>
        <Trackpoint>
          <Time>2027-05-09T07:20:39Z</Time>
          <Position>
            <LatitudeDegrees>42.2863100</LatitudeDegrees>
            <LongitudeDegrees>-4.2013100</LongitudeDegrees>
          </Position>
          <AltitudeMeters>810.2</AltitudeMeters>
          <DistanceMeters>5164.5</DistanceMeters>
        </Trackpoint>
        <Trackpoint>
          <Time>2027-05-09T07:20:50Z</Time>
          <Position>
            <LatitudeDegrees>42.2860300</LatitudeDegrees>
            <LongitudeDegrees>-4.2017200</LongitudeDegrees>
          </Position>
          <AltitudeMeters>807.1</AltitudeMeters>
          <DistanceMeters>5210.4</DistanceMeters>
        </Trackpoint>
        <Trackpoint>
          <Time>2027-05-09T07:20:59Z</Time>
          <Position>
            <LatitudeDegrees>42.2860100</LatitudeDegrees>
            <LongitudeDegrees>-4.2022000</LongitudeDegrees>
          </Position>
          <AltitudeMeters>804.3</AltitudeMeters>
          <DistanceMeters>5249.9</DistanceMeters>
        </Trackpoint>
        <Trackpoint>
          <Time>2027-05-09T07:21:21Z</Time>
          <Position>
            <LatitudeDegrees>42.2857700</LatitudeDegrees>
            <LongitudeDegrees>-4.2032200</LongitudeDegrees>
          </Position>
          <AltitudeMeters>801.5</AltitudeMeters>
          <DistanceMeters>5338.0</DistanceMeters>
        </Trackpoint>
        <Trackpoint>
          <Time>2027-05-09T07:21:35Z</Time>
          <Position>
            <LatitudeDegrees>42.2857700</LatitudeDegrees>
            <LongitudeDegrees>-4.2039700</LongitudeDegrees>
          </Position>
          <AltitudeMeters>799.1</AltitudeMeters>
          <DistanceMeters>5399.7</DistanceMeters>
        </Trackpoint>
        <Trackpoint>
          <Time>2027-05-09T07:21:50Z</Time>
          <Position>
            <LatitudeDegrees>42.2857600</LatitudeDegrees>
            <LongitudeDegrees>-4.2047300</LongitudeDegrees>
          </Position>
          <AltitudeMeters>797.3</AltitudeMeters>
          <DistanceMeters>5462.2</DistanceMeters>
        </Trackpoint>
        <Trackpoint>
          <Time>2027-05-09T07:22:05Z</Time>
          <Position>
            <LatitudeDegrees>42.2857600</LatitudeDegrees>
            <LongitudeDegrees>-4.2054800</LongitudeDegrees>
          </Position>
          <AltitudeMeters>796.7</AltitudeMeters>
          <DistanceMeters>5523.9</DistanceMeters>
        </Trackpoint>
        <Trackpoint>
          <Time>2027-05-09T07:22:20Z</Time>
          <Position>
            <LatitudeDegrees>42.2857500</LatitudeDegrees>
            <LongitudeDegrees>-4.2062300</LongitudeDegrees>
          </Position>
          <AltitudeMeters>796.1</AltitudeMeters>
          <DistanceMeters>5585.6</DistanceMeters>
        </Trackpoint>
        <Trackpoint>
          <Time>2027-05-09T07:22:36Z</Time>
          <Position>
            <LatitudeDegrees>42.2857000</LatitudeDegrees>
            <LongitudeDegrees>-4.2070200</LongitudeDegrees>
          </Position>
          <AltitudeMeters>795.4</AltitudeMeters>
          <DistanceMeters>5650.8</DistanceMeters>
        </Trackpoint>
        <Trackpoint>
          <Time>2027-05-09T07:22:52Z</Time>
          <Position>
            <LatitudeDegrees>42.2856600</LatitudeDegrees>
            <LongitudeDegrees>-4.2078200</LongitudeDegrees>
          </Position>
          <AltitudeMeters>794.8</AltitudeMeters>
          <DistanceMeters>5716.8</DistanceMeters>
        </Trackpoint>
        <Trackpoint>
          <Time>2027-05-09T07:23:07Z</Time>
          <Position>
            <LatitudeDegrees>42.2856100</LatitudeDegrees>
            <LongitudeDegrees>-4.2086100</LongitudeDegrees>
          </Position>
          <AltitudeMeters>794.3</AltitudeMeters>
          <DistanceMeters>5782.0</DistanceMeters>
        </Trackpoint>
        <Trackpoint>
          <Time>2027-05-09T07:23:19Z</Time>
          <Position>
            <LatitudeDegrees>42.2855400</LatitudeDegrees>
            <LongitudeDegrees>-4.2092100</LongitudeDegrees>
          </Position>
          <AltitudeMeters>793.8</AltitudeMeters>
          <DistanceMeters>5832.0</DistanceMeters>
        </Trackpoint>
        <Trackpoint>
          <Time>2027-05-09T07:23:31Z</Time>
          <Position>
            <LatitudeDegrees>42.2854700</LatitudeDegrees>
            <LongitudeDegrees>-4.2098200</LongitudeDegrees>
          </Position>
          <AltitudeMeters>793.7</AltitudeMeters>
          <DistanceMeters>5882.8</DistanceMeters>
        </Trackpoint>
        <Trackpoint>
          <Time>2027-05-09T07:23:43Z</Time>
          <Position>
            <LatitudeDegrees>42.2854000</LatitudeDegrees>
            <LongitudeDegrees>-4.2104200</LongitudeDegrees>
          </Position>
          <AltitudeMeters>793.8</AltitudeMeters>
          <DistanceMeters>5932.7</DistanceMeters>
        </Trackpoint>
        <Trackpoint>
          <Time>2027-05-09T07:23:59Z</Time>
          <Position>
            <LatitudeDegrees>42.2851600</LatitudeDegrees>
            <LongitudeDegrees>-4.2111500</LongitudeDegrees>
          </Position>
          <AltitudeMeters>793.7</AltitudeMeters>
          <DistanceMeters>5998.4</DistanceMeters>
        </Trackpoint>
        <Trackpoint>
          <Time>2027-05-09T07:24:15Z</Time>
          <Position>
            <LatitudeDegrees>42.2849200</LatitudeDegrees>
            <LongitudeDegrees>-4.2118700</LongitudeDegrees>
          </Position>
          <AltitudeMeters>793.5</AltitudeMeters>
          <DistanceMeters>6063.4</DistanceMeters>
        </Trackpoint>
        <Trackpoint>
          <Time>2027-05-09T07:24:29Z</Time>
          <Position>
            <LatitudeDegrees>42.2847300</LatitudeDegrees>
            <LongitudeDegrees>-4.2125600</LongitudeDegrees>
          </Position>
          <AltitudeMeters>793.4</AltitudeMeters>
          <DistanceMeters>6124.0</DistanceMeters>
        </Trackpoint>
        <Trackpoint>
          <Time>2027-05-09T07:24:44Z</Time>
          <Position>
            <LatitudeDegrees>42.2845400</LatitudeDegrees>
            <LongitudeDegrees>-4.2132600</LongitudeDegrees>
          </Position>
          <AltitudeMeters>793.1</AltitudeMeters>
          <DistanceMeters>6185.3</DistanceMeters>
        </Trackpoint>
        <Trackpoint>
          <Time>2027-05-09T07:24:59Z</Time>
          <Position>
            <LatitudeDegrees>42.2843500</LatitudeDegrees>
            <LongitudeDegrees>-4.2139500</LongitudeDegrees>
          </Position>
          <AltitudeMeters>792.7</AltitudeMeters>
          <DistanceMeters>6245.9</DistanceMeters>
        </Trackpoint>
        <Trackpoint>
          <Time>2027-05-09T07:25:12Z</Time>
          <Position>
            <LatitudeDegrees>42.2841500</LatitudeDegrees>
            <LongitudeDegrees>-4.2145700</LongitudeDegrees>
          </Position>
          <AltitudeMeters>792.1</AltitudeMeters>
          <DistanceMeters>6301.5</DistanceMeters>
        </Trackpoint>
        <Trackpoint>
          <Time>2027-05-09T07:25:25Z</Time>
          <Position>
            <LatitudeDegrees>42.2839600</LatitudeDegrees>
            <LongitudeDegrees>-4.2151900</LongitudeDegrees>
          </Position>
          <AltitudeMeters>791.4</AltitudeMeters>
          <DistanceMeters>6356.7</DistanceMeters>
        </Trackpoint>
        <Trackpoint>
          <Time>2027-05-09T07:25:38Z</Time>
          <Position>
            <LatitudeDegrees>42.2837600</LatitudeDegrees>
            <LongitudeDegrees>-4.2158100</LongitudeDegrees>
          </Position>
          <AltitudeMeters>790.5</AltitudeMeters>
          <DistanceMeters>6412.4</DistanceMeters>
        </Trackpoint>
        <Trackpoint>
          <Time>2027-05-09T07:26:02Z</Time>
          <Position>
            <LatitudeDegrees>42.2835500</LatitudeDegrees>
            <LongitudeDegrees>-4.2169800</LongitudeDegrees>
          </Position>
          <AltitudeMeters>789.7</AltitudeMeters>
          <DistanceMeters>6511.4</DistanceMeters>
        </Trackpoint>
        <Trackpoint>
          <Time>2027-05-09T07:26:25Z</Time>
          <Position>
            <LatitudeDegrees>42.2834600</LatitudeDegrees>
            <LongitudeDegrees>-4.2181400</LongitudeDegrees>
          </Position>
          <AltitudeMeters>789.1</AltitudeMeters>
          <DistanceMeters>6607.4</DistanceMeters>
        </Trackpoint>
        <Trackpoint>
          <Time>2027-05-09T07:26:40Z</Time>
          <Position>
            <LatitudeDegrees>42.2833700</LatitudeDegrees>
            <LongitudeDegrees>-4.2188900</LongitudeDegrees>
          </Position>
          <AltitudeMeters>788.9</AltitudeMeters>
          <DistanceMeters>6669.9</DistanceMeters>
        </Trackpoint>
        <Trackpoint>
          <Time>2027-05-09T07:26:55Z</Time>
          <Position>
            <LatitudeDegrees>42.2832700</LatitudeDegrees>
            <LongitudeDegrees>-4.2196300</LongitudeDegrees>
          </Position>
          <AltitudeMeters>788.8</AltitudeMeters>
          <DistanceMeters>6731.7</DistanceMeters>
        </Trackpoint>
        <Trackpoint>
          <Time>2027-05-09T07:27:10Z</Time>
          <Position>
            <LatitudeDegrees>42.2831800</LatitudeDegrees>
            <LongitudeDegrees>-4.2203800</LongitudeDegrees>
          </Position>
          <AltitudeMeters>788.5</AltitudeMeters>
          <DistanceMeters>6794.2</DistanceMeters>
        </Trackpoint>
        <Trackpoint>
          <Time>2027-05-09T07:27:24Z</Time>
          <Position>
            <LatitudeDegrees>42.2830300</LatitudeDegrees>
            <LongitudeDegrees>-4.2210600</LongitudeDegrees>
          </Position>
          <AltitudeMeters>788.4</AltitudeMeters>
          <DistanceMeters>6852.6</DistanceMeters>
        </Trackpoint>
        <Trackpoint>
          <Time>2027-05-09T07:27:38Z</Time>
          <Position>
            <LatitudeDegrees>42.2828800</LatitudeDegrees>
            <LongitudeDegrees>-4.2217500</LongitudeDegrees>
          </Position>
          <AltitudeMeters>788.3</AltitudeMeters>
          <DistanceMeters>6911.8</DistanceMeters>
        </Trackpoint>
        <Trackpoint>
          <Time>2027-05-09T07:27:52Z</Time>
          <Position>
            <LatitudeDegrees>42.2827300</LatitudeDegrees>
            <LongitudeDegrees>-4.2224300</LongitudeDegrees>
          </Position>
          <AltitudeMeters>788.4</AltitudeMeters>
          <DistanceMeters>6970.2</DistanceMeters>
        </Trackpoint>
        <Trackpoint>
          <Time>2027-05-09T07:28:06Z</Time>
          <Position>
            <LatitudeDegrees>42.2825800</LatitudeDegrees>
            <LongitudeDegrees>-4.2231100</LongitudeDegrees>
          </Position>
          <AltitudeMeters>789.1</AltitudeMeters>
          <DistanceMeters>7028.5</DistanceMeters>
        </Trackpoint>
        <Trackpoint>
          <Time>2027-05-09T07:28:29Z</Time>
          <Position>
            <LatitudeDegrees>42.2822000</LatitudeDegrees>
            <LongitudeDegrees>-4.2241100</LongitudeDegrees>
          </Position>
          <AltitudeMeters>790.5</AltitudeMeters>
          <DistanceMeters>7121.0</DistanceMeters>
        </Trackpoint>
        <Trackpoint>
          <Time>2027-05-09T07:28:44Z</Time>
          <Position>
            <LatitudeDegrees>42.2819800</LatitudeDegrees>
            <LongitudeDegrees>-4.2248600</LongitudeDegrees>
          </Position>
          <AltitudeMeters>791.3</AltitudeMeters>
          <DistanceMeters>7187.4</DistanceMeters>
        </Trackpoint>
        <Trackpoint>
          <Time>2027-05-09T07:29:01Z</Time>
          <Position>
            <LatitudeDegrees>42.2817500</LatitudeDegrees>
            <LongitudeDegrees>-4.2256100</LongitudeDegrees>
          </Position>
          <AltitudeMeters>792.5</AltitudeMeters>
          <DistanceMeters>7254.2</DistanceMeters>
        </Trackpoint>
        <Trackpoint>
          <Time>2027-05-09T07:29:13Z</Time>
          <Position>
            <LatitudeDegrees>42.2814700</LatitudeDegrees>
            <LongitudeDegrees>-4.2261200</LongitudeDegrees>
          </Position>
          <AltitudeMeters>794.4</AltitudeMeters>
          <DistanceMeters>7306.4</DistanceMeters>
        </Trackpoint>
        <Trackpoint>
          <Time>2027-05-09T07:29:26Z</Time>
          <Position>
            <LatitudeDegrees>42.2811800</LatitudeDegrees>
            <LongitudeDegrees>-4.2266400</LongitudeDegrees>
          </Position>
          <AltitudeMeters>796.0</AltitudeMeters>
          <DistanceMeters>7360.0</DistanceMeters>
        </Trackpoint>
        <Trackpoint>
          <Time>2027-05-09T07:29:46Z</Time>
          <Position>
            <LatitudeDegrees>42.2811900</LatitudeDegrees>
            <LongitudeDegrees>-4.2276600</LongitudeDegrees>
          </Position>
          <AltitudeMeters>797.2</AltitudeMeters>
          <DistanceMeters>7443.9</DistanceMeters>
        </Trackpoint>
        <Trackpoint>
          <Time>2027-05-09T07:29:58Z</Time>
          <Position>
            <LatitudeDegrees>42.2812400</LatitudeDegrees>
            <LongitudeDegrees>-4.2282800</LongitudeDegrees>
          </Position>
          <AltitudeMeters>798.5</AltitudeMeters>
          <DistanceMeters>7495.2</DistanceMeters>
        </Trackpoint>
        <Trackpoint>
          <Time>2027-05-09T07:30:11Z</Time>
          <Position>
            <LatitudeDegrees>42.2812900</LatitudeDegrees>
            <LongitudeDegrees>-4.2289000</LongitudeDegrees>
          </Position>
          <AltitudeMeters>799.1</AltitudeMeters>
          <DistanceMeters>7546.5</DistanceMeters>
        </Trackpoint>
        <Trackpoint>
          <Time>2027-05-09T07:30:23Z</Time>
          <Position>
            <LatitudeDegrees>42.2813500</LatitudeDegrees>
            <LongitudeDegrees>-4.2295200</LongitudeDegrees>
          </Position>
          <AltitudeMeters>798.7</AltitudeMeters>
          <DistanceMeters>7598.0</DistanceMeters>
        </Trackpoint>
        <Trackpoint>
          <Time>2027-05-09T07:30:35Z</Time>
          <Position>
            <LatitudeDegrees>42.2814000</LatitudeDegrees>
            <LongitudeDegrees>-4.2301400</LongitudeDegrees>
          </Position>
          <AltitudeMeters>798.2</AltitudeMeters>
          <DistanceMeters>7649.3</DistanceMeters>
        </Trackpoint>
        <Trackpoint>
          <Time>2027-05-09T07:30:48Z</Time>
          <Position>
            <LatitudeDegrees>42.2814500</LatitudeDegrees>
            <LongitudeDegrees>-4.2307700</LongitudeDegrees>
          </Position>
          <AltitudeMeters>797.6</AltitudeMeters>
          <DistanceMeters>7701.4</DistanceMeters>
        </Trackpoint>
        <Trackpoint>
          <Time>2027-05-09T07:31:00Z</Time>
          <Position>
            <LatitudeDegrees>42.2815000</LatitudeDegrees>
            <LongitudeDegrees>-4.2313900</LongitudeDegrees>
          </Position>
          <AltitudeMeters>797.1</AltitudeMeters>
          <DistanceMeters>7752.7</DistanceMeters>
        </Trackpoint>
        <Trackpoint>
          <Time>2027-05-09T07:31:12Z</Time>
          <Position>
            <LatitudeDegrees>42.2815500</LatitudeDegrees>
            <LongitudeDegrees>-4.2320100</LongitudeDegrees>
          </Position>
          <AltitudeMeters>797.1</AltitudeMeters>
          <DistanceMeters>7804.0</DistanceMeters>
        </Trackpoint>
        <Trackpoint>
          <Time>2027-05-09T07:31:25Z</Time>
          <Position>
            <LatitudeDegrees>42.2816100</LatitudeDegrees>
            <LongitudeDegrees>-4.2326300</LongitudeDegrees>
          </Position>
          <AltitudeMeters>797.1</AltitudeMeters>
          <DistanceMeters>7855.5</DistanceMeters>
        </Trackpoint>
        <Trackpoint>
          <Time>2027-05-09T07:31:37Z</Time>
          <Position>
            <LatitudeDegrees>42.2816600</LatitudeDegrees>
            <LongitudeDegrees>-4.2332500</LongitudeDegrees>
          </Position>
          <AltitudeMeters>796.9</AltitudeMeters>
          <DistanceMeters>7906.8</DistanceMeters>
        </Trackpoint>
        <Trackpoint>
          <Time>2027-05-09T07:31:49Z</Time>
          <Position>
            <LatitudeDegrees>42.2817100</LatitudeDegrees>
            <LongitudeDegrees>-4.2338700</LongitudeDegrees>
          </Position>
          <AltitudeMeters>796.4</AltitudeMeters>
          <DistanceMeters>7958.1</DistanceMeters>
        </Trackpoint>
        <Trackpoint>
          <Time>2027-05-09T07:32:04Z</Time>
          <Position>
            <LatitudeDegrees>42.2816800</LatitudeDegrees>
            <LongitudeDegrees>-4.2345900</LongitudeDegrees>
          </Position>
          <AltitudeMeters>795.2</AltitudeMeters>
          <DistanceMeters>8017.4</DistanceMeters>
        </Trackpoint>
        <Trackpoint>
          <Time>2027-05-09T07:32:18Z</Time>
          <Position>
            <LatitudeDegrees>42.2816500</LatitudeDegrees>
            <LongitudeDegrees>-4.2353000</LongitudeDegrees>
          </Position>
          <AltitudeMeters>793.5</AltitudeMeters>
          <DistanceMeters>8075.9</DistanceMeters>
        </Trackpoint>
        <Trackpoint>
          <Time>2027-05-09T07:32:32Z</Time>
          <Position>
            <LatitudeDegrees>42.2816200</LatitudeDegrees>
            <LongitudeDegrees>-4.2360200</LongitudeDegrees>
          </Position>
          <AltitudeMeters>791.2</AltitudeMeters>
          <DistanceMeters>8135.2</DistanceMeters>
        </Trackpoint>
        <Trackpoint>
          <Time>2027-05-09T07:32:46Z</Time>
          <Position>
            <LatitudeDegrees>42.2816500</LatitudeDegrees>
            <LongitudeDegrees>-4.2367300</LongitudeDegrees>
          </Position>
          <AltitudeMeters>788.8</AltitudeMeters>
          <DistanceMeters>8193.7</DistanceMeters>
        </Trackpoint>
        <Trackpoint>
          <Time>2027-05-09T07:33:05Z</Time>
          <Position>
            <LatitudeDegrees>42.2814100</LatitudeDegrees>
            <LongitudeDegrees>-4.2376500</LongitudeDegrees>
          </Position>
          <AltitudeMeters>786.4</AltitudeMeters>
          <DistanceMeters>8274.0</DistanceMeters>
        </Trackpoint>
        <Trackpoint>
          <Time>2027-05-09T07:33:22Z</Time>
          <Position>
            <LatitudeDegrees>42.2811400</LatitudeDegrees>
            <LongitudeDegrees>-4.2384400</LongitudeDegrees>
          </Position>
          <AltitudeMeters>784.2</AltitudeMeters>
          <DistanceMeters>8345.6</DistanceMeters>
        </Trackpoint>
        <Trackpoint>
          <Time>2027-05-09T07:33:40Z</Time>
          <Position>
            <LatitudeDegrees>42.2808600</LatitudeDegrees>
            <LongitudeDegrees>-4.2392200</LongitudeDegrees>
          </Position>
          <AltitudeMeters>782.2</AltitudeMeters>
          <DistanceMeters>8416.9</DistanceMeters>
        </Trackpoint>
        <Trackpoint>
          <Time>2027-05-09T07:33:52Z</Time>
          <Position>
            <LatitudeDegrees>42.2806200</LatitudeDegrees>
            <LongitudeDegrees>-4.2397500</LongitudeDegrees>
          </Position>
          <AltitudeMeters>780.5</AltitudeMeters>
          <DistanceMeters>8468.0</DistanceMeters>
        </Trackpoint>
        <Trackpoint>
          <Time>2027-05-09T07:34:04Z</Time>
          <Position>
            <LatitudeDegrees>42.2803900</LatitudeDegrees>
            <LongitudeDegrees>-4.2402800</LongitudeDegrees>
          </Position>
          <AltitudeMeters>778.5</AltitudeMeters>
          <DistanceMeters>8518.6</DistanceMeters>
        </Trackpoint>
        <Trackpoint>
          <Time>2027-05-09T07:34:16Z</Time>
          <Position>
            <LatitudeDegrees>42.2801500</LatitudeDegrees>
            <LongitudeDegrees>-4.2408100</LongitudeDegrees>
          </Position>
          <AltitudeMeters>776.0</AltitudeMeters>
          <DistanceMeters>8569.7</DistanceMeters>
        </Trackpoint>
        <Trackpoint>
          <Time>2027-05-09T07:34:28Z</Time>
          <Position>
            <LatitudeDegrees>42.2799100</LatitudeDegrees>
            <LongitudeDegrees>-4.2413400</LongitudeDegrees>
          </Position>
          <AltitudeMeters>773.2</AltitudeMeters>
          <DistanceMeters>8620.8</DistanceMeters>
        </Trackpoint>
        <Trackpoint>
          <Time>2027-05-09T07:34:42Z</Time>
          <Position>
            <LatitudeDegrees>42.2796000</LatitudeDegrees>
            <LongitudeDegrees>-4.2418800</LongitudeDegrees>
          </Position>
          <AltitudeMeters>770.6</AltitudeMeters>
          <DistanceMeters>8677.1</DistanceMeters>
        </Trackpoint>
        <Trackpoint>
          <Time>2027-05-09T07:34:56Z</Time>
          <Position>
            <LatitudeDegrees>42.2792800</LatitudeDegrees>
            <LongitudeDegrees>-4.2424200</LongitudeDegrees>
          </Position>
          <AltitudeMeters>768.3</AltitudeMeters>
          <DistanceMeters>8734.0</DistanceMeters>
        </Trackpoint>
        <Trackpoint>
          <Time>2027-05-09T07:35:10Z</Time>
          <Position>
            <LatitudeDegrees>42.2790000</LatitudeDegrees>
            <LongitudeDegrees>-4.2430400</LongitudeDegrees>
          </Position>
          <AltitudeMeters>766.5</AltitudeMeters>
          <DistanceMeters>8793.7</DistanceMeters>
        </Trackpoint>
        <Trackpoint>
          <Time>2027-05-09T07:35:28Z</Time>
          <Position>
            <LatitudeDegrees>42.2787800</LatitudeDegrees>
            <LongitudeDegrees>-4.2439100</LongitudeDegrees>
          </Position>
          <AltitudeMeters>765.6</AltitudeMeters>
          <DistanceMeters>8869.4</DistanceMeters>
        </Trackpoint>
        <Trackpoint>
          <Time>2027-05-09T07:35:40Z</Time>
          <Position>
            <LatitudeDegrees>42.2786800</LatitudeDegrees>
            <LongitudeDegrees>-4.2445000</LongitudeDegrees>
          </Position>
          <AltitudeMeters>765.4</AltitudeMeters>
          <DistanceMeters>8919.2</DistanceMeters>
        </Trackpoint>
        <Trackpoint>
          <Time>2027-05-09T07:35:43Z</Time>
          <Position>
            <LatitudeDegrees>42.2787000</LatitudeDegrees>
            <LongitudeDegrees>-4.2446700</LongitudeDegrees>
          </Position>
          <AltitudeMeters>765.2</AltitudeMeters>
          <DistanceMeters>8933.3</DistanceMeters>
        </Trackpoint>
        <Trackpoint>
          <Time>2027-05-09T07:35:56Z</Time>
          <Position>
            <LatitudeDegrees>42.2784600</LatitudeDegrees>
            <LongitudeDegrees>-4.2451900</LongitudeDegrees>
          </Position>
          <AltitudeMeters>765.1</AltitudeMeters>
          <DistanceMeters>8983.8</DistanceMeters>
        </Trackpoint>
        <Trackpoint>
          <Time>2027-05-09T07:36:08Z</Time>
          <Position>
            <LatitudeDegrees>42.2782300</LatitudeDegrees>
            <LongitudeDegrees>-4.2457100</LongitudeDegrees>
          </Position>
          <AltitudeMeters>765.3</AltitudeMeters>
          <DistanceMeters>9033.6</DistanceMeters>
        </Trackpoint>
        <Trackpoint>
          <Time>2027-05-09T07:36:20Z</Time>
          <Position>
            <LatitudeDegrees>42.2779900</LatitudeDegrees>
            <LongitudeDegrees>-4.2462300</LongitudeDegrees>
          </Position>
          <AltitudeMeters>765.7</AltitudeMeters>
          <DistanceMeters>9084.0</DistanceMeters>
        </Trackpoint>
        <Trackpoint>
          <Time>2027-05-09T07:36:32Z</Time>
          <Position>
            <LatitudeDegrees>42.2777600</LatitudeDegrees>
            <LongitudeDegrees>-4.2467500</LongitudeDegrees>
          </Position>
          <AltitudeMeters>766.1</AltitudeMeters>
          <DistanceMeters>9133.9</DistanceMeters>
        </Trackpoint>
        <Trackpoint>
          <Time>2027-05-09T07:36:44Z</Time>
          <Position>
            <LatitudeDegrees>42.2775200</LatitudeDegrees>
            <LongitudeDegrees>-4.2472700</LongitudeDegrees>
          </Position>
          <AltitudeMeters>766.6</AltitudeMeters>
          <DistanceMeters>9184.3</DistanceMeters>
        </Trackpoint>
        <Trackpoint>
          <Time>2027-05-09T07:36:53Z</Time>
          <Position>
            <LatitudeDegrees>42.2775000</LatitudeDegrees>
            <LongitudeDegrees>-4.2477600</LongitudeDegrees>
          </Position>
          <AltitudeMeters>766.8</AltitudeMeters>
          <DistanceMeters>9224.7</DistanceMeters>
        </Trackpoint>
        <Trackpoint>
          <Time>2027-05-09T07:37:01Z</Time>
          <Position>
            <LatitudeDegrees>42.2775300</LatitudeDegrees>
            <LongitudeDegrees>-4.2481300</LongitudeDegrees>
          </Position>
          <AltitudeMeters>766.8</AltitudeMeters>
          <DistanceMeters>9255.3</DistanceMeters>
        </Trackpoint>
        <Trackpoint>
          <Time>2027-05-09T07:37:11Z</Time>
          <Position>
            <LatitudeDegrees>42.2777100</LatitudeDegrees>
            <LongitudeDegrees>-4.2485900</LongitudeDegrees>
          </Position>
          <AltitudeMeters>766.6</AltitudeMeters>
          <DistanceMeters>9298.1</DistanceMeters>
        </Trackpoint>
        <Trackpoint>
          <Time>2027-05-09T07:37:28Z</Time>
          <Position>
            <LatitudeDegrees>42.2781900</LatitudeDegrees>
            <LongitudeDegrees>-4.2491400</LongitudeDegrees>
          </Position>
          <AltitudeMeters>766.2</AltitudeMeters>
          <DistanceMeters>9368.1</DistanceMeters>
        </Trackpoint>
        <Trackpoint>
          <Time>2027-05-09T07:37:51Z</Time>
          <Position>
            <LatitudeDegrees>42.2789100</LatitudeDegrees>
            <LongitudeDegrees>-4.2497900</LongitudeDegrees>
          </Position>
          <AltitudeMeters>765.7</AltitudeMeters>
          <DistanceMeters>9464.3</DistanceMeters>
        </Trackpoint>
        <Trackpoint>
          <Time>2027-05-09T07:38:10Z</Time>
          <Position>
            <LatitudeDegrees>42.2796000</LatitudeDegrees>
            <LongitudeDegrees>-4.2501200</LongitudeDegrees>
          </Position>
          <AltitudeMeters>765.5</AltitudeMeters>
          <DistanceMeters>9545.7</DistanceMeters>
        </Trackpoint>
        <Trackpoint>
          <Time>2027-05-09T07:38:25Z</Time>
          <Position>
            <LatitudeDegrees>42.2801300</LatitudeDegrees>
            <LongitudeDegrees>-4.2500700</LongitudeDegrees>
          </Position>
          <AltitudeMeters>765.6</AltitudeMeters>
          <DistanceMeters>9604.8</DistanceMeters>
        </Trackpoint>
        <Trackpoint>
          <Time>2027-05-09T07:38:39Z</Time>
          <Position>
            <LatitudeDegrees>42.2806700</LatitudeDegrees>
            <LongitudeDegrees>-4.2501100</LongitudeDegrees>
          </Position>
          <AltitudeMeters>765.6</AltitudeMeters>
          <DistanceMeters>9664.9</DistanceMeters>
        </Trackpoint>
        <Trackpoint>
          <Time>2027-05-09T07:39:00Z</Time>
          <Position>
            <LatitudeDegrees>42.2814200</LatitudeDegrees>
            <LongitudeDegrees>-4.2503200</LongitudeDegrees>
          </Position>
          <AltitudeMeters>765.6</AltitudeMeters>
          <DistanceMeters>9750.1</DistanceMeters>
        </Trackpoint>
        <Trackpoint>
          <Time>2027-05-09T07:39:16Z</Time>
          <Position>
            <LatitudeDegrees>42.2820100</LatitudeDegrees>
            <LongitudeDegrees>-4.2505800</LongitudeDegrees>
          </Position>
          <AltitudeMeters>765.7</AltitudeMeters>
          <DistanceMeters>9819.1</DistanceMeters>
        </Trackpoint>
        <Trackpoint>
          <Time>2027-05-09T07:39:30Z</Time>
          <Position>
            <LatitudeDegrees>42.2823700</LatitudeDegrees>
            <LongitudeDegrees>-4.2510600</LongitudeDegrees>
          </Position>
          <AltitudeMeters>765.5</AltitudeMeters>
          <DistanceMeters>9875.3</DistanceMeters>
        </Trackpoint>
        <Trackpoint>
          <Time>2027-05-09T07:39:44Z</Time>
          <Position>
            <LatitudeDegrees>42.2828100</LatitudeDegrees>
            <LongitudeDegrees>-4.2514700</LongitudeDegrees>
          </Position>
          <AltitudeMeters>765.3</AltitudeMeters>
          <DistanceMeters>9934.8</DistanceMeters>
        </Trackpoint>
        <Trackpoint>
          <Time>2027-05-09T07:39:58Z</Time>
          <Position>
            <LatitudeDegrees>42.2832000</LatitudeDegrees>
            <LongitudeDegrees>-4.2519800</LongitudeDegrees>
          </Position>
          <AltitudeMeters>765.4</AltitudeMeters>
          <DistanceMeters>9995.1</DistanceMeters>
        </Trackpoint>
        <Trackpoint>
          <Time>2027-05-09T07:40:13Z</Time>
          <Position>
            <LatitudeDegrees>42.2836000</LatitudeDegrees>
            <LongitudeDegrees>-4.2524900</LongitudeDegrees>
          </Position>
          <AltitudeMeters>765.8</AltitudeMeters>
          <DistanceMeters>10056.3</DistanceMeters>
        </Trackpoint>
        <Trackpoint>
          <Time>2027-05-09T07:40:28Z</Time>
          <Position>
            <LatitudeDegrees>42.2841100</LatitudeDegrees>
            <LongitudeDegrees>-4.2528500</LongitudeDegrees>
          </Position>
          <AltitudeMeters>766.3</AltitudeMeters>
          <DistanceMeters>10120.2</DistanceMeters>
        </Trackpoint>
        <Trackpoint>
          <Time>2027-05-09T07:40:43Z</Time>
          <Position>
            <LatitudeDegrees>42.2846100</LatitudeDegrees>
            <LongitudeDegrees>-4.2532100</LongitudeDegrees>
          </Position>
          <AltitudeMeters>767.2</AltitudeMeters>
          <DistanceMeters>10183.2</DistanceMeters>
        </Trackpoint>
        <Trackpoint>
          <Time>2027-05-09T07:40:53Z</Time>
          <Position>
            <LatitudeDegrees>42.2849000</LatitudeDegrees>
            <LongitudeDegrees>-4.2535100</LongitudeDegrees>
          </Position>
          <AltitudeMeters>767.9</AltitudeMeters>
          <DistanceMeters>10223.8</DistanceMeters>
        </Trackpoint>
        <Trackpoint>
          <Time>2027-05-09T07:41:07Z</Time>
          <Position>
            <LatitudeDegrees>42.2852100</LatitudeDegrees>
            <LongitudeDegrees>-4.2540900</LongitudeDegrees>
          </Position>
          <AltitudeMeters>768.3</AltitudeMeters>
          <DistanceMeters>10282.7</DistanceMeters>
        </Trackpoint>
        <Trackpoint>
          <Time>2027-05-09T07:41:24Z</Time>
          <Position>
            <LatitudeDegrees>42.2856600</LatitudeDegrees>
            <LongitudeDegrees>-4.2546400</LongitudeDegrees>
          </Position>
          <AltitudeMeters>768.8</AltitudeMeters>
          <DistanceMeters>10350.2</DistanceMeters>
        </Trackpoint>
        <Trackpoint>
          <Time>2027-05-09T07:41:40Z</Time>
          <Position>
            <LatitudeDegrees>42.2861000</LatitudeDegrees>
            <LongitudeDegrees>-4.2551900</LongitudeDegrees>
          </Position>
          <AltitudeMeters>769.4</AltitudeMeters>
          <DistanceMeters>10416.8</DistanceMeters>
        </Trackpoint>
        <Trackpoint>
          <Time>2027-05-09T07:42:00Z</Time>
          <Position>
            <LatitudeDegrees>42.2865700</LatitudeDegrees>
            <LongitudeDegrees>-4.2560200</LongitudeDegrees>
          </Position>
          <AltitudeMeters>769.7</AltitudeMeters>
          <DistanceMeters>10502.8</DistanceMeters>
        </Trackpoint>
        <Trackpoint>
          <Time>2027-05-09T07:42:18Z</Time>
          <Position>
            <LatitudeDegrees>42.2871300</LatitudeDegrees>
            <LongitudeDegrees>-4.2565000</LongitudeDegrees>
          </Position>
          <AltitudeMeters>770.3</AltitudeMeters>
          <DistanceMeters>10576.5</DistanceMeters>
        </Trackpoint>
        <Trackpoint>
          <Time>2027-05-09T07:42:31Z</Time>
          <Position>
            <LatitudeDegrees>42.2870000</LatitudeDegrees>
            <LongitudeDegrees>-4.2571500</LongitudeDegrees>
          </Position>
          <AltitudeMeters>770.9</AltitudeMeters>
          <DistanceMeters>10631.9</DistanceMeters>
        </Trackpoint>
        <Trackpoint>
          <Time>2027-05-09T07:42:49Z</Time>
          <Position>
            <LatitudeDegrees>42.2872600</LatitudeDegrees>
            <LongitudeDegrees>-4.2579700</LongitudeDegrees>
          </Position>
          <AltitudeMeters>771.3</AltitudeMeters>
          <DistanceMeters>10705.3</DistanceMeters>
        </Trackpoint>
        <Trackpoint>
          <Time>2027-05-09T07:43:01Z</Time>
          <Position>
            <LatitudeDegrees>42.2872700</LatitudeDegrees>
            <LongitudeDegrees>-4.2586100</LongitudeDegrees>
          </Position>
          <AltitudeMeters>771.3</AltitudeMeters>
          <DistanceMeters>10757.9</DistanceMeters>
        </Trackpoint>
        <Trackpoint>
          <Time>2027-05-09T07:43:14Z</Time>
          <Position>
            <LatitudeDegrees>42.2872700</LatitudeDegrees>
            <LongitudeDegrees>-4.2592500</LongitudeDegrees>
          </Position>
          <AltitudeMeters>771.1</AltitudeMeters>
          <DistanceMeters>10810.6</DistanceMeters>
        </Trackpoint>
        <Trackpoint>
          <Time>2027-05-09T07:43:29Z</Time>
          <Position>
            <LatitudeDegrees>42.2872000</LatitudeDegrees>
            <LongitudeDegrees>-4.2599800</LongitudeDegrees>
          </Position>
          <AltitudeMeters>770.4</AltitudeMeters>
          <DistanceMeters>10871.1</DistanceMeters>
        </Trackpoint>
        <Trackpoint>
          <Time>2027-05-09T07:43:43Z</Time>
          <Position>
            <LatitudeDegrees>42.2871300</LatitudeDegrees>
            <LongitudeDegrees>-4.2607100</LongitudeDegrees>
          </Position>
          <AltitudeMeters>769.3</AltitudeMeters>
          <DistanceMeters>10931.7</DistanceMeters>
        </Trackpoint>
        <Trackpoint>
          <Time>2027-05-09T07:43:58Z</Time>
          <Position>
            <LatitudeDegrees>42.2870600</LatitudeDegrees>
            <LongitudeDegrees>-4.2614400</LongitudeDegrees>
          </Position>
          <AltitudeMeters>768.3</AltitudeMeters>
          <DistanceMeters>10992.2</DistanceMeters>
        </Trackpoint>
        <Trackpoint>
          <Time>2027-05-09T07:44:07Z</Time>
          <Position>
            <LatitudeDegrees>42.2869200</LatitudeDegrees>
            <LongitudeDegrees>-4.2618700</LongitudeDegrees>
          </Position>
          <AltitudeMeters>768.0</AltitudeMeters>
          <DistanceMeters>11030.9</DistanceMeters>
        </Trackpoint>
        <Trackpoint>
          <Time>2027-05-09T07:44:22Z</Time>
          <Position>
            <LatitudeDegrees>42.2865800</LatitudeDegrees>
            <LongitudeDegrees>-4.2624500</LongitudeDegrees>
          </Position>
          <AltitudeMeters>767.8</AltitudeMeters>
          <DistanceMeters>11091.8</DistanceMeters>
        </Trackpoint>
        <Trackpoint>
          <Time>2027-05-09T07:44:36Z</Time>
          <Position>
            <LatitudeDegrees>42.2862400</LatitudeDegrees>
            <LongitudeDegrees>-4.2630400</LongitudeDegrees>
          </Position>
          <AltitudeMeters>768.0</AltitudeMeters>
          <DistanceMeters>11153.3</DistanceMeters>
        </Trackpoint>
        <Trackpoint>
          <Time>2027-05-09T07:44:51Z</Time>
          <Position>
            <LatitudeDegrees>42.2858900</LatitudeDegrees>
            <LongitudeDegrees>-4.2636200</LongitudeDegrees>
          </Position>
          <AltitudeMeters>768.5</AltitudeMeters>
          <DistanceMeters>11214.9</DistanceMeters>
        </Trackpoint>
        <Trackpoint>
          <Time>2027-05-09T07:45:06Z</Time>
          <Position>
            <LatitudeDegrees>42.2855500</LatitudeDegrees>
            <LongitudeDegrees>-4.2642000</LongitudeDegrees>
          </Position>
          <AltitudeMeters>768.7</AltitudeMeters>
          <DistanceMeters>11275.7</DistanceMeters>
        </Trackpoint>
        <Trackpoint>
          <Time>2027-05-09T07:45:19Z</Time>
          <Position>
            <LatitudeDegrees>42.2853600</LatitudeDegrees>
            <LongitudeDegrees>-4.2648500</LongitudeDegrees>
          </Position>
          <AltitudeMeters>768.7</AltitudeMeters>
          <DistanceMeters>11333.2</DistanceMeters>
        </Trackpoint>
        <Trackpoint>
          <Time>2027-05-09T07:45:33Z</Time>
          <Position>
            <LatitudeDegrees>42.2851600</LatitudeDegrees>
            <LongitudeDegrees>-4.2655000</LongitudeDegrees>
          </Position>
          <AltitudeMeters>769.1</AltitudeMeters>
          <DistanceMeters>11391.1</DistanceMeters>
        </Trackpoint>
        <Trackpoint>
          <Time>2027-05-09T07:45:47Z</Time>
          <Position>
            <LatitudeDegrees>42.2849700</LatitudeDegrees>
            <LongitudeDegrees>-4.2661500</LongitudeDegrees>
          </Position>
          <AltitudeMeters>769.7</AltitudeMeters>
          <DistanceMeters>11448.6</DistanceMeters>
        </Trackpoint>
        <Trackpoint>
          <Time>2027-05-09T07:46:01Z</Time>
          <Position>
            <LatitudeDegrees>42.2847700</LatitudeDegrees>
            <LongitudeDegrees>-4.2668000</LongitudeDegrees>
          </Position>
          <AltitudeMeters>770.5</AltitudeMeters>
          <DistanceMeters>11506.5</DistanceMeters>
        </Trackpoint>
        <Trackpoint>
          <Time>2027-05-09T07:46:15Z</Time>
          <Position>
            <LatitudeDegrees>42.2845800</LatitudeDegrees>
            <LongitudeDegrees>-4.2674500</LongitudeDegrees>
          </Position>
          <AltitudeMeters>771.7</AltitudeMeters>
          <DistanceMeters>11564.0</DistanceMeters>
        </Trackpoint>
        <Trackpoint>
          <Time>2027-05-09T07:46:29Z</Time>
          <Position>
            <LatitudeDegrees>42.2843800</LatitudeDegrees>
            <LongitudeDegrees>-4.2681000</LongitudeDegrees>
          </Position>
          <AltitudeMeters>772.9</AltitudeMeters>
          <DistanceMeters>11621.9</DistanceMeters>
        </Trackpoint>
        <Trackpoint>
          <Time>2027-05-09T07:46:52Z</Time>
          <Position>
            <LatitudeDegrees>42.2841200</LatitudeDegrees>
            <LongitudeDegrees>-4.2692300</LongitudeDegrees>
          </Position>
          <AltitudeMeters>773.8</AltitudeMeters>
          <DistanceMeters>11719.3</DistanceMeters>
        </Trackpoint>
        <Trackpoint>
          <Time>2027-05-09T07:47:04Z</Time>
          <Position>
            <LatitudeDegrees>42.2839400</LatitudeDegrees>
            <LongitudeDegrees>-4.2698000</LongitudeDegrees>
          </Position>
          <AltitudeMeters>774.3</AltitudeMeters>
          <DistanceMeters>11770.3</DistanceMeters>
        </Trackpoint>
        <Trackpoint>
          <Time>2027-05-09T07:47:17Z</Time>
          <Position>
            <LatitudeDegrees>42.2837700</LatitudeDegrees>
            <LongitudeDegrees>-4.2703700</LongitudeDegrees>
          </Position>
          <AltitudeMeters>774.8</AltitudeMeters>
          <DistanceMeters>11820.8</DistanceMeters>
        </Trackpoint>
        <Trackpoint>
          <Time>2027-05-09T07:47:29Z</Time>
          <Position>
            <LatitudeDegrees>42.2835900</LatitudeDegrees>
            <LongitudeDegrees>-4.2709400</LongitudeDegrees>
          </Position>
          <AltitudeMeters>775.1</AltitudeMeters>
          <DistanceMeters>11871.8</DistanceMeters>
        </Trackpoint>
        <Trackpoint>
          <Time>2027-05-09T07:47:41Z</Time>
          <Position>
            <LatitudeDegrees>42.2834100</LatitudeDegrees>
            <LongitudeDegrees>-4.2715100</LongitudeDegrees>
          </Position>
          <AltitudeMeters>775.3</AltitudeMeters>
          <DistanceMeters>11922.8</DistanceMeters>
        </Trackpoint>
        <Trackpoint>
          <Time>2027-05-09T07:47:53Z</Time>
          <Position>
            <LatitudeDegrees>42.2832400</LatitudeDegrees>
            <LongitudeDegrees>-4.2720900</LongitudeDegrees>
          </Position>
          <AltitudeMeters>775.7</AltitudeMeters>
          <DistanceMeters>11974.1</DistanceMeters>
        </Trackpoint>
        <Trackpoint>
          <Time>2027-05-09T07:48:06Z</Time>
          <Position>
            <LatitudeDegrees>42.2830600</LatitudeDegrees>
            <LongitudeDegrees>-4.2726600</LongitudeDegrees>
          </Position>
          <AltitudeMeters>776.3</AltitudeMeters>
          <DistanceMeters>12025.1</DistanceMeters>
        </Trackpoint>
        <Trackpoint>
          <Time>2027-05-09T07:48:18Z</Time>
          <Position>
            <LatitudeDegrees>42.2828800</LatitudeDegrees>
            <LongitudeDegrees>-4.2732300</LongitudeDegrees>
          </Position>
          <AltitudeMeters>776.9</AltitudeMeters>
          <DistanceMeters>12076.1</DistanceMeters>
        </Trackpoint>
        <Trackpoint>
          <Time>2027-05-09T07:48:30Z</Time>
          <Position>
            <LatitudeDegrees>42.2827100</LatitudeDegrees>
            <LongitudeDegrees>-4.2738000</LongitudeDegrees>
          </Position>
          <AltitudeMeters>777.5</AltitudeMeters>
          <DistanceMeters>12126.7</DistanceMeters>
        </Trackpoint>
        <Trackpoint>
          <Time>2027-05-09T07:48:42Z</Time>
          <Position>
            <LatitudeDegrees>42.2825300</LatitudeDegrees>
            <LongitudeDegrees>-4.2743700</LongitudeDegrees>
          </Position>
          <AltitudeMeters>777.9</AltitudeMeters>
          <DistanceMeters>12177.6</DistanceMeters>
        </Trackpoint>
        <Trackpoint>
          <Time>2027-05-09T07:48:56Z</Time>
          <Position>
            <LatitudeDegrees>42.2823900</LatitudeDegrees>
            <LongitudeDegrees>-4.2750300</LongitudeDegrees>
          </Position>
          <AltitudeMeters>778.2</AltitudeMeters>
          <DistanceMeters>12234.1</DistanceMeters>
        </Trackpoint>
        <Trackpoint>
          <Time>2027-05-09T07:49:09Z</Time>
          <Position>
            <LatitudeDegrees>42.2822500</LatitudeDegrees>
            <LongitudeDegrees>-4.2756900</LongitudeDegrees>
          </Position>
          <AltitudeMeters>778.4</AltitudeMeters>
          <DistanceMeters>12290.6</DistanceMeters>
        </Trackpoint>
        <Trackpoint>
          <Time>2027-05-09T07:49:27Z</Time>
          <Position>
            <LatitudeDegrees>42.2821600</LatitudeDegrees>
            <LongitudeDegrees>-4.2765800</LongitudeDegrees>
          </Position>
          <AltitudeMeters>778.6</AltitudeMeters>
          <DistanceMeters>12364.5</DistanceMeters>
        </Trackpoint>
        <Trackpoint>
          <Time>2027-05-09T07:49:41Z</Time>
          <Position>
            <LatitudeDegrees>42.2820300</LatitudeDegrees>
            <LongitudeDegrees>-4.2772600</LongitudeDegrees>
          </Position>
          <AltitudeMeters>778.9</AltitudeMeters>
          <DistanceMeters>12422.3</DistanceMeters>
        </Trackpoint>
        <Trackpoint>
          <Time>2027-05-09T07:49:55Z</Time>
          <Position>
            <LatitudeDegrees>42.2819000</LatitudeDegrees>
            <LongitudeDegrees>-4.2779400</LongitudeDegrees>
          </Position>
          <AltitudeMeters>779.3</AltitudeMeters>
          <DistanceMeters>12480.1</DistanceMeters>
        </Trackpoint>
        <Trackpoint>
          <Time>2027-05-09T07:50:09Z</Time>
          <Position>
            <LatitudeDegrees>42.2817800</LatitudeDegrees>
            <LongitudeDegrees>-4.2786200</LongitudeDegrees>
          </Position>
          <AltitudeMeters>779.8</AltitudeMeters>
          <DistanceMeters>12537.6</DistanceMeters>
        </Trackpoint>
        <Trackpoint>
          <Time>2027-05-09T07:50:22Z</Time>
          <Position>
            <LatitudeDegrees>42.2816500</LatitudeDegrees>
            <LongitudeDegrees>-4.2793000</LongitudeDegrees>
          </Position>
          <AltitudeMeters>780.1</AltitudeMeters>
          <DistanceMeters>12595.4</DistanceMeters>
        </Trackpoint>
        <Trackpoint>
          <Time>2027-05-09T07:50:36Z</Time>
          <Position>
            <LatitudeDegrees>42.2815200</LatitudeDegrees>
            <LongitudeDegrees>-4.2799800</LongitudeDegrees>
          </Position>
          <AltitudeMeters>780.2</AltitudeMeters>
          <DistanceMeters>12653.1</DistanceMeters>
        </Trackpoint>
        <Trackpoint>
          <Time>2027-05-09T07:50:50Z</Time>
          <Position>
            <LatitudeDegrees>42.2813900</LatitudeDegrees>
            <LongitudeDegrees>-4.2806600</LongitudeDegrees>
          </Position>
          <AltitudeMeters>780.6</AltitudeMeters>
          <DistanceMeters>12710.9</DistanceMeters>
        </Trackpoint>
        <Trackpoint>
          <Time>2027-05-09T07:51:06Z</Time>
          <Position>
            <LatitudeDegrees>42.2812900</LatitudeDegrees>
            <LongitudeDegrees>-4.2814300</LongitudeDegrees>
          </Position>
          <AltitudeMeters>781.6</AltitudeMeters>
          <DistanceMeters>12775.2</DistanceMeters>
        </Trackpoint>
        <Trackpoint>
          <Time>2027-05-09T07:51:21Z</Time>
          <Position>
            <LatitudeDegrees>42.2811900</LatitudeDegrees>
            <LongitudeDegrees>-4.2821900</LongitudeDegrees>
          </Position>
          <AltitudeMeters>782.7</AltitudeMeters>
          <DistanceMeters>12838.7</DistanceMeters>
        </Trackpoint>
        <Trackpoint>
          <Time>2027-05-09T07:51:36Z</Time>
          <Position>
            <LatitudeDegrees>42.2810300</LatitudeDegrees>
            <LongitudeDegrees>-4.2829200</LongitudeDegrees>
          </Position>
          <AltitudeMeters>784.1</AltitudeMeters>
          <DistanceMeters>12901.4</DistanceMeters>
        </Trackpoint>
        <Trackpoint>
          <Time>2027-05-09T07:51:51Z</Time>
          <Position>
            <LatitudeDegrees>42.2808600</LatitudeDegrees>
            <LongitudeDegrees>-4.2836500</LongitudeDegrees>
          </Position>
          <AltitudeMeters>785.8</AltitudeMeters>
          <DistanceMeters>12964.3</DistanceMeters>
        </Trackpoint>
        <Trackpoint>
          <Time>2027-05-09T07:52:07Z</Time>
          <Position>
            <LatitudeDegrees>42.2808200</LatitudeDegrees>
            <LongitudeDegrees>-4.2844800</LongitudeDegrees>
          </Position>
          <AltitudeMeters>787.8</AltitudeMeters>
          <DistanceMeters>13032.8</DistanceMeters>
        </Trackpoint>
        <Trackpoint>
          <Time>2027-05-09T07:52:24Z</Time>
          <Position>
            <LatitudeDegrees>42.2807700</LatitudeDegrees>
            <LongitudeDegrees>-4.2853000</LongitudeDegrees>
          </Position>
          <AltitudeMeters>789.1</AltitudeMeters>
          <DistanceMeters>13100.4</DistanceMeters>
        </Trackpoint>
        <Trackpoint>
          <Time>2027-05-09T07:52:36Z</Time>
          <Position>
            <LatitudeDegrees>42.2808500</LatitudeDegrees>
            <LongitudeDegrees>-4.2859200</LongitudeDegrees>
          </Position>
          <AltitudeMeters>790.4</AltitudeMeters>
          <DistanceMeters>13152.2</DistanceMeters>
        </Trackpoint>
        <Trackpoint>
          <Time>2027-05-09T07:52:48Z</Time>
          <Position>
            <LatitudeDegrees>42.2809300</LatitudeDegrees>
            <LongitudeDegrees>-4.2865400</LongitudeDegrees>
          </Position>
          <AltitudeMeters>791.7</AltitudeMeters>
          <DistanceMeters>13204.0</DistanceMeters>
        </Trackpoint>
        <Trackpoint>
          <Time>2027-05-09T07:53:03Z</Time>
          <Position>
            <LatitudeDegrees>42.2806900</LatitudeDegrees>
            <LongitudeDegrees>-4.2872000</LongitudeDegrees>
          </Position>
          <AltitudeMeters>793.2</AltitudeMeters>
          <DistanceMeters>13264.5</DistanceMeters>
        </Trackpoint>
        <Trackpoint>
          <Time>2027-05-09T07:53:18Z</Time>
          <Position>
            <LatitudeDegrees>42.2804400</LatitudeDegrees>
            <LongitudeDegrees>-4.2878600</LongitudeDegrees>
          </Position>
          <AltitudeMeters>794.4</AltitudeMeters>
          <DistanceMeters>13325.5</DistanceMeters>
        </Trackpoint>
        <Trackpoint>
          <Time>2027-05-09T07:53:32Z</Time>
          <Position>
            <LatitudeDegrees>42.2802000</LatitudeDegrees>
            <LongitudeDegrees>-4.2885200</LongitudeDegrees>
          </Position>
          <AltitudeMeters>795.7</AltitudeMeters>
          <DistanceMeters>13386.0</DistanceMeters>
        </Trackpoint>
        <Trackpoint>
          <Time>2027-05-09T07:53:47Z</Time>
          <Position>
            <LatitudeDegrees>42.2799500</LatitudeDegrees>
            <LongitudeDegrees>-4.2891800</LongitudeDegrees>
          </Position>
          <AltitudeMeters>796.5</AltitudeMeters>
          <DistanceMeters>13447.0</DistanceMeters>
        </Trackpoint>
        <Trackpoint>
          <Time>2027-05-09T07:54:00Z</Time>
          <Position>
            <LatitudeDegrees>42.2797400</LatitudeDegrees>
            <LongitudeDegrees>-4.2898100</LongitudeDegrees>
          </Position>
          <AltitudeMeters>797.0</AltitudeMeters>
          <DistanceMeters>13503.8</DistanceMeters>
        </Trackpoint>
        <Trackpoint>
          <Time>2027-05-09T07:54:14Z</Time>
          <Position>
            <LatitudeDegrees>42.2795400</LatitudeDegrees>
            <LongitudeDegrees>-4.2904500</LongitudeDegrees>
          </Position>
          <AltitudeMeters>797.1</AltitudeMeters>
          <DistanceMeters>13561.0</DistanceMeters>
        </Trackpoint>
        <Trackpoint>
          <Time>2027-05-09T07:54:28Z</Time>
          <Position>
            <LatitudeDegrees>42.2793300</LatitudeDegrees>
            <LongitudeDegrees>-4.2910800</LongitudeDegrees>
          </Position>
          <AltitudeMeters>797.3</AltitudeMeters>
          <DistanceMeters>13617.8</DistanceMeters>
        </Trackpoint>
        <Trackpoint>
          <Time>2027-05-09T07:54:41Z</Time>
          <Position>
            <LatitudeDegrees>42.2791200</LatitudeDegrees>
            <LongitudeDegrees>-4.2917100</LongitudeDegrees>
          </Position>
          <AltitudeMeters>797.9</AltitudeMeters>
          <DistanceMeters>13674.7</DistanceMeters>
        </Trackpoint>
        <Trackpoint>
          <Time>2027-05-09T07:54:50Z</Time>
          <Position>
            <LatitudeDegrees>42.2790600</LatitudeDegrees>
            <LongitudeDegrees>-4.2921200</LongitudeDegrees>
          </Position>
          <AltitudeMeters>798.9</AltitudeMeters>
          <DistanceMeters>13709.1</DistanceMeters>
        </Trackpoint>
        <Trackpoint>
          <Time>2027-05-09T07:55:02Z</Time>
          <Position>
            <LatitudeDegrees>42.2790400</LatitudeDegrees>
            <LongitudeDegrees>-4.2927300</LongitudeDegrees>
          </Position>
          <AltitudeMeters>800.1</AltitudeMeters>
          <DistanceMeters>13759.3</DistanceMeters>
        </Trackpoint>
        <Trackpoint>
          <Time>2027-05-09T07:55:14Z</Time>
          <Position>
            <LatitudeDegrees>42.2790100</LatitudeDegrees>
            <LongitudeDegrees>-4.2933400</LongitudeDegrees>
          </Position>
          <AltitudeMeters>801.4</AltitudeMeters>
          <DistanceMeters>13809.6</DistanceMeters>
        </Trackpoint>
        <Trackpoint>
          <Time>2027-05-09T07:55:26Z</Time>
          <Position>
            <LatitudeDegrees>42.2789900</LatitudeDegrees>
            <LongitudeDegrees>-4.2939600</LongitudeDegrees>
          </Position>
          <AltitudeMeters>802.8</AltitudeMeters>
          <DistanceMeters>13860.7</DistanceMeters>
        </Trackpoint>
        <Trackpoint>
          <Time>2027-05-09T07:55:38Z</Time>
          <Position>
            <LatitudeDegrees>42.2789600</LatitudeDegrees>
            <LongitudeDegrees>-4.2945700</LongitudeDegrees>
          </Position>
          <AltitudeMeters>803.8</AltitudeMeters>
          <DistanceMeters>13911.0</DistanceMeters>
        </Trackpoint>
        <Trackpoint>
          <Time>2027-05-09T07:55:50Z</Time>
          <Position>
            <LatitudeDegrees>42.2789400</LatitudeDegrees>
            <LongitudeDegrees>-4.2951800</LongitudeDegrees>
          </Position>
          <AltitudeMeters>804.7</AltitudeMeters>
          <DistanceMeters>13961.2</DistanceMeters>
        </Trackpoint>
        <Trackpoint>
          <Time>2027-05-09T07:56:05Z</Time>
          <Position>
            <LatitudeDegrees>42.2788400</LatitudeDegrees>
            <LongitudeDegrees>-4.2959200</LongitudeDegrees>
          </Position>
          <AltitudeMeters>805.5</AltitudeMeters>
          <DistanceMeters>14023.1</DistanceMeters>
        </Trackpoint>
        <Trackpoint>
          <Time>2027-05-09T07:56:20Z</Time>
          <Position>
            <LatitudeDegrees>42.2787400</LatitudeDegrees>
            <LongitudeDegrees>-4.2966600</LongitudeDegrees>
          </Position>
          <AltitudeMeters>806.1</AltitudeMeters>
          <DistanceMeters>14085.0</DistanceMeters>
        </Trackpoint>
        <Trackpoint>
          <Time>2027-05-09T07:56:34Z</Time>
          <Position>
            <LatitudeDegrees>42.2784100</LatitudeDegrees>
            <LongitudeDegrees>-4.2972100</LongitudeDegrees>
          </Position>
          <AltitudeMeters>806.6</AltitudeMeters>
          <DistanceMeters>14143.2</DistanceMeters>
        </Trackpoint>
        <Trackpoint>
          <Time>2027-05-09T07:56:48Z</Time>
          <Position>
            <LatitudeDegrees>42.2780800</LatitudeDegrees>
            <LongitudeDegrees>-4.2977700</LongitudeDegrees>
          </Position>
          <AltitudeMeters>807.3</AltitudeMeters>
          <DistanceMeters>14202.1</DistanceMeters>
        </Trackpoint>
        <Trackpoint>
          <Time>2027-05-09T07:57:02Z</Time>
          <Position>
            <LatitudeDegrees>42.2778800</LatitudeDegrees>
            <LongitudeDegrees>-4.2984200</LongitudeDegrees>
          </Position>
          <AltitudeMeters>808.0</AltitudeMeters>
          <DistanceMeters>14260.0</DistanceMeters>
        </Trackpoint>
        <Trackpoint>
          <Time>2027-05-09T07:57:16Z</Time>
          <Position>
            <LatitudeDegrees>42.2776800</LatitudeDegrees>
            <LongitudeDegrees>-4.2990700</LongitudeDegrees>
          </Position>
          <AltitudeMeters>809.3</AltitudeMeters>
          <DistanceMeters>14318.0</DistanceMeters>
        </Trackpoint>
        <Trackpoint>
          <Time>2027-05-09T07:57:30Z</Time>
          <Position>
            <LatitudeDegrees>42.2774900</LatitudeDegrees>
            <LongitudeDegrees>-4.2997200</LongitudeDegrees>
          </Position>
          <AltitudeMeters>810.9</AltitudeMeters>
          <DistanceMeters>14375.5</DistanceMeters>
        </Trackpoint>
        <Trackpoint>
          <Time>2027-05-09T07:57:44Z</Time>
          <Position>
            <LatitudeDegrees>42.2772900</LatitudeDegrees>
            <LongitudeDegrees>-4.3003700</LongitudeDegrees>
          </Position>
          <AltitudeMeters>812.9</AltitudeMeters>
          <DistanceMeters>14433.4</DistanceMeters>
        </Trackpoint>
        <Trackpoint>
          <Time>2027-05-09T07:57:57Z</Time>
          <Position>
            <LatitudeDegrees>42.2770900</LatitudeDegrees>
            <LongitudeDegrees>-4.3010200</LongitudeDegrees>
          </Position>
          <AltitudeMeters>815.5</AltitudeMeters>
          <DistanceMeters>14491.3</DistanceMeters>
        </Trackpoint>
        <Trackpoint>
          <Time>2027-05-09T07:58:11Z</Time>
          <Position>
            <LatitudeDegrees>42.2768900</LatitudeDegrees>
            <LongitudeDegrees>-4.3016700</LongitudeDegrees>
          </Position>
          <AltitudeMeters>818.9</AltitudeMeters>
          <DistanceMeters>14549.2</DistanceMeters>
        </Trackpoint>
        <Trackpoint>
          <Time>2027-05-09T07:58:25Z</Time>
          <Position>
            <LatitudeDegrees>42.2766300</LatitudeDegrees>
            <LongitudeDegrees>-4.3022700</LongitudeDegrees>
          </Position>
          <AltitudeMeters>822.3</AltitudeMeters>
          <DistanceMeters>14606.4</DistanceMeters>
        </Trackpoint>
        <Trackpoint>
          <Time>2027-05-09T07:58:39Z</Time>
          <Position>
            <LatitudeDegrees>42.2763700</LatitudeDegrees>
            <LongitudeDegrees>-4.3028700</LongitudeDegrees>
          </Position>
          <AltitudeMeters>824.8</AltitudeMeters>
          <DistanceMeters>14663.6</DistanceMeters>
        </Trackpoint>
        <Trackpoint>
          <Time>2027-05-09T07:58:53Z</Time>
          <Position>
            <LatitudeDegrees>42.2761700</LatitudeDegrees>
            <LongitudeDegrees>-4.3035200</LongitudeDegrees>
          </Position>
          <AltitudeMeters>826.2</AltitudeMeters>
          <DistanceMeters>14721.5</DistanceMeters>
        </Trackpoint>
        <Trackpoint>
          <Time>2027-05-09T07:59:06Z</Time>
          <Position>
            <LatitudeDegrees>42.2759600</LatitudeDegrees>
            <LongitudeDegrees>-4.3041600</LongitudeDegrees>
          </Position>
          <AltitudeMeters>825.8</AltitudeMeters>
          <DistanceMeters>14779.1</DistanceMeters>
        </Trackpoint>
        <Trackpoint>
          <Time>2027-05-09T07:59:20Z</Time>
          <Position>
            <LatitudeDegrees>42.2758000</LatitudeDegrees>
            <LongitudeDegrees>-4.3048100</LongitudeDegrees>
          </Position>
          <AltitudeMeters>824.0</AltitudeMeters>
          <DistanceMeters>14835.5</DistanceMeters>
        </Trackpoint>
        <Trackpoint>
          <Time>2027-05-09T07:59:34Z</Time>
          <Position>
            <LatitudeDegrees>42.2756400</LatitudeDegrees>
            <LongitudeDegrees>-4.3054600</LongitudeDegrees>
          </Position>
          <AltitudeMeters>821.1</AltitudeMeters>
          <DistanceMeters>14891.9</DistanceMeters>
        </Trackpoint>
        <Trackpoint>
          <Time>2027-05-09T07:59:47Z</Time>
          <Position>
            <LatitudeDegrees>42.2754800</LatitudeDegrees>
            <LongitudeDegrees>-4.3061100</LongitudeDegrees>
          </Position>
          <AltitudeMeters>818.2</AltitudeMeters>
          <DistanceMeters>14948.2</DistanceMeters>
        </Trackpoint>
        <Trackpoint>
          <Time>2027-05-09T08:00:00Z</Time>
          <Position>
            <LatitudeDegrees>42.2753200</LatitudeDegrees>
            <LongitudeDegrees>-4.3067500</LongitudeDegrees>
          </Position>
          <AltitudeMeters>815.7</AltitudeMeters>
          <DistanceMeters>15003.8</DistanceMeters>
        </Trackpoint>
        <Trackpoint>
          <Time>2027-05-09T08:00:14Z</Time>
          <Position>
            <LatitudeDegrees>42.2751600</LatitudeDegrees>
            <LongitudeDegrees>-4.3074000</LongitudeDegrees>
          </Position>
          <AltitudeMeters>814.0</AltitudeMeters>
          <DistanceMeters>15060.2</DistanceMeters>
        </Trackpoint>
        <Trackpoint>
          <Time>2027-05-09T08:00:27Z</Time>
          <Position>
            <LatitudeDegrees>42.2750000</LatitudeDegrees>
            <LongitudeDegrees>-4.3080500</LongitudeDegrees>
          </Position>
          <AltitudeMeters>812.6</AltitudeMeters>
          <DistanceMeters>15116.5</DistanceMeters>
        </Trackpoint>
        <Trackpoint>
          <Time>2027-05-09T08:00:46Z</Time>
          <Position>
            <LatitudeDegrees>42.2747100</LatitudeDegrees>
            <LongitudeDegrees>-4.3089000</LongitudeDegrees>
          </Position>
          <AltitudeMeters>811.3</AltitudeMeters>
          <DistanceMeters>15193.5</DistanceMeters>
        </Trackpoint>
        <Trackpoint>
          <Time>2027-05-09T08:01:00Z</Time>
          <Position>
            <LatitudeDegrees>42.2745400</LatitudeDegrees>
            <LongitudeDegrees>-4.3096000</LongitudeDegrees>
          </Position>
          <AltitudeMeters>810.2</AltitudeMeters>
          <DistanceMeters>15254.2</DistanceMeters>
        </Trackpoint>
        <Trackpoint>
          <Time>2027-05-09T08:01:14Z</Time>
          <Position>
            <LatitudeDegrees>42.2743000</LatitudeDegrees>
            <LongitudeDegrees>-4.3101800</LongitudeDegrees>
          </Position>
          <AltitudeMeters>809.0</AltitudeMeters>
          <DistanceMeters>15308.8</DistanceMeters>
        </Trackpoint>
        <Trackpoint>
          <Time>2027-05-09T08:01:27Z</Time>
          <Position>
            <LatitudeDegrees>42.2740600</LatitudeDegrees>
            <LongitudeDegrees>-4.3107500</LongitudeDegrees>
          </Position>
          <AltitudeMeters>807.8</AltitudeMeters>
          <DistanceMeters>15362.8</DistanceMeters>
        </Trackpoint>
        <Trackpoint>
          <Time>2027-05-09T08:01:40Z</Time>
          <Position>
            <LatitudeDegrees>42.2738200</LatitudeDegrees>
            <LongitudeDegrees>-4.3113300</LongitudeDegrees>
          </Position>
          <AltitudeMeters>806.5</AltitudeMeters>
          <DistanceMeters>15417.5</DistanceMeters>
        </Trackpoint>
        <Trackpoint>
          <Time>2027-05-09T08:01:53Z</Time>
          <Position>
            <LatitudeDegrees>42.2735800</LatitudeDegrees>
            <LongitudeDegrees>-4.3119000</LongitudeDegrees>
          </Position>
          <AltitudeMeters>805.6</AltitudeMeters>
          <DistanceMeters>15471.4</DistanceMeters>
        </Trackpoint>
        <Trackpoint>
          <Time>2027-05-09T08:02:06Z</Time>
          <Position>
            <LatitudeDegrees>42.2733400</LatitudeDegrees>
            <LongitudeDegrees>-4.3124800</LongitudeDegrees>
          </Position>
          <AltitudeMeters>804.8</AltitudeMeters>
          <DistanceMeters>15526.1</DistanceMeters>
        </Trackpoint>
        <Trackpoint>
          <Time>2027-05-09T08:02:19Z</Time>
          <Position>
            <LatitudeDegrees>42.2730800</LatitudeDegrees>
            <LongitudeDegrees>-4.3130600</LongitudeDegrees>
          </Position>
          <AltitudeMeters>804.2</AltitudeMeters>
          <DistanceMeters>15581.9</DistanceMeters>
        </Trackpoint>
        <Trackpoint>
          <Time>2027-05-09T08:02:33Z</Time>
          <Position>
            <LatitudeDegrees>42.2728100</LatitudeDegrees>
            <LongitudeDegrees>-4.3136400</LongitudeDegrees>
          </Position>
          <AltitudeMeters>803.8</AltitudeMeters>
          <DistanceMeters>15638.3</DistanceMeters>
        </Trackpoint>
        <Trackpoint>
          <Time>2027-05-09T08:02:46Z</Time>
          <Position>
            <LatitudeDegrees>42.2725500</LatitudeDegrees>
            <LongitudeDegrees>-4.3142200</LongitudeDegrees>
          </Position>
          <AltitudeMeters>803.1</AltitudeMeters>
          <DistanceMeters>15694.1</DistanceMeters>
        </Trackpoint>
        <Trackpoint>
          <Time>2027-05-09T08:03:00Z</Time>
          <Position>
            <LatitudeDegrees>42.2723400</LatitudeDegrees>
            <LongitudeDegrees>-4.3148400</LongitudeDegrees>
          </Position>
          <AltitudeMeters>802.3</AltitudeMeters>
          <DistanceMeters>15750.2</DistanceMeters>
        </Trackpoint>
        <Trackpoint>
          <Time>2027-05-09T08:03:13Z</Time>
          <Position>
            <LatitudeDegrees>42.2721200</LatitudeDegrees>
            <LongitudeDegrees>-4.3154600</LongitudeDegrees>
          </Position>
          <AltitudeMeters>801.4</AltitudeMeters>
          <DistanceMeters>15806.8</DistanceMeters>
        </Trackpoint>
        <Trackpoint>
          <Time>2027-05-09T08:03:27Z</Time>
          <Position>
            <LatitudeDegrees>42.2719100</LatitudeDegrees>
            <LongitudeDegrees>-4.3160800</LongitudeDegrees>
          </Position>
          <AltitudeMeters>800.6</AltitudeMeters>
          <DistanceMeters>15862.9</DistanceMeters>
        </Trackpoint>
        <Trackpoint>
          <Time>2027-05-09T08:03:39Z</Time>
          <Position>
            <LatitudeDegrees>42.2717800</LatitudeDegrees>
            <LongitudeDegrees>-4.3166800</LongitudeDegrees>
          </Position>
          <AltitudeMeters>799.6</AltitudeMeters>
          <DistanceMeters>15914.3</DistanceMeters>
        </Trackpoint>
        <Trackpoint>
          <Time>2027-05-09T08:03:51Z</Time>
          <Position>
            <LatitudeDegrees>42.2716600</LatitudeDegrees>
            <LongitudeDegrees>-4.3172800</LongitudeDegrees>
          </Position>
          <AltitudeMeters>799.0</AltitudeMeters>
          <DistanceMeters>15965.4</DistanceMeters>
        </Trackpoint>
        <Trackpoint>
          <Time>2027-05-09T08:04:04Z</Time>
          <Position>
            <LatitudeDegrees>42.2715300</LatitudeDegrees>
            <LongitudeDegrees>-4.3178800</LongitudeDegrees>
          </Position>
          <AltitudeMeters>798.4</AltitudeMeters>
          <DistanceMeters>16016.9</DistanceMeters>
        </Trackpoint>
        <Trackpoint>
          <Time>2027-05-09T08:04:16Z</Time>
          <Position>
            <LatitudeDegrees>42.2714100</LatitudeDegrees>
            <LongitudeDegrees>-4.3184800</LongitudeDegrees>
          </Position>
          <AltitudeMeters>797.7</AltitudeMeters>
          <DistanceMeters>16068.0</DistanceMeters>
        </Trackpoint>
        <Trackpoint>
          <Time>2027-05-09T08:04:28Z</Time>
          <Position>
            <LatitudeDegrees>42.2712800</LatitudeDegrees>
            <LongitudeDegrees>-4.3190800</LongitudeDegrees>
          </Position>
          <AltitudeMeters>797.2</AltitudeMeters>
          <DistanceMeters>16119.5</DistanceMeters>
        </Trackpoint>
        <Trackpoint>
          <Time>2027-05-09T08:04:40Z</Time>
          <Position>
            <LatitudeDegrees>42.2711600</LatitudeDegrees>
            <LongitudeDegrees>-4.3196800</LongitudeDegrees>
          </Position>
          <AltitudeMeters>797.0</AltitudeMeters>
          <DistanceMeters>16170.6</DistanceMeters>
        </Trackpoint>
        <Trackpoint>
          <Time>2027-05-09T08:04:53Z</Time>
          <Position>
            <LatitudeDegrees>42.2710300</LatitudeDegrees>
            <LongitudeDegrees>-4.3202800</LongitudeDegrees>
          </Position>
          <AltitudeMeters>797.1</AltitudeMeters>
          <DistanceMeters>16222.0</DistanceMeters>
        </Trackpoint>
        <Trackpoint>
          <Time>2027-05-09T08:05:05Z</Time>
          <Position>
            <LatitudeDegrees>42.2709100</LatitudeDegrees>
            <LongitudeDegrees>-4.3208800</LongitudeDegrees>
          </Position>
          <AltitudeMeters>797.4</AltitudeMeters>
          <DistanceMeters>16273.2</DistanceMeters>
        </Trackpoint>
        <Trackpoint>
          <Time>2027-05-09T08:05:17Z</Time>
          <Position>
            <LatitudeDegrees>42.2707800</LatitudeDegrees>
            <LongitudeDegrees>-4.3214800</LongitudeDegrees>
          </Position>
          <AltitudeMeters>797.9</AltitudeMeters>
          <DistanceMeters>16324.6</DistanceMeters>
        </Trackpoint>
        <Trackpoint>
          <Time>2027-05-09T08:05:30Z</Time>
          <Position>
            <LatitudeDegrees>42.2706600</LatitudeDegrees>
            <LongitudeDegrees>-4.3220800</LongitudeDegrees>
          </Position>
          <AltitudeMeters>798.1</AltitudeMeters>
          <DistanceMeters>16375.8</DistanceMeters>
        </Trackpoint>
        <Trackpoint>
          <Time>2027-05-09T08:05:42Z</Time>
          <Position>
            <LatitudeDegrees>42.2705300</LatitudeDegrees>
            <LongitudeDegrees>-4.3226800</LongitudeDegrees>
          </Position>
          <AltitudeMeters>798.2</AltitudeMeters>
          <DistanceMeters>16427.2</DistanceMeters>
        </Trackpoint>
        <Trackpoint>
          <Time>2027-05-09T08:05:55Z</Time>
          <Position>
            <LatitudeDegrees>42.2703800</LatitudeDegrees>
            <LongitudeDegrees>-4.3233200</LongitudeDegrees>
          </Position>
          <AltitudeMeters>797.9</AltitudeMeters>
          <DistanceMeters>16482.4</DistanceMeters>
        </Trackpoint>
        <Trackpoint>
          <Time>2027-05-09T08:06:09Z</Time>
          <Position>
            <LatitudeDegrees>42.2702200</LatitudeDegrees>
            <LongitudeDegrees>-4.3239600</LongitudeDegrees>
          </Position>
          <AltitudeMeters>797.5</AltitudeMeters>
          <DistanceMeters>16538.0</DistanceMeters>
        </Trackpoint>
        <Trackpoint>
          <Time>2027-05-09T08:06:22Z</Time>
          <Position>
            <LatitudeDegrees>42.2700700</LatitudeDegrees>
            <LongitudeDegrees>-4.3246100</LongitudeDegrees>
          </Position>
          <AltitudeMeters>796.9</AltitudeMeters>
          <DistanceMeters>16594.1</DistanceMeters>
        </Trackpoint>
        <Trackpoint>
          <Time>2027-05-09T08:06:35Z</Time>
          <Position>
            <LatitudeDegrees>42.2699100</LatitudeDegrees>
            <LongitudeDegrees>-4.3252500</LongitudeDegrees>
          </Position>
          <AltitudeMeters>796.2</AltitudeMeters>
          <DistanceMeters>16649.6</DistanceMeters>
        </Trackpoint>
        <Trackpoint>
          <Time>2027-05-09T08:06:48Z</Time>
          <Position>
            <LatitudeDegrees>42.2697100</LatitudeDegrees>
            <LongitudeDegrees>-4.3258100</LongitudeDegrees>
          </Position>
          <AltitudeMeters>795.6</AltitudeMeters>
          <DistanceMeters>16700.8</DistanceMeters>
        </Trackpoint>
        <Trackpoint>
          <Time>2027-05-09T08:07:00Z</Time>
          <Position>
            <LatitudeDegrees>42.2695000</LatitudeDegrees>
            <LongitudeDegrees>-4.3263600</LongitudeDegrees>
          </Position>
          <AltitudeMeters>794.8</AltitudeMeters>
          <DistanceMeters>16751.7</DistanceMeters>
        </Trackpoint>
        <Trackpoint>
          <Time>2027-05-09T08:07:12Z</Time>
          <Position>
            <LatitudeDegrees>42.2693000</LatitudeDegrees>
            <LongitudeDegrees>-4.3269200</LongitudeDegrees>
          </Position>
          <AltitudeMeters>793.9</AltitudeMeters>
          <DistanceMeters>16802.9</DistanceMeters>
        </Trackpoint>
        <Trackpoint>
          <Time>2027-05-09T08:07:25Z</Time>
          <Position>
            <LatitudeDegrees>42.2690900</LatitudeDegrees>
            <LongitudeDegrees>-4.3274800</LongitudeDegrees>
          </Position>
          <AltitudeMeters>792.9</AltitudeMeters>
          <DistanceMeters>16854.6</DistanceMeters>
        </Trackpoint>
        <Trackpoint>
          <Time>2027-05-09T08:07:37Z</Time>
          <Position>
            <LatitudeDegrees>42.2688900</LatitudeDegrees>
            <LongitudeDegrees>-4.3280300</LongitudeDegrees>
          </Position>
          <AltitudeMeters>792.0</AltitudeMeters>
          <DistanceMeters>16905.0</DistanceMeters>
        </Trackpoint>
        <Trackpoint>
          <Time>2027-05-09T08:07:49Z</Time>
          <Position>
            <LatitudeDegrees>42.2686800</LatitudeDegrees>
            <LongitudeDegrees>-4.3285900</LongitudeDegrees>
          </Position>
          <AltitudeMeters>791.4</AltitudeMeters>
          <DistanceMeters>16956.6</DistanceMeters>
        </Trackpoint>
        <Trackpoint>
          <Time>2027-05-09T08:08:01Z</Time>
          <Position>
            <LatitudeDegrees>42.2684800</LatitudeDegrees>
            <LongitudeDegrees>-4.3291500</LongitudeDegrees>
          </Position>
          <AltitudeMeters>791.0</AltitudeMeters>
          <DistanceMeters>17007.8</DistanceMeters>
        </Trackpoint>
        <Trackpoint>
          <Time>2027-05-09T08:08:14Z</Time>
          <Position>
            <LatitudeDegrees>42.2682700</LatitudeDegrees>
            <LongitudeDegrees>-4.3297000</LongitudeDegrees>
          </Position>
          <AltitudeMeters>790.9</AltitudeMeters>
          <DistanceMeters>17058.7</DistanceMeters>
        </Trackpoint>
        <Trackpoint>
          <Time>2027-05-09T08:08:26Z</Time>
          <Position>
            <LatitudeDegrees>42.2680700</LatitudeDegrees>
            <LongitudeDegrees>-4.3302600</LongitudeDegrees>
          </Position>
          <AltitudeMeters>790.7</AltitudeMeters>
          <DistanceMeters>17109.9</DistanceMeters>
        </Trackpoint>
        <Trackpoint>
          <Time>2027-05-09T08:08:38Z</Time>
          <Position>
            <LatitudeDegrees>42.2678300</LatitudeDegrees>
            <LongitudeDegrees>-4.3307900</LongitudeDegrees>
          </Position>
          <AltitudeMeters>790.6</AltitudeMeters>
          <DistanceMeters>17161.0</DistanceMeters>
        </Trackpoint>
        <Trackpoint>
          <Time>2027-05-09T08:08:50Z</Time>
          <Position>
            <LatitudeDegrees>42.2676000</LatitudeDegrees>
            <LongitudeDegrees>-4.3313100</LongitudeDegrees>
          </Position>
          <AltitudeMeters>790.2</AltitudeMeters>
          <DistanceMeters>17210.9</DistanceMeters>
        </Trackpoint>
        <Trackpoint>
          <Time>2027-05-09T08:09:02Z</Time>
          <Position>
            <LatitudeDegrees>42.2673600</LatitudeDegrees>
            <LongitudeDegrees>-4.3318400</LongitudeDegrees>
          </Position>
          <AltitudeMeters>789.5</AltitudeMeters>
          <DistanceMeters>17262.0</DistanceMeters>
        </Trackpoint>
        <Trackpoint>
          <Time>2027-05-09T08:09:15Z</Time>
          <Position>
            <LatitudeDegrees>42.2671300</LatitudeDegrees>
            <LongitudeDegrees>-4.3323700</LongitudeDegrees>
          </Position>
          <AltitudeMeters>788.6</AltitudeMeters>
          <DistanceMeters>17312.6</DistanceMeters>
        </Trackpoint>
        <Trackpoint>
          <Time>2027-05-09T08:09:27Z</Time>
          <Position>
            <LatitudeDegrees>42.2668900</LatitudeDegrees>
            <LongitudeDegrees>-4.3328900</LongitudeDegrees>
          </Position>
          <AltitudeMeters>787.4</AltitudeMeters>
          <DistanceMeters>17363.0</DistanceMeters>
        </Trackpoint>
        <Trackpoint>
          <Time>2027-05-09T08:09:39Z</Time>
          <Position>
            <LatitudeDegrees>42.2666600</LatitudeDegrees>
            <LongitudeDegrees>-4.3334200</LongitudeDegrees>
          </Position>
          <AltitudeMeters>786.1</AltitudeMeters>
          <DistanceMeters>17413.5</DistanceMeters>
        </Trackpoint>
        <Trackpoint>
          <Time>2027-05-09T08:09:51Z</Time>
          <Position>
            <LatitudeDegrees>42.2664200</LatitudeDegrees>
            <LongitudeDegrees>-4.3339500</LongitudeDegrees>
          </Position>
          <AltitudeMeters>785.2</AltitudeMeters>
          <DistanceMeters>17464.7</DistanceMeters>
        </Trackpoint>
        <Trackpoint>
          <Time>2027-05-09T08:10:03Z</Time>
          <Position>
            <LatitudeDegrees>42.2661800</LatitudeDegrees>
            <LongitudeDegrees>-4.3344700</LongitudeDegrees>
          </Position>
          <AltitudeMeters>784.8</AltitudeMeters>
          <DistanceMeters>17515.1</DistanceMeters>
        </Trackpoint>
        <Trackpoint>
          <Time>2027-05-09T08:10:15Z</Time>
          <Position>
            <LatitudeDegrees>42.2659500</LatitudeDegrees>
            <LongitudeDegrees>-4.3350000</LongitudeDegrees>
          </Position>
          <AltitudeMeters>785.0</AltitudeMeters>
          <DistanceMeters>17565.7</DistanceMeters>
        </Trackpoint>
        <Trackpoint>
          <Time>2027-05-09T08:10:28Z</Time>
          <Position>
            <LatitudeDegrees>42.2657100</LatitudeDegrees>
            <LongitudeDegrees>-4.3355300</LongitudeDegrees>
          </Position>
          <AltitudeMeters>785.3</AltitudeMeters>
          <DistanceMeters>17616.8</DistanceMeters>
        </Trackpoint>
        <Trackpoint>
          <Time>2027-05-09T08:10:39Z</Time>
          <Position>
            <LatitudeDegrees>42.2654800</LatitudeDegrees>
            <LongitudeDegrees>-4.3360500</LongitudeDegrees>
          </Position>
          <AltitudeMeters>785.8</AltitudeMeters>
          <DistanceMeters>17666.6</DistanceMeters>
        </Trackpoint>
        <Trackpoint>
          <Time>2027-05-09T08:10:52Z</Time>
          <Position>
            <LatitudeDegrees>42.2652400</LatitudeDegrees>
            <LongitudeDegrees>-4.3365800</LongitudeDegrees>
          </Position>
          <AltitudeMeters>786.4</AltitudeMeters>
          <DistanceMeters>17717.8</DistanceMeters>
        </Trackpoint>
        <Trackpoint>
          <Time>2027-05-09T08:11:04Z</Time>
          <Position>
            <LatitudeDegrees>42.2649800</LatitudeDegrees>
            <LongitudeDegrees>-4.3370900</LongitudeDegrees>
          </Position>
          <AltitudeMeters>786.8</AltitudeMeters>
          <DistanceMeters>17768.7</DistanceMeters>
        </Trackpoint>
        <Trackpoint>
          <Time>2027-05-09T08:11:16Z</Time>
          <Position>
            <LatitudeDegrees>42.2647200</LatitudeDegrees>
            <LongitudeDegrees>-4.3376000</LongitudeDegrees>
          </Position>
          <AltitudeMeters>787.3</AltitudeMeters>
          <DistanceMeters>17819.7</DistanceMeters>
        </Trackpoint>
        <Trackpoint>
          <Time>2027-05-09T08:11:28Z</Time>
          <Position>
            <LatitudeDegrees>42.2644600</LatitudeDegrees>
            <LongitudeDegrees>-4.3381100</LongitudeDegrees>
          </Position>
          <AltitudeMeters>788.0</AltitudeMeters>
          <DistanceMeters>17870.7</DistanceMeters>
        </Trackpoint>
        <Trackpoint>
          <Time>2027-05-09T08:11:41Z</Time>
          <Position>
            <LatitudeDegrees>42.2642000</LatitudeDegrees>
            <LongitudeDegrees>-4.3386300</LongitudeDegrees>
          </Position>
          <AltitudeMeters>788.6</AltitudeMeters>
          <DistanceMeters>17922.3</DistanceMeters>
        </Trackpoint>
        <Trackpoint>
          <Time>2027-05-09T08:11:53Z</Time>
          <Position>
            <LatitudeDegrees>42.2639300</LatitudeDegrees>
            <LongitudeDegrees>-4.3391400</LongitudeDegrees>
          </Position>
          <AltitudeMeters>788.9</AltitudeMeters>
          <DistanceMeters>17973.9</DistanceMeters>
        </Trackpoint>
        <Trackpoint>
          <Time>2027-05-09T08:12:05Z</Time>
          <Position>
            <LatitudeDegrees>42.2636700</LatitudeDegrees>
            <LongitudeDegrees>-4.3396500</LongitudeDegrees>
          </Position>
          <AltitudeMeters>788.6</AltitudeMeters>
          <DistanceMeters>18024.9</DistanceMeters>
        </Trackpoint>
        <Trackpoint>
          <Time>2027-05-09T08:12:18Z</Time>
          <Position>
            <LatitudeDegrees>42.2634100</LatitudeDegrees>
            <LongitudeDegrees>-4.3401600</LongitudeDegrees>
          </Position>
          <AltitudeMeters>788.3</AltitudeMeters>
          <DistanceMeters>18075.8</DistanceMeters>
        </Trackpoint>
        <Trackpoint>
          <Time>2027-05-09T08:12:30Z</Time>
          <Position>
            <LatitudeDegrees>42.2631500</LatitudeDegrees>
            <LongitudeDegrees>-4.3406700</LongitudeDegrees>
          </Position>
          <AltitudeMeters>788.0</AltitudeMeters>
          <DistanceMeters>18126.8</DistanceMeters>
        </Trackpoint>
        <Trackpoint>
          <Time>2027-05-09T08:12:42Z</Time>
          <Position>
            <LatitudeDegrees>42.2629300</LatitudeDegrees>
            <LongitudeDegrees>-4.3412100</LongitudeDegrees>
          </Position>
          <AltitudeMeters>787.4</AltitudeMeters>
          <DistanceMeters>18177.5</DistanceMeters>
        </Trackpoint>
        <Trackpoint>
          <Time>2027-05-09T08:12:54Z</Time>
          <Position>
            <LatitudeDegrees>42.2627100</LatitudeDegrees>
            <LongitudeDegrees>-4.3417400</LongitudeDegrees>
          </Position>
          <AltitudeMeters>786.8</AltitudeMeters>
          <DistanceMeters>18227.5</DistanceMeters>
        </Trackpoint>
        <Trackpoint>
          <Time>2027-05-09T08:13:07Z</Time>
          <Position>
            <LatitudeDegrees>42.2625200</LatitudeDegrees>
            <LongitudeDegrees>-4.3423500</LongitudeDegrees>
          </Position>
          <AltitudeMeters>786.4</AltitudeMeters>
          <DistanceMeters>18282.0</DistanceMeters>
        </Trackpoint>
        <Trackpoint>
          <Time>2027-05-09T08:13:20Z</Time>
          <Position>
            <LatitudeDegrees>42.2623300</LatitudeDegrees>
            <LongitudeDegrees>-4.3429700</LongitudeDegrees>
          </Position>
          <AltitudeMeters>785.9</AltitudeMeters>
          <DistanceMeters>18337.2</DistanceMeters>
        </Trackpoint>
        <Trackpoint>
          <Time>2027-05-09T08:13:33Z</Time>
          <Position>
            <LatitudeDegrees>42.2621000</LatitudeDegrees>
            <LongitudeDegrees>-4.3435200</LongitudeDegrees>
          </Position>
          <AltitudeMeters>785.1</AltitudeMeters>
          <DistanceMeters>18389.2</DistanceMeters>
        </Trackpoint>
        <Trackpoint>
          <Time>2027-05-09T08:13:49Z</Time>
          <Position>
            <LatitudeDegrees>42.2617500</LatitudeDegrees>
            <LongitudeDegrees>-4.3441600</LongitudeDegrees>
          </Position>
          <AltitudeMeters>784.2</AltitudeMeters>
          <DistanceMeters>18454.7</DistanceMeters>
        </Trackpoint>
        <Trackpoint>
          <Time>2027-05-09T08:14:04Z</Time>
          <Position>
            <LatitudeDegrees>42.2614100</LatitudeDegrees>
            <LongitudeDegrees>-4.3447900</LongitudeDegrees>
          </Position>
          <AltitudeMeters>783.5</AltitudeMeters>
          <DistanceMeters>18518.8</DistanceMeters>
        </Trackpoint>
        <Trackpoint>
          <Time>2027-05-09T08:14:15Z</Time>
          <Position>
            <LatitudeDegrees>42.2610600</LatitudeDegrees>
            <LongitudeDegrees>-4.3451100</LongitudeDegrees>
          </Position>
          <AltitudeMeters>782.7</AltitudeMeters>
          <DistanceMeters>18565.8</DistanceMeters>
        </Trackpoint>
        <Trackpoint>
          <Time>2027-05-09T08:14:22Z</Time>
          <Position>
            <LatitudeDegrees>42.2609200</LatitudeDegrees>
            <LongitudeDegrees>-4.3454200</LongitudeDegrees>
          </Position>
          <AltitudeMeters>782.1</AltitudeMeters>
          <DistanceMeters>18595.7</DistanceMeters>
        </Trackpoint>
        <Trackpoint>
          <Time>2027-05-09T08:14:30Z</Time>
          <Position>
            <LatitudeDegrees>42.2607000</LatitudeDegrees>
            <LongitudeDegrees>-4.3456700</LongitudeDegrees>
          </Position>
          <AltitudeMeters>781.9</AltitudeMeters>
          <DistanceMeters>18627.7</DistanceMeters>
        </Trackpoint>
        <Trackpoint>
          <Time>2027-05-09T08:14:39Z</Time>
          <Position>
            <LatitudeDegrees>42.2606400</LatitudeDegrees>
            <LongitudeDegrees>-4.3461300</LongitudeDegrees>
          </Position>
          <AltitudeMeters>782.2</AltitudeMeters>
          <DistanceMeters>18666.1</DistanceMeters>
        </Trackpoint>
        <Trackpoint>
          <Time>2027-05-09T08:14:48Z</Time>
          <Position>
            <LatitudeDegrees>42.2607900</LatitudeDegrees>
            <LongitudeDegrees>-4.3465300</LongitudeDegrees>
          </Position>
          <AltitudeMeters>782.5</AltitudeMeters>
          <DistanceMeters>18703.0</DistanceMeters>
        </Trackpoint>
        <Trackpoint>
          <Time>2027-05-09T08:15:01Z</Time>
          <Position>
            <LatitudeDegrees>42.2605700</LatitudeDegrees>
            <LongitudeDegrees>-4.3471000</LongitudeDegrees>
          </Position>
          <AltitudeMeters>783.0</AltitudeMeters>
          <DistanceMeters>18755.9</DistanceMeters>
        </Trackpoint>
        <Trackpoint>
          <Time>2027-05-09T08:15:08Z</Time>
          <Position>
            <LatitudeDegrees>42.2606400</LatitudeDegrees>
            <LongitudeDegrees>-4.3474500</LongitudeDegrees>
          </Position>
          <AltitudeMeters>783.7</AltitudeMeters>
          <DistanceMeters>18785.8</DistanceMeters>
        </Trackpoint>
        <Trackpoint>
          <Time>2027-05-09T08:15:26Z</Time>
          <Position>
            <LatitudeDegrees>42.2604400</LatitudeDegrees>
            <LongitudeDegrees>-4.3483300</LongitudeDegrees>
          </Position>
          <AltitudeMeters>784.5</AltitudeMeters>
          <DistanceMeters>18861.5</DistanceMeters>
        </Trackpoint>
        <Trackpoint>
          <Time>2027-05-09T08:15:50Z</Time>
          <Position>
            <LatitudeDegrees>42.2612100</LatitudeDegrees>
            <LongitudeDegrees>-4.3489500</LongitudeDegrees>
          </Position>
          <AltitudeMeters>785.2</AltitudeMeters>
          <DistanceMeters>18961.2</DistanceMeters>
        </Trackpoint>
        <Trackpoint>
          <Time>2027-05-09T08:16:09Z</Time>
          <Position>
            <LatitudeDegrees>42.2615800</LatitudeDegrees>
            <LongitudeDegrees>-4.3497500</LongitudeDegrees>
          </Position>
          <AltitudeMeters>785.9</AltitudeMeters>
          <DistanceMeters>19038.8</DistanceMeters>
        </Trackpoint>
        <Trackpoint>
          <Time>2027-05-09T08:16:23Z</Time>
          <Position>
            <LatitudeDegrees>42.2620000</LatitudeDegrees>
            <LongitudeDegrees>-4.3502300</LongitudeDegrees>
          </Position>
          <AltitudeMeters>786.2</AltitudeMeters>
          <DistanceMeters>19100.0</DistanceMeters>
        </Trackpoint>
        <Trackpoint>
          <Time>2027-05-09T08:16:38Z</Time>
          <Position>
            <LatitudeDegrees>42.2624100</LatitudeDegrees>
            <LongitudeDegrees>-4.3507000</LongitudeDegrees>
          </Position>
          <AltitudeMeters>786.4</AltitudeMeters>
          <DistanceMeters>19159.8</DistanceMeters>
        </Trackpoint>
        <Trackpoint>
          <Time>2027-05-09T08:16:52Z</Time>
          <Position>
            <LatitudeDegrees>42.2628900</LatitudeDegrees>
            <LongitudeDegrees>-4.3509900</LongitudeDegrees>
          </Position>
          <AltitudeMeters>786.3</AltitudeMeters>
          <DistanceMeters>19218.2</DistanceMeters>
        </Trackpoint>
        <Trackpoint>
          <Time>2027-05-09T08:16:57Z</Time>
          <Position>
            <LatitudeDegrees>42.2630200</LatitudeDegrees>
            <LongitudeDegrees>-4.3512000</LongitudeDegrees>
          </Position>
          <AltitudeMeters>785.9</AltitudeMeters>
          <DistanceMeters>19240.8</DistanceMeters>
        </Trackpoint>
        <Trackpoint>
          <Time>2027-05-09T08:17:12Z</Time>
          <Position>
            <LatitudeDegrees>42.2627400</LatitudeDegrees>
            <LongitudeDegrees>-4.3518500</LongitudeDegrees>
          </Position>
          <AltitudeMeters>785.4</AltitudeMeters>
          <DistanceMeters>19302.7</DistanceMeters>
        </Trackpoint>
        <Trackpoint>
          <Time>2027-05-09T08:17:27Z</Time>
          <Position>
            <LatitudeDegrees>42.2624500</LatitudeDegrees>
            <LongitudeDegrees>-4.3525000</LongitudeDegrees>
          </Position>
          <AltitudeMeters>785.1</AltitudeMeters>
          <DistanceMeters>19365.1</DistanceMeters>
        </Trackpoint>
        <Trackpoint>
          <Time>2027-05-09T08:17:42Z</Time>
          <Position>
            <LatitudeDegrees>42.2621700</LatitudeDegrees>
            <LongitudeDegrees>-4.3531400</LongitudeDegrees>
          </Position>
          <AltitudeMeters>784.8</AltitudeMeters>
          <DistanceMeters>19426.3</DistanceMeters>
        </Trackpoint>
        <Trackpoint>
          <Time>2027-05-09T08:17:57Z</Time>
          <Position>
            <LatitudeDegrees>42.2618800</LatitudeDegrees>
            <LongitudeDegrees>-4.3537900</LongitudeDegrees>
          </Position>
          <AltitudeMeters>784.7</AltitudeMeters>
          <DistanceMeters>19488.8</DistanceMeters>
        </Trackpoint>
        <Trackpoint>
          <Time>2027-05-09T08:18:10Z</Time>
          <Position>
            <LatitudeDegrees>42.2615800</LatitudeDegrees>
            <LongitudeDegrees>-4.3543100</LongitudeDegrees>
          </Position>
          <AltitudeMeters>784.8</AltitudeMeters>
          <DistanceMeters>19543.0</DistanceMeters>
        </Trackpoint>
        <Trackpoint>
          <Time>2027-05-09T08:18:23Z</Time>
          <Position>
            <LatitudeDegrees>42.2612900</LatitudeDegrees>
            <LongitudeDegrees>-4.3548300</LongitudeDegrees>
          </Position>
          <AltitudeMeters>785.0</AltitudeMeters>
          <DistanceMeters>19596.6</DistanceMeters>
        </Trackpoint>
        <Trackpoint>
          <Time>2027-05-09T08:18:36Z</Time>
          <Position>
            <LatitudeDegrees>42.2609900</LatitudeDegrees>
            <LongitudeDegrees>-4.3553400</LongitudeDegrees>
          </Position>
          <AltitudeMeters>785.2</AltitudeMeters>
          <DistanceMeters>19650.2</DistanceMeters>
        </Trackpoint>
        <Trackpoint>
          <Time>2027-05-09T08:18:49Z</Time>
          <Position>
            <LatitudeDegrees>42.2606900</LatitudeDegrees>
            <LongitudeDegrees>-4.3558600</LongitudeDegrees>
          </Position>
          <AltitudeMeters>785.5</AltitudeMeters>
          <DistanceMeters>19704.5</DistanceMeters>
        </Trackpoint>
        <Trackpoint>
          <Time>2027-05-09T08:19:02Z</Time>
          <Position>
            <LatitudeDegrees>42.2603900</LatitudeDegrees>
            <LongitudeDegrees>-4.3563800</LongitudeDegrees>
          </Position>
          <AltitudeMeters>785.8</AltitudeMeters>
          <DistanceMeters>19758.7</DistanceMeters>
        </Trackpoint>
        <Trackpoint>
          <Time>2027-05-09T08:19:14Z</Time>
          <Position>
            <LatitudeDegrees>42.2601000</LatitudeDegrees>
            <LongitudeDegrees>-4.3569000</LongitudeDegrees>
          </Position>
          <AltitudeMeters>786.0</AltitudeMeters>
          <DistanceMeters>19812.3</DistanceMeters>
        </Trackpoint>
        <Trackpoint>
          <Time>2027-05-09T08:19:27Z</Time>
          <Position>
            <LatitudeDegrees>42.2598000</LatitudeDegrees>
            <LongitudeDegrees>-4.3574100</LongitudeDegrees>
          </Position>
          <AltitudeMeters>786.5</AltitudeMeters>
          <DistanceMeters>19865.9</DistanceMeters>
        </Trackpoint>
        <Trackpoint>
          <Time>2027-05-09T08:19:40Z</Time>
          <Position>
            <LatitudeDegrees>42.2595000</LatitudeDegrees>
            <LongitudeDegrees>-4.3579300</LongitudeDegrees>
          </Position>
          <AltitudeMeters>787.2</AltitudeMeters>
          <DistanceMeters>19920.2</DistanceMeters>
        </Trackpoint>
        <Trackpoint>
          <Time>2027-05-09T08:19:55Z</Time>
          <Position>
            <LatitudeDegrees>42.2593400</LatitudeDegrees>
            <LongitudeDegrees>-4.3586600</LongitudeDegrees>
          </Position>
          <AltitudeMeters>787.8</AltitudeMeters>
          <DistanceMeters>19982.8</DistanceMeters>
        </Trackpoint>
        <Trackpoint>
          <Time>2027-05-09T08:20:10Z</Time>
          <Position>
            <LatitudeDegrees>42.2591800</LatitudeDegrees>
            <LongitudeDegrees>-4.3593800</LongitudeDegrees>
          </Position>
          <AltitudeMeters>788.5</AltitudeMeters>
          <DistanceMeters>20044.7</DistanceMeters>
        </Trackpoint>
        <Trackpoint>
          <Time>2027-05-09T08:20:25Z</Time>
          <Position>
            <LatitudeDegrees>42.2590200</LatitudeDegrees>
            <LongitudeDegrees>-4.3601100</LongitudeDegrees>
          </Position>
          <AltitudeMeters>789.0</AltitudeMeters>
          <DistanceMeters>20107.4</DistanceMeters>
        </Trackpoint>
        <Trackpoint>
          <Time>2027-05-09T08:20:38Z</Time>
          <Position>
            <LatitudeDegrees>42.2589500</LatitudeDegrees>
            <LongitudeDegrees>-4.3607600</LongitudeDegrees>
          </Position>
          <AltitudeMeters>789.1</AltitudeMeters>
          <DistanceMeters>20161.4</DistanceMeters>
        </Trackpoint>
        <Trackpoint>
          <Time>2027-05-09T08:20:51Z</Time>
          <Position>
            <LatitudeDegrees>42.2588800</LatitudeDegrees>
            <LongitudeDegrees>-4.3614200</LongitudeDegrees>
          </Position>
          <AltitudeMeters>789.1</AltitudeMeters>
          <DistanceMeters>20216.3</DistanceMeters>
        </Trackpoint>
        <Trackpoint>
          <Time>2027-05-09T08:21:04Z</Time>
          <Position>
            <LatitudeDegrees>42.2588000</LatitudeDegrees>
            <LongitudeDegrees>-4.3620700</LongitudeDegrees>
          </Position>
          <AltitudeMeters>789.0</AltitudeMeters>
          <DistanceMeters>20270.5</DistanceMeters>
        </Trackpoint>
        <Trackpoint>
          <Time>2027-05-09T08:21:18Z</Time>
          <Position>
            <LatitudeDegrees>42.2587300</LatitudeDegrees>
            <LongitudeDegrees>-4.3627300</LongitudeDegrees>
          </Position>
          <AltitudeMeters>788.7</AltitudeMeters>
          <DistanceMeters>20325.4</DistanceMeters>
        </Trackpoint>
        <Trackpoint>
          <Time>2027-05-09T08:21:31Z</Time>
          <Position>
            <LatitudeDegrees>42.2586600</LatitudeDegrees>
            <LongitudeDegrees>-4.3633800</LongitudeDegrees>
          </Position>
          <AltitudeMeters>788.6</AltitudeMeters>
          <DistanceMeters>20379.4</DistanceMeters>
        </Trackpoint>
        <Trackpoint>
          <Time>2027-05-09T08:21:47Z</Time>
          <Position>
            <LatitudeDegrees>42.2583800</LatitudeDegrees>
            <LongitudeDegrees>-4.3641400</LongitudeDegrees>
          </Position>
          <AltitudeMeters>788.7</AltitudeMeters>
          <DistanceMeters>20449.3</DistanceMeters>
        </Trackpoint>
        <Trackpoint>
          <Time>2027-05-09T08:21:56Z</Time>
          <Position>
            <LatitudeDegrees>42.2583100</LatitudeDegrees>
            <LongitudeDegrees>-4.3645500</LongitudeDegrees>
          </Position>
          <AltitudeMeters>788.6</AltitudeMeters>
          <DistanceMeters>20483.9</DistanceMeters>
        </Trackpoint>
        <Trackpoint>
          <Time>2027-05-09T08:22:08Z</Time>
          <Position>
            <LatitudeDegrees>42.2583100</LatitudeDegrees>
            <LongitudeDegrees>-4.3652000</LongitudeDegrees>
          </Position>
          <AltitudeMeters>788.7</AltitudeMeters>
          <DistanceMeters>20537.4</DistanceMeters>
        </Trackpoint>
        <Trackpoint>
          <Time>2027-05-09T08:22:21Z</Time>
          <Position>
            <LatitudeDegrees>42.2583100</LatitudeDegrees>
            <LongitudeDegrees>-4.3658400</LongitudeDegrees>
          </Position>
          <AltitudeMeters>788.6</AltitudeMeters>
          <DistanceMeters>20590.1</DistanceMeters>
        </Trackpoint>
        <Trackpoint>
          <Time>2027-05-09T08:22:34Z</Time>
          <Position>
            <LatitudeDegrees>42.2583100</LatitudeDegrees>
            <LongitudeDegrees>-4.3664900</LongitudeDegrees>
          </Position>
          <AltitudeMeters>788.8</AltitudeMeters>
          <DistanceMeters>20643.6</DistanceMeters>
        </Trackpoint>
        <Trackpoint>
          <Time>2027-05-09T08:22:47Z</Time>
          <Position>
            <LatitudeDegrees>42.2583200</LatitudeDegrees>
            <LongitudeDegrees>-4.3671300</LongitudeDegrees>
          </Position>
          <AltitudeMeters>788.8</AltitudeMeters>
          <DistanceMeters>20696.3</DistanceMeters>
        </Trackpoint>
        <Trackpoint>
          <Time>2027-05-09T08:22:59Z</Time>
          <Position>
            <LatitudeDegrees>42.2583200</LatitudeDegrees>
            <LongitudeDegrees>-4.3677800</LongitudeDegrees>
          </Position>
          <AltitudeMeters>788.8</AltitudeMeters>
          <DistanceMeters>20749.8</DistanceMeters>
        </Trackpoint>
        <Trackpoint>
          <Time>2027-05-09T08:23:12Z</Time>
          <Position>
            <LatitudeDegrees>42.2583200</LatitudeDegrees>
            <LongitudeDegrees>-4.3684200</LongitudeDegrees>
          </Position>
          <AltitudeMeters>788.7</AltitudeMeters>
          <DistanceMeters>20802.4</DistanceMeters>
        </Trackpoint>
        <Trackpoint>
          <Time>2027-05-09T08:23:25Z</Time>
          <Position>
            <LatitudeDegrees>42.2583200</LatitudeDegrees>
            <LongitudeDegrees>-4.3690700</LongitudeDegrees>
          </Position>
          <AltitudeMeters>788.5</AltitudeMeters>
          <DistanceMeters>20855.9</DistanceMeters>
        </Trackpoint>
        <Trackpoint>
          <Time>2027-05-09T08:23:38Z</Time>
          <Position>
            <LatitudeDegrees>42.2583200</LatitudeDegrees>
            <LongitudeDegrees>-4.3697100</LongitudeDegrees>
          </Position>
          <AltitudeMeters>788.1</AltitudeMeters>
          <DistanceMeters>20908.6</DistanceMeters>
        </Trackpoint>
        <Trackpoint>
          <Time>2027-05-09T08:23:50Z</Time>
          <Position>
            <LatitudeDegrees>42.2583200</LatitudeDegrees>
            <LongitudeDegrees>-4.3703600</LongitudeDegrees>
          </Position>
          <AltitudeMeters>787.7</AltitudeMeters>
          <DistanceMeters>20962.1</DistanceMeters>
        </Trackpoint>
        <Trackpoint>
          <Time>2027-05-09T08:24:03Z</Time>
          <Position>
            <LatitudeDegrees>42.2583200</LatitudeDegrees>
            <LongitudeDegrees>-4.3710000</LongitudeDegrees>
          </Position>
          <AltitudeMeters>787.3</AltitudeMeters>
          <DistanceMeters>21014.8</DistanceMeters>
        </Trackpoint>
        <Trackpoint>
          <Time>2027-05-09T08:24:16Z</Time>
          <Position>
            <LatitudeDegrees>42.2583200</LatitudeDegrees>
            <LongitudeDegrees>-4.3716500</LongitudeDegrees>
          </Position>
          <AltitudeMeters>787.0</AltitudeMeters>
          <DistanceMeters>21068.3</DistanceMeters>
        </Trackpoint>
        <Trackpoint>
          <Time>2027-05-09T08:24:29Z</Time>
          <Position>
            <LatitudeDegrees>42.2583300</LatitudeDegrees>
            <LongitudeDegrees>-4.3722900</LongitudeDegrees>
          </Position>
          <AltitudeMeters>786.7</AltitudeMeters>
          <DistanceMeters>21121.0</DistanceMeters>
        </Trackpoint>
        <Trackpoint>
          <Time>2027-05-09T08:24:41Z</Time>
          <Position>
            <LatitudeDegrees>42.2583300</LatitudeDegrees>
            <LongitudeDegrees>-4.3729400</LongitudeDegrees>
          </Position>
          <AltitudeMeters>786.6</AltitudeMeters>
          <DistanceMeters>21174.4</DistanceMeters>
        </Trackpoint>
        <Trackpoint>
          <Time>2027-05-09T08:24:54Z</Time>
          <Position>
            <LatitudeDegrees>42.2583300</LatitudeDegrees>
            <LongitudeDegrees>-4.3735800</LongitudeDegrees>
          </Position>
          <AltitudeMeters>786.5</AltitudeMeters>
          <DistanceMeters>21227.1</DistanceMeters>
        </Trackpoint>
        <Trackpoint>
          <Time>2027-05-09T08:25:07Z</Time>
          <Position>
            <LatitudeDegrees>42.2583300</LatitudeDegrees>
            <LongitudeDegrees>-4.3742300</LongitudeDegrees>
          </Position>
          <AltitudeMeters>786.8</AltitudeMeters>
          <DistanceMeters>21280.6</DistanceMeters>
        </Trackpoint>
        <Trackpoint>
          <Time>2027-05-09T08:25:22Z</Time>
          <Position>
            <LatitudeDegrees>42.2583000</LatitudeDegrees>
            <LongitudeDegrees>-4.3750100</LongitudeDegrees>
          </Position>
          <AltitudeMeters>786.9</AltitudeMeters>
          <DistanceMeters>21344.9</DistanceMeters>
        </Trackpoint>
        <Trackpoint>
          <Time>2027-05-09T08:25:38Z</Time>
          <Position>
            <LatitudeDegrees>42.2582600</LatitudeDegrees>
            <LongitudeDegrees>-4.3757900</LongitudeDegrees>
          </Position>
          <AltitudeMeters>787.2</AltitudeMeters>
          <DistanceMeters>21409.2</DistanceMeters>
        </Trackpoint>
        <Trackpoint>
          <Time>2027-05-09T08:25:53Z</Time>
          <Position>
            <LatitudeDegrees>42.2582900</LatitudeDegrees>
            <LongitudeDegrees>-4.3765800</LongitudeDegrees>
          </Position>
          <AltitudeMeters>787.3</AltitudeMeters>
          <DistanceMeters>21474.3</DistanceMeters>
        </Trackpoint>
        <Trackpoint>
          <Time>2027-05-09T08:26:09Z</Time>
          <Position>
            <LatitudeDegrees>42.2583200</LatitudeDegrees>
            <LongitudeDegrees>-4.3773600</LongitudeDegrees>
          </Position>
          <AltitudeMeters>787.6</AltitudeMeters>
          <DistanceMeters>21538.6</DistanceMeters>
        </Trackpoint>
        <Trackpoint>
          <Time>2027-05-09T08:26:23Z</Time>
          <Position>
            <LatitudeDegrees>42.2583200</LatitudeDegrees>
            <LongitudeDegrees>-4.3780700</LongitudeDegrees>
          </Position>
          <AltitudeMeters>787.4</AltitudeMeters>
          <DistanceMeters>21597.0</DistanceMeters>
        </Trackpoint>
        <Trackpoint>
          <Time>2027-05-09T08:26:37Z</Time>
          <Position>
            <LatitudeDegrees>42.2583200</LatitudeDegrees>
            <LongitudeDegrees>-4.3787800</LongitudeDegrees>
          </Position>
          <AltitudeMeters>787.6</AltitudeMeters>
          <DistanceMeters>21655.5</DistanceMeters>
        </Trackpoint>
        <Trackpoint>
          <Time>2027-05-09T08:26:51Z</Time>
          <Position>
            <LatitudeDegrees>42.2583200</LatitudeDegrees>
            <LongitudeDegrees>-4.3794800</LongitudeDegrees>
          </Position>
          <AltitudeMeters>787.2</AltitudeMeters>
          <DistanceMeters>21713.1</DistanceMeters>
        </Trackpoint>
        <Trackpoint>
          <Time>2027-05-09T08:27:05Z</Time>
          <Position>
            <LatitudeDegrees>42.2583200</LatitudeDegrees>
            <LongitudeDegrees>-4.3801900</LongitudeDegrees>
          </Position>
          <AltitudeMeters>787.2</AltitudeMeters>
          <DistanceMeters>21771.5</DistanceMeters>
        </Trackpoint>
        <Trackpoint>
          <Time>2027-05-09T08:27:19Z</Time>
          <Position>
            <LatitudeDegrees>42.2584100</LatitudeDegrees>
            <LongitudeDegrees>-4.3808900</LongitudeDegrees>
          </Position>
          <AltitudeMeters>787.0</AltitudeMeters>
          <DistanceMeters>21830.0</DistanceMeters>
        </Trackpoint>
        <Trackpoint>
          <Time>2027-05-09T08:27:32Z</Time>
          <Position>
            <LatitudeDegrees>42.2585800</LatitudeDegrees>
            <LongitudeDegrees>-4.3815400</LongitudeDegrees>
          </Position>
          <AltitudeMeters>787.2</AltitudeMeters>
          <DistanceMeters>21886.7</DistanceMeters>
        </Trackpoint>
        <Trackpoint>
          <Time>2027-05-09T08:27:46Z</Time>
          <Position>
            <LatitudeDegrees>42.2587400</LatitudeDegrees>
            <LongitudeDegrees>-4.3821800</LongitudeDegrees>
          </Position>
          <AltitudeMeters>786.9</AltitudeMeters>
          <DistanceMeters>21942.3</DistanceMeters>
        </Trackpoint>
        <Trackpoint>
          <Time>2027-05-09T08:27:59Z</Time>
          <Position>
            <LatitudeDegrees>42.2589100</LatitudeDegrees>
            <LongitudeDegrees>-4.3828300</LongitudeDegrees>
          </Position>
          <AltitudeMeters>787.0</AltitudeMeters>
          <DistanceMeters>21999.1</DistanceMeters>
        </Trackpoint>
        <Trackpoint>
          <Time>2027-05-09T08:28:13Z</Time>
          <Position>
            <LatitudeDegrees>42.2590800</LatitudeDegrees>
            <LongitudeDegrees>-4.3834800</LongitudeDegrees>
          </Position>
          <AltitudeMeters>787.1</AltitudeMeters>
          <DistanceMeters>22055.8</DistanceMeters>
        </Trackpoint>
        <Trackpoint>
          <Time>2027-05-09T08:28:27Z</Time>
          <Position>
            <LatitudeDegrees>42.2592500</LatitudeDegrees>
            <LongitudeDegrees>-4.3841300</LongitudeDegrees>
          </Position>
          <AltitudeMeters>787.3</AltitudeMeters>
          <DistanceMeters>22112.5</DistanceMeters>
        </Trackpoint>
        <Trackpoint>
          <Time>2027-05-09T08:28:40Z</Time>
          <Position>
            <LatitudeDegrees>42.2594100</LatitudeDegrees>
            <LongitudeDegrees>-4.3847700</LongitudeDegrees>
          </Position>
          <AltitudeMeters>787.4</AltitudeMeters>
          <DistanceMeters>22168.1</DistanceMeters>
        </Trackpoint>
        <Trackpoint>
          <Time>2027-05-09T08:28:53Z</Time>
          <Position>
            <LatitudeDegrees>42.2595800</LatitudeDegrees>
            <LongitudeDegrees>-4.3854200</LongitudeDegrees>
          </Position>
          <AltitudeMeters>787.3</AltitudeMeters>
          <DistanceMeters>22224.8</DistanceMeters>
        </Trackpoint>
        <Trackpoint>
          <Time>2027-05-09T08:29:01Z</Time>
          <Position>
            <LatitudeDegrees>42.2597100</LatitudeDegrees>
            <LongitudeDegrees>-4.3857300</LongitudeDegrees>
          </Position>
          <AltitudeMeters>787.2</AltitudeMeters>
          <DistanceMeters>22254.2</DistanceMeters>
        </Trackpoint>
        <Trackpoint>
          <Time>2027-05-09T08:29:21Z</Time>
          <Position>
            <LatitudeDegrees>42.2603300</LatitudeDegrees>
            <LongitudeDegrees>-4.3863800</LongitudeDegrees>
          </Position>
          <AltitudeMeters>786.8</AltitudeMeters>
          <DistanceMeters>22341.4</DistanceMeters>
        </Trackpoint>
        <Trackpoint>
          <Time>2027-05-09T08:29:35Z</Time>
          <Position>
            <LatitudeDegrees>42.2607500</LatitudeDegrees>
            <LongitudeDegrees>-4.3867400</LongitudeDegrees>
          </Position>
          <AltitudeMeters>786.7</AltitudeMeters>
          <DistanceMeters>22396.7</DistanceMeters>
        </Trackpoint>
        <Trackpoint>
          <Time>2027-05-09T08:29:48Z</Time>
          <Position>
            <LatitudeDegrees>42.2611700</LatitudeDegrees>
            <LongitudeDegrees>-4.3871100</LongitudeDegrees>
          </Position>
          <AltitudeMeters>786.3</AltitudeMeters>
          <DistanceMeters>22452.5</DistanceMeters>
        </Trackpoint>
        <Trackpoint>
          <Time>2027-05-09T08:30:01Z</Time>
          <Position>
            <LatitudeDegrees>42.2615900</LatitudeDegrees>
            <LongitudeDegrees>-4.3874700</LongitudeDegrees>
          </Position>
          <AltitudeMeters>786.1</AltitudeMeters>
          <DistanceMeters>22507.8</DistanceMeters>
        </Trackpoint>
        <Trackpoint>
          <Time>2027-05-09T08:30:15Z</Time>
          <Position>
            <LatitudeDegrees>42.2620100</LatitudeDegrees>
            <LongitudeDegrees>-4.3878300</LongitudeDegrees>
          </Position>
          <AltitudeMeters>786.0</AltitudeMeters>
          <DistanceMeters>22563.1</DistanceMeters>
        </Trackpoint>
        <Trackpoint>
          <Time>2027-05-09T08:30:28Z</Time>
          <Position>
            <LatitudeDegrees>42.2624300</LatitudeDegrees>
            <LongitudeDegrees>-4.3882000</LongitudeDegrees>
          </Position>
          <AltitudeMeters>785.9</AltitudeMeters>
          <DistanceMeters>22618.9</DistanceMeters>
        </Trackpoint>
        <Trackpoint>
          <Time>2027-05-09T08:30:41Z</Time>
          <Position>
            <LatitudeDegrees>42.2628500</LatitudeDegrees>
            <LongitudeDegrees>-4.3885600</LongitudeDegrees>
          </Position>
          <AltitudeMeters>785.7</AltitudeMeters>
          <DistanceMeters>22674.2</DistanceMeters>
        </Trackpoint>
        <Trackpoint>
          <Time>2027-05-09T08:30:50Z</Time>
          <Position>
            <LatitudeDegrees>42.2630500</LatitudeDegrees>
            <LongitudeDegrees>-4.3888900</LongitudeDegrees>
          </Position>
          <AltitudeMeters>785.6</AltitudeMeters>
          <DistanceMeters>22709.3</DistanceMeters>
        </Trackpoint>
        <Trackpoint>
          <Time>2027-05-09T08:30:58Z</Time>
          <Position>
            <LatitudeDegrees>42.2631600</LatitudeDegrees>
            <LongitudeDegrees>-4.3892700</LongitudeDegrees>
          </Position>
          <AltitudeMeters>785.5</AltitudeMeters>
          <DistanceMeters>22742.8</DistanceMeters>
        </Trackpoint>
        <Trackpoint>
          <Time>2027-05-09T08:31:10Z</Time>
          <Position>
            <LatitudeDegrees>42.2632700</LatitudeDegrees>
            <LongitudeDegrees>-4.3898900</LongitudeDegrees>
          </Position>
          <AltitudeMeters>785.6</AltitudeMeters>
          <DistanceMeters>22795.3</DistanceMeters>
        </Trackpoint>
        <Trackpoint>
          <Time>2027-05-09T08:31:23Z</Time>
          <Position>
            <LatitudeDegrees>42.2633800</LatitudeDegrees>
            <LongitudeDegrees>-4.3905100</LongitudeDegrees>
          </Position>
          <AltitudeMeters>785.8</AltitudeMeters>
          <DistanceMeters>22847.8</DistanceMeters>
        </Trackpoint>
        <Trackpoint>
          <Time>2027-05-09T08:31:36Z</Time>
          <Position>
            <LatitudeDegrees>42.2634900</LatitudeDegrees>
            <LongitudeDegrees>-4.3911300</LongitudeDegrees>
          </Position>
          <AltitudeMeters>785.5</AltitudeMeters>
          <DistanceMeters>22900.2</DistanceMeters>
        </Trackpoint>
        <Trackpoint>
          <Time>2027-05-09T08:31:48Z</Time>
          <Position>
            <LatitudeDegrees>42.2636000</LatitudeDegrees>
            <LongitudeDegrees>-4.3917500</LongitudeDegrees>
          </Position>
          <AltitudeMeters>785.7</AltitudeMeters>
          <DistanceMeters>22952.7</DistanceMeters>
        </Trackpoint>
        <Trackpoint>
          <Time>2027-05-09T08:32:01Z</Time>
          <Position>
            <LatitudeDegrees>42.2637100</LatitudeDegrees>
            <LongitudeDegrees>-4.3923700</LongitudeDegrees>
          </Position>
          <AltitudeMeters>785.6</AltitudeMeters>
          <DistanceMeters>23005.2</DistanceMeters>
        </Trackpoint>
        <Trackpoint>
          <Time>2027-05-09T08:32:13Z</Time>
          <Position>
            <LatitudeDegrees>42.2638200</LatitudeDegrees>
            <LongitudeDegrees>-4.3929900</LongitudeDegrees>
          </Position>
          <AltitudeMeters>785.6</AltitudeMeters>
          <DistanceMeters>23057.6</DistanceMeters>
        </Trackpoint>
        <Trackpoint>
          <Time>2027-05-09T08:32:26Z</Time>
          <Position>
            <LatitudeDegrees>42.2639300</LatitudeDegrees>
            <LongitudeDegrees>-4.3936100</LongitudeDegrees>
          </Position>
          <AltitudeMeters>785.6</AltitudeMeters>
          <DistanceMeters>23110.1</DistanceMeters>
        </Trackpoint>
        <Trackpoint>
          <Time>2027-05-09T08:32:39Z</Time>
          <Position>
            <LatitudeDegrees>42.2640400</LatitudeDegrees>
            <LongitudeDegrees>-4.3942300</LongitudeDegrees>
          </Position>
          <AltitudeMeters>785.8</AltitudeMeters>
          <DistanceMeters>23162.6</DistanceMeters>
        </Trackpoint>
        <Trackpoint>
          <Time>2027-05-09T08:32:51Z</Time>
          <Position>
            <LatitudeDegrees>42.2641500</LatitudeDegrees>
            <LongitudeDegrees>-4.3948500</LongitudeDegrees>
          </Position>
          <AltitudeMeters>785.9</AltitudeMeters>
          <DistanceMeters>23215.0</DistanceMeters>
        </Trackpoint>
        <Trackpoint>
          <Time>2027-05-09T08:33:04Z</Time>
          <Position>
            <LatitudeDegrees>42.2642600</LatitudeDegrees>
            <LongitudeDegrees>-4.3954700</LongitudeDegrees>
          </Position>
          <AltitudeMeters>785.9</AltitudeMeters>
          <DistanceMeters>23267.5</DistanceMeters>
        </Trackpoint>
        <Trackpoint>
          <Time>2027-05-09T08:33:16Z</Time>
          <Position>
            <LatitudeDegrees>42.2643700</LatitudeDegrees>
            <LongitudeDegrees>-4.3960900</LongitudeDegrees>
          </Position>
          <AltitudeMeters>785.8</AltitudeMeters>
          <DistanceMeters>23320.0</DistanceMeters>
        </Trackpoint>
        <Trackpoint>
          <Time>2027-05-09T08:33:29Z</Time>
          <Position>
            <LatitudeDegrees>42.2644800</LatitudeDegrees>
            <LongitudeDegrees>-4.3967100</LongitudeDegrees>
          </Position>
          <AltitudeMeters>785.5</AltitudeMeters>
          <DistanceMeters>23372.4</DistanceMeters>
        </Trackpoint>
        <Trackpoint>
          <Time>2027-05-09T08:33:41Z</Time>
          <Position>
            <LatitudeDegrees>42.2645900</LatitudeDegrees>
            <LongitudeDegrees>-4.3973300</LongitudeDegrees>
          </Position>
          <AltitudeMeters>785.2</AltitudeMeters>
          <DistanceMeters>23424.9</DistanceMeters>
        </Trackpoint>
        <Trackpoint>
          <Time>2027-05-09T08:33:47Z</Time>
          <Position>
            <LatitudeDegrees>42.2645900</LatitudeDegrees>
            <LongitudeDegrees>-4.3976300</LongitudeDegrees>
          </Position>
          <AltitudeMeters>785.0</AltitudeMeters>
          <DistanceMeters>23449.6</DistanceMeters>
        </Trackpoint>
        <Trackpoint>
          <Time>2027-05-09T08:33:57Z</Time>
          <Position>
            <LatitudeDegrees>42.2644600</LatitudeDegrees>
            <LongitudeDegrees>-4.3980700</LongitudeDegrees>
          </Position>
          <AltitudeMeters>784.9</AltitudeMeters>
          <DistanceMeters>23488.6</DistanceMeters>
        </Trackpoint>
        <Trackpoint>
          <Time>2027-05-09T08:34:18Z</Time>
          <Position>
            <LatitudeDegrees>42.2638600</LatitudeDegrees>
            <LongitudeDegrees>-4.3988100</LongitudeDegrees>
          </Position>
          <AltitudeMeters>784.9</AltitudeMeters>
          <DistanceMeters>23578.9</DistanceMeters>
        </Trackpoint>
        <Trackpoint>
          <Time>2027-05-09T08:34:23Z</Time>
          <Position>
            <LatitudeDegrees>42.2637600</LatitudeDegrees>
            <LongitudeDegrees>-4.3990200</LongitudeDegrees>
          </Position>
          <AltitudeMeters>785.0</AltitudeMeters>
          <DistanceMeters>23599.4</DistanceMeters>
        </Trackpoint>
        <Trackpoint>
          <Time>2027-05-09T08:34:29Z</Time>
          <Position>
            <LatitudeDegrees>42.2639000</LatitudeDegrees>
            <LongitudeDegrees>-4.3992200</LongitudeDegrees>
          </Position>
          <AltitudeMeters>785.4</AltitudeMeters>
          <DistanceMeters>23622.1</DistanceMeters>
        </Trackpoint>
        <Trackpoint>
          <Time>2027-05-09T08:34:35Z</Time>
          <Position>
            <LatitudeDegrees>42.2641200</LatitudeDegrees>
            <LongitudeDegrees>-4.3991000</LongitudeDegrees>
          </Position>
          <AltitudeMeters>786.0</AltitudeMeters>
          <DistanceMeters>23648.5</DistanceMeters>
        </Trackpoint>
        <Trackpoint>
          <Time>2027-05-09T08:34:39Z</Time>
          <Position>
            <LatitudeDegrees>42.2642600</LatitudeDegrees>
            <LongitudeDegrees>-4.3990900</LongitudeDegrees>
          </Position>
          <AltitudeMeters>786.8</AltitudeMeters>
          <DistanceMeters>23664.1</DistanceMeters>
        </Trackpoint>
        <Trackpoint>
          <Time>2027-05-09T08:34:58Z</Time>
          <Position>
            <LatitudeDegrees>42.2647800</LatitudeDegrees>
            <LongitudeDegrees>-4.3997900</LongitudeDegrees>
          </Position>
          <AltitudeMeters>787.3</AltitudeMeters>
          <DistanceMeters>23745.7</DistanceMeters>
        </Trackpoint>
        <Trackpoint>
          <Time>2027-05-09T08:35:03Z</Time>
          <Position>
            <LatitudeDegrees>42.2648100</LatitudeDegrees>
            <LongitudeDegrees>-4.4000000</LongitudeDegrees>
          </Position>
          <AltitudeMeters>787.3</AltitudeMeters>
          <DistanceMeters>23763.3</DistanceMeters>
        </Trackpoint>
        <Trackpoint>
          <Time>2027-05-09T08:35:18Z</Time>
          <Position>
            <LatitudeDegrees>42.2652400</LatitudeDegrees>
            <LongitudeDegrees>-4.4005300</LongitudeDegrees>
          </Position>
          <AltitudeMeters>786.9</AltitudeMeters>
          <DistanceMeters>23828.0</DistanceMeters>
        </Trackpoint>
        <Trackpoint>
          <Time>2027-05-09T08:35:31Z</Time>
          <Position>
            <LatitudeDegrees>42.2656500</LatitudeDegrees>
            <LongitudeDegrees>-4.4008800</LongitudeDegrees>
          </Position>
          <AltitudeMeters>785.9</AltitudeMeters>
          <DistanceMeters>23881.9</DistanceMeters>
        </Trackpoint>
        <Trackpoint>
          <Time>2027-05-09T08:35:44Z</Time>
          <Position>
            <LatitudeDegrees>42.2660600</LatitudeDegrees>
            <LongitudeDegrees>-4.4012300</LongitudeDegrees>
          </Position>
          <AltitudeMeters>784.5</AltitudeMeters>
          <DistanceMeters>23935.9</DistanceMeters>
        </Trackpoint>
        <Trackpoint>
          <Time>2027-05-09T08:35:49Z</Time>
          <Position>
            <LatitudeDegrees>42.2661700</LatitudeDegrees>
            <LongitudeDegrees>-4.4014200</LongitudeDegrees>
          </Position>
          <AltitudeMeters>783.1</AltitudeMeters>
          <DistanceMeters>23955.7</DistanceMeters>
        </Trackpoint>
        <Trackpoint>
          <Time>2027-05-09T08:36:02Z</Time>
          <Position>
            <LatitudeDegrees>42.2663200</LatitudeDegrees>
            <LongitudeDegrees>-4.4020400</LongitudeDegrees>
          </Position>
          <AltitudeMeters>782.1</AltitudeMeters>
          <DistanceMeters>24009.4</DistanceMeters>
        </Trackpoint>
        <Trackpoint>
          <Time>2027-05-09T08:36:14Z</Time>
          <Position>
            <LatitudeDegrees>42.2662800</LatitudeDegrees>
            <LongitudeDegrees>-4.4026500</LongitudeDegrees>
          </Position>
          <AltitudeMeters>781.0</AltitudeMeters>
          <DistanceMeters>24059.8</DistanceMeters>
        </Trackpoint>
        <Trackpoint>
          <Time>2027-05-09T08:36:26Z</Time>
          <Position>
            <LatitudeDegrees>42.2662400</LatitudeDegrees>
            <LongitudeDegrees>-4.4032600</LongitudeDegrees>
          </Position>
          <AltitudeMeters>779.8</AltitudeMeters>
          <DistanceMeters>24110.2</DistanceMeters>
        </Trackpoint>
        <Trackpoint>
          <Time>2027-05-09T08:36:38Z</Time>
          <Position>
            <LatitudeDegrees>42.2662000</LatitudeDegrees>
            <LongitudeDegrees>-4.4038700</LongitudeDegrees>
          </Position>
          <AltitudeMeters>779.1</AltitudeMeters>
          <DistanceMeters>24160.6</DistanceMeters>
        </Trackpoint>
        <Trackpoint>
          <Time>2027-05-09T08:36:50Z</Time>
          <Position>
            <LatitudeDegrees>42.2661500</LatitudeDegrees>
            <LongitudeDegrees>-4.4044900</LongitudeDegrees>
          </Position>
          <AltitudeMeters>779.0</AltitudeMeters>
          <DistanceMeters>24211.9</DistanceMeters>
        </Trackpoint>
        <Trackpoint>
          <Time>2027-05-09T08:37:02Z</Time>
          <Position>
            <LatitudeDegrees>42.2661100</LatitudeDegrees>
            <LongitudeDegrees>-4.4051000</LongitudeDegrees>
          </Position>
          <AltitudeMeters>779.1</AltitudeMeters>
          <DistanceMeters>24262.3</DistanceMeters>
        </Trackpoint>
        <Trackpoint>
          <Time>2027-05-09T08:37:15Z</Time>
          <Position>
            <LatitudeDegrees>42.2660700</LatitudeDegrees>
            <LongitudeDegrees>-4.4057100</LongitudeDegrees>
          </Position>
          <AltitudeMeters>779.3</AltitudeMeters>
          <DistanceMeters>24312.7</DistanceMeters>
        </Trackpoint>
        <Trackpoint>
          <Time>2027-05-09T08:37:27Z</Time>
          <Position>
            <LatitudeDegrees>42.2660300</LatitudeDegrees>
            <LongitudeDegrees>-4.4063200</LongitudeDegrees>
          </Position>
          <AltitudeMeters>779.7</AltitudeMeters>
          <DistanceMeters>24363.1</DistanceMeters>
        </Trackpoint>
        <Trackpoint>
          <Time>2027-05-09T08:37:34Z</Time>
          <Position>
            <LatitudeDegrees>42.2659100</LatitudeDegrees>
            <LongitudeDegrees>-4.4066800</LongitudeDegrees>
          </Position>
          <AltitudeMeters>779.9</AltitudeMeters>
          <DistanceMeters>24395.5</DistanceMeters>
        </Trackpoint>
        <Trackpoint>
          <Time>2027-05-09T08:37:44Z</Time>
          <Position>
            <LatitudeDegrees>42.2656600</LatitudeDegrees>
            <LongitudeDegrees>-4.4070000</LongitudeDegrees>
          </Position>
          <AltitudeMeters>779.8</AltitudeMeters>
          <DistanceMeters>24433.8</DistanceMeters>
        </Trackpoint>
        <Trackpoint>
          <Time>2027-05-09T08:37:56Z</Time>
          <Position>
            <LatitudeDegrees>42.2653900</LatitudeDegrees>
            <LongitudeDegrees>-4.4075000</LongitudeDegrees>
          </Position>
          <AltitudeMeters>779.6</AltitudeMeters>
          <DistanceMeters>24484.8</DistanceMeters>
        </Trackpoint>
        <Trackpoint>
          <Time>2027-05-09T08:38:06Z</Time>
          <Position>
            <LatitudeDegrees>42.2653000</LatitudeDegrees>
            <LongitudeDegrees>-4.4079800</LongitudeDegrees>
          </Position>
          <AltitudeMeters>779.4</AltitudeMeters>
          <DistanceMeters>24525.5</DistanceMeters>
        </Trackpoint>
        <Trackpoint>
          <Time>2027-05-09T08:38:19Z</Time>
          <Position>
            <LatitudeDegrees>42.2652700</LatitudeDegrees>
            <LongitudeDegrees>-4.4086700</LongitudeDegrees>
          </Position>
          <AltitudeMeters>779.5</AltitudeMeters>
          <DistanceMeters>24582.4</DistanceMeters>
        </Trackpoint>
        <Trackpoint>
          <Time>2027-05-09T08:38:33Z</Time>
          <Position>
            <LatitudeDegrees>42.2652400</LatitudeDegrees>
            <LongitudeDegrees>-4.4093500</LongitudeDegrees>
          </Position>
          <AltitudeMeters>779.6</AltitudeMeters>
          <DistanceMeters>24638.4</DistanceMeters>
        </Trackpoint>
        <Trackpoint>
          <Time>2027-05-09T08:38:46Z</Time>
          <Position>
            <LatitudeDegrees>42.2652100</LatitudeDegrees>
            <LongitudeDegrees>-4.4100400</LongitudeDegrees>
          </Position>
          <AltitudeMeters>779.8</AltitudeMeters>
          <DistanceMeters>24695.3</DistanceMeters>
        </Trackpoint>
        <Trackpoint>
          <Time>2027-05-09T08:39:00Z</Time>
          <Position>
            <LatitudeDegrees>42.2651800</LatitudeDegrees>
            <LongitudeDegrees>-4.4107200</LongitudeDegrees>
          </Position>
          <AltitudeMeters>780.3</AltitudeMeters>
          <DistanceMeters>24751.4</DistanceMeters>
        </Trackpoint>
        <Trackpoint>
          <Time>2027-05-09T08:39:13Z</Time>
          <Position>
            <LatitudeDegrees>42.2651500</LatitudeDegrees>
            <LongitudeDegrees>-4.4114100</LongitudeDegrees>
          </Position>
          <AltitudeMeters>780.5</AltitudeMeters>
          <DistanceMeters>24808.3</DistanceMeters>
        </Trackpoint>
        <Trackpoint>
          <Time>2027-05-09T08:39:26Z</Time>
          <Position>
            <LatitudeDegrees>42.2650900</LatitudeDegrees>
            <LongitudeDegrees>-4.4120600</LongitudeDegrees>
          </Position>
          <AltitudeMeters>780.6</AltitudeMeters>
          <DistanceMeters>24862.2</DistanceMeters>
        </Trackpoint>
        <Trackpoint>
          <Time>2027-05-09T08:39:40Z</Time>
          <Position>
            <LatitudeDegrees>42.2650300</LatitudeDegrees>
            <LongitudeDegrees>-4.4127200</LongitudeDegrees>
          </Position>
          <AltitudeMeters>780.9</AltitudeMeters>
          <DistanceMeters>24916.9</DistanceMeters>
        </Trackpoint>
        <Trackpoint>
          <Time>2027-05-09T08:39:52Z</Time>
          <Position>
            <LatitudeDegrees>42.2649700</LatitudeDegrees>
            <LongitudeDegrees>-4.4133700</LongitudeDegrees>
          </Position>
          <AltitudeMeters>781.2</AltitudeMeters>
          <DistanceMeters>24970.8</DistanceMeters>
        </Trackpoint>
        <Trackpoint>
          <Time>2027-05-09T08:40:04Z</Time>
          <Position>
            <LatitudeDegrees>42.2650700</LatitudeDegrees>
            <LongitudeDegrees>-4.4139600</LongitudeDegrees>
          </Position>
          <AltitudeMeters>781.4</AltitudeMeters>
          <DistanceMeters>25020.6</DistanceMeters>
        </Trackpoint>
        <Trackpoint>
          <Time>2027-05-09T08:40:11Z</Time>
          <Position>
            <LatitudeDegrees>42.2652400</LatitudeDegrees>
            <LongitudeDegrees>-4.4142200</LongitudeDegrees>
          </Position>
          <AltitudeMeters>781.4</AltitudeMeters>
          <DistanceMeters>25049.1</DistanceMeters>
        </Trackpoint>
        <Trackpoint>
          <Time>2027-05-09T08:40:17Z</Time>
          <Position>
            <LatitudeDegrees>42.2653100</LatitudeDegrees>
            <LongitudeDegrees>-4.4144900</LongitudeDegrees>
          </Position>
          <AltitudeMeters>781.2</AltitudeMeters>
          <DistanceMeters>25072.7</DistanceMeters>
        </Trackpoint>
        <Trackpoint>
          <Time>2027-05-09T08:40:32Z</Time>
          <Position>
            <LatitudeDegrees>42.2651200</LatitudeDegrees>
            <LongitudeDegrees>-4.4152000</LongitudeDegrees>
          </Position>
          <AltitudeMeters>780.6</AltitudeMeters>
          <DistanceMeters>25134.8</DistanceMeters>
        </Trackpoint>
        <Trackpoint>
          <Time>2027-05-09T08:40:46Z</Time>
          <Position>
            <LatitudeDegrees>42.2651800</LatitudeDegrees>
            <LongitudeDegrees>-4.4159100</LongitudeDegrees>
          </Position>
          <AltitudeMeters>779.6</AltitudeMeters>
          <DistanceMeters>25193.6</DistanceMeters>
        </Trackpoint>
        <Trackpoint>
          <Time>2027-05-09T08:41:00Z</Time>
          <Position>
            <LatitudeDegrees>42.2652500</LatitudeDegrees>
            <LongitudeDegrees>-4.4166300</LongitudeDegrees>
          </Position>
          <AltitudeMeters>778.4</AltitudeMeters>
          <DistanceMeters>25253.4</DistanceMeters>
        </Trackpoint>
        <Trackpoint>
          <Time>2027-05-09T08:41:14Z</Time>
          <Position>
            <LatitudeDegrees>42.2653100</LatitudeDegrees>
            <LongitudeDegrees>-4.4173400</LongitudeDegrees>
          </Position>
          <AltitudeMeters>777.5</AltitudeMeters>
          <DistanceMeters>25312.2</DistanceMeters>
        </Trackpoint>
        <Trackpoint>
          <Time>2027-05-09T08:41:20Z</Time>
          <Position>
            <LatitudeDegrees>42.2653900</LatitudeDegrees>
            <LongitudeDegrees>-4.4176000</LongitudeDegrees>
          </Position>
          <AltitudeMeters>776.8</AltitudeMeters>
          <DistanceMeters>25335.3</DistanceMeters>
        </Trackpoint>
        <Trackpoint>
          <Time>2027-05-09T08:41:28Z</Time>
          <Position>
            <LatitudeDegrees>42.2656200</LatitudeDegrees>
            <LongitudeDegrees>-4.4178800</LongitudeDegrees>
          </Position>
          <AltitudeMeters>776.4</AltitudeMeters>
          <DistanceMeters>25369.8</DistanceMeters>
        </Trackpoint>
        <Trackpoint>
          <Time>2027-05-09T08:41:34Z</Time>
          <Position>
            <LatitudeDegrees>42.2657200</LatitudeDegrees>
            <LongitudeDegrees>-4.4181300</LongitudeDegrees>
          </Position>
          <AltitudeMeters>776.5</AltitudeMeters>
          <DistanceMeters>25393.1</DistanceMeters>
        </Trackpoint>
        <Trackpoint>
          <Time>2027-05-09T08:41:39Z</Time>
          <Position>
            <LatitudeDegrees>42.2657200</LatitudeDegrees>
            <LongitudeDegrees>-4.4183800</LongitudeDegrees>
          </Position>
          <AltitudeMeters>776.8</AltitudeMeters>
          <DistanceMeters>25413.7</DistanceMeters>
        </Trackpoint>
        <Trackpoint>
          <Time>2027-05-09T08:41:49Z</Time>
          <Position>
            <LatitudeDegrees>42.2655200</LatitudeDegrees>
            <LongitudeDegrees>-4.4188000</LongitudeDegrees>
          </Position>
          <AltitudeMeters>777.3</AltitudeMeters>
          <DistanceMeters>25454.8</DistanceMeters>
        </Trackpoint>
        <Trackpoint>
          <Time>2027-05-09T08:41:55Z</Time>
          <Position>
            <LatitudeDegrees>42.2655000</LatitudeDegrees>
            <LongitudeDegrees>-4.4191000</LongitudeDegrees>
          </Position>
          <AltitudeMeters>777.9</AltitudeMeters>
          <DistanceMeters>25479.6</DistanceMeters>
        </Trackpoint>
        <Trackpoint>
          <Time>2027-05-09T08:42:07Z</Time>
          <Position>
            <LatitudeDegrees>42.2655600</LatitudeDegrees>
            <LongitudeDegrees>-4.4197100</LongitudeDegrees>
          </Position>
          <AltitudeMeters>778.3</AltitudeMeters>
          <DistanceMeters>25530.2</DistanceMeters>
        </Trackpoint>
        <Trackpoint>
          <Time>2027-05-09T08:42:19Z</Time>
          <Position>
            <LatitudeDegrees>42.2656200</LatitudeDegrees>
            <LongitudeDegrees>-4.4203200</LongitudeDegrees>
          </Position>
          <AltitudeMeters>778.4</AltitudeMeters>
          <DistanceMeters>25580.9</DistanceMeters>
        </Trackpoint>
        <Trackpoint>
          <Time>2027-05-09T08:42:31Z</Time>
          <Position>
            <LatitudeDegrees>42.2656800</LatitudeDegrees>
            <LongitudeDegrees>-4.4209400</LongitudeDegrees>
          </Position>
          <AltitudeMeters>778.1</AltitudeMeters>
          <DistanceMeters>25632.3</DistanceMeters>
        </Trackpoint>
        <Trackpoint>
          <Time>2027-05-09T08:42:43Z</Time>
          <Position>
            <LatitudeDegrees>42.2657400</LatitudeDegrees>
            <LongitudeDegrees>-4.4215500</LongitudeDegrees>
          </Position>
          <AltitudeMeters>777.6</AltitudeMeters>
          <DistanceMeters>25683.0</DistanceMeters>
        </Trackpoint>
        <Trackpoint>
          <Time>2027-05-09T08:42:56Z</Time>
          <Position>
            <LatitudeDegrees>42.2658000</LatitudeDegrees>
            <LongitudeDegrees>-4.4221600</LongitudeDegrees>
          </Position>
          <AltitudeMeters>776.9</AltitudeMeters>
          <DistanceMeters>25733.6</DistanceMeters>
        </Trackpoint>
        <Trackpoint>
          <Time>2027-05-09T08:43:08Z</Time>
          <Position>
            <LatitudeDegrees>42.2658600</LatitudeDegrees>
            <LongitudeDegrees>-4.4227700</LongitudeDegrees>
          </Position>
          <AltitudeMeters>776.1</AltitudeMeters>
          <DistanceMeters>25784.2</DistanceMeters>
        </Trackpoint>
        <Trackpoint>
          <Time>2027-05-09T08:43:20Z</Time>
          <Position>
            <LatitudeDegrees>42.2659200</LatitudeDegrees>
            <LongitudeDegrees>-4.4233800</LongitudeDegrees>
          </Position>
          <AltitudeMeters>775.7</AltitudeMeters>
          <DistanceMeters>25834.9</DistanceMeters>
        </Trackpoint>
        <Trackpoint>
          <Time>2027-05-09T08:43:32Z</Time>
          <Position>
            <LatitudeDegrees>42.2659800</LatitudeDegrees>
            <LongitudeDegrees>-4.4239900</LongitudeDegrees>
          </Position>
          <AltitudeMeters>775.5</AltitudeMeters>
          <DistanceMeters>25885.5</DistanceMeters>
        </Trackpoint>
        <Trackpoint>
          <Time>2027-05-09T08:43:44Z</Time>
          <Position>
            <LatitudeDegrees>42.2660400</LatitudeDegrees>
            <LongitudeDegrees>-4.4246100</LongitudeDegrees>
          </Position>
          <AltitudeMeters>775.5</AltitudeMeters>
          <DistanceMeters>25937.0</DistanceMeters>
        </Trackpoint>
        <Trackpoint>
          <Time>2027-05-09T08:43:57Z</Time>
          <Position>
            <LatitudeDegrees>42.2661000</LatitudeDegrees>
            <LongitudeDegrees>-4.4252200</LongitudeDegrees>
          </Position>
          <AltitudeMeters>775.6</AltitudeMeters>
          <DistanceMeters>25987.6</DistanceMeters>
        </Trackpoint>
        <Trackpoint>
          <Time>2027-05-09T08:44:09Z</Time>
          <Position>
            <LatitudeDegrees>42.2661600</LatitudeDegrees>
            <LongitudeDegrees>-4.4258300</LongitudeDegrees>
          </Position>
          <AltitudeMeters>775.8</AltitudeMeters>
          <DistanceMeters>26038.2</DistanceMeters>
        </Trackpoint>
        <Trackpoint>
          <Time>2027-05-09T08:44:21Z</Time>
          <Position>
            <LatitudeDegrees>42.2662200</LatitudeDegrees>
            <LongitudeDegrees>-4.4264400</LongitudeDegrees>
          </Position>
          <AltitudeMeters>775.9</AltitudeMeters>
          <DistanceMeters>26088.9</DistanceMeters>
        </Trackpoint>
        <Trackpoint>
          <Time>2027-05-09T08:44:33Z</Time>
          <Position>
            <LatitudeDegrees>42.2662800</LatitudeDegrees>
            <LongitudeDegrees>-4.4270500</LongitudeDegrees>
          </Position>
          <AltitudeMeters>775.9</AltitudeMeters>
          <DistanceMeters>26139.5</DistanceMeters>
        </Trackpoint>
        <Trackpoint>
          <Time>2027-05-09T08:44:45Z</Time>
          <Position>
            <LatitudeDegrees>42.2663400</LatitudeDegrees>
            <LongitudeDegrees>-4.4276600</LongitudeDegrees>
          </Position>
          <AltitudeMeters>776.0</AltitudeMeters>
          <DistanceMeters>26190.2</DistanceMeters>
        </Trackpoint>
        <Trackpoint>
          <Time>2027-05-09T08:44:57Z</Time>
          <Position>
            <LatitudeDegrees>42.2664000</LatitudeDegrees>
            <LongitudeDegrees>-4.4282800</LongitudeDegrees>
          </Position>
          <AltitudeMeters>776.2</AltitudeMeters>
          <DistanceMeters>26241.6</DistanceMeters>
        </Trackpoint>
        <Trackpoint>
          <Time>2027-05-09T08:45:10Z</Time>
          <Position>
            <LatitudeDegrees>42.2664500</LatitudeDegrees>
            <LongitudeDegrees>-4.4288900</LongitudeDegrees>
          </Position>
          <AltitudeMeters>776.4</AltitudeMeters>
          <DistanceMeters>26292.1</DistanceMeters>
        </Trackpoint>
        <Trackpoint>
          <Time>2027-05-09T08:45:22Z</Time>
          <Position>
            <LatitudeDegrees>42.2665100</LatitudeDegrees>
            <LongitudeDegrees>-4.4295000</LongitudeDegrees>
          </Position>
          <AltitudeMeters>776.7</AltitudeMeters>
          <DistanceMeters>26342.7</DistanceMeters>
        </Trackpoint>
        <Trackpoint>
          <Time>2027-05-09T08:45:34Z</Time>
          <Position>
            <LatitudeDegrees>42.2665700</LatitudeDegrees>
            <LongitudeDegrees>-4.4301100</LongitudeDegrees>
          </Position>
          <AltitudeMeters>776.8</AltitudeMeters>
          <DistanceMeters>26393.4</DistanceMeters>
        </Trackpoint>
        <Trackpoint>
          <Time>2027-05-09T08:45:46Z</Time>
          <Position>
            <LatitudeDegrees>42.2666300</LatitudeDegrees>
            <LongitudeDegrees>-4.4307200</LongitudeDegrees>
          </Position>
          <AltitudeMeters>776.6</AltitudeMeters>
          <DistanceMeters>26444.0</DistanceMeters>
        </Trackpoint>
        <Trackpoint>
          <Time>2027-05-09T08:45:58Z</Time>
          <Position>
            <LatitudeDegrees>42.2666900</LatitudeDegrees>
            <LongitudeDegrees>-4.4313300</LongitudeDegrees>
          </Position>
          <AltitudeMeters>776.3</AltitudeMeters>
          <DistanceMeters>26494.7</DistanceMeters>
        </Trackpoint>
        <Trackpoint>
          <Time>2027-05-09T08:46:11Z</Time>
          <Position>
            <LatitudeDegrees>42.2667500</LatitudeDegrees>
            <LongitudeDegrees>-4.4319500</LongitudeDegrees>
          </Position>
          <AltitudeMeters>776.1</AltitudeMeters>
          <DistanceMeters>26546.1</DistanceMeters>
        </Trackpoint>
        <Trackpoint>
          <Time>2027-05-09T08:46:23Z</Time>
          <Position>
            <LatitudeDegrees>42.2668100</LatitudeDegrees>
            <LongitudeDegrees>-4.4325600</LongitudeDegrees>
          </Position>
          <AltitudeMeters>775.9</AltitudeMeters>
          <DistanceMeters>26596.7</DistanceMeters>
        </Trackpoint>
        <Trackpoint>
          <Time>2027-05-09T08:46:35Z</Time>
          <Position>
            <LatitudeDegrees>42.2668700</LatitudeDegrees>
            <LongitudeDegrees>-4.4331700</LongitudeDegrees>
          </Position>
          <AltitudeMeters>776.0</AltitudeMeters>
          <DistanceMeters>26647.4</DistanceMeters>
        </Trackpoint>
        <Trackpoint>
          <Time>2027-05-09T08:46:47Z</Time>
          <Position>
            <LatitudeDegrees>42.2669300</LatitudeDegrees>
            <LongitudeDegrees>-4.4337800</LongitudeDegrees>
          </Position>
          <AltitudeMeters>776.3</AltitudeMeters>
          <DistanceMeters>26698.0</DistanceMeters>
        </Trackpoint>
        <Trackpoint>
          <Time>2027-05-09T08:46:59Z</Time>
          <Position>
            <LatitudeDegrees>42.2669900</LatitudeDegrees>
            <LongitudeDegrees>-4.4343900</LongitudeDegrees>
          </Position>
          <AltitudeMeters>776.5</AltitudeMeters>
          <DistanceMeters>26748.7</DistanceMeters>
        </Trackpoint>
        <Trackpoint>
          <Time>2027-05-09T08:47:11Z</Time>
          <Position>
            <LatitudeDegrees>42.2670500</LatitudeDegrees>
            <LongitudeDegrees>-4.4350000</LongitudeDegrees>
          </Position>
          <AltitudeMeters>777.0</AltitudeMeters>
          <DistanceMeters>26799.3</DistanceMeters>
        </Trackpoint>
        <Trackpoint>
          <Time>2027-05-09T08:47:24Z</Time>
          <Position>
            <LatitudeDegrees>42.2671100</LatitudeDegrees>
            <LongitudeDegrees>-4.4356200</LongitudeDegrees>
          </Position>
          <AltitudeMeters>777.7</AltitudeMeters>
          <DistanceMeters>26850.7</DistanceMeters>
        </Trackpoint>
        <Trackpoint>
          <Time>2027-05-09T08:47:36Z</Time>
          <Position>
            <LatitudeDegrees>42.2671700</LatitudeDegrees>
            <LongitudeDegrees>-4.4362300</LongitudeDegrees>
          </Position>
          <AltitudeMeters>778.1</AltitudeMeters>
          <DistanceMeters>26901.4</DistanceMeters>
        </Trackpoint>
        <Trackpoint>
          <Time>2027-05-09T08:47:48Z</Time>
          <Position>
            <LatitudeDegrees>42.2672300</LatitudeDegrees>
            <LongitudeDegrees>-4.4368400</LongitudeDegrees>
          </Position>
          <AltitudeMeters>778.6</AltitudeMeters>
          <DistanceMeters>26952.0</DistanceMeters>
        </Trackpoint>
        <Trackpoint>
          <Time>2027-05-09T08:48:00Z</Time>
          <Position>
            <LatitudeDegrees>42.2672900</LatitudeDegrees>
            <LongitudeDegrees>-4.4374500</LongitudeDegrees>
          </Position>
          <AltitudeMeters>779.3</AltitudeMeters>
          <DistanceMeters>27002.6</DistanceMeters>
        </Trackpoint>
        <Trackpoint>
          <Time>2027-05-09T08:48:13Z</Time>
          <Position>
            <LatitudeDegrees>42.2673500</LatitudeDegrees>
            <LongitudeDegrees>-4.4381000</LongitudeDegrees>
          </Position>
          <AltitudeMeters>779.7</AltitudeMeters>
          <DistanceMeters>27056.5</DistanceMeters>
        </Trackpoint>
        <Trackpoint>
          <Time>2027-05-09T08:48:26Z</Time>
          <Position>
            <LatitudeDegrees>42.2674100</LatitudeDegrees>
            <LongitudeDegrees>-4.4387600</LongitudeDegrees>
          </Position>
          <AltitudeMeters>779.9</AltitudeMeters>
          <DistanceMeters>27111.3</DistanceMeters>
        </Trackpoint>
        <Trackpoint>
          <Time>2027-05-09T08:48:39Z</Time>
          <Position>
            <LatitudeDegrees>42.2674800</LatitudeDegrees>
            <LongitudeDegrees>-4.4394100</LongitudeDegrees>
          </Position>
          <AltitudeMeters>780.3</AltitudeMeters>
          <DistanceMeters>27165.3</DistanceMeters>
        </Trackpoint>
        <Trackpoint>
          <Time>2027-05-09T08:48:52Z</Time>
          <Position>
            <LatitudeDegrees>42.2675400</LatitudeDegrees>
            <LongitudeDegrees>-4.4400600</LongitudeDegrees>
          </Position>
          <AltitudeMeters>780.8</AltitudeMeters>
          <DistanceMeters>27219.2</DistanceMeters>
        </Trackpoint>
        <Trackpoint>
          <Time>2027-05-09T08:49:05Z</Time>
          <Position>
            <LatitudeDegrees>42.2676000</LatitudeDegrees>
            <LongitudeDegrees>-4.4407200</LongitudeDegrees>
          </Position>
          <AltitudeMeters>781.3</AltitudeMeters>
          <DistanceMeters>27273.9</DistanceMeters>
        </Trackpoint>
        <Trackpoint>
          <Time>2027-05-09T08:49:18Z</Time>
          <Position>
            <LatitudeDegrees>42.2676600</LatitudeDegrees>
            <LongitudeDegrees>-4.4413700</LongitudeDegrees>
          </Position>
          <AltitudeMeters>781.6</AltitudeMeters>
          <DistanceMeters>27327.8</DistanceMeters>
        </Trackpoint>
        <Trackpoint>
          <Time>2027-05-09T08:49:34Z</Time>
          <Position>
            <LatitudeDegrees>42.2677200</LatitudeDegrees>
            <LongitudeDegrees>-4.4421800</LongitudeDegrees>
          </Position>
          <AltitudeMeters>781.5</AltitudeMeters>
          <DistanceMeters>27394.8</DistanceMeters>
        </Trackpoint>
        <Trackpoint>
          <Time>2027-05-09T08:49:35Z</Time>
          <Position>
            <LatitudeDegrees>42.2676800</LatitudeDegrees>
            <LongitudeDegrees>-4.4421900</LongitudeDegrees>
          </Position>
          <AltitudeMeters>781.2</AltitudeMeters>
          <DistanceMeters>27399.3</DistanceMeters>
        </Trackpoint>
        <Trackpoint>
          <Time>2027-05-09T08:49:49Z</Time>
          <Position>
            <LatitudeDegrees>42.2679900</LatitudeDegrees>
            <LongitudeDegrees>-4.4427500</LongitudeDegrees>
          </Position>
          <AltitudeMeters>780.7</AltitudeMeters>
          <DistanceMeters>27456.9</DistanceMeters>
        </Trackpoint>
        <Trackpoint>
          <Time>2027-05-09T08:50:03Z</Time>
          <Position>
            <LatitudeDegrees>42.2683000</LatitudeDegrees>
            <LongitudeDegrees>-4.4433200</LongitudeDegrees>
          </Position>
          <AltitudeMeters>780.1</AltitudeMeters>
          <DistanceMeters>27515.1</DistanceMeters>
        </Trackpoint>
        <Trackpoint>
          <Time>2027-05-09T08:50:17Z</Time>
          <Position>
            <LatitudeDegrees>42.2686100</LatitudeDegrees>
            <LongitudeDegrees>-4.4438800</LongitudeDegrees>
          </Position>
          <AltitudeMeters>779.7</AltitudeMeters>
          <DistanceMeters>27572.6</DistanceMeters>
        </Trackpoint>
        <Trackpoint>
          <Time>2027-05-09T08:50:31Z</Time>
          <Position>
            <LatitudeDegrees>42.2689200</LatitudeDegrees>
            <LongitudeDegrees>-4.4444500</LongitudeDegrees>
          </Position>
          <AltitudeMeters>779.7</AltitudeMeters>
          <DistanceMeters>27630.8</DistanceMeters>
        </Trackpoint>
        <Trackpoint>
          <Time>2027-05-09T08:50:45Z</Time>
          <Position>
            <LatitudeDegrees>42.2692300</LatitudeDegrees>
            <LongitudeDegrees>-4.4450100</LongitudeDegrees>
          </Position>
          <AltitudeMeters>780.1</AltitudeMeters>
          <DistanceMeters>27688.4</DistanceMeters>
        </Trackpoint>
        <Trackpoint>
          <Time>2027-05-09T08:50:47Z</Time>
          <Position>
            <LatitudeDegrees>42.2691800</LatitudeDegrees>
            <LongitudeDegrees>-4.4450800</LongitudeDegrees>
          </Position>
          <AltitudeMeters>780.5</AltitudeMeters>
          <DistanceMeters>27696.4</DistanceMeters>
        </Trackpoint>
        <Trackpoint>
          <Time>2027-05-09T08:50:55Z</Time>
          <Position>
            <LatitudeDegrees>42.2693500</LatitudeDegrees>
            <LongitudeDegrees>-4.4454100</LongitudeDegrees>
          </Position>
          <AltitudeMeters>780.5</AltitudeMeters>
          <DistanceMeters>27729.5</DistanceMeters>
        </Trackpoint>
        <Trackpoint>
          <Time>2027-05-09T08:51:04Z</Time>
          <Position>
            <LatitudeDegrees>42.2692000</LatitudeDegrees>
            <LongitudeDegrees>-4.4458200</LongitudeDegrees>
          </Position>
          <AltitudeMeters>779.8</AltitudeMeters>
          <DistanceMeters>27767.1</DistanceMeters>
        </Trackpoint>
        <Trackpoint>
          <Time>2027-05-09T08:51:22Z</Time>
          <Position>
            <LatitudeDegrees>42.2690000</LatitudeDegrees>
            <LongitudeDegrees>-4.4466900</LongitudeDegrees>
          </Position>
          <AltitudeMeters>779.4</AltitudeMeters>
          <DistanceMeters>27842.1</DistanceMeters>
        </Trackpoint>
        <Trackpoint>
          <Time>2027-05-09T08:51:39Z</Time>
          <Position>
            <LatitudeDegrees>42.2687900</LatitudeDegrees>
            <LongitudeDegrees>-4.4475500</LongitudeDegrees>
          </Position>
          <AltitudeMeters>778.2</AltitudeMeters>
          <DistanceMeters>27916.6</DistanceMeters>
        </Trackpoint>
        <Trackpoint>
          <Time>2027-05-09T08:51:45Z</Time>
          <Position>
            <LatitudeDegrees>42.2689700</LatitudeDegrees>
            <LongitudeDegrees>-4.4474300</LongitudeDegrees>
          </Position>
          <AltitudeMeters>777.0</AltitudeMeters>
          <DistanceMeters>27938.9</DistanceMeters>
        </Trackpoint>
        <Trackpoint>
          <Time>2027-05-09T08:52:02Z</Time>
          <Position>
            <LatitudeDegrees>42.2692100</LatitudeDegrees>
            <LongitudeDegrees>-4.4482200</LongitudeDegrees>
          </Position>
          <AltitudeMeters>776.2</AltitudeMeters>
          <DistanceMeters>28009.2</DistanceMeters>
        </Trackpoint>
        <Trackpoint>
          <Time>2027-05-09T08:52:07Z</Time>
          <Position>
            <LatitudeDegrees>42.2693200</LatitudeDegrees>
            <LongitudeDegrees>-4.4484300</LongitudeDegrees>
          </Position>
          <AltitudeMeters>775.9</AltitudeMeters>
          <DistanceMeters>28030.4</DistanceMeters>
        </Trackpoint>
        <Trackpoint>
          <Time>2027-05-09T08:52:13Z</Time>
          <Position>
            <LatitudeDegrees>42.2695000</LatitudeDegrees>
            <LongitudeDegrees>-4.4486100</LongitudeDegrees>
          </Position>
          <AltitudeMeters>775.3</AltitudeMeters>
          <DistanceMeters>28055.3</DistanceMeters>
        </Trackpoint>
        <Trackpoint>
          <Time>2027-05-09T08:52:17Z</Time>
          <Position>
            <LatitudeDegrees>42.2693700</LatitudeDegrees>
            <LongitudeDegrees>-4.4487000</LongitudeDegrees>
          </Position>
          <AltitudeMeters>775.1</AltitudeMeters>
          <DistanceMeters>28071.5</DistanceMeters>
        </Trackpoint>
        <Trackpoint>
          <Time>2027-05-09T08:52:26Z</Time>
          <Position>
            <LatitudeDegrees>42.2691600</LatitudeDegrees>
            <LongitudeDegrees>-4.4490700</LongitudeDegrees>
          </Position>
          <AltitudeMeters>774.9</AltitudeMeters>
          <DistanceMeters>28109.9</DistanceMeters>
        </Trackpoint>
        <Trackpoint>
          <Time>2027-05-09T08:52:29Z</Time>
          <Position>
            <LatitudeDegrees>42.2691000</LatitudeDegrees>
            <LongitudeDegrees>-4.4492000</LongitudeDegrees>
          </Position>
          <AltitudeMeters>774.6</AltitudeMeters>
          <DistanceMeters>28122.5</DistanceMeters>
        </Trackpoint>
        <Trackpoint>
          <Time>2027-05-09T08:52:32Z</Time>
          <Position>
            <LatitudeDegrees>42.2691100</LatitudeDegrees>
            <LongitudeDegrees>-4.4493600</LongitudeDegrees>
          </Position>
          <AltitudeMeters>774.3</AltitudeMeters>
          <DistanceMeters>28135.7</DistanceMeters>
        </Trackpoint>
        <Trackpoint>
          <Time>2027-05-09T08:52:52Z</Time>
          <Position>
            <LatitudeDegrees>42.2687100</LatitudeDegrees>
            <LongitudeDegrees>-4.4502100</LongitudeDegrees>
          </Position>
          <AltitudeMeters>774.1</AltitudeMeters>
          <DistanceMeters>28218.6</DistanceMeters>
        </Trackpoint>
        <Trackpoint>
          <Time>2027-05-09T08:53:03Z</Time>
          <Position>
            <LatitudeDegrees>42.2686300</LatitudeDegrees>
            <LongitudeDegrees>-4.4507800</LongitudeDegrees>
          </Position>
          <AltitudeMeters>774.1</AltitudeMeters>
          <DistanceMeters>28266.3</DistanceMeters>
        </Trackpoint>
        <Trackpoint>
          <Time>2027-05-09T08:53:12Z</Time>
          <Position>
            <LatitudeDegrees>42.2687200</LatitudeDegrees>
            <LongitudeDegrees>-4.4512200</LongitudeDegrees>
          </Position>
          <AltitudeMeters>774.3</AltitudeMeters>
          <DistanceMeters>28303.9</DistanceMeters>
        </Trackpoint>
        <Trackpoint>
          <Time>2027-05-09T08:53:26Z</Time>
          <Position>
            <LatitudeDegrees>42.2689400</LatitudeDegrees>
            <LongitudeDegrees>-4.4518400</LongitudeDegrees>
          </Position>
          <AltitudeMeters>774.6</AltitudeMeters>
          <DistanceMeters>28360.4</DistanceMeters>
        </Trackpoint>
        <Trackpoint>
          <Time>2027-05-09T08:53:29Z</Time>
          <Position>
            <LatitudeDegrees>42.2690400</LatitudeDegrees>
            <LongitudeDegrees>-4.4518800</LongitudeDegrees>
          </Position>
          <AltitudeMeters>775.0</AltitudeMeters>
          <DistanceMeters>28372.0</DistanceMeters>
        </Trackpoint>
        <Trackpoint>
          <Time>2027-05-09T08:53:47Z</Time>
          <Position>
            <LatitudeDegrees>42.2693500</LatitudeDegrees>
            <LongitudeDegrees>-4.4526800</LongitudeDegrees>
          </Position>
          <AltitudeMeters>775.3</AltitudeMeters>
          <DistanceMeters>28446.3</DistanceMeters>
        </Trackpoint>
        <Trackpoint>
          <Time>2027-05-09T08:53:59Z</Time>
          <Position>
            <LatitudeDegrees>42.2695600</LatitudeDegrees>
            <LongitudeDegrees>-4.4532500</LongitudeDegrees>
          </Position>
          <AltitudeMeters>775.3</AltitudeMeters>
          <DistanceMeters>28498.7</DistanceMeters>
        </Trackpoint>
        <Trackpoint>
          <Time>2027-05-09T08:54:12Z</Time>
          <Position>
            <LatitudeDegrees>42.2697800</LatitudeDegrees>
            <LongitudeDegrees>-4.4538300</LongitudeDegrees>
          </Position>
          <AltitudeMeters>775.3</AltitudeMeters>
          <DistanceMeters>28552.4</DistanceMeters>
        </Trackpoint>
        <Trackpoint>
          <Time>2027-05-09T08:54:25Z</Time>
          <Position>
            <LatitudeDegrees>42.2699900</LatitudeDegrees>
            <LongitudeDegrees>-4.4544000</LongitudeDegrees>
          </Position>
          <AltitudeMeters>775.4</AltitudeMeters>
          <DistanceMeters>28604.8</DistanceMeters>
        </Trackpoint>
        <Trackpoint>
          <Time>2027-05-09T08:54:38Z</Time>
          <Position>
            <LatitudeDegrees>42.2702100</LatitudeDegrees>
            <LongitudeDegrees>-4.4549800</LongitudeDegrees>
          </Position>
          <AltitudeMeters>775.4</AltitudeMeters>
          <DistanceMeters>28658.4</DistanceMeters>
        </Trackpoint>
        <Trackpoint>
          <Time>2027-05-09T08:54:50Z</Time>
          <Position>
            <LatitudeDegrees>42.2704200</LatitudeDegrees>
            <LongitudeDegrees>-4.4555500</LongitudeDegrees>
          </Position>
          <AltitudeMeters>775.5</AltitudeMeters>
          <DistanceMeters>28710.8</DistanceMeters>
        </Trackpoint>
        <Trackpoint>
          <Time>2027-05-09T08:55:03Z</Time>
          <Position>
            <LatitudeDegrees>42.2706400</LatitudeDegrees>
            <LongitudeDegrees>-4.4561200</LongitudeDegrees>
          </Position>
          <AltitudeMeters>775.6</AltitudeMeters>
          <DistanceMeters>28763.7</DistanceMeters>
        </Trackpoint>
        <Trackpoint>
          <Time>2027-05-09T08:55:16Z</Time>
          <Position>
            <LatitudeDegrees>42.2708500</LatitudeDegrees>
            <LongitudeDegrees>-4.4567000</LongitudeDegrees>
          </Position>
          <AltitudeMeters>775.5</AltitudeMeters>
          <DistanceMeters>28816.8</DistanceMeters>
        </Trackpoint>
        <Trackpoint>
          <Time>2027-05-09T08:55:28Z</Time>
          <Position>
            <LatitudeDegrees>42.2710700</LatitudeDegrees>
            <LongitudeDegrees>-4.4572700</LongitudeDegrees>
          </Position>
          <AltitudeMeters>775.1</AltitudeMeters>
          <DistanceMeters>28869.7</DistanceMeters>
        </Trackpoint>
        <Trackpoint>
          <Time>2027-05-09T08:55:41Z</Time>
          <Position>
            <LatitudeDegrees>42.2712800</LatitudeDegrees>
            <LongitudeDegrees>-4.4578400</LongitudeDegrees>
          </Position>
          <AltitudeMeters>774.8</AltitudeMeters>
          <DistanceMeters>28922.1</DistanceMeters>
        </Trackpoint>
        <Trackpoint>
          <Time>2027-05-09T08:55:54Z</Time>
          <Position>
            <LatitudeDegrees>42.2714900</LatitudeDegrees>
            <LongitudeDegrees>-4.4584200</LongitudeDegrees>
          </Position>
          <AltitudeMeters>774.5</AltitudeMeters>
          <DistanceMeters>28975.2</DistanceMeters>
        </Trackpoint>
        <Trackpoint>
          <Time>2027-05-09T08:56:06Z</Time>
          <Position>
            <LatitudeDegrees>42.2717100</LatitudeDegrees>
            <LongitudeDegrees>-4.4589900</LongitudeDegrees>
          </Position>
          <AltitudeMeters>774.4</AltitudeMeters>
          <DistanceMeters>29028.1</DistanceMeters>
        </Trackpoint>
        <Trackpoint>
          <Time>2027-05-09T08:56:19Z</Time>
          <Position>
            <LatitudeDegrees>42.2719200</LatitudeDegrees>
            <LongitudeDegrees>-4.4595600</LongitudeDegrees>
          </Position>
          <AltitudeMeters>774.4</AltitudeMeters>
          <DistanceMeters>29080.5</DistanceMeters>
        </Trackpoint>
        <Trackpoint>
          <Time>2027-05-09T08:56:32Z</Time>
          <Position>
            <LatitudeDegrees>42.2721400</LatitudeDegrees>
            <LongitudeDegrees>-4.4601400</LongitudeDegrees>
          </Position>
          <AltitudeMeters>774.6</AltitudeMeters>
          <DistanceMeters>29134.1</DistanceMeters>
        </Trackpoint>
        <Trackpoint>
          <Time>2027-05-09T08:56:44Z</Time>
          <Position>
            <LatitudeDegrees>42.2723500</LatitudeDegrees>
            <LongitudeDegrees>-4.4607100</LongitudeDegrees>
          </Position>
          <AltitudeMeters>774.8</AltitudeMeters>
          <DistanceMeters>29186.5</DistanceMeters>
        </Trackpoint>
        <Trackpoint>
          <Time>2027-05-09T08:56:57Z</Time>
          <Position>
            <LatitudeDegrees>42.2725700</LatitudeDegrees>
            <LongitudeDegrees>-4.4612900</LongitudeDegrees>
          </Position>
          <AltitudeMeters>774.9</AltitudeMeters>
          <DistanceMeters>29240.2</DistanceMeters>
        </Trackpoint>
        <Trackpoint>
          <Time>2027-05-09T08:57:10Z</Time>
          <Position>
            <LatitudeDegrees>42.2727800</LatitudeDegrees>
            <LongitudeDegrees>-4.4618600</LongitudeDegrees>
          </Position>
          <AltitudeMeters>775.3</AltitudeMeters>
          <DistanceMeters>29292.6</DistanceMeters>
        </Trackpoint>
        <Trackpoint>
          <Time>2027-05-09T08:57:33Z</Time>
          <Position>
            <LatitudeDegrees>42.2732300</LatitudeDegrees>
            <LongitudeDegrees>-4.4628600</LongitudeDegrees>
          </Position>
          <AltitudeMeters>775.9</AltitudeMeters>
          <DistanceMeters>29388.9</DistanceMeters>
        </Trackpoint>
        <Trackpoint>
          <Time>2027-05-09T08:57:56Z</Time>
          <Position>
            <LatitudeDegrees>42.2737700</LatitudeDegrees>
            <LongitudeDegrees>-4.4638000</LongitudeDegrees>
          </Position>
          <AltitudeMeters>776.7</AltitudeMeters>
          <DistanceMeters>29486.8</DistanceMeters>
        </Trackpoint>
        <Trackpoint>
          <Time>2027-05-09T08:58:09Z</Time>
          <Position>
            <LatitudeDegrees>42.2740700</LatitudeDegrees>
            <LongitudeDegrees>-4.4642700</LongitudeDegrees>
          </Position>
          <AltitudeMeters>777.7</AltitudeMeters>
          <DistanceMeters>29537.8</DistanceMeters>
        </Trackpoint>
        <Trackpoint>
          <Time>2027-05-09T08:58:21Z</Time>
          <Position>
            <LatitudeDegrees>42.2743600</LatitudeDegrees>
            <LongitudeDegrees>-4.4647300</LongitudeDegrees>
          </Position>
          <AltitudeMeters>778.6</AltitudeMeters>
          <DistanceMeters>29587.6</DistanceMeters>
        </Trackpoint>
        <Trackpoint>
          <Time>2027-05-09T08:58:33Z</Time>
          <Position>
            <LatitudeDegrees>42.2746600</LatitudeDegrees>
            <LongitudeDegrees>-4.4652000</LongitudeDegrees>
          </Position>
          <AltitudeMeters>779.0</AltitudeMeters>
          <DistanceMeters>29638.6</DistanceMeters>
        </Trackpoint>
        <Trackpoint>
          <Time>2027-05-09T08:58:45Z</Time>
          <Position>
            <LatitudeDegrees>42.2749500</LatitudeDegrees>
            <LongitudeDegrees>-4.4656700</LongitudeDegrees>
          </Position>
          <AltitudeMeters>779.0</AltitudeMeters>
          <DistanceMeters>29689.0</DistanceMeters>
        </Trackpoint>
        <Trackpoint>
          <Time>2027-05-09T08:58:57Z</Time>
          <Position>
            <LatitudeDegrees>42.2752500</LatitudeDegrees>
            <LongitudeDegrees>-4.4661400</LongitudeDegrees>
          </Position>
          <AltitudeMeters>778.9</AltitudeMeters>
          <DistanceMeters>29740.0</DistanceMeters>
        </Trackpoint>
        <Trackpoint>
          <Time>2027-05-09T08:59:09Z</Time>
          <Position>
            <LatitudeDegrees>42.2755400</LatitudeDegrees>
            <LongitudeDegrees>-4.4666000</LongitudeDegrees>
          </Position>
          <AltitudeMeters>778.4</AltitudeMeters>
          <DistanceMeters>29789.8</DistanceMeters>
        </Trackpoint>
        <Trackpoint>
          <Time>2027-05-09T08:59:21Z</Time>
          <Position>
            <LatitudeDegrees>42.2758400</LatitudeDegrees>
            <LongitudeDegrees>-4.4670700</LongitudeDegrees>
          </Position>
          <AltitudeMeters>777.8</AltitudeMeters>
          <DistanceMeters>29840.8</DistanceMeters>
        </Trackpoint>
        <Trackpoint>
          <Time>2027-05-09T08:59:34Z</Time>
          <Position>
            <LatitudeDegrees>42.2761400</LatitudeDegrees>
            <LongitudeDegrees>-4.4675400</LongitudeDegrees>
          </Position>
          <AltitudeMeters>777.4</AltitudeMeters>
          <DistanceMeters>29891.9</DistanceMeters>
        </Trackpoint>
        <Trackpoint>
          <Time>2027-05-09T08:59:46Z</Time>
          <Position>
            <LatitudeDegrees>42.2764300</LatitudeDegrees>
            <LongitudeDegrees>-4.4680100</LongitudeDegrees>
          </Position>
          <AltitudeMeters>777.2</AltitudeMeters>
          <DistanceMeters>29942.3</DistanceMeters>
        </Trackpoint>
        <Trackpoint>
          <Time>2027-05-09T08:59:58Z</Time>
          <Position>
            <LatitudeDegrees>42.2767300</LatitudeDegrees>
            <LongitudeDegrees>-4.4684700</LongitudeDegrees>
          </Position>
          <AltitudeMeters>777.2</AltitudeMeters>
          <DistanceMeters>29992.7</DistanceMeters>
        </Trackpoint>
        <Trackpoint>
          <Time>2027-05-09T09:00:10Z</Time>
          <Position>
            <LatitudeDegrees>42.2770200</LatitudeDegrees>
            <LongitudeDegrees>-4.4689400</LongitudeDegrees>
          </Position>
          <AltitudeMeters>777.5</AltitudeMeters>
          <DistanceMeters>30043.1</DistanceMeters>
        </Trackpoint>
        <Trackpoint>
          <Time>2027-05-09T09:00:22Z</Time>
          <Position>
            <LatitudeDegrees>42.2773200</LatitudeDegrees>
            <LongitudeDegrees>-4.4694100</LongitudeDegrees>
          </Position>
          <AltitudeMeters>778.0</AltitudeMeters>
          <DistanceMeters>30094.1</DistanceMeters>
        </Trackpoint>
        <Trackpoint>
          <Time>2027-05-09T09:00:34Z</Time>
          <Position>
            <LatitudeDegrees>42.2776100</LatitudeDegrees>
            <LongitudeDegrees>-4.4698700</LongitudeDegrees>
          </Position>
          <AltitudeMeters>778.5</AltitudeMeters>
          <DistanceMeters>30143.8</DistanceMeters>
        </Trackpoint>
        <Trackpoint>
          <Time>2027-05-09T09:00:46Z</Time>
          <Position>
            <LatitudeDegrees>42.2779100</LatitudeDegrees>
            <LongitudeDegrees>-4.4703400</LongitudeDegrees>
          </Position>
          <AltitudeMeters>778.7</AltitudeMeters>
          <DistanceMeters>30194.9</DistanceMeters>
        </Trackpoint>
        <Trackpoint>
          <Time>2027-05-09T09:00:59Z</Time>
          <Position>
            <LatitudeDegrees>42.2782100</LatitudeDegrees>
            <LongitudeDegrees>-4.4708100</LongitudeDegrees>
          </Position>
          <AltitudeMeters>778.9</AltitudeMeters>
          <DistanceMeters>30246.0</DistanceMeters>
        </Trackpoint>
        <Trackpoint>
          <Time>2027-05-09T09:01:11Z</Time>
          <Position>
            <LatitudeDegrees>42.2785000</LatitudeDegrees>
            <LongitudeDegrees>-4.4712800</LongitudeDegrees>
          </Position>
          <AltitudeMeters>778.7</AltitudeMeters>
          <DistanceMeters>30296.3</DistanceMeters>
        </Trackpoint>
        <Trackpoint>
          <Time>2027-05-09T09:01:23Z</Time>
          <Position>
            <LatitudeDegrees>42.2788000</LatitudeDegrees>
            <LongitudeDegrees>-4.4717400</LongitudeDegrees>
          </Position>
          <AltitudeMeters>778.6</AltitudeMeters>
          <DistanceMeters>30346.8</DistanceMeters>
        </Trackpoint>
        <Trackpoint>
          <Time>2027-05-09T09:01:35Z</Time>
          <Position>
            <LatitudeDegrees>42.2790900</LatitudeDegrees>
            <LongitudeDegrees>-4.4722100</LongitudeDegrees>
          </Position>
          <AltitudeMeters>778.5</AltitudeMeters>
          <DistanceMeters>30397.1</DistanceMeters>
        </Trackpoint>
        <Trackpoint>
          <Time>2027-05-09T09:01:47Z</Time>
          <Position>
            <LatitudeDegrees>42.2793900</LatitudeDegrees>
            <LongitudeDegrees>-4.4726800</LongitudeDegrees>
          </Position>
          <AltitudeMeters>778.4</AltitudeMeters>
          <DistanceMeters>30448.2</DistanceMeters>
        </Trackpoint>
        <Trackpoint>
          <Time>2027-05-09T09:01:59Z</Time>
          <Position>
            <LatitudeDegrees>42.2796900</LatitudeDegrees>
            <LongitudeDegrees>-4.4731500</LongitudeDegrees>
          </Position>
          <AltitudeMeters>778.6</AltitudeMeters>
          <DistanceMeters>30499.3</DistanceMeters>
        </Trackpoint>
        <Trackpoint>
          <Time>2027-05-09T09:02:11Z</Time>
          <Position>
            <LatitudeDegrees>42.2799800</LatitudeDegrees>
            <LongitudeDegrees>-4.4736100</LongitudeDegrees>
          </Position>
          <AltitudeMeters>778.9</AltitudeMeters>
          <DistanceMeters>30549.0</DistanceMeters>
        </Trackpoint>
        <Trackpoint>
          <Time>2027-05-09T09:02:24Z</Time>
          <Position>
            <LatitudeDegrees>42.2802800</LatitudeDegrees>
            <LongitudeDegrees>-4.4740800</LongitudeDegrees>
          </Position>
          <AltitudeMeters>779.3</AltitudeMeters>
          <DistanceMeters>30600.1</DistanceMeters>
        </Trackpoint>
        <Trackpoint>
          <Time>2027-05-09T09:02:36Z</Time>
          <Position>
            <LatitudeDegrees>42.2805700</LatitudeDegrees>
            <LongitudeDegrees>-4.4745500</LongitudeDegrees>
          </Position>
          <AltitudeMeters>779.8</AltitudeMeters>
          <DistanceMeters>30650.4</DistanceMeters>
        </Trackpoint>
        <Trackpoint>
          <Time>2027-05-09T09:02:48Z</Time>
          <Position>
            <LatitudeDegrees>42.2808700</LatitudeDegrees>
            <LongitudeDegrees>-4.4750100</LongitudeDegrees>
          </Position>
          <AltitudeMeters>780.2</AltitudeMeters>
          <DistanceMeters>30700.8</DistanceMeters>
        </Trackpoint>
        <Trackpoint>
          <Time>2027-05-09T09:03:00Z</Time>
          <Position>
            <LatitudeDegrees>42.2811600</LatitudeDegrees>
            <LongitudeDegrees>-4.4754800</LongitudeDegrees>
          </Position>
          <AltitudeMeters>780.4</AltitudeMeters>
          <DistanceMeters>30751.2</DistanceMeters>
        </Trackpoint>
        <Trackpoint>
          <Time>2027-05-09T09:03:12Z</Time>
          <Position>
            <LatitudeDegrees>42.2814600</LatitudeDegrees>
            <LongitudeDegrees>-4.4759500</LongitudeDegrees>
          </Position>
          <AltitudeMeters>780.2</AltitudeMeters>
          <DistanceMeters>30802.3</DistanceMeters>
        </Trackpoint>
        <Trackpoint>
          <Time>2027-05-09T09:03:24Z</Time>
          <Position>
            <LatitudeDegrees>42.2817600</LatitudeDegrees>
            <LongitudeDegrees>-4.4764200</LongitudeDegrees>
          </Position>
          <AltitudeMeters>780.1</AltitudeMeters>
          <DistanceMeters>30853.3</DistanceMeters>
        </Trackpoint>
        <Trackpoint>
          <Time>2027-05-09T09:03:36Z</Time>
          <Position>
            <LatitudeDegrees>42.2820500</LatitudeDegrees>
            <LongitudeDegrees>-4.4768800</LongitudeDegrees>
          </Position>
          <AltitudeMeters>779.9</AltitudeMeters>
          <DistanceMeters>30903.0</DistanceMeters>
        </Trackpoint>
        <Trackpoint>
          <Time>2027-05-09T09:03:48Z</Time>
          <Position>
            <LatitudeDegrees>42.2823500</LatitudeDegrees>
            <LongitudeDegrees>-4.4773500</LongitudeDegrees>
          </Position>
          <AltitudeMeters>779.8</AltitudeMeters>
          <DistanceMeters>30954.1</DistanceMeters>
        </Trackpoint>
        <Trackpoint>
          <Time>2027-05-09T09:04:01Z</Time>
          <Position>
            <LatitudeDegrees>42.2826400</LatitudeDegrees>
            <LongitudeDegrees>-4.4778200</LongitudeDegrees>
          </Position>
          <AltitudeMeters>780.0</AltitudeMeters>
          <DistanceMeters>31004.5</DistanceMeters>
        </Trackpoint>
        <Trackpoint>
          <Time>2027-05-09T09:04:13Z</Time>
          <Position>
            <LatitudeDegrees>42.2829400</LatitudeDegrees>
            <LongitudeDegrees>-4.4782900</LongitudeDegrees>
          </Position>
          <AltitudeMeters>780.4</AltitudeMeters>
          <DistanceMeters>31055.5</DistanceMeters>
        </Trackpoint>
        <Trackpoint>
          <Time>2027-05-09T09:04:25Z</Time>
          <Position>
            <LatitudeDegrees>42.2832300</LatitudeDegrees>
            <LongitudeDegrees>-4.4787500</LongitudeDegrees>
          </Position>
          <AltitudeMeters>780.9</AltitudeMeters>
          <DistanceMeters>31105.2</DistanceMeters>
        </Trackpoint>
        <Trackpoint>
          <Time>2027-05-09T09:04:37Z</Time>
          <Position>
            <LatitudeDegrees>42.2835300</LatitudeDegrees>
            <LongitudeDegrees>-4.4792200</LongitudeDegrees>
          </Position>
          <AltitudeMeters>781.4</AltitudeMeters>
          <DistanceMeters>31156.3</DistanceMeters>
        </Trackpoint>
        <Trackpoint>
          <Time>2027-05-09T09:04:40Z</Time>
          <Position>
            <LatitudeDegrees>42.2835200</LatitudeDegrees>
            <LongitudeDegrees>-4.4793700</LongitudeDegrees>
          </Position>
          <AltitudeMeters>782.2</AltitudeMeters>
          <DistanceMeters>31168.7</DistanceMeters>
        </Trackpoint>
        <Trackpoint>
          <Time>2027-05-09T09:04:54Z</Time>
          <Position>
            <LatitudeDegrees>42.2839000</LatitudeDegrees>
            <LongitudeDegrees>-4.4798300</LongitudeDegrees>
          </Position>
          <AltitudeMeters>783.0</AltitudeMeters>
          <DistanceMeters>31225.4</DistanceMeters>
        </Trackpoint>
        <Trackpoint>
          <Time>2027-05-09T09:05:07Z</Time>
          <Position>
            <LatitudeDegrees>42.2842800</LatitudeDegrees>
            <LongitudeDegrees>-4.4803000</LongitudeDegrees>
          </Position>
          <AltitudeMeters>783.7</AltitudeMeters>
          <DistanceMeters>31282.7</DistanceMeters>
        </Trackpoint>
        <Trackpoint>
          <Time>2027-05-09T09:05:21Z</Time>
          <Position>
            <LatitudeDegrees>42.2846500</LatitudeDegrees>
            <LongitudeDegrees>-4.4807600</LongitudeDegrees>
          </Position>
          <AltitudeMeters>784.3</AltitudeMeters>
          <DistanceMeters>31338.6</DistanceMeters>
        </Trackpoint>
        <Trackpoint>
          <Time>2027-05-09T09:05:34Z</Time>
          <Position>
            <LatitudeDegrees>42.2850300</LatitudeDegrees>
            <LongitudeDegrees>-4.4812200</LongitudeDegrees>
          </Position>
          <AltitudeMeters>784.7</AltitudeMeters>
          <DistanceMeters>31395.3</DistanceMeters>
        </Trackpoint>
        <Trackpoint>
          <Time>2027-05-09T09:05:44Z</Time>
          <Position>
            <LatitudeDegrees>42.2852400</LatitudeDegrees>
            <LongitudeDegrees>-4.4816300</LongitudeDegrees>
          </Position>
          <AltitudeMeters>784.7</AltitudeMeters>
          <DistanceMeters>31436.3</DistanceMeters>
        </Trackpoint>
        <Trackpoint>
          <Time>2027-05-09T09:05:57Z</Time>
          <Position>
            <LatitudeDegrees>42.2856200</LatitudeDegrees>
            <LongitudeDegrees>-4.4820000</LongitudeDegrees>
          </Position>
          <AltitudeMeters>784.5</AltitudeMeters>
          <DistanceMeters>31488.4</DistanceMeters>
        </Trackpoint>
        <Trackpoint>
          <Time>2027-05-09T09:06:09Z</Time>
          <Position>
            <LatitudeDegrees>42.2859900</LatitudeDegrees>
            <LongitudeDegrees>-4.4823700</LongitudeDegrees>
          </Position>
          <AltitudeMeters>784.1</AltitudeMeters>
          <DistanceMeters>31539.6</DistanceMeters>
        </Trackpoint>
        <Trackpoint>
          <Time>2027-05-09T09:06:22Z</Time>
          <Position>
            <LatitudeDegrees>42.2863700</LatitudeDegrees>
            <LongitudeDegrees>-4.4827400</LongitudeDegrees>
          </Position>
          <AltitudeMeters>783.6</AltitudeMeters>
          <DistanceMeters>31591.7</DistanceMeters>
        </Trackpoint>
        <Trackpoint>
          <Time>2027-05-09T09:06:37Z</Time>
          <Position>
            <LatitudeDegrees>42.2867600</LatitudeDegrees>
            <LongitudeDegrees>-4.4833100</LongitudeDegrees>
          </Position>
          <AltitudeMeters>783.2</AltitudeMeters>
          <DistanceMeters>31655.5</DistanceMeters>
        </Trackpoint>
        <Trackpoint>
          <Time>2027-05-09T09:06:52Z</Time>
          <Position>
            <LatitudeDegrees>42.2871500</LatitudeDegrees>
            <LongitudeDegrees>-4.4838800</LongitudeDegrees>
          </Position>
          <AltitudeMeters>782.9</AltitudeMeters>
          <DistanceMeters>31719.4</DistanceMeters>
        </Trackpoint>
        <Trackpoint>
          <Time>2027-05-09T09:06:56Z</Time>
          <Position>
            <LatitudeDegrees>42.2872800</LatitudeDegrees>
            <LongitudeDegrees>-4.4838700</LongitudeDegrees>
          </Position>
          <AltitudeMeters>782.6</AltitudeMeters>
          <DistanceMeters>31733.9</DistanceMeters>
        </Trackpoint>
        <Trackpoint>
          <Time>2027-05-09T09:06:59Z</Time>
          <Position>
            <LatitudeDegrees>42.2871500</LatitudeDegrees>
            <LongitudeDegrees>-4.4838800</LongitudeDegrees>
          </Position>
          <AltitudeMeters>782.6</AltitudeMeters>
          <DistanceMeters>31748.4</DistanceMeters>
        </Trackpoint>
        <Trackpoint>
          <Time>2027-05-09T09:07:01Z</Time>
          <Position>
            <LatitudeDegrees>42.2872000</LatitudeDegrees>
            <LongitudeDegrees>-4.4839700</LongitudeDegrees>
          </Position>
          <AltitudeMeters>782.6</AltitudeMeters>
          <DistanceMeters>31757.6</DistanceMeters>
        </Trackpoint>
        <Trackpoint>
          <Time>2027-05-09T09:07:04Z</Time>
          <Position>
            <LatitudeDegrees>42.2872900</LatitudeDegrees>
            <LongitudeDegrees>-4.4839600</LongitudeDegrees>
          </Position>
          <AltitudeMeters>782.7</AltitudeMeters>
          <DistanceMeters>31767.7</DistanceMeters>
        </Trackpoint>
        <Trackpoint>
          <Time>2027-05-09T09:07:11Z</Time>
          <Position>
            <LatitudeDegrees>42.2874800</LatitudeDegrees>
            <LongitudeDegrees>-4.4842000</LongitudeDegrees>
          </Position>
          <AltitudeMeters>782.7</AltitudeMeters>
          <DistanceMeters>31796.6</DistanceMeters>
        </Trackpoint>
        <Trackpoint>
          <Time>2027-05-09T09:07:23Z</Time>
          <Position>
            <LatitudeDegrees>42.2877900</LatitudeDegrees>
            <LongitudeDegrees>-4.4846500</LongitudeDegrees>
          </Position>
          <AltitudeMeters>782.5</AltitudeMeters>
          <DistanceMeters>31847.2</DistanceMeters>
        </Trackpoint>
        <Trackpoint>
          <Time>2027-05-09T09:07:35Z</Time>
          <Position>
            <LatitudeDegrees>42.2881000</LatitudeDegrees>
            <LongitudeDegrees>-4.4851100</LongitudeDegrees>
          </Position>
          <AltitudeMeters>782.2</AltitudeMeters>
          <DistanceMeters>31898.3</DistanceMeters>
        </Trackpoint>
        <Trackpoint>
          <Time>2027-05-09T09:07:47Z</Time>
          <Position>
            <LatitudeDegrees>42.2884200</LatitudeDegrees>
            <LongitudeDegrees>-4.4855600</LongitudeDegrees>
          </Position>
          <AltitudeMeters>781.7</AltitudeMeters>
          <DistanceMeters>31949.7</DistanceMeters>
        </Trackpoint>
        <Trackpoint>
          <Time>2027-05-09T09:08:00Z</Time>
          <Position>
            <LatitudeDegrees>42.2887300</LatitudeDegrees>
            <LongitudeDegrees>-4.4860200</LongitudeDegrees>
          </Position>
          <AltitudeMeters>781.4</AltitudeMeters>
          <DistanceMeters>32000.9</DistanceMeters>
        </Trackpoint>
        <Trackpoint>
          <Time>2027-05-09T09:08:12Z</Time>
          <Position>
            <LatitudeDegrees>42.2890400</LatitudeDegrees>
            <LongitudeDegrees>-4.4864700</LongitudeDegrees>
          </Position>
          <AltitudeMeters>781.4</AltitudeMeters>
          <DistanceMeters>32051.5</DistanceMeters>
        </Trackpoint>
        <Trackpoint>
          <Time>2027-05-09T09:08:24Z</Time>
          <Position>
            <LatitudeDegrees>42.2893500</LatitudeDegrees>
            <LongitudeDegrees>-4.4869300</LongitudeDegrees>
          </Position>
          <AltitudeMeters>781.8</AltitudeMeters>
          <DistanceMeters>32102.6</DistanceMeters>
        </Trackpoint>
        <Trackpoint>
          <Time>2027-05-09T09:08:36Z</Time>
          <Position>
            <LatitudeDegrees>42.2896700</LatitudeDegrees>
            <LongitudeDegrees>-4.4873800</LongitudeDegrees>
          </Position>
          <AltitudeMeters>782.3</AltitudeMeters>
          <DistanceMeters>32154.0</DistanceMeters>
        </Trackpoint>
        <Trackpoint>
          <Time>2027-05-09T09:08:49Z</Time>
          <Position>
            <LatitudeDegrees>42.2899800</LatitudeDegrees>
            <LongitudeDegrees>-4.4878400</LongitudeDegrees>
          </Position>
          <AltitudeMeters>782.7</AltitudeMeters>
          <DistanceMeters>32205.2</DistanceMeters>
        </Trackpoint>
        <Trackpoint>
          <Time>2027-05-09T09:09:01Z</Time>
          <Position>
            <LatitudeDegrees>42.2902900</LatitudeDegrees>
            <LongitudeDegrees>-4.4882900</LongitudeDegrees>
          </Position>
          <AltitudeMeters>782.9</AltitudeMeters>
          <DistanceMeters>32255.8</DistanceMeters>
        </Trackpoint>
        <Trackpoint>
          <Time>2027-05-09T09:09:13Z</Time>
          <Position>
            <LatitudeDegrees>42.2906000</LatitudeDegrees>
            <LongitudeDegrees>-4.4887500</LongitudeDegrees>
          </Position>
          <AltitudeMeters>782.9</AltitudeMeters>
          <DistanceMeters>32306.9</DistanceMeters>
        </Trackpoint>
        <Trackpoint>
          <Time>2027-05-09T09:09:25Z</Time>
          <Position>
            <LatitudeDegrees>42.2909100</LatitudeDegrees>
            <LongitudeDegrees>-4.4892000</LongitudeDegrees>
          </Position>
          <AltitudeMeters>783.0</AltitudeMeters>
          <DistanceMeters>32357.5</DistanceMeters>
        </Trackpoint>
        <Trackpoint>
          <Time>2027-05-09T09:09:38Z</Time>
          <Position>
            <LatitudeDegrees>42.2912300</LatitudeDegrees>
            <LongitudeDegrees>-4.4896500</LongitudeDegrees>
          </Position>
          <AltitudeMeters>783.1</AltitudeMeters>
          <DistanceMeters>32408.9</DistanceMeters>
        </Trackpoint>
        <Trackpoint>
          <Time>2027-05-09T09:09:50Z</Time>
          <Position>
            <LatitudeDegrees>42.2915400</LatitudeDegrees>
            <LongitudeDegrees>-4.4901100</LongitudeDegrees>
          </Position>
          <AltitudeMeters>783.4</AltitudeMeters>
          <DistanceMeters>32460.0</DistanceMeters>
        </Trackpoint>
        <Trackpoint>
          <Time>2027-05-09T09:10:02Z</Time>
          <Position>
            <LatitudeDegrees>42.2918500</LatitudeDegrees>
            <LongitudeDegrees>-4.4905600</LongitudeDegrees>
          </Position>
          <AltitudeMeters>783.7</AltitudeMeters>
          <DistanceMeters>32510.6</DistanceMeters>
        </Trackpoint>
        <Trackpoint>
          <Time>2027-05-09T09:10:14Z</Time>
          <Position>
            <LatitudeDegrees>42.2921600</LatitudeDegrees>
            <LongitudeDegrees>-4.4910200</LongitudeDegrees>
          </Position>
          <AltitudeMeters>783.9</AltitudeMeters>
          <DistanceMeters>32561.8</DistanceMeters>
        </Trackpoint>
        <Trackpoint>
          <Time>2027-05-09T09:10:27Z</Time>
          <Position>
            <LatitudeDegrees>42.2924800</LatitudeDegrees>
            <LongitudeDegrees>-4.4914700</LongitudeDegrees>
          </Position>
          <AltitudeMeters>783.9</AltitudeMeters>
          <DistanceMeters>32613.2</DistanceMeters>
        </Trackpoint>
        <Trackpoint>
          <Time>2027-05-09T09:10:39Z</Time>
          <Position>
            <LatitudeDegrees>42.2927900</LatitudeDegrees>
            <LongitudeDegrees>-4.4919300</LongitudeDegrees>
          </Position>
          <AltitudeMeters>783.9</AltitudeMeters>
          <DistanceMeters>32664.3</DistanceMeters>
        </Trackpoint>
        <Trackpoint>
          <Time>2027-05-09T09:10:51Z</Time>
          <Position>
            <LatitudeDegrees>42.2931000</LatitudeDegrees>
            <LongitudeDegrees>-4.4923800</LongitudeDegrees>
          </Position>
          <AltitudeMeters>783.9</AltitudeMeters>
          <DistanceMeters>32714.9</DistanceMeters>
        </Trackpoint>
        <Trackpoint>
          <Time>2027-05-09T09:11:03Z</Time>
          <Position>
            <LatitudeDegrees>42.2934100</LatitudeDegrees>
            <LongitudeDegrees>-4.4928400</LongitudeDegrees>
          </Position>
          <AltitudeMeters>783.9</AltitudeMeters>
          <DistanceMeters>32766.1</DistanceMeters>
        </Trackpoint>
        <Trackpoint>
          <Time>2027-05-09T09:11:16Z</Time>
          <Position>
            <LatitudeDegrees>42.2937300</LatitudeDegrees>
            <LongitudeDegrees>-4.4932900</LongitudeDegrees>
          </Position>
          <AltitudeMeters>784.0</AltitudeMeters>
          <DistanceMeters>32817.4</DistanceMeters>
        </Trackpoint>
        <Trackpoint>
          <Time>2027-05-09T09:11:28Z</Time>
          <Position>
            <LatitudeDegrees>42.2940400</LatitudeDegrees>
            <LongitudeDegrees>-4.4937400</LongitudeDegrees>
          </Position>
          <AltitudeMeters>784.4</AltitudeMeters>
          <DistanceMeters>32868.0</DistanceMeters>
        </Trackpoint>
        <Trackpoint>
          <Time>2027-05-09T09:11:40Z</Time>
          <Position>
            <LatitudeDegrees>42.2943500</LatitudeDegrees>
            <LongitudeDegrees>-4.4942000</LongitudeDegrees>
          </Position>
          <AltitudeMeters>784.8</AltitudeMeters>
          <DistanceMeters>32919.2</DistanceMeters>
        </Trackpoint>
        <Trackpoint>
          <Time>2027-05-09T09:11:52Z</Time>
          <Position>
            <LatitudeDegrees>42.2946600</LatitudeDegrees>
            <LongitudeDegrees>-4.4946500</LongitudeDegrees>
          </Position>
          <AltitudeMeters>785.4</AltitudeMeters>
          <DistanceMeters>32969.8</DistanceMeters>
        </Trackpoint>
        <Trackpoint>
          <Time>2027-05-09T09:12:05Z</Time>
          <Position>
            <LatitudeDegrees>42.2949700</LatitudeDegrees>
            <LongitudeDegrees>-4.4951100</LongitudeDegrees>
          </Position>
          <AltitudeMeters>786.1</AltitudeMeters>
          <DistanceMeters>33021.0</DistanceMeters>
        </Trackpoint>
        <Trackpoint>
          <Time>2027-05-09T09:12:17Z</Time>
          <Position>
            <LatitudeDegrees>42.2952900</LatitudeDegrees>
            <LongitudeDegrees>-4.4955600</LongitudeDegrees>
          </Position>
          <AltitudeMeters>786.8</AltitudeMeters>
          <DistanceMeters>33072.3</DistanceMeters>
        </Trackpoint>
        <Trackpoint>
          <Time>2027-05-09T09:12:29Z</Time>
          <Position>
            <LatitudeDegrees>42.2956000</LatitudeDegrees>
            <LongitudeDegrees>-4.4960200</LongitudeDegrees>
          </Position>
          <AltitudeMeters>787.3</AltitudeMeters>
          <DistanceMeters>33123.5</DistanceMeters>
        </Trackpoint>
        <Trackpoint>
          <Time>2027-05-09T09:12:41Z</Time>
          <Position>
            <LatitudeDegrees>42.2959100</LatitudeDegrees>
            <LongitudeDegrees>-4.4964700</LongitudeDegrees>
          </Position>
          <AltitudeMeters>788.0</AltitudeMeters>
          <DistanceMeters>33174.1</DistanceMeters>
        </Trackpoint>
        <Trackpoint>
          <Time>2027-05-09T09:12:54Z</Time>
          <Position>
            <LatitudeDegrees>42.2962200</LatitudeDegrees>
            <LongitudeDegrees>-4.4969300</LongitudeDegrees>
          </Position>
          <AltitudeMeters>788.6</AltitudeMeters>
          <DistanceMeters>33225.3</DistanceMeters>
        </Trackpoint>
        <Trackpoint>
          <Time>2027-05-09T09:13:06Z</Time>
          <Position>
            <LatitudeDegrees>42.2965400</LatitudeDegrees>
            <LongitudeDegrees>-4.4973800</LongitudeDegrees>
          </Position>
          <AltitudeMeters>788.9</AltitudeMeters>
          <DistanceMeters>33276.6</DistanceMeters>
        </Trackpoint>
        <Trackpoint>
          <Time>2027-05-09T09:13:18Z</Time>
          <Position>
            <LatitudeDegrees>42.2968500</LatitudeDegrees>
            <LongitudeDegrees>-4.4978400</LongitudeDegrees>
          </Position>
          <AltitudeMeters>789.0</AltitudeMeters>
          <DistanceMeters>33327.8</DistanceMeters>
        </Trackpoint>
        <Trackpoint>
          <Time>2027-05-09T09:13:30Z</Time>
          <Position>
            <LatitudeDegrees>42.2971600</LatitudeDegrees>
            <LongitudeDegrees>-4.4982900</LongitudeDegrees>
          </Position>
          <AltitudeMeters>789.0</AltitudeMeters>
          <DistanceMeters>33378.4</DistanceMeters>
        </Trackpoint>
        <Trackpoint>
          <Time>2027-05-09T09:13:50Z</Time>
          <Position>
            <LatitudeDegrees>42.2976400</LatitudeDegrees>
            <LongitudeDegrees>-4.4990700</LongitudeDegrees>
          </Position>
          <AltitudeMeters>788.8</AltitudeMeters>
          <DistanceMeters>33461.8</DistanceMeters>
        </Trackpoint>
        <Trackpoint>
          <Time>2027-05-09T09:13:53Z</Time>
          <Position>
            <LatitudeDegrees>42.2976000</LatitudeDegrees>
            <LongitudeDegrees>-4.4991700</LongitudeDegrees>
          </Position>
          <AltitudeMeters>788.5</AltitudeMeters>
          <DistanceMeters>33471.2</DistanceMeters>
        </Trackpoint>
        <Trackpoint>
          <Time>2027-05-09T09:14:03Z</Time>
          <Position>
            <LatitudeDegrees>42.2978700</LatitudeDegrees>
            <LongitudeDegrees>-4.4995500</LongitudeDegrees>
          </Position>
          <AltitudeMeters>788.2</AltitudeMeters>
          <DistanceMeters>33514.5</DistanceMeters>
        </Trackpoint>
        <Trackpoint>
          <Time>2027-05-09T09:14:16Z</Time>
          <Position>
            <LatitudeDegrees>42.2981500</LatitudeDegrees>
            <LongitudeDegrees>-4.5000900</LongitudeDegrees>
          </Position>
          <AltitudeMeters>787.9</AltitudeMeters>
          <DistanceMeters>33568.7</DistanceMeters>
        </Trackpoint>
        <Trackpoint>
          <Time>2027-05-09T09:14:29Z</Time>
          <Position>
            <LatitudeDegrees>42.2984400</LatitudeDegrees>
            <LongitudeDegrees>-4.5006300</LongitudeDegrees>
          </Position>
          <AltitudeMeters>787.5</AltitudeMeters>
          <DistanceMeters>33623.6</DistanceMeters>
        </Trackpoint>
        <Trackpoint>
          <Time>2027-05-09T09:14:42Z</Time>
          <Position>
            <LatitudeDegrees>42.2987200</LatitudeDegrees>
            <LongitudeDegrees>-4.5011700</LongitudeDegrees>
          </Position>
          <AltitudeMeters>787.1</AltitudeMeters>
          <DistanceMeters>33677.9</DistanceMeters>
        </Trackpoint>
        <Trackpoint>
          <Time>2027-05-09T09:14:49Z</Time>
          <Position>
            <LatitudeDegrees>42.2989200</LatitudeDegrees>
            <LongitudeDegrees>-4.5014100</LongitudeDegrees>
          </Position>
          <AltitudeMeters>786.6</AltitudeMeters>
          <DistanceMeters>33707.6</DistanceMeters>
        </Trackpoint>
        <Trackpoint>
          <Time>2027-05-09T09:14:57Z</Time>
          <Position>
            <LatitudeDegrees>42.2990700</LatitudeDegrees>
            <LongitudeDegrees>-4.5017200</LongitudeDegrees>
          </Position>
          <AltitudeMeters>786.3</AltitudeMeters>
          <DistanceMeters>33738.1</DistanceMeters>
        </Trackpoint>
        <Trackpoint>
          <Time>2027-05-09T09:15:09Z</Time>
          <Position>
            <LatitudeDegrees>42.2993000</LatitudeDegrees>
            <LongitudeDegrees>-4.5022600</LongitudeDegrees>
          </Position>
          <AltitudeMeters>786.3</AltitudeMeters>
          <DistanceMeters>33789.3</DistanceMeters>
        </Trackpoint>
        <Trackpoint>
          <Time>2027-05-09T09:15:21Z</Time>
          <Position>
            <LatitudeDegrees>42.2995200</LatitudeDegrees>
            <LongitudeDegrees>-4.5027900</LongitudeDegrees>
          </Position>
          <AltitudeMeters>786.2</AltitudeMeters>
          <DistanceMeters>33839.3</DistanceMeters>
        </Trackpoint>
        <Trackpoint>
          <Time>2027-05-09T09:15:33Z</Time>
          <Position>
            <LatitudeDegrees>42.2997500</LatitudeDegrees>
            <LongitudeDegrees>-4.5033300</LongitudeDegrees>
          </Position>
          <AltitudeMeters>786.1</AltitudeMeters>
          <DistanceMeters>33890.5</DistanceMeters>
        </Trackpoint>
        <Trackpoint>
          <Time>2027-05-09T09:15:45Z</Time>
          <Position>
            <LatitudeDegrees>42.2999800</LatitudeDegrees>
            <LongitudeDegrees>-4.5038600</LongitudeDegrees>
          </Position>
          <AltitudeMeters>786.2</AltitudeMeters>
          <DistanceMeters>33941.1</DistanceMeters>
        </Trackpoint>
        <Trackpoint>
          <Time>2027-05-09T09:15:58Z</Time>
          <Position>
            <LatitudeDegrees>42.3002000</LatitudeDegrees>
            <LongitudeDegrees>-4.5044000</LongitudeDegrees>
          </Position>
          <AltitudeMeters>786.2</AltitudeMeters>
          <DistanceMeters>33991.8</DistanceMeters>
        </Trackpoint>
        <Trackpoint>
          <Time>2027-05-09T09:16:10Z</Time>
          <Position>
            <LatitudeDegrees>42.3004300</LatitudeDegrees>
            <LongitudeDegrees>-4.5049300</LongitudeDegrees>
          </Position>
          <AltitudeMeters>786.0</AltitudeMeters>
          <DistanceMeters>34042.3</DistanceMeters>
        </Trackpoint>
        <Trackpoint>
          <Time>2027-05-09T09:16:22Z</Time>
          <Position>
            <LatitudeDegrees>42.3006600</LatitudeDegrees>
            <LongitudeDegrees>-4.5054700</LongitudeDegrees>
          </Position>
          <AltitudeMeters>786.0</AltitudeMeters>
          <DistanceMeters>34093.6</DistanceMeters>
        </Trackpoint>
        <Trackpoint>
          <Time>2027-05-09T09:16:34Z</Time>
          <Position>
            <LatitudeDegrees>42.3008800</LatitudeDegrees>
            <LongitudeDegrees>-4.5060000</LongitudeDegrees>
          </Position>
          <AltitudeMeters>786.3</AltitudeMeters>
          <DistanceMeters>34143.6</DistanceMeters>
        </Trackpoint>
        <Trackpoint>
          <Time>2027-05-09T09:16:46Z</Time>
          <Position>
            <LatitudeDegrees>42.3011100</LatitudeDegrees>
            <LongitudeDegrees>-4.5065400</LongitudeDegrees>
          </Position>
          <AltitudeMeters>786.6</AltitudeMeters>
          <DistanceMeters>34194.8</DistanceMeters>
        </Trackpoint>
        <Trackpoint>
          <Time>2027-05-09T09:16:58Z</Time>
          <Position>
            <LatitudeDegrees>42.3013300</LatitudeDegrees>
            <LongitudeDegrees>-4.5070700</LongitudeDegrees>
          </Position>
          <AltitudeMeters>786.8</AltitudeMeters>
          <DistanceMeters>34244.8</DistanceMeters>
        </Trackpoint>
        <Trackpoint>
          <Time>2027-05-09T09:17:11Z</Time>
          <Position>
            <LatitudeDegrees>42.3015600</LatitudeDegrees>
            <LongitudeDegrees>-4.5076100</LongitudeDegrees>
          </Position>
          <AltitudeMeters>787.2</AltitudeMeters>
          <DistanceMeters>34296.0</DistanceMeters>
        </Trackpoint>
        <Trackpoint>
          <Time>2027-05-09T09:17:23Z</Time>
          <Position>
            <LatitudeDegrees>42.3017900</LatitudeDegrees>
            <LongitudeDegrees>-4.5081400</LongitudeDegrees>
          </Position>
          <AltitudeMeters>787.5</AltitudeMeters>
          <DistanceMeters>34346.6</DistanceMeters>
        </Trackpoint>
        <Trackpoint>
          <Time>2027-05-09T09:17:35Z</Time>
          <Position>
            <LatitudeDegrees>42.3020100</LatitudeDegrees>
            <LongitudeDegrees>-4.5086800</LongitudeDegrees>
          </Position>
          <AltitudeMeters>787.4</AltitudeMeters>
          <DistanceMeters>34397.3</DistanceMeters>
        </Trackpoint>
        <Trackpoint>
          <Time>2027-05-09T09:17:47Z</Time>
          <Position>
            <LatitudeDegrees>42.3022400</LatitudeDegrees>
            <LongitudeDegrees>-4.5092100</LongitudeDegrees>
          </Position>
          <AltitudeMeters>787.2</AltitudeMeters>
          <DistanceMeters>34447.8</DistanceMeters>
        </Trackpoint>
        <Trackpoint>
          <Time>2027-05-09T09:17:59Z</Time>
          <Position>
            <LatitudeDegrees>42.3024700</LatitudeDegrees>
            <LongitudeDegrees>-4.5097500</LongitudeDegrees>
          </Position>
          <AltitudeMeters>787.2</AltitudeMeters>
          <DistanceMeters>34499.1</DistanceMeters>
        </Trackpoint>
        <Trackpoint>
          <Time>2027-05-09T09:18:11Z</Time>
          <Position>
            <LatitudeDegrees>42.3026900</LatitudeDegrees>
            <LongitudeDegrees>-4.5102800</LongitudeDegrees>
          </Position>
          <AltitudeMeters>787.4</AltitudeMeters>
          <DistanceMeters>34549.0</DistanceMeters>
        </Trackpoint>
        <Trackpoint>
          <Time>2027-05-09T09:18:24Z</Time>
          <Position>
            <LatitudeDegrees>42.3029200</LatitudeDegrees>
            <LongitudeDegrees>-4.5108200</LongitudeDegrees>
          </Position>
          <AltitudeMeters>787.8</AltitudeMeters>
          <DistanceMeters>34600.3</DistanceMeters>
        </Trackpoint>
        <Trackpoint>
          <Time>2027-05-09T09:18:36Z</Time>
          <Position>
            <LatitudeDegrees>42.3031500</LatitudeDegrees>
            <LongitudeDegrees>-4.5113600</LongitudeDegrees>
          </Position>
          <AltitudeMeters>788.6</AltitudeMeters>
          <DistanceMeters>34651.5</DistanceMeters>
        </Trackpoint>
        <Trackpoint>
          <Time>2027-05-09T09:18:48Z</Time>
          <Position>
            <LatitudeDegrees>42.3033700</LatitudeDegrees>
            <LongitudeDegrees>-4.5118900</LongitudeDegrees>
          </Position>
          <AltitudeMeters>789.7</AltitudeMeters>
          <DistanceMeters>34701.5</DistanceMeters>
        </Trackpoint>
        <Trackpoint>
          <Time>2027-05-09T09:19:00Z</Time>
          <Position>
            <LatitudeDegrees>42.3036000</LatitudeDegrees>
            <LongitudeDegrees>-4.5124300</LongitudeDegrees>
          </Position>
          <AltitudeMeters>790.9</AltitudeMeters>
          <DistanceMeters>34752.8</DistanceMeters>
        </Trackpoint>
        <Trackpoint>
          <Time>2027-05-09T09:19:12Z</Time>
          <Position>
            <LatitudeDegrees>42.3038300</LatitudeDegrees>
            <LongitudeDegrees>-4.5129600</LongitudeDegrees>
          </Position>
          <AltitudeMeters>792.0</AltitudeMeters>
          <DistanceMeters>34803.3</DistanceMeters>
        </Trackpoint>
        <Trackpoint>
          <Time>2027-05-09T09:19:24Z</Time>
          <Position>
            <LatitudeDegrees>42.3040500</LatitudeDegrees>
            <LongitudeDegrees>-4.5135000</LongitudeDegrees>
          </Position>
          <AltitudeMeters>792.7</AltitudeMeters>
          <DistanceMeters>34854.0</DistanceMeters>
        </Trackpoint>
        <Trackpoint>
          <Time>2027-05-09T09:19:37Z</Time>
          <Position>
            <LatitudeDegrees>42.3042800</LatitudeDegrees>
            <LongitudeDegrees>-4.5140300</LongitudeDegrees>
          </Position>
          <AltitudeMeters>792.8</AltitudeMeters>
          <DistanceMeters>34904.5</DistanceMeters>
        </Trackpoint>
        <Trackpoint>
          <Time>2027-05-09T09:19:49Z</Time>
          <Position>
            <LatitudeDegrees>42.3045100</LatitudeDegrees>
            <LongitudeDegrees>-4.5145700</LongitudeDegrees>
          </Position>
          <AltitudeMeters>792.5</AltitudeMeters>
          <DistanceMeters>34955.8</DistanceMeters>
        </Trackpoint>
        <Trackpoint>
          <Time>2027-05-09T09:20:01Z</Time>
          <Position>
            <LatitudeDegrees>42.3047300</LatitudeDegrees>
            <LongitudeDegrees>-4.5151000</LongitudeDegrees>
          </Position>
          <AltitudeMeters>792.2</AltitudeMeters>
          <DistanceMeters>35005.8</DistanceMeters>
        </Trackpoint>
        <Trackpoint>
          <Time>2027-05-09T09:20:13Z</Time>
          <Position>
            <LatitudeDegrees>42.3049600</LatitudeDegrees>
            <LongitudeDegrees>-4.5156400</LongitudeDegrees>
          </Position>
          <AltitudeMeters>792.1</AltitudeMeters>
          <DistanceMeters>35057.0</DistanceMeters>
        </Trackpoint>
        <Trackpoint>
          <Time>2027-05-09T09:20:25Z</Time>
          <Position>
            <LatitudeDegrees>42.3051800</LatitudeDegrees>
            <LongitudeDegrees>-4.5161700</LongitudeDegrees>
          </Position>
          <AltitudeMeters>792.3</AltitudeMeters>
          <DistanceMeters>35107.0</DistanceMeters>
        </Trackpoint>
        <Trackpoint>
          <Time>2027-05-09T09:20:37Z</Time>
          <Position>
            <LatitudeDegrees>42.3054100</LatitudeDegrees>
            <LongitudeDegrees>-4.5167100</LongitudeDegrees>
          </Position>
          <AltitudeMeters>793.2</AltitudeMeters>
          <DistanceMeters>35158.2</DistanceMeters>
        </Trackpoint>
        <Trackpoint>
          <Time>2027-05-09T09:20:50Z</Time>
          <Position>
            <LatitudeDegrees>42.3056400</LatitudeDegrees>
            <LongitudeDegrees>-4.5172400</LongitudeDegrees>
          </Position>
          <AltitudeMeters>794.5</AltitudeMeters>
          <DistanceMeters>35208.8</DistanceMeters>
        </Trackpoint>
        <Trackpoint>
          <Time>2027-05-09T09:21:02Z</Time>
          <Position>
            <LatitudeDegrees>42.3058600</LatitudeDegrees>
            <LongitudeDegrees>-4.5177800</LongitudeDegrees>
          </Position>
          <AltitudeMeters>795.8</AltitudeMeters>
          <DistanceMeters>35259.5</DistanceMeters>
        </Trackpoint>
        <Trackpoint>
          <Time>2027-05-09T09:21:14Z</Time>
          <Position>
            <LatitudeDegrees>42.3060900</LatitudeDegrees>
            <LongitudeDegrees>-4.5183100</LongitudeDegrees>
          </Position>
          <AltitudeMeters>797.0</AltitudeMeters>
          <DistanceMeters>35310.0</DistanceMeters>
        </Trackpoint>
        <Trackpoint>
          <Time>2027-05-09T09:21:26Z</Time>
          <Position>
            <LatitudeDegrees>42.3063200</LatitudeDegrees>
            <LongitudeDegrees>-4.5188500</LongitudeDegrees>
          </Position>
          <AltitudeMeters>797.9</AltitudeMeters>
          <DistanceMeters>35361.2</DistanceMeters>
        </Trackpoint>
        <Trackpoint>
          <Time>2027-05-09T09:21:38Z</Time>
          <Position>
            <LatitudeDegrees>42.3065400</LatitudeDegrees>
            <LongitudeDegrees>-4.5193800</LongitudeDegrees>
          </Position>
          <AltitudeMeters>798.4</AltitudeMeters>
          <DistanceMeters>35411.2</DistanceMeters>
        </Trackpoint>
        <Trackpoint>
          <Time>2027-05-09T09:21:50Z</Time>
          <Position>
            <LatitudeDegrees>42.3067700</LatitudeDegrees>
            <LongitudeDegrees>-4.5199200</LongitudeDegrees>
          </Position>
          <AltitudeMeters>798.6</AltitudeMeters>
          <DistanceMeters>35462.5</DistanceMeters>
        </Trackpoint>
        <Trackpoint>
          <Time>2027-05-09T09:22:03Z</Time>
          <Position>
            <LatitudeDegrees>42.3069900</LatitudeDegrees>
            <LongitudeDegrees>-4.5204600</LongitudeDegrees>
          </Position>
          <AltitudeMeters>798.7</AltitudeMeters>
          <DistanceMeters>35513.2</DistanceMeters>
        </Trackpoint>
        <Trackpoint>
          <Time>2027-05-09T09:22:15Z</Time>
          <Position>
            <LatitudeDegrees>42.3072200</LatitudeDegrees>
            <LongitudeDegrees>-4.5209900</LongitudeDegrees>
          </Position>
          <AltitudeMeters>798.8</AltitudeMeters>
          <DistanceMeters>35563.7</DistanceMeters>
        </Trackpoint>
        <Trackpoint>
          <Time>2027-05-09T09:22:27Z</Time>
          <Position>
            <LatitudeDegrees>42.3074400</LatitudeDegrees>
            <LongitudeDegrees>-4.5215300</LongitudeDegrees>
          </Position>
          <AltitudeMeters>799.1</AltitudeMeters>
          <DistanceMeters>35614.4</DistanceMeters>
        </Trackpoint>
        <Trackpoint>
          <Time>2027-05-09T09:22:39Z</Time>
          <Position>
            <LatitudeDegrees>42.3076700</LatitudeDegrees>
            <LongitudeDegrees>-4.5220700</LongitudeDegrees>
          </Position>
          <AltitudeMeters>799.6</AltitudeMeters>
          <DistanceMeters>35665.6</DistanceMeters>
        </Trackpoint>
        <Trackpoint>
          <Time>2027-05-09T09:22:51Z</Time>
          <Position>
            <LatitudeDegrees>42.3078900</LatitudeDegrees>
            <LongitudeDegrees>-4.5226100</LongitudeDegrees>
          </Position>
          <AltitudeMeters>800.1</AltitudeMeters>
          <DistanceMeters>35716.3</DistanceMeters>
        </Trackpoint>
        <Trackpoint>
          <Time>2027-05-09T09:23:04Z</Time>
          <Position>
            <LatitudeDegrees>42.3081200</LatitudeDegrees>
            <LongitudeDegrees>-4.5231400</LongitudeDegrees>
          </Position>
          <AltitudeMeters>800.5</AltitudeMeters>
          <DistanceMeters>35766.9</DistanceMeters>
        </Trackpoint>
        <Trackpoint>
          <Time>2027-05-09T09:23:16Z</Time>
          <Position>
            <LatitudeDegrees>42.3083400</LatitudeDegrees>
            <LongitudeDegrees>-4.5236800</LongitudeDegrees>
          </Position>
          <AltitudeMeters>800.5</AltitudeMeters>
          <DistanceMeters>35817.6</DistanceMeters>
        </Trackpoint>
        <Trackpoint>
          <Time>2027-05-09T09:23:28Z</Time>
          <Position>
            <LatitudeDegrees>42.3085600</LatitudeDegrees>
            <LongitudeDegrees>-4.5242200</LongitudeDegrees>
          </Position>
          <AltitudeMeters>799.8</AltitudeMeters>
          <DistanceMeters>35868.3</DistanceMeters>
        </Trackpoint>
        <Trackpoint>
          <Time>2027-05-09T09:23:40Z</Time>
          <Position>
            <LatitudeDegrees>42.3087900</LatitudeDegrees>
            <LongitudeDegrees>-4.5247600</LongitudeDegrees>
          </Position>
          <AltitudeMeters>798.7</AltitudeMeters>
          <DistanceMeters>35919.5</DistanceMeters>
        </Trackpoint>
        <Trackpoint>
          <Time>2027-05-09T09:23:52Z</Time>
          <Position>
            <LatitudeDegrees>42.3090100</LatitudeDegrees>
            <LongitudeDegrees>-4.5252900</LongitudeDegrees>
          </Position>
          <AltitudeMeters>797.3</AltitudeMeters>
          <DistanceMeters>35969.5</DistanceMeters>
        </Trackpoint>
        <Trackpoint>
          <Time>2027-05-09T09:24:04Z</Time>
          <Position>
            <LatitudeDegrees>42.3092400</LatitudeDegrees>
            <LongitudeDegrees>-4.5258300</LongitudeDegrees>
          </Position>
          <AltitudeMeters>796.0</AltitudeMeters>
          <DistanceMeters>36020.7</DistanceMeters>
        </Trackpoint>
        <Trackpoint>
          <Time>2027-05-09T09:24:17Z</Time>
          <Position>
            <LatitudeDegrees>42.3094600</LatitudeDegrees>
            <LongitudeDegrees>-4.5263700</LongitudeDegrees>
          </Position>
          <AltitudeMeters>795.1</AltitudeMeters>
          <DistanceMeters>36071.4</DistanceMeters>
        </Trackpoint>
        <Trackpoint>
          <Time>2027-05-09T09:24:29Z</Time>
          <Position>
            <LatitudeDegrees>42.3096900</LatitudeDegrees>
            <LongitudeDegrees>-4.5269100</LongitudeDegrees>
          </Position>
          <AltitudeMeters>795.3</AltitudeMeters>
          <DistanceMeters>36122.7</DistanceMeters>
        </Trackpoint>
        <Trackpoint>
          <Time>2027-05-09T09:24:41Z</Time>
          <Position>
            <LatitudeDegrees>42.3099100</LatitudeDegrees>
            <LongitudeDegrees>-4.5274400</LongitudeDegrees>
          </Position>
          <AltitudeMeters>796.8</AltitudeMeters>
          <DistanceMeters>36172.7</DistanceMeters>
        </Trackpoint>
        <Trackpoint>
          <Time>2027-05-09T09:24:53Z</Time>
          <Position>
            <LatitudeDegrees>42.3101400</LatitudeDegrees>
            <LongitudeDegrees>-4.5279800</LongitudeDegrees>
          </Position>
          <AltitudeMeters>798.9</AltitudeMeters>
          <DistanceMeters>36223.9</DistanceMeters>
        </Trackpoint>
        <Trackpoint>
          <Time>2027-05-09T09:25:05Z</Time>
          <Position>
            <LatitudeDegrees>42.3103600</LatitudeDegrees>
            <LongitudeDegrees>-4.5285200</LongitudeDegrees>
          </Position>
          <AltitudeMeters>801.0</AltitudeMeters>
          <DistanceMeters>36274.6</DistanceMeters>
        </Trackpoint>
        <Trackpoint>
          <Time>2027-05-09T09:25:18Z</Time>
          <Position>
            <LatitudeDegrees>42.3105800</LatitudeDegrees>
            <LongitudeDegrees>-4.5290600</LongitudeDegrees>
          </Position>
          <AltitudeMeters>802.8</AltitudeMeters>
          <DistanceMeters>36325.3</DistanceMeters>
        </Trackpoint>
        <Trackpoint>
          <Time>2027-05-09T09:25:30Z</Time>
          <Position>
            <LatitudeDegrees>42.3108100</LatitudeDegrees>
            <LongitudeDegrees>-4.5295900</LongitudeDegrees>
          </Position>
          <AltitudeMeters>803.8</AltitudeMeters>
          <DistanceMeters>36375.8</DistanceMeters>
        </Trackpoint>
        <Trackpoint>
          <Time>2027-05-09T09:25:42Z</Time>
          <Position>
            <LatitudeDegrees>42.3110300</LatitudeDegrees>
            <LongitudeDegrees>-4.5301300</LongitudeDegrees>
          </Position>
          <AltitudeMeters>803.9</AltitudeMeters>
          <DistanceMeters>36426.5</DistanceMeters>
        </Trackpoint>
        <Trackpoint>
          <Time>2027-05-09T09:25:54Z</Time>
          <Position>
            <LatitudeDegrees>42.3112600</LatitudeDegrees>
            <LongitudeDegrees>-4.5306700</LongitudeDegrees>
          </Position>
          <AltitudeMeters>803.3</AltitudeMeters>
          <DistanceMeters>36477.8</DistanceMeters>
        </Trackpoint>
        <Trackpoint>
          <Time>2027-05-09T09:26:06Z</Time>
          <Position>
            <LatitudeDegrees>42.3114800</LatitudeDegrees>
            <LongitudeDegrees>-4.5312100</LongitudeDegrees>
          </Position>
          <AltitudeMeters>802.6</AltitudeMeters>
          <DistanceMeters>36528.5</DistanceMeters>
        </Trackpoint>
        <Trackpoint>
          <Time>2027-05-09T09:26:18Z</Time>
          <Position>
            <LatitudeDegrees>42.3117100</LatitudeDegrees>
            <LongitudeDegrees>-4.5317400</LongitudeDegrees>
          </Position>
          <AltitudeMeters>802.1</AltitudeMeters>
          <DistanceMeters>36579.0</DistanceMeters>
        </Trackpoint>
        <Trackpoint>
          <Time>2027-05-09T09:26:31Z</Time>
          <Position>
            <LatitudeDegrees>42.3119300</LatitudeDegrees>
            <LongitudeDegrees>-4.5322800</LongitudeDegrees>
          </Position>
          <AltitudeMeters>801.5</AltitudeMeters>
          <DistanceMeters>36629.7</DistanceMeters>
        </Trackpoint>
        <Trackpoint>
          <Time>2027-05-09T09:26:43Z</Time>
          <Position>
            <LatitudeDegrees>42.3121000</LatitudeDegrees>
            <LongitudeDegrees>-4.5328400</LongitudeDegrees>
          </Position>
          <AltitudeMeters>800.8</AltitudeMeters>
          <DistanceMeters>36679.5</DistanceMeters>
        </Trackpoint>
        <Trackpoint>
          <Time>2027-05-09T09:26:55Z</Time>
          <Position>
            <LatitudeDegrees>42.3122700</LatitudeDegrees>
            <LongitudeDegrees>-4.5334100</LongitudeDegrees>
          </Position>
          <AltitudeMeters>800.2</AltitudeMeters>
          <DistanceMeters>36730.0</DistanceMeters>
        </Trackpoint>
        <Trackpoint>
          <Time>2027-05-09T09:27:07Z</Time>
          <Position>
            <LatitudeDegrees>42.3124500</LatitudeDegrees>
            <LongitudeDegrees>-4.5339700</LongitudeDegrees>
          </Position>
          <AltitudeMeters>799.5</AltitudeMeters>
          <DistanceMeters>36780.2</DistanceMeters>
        </Trackpoint>
        <Trackpoint>
          <Time>2027-05-09T09:27:19Z</Time>
          <Position>
            <LatitudeDegrees>42.3126200</LatitudeDegrees>
            <LongitudeDegrees>-4.5345400</LongitudeDegrees>
          </Position>
          <AltitudeMeters>798.9</AltitudeMeters>
          <DistanceMeters>36830.7</DistanceMeters>
        </Trackpoint>
        <Trackpoint>
          <Time>2027-05-09T09:27:31Z</Time>
          <Position>
            <LatitudeDegrees>42.3127900</LatitudeDegrees>
            <LongitudeDegrees>-4.5351000</LongitudeDegrees>
          </Position>
          <AltitudeMeters>798.3</AltitudeMeters>
          <DistanceMeters>36880.5</DistanceMeters>
        </Trackpoint>
        <Trackpoint>
          <Time>2027-05-09T09:27:43Z</Time>
          <Position>
            <LatitudeDegrees>42.3129600</LatitudeDegrees>
            <LongitudeDegrees>-4.5356700</LongitudeDegrees>
          </Position>
          <AltitudeMeters>798.0</AltitudeMeters>
          <DistanceMeters>36931.1</DistanceMeters>
        </Trackpoint>
        <Trackpoint>
          <Time>2027-05-09T09:27:55Z</Time>
          <Position>
            <LatitudeDegrees>42.3131300</LatitudeDegrees>
            <LongitudeDegrees>-4.5362300</LongitudeDegrees>
          </Position>
          <AltitudeMeters>798.0</AltitudeMeters>
          <DistanceMeters>36980.8</DistanceMeters>
        </Trackpoint>
        <Trackpoint>
          <Time>2027-05-09T09:28:07Z</Time>
          <Position>
            <LatitudeDegrees>42.3133000</LatitudeDegrees>
            <LongitudeDegrees>-4.5368000</LongitudeDegrees>
          </Position>
          <AltitudeMeters>797.9</AltitudeMeters>
          <DistanceMeters>37031.4</DistanceMeters>
        </Trackpoint>
        <Trackpoint>
          <Time>2027-05-09T09:28:19Z</Time>
          <Position>
            <LatitudeDegrees>42.3134800</LatitudeDegrees>
            <LongitudeDegrees>-4.5373600</LongitudeDegrees>
          </Position>
          <AltitudeMeters>797.8</AltitudeMeters>
          <DistanceMeters>37081.6</DistanceMeters>
        </Trackpoint>
        <Trackpoint>
          <Time>2027-05-09T09:28:31Z</Time>
          <Position>
            <LatitudeDegrees>42.3136500</LatitudeDegrees>
            <LongitudeDegrees>-4.5379300</LongitudeDegrees>
          </Position>
          <AltitudeMeters>797.8</AltitudeMeters>
          <DistanceMeters>37132.1</DistanceMeters>
        </Trackpoint>
        <Trackpoint>
          <Time>2027-05-09T09:28:43Z</Time>
          <Position>
            <LatitudeDegrees>42.3138200</LatitudeDegrees>
            <LongitudeDegrees>-4.5384900</LongitudeDegrees>
          </Position>
          <AltitudeMeters>798.0</AltitudeMeters>
          <DistanceMeters>37181.9</DistanceMeters>
        </Trackpoint>
        <Trackpoint>
          <Time>2027-05-09T09:28:55Z</Time>
          <Position>
            <LatitudeDegrees>42.3139900</LatitudeDegrees>
            <LongitudeDegrees>-4.5390600</LongitudeDegrees>
          </Position>
          <AltitudeMeters>798.3</AltitudeMeters>
          <DistanceMeters>37232.4</DistanceMeters>
        </Trackpoint>
        <Trackpoint>
          <Time>2027-05-09T09:29:07Z</Time>
          <Position>
            <LatitudeDegrees>42.3141600</LatitudeDegrees>
            <LongitudeDegrees>-4.5396200</LongitudeDegrees>
          </Position>
          <AltitudeMeters>798.7</AltitudeMeters>
          <DistanceMeters>37282.2</DistanceMeters>
        </Trackpoint>
        <Trackpoint>
          <Time>2027-05-09T09:29:19Z</Time>
          <Position>
            <LatitudeDegrees>42.3143300</LatitudeDegrees>
            <LongitudeDegrees>-4.5401900</LongitudeDegrees>
          </Position>
          <AltitudeMeters>799.0</AltitudeMeters>
          <DistanceMeters>37332.7</DistanceMeters>
        </Trackpoint>
        <Trackpoint>
          <Time>2027-05-09T09:29:31Z</Time>
          <Position>
            <LatitudeDegrees>42.3145100</LatitudeDegrees>
            <LongitudeDegrees>-4.5407500</LongitudeDegrees>
          </Position>
          <AltitudeMeters>799.3</AltitudeMeters>
          <DistanceMeters>37383.0</DistanceMeters>
        </Trackpoint>
        <Trackpoint>
          <Time>2027-05-09T09:29:44Z</Time>
          <Position>
            <LatitudeDegrees>42.3146800</LatitudeDegrees>
            <LongitudeDegrees>-4.5413200</LongitudeDegrees>
          </Position>
          <AltitudeMeters>799.6</AltitudeMeters>
          <DistanceMeters>37433.5</DistanceMeters>
        </Trackpoint>
        <Trackpoint>
          <Time>2027-05-09T09:29:55Z</Time>
          <Position>
            <LatitudeDegrees>42.3148500</LatitudeDegrees>
            <LongitudeDegrees>-4.5418800</LongitudeDegrees>
          </Position>
          <AltitudeMeters>799.7</AltitudeMeters>
          <DistanceMeters>37483.3</DistanceMeters>
        </Trackpoint>
        <Trackpoint>
          <Time>2027-05-09T09:30:04Z</Time>
          <Position>
            <LatitudeDegrees>42.3150500</LatitudeDegrees>
            <LongitudeDegrees>-4.5422400</LongitudeDegrees>
          </Position>
          <AltitudeMeters>799.8</AltitudeMeters>
          <DistanceMeters>37520.3</DistanceMeters>
        </Trackpoint>
        <Trackpoint>
          <Time>2027-05-09T09:30:11Z</Time>
          <Position>
            <LatitudeDegrees>42.3153000</LatitudeDegrees>
            <LongitudeDegrees>-4.5423300</LongitudeDegrees>
          </Position>
          <AltitudeMeters>799.9</AltitudeMeters>
          <DistanceMeters>37549.1</DistanceMeters>
        </Trackpoint>
        <Trackpoint>
          <Time>2027-05-09T09:30:18Z</Time>
          <Position>
            <LatitudeDegrees>42.3151000</LatitudeDegrees>
            <LongitudeDegrees>-4.5425600</LongitudeDegrees>
          </Position>
          <AltitudeMeters>800.2</AltitudeMeters>
          <DistanceMeters>37578.2</DistanceMeters>
        </Trackpoint>
        <Trackpoint>
          <Time>2027-05-09T09:30:22Z</Time>
          <Position>
            <LatitudeDegrees>42.3150700</LatitudeDegrees>
            <LongitudeDegrees>-4.5427300</LongitudeDegrees>
          </Position>
          <AltitudeMeters>800.4</AltitudeMeters>
          <DistanceMeters>37592.6</DistanceMeters>
        </Trackpoint>
        <Trackpoint>
          <Time>2027-05-09T09:30:32Z</Time>
          <Position>
            <LatitudeDegrees>42.3151700</LatitudeDegrees>
            <LongitudeDegrees>-4.5432300</LongitudeDegrees>
          </Position>
          <AltitudeMeters>800.7</AltitudeMeters>
          <DistanceMeters>37635.2</DistanceMeters>
        </Trackpoint>
        <Trackpoint>
          <Time>2027-05-09T09:30:45Z</Time>
          <Position>
            <LatitudeDegrees>42.3153600</LatitudeDegrees>
            <LongitudeDegrees>-4.5438600</LongitudeDegrees>
          </Position>
          <AltitudeMeters>801.4</AltitudeMeters>
          <DistanceMeters>37691.1</DistanceMeters>
        </Trackpoint>
        <Trackpoint>
          <Time>2027-05-09T09:30:59Z</Time>
          <Position>
            <LatitudeDegrees>42.3155500</LatitudeDegrees>
            <LongitudeDegrees>-4.5444800</LongitudeDegrees>
          </Position>
          <AltitudeMeters>802.1</AltitudeMeters>
          <DistanceMeters>37746.3</DistanceMeters>
        </Trackpoint>
        <Trackpoint>
          <Time>2027-05-09T09:31:12Z</Time>
          <Position>
            <LatitudeDegrees>42.3157400</LatitudeDegrees>
            <LongitudeDegrees>-4.5451100</LongitudeDegrees>
          </Position>
          <AltitudeMeters>802.8</AltitudeMeters>
          <DistanceMeters>37802.3</DistanceMeters>
        </Trackpoint>
        <Trackpoint>
          <Time>2027-05-09T09:31:25Z</Time>
          <Position>
            <LatitudeDegrees>42.3159300</LatitudeDegrees>
            <LongitudeDegrees>-4.5457300</LongitudeDegrees>
          </Position>
          <AltitudeMeters>803.6</AltitudeMeters>
          <DistanceMeters>37857.5</DistanceMeters>
        </Trackpoint>
        <Trackpoint>
          <Time>2027-05-09T09:31:39Z</Time>
          <Position>
            <LatitudeDegrees>42.3161200</LatitudeDegrees>
            <LongitudeDegrees>-4.5463600</LongitudeDegrees>
          </Position>
          <AltitudeMeters>804.3</AltitudeMeters>
          <DistanceMeters>37913.4</DistanceMeters>
        </Trackpoint>
        <Trackpoint>
          <Time>2027-05-09T09:31:42Z</Time>
          <Position>
            <LatitudeDegrees>42.3162200</LatitudeDegrees>
            <LongitudeDegrees>-4.5464500</LongitudeDegrees>
          </Position>
          <AltitudeMeters>805.1</AltitudeMeters>
          <DistanceMeters>37926.8</DistanceMeters>
        </Trackpoint>
        <Trackpoint>
          <Time>2027-05-09T09:31:54Z</Time>
          <Position>
            <LatitudeDegrees>42.3164000</LatitudeDegrees>
            <LongitudeDegrees>-4.5470200</LongitudeDegrees>
          </Position>
          <AltitudeMeters>806.0</AltitudeMeters>
          <DistanceMeters>37977.7</DistanceMeters>
        </Trackpoint>
        <Trackpoint>
          <Time>2027-05-09T09:32:06Z</Time>
          <Position>
            <LatitudeDegrees>42.3165800</LatitudeDegrees>
            <LongitudeDegrees>-4.5475900</LongitudeDegrees>
          </Position>
          <AltitudeMeters>806.7</AltitudeMeters>
          <DistanceMeters>38028.7</DistanceMeters>
        </Trackpoint>
        <Trackpoint>
          <Time>2027-05-09T09:32:19Z</Time>
          <Position>
            <LatitudeDegrees>42.3167600</LatitudeDegrees>
            <LongitudeDegrees>-4.5481600</LongitudeDegrees>
          </Position>
          <AltitudeMeters>807.4</AltitudeMeters>
          <DistanceMeters>38079.6</DistanceMeters>
        </Trackpoint>
        <Trackpoint>
          <Time>2027-05-09T09:32:31Z</Time>
          <Position>
            <LatitudeDegrees>42.3169300</LatitudeDegrees>
            <LongitudeDegrees>-4.5487200</LongitudeDegrees>
          </Position>
          <AltitudeMeters>808.1</AltitudeMeters>
          <DistanceMeters>38129.4</DistanceMeters>
        </Trackpoint>
        <Trackpoint>
          <Time>2027-05-09T09:32:43Z</Time>
          <Position>
            <LatitudeDegrees>42.3171100</LatitudeDegrees>
            <LongitudeDegrees>-4.5492900</LongitudeDegrees>
          </Position>
          <AltitudeMeters>808.7</AltitudeMeters>
          <DistanceMeters>38180.4</DistanceMeters>
        </Trackpoint>
        <Trackpoint>
          <Time>2027-05-09T09:32:55Z</Time>
          <Position>
            <LatitudeDegrees>42.3172900</LatitudeDegrees>
            <LongitudeDegrees>-4.5498600</LongitudeDegrees>
          </Position>
          <AltitudeMeters>809.4</AltitudeMeters>
          <DistanceMeters>38231.3</DistanceMeters>
        </Trackpoint>
        <Trackpoint>
          <Time>2027-05-09T09:33:07Z</Time>
          <Position>
            <LatitudeDegrees>42.3174700</LatitudeDegrees>
            <LongitudeDegrees>-4.5504300</LongitudeDegrees>
          </Position>
          <AltitudeMeters>810.3</AltitudeMeters>
          <DistanceMeters>38282.3</DistanceMeters>
        </Trackpoint>
        <Trackpoint>
          <Time>2027-05-09T09:33:19Z</Time>
          <Position>
            <LatitudeDegrees>42.3176400</LatitudeDegrees>
            <LongitudeDegrees>-4.5509900</LongitudeDegrees>
          </Position>
          <AltitudeMeters>811.2</AltitudeMeters>
          <DistanceMeters>38332.1</DistanceMeters>
        </Trackpoint>
        <Trackpoint>
          <Time>2027-05-09T09:33:31Z</Time>
          <Position>
            <LatitudeDegrees>42.3178200</LatitudeDegrees>
            <LongitudeDegrees>-4.5515600</LongitudeDegrees>
          </Position>
          <AltitudeMeters>811.9</AltitudeMeters>
          <DistanceMeters>38383.0</DistanceMeters>
        </Trackpoint>
        <Trackpoint>
          <Time>2027-05-09T09:33:43Z</Time>
          <Position>
            <LatitudeDegrees>42.3179900</LatitudeDegrees>
            <LongitudeDegrees>-4.5521200</LongitudeDegrees>
          </Position>
          <AltitudeMeters>812.5</AltitudeMeters>
          <DistanceMeters>38432.8</DistanceMeters>
        </Trackpoint>
        <Trackpoint>
          <Time>2027-05-09T09:33:55Z</Time>
          <Position>
            <LatitudeDegrees>42.3181600</LatitudeDegrees>
            <LongitudeDegrees>-4.5526800</LongitudeDegrees>
          </Position>
          <AltitudeMeters>813.2</AltitudeMeters>
          <DistanceMeters>38482.6</DistanceMeters>
        </Trackpoint>
        <Trackpoint>
          <Time>2027-05-09T09:34:08Z</Time>
          <Position>
            <LatitudeDegrees>42.3183400</LatitudeDegrees>
            <LongitudeDegrees>-4.5532500</LongitudeDegrees>
          </Position>
          <AltitudeMeters>813.8</AltitudeMeters>
          <DistanceMeters>38533.5</DistanceMeters>
        </Trackpoint>
        <Trackpoint>
          <Time>2027-05-09T09:34:19Z</Time>
          <Position>
            <LatitudeDegrees>42.3185100</LatitudeDegrees>
            <LongitudeDegrees>-4.5538100</LongitudeDegrees>
          </Position>
          <AltitudeMeters>814.2</AltitudeMeters>
          <DistanceMeters>38583.3</DistanceMeters>
        </Trackpoint>
        <Trackpoint>
          <Time>2027-05-09T09:34:31Z</Time>
          <Position>
            <LatitudeDegrees>42.3186800</LatitudeDegrees>
            <LongitudeDegrees>-4.5543700</LongitudeDegrees>
          </Position>
          <AltitudeMeters>814.6</AltitudeMeters>
          <DistanceMeters>38633.1</DistanceMeters>
        </Trackpoint>
        <Trackpoint>
          <Time>2027-05-09T09:34:43Z</Time>
          <Position>
            <LatitudeDegrees>42.3188500</LatitudeDegrees>
            <LongitudeDegrees>-4.5549300</LongitudeDegrees>
          </Position>
          <AltitudeMeters>815.1</AltitudeMeters>
          <DistanceMeters>38682.9</DistanceMeters>
        </Trackpoint>
        <Trackpoint>
          <Time>2027-05-09T09:34:56Z</Time>
          <Position>
            <LatitudeDegrees>42.3190300</LatitudeDegrees>
            <LongitudeDegrees>-4.5555000</LongitudeDegrees>
          </Position>
          <AltitudeMeters>815.6</AltitudeMeters>
          <DistanceMeters>38733.8</DistanceMeters>
        </Trackpoint>
        <Trackpoint>
          <Time>2027-05-09T09:35:08Z</Time>
          <Position>
            <LatitudeDegrees>42.3192000</LatitudeDegrees>
            <LongitudeDegrees>-4.5560600</LongitudeDegrees>
          </Position>
          <AltitudeMeters>816.1</AltitudeMeters>
          <DistanceMeters>38783.6</DistanceMeters>
        </Trackpoint>
        <Trackpoint>
          <Time>2027-05-09T09:35:20Z</Time>
          <Position>
            <LatitudeDegrees>42.3193700</LatitudeDegrees>
            <LongitudeDegrees>-4.5566200</LongitudeDegrees>
          </Position>
          <AltitudeMeters>816.7</AltitudeMeters>
          <DistanceMeters>38833.4</DistanceMeters>
        </Trackpoint>
        <Trackpoint>
          <Time>2027-05-09T09:35:32Z</Time>
          <Position>
            <LatitudeDegrees>42.3195500</LatitudeDegrees>
            <LongitudeDegrees>-4.5571900</LongitudeDegrees>
          </Position>
          <AltitudeMeters>817.6</AltitudeMeters>
          <DistanceMeters>38884.3</DistanceMeters>
        </Trackpoint>
        <Trackpoint>
          <Time>2027-05-09T09:35:44Z</Time>
          <Position>
            <LatitudeDegrees>42.3197200</LatitudeDegrees>
            <LongitudeDegrees>-4.5577500</LongitudeDegrees>
          </Position>
          <AltitudeMeters>818.8</AltitudeMeters>
          <DistanceMeters>38934.1</DistanceMeters>
        </Trackpoint>
        <Trackpoint>
          <Time>2027-05-09T09:35:56Z</Time>
          <Position>
            <LatitudeDegrees>42.3198900</LatitudeDegrees>
            <LongitudeDegrees>-4.5583100</LongitudeDegrees>
          </Position>
          <AltitudeMeters>820.0</AltitudeMeters>
          <DistanceMeters>38983.9</DistanceMeters>
        </Trackpoint>
        <Trackpoint>
          <Time>2027-05-09T09:36:08Z</Time>
          <Position>
            <LatitudeDegrees>42.3200700</LatitudeDegrees>
            <LongitudeDegrees>-4.5588800</LongitudeDegrees>
          </Position>
          <AltitudeMeters>821.1</AltitudeMeters>
          <DistanceMeters>39034.8</DistanceMeters>
        </Trackpoint>
        <Trackpoint>
          <Time>2027-05-09T09:36:20Z</Time>
          <Position>
            <LatitudeDegrees>42.3202400</LatitudeDegrees>
            <LongitudeDegrees>-4.5594400</LongitudeDegrees>
          </Position>
          <AltitudeMeters>822.3</AltitudeMeters>
          <DistanceMeters>39084.6</DistanceMeters>
        </Trackpoint>
        <Trackpoint>
          <Time>2027-05-09T09:36:32Z</Time>
          <Position>
            <LatitudeDegrees>42.3204100</LatitudeDegrees>
            <LongitudeDegrees>-4.5600000</LongitudeDegrees>
          </Position>
          <AltitudeMeters>823.1</AltitudeMeters>
          <DistanceMeters>39134.4</DistanceMeters>
        </Trackpoint>
        <Trackpoint>
          <Time>2027-05-09T09:36:44Z</Time>
          <Position>
            <LatitudeDegrees>42.3205900</LatitudeDegrees>
            <LongitudeDegrees>-4.5605700</LongitudeDegrees>
          </Position>
          <AltitudeMeters>823.3</AltitudeMeters>
          <DistanceMeters>39185.3</DistanceMeters>
        </Trackpoint>
        <Trackpoint>
          <Time>2027-05-09T09:36:56Z</Time>
          <Position>
            <LatitudeDegrees>42.3207600</LatitudeDegrees>
            <LongitudeDegrees>-4.5611300</LongitudeDegrees>
          </Position>
          <AltitudeMeters>823.7</AltitudeMeters>
          <DistanceMeters>39235.1</DistanceMeters>
        </Trackpoint>
        <Trackpoint>
          <Time>2027-05-09T09:37:08Z</Time>
          <Position>
            <LatitudeDegrees>42.3209300</LatitudeDegrees>
            <LongitudeDegrees>-4.5616900</LongitudeDegrees>
          </Position>
          <AltitudeMeters>824.4</AltitudeMeters>
          <DistanceMeters>39284.9</DistanceMeters>
        </Trackpoint>
        <Trackpoint>
          <Time>2027-05-09T09:37:20Z</Time>
          <Position>
            <LatitudeDegrees>42.3211100</LatitudeDegrees>
            <LongitudeDegrees>-4.5622600</LongitudeDegrees>
          </Position>
          <AltitudeMeters>825.3</AltitudeMeters>
          <DistanceMeters>39335.8</DistanceMeters>
        </Trackpoint>
        <Trackpoint>
          <Time>2027-05-09T09:37:32Z</Time>
          <Position>
            <LatitudeDegrees>42.3212800</LatitudeDegrees>
            <LongitudeDegrees>-4.5628200</LongitudeDegrees>
          </Position>
          <AltitudeMeters>826.5</AltitudeMeters>
          <DistanceMeters>39385.6</DistanceMeters>
        </Trackpoint>
        <Trackpoint>
          <Time>2027-05-09T09:37:44Z</Time>
          <Position>
            <LatitudeDegrees>42.3214500</LatitudeDegrees>
            <LongitudeDegrees>-4.5633800</LongitudeDegrees>
          </Position>
          <AltitudeMeters>828.1</AltitudeMeters>
          <DistanceMeters>39435.4</DistanceMeters>
        </Trackpoint>
        <Trackpoint>
          <Time>2027-05-09T09:37:56Z</Time>
          <Position>
            <LatitudeDegrees>42.3216200</LatitudeDegrees>
            <LongitudeDegrees>-4.5639400</LongitudeDegrees>
          </Position>
          <AltitudeMeters>829.5</AltitudeMeters>
          <DistanceMeters>39485.1</DistanceMeters>
        </Trackpoint>
        <Trackpoint>
          <Time>2027-05-09T09:38:08Z</Time>
          <Position>
            <LatitudeDegrees>42.3218000</LatitudeDegrees>
            <LongitudeDegrees>-4.5645100</LongitudeDegrees>
          </Position>
          <AltitudeMeters>830.8</AltitudeMeters>
          <DistanceMeters>39536.1</DistanceMeters>
        </Trackpoint>
        <Trackpoint>
          <Time>2027-05-09T09:38:20Z</Time>
          <Position>
            <LatitudeDegrees>42.3219700</LatitudeDegrees>
            <LongitudeDegrees>-4.5650700</LongitudeDegrees>
          </Position>
          <AltitudeMeters>832.1</AltitudeMeters>
          <DistanceMeters>39585.9</DistanceMeters>
        </Trackpoint>
        <Trackpoint>
          <Time>2027-05-09T09:38:32Z</Time>
          <Position>
            <LatitudeDegrees>42.3221400</LatitudeDegrees>
            <LongitudeDegrees>-4.5656300</LongitudeDegrees>
          </Position>
          <AltitudeMeters>833.2</AltitudeMeters>
          <DistanceMeters>39635.6</DistanceMeters>
        </Trackpoint>
        <Trackpoint>
          <Time>2027-05-09T09:38:44Z</Time>
          <Position>
            <LatitudeDegrees>42.3223200</LatitudeDegrees>
            <LongitudeDegrees>-4.5662000</LongitudeDegrees>
          </Position>
          <AltitudeMeters>834.7</AltitudeMeters>
          <DistanceMeters>39686.6</DistanceMeters>
        </Trackpoint>
        <Trackpoint>
          <Time>2027-05-09T09:38:56Z</Time>
          <Position>
            <LatitudeDegrees>42.3224900</LatitudeDegrees>
            <LongitudeDegrees>-4.5667600</LongitudeDegrees>
          </Position>
          <AltitudeMeters>836.4</AltitudeMeters>
          <DistanceMeters>39736.4</DistanceMeters>
        </Trackpoint>
        <Trackpoint>
          <Time>2027-05-09T09:39:09Z</Time>
          <Position>
            <LatitudeDegrees>42.3227300</LatitudeDegrees>
            <LongitudeDegrees>-4.5673000</LongitudeDegrees>
          </Position>
          <AltitudeMeters>838.3</AltitudeMeters>
          <DistanceMeters>39788.1</DistanceMeters>
        </Trackpoint>
        <Trackpoint>
          <Time>2027-05-09T09:39:21Z</Time>
          <Position>
            <LatitudeDegrees>42.3229600</LatitudeDegrees>
            <LongitudeDegrees>-4.5678500</LongitudeDegrees>
          </Position>
          <AltitudeMeters>840.1</AltitudeMeters>
          <DistanceMeters>39840.1</DistanceMeters>
        </Trackpoint>
        <Trackpoint>
          <Time>2027-05-09T09:39:34Z</Time>
          <Position>
            <LatitudeDegrees>42.3232000</LatitudeDegrees>
            <LongitudeDegrees>-4.5683900</LongitudeDegrees>
          </Position>
          <AltitudeMeters>841.8</AltitudeMeters>
          <DistanceMeters>39891.9</DistanceMeters>
        </Trackpoint>
        <Trackpoint>
          <Time>2027-05-09T09:39:46Z</Time>
          <Position>
            <LatitudeDegrees>42.3234300</LatitudeDegrees>
            <LongitudeDegrees>-4.5689300</LongitudeDegrees>
          </Position>
          <AltitudeMeters>843.3</AltitudeMeters>
          <DistanceMeters>39943.1</DistanceMeters>
        </Trackpoint>
        <Trackpoint>
          <Time>2027-05-09T09:39:58Z</Time>
          <Position>
            <LatitudeDegrees>42.3236700</LatitudeDegrees>
            <LongitudeDegrees>-4.5694700</LongitudeDegrees>
          </Position>
          <AltitudeMeters>844.5</AltitudeMeters>
          <DistanceMeters>39994.9</DistanceMeters>
        </Trackpoint>
        <Trackpoint>
          <Time>2027-05-09T09:40:11Z</Time>
          <Position>
            <LatitudeDegrees>42.3239000</LatitudeDegrees>
            <LongitudeDegrees>-4.5700200</LongitudeDegrees>
          </Position>
          <AltitudeMeters>845.2</AltitudeMeters>
          <DistanceMeters>40046.9</DistanceMeters>
        </Trackpoint>
        <Trackpoint>
          <Time>2027-05-09T09:40:23Z</Time>
          <Position>
            <LatitudeDegrees>42.3241400</LatitudeDegrees>
            <LongitudeDegrees>-4.5705600</LongitudeDegrees>
          </Position>
          <AltitudeMeters>845.2</AltitudeMeters>
          <DistanceMeters>40098.7</DistanceMeters>
        </Trackpoint>
        <Trackpoint>
          <Time>2027-05-09T09:40:35Z</Time>
          <Position>
            <LatitudeDegrees>42.3243700</LatitudeDegrees>
            <LongitudeDegrees>-4.5711000</LongitudeDegrees>
          </Position>
          <AltitudeMeters>844.7</AltitudeMeters>
          <DistanceMeters>40149.9</DistanceMeters>
        </Trackpoint>
        <Trackpoint>
          <Time>2027-05-09T09:40:48Z</Time>
          <Position>
            <LatitudeDegrees>42.3246300</LatitudeDegrees>
            <LongitudeDegrees>-4.5716000</LongitudeDegrees>
          </Position>
          <AltitudeMeters>844.0</AltitudeMeters>
          <DistanceMeters>40200.2</DistanceMeters>
        </Trackpoint>
        <Trackpoint>
          <Time>2027-05-09T09:41:00Z</Time>
          <Position>
            <LatitudeDegrees>42.3248900</LatitudeDegrees>
            <LongitudeDegrees>-4.5721000</LongitudeDegrees>
          </Position>
          <AltitudeMeters>843.3</AltitudeMeters>
          <DistanceMeters>40250.4</DistanceMeters>
        </Trackpoint>
        <Trackpoint>
          <Time>2027-05-09T09:41:12Z</Time>
          <Position>
            <LatitudeDegrees>42.3251400</LatitudeDegrees>
            <LongitudeDegrees>-4.5726000</LongitudeDegrees>
          </Position>
          <AltitudeMeters>843.1</AltitudeMeters>
          <DistanceMeters>40300.0</DistanceMeters>
        </Trackpoint>
        <Trackpoint>
          <Time>2027-05-09T09:41:24Z</Time>
          <Position>
            <LatitudeDegrees>42.3254000</LatitudeDegrees>
            <LongitudeDegrees>-4.5731000</LongitudeDegrees>
          </Position>
          <AltitudeMeters>843.6</AltitudeMeters>
          <DistanceMeters>40350.3</DistanceMeters>
        </Trackpoint>
        <Trackpoint>
          <Time>2027-05-09T09:41:36Z</Time>
          <Position>
            <LatitudeDegrees>42.3256600</LatitudeDegrees>
            <LongitudeDegrees>-4.5736100</LongitudeDegrees>
          </Position>
          <AltitudeMeters>844.5</AltitudeMeters>
          <DistanceMeters>40401.2</DistanceMeters>
        </Trackpoint>
        <Trackpoint>
          <Time>2027-05-09T09:41:48Z</Time>
          <Position>
            <LatitudeDegrees>42.3259200</LatitudeDegrees>
            <LongitudeDegrees>-4.5741100</LongitudeDegrees>
          </Position>
          <AltitudeMeters>845.4</AltitudeMeters>
          <DistanceMeters>40451.5</DistanceMeters>
        </Trackpoint>
        <Trackpoint>
          <Time>2027-05-09T09:42:00Z</Time>
          <Position>
            <LatitudeDegrees>42.3261800</LatitudeDegrees>
            <LongitudeDegrees>-4.5746100</LongitudeDegrees>
          </Position>
          <AltitudeMeters>846.2</AltitudeMeters>
          <DistanceMeters>40501.7</DistanceMeters>
        </Trackpoint>
        <Trackpoint>
          <Time>2027-05-09T09:42:12Z</Time>
          <Position>
            <LatitudeDegrees>42.3264300</LatitudeDegrees>
            <LongitudeDegrees>-4.5751100</LongitudeDegrees>
          </Position>
          <AltitudeMeters>846.8</AltitudeMeters>
          <DistanceMeters>40551.4</DistanceMeters>
        </Trackpoint>
        <Trackpoint>
          <Time>2027-05-09T09:42:24Z</Time>
          <Position>
            <LatitudeDegrees>42.3266900</LatitudeDegrees>
            <LongitudeDegrees>-4.5756100</LongitudeDegrees>
          </Position>
          <AltitudeMeters>847.1</AltitudeMeters>
          <DistanceMeters>40601.6</DistanceMeters>
        </Trackpoint>
        <Trackpoint>
          <Time>2027-05-09T09:42:36Z</Time>
          <Position>
            <LatitudeDegrees>42.3269500</LatitudeDegrees>
            <LongitudeDegrees>-4.5761100</LongitudeDegrees>
          </Position>
          <AltitudeMeters>847.4</AltitudeMeters>
          <DistanceMeters>40651.9</DistanceMeters>
        </Trackpoint>
        <Trackpoint>
          <Time>2027-05-09T09:42:48Z</Time>
          <Position>
            <LatitudeDegrees>42.3272100</LatitudeDegrees>
            <LongitudeDegrees>-4.5766100</LongitudeDegrees>
          </Position>
          <AltitudeMeters>847.7</AltitudeMeters>
          <DistanceMeters>40702.1</DistanceMeters>
        </Trackpoint>
        <Trackpoint>
          <Time>2027-05-09T09:43:00Z</Time>
          <Position>
            <LatitudeDegrees>42.3274700</LatitudeDegrees>
            <LongitudeDegrees>-4.5771100</LongitudeDegrees>
          </Position>
          <AltitudeMeters>847.6</AltitudeMeters>
          <DistanceMeters>40752.4</DistanceMeters>
        </Trackpoint>
        <Trackpoint>
          <Time>2027-05-09T09:43:12Z</Time>
          <Position>
            <LatitudeDegrees>42.3277200</LatitudeDegrees>
            <LongitudeDegrees>-4.5776100</LongitudeDegrees>
          </Position>
          <AltitudeMeters>847.5</AltitudeMeters>
          <DistanceMeters>40802.0</DistanceMeters>
        </Trackpoint>
        <Trackpoint>
          <Time>2027-05-09T09:43:24Z</Time>
          <Position>
            <LatitudeDegrees>42.3279800</LatitudeDegrees>
            <LongitudeDegrees>-4.5781100</LongitudeDegrees>
          </Position>
          <AltitudeMeters>847.2</AltitudeMeters>
          <DistanceMeters>40852.2</DistanceMeters>
        </Trackpoint>
        <Trackpoint>
          <Time>2027-05-09T09:43:36Z</Time>
          <Position>
            <LatitudeDegrees>42.3282400</LatitudeDegrees>
            <LongitudeDegrees>-4.5786200</LongitudeDegrees>
          </Position>
          <AltitudeMeters>846.4</AltitudeMeters>
          <DistanceMeters>40903.2</DistanceMeters>
        </Trackpoint>
        <Trackpoint>
          <Time>2027-05-09T09:43:48Z</Time>
          <Position>
            <LatitudeDegrees>42.3285000</LatitudeDegrees>
            <LongitudeDegrees>-4.5791200</LongitudeDegrees>
          </Position>
          <AltitudeMeters>845.6</AltitudeMeters>
          <DistanceMeters>40953.4</DistanceMeters>
        </Trackpoint>
        <Trackpoint>
          <Time>2027-05-09T09:44:00Z</Time>
          <Position>
            <LatitudeDegrees>42.3287500</LatitudeDegrees>
            <LongitudeDegrees>-4.5796200</LongitudeDegrees>
          </Position>
          <AltitudeMeters>844.8</AltitudeMeters>
          <DistanceMeters>41003.0</DistanceMeters>
        </Trackpoint>
        <Trackpoint>
          <Time>2027-05-09T09:44:12Z</Time>
          <Position>
            <LatitudeDegrees>42.3290100</LatitudeDegrees>
            <LongitudeDegrees>-4.5801200</LongitudeDegrees>
          </Position>
          <AltitudeMeters>843.9</AltitudeMeters>
          <DistanceMeters>41053.3</DistanceMeters>
        </Trackpoint>
        <Trackpoint>
          <Time>2027-05-09T09:44:24Z</Time>
          <Position>
            <LatitudeDegrees>42.3292700</LatitudeDegrees>
            <LongitudeDegrees>-4.5806200</LongitudeDegrees>
          </Position>
          <AltitudeMeters>842.8</AltitudeMeters>
          <DistanceMeters>41103.5</DistanceMeters>
        </Trackpoint>
        <Trackpoint>
          <Time>2027-05-09T09:44:36Z</Time>
          <Position>
            <LatitudeDegrees>42.3295300</LatitudeDegrees>
            <LongitudeDegrees>-4.5811200</LongitudeDegrees>
          </Position>
          <AltitudeMeters>841.7</AltitudeMeters>
          <DistanceMeters>41153.8</DistanceMeters>
        </Trackpoint>
        <Trackpoint>
          <Time>2027-05-09T09:44:48Z</Time>
          <Position>
            <LatitudeDegrees>42.3297900</LatitudeDegrees>
            <LongitudeDegrees>-4.5816200</LongitudeDegrees>
          </Position>
          <AltitudeMeters>840.8</AltitudeMeters>
          <DistanceMeters>41204.0</DistanceMeters>
        </Trackpoint>
        <Trackpoint>
          <Time>2027-05-09T09:45:00Z</Time>
          <Position>
            <LatitudeDegrees>42.3300400</LatitudeDegrees>
            <LongitudeDegrees>-4.5821200</LongitudeDegrees>
          </Position>
          <AltitudeMeters>840.2</AltitudeMeters>
          <DistanceMeters>41253.7</DistanceMeters>
        </Trackpoint>
        <Trackpoint>
          <Time>2027-05-09T09:45:12Z</Time>
          <Position>
            <LatitudeDegrees>42.3303000</LatitudeDegrees>
            <LongitudeDegrees>-4.5826200</LongitudeDegrees>
          </Position>
          <AltitudeMeters>839.7</AltitudeMeters>
          <DistanceMeters>41303.9</DistanceMeters>
        </Trackpoint>
        <Trackpoint>
          <Time>2027-05-09T09:45:25Z</Time>
          <Position>
            <LatitudeDegrees>42.3305600</LatitudeDegrees>
            <LongitudeDegrees>-4.5831300</LongitudeDegrees>
          </Position>
          <AltitudeMeters>839.4</AltitudeMeters>
          <DistanceMeters>41354.8</DistanceMeters>
        </Trackpoint>
        <Trackpoint>
          <Time>2027-05-09T09:45:37Z</Time>
          <Position>
            <LatitudeDegrees>42.3308200</LatitudeDegrees>
            <LongitudeDegrees>-4.5836300</LongitudeDegrees>
          </Position>
          <AltitudeMeters>839.0</AltitudeMeters>
          <DistanceMeters>41405.1</DistanceMeters>
        </Trackpoint>
        <Trackpoint>
          <Time>2027-05-09T09:45:49Z</Time>
          <Position>
            <LatitudeDegrees>42.3310800</LatitudeDegrees>
            <LongitudeDegrees>-4.5841300</LongitudeDegrees>
          </Position>
          <AltitudeMeters>838.3</AltitudeMeters>
          <DistanceMeters>41455.3</DistanceMeters>
        </Trackpoint>
        <Trackpoint>
          <Time>2027-05-09T09:46:01Z</Time>
          <Position>
            <LatitudeDegrees>42.3313300</LatitudeDegrees>
            <LongitudeDegrees>-4.5846300</LongitudeDegrees>
          </Position>
          <AltitudeMeters>837.1</AltitudeMeters>
          <DistanceMeters>41505.0</DistanceMeters>
        </Trackpoint>
        <Trackpoint>
          <Time>2027-05-09T09:46:13Z</Time>
          <Position>
            <LatitudeDegrees>42.3315900</LatitudeDegrees>
            <LongitudeDegrees>-4.5851300</LongitudeDegrees>
          </Position>
          <AltitudeMeters>836.0</AltitudeMeters>
          <DistanceMeters>41555.2</DistanceMeters>
        </Trackpoint>
        <Trackpoint>
          <Time>2027-05-09T09:46:25Z</Time>
          <Position>
            <LatitudeDegrees>42.3318500</LatitudeDegrees>
            <LongitudeDegrees>-4.5856300</LongitudeDegrees>
          </Position>
          <AltitudeMeters>834.9</AltitudeMeters>
          <DistanceMeters>41605.5</DistanceMeters>
        </Trackpoint>
        <Trackpoint>
          <Time>2027-05-09T09:46:37Z</Time>
          <Position>
            <LatitudeDegrees>42.3321100</LatitudeDegrees>
            <LongitudeDegrees>-4.5861300</LongitudeDegrees>
          </Position>
          <AltitudeMeters>834.2</AltitudeMeters>
          <DistanceMeters>41655.7</DistanceMeters>
        </Trackpoint>
        <Trackpoint>
          <Time>2027-05-09T09:46:49Z</Time>
          <Position>
            <LatitudeDegrees>42.3323700</LatitudeDegrees>
            <LongitudeDegrees>-4.5866300</LongitudeDegrees>
          </Position>
          <AltitudeMeters>833.9</AltitudeMeters>
          <DistanceMeters>41706.0</DistanceMeters>
        </Trackpoint>
        <Trackpoint>
          <Time>2027-05-09T09:47:01Z</Time>
          <Position>
            <LatitudeDegrees>42.3326200</LatitudeDegrees>
            <LongitudeDegrees>-4.5871300</LongitudeDegrees>
          </Position>
          <AltitudeMeters>833.7</AltitudeMeters>
          <DistanceMeters>41755.6</DistanceMeters>
        </Trackpoint>
        <Trackpoint>
          <Time>2027-05-09T09:47:13Z</Time>
          <Position>
            <LatitudeDegrees>42.3328800</LatitudeDegrees>
            <LongitudeDegrees>-4.5876300</LongitudeDegrees>
          </Position>
          <AltitudeMeters>833.3</AltitudeMeters>
          <DistanceMeters>41805.8</DistanceMeters>
        </Trackpoint>
        <Trackpoint>
          <Time>2027-05-09T09:47:25Z</Time>
          <Position>
            <LatitudeDegrees>42.3331400</LatitudeDegrees>
            <LongitudeDegrees>-4.5881400</LongitudeDegrees>
          </Position>
          <AltitudeMeters>832.7</AltitudeMeters>
          <DistanceMeters>41856.8</DistanceMeters>
        </Trackpoint>
        <Trackpoint>
          <Time>2027-05-09T09:47:37Z</Time>
          <Position>
            <LatitudeDegrees>42.3334000</LatitudeDegrees>
            <LongitudeDegrees>-4.5886400</LongitudeDegrees>
          </Position>
          <AltitudeMeters>831.5</AltitudeMeters>
          <DistanceMeters>41907.0</DistanceMeters>
        </Trackpoint>
        <Trackpoint>
          <Time>2027-05-09T09:47:49Z</Time>
          <Position>
            <LatitudeDegrees>42.3336600</LatitudeDegrees>
            <LongitudeDegrees>-4.5891400</LongitudeDegrees>
          </Position>
          <AltitudeMeters>829.9</AltitudeMeters>
          <DistanceMeters>41957.3</DistanceMeters>
        </Trackpoint>
        <Trackpoint>
          <Time>2027-05-09T09:48:01Z</Time>
          <Position>
            <LatitudeDegrees>42.3339100</LatitudeDegrees>
            <LongitudeDegrees>-4.5896400</LongitudeDegrees>
          </Position>
          <AltitudeMeters>828.4</AltitudeMeters>
          <DistanceMeters>42006.9</DistanceMeters>
        </Trackpoint>
        <Trackpoint>
          <Time>2027-05-09T09:48:13Z</Time>
          <Position>
            <LatitudeDegrees>42.3341700</LatitudeDegrees>
            <LongitudeDegrees>-4.5901400</LongitudeDegrees>
          </Position>
          <AltitudeMeters>827.2</AltitudeMeters>
          <DistanceMeters>42057.1</DistanceMeters>
        </Trackpoint>
        <Trackpoint>
          <Time>2027-05-09T09:48:25Z</Time>
          <Position>
            <LatitudeDegrees>42.3344300</LatitudeDegrees>
            <LongitudeDegrees>-4.5906400</LongitudeDegrees>
          </Position>
          <AltitudeMeters>826.1</AltitudeMeters>
          <DistanceMeters>42107.4</DistanceMeters>
        </Trackpoint>
        <Trackpoint>
          <Time>2027-05-09T09:48:37Z</Time>
          <Position>
            <LatitudeDegrees>42.3346900</LatitudeDegrees>
            <LongitudeDegrees>-4.5911400</LongitudeDegrees>
          </Position>
          <AltitudeMeters>825.3</AltitudeMeters>
          <DistanceMeters>42157.6</DistanceMeters>
        </Trackpoint>
        <Trackpoint>
          <Time>2027-05-09T09:48:49Z</Time>
          <Position>
            <LatitudeDegrees>42.3349400</LatitudeDegrees>
            <LongitudeDegrees>-4.5916400</LongitudeDegrees>
          </Position>
          <AltitudeMeters>824.6</AltitudeMeters>
          <DistanceMeters>42207.2</DistanceMeters>
        </Trackpoint>
        <Trackpoint>
          <Time>2027-05-09T09:49:01Z</Time>
          <Position>
            <LatitudeDegrees>42.3352000</LatitudeDegrees>
            <LongitudeDegrees>-4.5921400</LongitudeDegrees>
          </Position>
          <AltitudeMeters>824.0</AltitudeMeters>
          <DistanceMeters>42257.5</DistanceMeters>
        </Trackpoint>
        <Trackpoint>
          <Time>2027-05-09T09:49:13Z</Time>
          <Position>
            <LatitudeDegrees>42.3354600</LatitudeDegrees>
            <LongitudeDegrees>-4.5926400</LongitudeDegrees>
          </Position>
          <AltitudeMeters>823.6</AltitudeMeters>
          <DistanceMeters>42307.7</DistanceMeters>
        </Trackpoint>
        <Trackpoint>
          <Time>2027-05-09T09:49:26Z</Time>
          <Position>
            <LatitudeDegrees>42.3357200</LatitudeDegrees>
            <LongitudeDegrees>-4.5931500</LongitudeDegrees>
          </Position>
          <AltitudeMeters>823.5</AltitudeMeters>
          <DistanceMeters>42358.7</DistanceMeters>
        </Trackpoint>
        <Trackpoint>
          <Time>2027-05-09T09:49:38Z</Time>
          <Position>
            <LatitudeDegrees>42.3359800</LatitudeDegrees>
            <LongitudeDegrees>-4.5936500</LongitudeDegrees>
          </Position>
          <AltitudeMeters>823.9</AltitudeMeters>
          <DistanceMeters>42408.9</DistanceMeters>
        </Trackpoint>
        <Trackpoint>
          <Time>2027-05-09T09:49:50Z</Time>
          <Position>
            <LatitudeDegrees>42.3362300</LatitudeDegrees>
            <LongitudeDegrees>-4.5941500</LongitudeDegrees>
          </Position>
          <AltitudeMeters>824.7</AltitudeMeters>
          <DistanceMeters>42458.5</DistanceMeters>
        </Trackpoint>
        <Trackpoint>
          <Time>2027-05-09T09:50:02Z</Time>
          <Position>
            <LatitudeDegrees>42.3364900</LatitudeDegrees>
            <LongitudeDegrees>-4.5946500</LongitudeDegrees>
          </Position>
          <AltitudeMeters>825.5</AltitudeMeters>
          <DistanceMeters>42508.8</DistanceMeters>
        </Trackpoint>
        <Trackpoint>
          <Time>2027-05-09T09:50:14Z</Time>
          <Position>
            <LatitudeDegrees>42.3367500</LatitudeDegrees>
            <LongitudeDegrees>-4.5951500</LongitudeDegrees>
          </Position>
          <AltitudeMeters>826.3</AltitudeMeters>
          <DistanceMeters>42559.0</DistanceMeters>
        </Trackpoint>
        <Trackpoint>
          <Time>2027-05-09T09:50:28Z</Time>
          <Position>
            <LatitudeDegrees>42.3371000</LatitudeDegrees>
            <LongitudeDegrees>-4.5957300</LongitudeDegrees>
          </Position>
          <AltitudeMeters>827.0</AltitudeMeters>
          <DistanceMeters>42620.6</DistanceMeters>
        </Trackpoint>
        <Trackpoint>
          <Time>2027-05-09T09:50:43Z</Time>
          <Position>
            <LatitudeDegrees>42.3374400</LatitudeDegrees>
            <LongitudeDegrees>-4.5963100</LongitudeDegrees>
          </Position>
          <AltitudeMeters>827.7</AltitudeMeters>
          <DistanceMeters>42681.4</DistanceMeters>
        </Trackpoint>
        <Trackpoint>
          <Time>2027-05-09T09:51:07Z</Time>
          <Position>
            <LatitudeDegrees>42.3374000</LatitudeDegrees>
            <LongitudeDegrees>-4.5975100</LongitudeDegrees>
          </Position>
          <AltitudeMeters>828.4</AltitudeMeters>
          <DistanceMeters>42780.1</DistanceMeters>
        </Trackpoint>
        <Trackpoint>
          <Time>2027-05-09T09:51:29Z</Time>
          <Position>
            <LatitudeDegrees>42.3370500</LatitudeDegrees>
            <LongitudeDegrees>-4.5985500</LongitudeDegrees>
          </Position>
          <AltitudeMeters>829.1</AltitudeMeters>
          <DistanceMeters>42874.1</DistanceMeters>
        </Trackpoint>
        <Trackpoint>
          <Time>2027-05-09T09:51:49Z</Time>
          <Position>
            <LatitudeDegrees>42.3368700</LatitudeDegrees>
            <LongitudeDegrees>-4.5995000</LongitudeDegrees>
          </Position>
          <AltitudeMeters>829.9</AltitudeMeters>
          <DistanceMeters>42954.7</DistanceMeters>
        </Trackpoint>
        <Trackpoint>
          <Time>2027-05-09T09:52:01Z</Time>
          <Position>
            <LatitudeDegrees>42.3366700</LatitudeDegrees>
            <LongitudeDegrees>-4.6000500</LongitudeDegrees>
          </Position>
          <AltitudeMeters>830.6</AltitudeMeters>
          <DistanceMeters>43005.1</DistanceMeters>
        </Trackpoint>
        <Trackpoint>
          <Time>2027-05-09T09:52:13Z</Time>
          <Position>
            <LatitudeDegrees>42.3364700</LatitudeDegrees>
            <LongitudeDegrees>-4.6006000</LongitudeDegrees>
          </Position>
          <AltitudeMeters>831.4</AltitudeMeters>
          <DistanceMeters>43055.4</DistanceMeters>
        </Trackpoint>
        <Trackpoint>
          <Time>2027-05-09T09:52:27Z</Time>
          <Position>
            <LatitudeDegrees>42.3369800</LatitudeDegrees>
            <LongitudeDegrees>-4.6006900</LongitudeDegrees>
          </Position>
          <AltitudeMeters>832.3</AltitudeMeters>
          <DistanceMeters>43112.6</DistanceMeters>
        </Trackpoint>
        <Trackpoint>
          <Time>2027-05-09T09:52:39Z</Time>
          <Position>
            <LatitudeDegrees>42.3371600</LatitudeDegrees>
            <LongitudeDegrees>-4.6013000</LongitudeDegrees>
          </Position>
          <AltitudeMeters>833.1</AltitudeMeters>
          <DistanceMeters>43166.6</DistanceMeters>
        </Trackpoint>
        <Trackpoint>
          <Time>2027-05-09T09:52:51Z</Time>
          <Position>
            <LatitudeDegrees>42.3372400</LatitudeDegrees>
            <LongitudeDegrees>-4.6018600</LongitudeDegrees>
          </Position>
          <AltitudeMeters>834.0</AltitudeMeters>
          <DistanceMeters>43213.5</DistanceMeters>
        </Trackpoint>
        <Trackpoint>
          <Time>2027-05-09T09:53:12Z</Time>
          <Position>
            <LatitudeDegrees>42.3380300</LatitudeDegrees>
            <LongitudeDegrees>-4.6016500</LongitudeDegrees>
          </Position>
          <AltitudeMeters>835.7</AltitudeMeters>
          <DistanceMeters>43303.0</DistanceMeters>
        </Trackpoint>
        <Trackpoint>
          <Time>2027-05-09T09:53:24Z</Time>
          <Position>
            <LatitudeDegrees>42.3383400</LatitudeDegrees>
            <LongitudeDegrees>-4.6020900</LongitudeDegrees>
          </Position>
          <AltitudeMeters>837.3</AltitudeMeters>
          <DistanceMeters>43353.0</DistanceMeters>
        </Trackpoint>
        <Trackpoint>
          <Time>2027-05-09T09:53:43Z</Time>
          <Position>
            <LatitudeDegrees>42.3386900</LatitudeDegrees>
            <LongitudeDegrees>-4.6029100</LongitudeDegrees>
          </Position>
          <AltitudeMeters>838.7</AltitudeMeters>
          <DistanceMeters>43430.8</DistanceMeters>
        </Trackpoint>
        <Trackpoint>
          <Time>2027-05-09T09:53:58Z</Time>
          <Position>
            <LatitudeDegrees>42.3392100</LatitudeDegrees>
            <LongitudeDegrees>-4.6031900</LongitudeDegrees>
          </Position>
          <AltitudeMeters>839.9</AltitudeMeters>
          <DistanceMeters>43493.0</DistanceMeters>
        </Trackpoint>
        <Trackpoint>
          <Time>2027-05-09T09:54:02Z</Time>
          <Position>
            <LatitudeDegrees>42.3393200</LatitudeDegrees>
            <LongitudeDegrees>-4.6030600</LongitudeDegrees>
          </Position>
          <AltitudeMeters>840.9</AltitudeMeters>
          <DistanceMeters>43509.3</DistanceMeters>
        </Trackpoint>
        <Trackpoint>
          <Time>2027-05-09T09:54:03Z</Time>
          <Position>
            <LatitudeDegrees>42.3393700</LatitudeDegrees>
            <LongitudeDegrees>-4.6030800</LongitudeDegrees>
          </Position>
          <AltitudeMeters>841.0</AltitudeMeters>
          <DistanceMeters>43515.1</DistanceMeters>
        </Trackpoint>
        <Trackpoint>
          <Time>2027-05-09T09:54:11Z</Time>
          <Position>
            <LatitudeDegrees>42.3396100</LatitudeDegrees>
            <LongitudeDegrees>-4.6033100</LongitudeDegrees>
          </Position>
          <AltitudeMeters>840.8</AltitudeMeters>
          <DistanceMeters>43547.8</DistanceMeters>
        </Trackpoint>
        <Trackpoint>
          <Time>2027-05-09T09:54:17Z</Time>
          <Position>
            <LatitudeDegrees>42.3398300</LatitudeDegrees>
            <LongitudeDegrees>-4.6033900</LongitudeDegrees>
          </Position>
          <AltitudeMeters>840.7</AltitudeMeters>
          <DistanceMeters>43573.1</DistanceMeters>
        </Trackpoint>
        <Trackpoint>
          <Time>2027-05-09T09:54:29Z</Time>
          <Position>
            <LatitudeDegrees>42.3397500</LatitudeDegrees>
            <LongitudeDegrees>-4.6040000</LongitudeDegrees>
          </Position>
          <AltitudeMeters>840.6</AltitudeMeters>
          <DistanceMeters>43624.0</DistanceMeters>
        </Trackpoint>
        <Trackpoint>
          <Time>2027-05-09T09:54:36Z</Time>
          <Position>
            <LatitudeDegrees>42.3400000</LatitudeDegrees>
            <LongitudeDegrees>-4.6041100</LongitudeDegrees>
          </Position>
          <AltitudeMeters>840.5</AltitudeMeters>
          <DistanceMeters>43653.3</DistanceMeters>
        </Trackpoint>
        <Trackpoint>
          <Time>2027-05-09T09:54:48Z</Time>
          <Position>
            <LatitudeDegrees>42.3396900</LatitudeDegrees>
            <LongitudeDegrees>-4.6045300</LongitudeDegrees>
          </Position>
          <AltitudeMeters>839.5</AltitudeMeters>
          <DistanceMeters>43702.1</DistanceMeters>
        </Trackpoint>
        <Trackpoint>
          <Time>2027-05-09T09:54:55Z</Time>
          <Position>
            <LatitudeDegrees>42.3395600</LatitudeDegrees>
            <LongitudeDegrees>-4.6048500</LongitudeDegrees>
          </Position>
          <AltitudeMeters>838.0</AltitudeMeters>
          <DistanceMeters>43732.1</DistanceMeters>
        </Trackpoint>
        <Trackpoint>
          <Time>2027-05-09T09:55:16Z</Time>
          <Position>
            <LatitudeDegrees>42.3393600</LatitudeDegrees>
            <LongitudeDegrees>-4.6058700</LongitudeDegrees>
          </Position>
          <AltitudeMeters>834.5</AltitudeMeters>
          <DistanceMeters>43818.8</DistanceMeters>
        </Trackpoint>
        <Trackpoint>
          <Time>2027-05-09T09:55:21Z</Time>
          <Position>
            <LatitudeDegrees>42.3394000</LatitudeDegrees>
            <LongitudeDegrees>-4.6061100</LongitudeDegrees>
          </Position>
          <AltitudeMeters>830.6</AltitudeMeters>
          <DistanceMeters>43839.0</DistanceMeters>
        </Trackpoint>
        <Trackpoint>
          <Time>2027-05-09T09:55:34Z</Time>
          <Position>
            <LatitudeDegrees>42.3396600</LatitudeDegrees>
            <LongitudeDegrees>-4.6066600</LongitudeDegrees>
          </Position>
          <AltitudeMeters>827.0</AltitudeMeters>
          <DistanceMeters>43892.7</DistanceMeters>
        </Trackpoint>
        <Trackpoint>
          <Time>2027-05-09T09:55:49Z</Time>
          <Position>
            <LatitudeDegrees>42.3396300</LatitudeDegrees>
            <LongitudeDegrees>-4.6074500</LongitudeDegrees>
          </Position>
          <AltitudeMeters>824.4</AltitudeMeters>
          <DistanceMeters>43957.7</DistanceMeters>
        </Trackpoint>
        <Trackpoint>
          <Time>2027-05-09T09:56:05Z</Time>
          <Position>
            <LatitudeDegrees>42.3396000</LatitudeDegrees>
            <LongitudeDegrees>-4.6082300</LongitudeDegrees>
          </Position>
          <AltitudeMeters>823.1</AltitudeMeters>
          <DistanceMeters>44021.9</DistanceMeters>
        </Trackpoint>
        <Trackpoint>
          <Time>2027-05-09T09:56:09Z</Time>
          <Position>
            <LatitudeDegrees>42.3396500</LatitudeDegrees>
            <LongitudeDegrees>-4.6084400</LongitudeDegrees>
          </Position>
          <AltitudeMeters>823.9</AltitudeMeters>
          <DistanceMeters>44040.0</DistanceMeters>
        </Trackpoint>
        <Trackpoint>
          <Time>2027-05-09T09:56:25Z</Time>
          <Position>
            <LatitudeDegrees>42.3400000</LatitudeDegrees>
            <LongitudeDegrees>-4.6090800</LongitudeDegrees>
          </Position>
          <AltitudeMeters>825.2</AltitudeMeters>
          <DistanceMeters>44105.5</DistanceMeters>
        </Trackpoint>
        <Trackpoint>
          <Time>2027-05-09T09:56:41Z</Time>
          <Position>
            <LatitudeDegrees>42.3403600</LatitudeDegrees>
            <LongitudeDegrees>-4.6097300</LongitudeDegrees>
          </Position>
          <AltitudeMeters>826.3</AltitudeMeters>
          <DistanceMeters>44172.2</DistanceMeters>
        </Trackpoint>
        <Trackpoint>
          <Time>2027-05-09T09:56:57Z</Time>
          <Position>
            <LatitudeDegrees>42.3407100</LatitudeDegrees>
            <LongitudeDegrees>-4.6103700</LongitudeDegrees>
          </Position>
          <AltitudeMeters>826.8</AltitudeMeters>
          <DistanceMeters>44237.7</DistanceMeters>
        </Trackpoint>
        <Trackpoint>
          <Time>2027-05-09T09:57:11Z</Time>
          <Position>
            <LatitudeDegrees>42.3407200</LatitudeDegrees>
            <LongitudeDegrees>-4.6111200</LongitudeDegrees>
          </Position>
          <AltitudeMeters>826.4</AltitudeMeters>
          <DistanceMeters>44299.3</DistanceMeters>
        </Trackpoint>
        <Trackpoint>
          <Time>2027-05-09T09:57:26Z</Time>
          <Position>
            <LatitudeDegrees>42.3407200</LatitudeDegrees>
            <LongitudeDegrees>-4.6118800</LongitudeDegrees>
          </Position>
          <AltitudeMeters>825.9</AltitudeMeters>
          <DistanceMeters>44361.8</DistanceMeters>
        </Trackpoint>
        <Trackpoint>
          <Time>2027-05-09T09:57:41Z</Time>
          <Position>
            <LatitudeDegrees>42.3407300</LatitudeDegrees>
            <LongitudeDegrees>-4.6126300</LongitudeDegrees>
          </Position>
          <AltitudeMeters>825.3</AltitudeMeters>
          <DistanceMeters>44423.4</DistanceMeters>
        </Trackpoint>
        <Trackpoint>
          <Time>2027-05-09T09:57:48Z</Time>
          <Position>
            <LatitudeDegrees>42.3407800</LatitudeDegrees>
            <LongitudeDegrees>-4.6129700</LongitudeDegrees>
          </Position>
          <AltitudeMeters>824.8</AltitudeMeters>
          <DistanceMeters>44451.9</DistanceMeters>
        </Trackpoint>
        <Trackpoint>
          <Time>2027-05-09T09:57:59Z</Time>
          <Position>
            <LatitudeDegrees>42.3409800</LatitudeDegrees>
            <LongitudeDegrees>-4.6134400</LongitudeDegrees>
          </Position>
          <AltitudeMeters>824.9</AltitudeMeters>
          <DistanceMeters>44496.5</DistanceMeters>
        </Trackpoint>
        <Trackpoint>
          <Time>2027-05-09T09:58:05Z</Time>
          <Position>
            <LatitudeDegrees>42.3408700</LatitudeDegrees>
            <LongitudeDegrees>-4.6137200</LongitudeDegrees>
          </Position>
          <AltitudeMeters>825.1</AltitudeMeters>
          <DistanceMeters>44522.6</DistanceMeters>
        </Trackpoint>
        <Trackpoint>
          <Time>2027-05-09T09:58:12Z</Time>
          <Position>
            <LatitudeDegrees>42.3408500</LatitudeDegrees>
            <LongitudeDegrees>-4.6141000</LongitudeDegrees>
          </Position>
          <AltitudeMeters>825.1</AltitudeMeters>
          <DistanceMeters>44553.9</DistanceMeters>
        </Trackpoint>
        <Trackpoint>
          <Time>2027-05-09T09:58:25Z</Time>
          <Position>
            <LatitudeDegrees>42.3408900</LatitudeDegrees>
            <LongitudeDegrees>-4.6147400</LongitudeDegrees>
          </Position>
          <AltitudeMeters>824.8</AltitudeMeters>
          <DistanceMeters>44606.7</DistanceMeters>
        </Trackpoint>
        <Trackpoint>
          <Time>2027-05-09T09:58:38Z</Time>
          <Position>
            <LatitudeDegrees>42.3409200</LatitudeDegrees>
            <LongitudeDegrees>-4.6153800</LongitudeDegrees>
          </Position>
          <AltitudeMeters>824.4</AltitudeMeters>
          <DistanceMeters>44659.4</DistanceMeters>
        </Trackpoint>
        <Trackpoint>
          <Time>2027-05-09T09:58:50Z</Time>
          <Position>
            <LatitudeDegrees>42.3409600</LatitudeDegrees>
            <LongitudeDegrees>-4.6160200</LongitudeDegrees>
          </Position>
          <AltitudeMeters>824.0</AltitudeMeters>
          <DistanceMeters>44712.1</DistanceMeters>
        </Trackpoint>
        <Trackpoint>
          <Time>2027-05-09T09:59:03Z</Time>
          <Position>
            <LatitudeDegrees>42.3410000</LatitudeDegrees>
            <LongitudeDegrees>-4.6166600</LongitudeDegrees>
          </Position>
          <AltitudeMeters>823.7</AltitudeMeters>
          <DistanceMeters>44764.9</DistanceMeters>
        </Trackpoint>
        <Trackpoint>
          <Time>2027-05-09T09:59:16Z</Time>
          <Position>
            <LatitudeDegrees>42.3410300</LatitudeDegrees>
            <LongitudeDegrees>-4.6173100</LongitudeDegrees>
          </Position>
          <AltitudeMeters>823.3</AltitudeMeters>
          <DistanceMeters>44818.5</DistanceMeters>
        </Trackpoint>
        <Trackpoint>
          <Time>2027-05-09T09:59:29Z</Time>
          <Position>
            <LatitudeDegrees>42.3410700</LatitudeDegrees>
            <LongitudeDegrees>-4.6179500</LongitudeDegrees>
          </Position>
          <AltitudeMeters>823.0</AltitudeMeters>
          <DistanceMeters>44871.3</DistanceMeters>
        </Trackpoint>
        <Trackpoint>
          <Time>2027-05-09T09:59:41Z</Time>
          <Position>
            <LatitudeDegrees>42.3411000</LatitudeDegrees>
            <LongitudeDegrees>-4.6185900</LongitudeDegrees>
          </Position>
          <AltitudeMeters>823.0</AltitudeMeters>
          <DistanceMeters>44924.0</DistanceMeters>
        </Trackpoint>
        <Trackpoint>
          <Time>2027-05-09T09:59:54Z</Time>
          <Position>
            <LatitudeDegrees>42.3411400</LatitudeDegrees>
            <LongitudeDegrees>-4.6192300</LongitudeDegrees>
          </Position>
          <AltitudeMeters>823.1</AltitudeMeters>
          <DistanceMeters>44976.8</DistanceMeters>
        </Trackpoint>
        <Trackpoint>
          <Time>2027-05-09T10:00:12Z</Time>
          <Position>
            <LatitudeDegrees>42.3412400</LatitudeDegrees>
            <LongitudeDegrees>-4.6201200</LongitudeDegrees>
          </Position>
          <AltitudeMeters>823.2</AltitudeMeters>
          <DistanceMeters>45050.7</DistanceMeters>
        </Trackpoint>
        <Trackpoint>
          <Time>2027-05-09T10:00:29Z</Time>
          <Position>
            <LatitudeDegrees>42.3413300</LatitudeDegrees>
            <LongitudeDegrees>-4.6210000</LongitudeDegrees>
          </Position>
          <AltitudeMeters>823.5</AltitudeMeters>
          <DistanceMeters>45123.8</DistanceMeters>
        </Trackpoint>
        <Trackpoint>
          <Time>2027-05-09T10:00:44Z</Time>
          <Position>
            <LatitudeDegrees>42.3412500</LatitudeDegrees>
            <LongitudeDegrees>-4.6217400</LongitudeDegrees>
          </Position>
          <AltitudeMeters>823.9</AltitudeMeters>
          <DistanceMeters>45185.2</DistanceMeters>
        </Trackpoint>
        <Trackpoint>
          <Time>2027-05-09T10:00:48Z</Time>
          <Position>
            <LatitudeDegrees>42.3413100</LatitudeDegrees>
            <LongitudeDegrees>-4.6219400</LongitudeDegrees>
          </Position>
          <AltitudeMeters>824.1</AltitudeMeters>
          <DistanceMeters>45203.0</DistanceMeters>
        </Trackpoint>
        <Trackpoint>
          <Time>2027-05-09T10:00:52Z</Time>
          <Position>
            <LatitudeDegrees>42.3414100</LatitudeDegrees>
            <LongitudeDegrees>-4.6220500</LongitudeDegrees>
          </Position>
          <AltitudeMeters>824.0</AltitudeMeters>
          <DistanceMeters>45217.3</DistanceMeters>
        </Trackpoint>
        <Trackpoint>
          <Time>2027-05-09T10:00:56Z</Time>
          <Position>
            <LatitudeDegrees>42.3414500</LatitudeDegrees>
            <LongitudeDegrees>-4.6222600</LongitudeDegrees>
          </Position>
          <AltitudeMeters>824.1</AltitudeMeters>
          <DistanceMeters>45235.1</DistanceMeters>
        </Trackpoint>
        <Trackpoint>
          <Time>2027-05-09T10:01:08Z</Time>
          <Position>
            <LatitudeDegrees>42.3415000</LatitudeDegrees>
            <LongitudeDegrees>-4.6228900</LongitudeDegrees>
          </Position>
          <AltitudeMeters>824.2</AltitudeMeters>
          <DistanceMeters>45287.2</DistanceMeters>
        </Trackpoint>
        <Trackpoint>
          <Time>2027-05-09T10:01:21Z</Time>
          <Position>
            <LatitudeDegrees>42.3415500</LatitudeDegrees>
            <LongitudeDegrees>-4.6235200</LongitudeDegrees>
          </Position>
          <AltitudeMeters>824.6</AltitudeMeters>
          <DistanceMeters>45339.3</DistanceMeters>
        </Trackpoint>
        <Trackpoint>
          <Time>2027-05-09T10:01:33Z</Time>
          <Position>
            <LatitudeDegrees>42.3416000</LatitudeDegrees>
            <LongitudeDegrees>-4.6241500</LongitudeDegrees>
          </Position>
          <AltitudeMeters>825.3</AltitudeMeters>
          <DistanceMeters>45391.3</DistanceMeters>
        </Trackpoint>
        <Trackpoint>
          <Time>2027-05-09T10:01:46Z</Time>
          <Position>
            <LatitudeDegrees>42.3416600</LatitudeDegrees>
            <LongitudeDegrees>-4.6247900</LongitudeDegrees>
          </Position>
          <AltitudeMeters>826.0</AltitudeMeters>
          <DistanceMeters>45444.4</DistanceMeters>
        </Trackpoint>
        <Trackpoint>
          <Time>2027-05-09T10:01:59Z</Time>
          <Position>
            <LatitudeDegrees>42.3417100</LatitudeDegrees>
            <LongitudeDegrees>-4.6254200</LongitudeDegrees>
          </Position>
          <AltitudeMeters>826.5</AltitudeMeters>
          <DistanceMeters>45496.4</DistanceMeters>
        </Trackpoint>
        <Trackpoint>
          <Time>2027-05-09T10:02:11Z</Time>
          <Position>
            <LatitudeDegrees>42.3417600</LatitudeDegrees>
            <LongitudeDegrees>-4.6260500</LongitudeDegrees>
          </Position>
          <AltitudeMeters>826.7</AltitudeMeters>
          <DistanceMeters>45548.5</DistanceMeters>
        </Trackpoint>
        <Trackpoint>
          <Time>2027-05-09T10:02:24Z</Time>
          <Position>
            <LatitudeDegrees>42.3418100</LatitudeDegrees>
            <LongitudeDegrees>-4.6266800</LongitudeDegrees>
          </Position>
          <AltitudeMeters>826.9</AltitudeMeters>
          <DistanceMeters>45600.6</DistanceMeters>
        </Trackpoint>
        <Trackpoint>
          <Time>2027-05-09T10:02:38Z</Time>
          <Position>
            <LatitudeDegrees>42.3419000</LatitudeDegrees>
            <LongitudeDegrees>-4.6274200</LongitudeDegrees>
          </Position>
          <AltitudeMeters>826.6</AltitudeMeters>
          <DistanceMeters>45662.2</DistanceMeters>
        </Trackpoint>
        <Trackpoint>
          <Time>2027-05-09T10:02:53Z</Time>
          <Position>
            <LatitudeDegrees>42.3419800</LatitudeDegrees>
            <LongitudeDegrees>-4.6281700</LongitudeDegrees>
          </Position>
          <AltitudeMeters>826.0</AltitudeMeters>
          <DistanceMeters>45724.5</DistanceMeters>
        </Trackpoint>
        <Trackpoint>
          <Time>2027-05-09T10:03:08Z</Time>
          <Position>
            <LatitudeDegrees>42.3420700</LatitudeDegrees>
            <LongitudeDegrees>-4.6289100</LongitudeDegrees>
          </Position>
          <AltitudeMeters>825.6</AltitudeMeters>
          <DistanceMeters>45786.2</DistanceMeters>
        </Trackpoint>
        <Trackpoint>
          <Time>2027-05-09T10:03:23Z</Time>
          <Position>
            <LatitudeDegrees>42.3421500</LatitudeDegrees>
            <LongitudeDegrees>-4.6296500</LongitudeDegrees>
          </Position>
          <AltitudeMeters>825.5</AltitudeMeters>
          <DistanceMeters>45847.6</DistanceMeters>
        </Trackpoint>
        <Trackpoint>
          <Time>2027-05-09T10:03:35Z</Time>
          <Position>
            <LatitudeDegrees>42.3422000</LatitudeDegrees>
            <LongitudeDegrees>-4.6302600</LongitudeDegrees>
          </Position>
          <AltitudeMeters>825.2</AltitudeMeters>
          <DistanceMeters>45898.1</DistanceMeters>
        </Trackpoint>
        <Trackpoint>
          <Time>2027-05-09T10:03:47Z</Time>
          <Position>
            <LatitudeDegrees>42.3422500</LatitudeDegrees>
            <LongitudeDegrees>-4.6308700</LongitudeDegrees>
          </Position>
          <AltitudeMeters>825.1</AltitudeMeters>
          <DistanceMeters>45948.5</DistanceMeters>
        </Trackpoint>
        <Trackpoint>
          <Time>2027-05-09T10:03:59Z</Time>
          <Position>
            <LatitudeDegrees>42.3423000</LatitudeDegrees>
            <LongitudeDegrees>-4.6314800</LongitudeDegrees>
          </Position>
          <AltitudeMeters>825.5</AltitudeMeters>
          <DistanceMeters>45998.9</DistanceMeters>
        </Trackpoint>
        <Trackpoint>
          <Time>2027-05-09T10:04:11Z</Time>
          <Position>
            <LatitudeDegrees>42.3423600</LatitudeDegrees>
            <LongitudeDegrees>-4.6320900</LongitudeDegrees>
          </Position>
          <AltitudeMeters>826.0</AltitudeMeters>
          <DistanceMeters>46049.5</DistanceMeters>
        </Trackpoint>
        <Trackpoint>
          <Time>2027-05-09T10:04:23Z</Time>
          <Position>
            <LatitudeDegrees>42.3424100</LatitudeDegrees>
            <LongitudeDegrees>-4.6327000</LongitudeDegrees>
          </Position>
          <AltitudeMeters>826.4</AltitudeMeters>
          <DistanceMeters>46100.0</DistanceMeters>
        </Trackpoint>
        <Trackpoint>
          <Time>2027-05-09T10:04:36Z</Time>
          <Position>
            <LatitudeDegrees>42.3424600</LatitudeDegrees>
            <LongitudeDegrees>-4.6333100</LongitudeDegrees>
          </Position>
          <AltitudeMeters>826.9</AltitudeMeters>
          <DistanceMeters>46150.4</DistanceMeters>
        </Trackpoint>
        <Trackpoint>
          <Time>2027-05-09T10:04:48Z</Time>
          <Position>
            <LatitudeDegrees>42.3425100</LatitudeDegrees>
            <LongitudeDegrees>-4.6339100</LongitudeDegrees>
          </Position>
          <AltitudeMeters>827.3</AltitudeMeters>
          <DistanceMeters>46200.0</DistanceMeters>
        </Trackpoint>
        <Trackpoint>
          <Time>2027-05-09T10:05:00Z</Time>
          <Position>
            <LatitudeDegrees>42.3425600</LatitudeDegrees>
            <LongitudeDegrees>-4.6345200</LongitudeDegrees>
          </Position>
          <AltitudeMeters>827.5</AltitudeMeters>
          <DistanceMeters>46250.5</DistanceMeters>
        </Trackpoint>
        <Trackpoint>
          <Time>2027-05-09T10:05:12Z</Time>
          <Position>
            <LatitudeDegrees>42.3426100</LatitudeDegrees>
            <LongitudeDegrees>-4.6351300</LongitudeDegrees>
          </Position>
          <AltitudeMeters>827.4</AltitudeMeters>
          <DistanceMeters>46300.9</DistanceMeters>
        </Trackpoint>
        <Trackpoint>
          <Time>2027-05-09T10:05:24Z</Time>
          <Position>
            <LatitudeDegrees>42.3426700</LatitudeDegrees>
            <LongitudeDegrees>-4.6357400</LongitudeDegrees>
          </Position>
          <AltitudeMeters>827.4</AltitudeMeters>
          <DistanceMeters>46351.5</DistanceMeters>
        </Trackpoint>
        <Trackpoint>
          <Time>2027-05-09T10:05:36Z</Time>
          <Position>
            <LatitudeDegrees>42.3427200</LatitudeDegrees>
            <LongitudeDegrees>-4.6363500</LongitudeDegrees>
          </Position>
          <AltitudeMeters>827.4</AltitudeMeters>
          <DistanceMeters>46401.9</DistanceMeters>
        </Trackpoint>
        <Trackpoint>
          <Time>2027-05-09T10:05:48Z</Time>
          <Position>
            <LatitudeDegrees>42.3427700</LatitudeDegrees>
            <LongitudeDegrees>-4.6369600</LongitudeDegrees>
          </Position>
          <AltitudeMeters>827.3</AltitudeMeters>
          <DistanceMeters>46452.4</DistanceMeters>
        </Trackpoint>
        <Trackpoint>
          <Time>2027-05-09T10:06:00Z</Time>
          <Position>
            <LatitudeDegrees>42.3428200</LatitudeDegrees>
            <LongitudeDegrees>-4.6375700</LongitudeDegrees>
          </Position>
          <AltitudeMeters>827.4</AltitudeMeters>
          <DistanceMeters>46502.8</DistanceMeters>
        </Trackpoint>
        <Trackpoint>
          <Time>2027-05-09T10:06:12Z</Time>
          <Position>
            <LatitudeDegrees>42.3428700</LatitudeDegrees>
            <LongitudeDegrees>-4.6381800</LongitudeDegrees>
          </Position>
          <AltitudeMeters>827.8</AltitudeMeters>
          <DistanceMeters>46553.3</DistanceMeters>
        </Trackpoint>
        <Trackpoint>
          <Time>2027-05-09T10:06:24Z</Time>
          <Position>
            <LatitudeDegrees>42.3429100</LatitudeDegrees>
            <LongitudeDegrees>-4.6387900</LongitudeDegrees>
          </Position>
          <AltitudeMeters>828.2</AltitudeMeters>
          <DistanceMeters>46603.6</DistanceMeters>
        </Trackpoint>
        <Trackpoint>
          <Time>2027-05-09T10:06:36Z</Time>
          <Position>
            <LatitudeDegrees>42.3429600</LatitudeDegrees>
            <LongitudeDegrees>-4.6394000</LongitudeDegrees>
          </Position>
          <AltitudeMeters>828.3</AltitudeMeters>
          <DistanceMeters>46654.0</DistanceMeters>
        </Trackpoint>
        <Trackpoint>
          <Time>2027-05-09T10:06:49Z</Time>
          <Position>
            <LatitudeDegrees>42.3430000</LatitudeDegrees>
            <LongitudeDegrees>-4.6400100</LongitudeDegrees>
          </Position>
          <AltitudeMeters>828.1</AltitudeMeters>
          <DistanceMeters>46704.4</DistanceMeters>
        </Trackpoint>
        <Trackpoint>
          <Time>2027-05-09T10:07:01Z</Time>
          <Position>
            <LatitudeDegrees>42.3430500</LatitudeDegrees>
            <LongitudeDegrees>-4.6406200</LongitudeDegrees>
          </Position>
          <AltitudeMeters>827.9</AltitudeMeters>
          <DistanceMeters>46754.8</DistanceMeters>
        </Trackpoint>
        <Trackpoint>
          <Time>2027-05-09T10:07:13Z</Time>
          <Position>
            <LatitudeDegrees>42.3431000</LatitudeDegrees>
            <LongitudeDegrees>-4.6412300</LongitudeDegrees>
          </Position>
          <AltitudeMeters>828.0</AltitudeMeters>
          <DistanceMeters>46805.2</DistanceMeters>
        </Trackpoint>
        <Trackpoint>
          <Time>2027-05-09T10:07:25Z</Time>
          <Position>
            <LatitudeDegrees>42.3431400</LatitudeDegrees>
            <LongitudeDegrees>-4.6418400</LongitudeDegrees>
          </Position>
          <AltitudeMeters>827.8</AltitudeMeters>
          <DistanceMeters>46855.6</DistanceMeters>
        </Trackpoint>
        <Trackpoint>
          <Time>2027-05-09T10:07:37Z</Time>
          <Position>
            <LatitudeDegrees>42.3431900</LatitudeDegrees>
            <LongitudeDegrees>-4.6424500</LongitudeDegrees>
          </Position>
          <AltitudeMeters>827.7</AltitudeMeters>
          <DistanceMeters>46906.0</DistanceMeters>
        </Trackpoint>
        <Trackpoint>
          <Time>2027-05-09T10:07:49Z</Time>
          <Position>
            <LatitudeDegrees>42.3432300</LatitudeDegrees>
            <LongitudeDegrees>-4.6430600</LongitudeDegrees>
          </Position>
          <AltitudeMeters>828.0</AltitudeMeters>
          <DistanceMeters>46956.4</DistanceMeters>
        </Trackpoint>
        <Trackpoint>
          <Time>2027-05-09T10:08:01Z</Time>
          <Position>
            <LatitudeDegrees>42.3432800</LatitudeDegrees>
            <LongitudeDegrees>-4.6436700</LongitudeDegrees>
          </Position>
          <AltitudeMeters>828.2</AltitudeMeters>
          <DistanceMeters>47006.8</DistanceMeters>
        </Trackpoint>
        <Trackpoint>
          <Time>2027-05-09T10:08:13Z</Time>
          <Position>
            <LatitudeDegrees>42.3433300</LatitudeDegrees>
            <LongitudeDegrees>-4.6442800</LongitudeDegrees>
          </Position>
          <AltitudeMeters>827.8</AltitudeMeters>
          <DistanceMeters>47057.2</DistanceMeters>
        </Trackpoint>
        <Trackpoint>
          <Time>2027-05-09T10:08:25Z</Time>
          <Position>
            <LatitudeDegrees>42.3433700</LatitudeDegrees>
            <LongitudeDegrees>-4.6448900</LongitudeDegrees>
          </Position>
          <AltitudeMeters>827.3</AltitudeMeters>
          <DistanceMeters>47107.6</DistanceMeters>
        </Trackpoint>
        <Trackpoint>
          <Time>2027-05-09T10:08:37Z</Time>
          <Position>
            <LatitudeDegrees>42.3434200</LatitudeDegrees>
            <LongitudeDegrees>-4.6455000</LongitudeDegrees>
          </Position>
          <AltitudeMeters>826.8</AltitudeMeters>
          <DistanceMeters>47158.0</DistanceMeters>
        </Trackpoint>
        <Trackpoint>
          <Time>2027-05-09T10:08:50Z</Time>
          <Position>
            <LatitudeDegrees>42.3434700</LatitudeDegrees>
            <LongitudeDegrees>-4.6461100</LongitudeDegrees>
          </Position>
          <AltitudeMeters>826.4</AltitudeMeters>
          <DistanceMeters>47208.4</DistanceMeters>
        </Trackpoint>
        <Trackpoint>
          <Time>2027-05-09T10:09:02Z</Time>
          <Position>
            <LatitudeDegrees>42.3435100</LatitudeDegrees>
            <LongitudeDegrees>-4.6467200</LongitudeDegrees>
          </Position>
          <AltitudeMeters>826.0</AltitudeMeters>
          <DistanceMeters>47258.8</DistanceMeters>
        </Trackpoint>
        <Trackpoint>
          <Time>2027-05-09T10:09:14Z</Time>
          <Position>
            <LatitudeDegrees>42.3435600</LatitudeDegrees>
            <LongitudeDegrees>-4.6473300</LongitudeDegrees>
          </Position>
          <AltitudeMeters>825.9</AltitudeMeters>
          <DistanceMeters>47309.2</DistanceMeters>
        </Trackpoint>
        <Trackpoint>
          <Time>2027-05-09T10:09:26Z</Time>
          <Position>
            <LatitudeDegrees>42.3436000</LatitudeDegrees>
            <LongitudeDegrees>-4.6479400</LongitudeDegrees>
          </Position>
          <AltitudeMeters>826.0</AltitudeMeters>
          <DistanceMeters>47359.5</DistanceMeters>
        </Trackpoint>
        <Trackpoint>
          <Time>2027-05-09T10:09:38Z</Time>
          <Position>
            <LatitudeDegrees>42.3436500</LatitudeDegrees>
            <LongitudeDegrees>-4.6485500</LongitudeDegrees>
          </Position>
          <AltitudeMeters>826.3</AltitudeMeters>
          <DistanceMeters>47410.0</DistanceMeters>
        </Trackpoint>
        <Trackpoint>
          <Time>2027-05-09T10:09:50Z</Time>
          <Position>
            <LatitudeDegrees>42.3437000</LatitudeDegrees>
            <LongitudeDegrees>-4.6491600</LongitudeDegrees>
          </Position>
          <AltitudeMeters>826.4</AltitudeMeters>
          <DistanceMeters>47460.4</DistanceMeters>
        </Trackpoint>
        <Trackpoint>
          <Time>2027-05-09T10:10:02Z</Time>
          <Position>
            <LatitudeDegrees>42.3437400</LatitudeDegrees>
            <LongitudeDegrees>-4.6497700</LongitudeDegrees>
          </Position>
          <AltitudeMeters>826.4</AltitudeMeters>
          <DistanceMeters>47510.8</DistanceMeters>
        </Trackpoint>
        <Trackpoint>
          <Time>2027-05-09T10:10:14Z</Time>
          <Position>
            <LatitudeDegrees>42.3437900</LatitudeDegrees>
            <LongitudeDegrees>-4.6503800</LongitudeDegrees>
          </Position>
          <AltitudeMeters>826.6</AltitudeMeters>
          <DistanceMeters>47561.2</DistanceMeters>
        </Trackpoint>
        <Trackpoint>
          <Time>2027-05-09T10:10:26Z</Time>
          <Position>
            <LatitudeDegrees>42.3438300</LatitudeDegrees>
            <LongitudeDegrees>-4.6509900</LongitudeDegrees>
          </Position>
          <AltitudeMeters>827.1</AltitudeMeters>
          <DistanceMeters>47611.5</DistanceMeters>
        </Trackpoint>
        <Trackpoint>
          <Time>2027-05-09T10:10:38Z</Time>
          <Position>
            <LatitudeDegrees>42.3438800</LatitudeDegrees>
            <LongitudeDegrees>-4.6516000</LongitudeDegrees>
          </Position>
          <AltitudeMeters>827.6</AltitudeMeters>
          <DistanceMeters>47662.0</DistanceMeters>
        </Trackpoint>
        <Trackpoint>
          <Time>2027-05-09T10:10:54Z</Time>
          <Position>
            <LatitudeDegrees>42.3439800</LatitudeDegrees>
            <LongitudeDegrees>-4.6523800</LongitudeDegrees>
          </Position>
          <AltitudeMeters>828.0</AltitudeMeters>
          <DistanceMeters>47727.0</DistanceMeters>
        </Trackpoint>
        <Trackpoint>
          <Time>2027-05-09T10:11:09Z</Time>
          <Position>
            <LatitudeDegrees>42.3440800</LatitudeDegrees>
            <LongitudeDegrees>-4.6531500</LongitudeDegrees>
          </Position>
          <AltitudeMeters>828.5</AltitudeMeters>
          <DistanceMeters>47791.3</DistanceMeters>
        </Trackpoint>
        <Trackpoint>
          <Time>2027-05-09T10:11:23Z</Time>
          <Position>
            <LatitudeDegrees>42.3442400</LatitudeDegrees>
            <LongitudeDegrees>-4.6537800</LongitudeDegrees>
          </Position>
          <AltitudeMeters>828.8</AltitudeMeters>
          <DistanceMeters>47846.0</DistanceMeters>
        </Trackpoint>
        <Trackpoint>
          <Time>2027-05-09T10:11:36Z</Time>
          <Position>
            <LatitudeDegrees>42.3443900</LatitudeDegrees>
            <LongitudeDegrees>-4.6544100</LongitudeDegrees>
          </Position>
          <AltitudeMeters>828.8</AltitudeMeters>
          <DistanceMeters>47900.4</DistanceMeters>
        </Trackpoint>
        <Trackpoint>
          <Time>2027-05-09T10:11:49Z</Time>
          <Position>
            <LatitudeDegrees>42.3445500</LatitudeDegrees>
            <LongitudeDegrees>-4.6550400</LongitudeDegrees>
          </Position>
          <AltitudeMeters>828.7</AltitudeMeters>
          <DistanceMeters>47955.2</DistanceMeters>
        </Trackpoint>
        <Trackpoint>
          <Time>2027-05-09T10:12:02Z</Time>
          <Position>
            <LatitudeDegrees>42.3447100</LatitudeDegrees>
            <LongitudeDegrees>-4.6556700</LongitudeDegrees>
          </Position>
          <AltitudeMeters>828.8</AltitudeMeters>
          <DistanceMeters>48009.9</DistanceMeters>
        </Trackpoint>
        <Trackpoint>
          <Time>2027-05-09T10:12:15Z</Time>
          <Position>
            <LatitudeDegrees>42.3448600</LatitudeDegrees>
            <LongitudeDegrees>-4.6563000</LongitudeDegrees>
          </Position>
          <AltitudeMeters>829.1</AltitudeMeters>
          <DistanceMeters>48064.3</DistanceMeters>
        </Trackpoint>
        <Trackpoint>
          <Time>2027-05-09T10:12:28Z</Time>
          <Position>
            <LatitudeDegrees>42.3450200</LatitudeDegrees>
            <LongitudeDegrees>-4.6569300</LongitudeDegrees>
          </Position>
          <AltitudeMeters>829.6</AltitudeMeters>
          <DistanceMeters>48119.1</DistanceMeters>
        </Trackpoint>
        <Trackpoint>
          <Time>2027-05-09T10:12:43Z</Time>
          <Position>
            <LatitudeDegrees>42.3450900</LatitudeDegrees>
            <LongitudeDegrees>-4.6576900</LongitudeDegrees>
          </Position>
          <AltitudeMeters>830.1</AltitudeMeters>
          <DistanceMeters>48182.0</DistanceMeters>
        </Trackpoint>
        <Trackpoint>
          <Time>2027-05-09T10:13:01Z</Time>
          <Position>
            <LatitudeDegrees>42.3449400</LatitudeDegrees>
            <LongitudeDegrees>-4.6585800</LongitudeDegrees>
          </Position>
          <AltitudeMeters>830.7</AltitudeMeters>
          <DistanceMeters>48257.0</DistanceMeters>
        </Trackpoint>
        <Trackpoint>
          <Time>2027-05-09T10:13:16Z</Time>
          <Position>
            <LatitudeDegrees>42.3446500</LatitudeDegrees>
            <LongitudeDegrees>-4.6592200</LongitudeDegrees>
          </Position>
          <AltitudeMeters>831.0</AltitudeMeters>
          <DistanceMeters>48318.7</DistanceMeters>
        </Trackpoint>
        <Trackpoint>
          <Time>2027-05-09T10:13:31Z</Time>
          <Position>
            <LatitudeDegrees>42.3443600</LatitudeDegrees>
            <LongitudeDegrees>-4.6598700</LongitudeDegrees>
          </Position>
          <AltitudeMeters>831.1</AltitudeMeters>
          <DistanceMeters>48381.1</DistanceMeters>
        </Trackpoint>
        <Trackpoint>
          <Time>2027-05-09T10:13:42Z</Time>
          <Position>
            <LatitudeDegrees>42.3442700</LatitudeDegrees>
            <LongitudeDegrees>-4.6604300</LongitudeDegrees>
          </Position>
          <AltitudeMeters>831.0</AltitudeMeters>
          <DistanceMeters>48428.2</DistanceMeters>
        </Trackpoint>
        <Trackpoint>
          <Time>2027-05-09T10:13:55Z</Time>
          <Position>
            <LatitudeDegrees>42.3442600</LatitudeDegrees>
            <LongitudeDegrees>-4.6611000</LongitudeDegrees>
          </Position>
          <AltitudeMeters>831.2</AltitudeMeters>
          <DistanceMeters>48483.3</DistanceMeters>
        </Trackpoint>
        <Trackpoint>
          <Time>2027-05-09T10:14:09Z</Time>
          <Position>
            <LatitudeDegrees>42.3442400</LatitudeDegrees>
            <LongitudeDegrees>-4.6617700</LongitudeDegrees>
          </Position>
          <AltitudeMeters>831.2</AltitudeMeters>
          <DistanceMeters>48538.4</DistanceMeters>
        </Trackpoint>
        <Trackpoint>
          <Time>2027-05-09T10:14:22Z</Time>
          <Position>
            <LatitudeDegrees>42.3442300</LatitudeDegrees>
            <LongitudeDegrees>-4.6624400</LongitudeDegrees>
          </Position>
          <AltitudeMeters>831.3</AltitudeMeters>
          <DistanceMeters>48593.5</DistanceMeters>
        </Trackpoint>
        <Trackpoint>
          <Time>2027-05-09T10:14:35Z</Time>
          <Position>
            <LatitudeDegrees>42.3442100</LatitudeDegrees>
            <LongitudeDegrees>-4.6631100</LongitudeDegrees>
          </Position>
          <AltitudeMeters>831.5</AltitudeMeters>
          <DistanceMeters>48648.6</DistanceMeters>
        </Trackpoint>
        <Trackpoint>
          <Time>2027-05-09T10:14:48Z</Time>
          <Position>
            <LatitudeDegrees>42.3442000</LatitudeDegrees>
            <LongitudeDegrees>-4.6637800</LongitudeDegrees>
          </Position>
          <AltitudeMeters>831.6</AltitudeMeters>
          <DistanceMeters>48703.7</DistanceMeters>
        </Trackpoint>
        <Trackpoint>
          <Time>2027-05-09T10:15:02Z</Time>
          <Position>
            <LatitudeDegrees>42.3441800</LatitudeDegrees>
            <LongitudeDegrees>-4.6644500</LongitudeDegrees>
          </Position>
          <AltitudeMeters>831.6</AltitudeMeters>
          <DistanceMeters>48758.8</DistanceMeters>
        </Trackpoint>
        <Trackpoint>
          <Time>2027-05-09T10:15:15Z</Time>
          <Position>
            <LatitudeDegrees>42.3441700</LatitudeDegrees>
            <LongitudeDegrees>-4.6651200</LongitudeDegrees>
          </Position>
          <AltitudeMeters>831.8</AltitudeMeters>
          <DistanceMeters>48813.9</DistanceMeters>
        </Trackpoint>
        <Trackpoint>
          <Time>2027-05-09T10:15:28Z</Time>
          <Position>
            <LatitudeDegrees>42.3441500</LatitudeDegrees>
            <LongitudeDegrees>-4.6657900</LongitudeDegrees>
          </Position>
          <AltitudeMeters>832.1</AltitudeMeters>
          <DistanceMeters>48869.0</DistanceMeters>
        </Trackpoint>
        <Trackpoint>
          <Time>2027-05-09T10:15:41Z</Time>
          <Position>
            <LatitudeDegrees>42.3441400</LatitudeDegrees>
            <LongitudeDegrees>-4.6664600</LongitudeDegrees>
          </Position>
          <AltitudeMeters>832.3</AltitudeMeters>
          <DistanceMeters>48924.0</DistanceMeters>
        </Trackpoint>
        <Trackpoint>
          <Time>2027-05-09T10:15:55Z</Time>
          <Position>
            <LatitudeDegrees>42.3440900</LatitudeDegrees>
            <LongitudeDegrees>-4.6671300</LongitudeDegrees>
          </Position>
          <AltitudeMeters>832.4</AltitudeMeters>
          <DistanceMeters>48979.4</DistanceMeters>
        </Trackpoint>
        <Trackpoint>
          <Time>2027-05-09T10:16:08Z</Time>
          <Position>
            <LatitudeDegrees>42.3440500</LatitudeDegrees>
            <LongitudeDegrees>-4.6677900</LongitudeDegrees>
          </Position>
          <AltitudeMeters>832.3</AltitudeMeters>
          <DistanceMeters>49033.8</DistanceMeters>
        </Trackpoint>
        <Trackpoint>
          <Time>2027-05-09T10:16:21Z</Time>
          <Position>
            <LatitudeDegrees>42.3440000</LatitudeDegrees>
            <LongitudeDegrees>-4.6684600</LongitudeDegrees>
          </Position>
          <AltitudeMeters>832.1</AltitudeMeters>
          <DistanceMeters>49089.2</DistanceMeters>
        </Trackpoint>
        <Trackpoint>
          <Time>2027-05-09T10:16:34Z</Time>
          <Position>
            <LatitudeDegrees>42.3439500</LatitudeDegrees>
            <LongitudeDegrees>-4.6691200</LongitudeDegrees>
          </Position>
          <AltitudeMeters>832.0</AltitudeMeters>
          <DistanceMeters>49143.7</DistanceMeters>
        </Trackpoint>
        <Trackpoint>
          <Time>2027-05-09T10:16:47Z</Time>
          <Position>
            <LatitudeDegrees>42.3439000</LatitudeDegrees>
            <LongitudeDegrees>-4.6697900</LongitudeDegrees>
          </Position>
          <AltitudeMeters>832.0</AltitudeMeters>
          <DistanceMeters>49199.0</DistanceMeters>
        </Trackpoint>
        <Trackpoint>
          <Time>2027-05-09T10:17:00Z</Time>
          <Position>
            <LatitudeDegrees>42.3438600</LatitudeDegrees>
            <LongitudeDegrees>-4.6704500</LongitudeDegrees>
          </Position>
          <AltitudeMeters>832.0</AltitudeMeters>
          <DistanceMeters>49253.5</DistanceMeters>
        </Trackpoint>
        <Trackpoint>
          <Time>2027-05-09T10:17:14Z</Time>
          <Position>
            <LatitudeDegrees>42.3438100</LatitudeDegrees>
            <LongitudeDegrees>-4.6711200</LongitudeDegrees>
          </Position>
          <AltitudeMeters>832.1</AltitudeMeters>
          <DistanceMeters>49308.8</DistanceMeters>
        </Trackpoint>
        <Trackpoint>
          <Time>2027-05-09T10:17:26Z</Time>
          <Position>
            <LatitudeDegrees>42.3437500</LatitudeDegrees>
            <LongitudeDegrees>-4.6717300</LongitudeDegrees>
          </Position>
          <AltitudeMeters>832.2</AltitudeMeters>
          <DistanceMeters>49359.4</DistanceMeters>
        </Trackpoint>
        <Trackpoint>
          <Time>2027-05-09T10:17:38Z</Time>
          <Position>
            <LatitudeDegrees>42.3436900</LatitudeDegrees>
            <LongitudeDegrees>-4.6723400</LongitudeDegrees>
          </Position>
          <AltitudeMeters>832.1</AltitudeMeters>
          <DistanceMeters>49410.0</DistanceMeters>
        </Trackpoint>
        <Trackpoint>
          <Time>2027-05-09T10:17:50Z</Time>
          <Position>
            <LatitudeDegrees>42.3436300</LatitudeDegrees>
            <LongitudeDegrees>-4.6729500</LongitudeDegrees>
          </Position>
          <AltitudeMeters>832.0</AltitudeMeters>
          <DistanceMeters>49460.5</DistanceMeters>
        </Trackpoint>
        <Trackpoint>
          <Time>2027-05-09T10:18:02Z</Time>
          <Position>
            <LatitudeDegrees>42.3435700</LatitudeDegrees>
            <LongitudeDegrees>-4.6735600</LongitudeDegrees>
          </Position>
          <AltitudeMeters>832.1</AltitudeMeters>
          <DistanceMeters>49511.1</DistanceMeters>
        </Trackpoint>
        <Trackpoint>
          <Time>2027-05-09T10:18:14Z</Time>
          <Position>
            <LatitudeDegrees>42.3435100</LatitudeDegrees>
            <LongitudeDegrees>-4.6741700</LongitudeDegrees>
          </Position>
          <AltitudeMeters>832.4</AltitudeMeters>
          <DistanceMeters>49561.7</DistanceMeters>
        </Trackpoint>
        <Trackpoint>
          <Time>2027-05-09T10:18:26Z</Time>
          <Position>
            <LatitudeDegrees>42.3434500</LatitudeDegrees>
            <LongitudeDegrees>-4.6747800</LongitudeDegrees>
          </Position>
          <AltitudeMeters>833.0</AltitudeMeters>
          <DistanceMeters>49612.3</DistanceMeters>
        </Trackpoint>
        <Trackpoint>
          <Time>2027-05-09T10:18:39Z</Time>
          <Position>
            <LatitudeDegrees>42.3433900</LatitudeDegrees>
            <LongitudeDegrees>-4.6753900</LongitudeDegrees>
          </Position>
          <AltitudeMeters>833.7</AltitudeMeters>
          <DistanceMeters>49662.8</DistanceMeters>
        </Trackpoint>
        <Trackpoint>
          <Time>2027-05-09T10:18:51Z</Time>
          <Position>
            <LatitudeDegrees>42.3433300</LatitudeDegrees>
            <LongitudeDegrees>-4.6760000</LongitudeDegrees>
          </Position>
          <AltitudeMeters>834.3</AltitudeMeters>
          <DistanceMeters>49713.4</DistanceMeters>
        </Trackpoint>
        <Trackpoint>
          <Time>2027-05-09T10:19:03Z</Time>
          <Position>
            <LatitudeDegrees>42.3432800</LatitudeDegrees>
            <LongitudeDegrees>-4.6766200</LongitudeDegrees>
          </Position>
          <AltitudeMeters>834.5</AltitudeMeters>
          <DistanceMeters>49764.7</DistanceMeters>
        </Trackpoint>
        <Trackpoint>
          <Time>2027-05-09T10:19:15Z</Time>
          <Position>
            <LatitudeDegrees>42.3432200</LatitudeDegrees>
            <LongitudeDegrees>-4.6772300</LongitudeDegrees>
          </Position>
          <AltitudeMeters>834.8</AltitudeMeters>
          <DistanceMeters>49815.2</DistanceMeters>
        </Trackpoint>
        <Trackpoint>
          <Time>2027-05-09T10:19:27Z</Time>
          <Position>
            <LatitudeDegrees>42.3431600</LatitudeDegrees>
            <LongitudeDegrees>-4.6778400</LongitudeDegrees>
          </Position>
          <AltitudeMeters>835.1</AltitudeMeters>
          <DistanceMeters>49865.8</DistanceMeters>
        </Trackpoint>
        <Trackpoint>
          <Time>2027-05-09T10:19:39Z</Time>
          <Position>
            <LatitudeDegrees>42.3431000</LatitudeDegrees>
            <LongitudeDegrees>-4.6784500</LongitudeDegrees>
          </Position>
          <AltitudeMeters>834.8</AltitudeMeters>
          <DistanceMeters>49916.4</DistanceMeters>
        </Trackpoint>
        <Trackpoint>
          <Time>2027-05-09T10:19:52Z</Time>
          <Position>
            <LatitudeDegrees>42.3430400</LatitudeDegrees>
            <LongitudeDegrees>-4.6790600</LongitudeDegrees>
          </Position>
          <AltitudeMeters>834.3</AltitudeMeters>
          <DistanceMeters>49967.0</DistanceMeters>
        </Trackpoint>
        <Trackpoint>
          <Time>2027-05-09T10:20:04Z</Time>
          <Position>
            <LatitudeDegrees>42.3429800</LatitudeDegrees>
            <LongitudeDegrees>-4.6796700</LongitudeDegrees>
          </Position>
          <AltitudeMeters>834.2</AltitudeMeters>
          <DistanceMeters>50017.5</DistanceMeters>
        </Trackpoint>
        <Trackpoint>
          <Time>2027-05-09T10:20:16Z</Time>
          <Position>
            <LatitudeDegrees>42.3429200</LatitudeDegrees>
            <LongitudeDegrees>-4.6802800</LongitudeDegrees>
          </Position>
          <AltitudeMeters>833.9</AltitudeMeters>
          <DistanceMeters>50068.1</DistanceMeters>
        </Trackpoint>
        <Trackpoint>
          <Time>2027-05-09T10:20:28Z</Time>
          <Position>
            <LatitudeDegrees>42.3428600</LatitudeDegrees>
            <LongitudeDegrees>-4.6808900</LongitudeDegrees>
          </Position>
          <AltitudeMeters>833.5</AltitudeMeters>
          <DistanceMeters>50118.7</DistanceMeters>
        </Trackpoint>
        <Trackpoint>
          <Time>2027-05-09T10:20:40Z</Time>
          <Position>
            <LatitudeDegrees>42.3428000</LatitudeDegrees>
            <LongitudeDegrees>-4.6815000</LongitudeDegrees>
          </Position>
          <AltitudeMeters>833.7</AltitudeMeters>
          <DistanceMeters>50169.3</DistanceMeters>
        </Trackpoint>
        <Trackpoint>
          <Time>2027-05-09T10:20:52Z</Time>
          <Position>
            <LatitudeDegrees>42.3427300</LatitudeDegrees>
            <LongitudeDegrees>-4.6821200</LongitudeDegrees>
          </Position>
          <AltitudeMeters>833.9</AltitudeMeters>
          <DistanceMeters>50220.8</DistanceMeters>
        </Trackpoint>
        <Trackpoint>
          <Time>2027-05-09T10:21:05Z</Time>
          <Position>
            <LatitudeDegrees>42.3426600</LatitudeDegrees>
            <LongitudeDegrees>-4.6827300</LongitudeDegrees>
          </Position>
          <AltitudeMeters>833.7</AltitudeMeters>
          <DistanceMeters>50271.6</DistanceMeters>
        </Trackpoint>
        <Trackpoint>
          <Time>2027-05-09T10:21:17Z</Time>
          <Position>
            <LatitudeDegrees>42.3426000</LatitudeDegrees>
            <LongitudeDegrees>-4.6833500</LongitudeDegrees>
          </Position>
          <AltitudeMeters>833.6</AltitudeMeters>
          <DistanceMeters>50322.9</DistanceMeters>
        </Trackpoint>
        <Trackpoint>
          <Time>2027-05-09T10:21:29Z</Time>
          <Position>
            <LatitudeDegrees>42.3425300</LatitudeDegrees>
            <LongitudeDegrees>-4.6839700</LongitudeDegrees>
          </Position>
          <AltitudeMeters>833.7</AltitudeMeters>
          <DistanceMeters>50374.5</DistanceMeters>
        </Trackpoint>
        <Trackpoint>
          <Time>2027-05-09T10:21:42Z</Time>
          <Position>
            <LatitudeDegrees>42.3424600</LatitudeDegrees>
            <LongitudeDegrees>-4.6845800</LongitudeDegrees>
          </Position>
          <AltitudeMeters>833.8</AltitudeMeters>
          <DistanceMeters>50425.2</DistanceMeters>
        </Trackpoint>
        <Trackpoint>
          <Time>2027-05-09T10:21:54Z</Time>
          <Position>
            <LatitudeDegrees>42.3423900</LatitudeDegrees>
            <LongitudeDegrees>-4.6852000</LongitudeDegrees>
          </Position>
          <AltitudeMeters>834.2</AltitudeMeters>
          <DistanceMeters>50476.8</DistanceMeters>
        </Trackpoint>
        <Trackpoint>
          <Time>2027-05-09T10:22:06Z</Time>
          <Position>
            <LatitudeDegrees>42.3423200</LatitudeDegrees>
            <LongitudeDegrees>-4.6858200</LongitudeDegrees>
          </Position>
          <AltitudeMeters>834.8</AltitudeMeters>
          <DistanceMeters>50528.3</DistanceMeters>
        </Trackpoint>
        <Trackpoint>
          <Time>2027-05-09T10:22:18Z</Time>
          <Position>
            <LatitudeDegrees>42.3422500</LatitudeDegrees>
            <LongitudeDegrees>-4.6864300</LongitudeDegrees>
          </Position>
          <AltitudeMeters>835.3</AltitudeMeters>
          <DistanceMeters>50579.1</DistanceMeters>
        </Trackpoint>
        <Trackpoint>
          <Time>2027-05-09T10:22:31Z</Time>
          <Position>
            <LatitudeDegrees>42.3421900</LatitudeDegrees>
            <LongitudeDegrees>-4.6870500</LongitudeDegrees>
          </Position>
          <AltitudeMeters>835.7</AltitudeMeters>
          <DistanceMeters>50630.5</DistanceMeters>
        </Trackpoint>
        <Trackpoint>
          <Time>2027-05-09T10:22:43Z</Time>
          <Position>
            <LatitudeDegrees>42.3421200</LatitudeDegrees>
            <LongitudeDegrees>-4.6876700</LongitudeDegrees>
          </Position>
          <AltitudeMeters>836.2</AltitudeMeters>
          <DistanceMeters>50682.0</DistanceMeters>
        </Trackpoint>
        <Trackpoint>
          <Time>2027-05-09T10:22:55Z</Time>
          <Position>
            <LatitudeDegrees>42.3420500</LatitudeDegrees>
            <LongitudeDegrees>-4.6882800</LongitudeDegrees>
          </Position>
          <AltitudeMeters>836.4</AltitudeMeters>
          <DistanceMeters>50732.7</DistanceMeters>
        </Trackpoint>
        <Trackpoint>
          <Time>2027-05-09T10:23:08Z</Time>
          <Position>
            <LatitudeDegrees>42.3419800</LatitudeDegrees>
            <LongitudeDegrees>-4.6889000</LongitudeDegrees>
          </Position>
          <AltitudeMeters>836.4</AltitudeMeters>
          <DistanceMeters>50784.3</DistanceMeters>
        </Trackpoint>
        <Trackpoint>
          <Time>2027-05-09T10:23:20Z</Time>
          <Position>
            <LatitudeDegrees>42.3419100</LatitudeDegrees>
            <LongitudeDegrees>-4.6895200</LongitudeDegrees>
          </Position>
          <AltitudeMeters>836.5</AltitudeMeters>
          <DistanceMeters>50835.8</DistanceMeters>
        </Trackpoint>
        <Trackpoint>
          <Time>2027-05-09T10:23:32Z</Time>
          <Position>
            <LatitudeDegrees>42.3418400</LatitudeDegrees>
            <LongitudeDegrees>-4.6901300</LongitudeDegrees>
          </Position>
          <AltitudeMeters>836.5</AltitudeMeters>
          <DistanceMeters>50886.6</DistanceMeters>
        </Trackpoint>
        <Trackpoint>
          <Time>2027-05-09T10:23:45Z</Time>
          <Position>
            <LatitudeDegrees>42.3417800</LatitudeDegrees>
            <LongitudeDegrees>-4.6907500</LongitudeDegrees>
          </Position>
          <AltitudeMeters>836.3</AltitudeMeters>
          <DistanceMeters>50938.0</DistanceMeters>
        </Trackpoint>
        <Trackpoint>
          <Time>2027-05-09T10:23:57Z</Time>
          <Position>
            <LatitudeDegrees>42.3417100</LatitudeDegrees>
            <LongitudeDegrees>-4.6913700</LongitudeDegrees>
          </Position>
          <AltitudeMeters>836.0</AltitudeMeters>
          <DistanceMeters>50989.5</DistanceMeters>
        </Trackpoint>
        <Trackpoint>
          <Time>2027-05-09T10:24:09Z</Time>
          <Position>
            <LatitudeDegrees>42.3416400</LatitudeDegrees>
            <LongitudeDegrees>-4.6919800</LongitudeDegrees>
          </Position>
          <AltitudeMeters>835.8</AltitudeMeters>
          <DistanceMeters>51040.2</DistanceMeters>
        </Trackpoint>
        <Trackpoint>
          <Time>2027-05-09T10:24:22Z</Time>
          <Position>
            <LatitudeDegrees>42.3415700</LatitudeDegrees>
            <LongitudeDegrees>-4.6926000</LongitudeDegrees>
          </Position>
          <AltitudeMeters>835.5</AltitudeMeters>
          <DistanceMeters>51091.8</DistanceMeters>
        </Trackpoint>
        <Trackpoint>
          <Time>2027-05-09T10:24:34Z</Time>
          <Position>
            <LatitudeDegrees>42.3415000</LatitudeDegrees>
            <LongitudeDegrees>-4.6932100</LongitudeDegrees>
          </Position>
          <AltitudeMeters>835.3</AltitudeMeters>
          <DistanceMeters>51142.5</DistanceMeters>
        </Trackpoint>
        <Trackpoint>
          <Time>2027-05-09T10:24:46Z</Time>
          <Position>
            <LatitudeDegrees>42.3414200</LatitudeDegrees>
            <LongitudeDegrees>-4.6938200</LongitudeDegrees>
          </Position>
          <AltitudeMeters>835.5</AltitudeMeters>
          <DistanceMeters>51193.4</DistanceMeters>
        </Trackpoint>
        <Trackpoint>
          <Time>2027-05-09T10:24:58Z</Time>
          <Position>
            <LatitudeDegrees>42.3413500</LatitudeDegrees>
            <LongitudeDegrees>-4.6944300</LongitudeDegrees>
          </Position>
          <AltitudeMeters>835.8</AltitudeMeters>
          <DistanceMeters>51244.2</DistanceMeters>
        </Trackpoint>
        <Trackpoint>
          <Time>2027-05-09T10:25:10Z</Time>
          <Position>
            <LatitudeDegrees>42.3412800</LatitudeDegrees>
            <LongitudeDegrees>-4.6950400</LongitudeDegrees>
          </Position>
          <AltitudeMeters>836.2</AltitudeMeters>
          <DistanceMeters>51294.9</DistanceMeters>
        </Trackpoint>
        <Trackpoint>
          <Time>2027-05-09T10:25:23Z</Time>
          <Position>
            <LatitudeDegrees>42.3412000</LatitudeDegrees>
            <LongitudeDegrees>-4.6956500</LongitudeDegrees>
          </Position>
          <AltitudeMeters>836.7</AltitudeMeters>
          <DistanceMeters>51345.8</DistanceMeters>
        </Trackpoint>
        <Trackpoint>
          <Time>2027-05-09T10:25:35Z</Time>
          <Position>
            <LatitudeDegrees>42.3411300</LatitudeDegrees>
            <LongitudeDegrees>-4.6962600</LongitudeDegrees>
          </Position>
          <AltitudeMeters>836.8</AltitudeMeters>
          <DistanceMeters>51396.6</DistanceMeters>
        </Trackpoint>
        <Trackpoint>
          <Time>2027-05-09T10:25:47Z</Time>
          <Position>
            <LatitudeDegrees>42.3410500</LatitudeDegrees>
            <LongitudeDegrees>-4.6968700</LongitudeDegrees>
          </Position>
          <AltitudeMeters>837.0</AltitudeMeters>
          <DistanceMeters>51447.5</DistanceMeters>
        </Trackpoint>
        <Trackpoint>
          <Time>2027-05-09T10:25:59Z</Time>
          <Position>
            <LatitudeDegrees>42.3409800</LatitudeDegrees>
            <LongitudeDegrees>-4.6974800</LongitudeDegrees>
          </Position>
          <AltitudeMeters>837.4</AltitudeMeters>
          <DistanceMeters>51498.2</DistanceMeters>
        </Trackpoint>
        <Trackpoint>
          <Time>2027-05-09T10:26:12Z</Time>
          <Position>
            <LatitudeDegrees>42.3409000</LatitudeDegrees>
            <LongitudeDegrees>-4.6981100</LongitudeDegrees>
          </Position>
          <AltitudeMeters>837.7</AltitudeMeters>
          <DistanceMeters>51550.8</DistanceMeters>
        </Trackpoint>
        <Trackpoint>
          <Time>2027-05-09T10:26:24Z</Time>
          <Position>
            <LatitudeDegrees>42.3408100</LatitudeDegrees>
            <LongitudeDegrees>-4.6987400</LongitudeDegrees>
          </Position>
          <AltitudeMeters>838.2</AltitudeMeters>
          <DistanceMeters>51603.5</DistanceMeters>
        </Trackpoint>
        <Trackpoint>
          <Time>2027-05-09T10:26:37Z</Time>
          <Position>
            <LatitudeDegrees>42.3407300</LatitudeDegrees>
            <LongitudeDegrees>-4.6993700</LongitudeDegrees>
          </Position>
          <AltitudeMeters>838.9</AltitudeMeters>
          <DistanceMeters>51656.0</DistanceMeters>
        </Trackpoint>
        <Trackpoint>
          <Time>2027-05-09T10:26:50Z</Time>
          <Position>
            <LatitudeDegrees>42.3406500</LatitudeDegrees>
            <LongitudeDegrees>-4.7000000</LongitudeDegrees>
          </Position>
          <AltitudeMeters>839.3</AltitudeMeters>
          <DistanceMeters>51708.6</DistanceMeters>
        </Trackpoint>
        <Trackpoint>
          <Time>2027-05-09T10:27:02Z</Time>
          <Position>
            <LatitudeDegrees>42.3405600</LatitudeDegrees>
            <LongitudeDegrees>-4.7006300</LongitudeDegrees>
          </Position>
          <AltitudeMeters>839.5</AltitudeMeters>
          <DistanceMeters>51761.3</DistanceMeters>
        </Trackpoint>
        <Trackpoint>
          <Time>2027-05-09T10:27:15Z</Time>
          <Position>
            <LatitudeDegrees>42.3404800</LatitudeDegrees>
            <LongitudeDegrees>-4.7012600</LongitudeDegrees>
          </Position>
          <AltitudeMeters>839.6</AltitudeMeters>
          <DistanceMeters>51813.9</DistanceMeters>
        </Trackpoint>
        <Trackpoint>
          <Time>2027-05-09T10:27:27Z</Time>
          <Position>
            <LatitudeDegrees>42.3404000</LatitudeDegrees>
            <LongitudeDegrees>-4.7018900</LongitudeDegrees>
          </Position>
          <AltitudeMeters>839.6</AltitudeMeters>
          <DistanceMeters>51866.4</DistanceMeters>
        </Trackpoint>
        <Trackpoint>
          <Time>2027-05-09T10:27:40Z</Time>
          <Position>
            <LatitudeDegrees>42.3403200</LatitudeDegrees>
            <LongitudeDegrees>-4.7025200</LongitudeDegrees>
          </Position>
          <AltitudeMeters>839.6</AltitudeMeters>
          <DistanceMeters>51918.9</DistanceMeters>
        </Trackpoint>
        <Trackpoint>
          <Time>2027-05-09T10:27:53Z</Time>
          <Position>
            <LatitudeDegrees>42.3402300</LatitudeDegrees>
            <LongitudeDegrees>-4.7031500</LongitudeDegrees>
          </Position>
          <AltitudeMeters>839.7</AltitudeMeters>
          <DistanceMeters>51971.7</DistanceMeters>
        </Trackpoint>
        <Trackpoint>
          <Time>2027-05-09T10:28:05Z</Time>
          <Position>
            <LatitudeDegrees>42.3401500</LatitudeDegrees>
            <LongitudeDegrees>-4.7037800</LongitudeDegrees>
          </Position>
          <AltitudeMeters>839.7</AltitudeMeters>
          <DistanceMeters>52024.2</DistanceMeters>
        </Trackpoint>
        <Trackpoint>
          <Time>2027-05-09T10:28:18Z</Time>
          <Position>
            <LatitudeDegrees>42.3400700</LatitudeDegrees>
            <LongitudeDegrees>-4.7044100</LongitudeDegrees>
          </Position>
          <AltitudeMeters>839.8</AltitudeMeters>
          <DistanceMeters>52076.8</DistanceMeters>
        </Trackpoint>
        <Trackpoint>
          <Time>2027-05-09T10:28:31Z</Time>
          <Position>
            <LatitudeDegrees>42.3399800</LatitudeDegrees>
            <LongitudeDegrees>-4.7050400</LongitudeDegrees>
          </Position>
          <AltitudeMeters>839.9</AltitudeMeters>
          <DistanceMeters>52129.5</DistanceMeters>
        </Trackpoint>
        <Trackpoint>
          <Time>2027-05-09T10:28:43Z</Time>
          <Position>
            <LatitudeDegrees>42.3399000</LatitudeDegrees>
            <LongitudeDegrees>-4.7056700</LongitudeDegrees>
          </Position>
          <AltitudeMeters>839.8</AltitudeMeters>
          <DistanceMeters>52182.0</DistanceMeters>
        </Trackpoint>
        <Trackpoint>
          <Time>2027-05-09T10:28:56Z</Time>
          <Position>
            <LatitudeDegrees>42.3398200</LatitudeDegrees>
            <LongitudeDegrees>-4.7063000</LongitudeDegrees>
          </Position>
          <AltitudeMeters>839.7</AltitudeMeters>
          <DistanceMeters>52234.6</DistanceMeters>
        </Trackpoint>
        <Trackpoint>
          <Time>2027-05-09T10:29:08Z</Time>
          <Position>
            <LatitudeDegrees>42.3397300</LatitudeDegrees>
            <LongitudeDegrees>-4.7069300</LongitudeDegrees>
          </Position>
          <AltitudeMeters>839.7</AltitudeMeters>
          <DistanceMeters>52287.3</DistanceMeters>
        </Trackpoint>
        <Trackpoint>
          <Time>2027-05-09T10:29:21Z</Time>
          <Position>
            <LatitudeDegrees>42.3396500</LatitudeDegrees>
            <LongitudeDegrees>-4.7075600</LongitudeDegrees>
          </Position>
          <AltitudeMeters>839.7</AltitudeMeters>
          <DistanceMeters>52339.8</DistanceMeters>
        </Trackpoint>
        <Trackpoint>
          <Time>2027-05-09T10:29:33Z</Time>
          <Position>
            <LatitudeDegrees>42.3395600</LatitudeDegrees>
            <LongitudeDegrees>-4.7081700</LongitudeDegrees>
          </Position>
          <AltitudeMeters>839.9</AltitudeMeters>
          <DistanceMeters>52391.0</DistanceMeters>
        </Trackpoint>
        <Trackpoint>
          <Time>2027-05-09T10:29:46Z</Time>
          <Position>
            <LatitudeDegrees>42.3394700</LatitudeDegrees>
            <LongitudeDegrees>-4.7087800</LongitudeDegrees>
          </Position>
          <AltitudeMeters>840.3</AltitudeMeters>
          <DistanceMeters>52442.1</DistanceMeters>
        </Trackpoint>
        <Trackpoint>
          <Time>2027-05-09T10:29:58Z</Time>
          <Position>
            <LatitudeDegrees>42.3393900</LatitudeDegrees>
            <LongitudeDegrees>-4.7093900</LongitudeDegrees>
          </Position>
          <AltitudeMeters>840.6</AltitudeMeters>
          <DistanceMeters>52493.0</DistanceMeters>
        </Trackpoint>
        <Trackpoint>
          <Time>2027-05-09T10:30:10Z</Time>
          <Position>
            <LatitudeDegrees>42.3393000</LatitudeDegrees>
            <LongitudeDegrees>-4.7100000</LongitudeDegrees>
          </Position>
          <AltitudeMeters>840.9</AltitudeMeters>
          <DistanceMeters>52544.1</DistanceMeters>
        </Trackpoint>
        <Trackpoint>
          <Time>2027-05-09T10:30:22Z</Time>
          <Position>
            <LatitudeDegrees>42.3392100</LatitudeDegrees>
            <LongitudeDegrees>-4.7106100</LongitudeDegrees>
          </Position>
          <AltitudeMeters>841.4</AltitudeMeters>
          <DistanceMeters>52595.3</DistanceMeters>
        </Trackpoint>
        <Trackpoint>
          <Time>2027-05-09T10:30:35Z</Time>
          <Position>
            <LatitudeDegrees>42.3391200</LatitudeDegrees>
            <LongitudeDegrees>-4.7112200</LongitudeDegrees>
          </Position>
          <AltitudeMeters>841.8</AltitudeMeters>
          <DistanceMeters>52646.4</DistanceMeters>
        </Trackpoint>
        <Trackpoint>
          <Time>2027-05-09T10:30:47Z</Time>
          <Position>
            <LatitudeDegrees>42.3390400</LatitudeDegrees>
            <LongitudeDegrees>-4.7118300</LongitudeDegrees>
          </Position>
          <AltitudeMeters>842.0</AltitudeMeters>
          <DistanceMeters>52697.3</DistanceMeters>
        </Trackpoint>
        <Trackpoint>
          <Time>2027-05-09T10:30:59Z</Time>
          <Position>
            <LatitudeDegrees>42.3389500</LatitudeDegrees>
            <LongitudeDegrees>-4.7124400</LongitudeDegrees>
          </Position>
          <AltitudeMeters>842.3</AltitudeMeters>
          <DistanceMeters>52748.4</DistanceMeters>
        </Trackpoint>
        <Trackpoint>
          <Time>2027-05-09T10:31:11Z</Time>
          <Position>
            <LatitudeDegrees>42.3388600</LatitudeDegrees>
            <LongitudeDegrees>-4.7130500</LongitudeDegrees>
          </Position>
          <AltitudeMeters>842.8</AltitudeMeters>
          <DistanceMeters>52799.6</DistanceMeters>
        </Trackpoint>
        <Trackpoint>
          <Time>2027-05-09T10:31:24Z</Time>
          <Position>
            <LatitudeDegrees>42.3387700</LatitudeDegrees>
            <LongitudeDegrees>-4.7136600</LongitudeDegrees>
          </Position>
          <AltitudeMeters>843.2</AltitudeMeters>
          <DistanceMeters>52850.7</DistanceMeters>
        </Trackpoint>
        <Trackpoint>
          <Time>2027-05-09T10:31:36Z</Time>
          <Position>
            <LatitudeDegrees>42.3386800</LatitudeDegrees>
            <LongitudeDegrees>-4.7142700</LongitudeDegrees>
          </Position>
          <AltitudeMeters>843.5</AltitudeMeters>
          <DistanceMeters>52901.8</DistanceMeters>
        </Trackpoint>
        <Trackpoint>
          <Time>2027-05-09T10:31:48Z</Time>
          <Position>
            <LatitudeDegrees>42.3386000</LatitudeDegrees>
            <LongitudeDegrees>-4.7148800</LongitudeDegrees>
          </Position>
          <AltitudeMeters>843.8</AltitudeMeters>
          <DistanceMeters>52952.7</DistanceMeters>
        </Trackpoint>
        <Trackpoint>
          <Time>2027-05-09T10:32:00Z</Time>
          <Position>
            <LatitudeDegrees>42.3385100</LatitudeDegrees>
            <LongitudeDegrees>-4.7154900</LongitudeDegrees>
          </Position>
          <AltitudeMeters>843.9</AltitudeMeters>
          <DistanceMeters>53003.9</DistanceMeters>
        </Trackpoint>
        <Trackpoint>
          <Time>2027-05-09T10:32:13Z</Time>
          <Position>
            <LatitudeDegrees>42.3384200</LatitudeDegrees>
            <LongitudeDegrees>-4.7161000</LongitudeDegrees>
          </Position>
          <AltitudeMeters>843.9</AltitudeMeters>
          <DistanceMeters>53055.0</DistanceMeters>
        </Trackpoint>
        <Trackpoint>
          <Time>2027-05-09T10:32:25Z</Time>
          <Position>
            <LatitudeDegrees>42.3383300</LatitudeDegrees>
            <LongitudeDegrees>-4.7167100</LongitudeDegrees>
          </Position>
          <AltitudeMeters>843.8</AltitudeMeters>
          <DistanceMeters>53106.1</DistanceMeters>
        </Trackpoint>
        <Trackpoint>
          <Time>2027-05-09T10:32:37Z</Time>
          <Position>
            <LatitudeDegrees>42.3382400</LatitudeDegrees>
            <LongitudeDegrees>-4.7173200</LongitudeDegrees>
          </Position>
          <AltitudeMeters>843.9</AltitudeMeters>
          <DistanceMeters>53157.3</DistanceMeters>
        </Trackpoint>
        <Trackpoint>
          <Time>2027-05-09T10:32:49Z</Time>
          <Position>
            <LatitudeDegrees>42.3381600</LatitudeDegrees>
            <LongitudeDegrees>-4.7179300</LongitudeDegrees>
          </Position>
          <AltitudeMeters>844.0</AltitudeMeters>
          <DistanceMeters>53208.2</DistanceMeters>
        </Trackpoint>
        <Trackpoint>
          <Time>2027-05-09T10:33:02Z</Time>
          <Position>
            <LatitudeDegrees>42.3380700</LatitudeDegrees>
            <LongitudeDegrees>-4.7185400</LongitudeDegrees>
          </Position>
          <AltitudeMeters>844.0</AltitudeMeters>
          <DistanceMeters>53259.3</DistanceMeters>
        </Trackpoint>
        <Trackpoint>
          <Time>2027-05-09T10:33:14Z</Time>
          <Position>
            <LatitudeDegrees>42.3379800</LatitudeDegrees>
            <LongitudeDegrees>-4.7191600</LongitudeDegrees>
          </Position>
          <AltitudeMeters>843.9</AltitudeMeters>
          <DistanceMeters>53311.2</DistanceMeters>
        </Trackpoint>
        <Trackpoint>
          <Time>2027-05-09T10:33:26Z</Time>
          <Position>
            <LatitudeDegrees>42.3378900</LatitudeDegrees>
            <LongitudeDegrees>-4.7197700</LongitudeDegrees>
          </Position>
          <AltitudeMeters>843.9</AltitudeMeters>
          <DistanceMeters>53362.4</DistanceMeters>
        </Trackpoint>
        <Trackpoint>
          <Time>2027-05-09T10:33:39Z</Time>
          <Position>
            <LatitudeDegrees>42.3378100</LatitudeDegrees>
            <LongitudeDegrees>-4.7203800</LongitudeDegrees>
          </Position>
          <AltitudeMeters>843.8</AltitudeMeters>
          <DistanceMeters>53413.3</DistanceMeters>
        </Trackpoint>
        <Trackpoint>
          <Time>2027-05-09T10:33:51Z</Time>
          <Position>
            <LatitudeDegrees>42.3377200</LatitudeDegrees>
            <LongitudeDegrees>-4.7209900</LongitudeDegrees>
          </Position>
          <AltitudeMeters>843.9</AltitudeMeters>
          <DistanceMeters>53464.4</DistanceMeters>
        </Trackpoint>
        <Trackpoint>
          <Time>2027-05-09T10:34:03Z</Time>
          <Position>
            <LatitudeDegrees>42.3376300</LatitudeDegrees>
            <LongitudeDegrees>-4.7216000</LongitudeDegrees>
          </Position>
          <AltitudeMeters>844.1</AltitudeMeters>
          <DistanceMeters>53515.5</DistanceMeters>
        </Trackpoint>
        <Trackpoint>
          <Time>2027-05-09T10:34:15Z</Time>
          <Position>
            <LatitudeDegrees>42.3375400</LatitudeDegrees>
            <LongitudeDegrees>-4.7222100</LongitudeDegrees>
          </Position>
          <AltitudeMeters>844.4</AltitudeMeters>
          <DistanceMeters>53566.7</DistanceMeters>
        </Trackpoint>
        <Trackpoint>
          <Time>2027-05-09T10:34:28Z</Time>
          <Position>
            <LatitudeDegrees>42.3374500</LatitudeDegrees>
            <LongitudeDegrees>-4.7228200</LongitudeDegrees>
          </Position>
          <AltitudeMeters>844.8</AltitudeMeters>
          <DistanceMeters>53617.8</DistanceMeters>
        </Trackpoint>
        <Trackpoint>
          <Time>2027-05-09T10:34:40Z</Time>
          <Position>
            <LatitudeDegrees>42.3373700</LatitudeDegrees>
            <LongitudeDegrees>-4.7234300</LongitudeDegrees>
          </Position>
          <AltitudeMeters>845.2</AltitudeMeters>
          <DistanceMeters>53668.7</DistanceMeters>
        </Trackpoint>
        <Trackpoint>
          <Time>2027-05-09T10:34:52Z</Time>
          <Position>
            <LatitudeDegrees>42.3372800</LatitudeDegrees>
            <LongitudeDegrees>-4.7240400</LongitudeDegrees>
          </Position>
          <AltitudeMeters>845.5</AltitudeMeters>
          <DistanceMeters>53719.8</DistanceMeters>
        </Trackpoint>
        <Trackpoint>
          <Time>2027-05-09T10:35:05Z</Time>
          <Position>
            <LatitudeDegrees>42.3371900</LatitudeDegrees>
            <LongitudeDegrees>-4.7246500</LongitudeDegrees>
          </Position>
          <AltitudeMeters>845.6</AltitudeMeters>
          <DistanceMeters>53771.0</DistanceMeters>
        </Trackpoint>
        <Trackpoint>
          <Time>2027-05-09T10:35:17Z</Time>
          <Position>
            <LatitudeDegrees>42.3371000</LatitudeDegrees>
            <LongitudeDegrees>-4.7252600</LongitudeDegrees>
          </Position>
          <AltitudeMeters>845.8</AltitudeMeters>
          <DistanceMeters>53822.1</DistanceMeters>
        </Trackpoint>
        <Trackpoint>
          <Time>2027-05-09T10:35:29Z</Time>
          <Position>
            <LatitudeDegrees>42.3370100</LatitudeDegrees>
            <LongitudeDegrees>-4.7258700</LongitudeDegrees>
          </Position>
          <AltitudeMeters>845.7</AltitudeMeters>
          <DistanceMeters>53873.2</DistanceMeters>
        </Trackpoint>
        <Trackpoint>
          <Time>2027-05-09T10:35:41Z</Time>
          <Position>
            <LatitudeDegrees>42.3369300</LatitudeDegrees>
            <LongitudeDegrees>-4.7264800</LongitudeDegrees>
          </Position>
          <AltitudeMeters>845.6</AltitudeMeters>
          <DistanceMeters>53924.1</DistanceMeters>
        </Trackpoint>
        <Trackpoint>
          <Time>2027-05-09T10:35:54Z</Time>
          <Position>
            <LatitudeDegrees>42.3368400</LatitudeDegrees>
            <LongitudeDegrees>-4.7270900</LongitudeDegrees>
          </Position>
          <AltitudeMeters>845.5</AltitudeMeters>
          <DistanceMeters>53975.3</DistanceMeters>
        </Trackpoint>
        <Trackpoint>
          <Time>2027-05-09T10:36:06Z</Time>
          <Position>
            <LatitudeDegrees>42.3367500</LatitudeDegrees>
            <LongitudeDegrees>-4.7277000</LongitudeDegrees>
          </Position>
          <AltitudeMeters>845.6</AltitudeMeters>
          <DistanceMeters>54026.4</DistanceMeters>
        </Trackpoint>
        <Trackpoint>
          <Time>2027-05-09T10:36:18Z</Time>
          <Position>
            <LatitudeDegrees>42.3366600</LatitudeDegrees>
            <LongitudeDegrees>-4.7283100</LongitudeDegrees>
          </Position>
          <AltitudeMeters>845.7</AltitudeMeters>
          <DistanceMeters>54077.5</DistanceMeters>
        </Trackpoint>
        <Trackpoint>
          <Time>2027-05-09T10:36:30Z</Time>
          <Position>
            <LatitudeDegrees>42.3365800</LatitudeDegrees>
            <LongitudeDegrees>-4.7289200</LongitudeDegrees>
          </Position>
          <AltitudeMeters>846.1</AltitudeMeters>
          <DistanceMeters>54128.5</DistanceMeters>
        </Trackpoint>
        <Trackpoint>
          <Time>2027-05-09T10:36:43Z</Time>
          <Position>
            <LatitudeDegrees>42.3364900</LatitudeDegrees>
            <LongitudeDegrees>-4.7295300</LongitudeDegrees>
          </Position>
          <AltitudeMeters>846.7</AltitudeMeters>
          <DistanceMeters>54179.6</DistanceMeters>
        </Trackpoint>
        <Trackpoint>
          <Time>2027-05-09T10:36:55Z</Time>
          <Position>
            <LatitudeDegrees>42.3364000</LatitudeDegrees>
            <LongitudeDegrees>-4.7301400</LongitudeDegrees>
          </Position>
          <AltitudeMeters>847.3</AltitudeMeters>
          <DistanceMeters>54230.7</DistanceMeters>
        </Trackpoint>
        <Trackpoint>
          <Time>2027-05-09T10:37:07Z</Time>
          <Position>
            <LatitudeDegrees>42.3363100</LatitudeDegrees>
            <LongitudeDegrees>-4.7307400</LongitudeDegrees>
          </Position>
          <AltitudeMeters>848.1</AltitudeMeters>
          <DistanceMeters>54281.0</DistanceMeters>
        </Trackpoint>
        <Trackpoint>
          <Time>2027-05-09T10:37:19Z</Time>
          <Position>
            <LatitudeDegrees>42.3362100</LatitudeDegrees>
            <LongitudeDegrees>-4.7313500</LongitudeDegrees>
          </Position>
          <AltitudeMeters>848.9</AltitudeMeters>
          <DistanceMeters>54332.4</DistanceMeters>
        </Trackpoint>
        <Trackpoint>
          <Time>2027-05-09T10:37:31Z</Time>
          <Position>
            <LatitudeDegrees>42.3361200</LatitudeDegrees>
            <LongitudeDegrees>-4.7319500</LongitudeDegrees>
          </Position>
          <AltitudeMeters>849.4</AltitudeMeters>
          <DistanceMeters>54382.7</DistanceMeters>
        </Trackpoint>
        <Trackpoint>
          <Time>2027-05-09T10:37:43Z</Time>
          <Position>
            <LatitudeDegrees>42.3360200</LatitudeDegrees>
            <LongitudeDegrees>-4.7325500</LongitudeDegrees>
          </Position>
          <AltitudeMeters>849.6</AltitudeMeters>
          <DistanceMeters>54433.3</DistanceMeters>
        </Trackpoint>
        <Trackpoint>
          <Time>2027-05-09T10:37:56Z</Time>
          <Position>
            <LatitudeDegrees>42.3359300</LatitudeDegrees>
            <LongitudeDegrees>-4.7331500</LongitudeDegrees>
          </Position>
          <AltitudeMeters>849.5</AltitudeMeters>
          <DistanceMeters>54483.6</DistanceMeters>
        </Trackpoint>
        <Trackpoint>
          <Time>2027-05-09T10:38:08Z</Time>
          <Position>
            <LatitudeDegrees>42.3358300</LatitudeDegrees>
            <LongitudeDegrees>-4.7337600</LongitudeDegrees>
          </Position>
          <AltitudeMeters>849.3</AltitudeMeters>
          <DistanceMeters>54534.9</DistanceMeters>
        </Trackpoint>
        <Trackpoint>
          <Time>2027-05-09T10:38:20Z</Time>
          <Position>
            <LatitudeDegrees>42.3357400</LatitudeDegrees>
            <LongitudeDegrees>-4.7343600</LongitudeDegrees>
          </Position>
          <AltitudeMeters>849.1</AltitudeMeters>
          <DistanceMeters>54585.3</DistanceMeters>
        </Trackpoint>
        <Trackpoint>
          <Time>2027-05-09T10:38:32Z</Time>
          <Position>
            <LatitudeDegrees>42.3356400</LatitudeDegrees>
            <LongitudeDegrees>-4.7349600</LongitudeDegrees>
          </Position>
          <AltitudeMeters>849.0</AltitudeMeters>
          <DistanceMeters>54635.8</DistanceMeters>
        </Trackpoint>
        <Trackpoint>
          <Time>2027-05-09T10:38:44Z</Time>
          <Position>
            <LatitudeDegrees>42.3355500</LatitudeDegrees>
            <LongitudeDegrees>-4.7355600</LongitudeDegrees>
          </Position>
          <AltitudeMeters>849.0</AltitudeMeters>
          <DistanceMeters>54686.2</DistanceMeters>
        </Trackpoint>
        <Trackpoint>
          <Time>2027-05-09T10:38:57Z</Time>
          <Position>
            <LatitudeDegrees>42.3354500</LatitudeDegrees>
            <LongitudeDegrees>-4.7361700</LongitudeDegrees>
          </Position>
          <AltitudeMeters>849.1</AltitudeMeters>
          <DistanceMeters>54737.5</DistanceMeters>
        </Trackpoint>
        <Trackpoint>
          <Time>2027-05-09T10:39:09Z</Time>
          <Position>
            <LatitudeDegrees>42.3353600</LatitudeDegrees>
            <LongitudeDegrees>-4.7367700</LongitudeDegrees>
          </Position>
          <AltitudeMeters>849.3</AltitudeMeters>
          <DistanceMeters>54787.8</DistanceMeters>
        </Trackpoint>
        <Trackpoint>
          <Time>2027-05-09T10:39:21Z</Time>
          <Position>
            <LatitudeDegrees>42.3352600</LatitudeDegrees>
            <LongitudeDegrees>-4.7373700</LongitudeDegrees>
          </Position>
          <AltitudeMeters>849.5</AltitudeMeters>
          <DistanceMeters>54838.4</DistanceMeters>
        </Trackpoint>
        <Trackpoint>
          <Time>2027-05-09T10:39:33Z</Time>
          <Position>
            <LatitudeDegrees>42.3351700</LatitudeDegrees>
            <LongitudeDegrees>-4.7379800</LongitudeDegrees>
          </Position>
          <AltitudeMeters>849.9</AltitudeMeters>
          <DistanceMeters>54889.5</DistanceMeters>
        </Trackpoint>
        <Trackpoint>
          <Time>2027-05-09T10:39:45Z</Time>
          <Position>
            <LatitudeDegrees>42.3350700</LatitudeDegrees>
            <LongitudeDegrees>-4.7385800</LongitudeDegrees>
          </Position>
          <AltitudeMeters>850.4</AltitudeMeters>
          <DistanceMeters>54940.1</DistanceMeters>
        </Trackpoint>
        <Trackpoint>
          <Time>2027-05-09T10:39:57Z</Time>
          <Position>
            <LatitudeDegrees>42.3349800</LatitudeDegrees>
            <LongitudeDegrees>-4.7391800</LongitudeDegrees>
          </Position>
          <AltitudeMeters>850.9</AltitudeMeters>
          <DistanceMeters>54990.4</DistanceMeters>
        </Trackpoint>
        <Trackpoint>
          <Time>2027-05-09T10:40:09Z</Time>
          <Position>
            <LatitudeDegrees>42.3348800</LatitudeDegrees>
            <LongitudeDegrees>-4.7397800</LongitudeDegrees>
          </Position>
          <AltitudeMeters>851.4</AltitudeMeters>
          <DistanceMeters>55041.0</DistanceMeters>
        </Trackpoint>
        <Trackpoint>
          <Time>2027-05-09T10:40:22Z</Time>
          <Position>
            <LatitudeDegrees>42.3347900</LatitudeDegrees>
            <LongitudeDegrees>-4.7403900</LongitudeDegrees>
          </Position>
          <AltitudeMeters>851.8</AltitudeMeters>
          <DistanceMeters>55092.1</DistanceMeters>
        </Trackpoint>
        <Trackpoint>
          <Time>2027-05-09T10:40:34Z</Time>
          <Position>
            <LatitudeDegrees>42.3346900</LatitudeDegrees>
            <LongitudeDegrees>-4.7409900</LongitudeDegrees>
          </Position>
          <AltitudeMeters>852.4</AltitudeMeters>
          <DistanceMeters>55142.6</DistanceMeters>
        </Trackpoint>
        <Trackpoint>
          <Time>2027-05-09T10:40:46Z</Time>
          <Position>
            <LatitudeDegrees>42.3346000</LatitudeDegrees>
            <LongitudeDegrees>-4.7415900</LongitudeDegrees>
          </Position>
          <AltitudeMeters>852.8</AltitudeMeters>
          <DistanceMeters>55193.0</DistanceMeters>
        </Trackpoint>
        <Trackpoint>
          <Time>2027-05-09T10:40:58Z</Time>
          <Position>
            <LatitudeDegrees>42.3345000</LatitudeDegrees>
            <LongitudeDegrees>-4.7421900</LongitudeDegrees>
          </Position>
          <AltitudeMeters>852.8</AltitudeMeters>
          <DistanceMeters>55243.5</DistanceMeters>
        </Trackpoint>
        <Trackpoint>
          <Time>2027-05-09T10:41:10Z</Time>
          <Position>
            <LatitudeDegrees>42.3344100</LatitudeDegrees>
            <LongitudeDegrees>-4.7428000</LongitudeDegrees>
          </Position>
          <AltitudeMeters>852.3</AltitudeMeters>
          <DistanceMeters>55294.7</DistanceMeters>
        </Trackpoint>
        <Trackpoint>
          <Time>2027-05-09T10:41:22Z</Time>
          <Position>
            <LatitudeDegrees>42.3343100</LatitudeDegrees>
            <LongitudeDegrees>-4.7434000</LongitudeDegrees>
          </Position>
          <AltitudeMeters>851.8</AltitudeMeters>
          <DistanceMeters>55345.2</DistanceMeters>
        </Trackpoint>
        <Trackpoint>
          <Time>2027-05-09T10:41:34Z</Time>
          <Position>
            <LatitudeDegrees>42.3342200</LatitudeDegrees>
            <LongitudeDegrees>-4.7440000</LongitudeDegrees>
          </Position>
          <AltitudeMeters>851.3</AltitudeMeters>
          <DistanceMeters>55395.5</DistanceMeters>
        </Trackpoint>
        <Trackpoint>
          <Time>2027-05-09T10:41:47Z</Time>
          <Position>
            <LatitudeDegrees>42.3341200</LatitudeDegrees>
            <LongitudeDegrees>-4.7446100</LongitudeDegrees>
          </Position>
          <AltitudeMeters>851.1</AltitudeMeters>
          <DistanceMeters>55446.9</DistanceMeters>
        </Trackpoint>
        <Trackpoint>
          <Time>2027-05-09T10:41:59Z</Time>
          <Position>
            <LatitudeDegrees>42.3340300</LatitudeDegrees>
            <LongitudeDegrees>-4.7452100</LongitudeDegrees>
          </Position>
          <AltitudeMeters>851.0</AltitudeMeters>
          <DistanceMeters>55497.2</DistanceMeters>
        </Trackpoint>
        <Trackpoint>
          <Time>2027-05-09T10:42:11Z</Time>
          <Position>
            <LatitudeDegrees>42.3339300</LatitudeDegrees>
            <LongitudeDegrees>-4.7458100</LongitudeDegrees>
          </Position>
          <AltitudeMeters>851.2</AltitudeMeters>
          <DistanceMeters>55547.8</DistanceMeters>
        </Trackpoint>
        <Trackpoint>
          <Time>2027-05-09T10:42:23Z</Time>
          <Position>
            <LatitudeDegrees>42.3338400</LatitudeDegrees>
            <LongitudeDegrees>-4.7464100</LongitudeDegrees>
          </Position>
          <AltitudeMeters>851.5</AltitudeMeters>
          <DistanceMeters>55598.1</DistanceMeters>
        </Trackpoint>
        <Trackpoint>
          <Time>2027-05-09T10:42:35Z</Time>
          <Position>
            <LatitudeDegrees>42.3337400</LatitudeDegrees>
            <LongitudeDegrees>-4.7470200</LongitudeDegrees>
          </Position>
          <AltitudeMeters>851.8</AltitudeMeters>
          <DistanceMeters>55649.5</DistanceMeters>
        </Trackpoint>
        <Trackpoint>
          <Time>2027-05-09T10:42:47Z</Time>
          <Position>
            <LatitudeDegrees>42.3336500</LatitudeDegrees>
            <LongitudeDegrees>-4.7476200</LongitudeDegrees>
          </Position>
          <AltitudeMeters>851.9</AltitudeMeters>
          <DistanceMeters>55699.8</DistanceMeters>
        </Trackpoint>
        <Trackpoint>
          <Time>2027-05-09T10:43:00Z</Time>
          <Position>
            <LatitudeDegrees>42.3335500</LatitudeDegrees>
            <LongitudeDegrees>-4.7482200</LongitudeDegrees>
          </Position>
          <AltitudeMeters>851.9</AltitudeMeters>
          <DistanceMeters>55750.3</DistanceMeters>
        </Trackpoint>
        <Trackpoint>
          <Time>2027-05-09T10:43:12Z</Time>
          <Position>
            <LatitudeDegrees>42.3334600</LatitudeDegrees>
            <LongitudeDegrees>-4.7488200</LongitudeDegrees>
          </Position>
          <AltitudeMeters>851.7</AltitudeMeters>
          <DistanceMeters>55800.7</DistanceMeters>
        </Trackpoint>
        <Trackpoint>
          <Time>2027-05-09T10:43:24Z</Time>
          <Position>
            <LatitudeDegrees>42.3333600</LatitudeDegrees>
            <LongitudeDegrees>-4.7494300</LongitudeDegrees>
          </Position>
          <AltitudeMeters>851.4</AltitudeMeters>
          <DistanceMeters>55852.0</DistanceMeters>
        </Trackpoint>
        <Trackpoint>
          <Time>2027-05-09T10:43:36Z</Time>
          <Position>
            <LatitudeDegrees>42.3332700</LatitudeDegrees>
            <LongitudeDegrees>-4.7500300</LongitudeDegrees>
          </Position>
          <AltitudeMeters>851.1</AltitudeMeters>
          <DistanceMeters>55902.3</DistanceMeters>
        </Trackpoint>
        <Trackpoint>
          <Time>2027-05-09T10:43:48Z</Time>
          <Position>
            <LatitudeDegrees>42.3331900</LatitudeDegrees>
            <LongitudeDegrees>-4.7506500</LongitudeDegrees>
          </Position>
          <AltitudeMeters>851.1</AltitudeMeters>
          <DistanceMeters>55954.1</DistanceMeters>
        </Trackpoint>
        <Trackpoint>
          <Time>2027-05-09T10:44:01Z</Time>
          <Position>
            <LatitudeDegrees>42.3331000</LatitudeDegrees>
            <LongitudeDegrees>-4.7512700</LongitudeDegrees>
          </Position>
          <AltitudeMeters>851.1</AltitudeMeters>
          <DistanceMeters>56006.0</DistanceMeters>
        </Trackpoint>
        <Trackpoint>
          <Time>2027-05-09T10:44:13Z</Time>
          <Position>
            <LatitudeDegrees>42.3330200</LatitudeDegrees>
            <LongitudeDegrees>-4.7518900</LongitudeDegrees>
          </Position>
          <AltitudeMeters>851.3</AltitudeMeters>
          <DistanceMeters>56057.8</DistanceMeters>
        </Trackpoint>
        <Trackpoint>
          <Time>2027-05-09T10:44:26Z</Time>
          <Position>
            <LatitudeDegrees>42.3329300</LatitudeDegrees>
            <LongitudeDegrees>-4.7525000</LongitudeDegrees>
          </Position>
          <AltitudeMeters>851.5</AltitudeMeters>
          <DistanceMeters>56108.9</DistanceMeters>
        </Trackpoint>
        <Trackpoint>
          <Time>2027-05-09T10:44:38Z</Time>
          <Position>
            <LatitudeDegrees>42.3328500</LatitudeDegrees>
            <LongitudeDegrees>-4.7531200</LongitudeDegrees>
          </Position>
          <AltitudeMeters>851.6</AltitudeMeters>
          <DistanceMeters>56160.6</DistanceMeters>
        </Trackpoint>
        <Trackpoint>
          <Time>2027-05-09T10:44:51Z</Time>
          <Position>
            <LatitudeDegrees>42.3327600</LatitudeDegrees>
            <LongitudeDegrees>-4.7537400</LongitudeDegrees>
          </Position>
          <AltitudeMeters>851.8</AltitudeMeters>
          <DistanceMeters>56212.6</DistanceMeters>
        </Trackpoint>
        <Trackpoint>
          <Time>2027-05-09T10:45:03Z</Time>
          <Position>
            <LatitudeDegrees>42.3326800</LatitudeDegrees>
            <LongitudeDegrees>-4.7543600</LongitudeDegrees>
          </Position>
          <AltitudeMeters>852.1</AltitudeMeters>
          <DistanceMeters>56264.3</DistanceMeters>
        </Trackpoint>
        <Trackpoint>
          <Time>2027-05-09T10:45:15Z</Time>
          <Position>
            <LatitudeDegrees>42.3326000</LatitudeDegrees>
            <LongitudeDegrees>-4.7549800</LongitudeDegrees>
          </Position>
          <AltitudeMeters>852.7</AltitudeMeters>
          <DistanceMeters>56316.0</DistanceMeters>
        </Trackpoint>
        <Trackpoint>
          <Time>2027-05-09T10:45:28Z</Time>
          <Position>
            <LatitudeDegrees>42.3325100</LatitudeDegrees>
            <LongitudeDegrees>-4.7556000</LongitudeDegrees>
          </Position>
          <AltitudeMeters>853.4</AltitudeMeters>
          <DistanceMeters>56368.0</DistanceMeters>
        </Trackpoint>
        <Trackpoint>
          <Time>2027-05-09T10:45:40Z</Time>
          <Position>
            <LatitudeDegrees>42.3324300</LatitudeDegrees>
            <LongitudeDegrees>-4.7562200</LongitudeDegrees>
          </Position>
          <AltitudeMeters>853.9</AltitudeMeters>
          <DistanceMeters>56419.7</DistanceMeters>
        </Trackpoint>
        <Trackpoint>
          <Time>2027-05-09T10:45:53Z</Time>
          <Position>
            <LatitudeDegrees>42.3323400</LatitudeDegrees>
            <LongitudeDegrees>-4.7568300</LongitudeDegrees>
          </Position>
          <AltitudeMeters>854.4</AltitudeMeters>
          <DistanceMeters>56470.8</DistanceMeters>
        </Trackpoint>
        <Trackpoint>
          <Time>2027-05-09T10:46:05Z</Time>
          <Position>
            <LatitudeDegrees>42.3322600</LatitudeDegrees>
            <LongitudeDegrees>-4.7574500</LongitudeDegrees>
          </Position>
          <AltitudeMeters>855.2</AltitudeMeters>
          <DistanceMeters>56522.6</DistanceMeters>
        </Trackpoint>
        <Trackpoint>
          <Time>2027-05-09T10:46:17Z</Time>
          <Position>
            <LatitudeDegrees>42.3321700</LatitudeDegrees>
            <LongitudeDegrees>-4.7580700</LongitudeDegrees>
          </Position>
          <AltitudeMeters>856.2</AltitudeMeters>
          <DistanceMeters>56574.5</DistanceMeters>
        </Trackpoint>
        <Trackpoint>
          <Time>2027-05-09T10:46:30Z</Time>
          <Position>
            <LatitudeDegrees>42.3320900</LatitudeDegrees>
            <LongitudeDegrees>-4.7586900</LongitudeDegrees>
          </Position>
          <AltitudeMeters>857.5</AltitudeMeters>
          <DistanceMeters>56626.2</DistanceMeters>
        </Trackpoint>
        <Trackpoint>
          <Time>2027-05-09T10:46:42Z</Time>
          <Position>
            <LatitudeDegrees>42.3319700</LatitudeDegrees>
            <LongitudeDegrees>-4.7592900</LongitudeDegrees>
          </Position>
          <AltitudeMeters>858.8</AltitudeMeters>
          <DistanceMeters>56677.3</DistanceMeters>
        </Trackpoint>
        <Trackpoint>
          <Time>2027-05-09T10:46:54Z</Time>
          <Position>
            <LatitudeDegrees>42.3318500</LatitudeDegrees>
            <LongitudeDegrees>-4.7598900</LongitudeDegrees>
          </Position>
          <AltitudeMeters>860.0</AltitudeMeters>
          <DistanceMeters>56728.4</DistanceMeters>
        </Trackpoint>
        <Trackpoint>
          <Time>2027-05-09T10:47:07Z</Time>
          <Position>
            <LatitudeDegrees>42.3317400</LatitudeDegrees>
            <LongitudeDegrees>-4.7605000</LongitudeDegrees>
          </Position>
          <AltitudeMeters>861.0</AltitudeMeters>
          <DistanceMeters>56780.0</DistanceMeters>
        </Trackpoint>
        <Trackpoint>
          <Time>2027-05-09T10:47:19Z</Time>
          <Position>
            <LatitudeDegrees>42.3316200</LatitudeDegrees>
            <LongitudeDegrees>-4.7611000</LongitudeDegrees>
          </Position>
          <AltitudeMeters>861.6</AltitudeMeters>
          <DistanceMeters>56831.1</DistanceMeters>
        </Trackpoint>
        <Trackpoint>
          <Time>2027-05-09T10:47:31Z</Time>
          <Position>
            <LatitudeDegrees>42.3315000</LatitudeDegrees>
            <LongitudeDegrees>-4.7617000</LongitudeDegrees>
          </Position>
          <AltitudeMeters>861.9</AltitudeMeters>
          <DistanceMeters>56882.2</DistanceMeters>
        </Trackpoint>
        <Trackpoint>
          <Time>2027-05-09T10:47:43Z</Time>
          <Position>
            <LatitudeDegrees>42.3313800</LatitudeDegrees>
            <LongitudeDegrees>-4.7623000</LongitudeDegrees>
          </Position>
          <AltitudeMeters>862.2</AltitudeMeters>
          <DistanceMeters>56933.3</DistanceMeters>
        </Trackpoint>
        <Trackpoint>
          <Time>2027-05-09T10:47:56Z</Time>
          <Position>
            <LatitudeDegrees>42.3312600</LatitudeDegrees>
            <LongitudeDegrees>-4.7629100</LongitudeDegrees>
          </Position>
          <AltitudeMeters>862.5</AltitudeMeters>
          <DistanceMeters>56985.2</DistanceMeters>
        </Trackpoint>
        <Trackpoint>
          <Time>2027-05-09T10:48:08Z</Time>
          <Position>
            <LatitudeDegrees>42.3311500</LatitudeDegrees>
            <LongitudeDegrees>-4.7635100</LongitudeDegrees>
          </Position>
          <AltitudeMeters>862.9</AltitudeMeters>
          <DistanceMeters>57036.0</DistanceMeters>
        </Trackpoint>
        <Trackpoint>
          <Time>2027-05-09T10:48:20Z</Time>
          <Position>
            <LatitudeDegrees>42.3310300</LatitudeDegrees>
            <LongitudeDegrees>-4.7641100</LongitudeDegrees>
          </Position>
          <AltitudeMeters>863.2</AltitudeMeters>
          <DistanceMeters>57087.1</DistanceMeters>
        </Trackpoint>
        <Trackpoint>
          <Time>2027-05-09T10:48:33Z</Time>
          <Position>
            <LatitudeDegrees>42.3309100</LatitudeDegrees>
            <LongitudeDegrees>-4.7647100</LongitudeDegrees>
          </Position>
          <AltitudeMeters>863.1</AltitudeMeters>
          <DistanceMeters>57138.2</DistanceMeters>
        </Trackpoint>
        <Trackpoint>
          <Time>2027-05-09T10:48:45Z</Time>
          <Position>
            <LatitudeDegrees>42.3307900</LatitudeDegrees>
            <LongitudeDegrees>-4.7653200</LongitudeDegrees>
          </Position>
          <AltitudeMeters>863.1</AltitudeMeters>
          <DistanceMeters>57190.1</DistanceMeters>
        </Trackpoint>
        <Trackpoint>
          <Time>2027-05-09T10:48:57Z</Time>
          <Position>
            <LatitudeDegrees>42.3306700</LatitudeDegrees>
            <LongitudeDegrees>-4.7659200</LongitudeDegrees>
          </Position>
          <AltitudeMeters>863.2</AltitudeMeters>
          <DistanceMeters>57241.2</DistanceMeters>
        </Trackpoint>
        <Trackpoint>
          <Time>2027-05-09T10:49:10Z</Time>
          <Position>
            <LatitudeDegrees>42.3305500</LatitudeDegrees>
            <LongitudeDegrees>-4.7665200</LongitudeDegrees>
          </Position>
          <AltitudeMeters>863.2</AltitudeMeters>
          <DistanceMeters>57292.3</DistanceMeters>
        </Trackpoint>
        <Trackpoint>
          <Time>2027-05-09T10:49:22Z</Time>
          <Position>
            <LatitudeDegrees>42.3304400</LatitudeDegrees>
            <LongitudeDegrees>-4.7671200</LongitudeDegrees>
          </Position>
          <AltitudeMeters>863.3</AltitudeMeters>
          <DistanceMeters>57343.1</DistanceMeters>
        </Trackpoint>
        <Trackpoint>
          <Time>2027-05-09T10:49:34Z</Time>
          <Position>
            <LatitudeDegrees>42.3303200</LatitudeDegrees>
            <LongitudeDegrees>-4.7677300</LongitudeDegrees>
          </Position>
          <AltitudeMeters>863.5</AltitudeMeters>
          <DistanceMeters>57395.0</DistanceMeters>
        </Trackpoint>
        <Trackpoint>
          <Time>2027-05-09T10:49:47Z</Time>
          <Position>
            <LatitudeDegrees>42.3302000</LatitudeDegrees>
            <LongitudeDegrees>-4.7683300</LongitudeDegrees>
          </Position>
          <AltitudeMeters>863.9</AltitudeMeters>
          <DistanceMeters>57446.1</DistanceMeters>
        </Trackpoint>
        <Trackpoint>
          <Time>2027-05-09T10:49:59Z</Time>
          <Position>
            <LatitudeDegrees>42.3300800</LatitudeDegrees>
            <LongitudeDegrees>-4.7689300</LongitudeDegrees>
          </Position>
          <AltitudeMeters>864.3</AltitudeMeters>
          <DistanceMeters>57497.2</DistanceMeters>
        </Trackpoint>
        <Trackpoint>
          <Time>2027-05-09T10:50:11Z</Time>
          <Position>
            <LatitudeDegrees>42.3299600</LatitudeDegrees>
            <LongitudeDegrees>-4.7695300</LongitudeDegrees>
          </Position>
          <AltitudeMeters>864.9</AltitudeMeters>
          <DistanceMeters>57548.3</DistanceMeters>
        </Trackpoint>
        <Trackpoint>
          <Time>2027-05-09T10:50:23Z</Time>
          <Position>
            <LatitudeDegrees>42.3298500</LatitudeDegrees>
            <LongitudeDegrees>-4.7701400</LongitudeDegrees>
          </Position>
          <AltitudeMeters>865.6</AltitudeMeters>
          <DistanceMeters>57599.9</DistanceMeters>
        </Trackpoint>
        <Trackpoint>
          <Time>2027-05-09T10:50:36Z</Time>
          <Position>
            <LatitudeDegrees>42.3297300</LatitudeDegrees>
            <LongitudeDegrees>-4.7707400</LongitudeDegrees>
          </Position>
          <AltitudeMeters>866.5</AltitudeMeters>
          <DistanceMeters>57651.0</DistanceMeters>
        </Trackpoint>
        <Trackpoint>
          <Time>2027-05-09T10:50:48Z</Time>
          <Position>
            <LatitudeDegrees>42.3296100</LatitudeDegrees>
            <LongitudeDegrees>-4.7713400</LongitudeDegrees>
          </Position>
          <AltitudeMeters>867.4</AltitudeMeters>
          <DistanceMeters>57702.1</DistanceMeters>
        </Trackpoint>
        <Trackpoint>
          <Time>2027-05-09T10:51:00Z</Time>
          <Position>
            <LatitudeDegrees>42.3295600</LatitudeDegrees>
            <LongitudeDegrees>-4.7719500</LongitudeDegrees>
          </Position>
          <AltitudeMeters>868.0</AltitudeMeters>
          <DistanceMeters>57752.5</DistanceMeters>
        </Trackpoint>
        <Trackpoint>
          <Time>2027-05-09T10:51:12Z</Time>
          <Position>
            <LatitudeDegrees>42.3295100</LatitudeDegrees>
            <LongitudeDegrees>-4.7725600</LongitudeDegrees>
          </Position>
          <AltitudeMeters>868.6</AltitudeMeters>
          <DistanceMeters>57803.0</DistanceMeters>
        </Trackpoint>
        <Trackpoint>
          <Time>2027-05-09T10:51:24Z</Time>
          <Position>
            <LatitudeDegrees>42.3294600</LatitudeDegrees>
            <LongitudeDegrees>-4.7731700</LongitudeDegrees>
          </Position>
          <AltitudeMeters>869.1</AltitudeMeters>
          <DistanceMeters>57853.5</DistanceMeters>
        </Trackpoint>
        <Trackpoint>
          <Time>2027-05-09T10:51:36Z</Time>
          <Position>
            <LatitudeDegrees>42.3294100</LatitudeDegrees>
            <LongitudeDegrees>-4.7737800</LongitudeDegrees>
          </Position>
          <AltitudeMeters>869.3</AltitudeMeters>
          <DistanceMeters>57903.9</DistanceMeters>
        </Trackpoint>
        <Trackpoint>
          <Time>2027-05-09T10:51:49Z</Time>
          <Position>
            <LatitudeDegrees>42.3293700</LatitudeDegrees>
            <LongitudeDegrees>-4.7743900</LongitudeDegrees>
          </Position>
          <AltitudeMeters>869.5</AltitudeMeters>
          <DistanceMeters>57954.2</DistanceMeters>
        </Trackpoint>
        <Trackpoint>
          <Time>2027-05-09T10:52:00Z</Time>
          <Position>
            <LatitudeDegrees>42.3293200</LatitudeDegrees>
            <LongitudeDegrees>-4.7749900</LongitudeDegrees>
          </Position>
          <AltitudeMeters>869.9</AltitudeMeters>
          <DistanceMeters>58003.9</DistanceMeters>
        </Trackpoint>
        <Trackpoint>
          <Time>2027-05-09T10:52:13Z</Time>
          <Position>
            <LatitudeDegrees>42.3292700</LatitudeDegrees>
            <LongitudeDegrees>-4.7756000</LongitudeDegrees>
          </Position>
          <AltitudeMeters>870.3</AltitudeMeters>
          <DistanceMeters>58054.3</DistanceMeters>
        </Trackpoint>
        <Trackpoint>
          <Time>2027-05-09T10:52:25Z</Time>
          <Position>
            <LatitudeDegrees>42.3292200</LatitudeDegrees>
            <LongitudeDegrees>-4.7762100</LongitudeDegrees>
          </Position>
          <AltitudeMeters>870.7</AltitudeMeters>
          <DistanceMeters>58104.8</DistanceMeters>
        </Trackpoint>
        <Trackpoint>
          <Time>2027-05-09T10:52:37Z</Time>
          <Position>
            <LatitudeDegrees>42.3291700</LatitudeDegrees>
            <LongitudeDegrees>-4.7768200</LongitudeDegrees>
          </Position>
          <AltitudeMeters>871.0</AltitudeMeters>
          <DistanceMeters>58155.2</DistanceMeters>
        </Trackpoint>
        <Trackpoint>
          <Time>2027-05-09T10:52:49Z</Time>
          <Position>
            <LatitudeDegrees>42.3291200</LatitudeDegrees>
            <LongitudeDegrees>-4.7774300</LongitudeDegrees>
          </Position>
          <AltitudeMeters>871.3</AltitudeMeters>
          <DistanceMeters>58205.7</DistanceMeters>
        </Trackpoint>
        <Trackpoint>
          <Time>2027-05-09T10:53:06Z</Time>
          <Position>
            <LatitudeDegrees>42.3290900</LatitudeDegrees>
            <LongitudeDegrees>-4.7782800</LongitudeDegrees>
          </Position>
          <AltitudeMeters>871.4</AltitudeMeters>
          <DistanceMeters>58275.6</DistanceMeters>
        </Trackpoint>
        <Trackpoint>
          <Time>2027-05-09T10:53:22Z</Time>
          <Position>
            <LatitudeDegrees>42.3290600</LatitudeDegrees>
            <LongitudeDegrees>-4.7791200</LongitudeDegrees>
          </Position>
          <AltitudeMeters>871.2</AltitudeMeters>
          <DistanceMeters>58344.8</DistanceMeters>
        </Trackpoint>
        <Trackpoint>
          <Time>2027-05-09T10:53:34Z</Time>
          <Position>
            <LatitudeDegrees>42.3290500</LatitudeDegrees>
            <LongitudeDegrees>-4.7797400</LongitudeDegrees>
          </Position>
          <AltitudeMeters>871.2</AltitudeMeters>
          <DistanceMeters>58395.8</DistanceMeters>
        </Trackpoint>
        <Trackpoint>
          <Time>2027-05-09T10:53:47Z</Time>
          <Position>
            <LatitudeDegrees>42.3290500</LatitudeDegrees>
            <LongitudeDegrees>-4.7803500</LongitudeDegrees>
          </Position>
          <AltitudeMeters>871.2</AltitudeMeters>
          <DistanceMeters>58445.9</DistanceMeters>
        </Trackpoint>
        <Trackpoint>
          <Time>2027-05-09T10:53:59Z</Time>
          <Position>
            <LatitudeDegrees>42.3290400</LatitudeDegrees>
            <LongitudeDegrees>-4.7809700</LongitudeDegrees>
          </Position>
          <AltitudeMeters>871.0</AltitudeMeters>
          <DistanceMeters>58496.9</DistanceMeters>
        </Trackpoint>
        <Trackpoint>
          <Time>2027-05-09T10:54:11Z</Time>
          <Position>
            <LatitudeDegrees>42.3290300</LatitudeDegrees>
            <LongitudeDegrees>-4.7815800</LongitudeDegrees>
          </Position>
          <AltitudeMeters>870.8</AltitudeMeters>
          <DistanceMeters>58547.0</DistanceMeters>
        </Trackpoint>
        <Trackpoint>
          <Time>2027-05-09T10:54:23Z</Time>
          <Position>
            <LatitudeDegrees>42.3290300</LatitudeDegrees>
            <LongitudeDegrees>-4.7822000</LongitudeDegrees>
          </Position>
          <AltitudeMeters>870.7</AltitudeMeters>
          <DistanceMeters>58598.0</DistanceMeters>
        </Trackpoint>
        <Trackpoint>
          <Time>2027-05-09T10:54:35Z</Time>
          <Position>
            <LatitudeDegrees>42.3290200</LatitudeDegrees>
            <LongitudeDegrees>-4.7828200</LongitudeDegrees>
          </Position>
          <AltitudeMeters>870.8</AltitudeMeters>
          <DistanceMeters>58649.0</DistanceMeters>
        </Trackpoint>
        <Trackpoint>
          <Time>2027-05-09T10:54:47Z</Time>
          <Position>
            <LatitudeDegrees>42.3290100</LatitudeDegrees>
            <LongitudeDegrees>-4.7834300</LongitudeDegrees>
          </Position>
          <AltitudeMeters>870.8</AltitudeMeters>
          <DistanceMeters>58699.1</DistanceMeters>
        </Trackpoint>
        <Trackpoint>
          <Time>2027-05-09T10:55:00Z</Time>
          <Position>
            <LatitudeDegrees>42.3290000</LatitudeDegrees>
            <LongitudeDegrees>-4.7840500</LongitudeDegrees>
          </Position>
          <AltitudeMeters>871.0</AltitudeMeters>
          <DistanceMeters>58750.1</DistanceMeters>
        </Trackpoint>
        <Trackpoint>
          <Time>2027-05-09T10:55:12Z</Time>
          <Position>
            <LatitudeDegrees>42.3290000</LatitudeDegrees>
            <LongitudeDegrees>-4.7846700</LongitudeDegrees>
          </Position>
          <AltitudeMeters>871.2</AltitudeMeters>
          <DistanceMeters>58801.1</DistanceMeters>
        </Trackpoint>
        <Trackpoint>
          <Time>2027-05-09T10:55:24Z</Time>
          <Position>
            <LatitudeDegrees>42.3289900</LatitudeDegrees>
            <LongitudeDegrees>-4.7852800</LongitudeDegrees>
          </Position>
          <AltitudeMeters>871.2</AltitudeMeters>
          <DistanceMeters>58851.3</DistanceMeters>
        </Trackpoint>
        <Trackpoint>
          <Time>2027-05-09T10:55:36Z</Time>
          <Position>
            <LatitudeDegrees>42.3289800</LatitudeDegrees>
            <LongitudeDegrees>-4.7859000</LongitudeDegrees>
          </Position>
          <AltitudeMeters>871.2</AltitudeMeters>
          <DistanceMeters>58902.2</DistanceMeters>
        </Trackpoint>
        <Trackpoint>
          <Time>2027-05-09T10:55:48Z</Time>
          <Position>
            <LatitudeDegrees>42.3289800</LatitudeDegrees>
            <LongitudeDegrees>-4.7865100</LongitudeDegrees>
          </Position>
          <AltitudeMeters>871.3</AltitudeMeters>
          <DistanceMeters>58952.4</DistanceMeters>
        </Trackpoint>
        <Trackpoint>
          <Time>2027-05-09T10:56:00Z</Time>
          <Position>
            <LatitudeDegrees>42.3289700</LatitudeDegrees>
            <LongitudeDegrees>-4.7871300</LongitudeDegrees>
          </Position>
          <AltitudeMeters>871.3</AltitudeMeters>
          <DistanceMeters>59003.4</DistanceMeters>
        </Trackpoint>
        <Trackpoint>
          <Time>2027-05-09T10:56:13Z</Time>
          <Position>
            <LatitudeDegrees>42.3289800</LatitudeDegrees>
            <LongitudeDegrees>-4.7877500</LongitudeDegrees>
          </Position>
          <AltitudeMeters>871.1</AltitudeMeters>
          <DistanceMeters>59054.3</DistanceMeters>
        </Trackpoint>
        <Trackpoint>
          <Time>2027-05-09T10:56:25Z</Time>
          <Position>
            <LatitudeDegrees>42.3290000</LatitudeDegrees>
            <LongitudeDegrees>-4.7883800</LongitudeDegrees>
          </Position>
          <AltitudeMeters>870.9</AltitudeMeters>
          <DistanceMeters>59106.2</DistanceMeters>
        </Trackpoint>
        <Trackpoint>
          <Time>2027-05-09T10:56:37Z</Time>
          <Position>
            <LatitudeDegrees>42.3290100</LatitudeDegrees>
            <LongitudeDegrees>-4.7890000</LongitudeDegrees>
          </Position>
          <AltitudeMeters>870.6</AltitudeMeters>
          <DistanceMeters>59157.2</DistanceMeters>
        </Trackpoint>
        <Trackpoint>
          <Time>2027-05-09T10:56:49Z</Time>
          <Position>
            <LatitudeDegrees>42.3290200</LatitudeDegrees>
            <LongitudeDegrees>-4.7896200</LongitudeDegrees>
          </Position>
          <AltitudeMeters>870.6</AltitudeMeters>
          <DistanceMeters>59208.1</DistanceMeters>
        </Trackpoint>
        <Trackpoint>
          <Time>2027-05-09T10:57:02Z</Time>
          <Position>
            <LatitudeDegrees>42.3290300</LatitudeDegrees>
            <LongitudeDegrees>-4.7902400</LongitudeDegrees>
          </Position>
          <AltitudeMeters>870.6</AltitudeMeters>
          <DistanceMeters>59259.1</DistanceMeters>
        </Trackpoint>
        <Trackpoint>
          <Time>2027-05-09T10:57:14Z</Time>
          <Position>
            <LatitudeDegrees>42.3290500</LatitudeDegrees>
            <LongitudeDegrees>-4.7908700</LongitudeDegrees>
          </Position>
          <AltitudeMeters>870.5</AltitudeMeters>
          <DistanceMeters>59310.9</DistanceMeters>
        </Trackpoint>
        <Trackpoint>
          <Time>2027-05-09T10:57:26Z</Time>
          <Position>
            <LatitudeDegrees>42.3290600</LatitudeDegrees>
            <LongitudeDegrees>-4.7914900</LongitudeDegrees>
          </Position>
          <AltitudeMeters>870.8</AltitudeMeters>
          <DistanceMeters>59361.9</DistanceMeters>
        </Trackpoint>
        <Trackpoint>
          <Time>2027-05-09T10:57:39Z</Time>
          <Position>
            <LatitudeDegrees>42.3290700</LatitudeDegrees>
            <LongitudeDegrees>-4.7921100</LongitudeDegrees>
          </Position>
          <AltitudeMeters>871.1</AltitudeMeters>
          <DistanceMeters>59412.9</DistanceMeters>
        </Trackpoint>
        <Trackpoint>
          <Time>2027-05-09T10:57:51Z</Time>
          <Position>
            <LatitudeDegrees>42.3290500</LatitudeDegrees>
            <LongitudeDegrees>-4.7927400</LongitudeDegrees>
          </Position>
          <AltitudeMeters>871.3</AltitudeMeters>
          <DistanceMeters>59464.7</DistanceMeters>
        </Trackpoint>
        <Trackpoint>
          <Time>2027-05-09T10:58:04Z</Time>
          <Position>
            <LatitudeDegrees>42.3290300</LatitudeDegrees>
            <LongitudeDegrees>-4.7933800</LongitudeDegrees>
          </Position>
          <AltitudeMeters>871.0</AltitudeMeters>
          <DistanceMeters>59517.4</DistanceMeters>
        </Trackpoint>
        <Trackpoint>
          <Time>2027-05-09T10:58:16Z</Time>
          <Position>
            <LatitudeDegrees>42.3290100</LatitudeDegrees>
            <LongitudeDegrees>-4.7940100</LongitudeDegrees>
          </Position>
          <AltitudeMeters>871.0</AltitudeMeters>
          <DistanceMeters>59569.2</DistanceMeters>
        </Trackpoint>
        <Trackpoint>
          <Time>2027-05-09T10:58:29Z</Time>
          <Position>
            <LatitudeDegrees>42.3289900</LatitudeDegrees>
            <LongitudeDegrees>-4.7946400</LongitudeDegrees>
          </Position>
          <AltitudeMeters>871.1</AltitudeMeters>
          <DistanceMeters>59621.1</DistanceMeters>
        </Trackpoint>
        <Trackpoint>
          <Time>2027-05-09T10:58:41Z</Time>
          <Position>
            <LatitudeDegrees>42.3289700</LatitudeDegrees>
            <LongitudeDegrees>-4.7952800</LongitudeDegrees>
          </Position>
          <AltitudeMeters>870.8</AltitudeMeters>
          <DistanceMeters>59673.7</DistanceMeters>
        </Trackpoint>
        <Trackpoint>
          <Time>2027-05-09T10:58:54Z</Time>
          <Position>
            <LatitudeDegrees>42.3289500</LatitudeDegrees>
            <LongitudeDegrees>-4.7959100</LongitudeDegrees>
          </Position>
          <AltitudeMeters>870.4</AltitudeMeters>
          <DistanceMeters>59725.6</DistanceMeters>
        </Trackpoint>
        <Trackpoint>
          <Time>2027-05-09T10:59:06Z</Time>
          <Position>
            <LatitudeDegrees>42.3289300</LatitudeDegrees>
            <LongitudeDegrees>-4.7965500</LongitudeDegrees>
          </Position>
          <AltitudeMeters>870.6</AltitudeMeters>
          <DistanceMeters>59778.2</DistanceMeters>
        </Trackpoint>
        <Trackpoint>
          <Time>2027-05-09T10:59:19Z</Time>
          <Position>
            <LatitudeDegrees>42.3289100</LatitudeDegrees>
            <LongitudeDegrees>-4.7971800</LongitudeDegrees>
          </Position>
          <AltitudeMeters>871.0</AltitudeMeters>
          <DistanceMeters>59830.1</DistanceMeters>
        </Trackpoint>
        <Trackpoint>
          <Time>2027-05-09T10:59:31Z</Time>
          <Position>
            <LatitudeDegrees>42.3288900</LatitudeDegrees>
            <LongitudeDegrees>-4.7978100</LongitudeDegrees>
          </Position>
          <AltitudeMeters>870.9</AltitudeMeters>
          <DistanceMeters>59881.9</DistanceMeters>
        </Trackpoint>
        <Trackpoint>
          <Time>2027-05-09T10:59:44Z</Time>
          <Position>
            <LatitudeDegrees>42.3288700</LatitudeDegrees>
            <LongitudeDegrees>-4.7984500</LongitudeDegrees>
          </Position>
          <AltitudeMeters>870.2</AltitudeMeters>
          <DistanceMeters>59934.6</DistanceMeters>
        </Trackpoint>
        <Trackpoint>
          <Time>2027-05-09T10:59:56Z</Time>
          <Position>
            <LatitudeDegrees>42.3288500</LatitudeDegrees>
            <LongitudeDegrees>-4.7990800</LongitudeDegrees>
          </Position>
          <AltitudeMeters>868.6</AltitudeMeters>
          <DistanceMeters>59986.4</DistanceMeters>
        </Trackpoint>
        <Trackpoint>
          <Time>2027-05-09T11:00:10Z</Time>
          <Position>
            <LatitudeDegrees>42.3289000</LatitudeDegrees>
            <LongitudeDegrees>-4.7997500</LongitudeDegrees>
          </Position>
          <AltitudeMeters>866.7</AltitudeMeters>
          <DistanceMeters>60041.8</DistanceMeters>
        </Trackpoint>
        <Trackpoint>
          <Time>2027-05-09T11:00:23Z</Time>
          <Position>
            <LatitudeDegrees>42.3289400</LatitudeDegrees>
            <LongitudeDegrees>-4.8004300</LongitudeDegrees>
          </Position>
          <AltitudeMeters>864.5</AltitudeMeters>
          <DistanceMeters>60097.8</DistanceMeters>
        </Trackpoint>
        <Trackpoint>
          <Time>2027-05-09T11:00:36Z</Time>
          <Position>
            <LatitudeDegrees>42.3289900</LatitudeDegrees>
            <LongitudeDegrees>-4.8011000</LongitudeDegrees>
          </Position>
          <AltitudeMeters>862.6</AltitudeMeters>
          <DistanceMeters>60153.2</DistanceMeters>
        </Trackpoint>
        <Trackpoint>
          <Time>2027-05-09T11:00:50Z</Time>
          <Position>
            <LatitudeDegrees>42.3290400</LatitudeDegrees>
            <LongitudeDegrees>-4.8017800</LongitudeDegrees>
          </Position>
          <AltitudeMeters>861.5</AltitudeMeters>
          <DistanceMeters>60209.4</DistanceMeters>
        </Trackpoint>
        <Trackpoint>
          <Time>2027-05-09T11:01:03Z</Time>
          <Position>
            <LatitudeDegrees>42.3290800</LatitudeDegrees>
            <LongitudeDegrees>-4.8024500</LongitudeDegrees>
          </Position>
          <AltitudeMeters>860.9</AltitudeMeters>
          <DistanceMeters>60264.6</DistanceMeters>
        </Trackpoint>
        <Trackpoint>
          <Time>2027-05-09T11:01:16Z</Time>
          <Position>
            <LatitudeDegrees>42.3291300</LatitudeDegrees>
            <LongitudeDegrees>-4.8031200</LongitudeDegrees>
          </Position>
          <AltitudeMeters>859.9</AltitudeMeters>
          <DistanceMeters>60320.0</DistanceMeters>
        </Trackpoint>
        <Trackpoint>
          <Time>2027-05-09T11:01:30Z</Time>
          <Position>
            <LatitudeDegrees>42.3291700</LatitudeDegrees>
            <LongitudeDegrees>-4.8038000</LongitudeDegrees>
          </Position>
          <AltitudeMeters>858.6</AltitudeMeters>
          <DistanceMeters>60376.1</DistanceMeters>
        </Trackpoint>
        <Trackpoint>
          <Time>2027-05-09T11:01:43Z</Time>
          <Position>
            <LatitudeDegrees>42.3292200</LatitudeDegrees>
            <LongitudeDegrees>-4.8044700</LongitudeDegrees>
          </Position>
          <AltitudeMeters>857.1</AltitudeMeters>
          <DistanceMeters>60431.4</DistanceMeters>
        </Trackpoint>
        <Trackpoint>
          <Time>2027-05-09T11:01:55Z</Time>
          <Position>
            <LatitudeDegrees>42.3292400</LatitudeDegrees>
            <LongitudeDegrees>-4.8050800</LongitudeDegrees>
          </Position>
          <AltitudeMeters>855.6</AltitudeMeters>
          <DistanceMeters>60481.6</DistanceMeters>
        </Trackpoint>
        <Trackpoint>
          <Time>2027-05-09T11:02:07Z</Time>
          <Position>
            <LatitudeDegrees>42.3292600</LatitudeDegrees>
            <LongitudeDegrees>-4.8056800</LongitudeDegrees>
          </Position>
          <AltitudeMeters>854.5</AltitudeMeters>
          <DistanceMeters>60531.0</DistanceMeters>
        </Trackpoint>
        <Trackpoint>
          <Time>2027-05-09T11:02:19Z</Time>
          <Position>
            <LatitudeDegrees>42.3292800</LatitudeDegrees>
            <LongitudeDegrees>-4.8062900</LongitudeDegrees>
          </Position>
          <AltitudeMeters>853.9</AltitudeMeters>
          <DistanceMeters>60581.2</DistanceMeters>
        </Trackpoint>
        <Trackpoint>
          <Time>2027-05-09T11:02:31Z</Time>
          <Position>
            <LatitudeDegrees>42.3293000</LatitudeDegrees>
            <LongitudeDegrees>-4.8069000</LongitudeDegrees>
          </Position>
          <AltitudeMeters>853.4</AltitudeMeters>
          <DistanceMeters>60631.4</DistanceMeters>
        </Trackpoint>
        <Trackpoint>
          <Time>2027-05-09T11:02:43Z</Time>
          <Position>
            <LatitudeDegrees>42.3293200</LatitudeDegrees>
            <LongitudeDegrees>-4.8075000</LongitudeDegrees>
          </Position>
          <AltitudeMeters>853.1</AltitudeMeters>
          <DistanceMeters>60680.7</DistanceMeters>
        </Trackpoint>
        <Trackpoint>
          <Time>2027-05-09T11:02:55Z</Time>
          <Position>
            <LatitudeDegrees>42.3293400</LatitudeDegrees>
            <LongitudeDegrees>-4.8081100</LongitudeDegrees>
          </Position>
          <AltitudeMeters>852.7</AltitudeMeters>
          <DistanceMeters>60730.9</DistanceMeters>
        </Trackpoint>
        <Trackpoint>
          <Time>2027-05-09T11:03:07Z</Time>
          <Position>
            <LatitudeDegrees>42.3293600</LatitudeDegrees>
            <LongitudeDegrees>-4.8087100</LongitudeDegrees>
          </Position>
          <AltitudeMeters>852.3</AltitudeMeters>
          <DistanceMeters>60780.3</DistanceMeters>
        </Trackpoint>
        <Trackpoint>
          <Time>2027-05-09T11:03:19Z</Time>
          <Position>
            <LatitudeDegrees>42.3293800</LatitudeDegrees>
            <LongitudeDegrees>-4.8093200</LongitudeDegrees>
          </Position>
          <AltitudeMeters>852.1</AltitudeMeters>
          <DistanceMeters>60830.5</DistanceMeters>
        </Trackpoint>
        <Trackpoint>
          <Time>2027-05-09T11:03:31Z</Time>
          <Position>
            <LatitudeDegrees>42.3294400</LatitudeDegrees>
            <LongitudeDegrees>-4.8099300</LongitudeDegrees>
          </Position>
          <AltitudeMeters>852.1</AltitudeMeters>
          <DistanceMeters>60881.1</DistanceMeters>
        </Trackpoint>
        <Trackpoint>
          <Time>2027-05-09T11:03:43Z</Time>
          <Position>
            <LatitudeDegrees>42.3295000</LatitudeDegrees>
            <LongitudeDegrees>-4.8105500</LongitudeDegrees>
          </Position>
          <AltitudeMeters>852.3</AltitudeMeters>
          <DistanceMeters>60932.5</DistanceMeters>
        </Trackpoint>
        <Trackpoint>
          <Time>2027-05-09T11:03:46Z</Time>
          <Position>
            <LatitudeDegrees>42.3294200</LatitudeDegrees>
            <LongitudeDegrees>-4.8106400</LongitudeDegrees>
          </Position>
          <AltitudeMeters>853.3</AltitudeMeters>
          <DistanceMeters>60944.1</DistanceMeters>
        </Trackpoint>
        <Trackpoint>
          <Time>2027-05-09T11:03:49Z</Time>
          <Position>
            <LatitudeDegrees>42.3294100</LatitudeDegrees>
            <LongitudeDegrees>-4.8108000</LongitudeDegrees>
          </Position>
          <AltitudeMeters>854.1</AltitudeMeters>
          <DistanceMeters>60957.3</DistanceMeters>
        </Trackpoint>
        <Trackpoint>
          <Time>2027-05-09T11:04:04Z</Time>
          <Position>
            <LatitudeDegrees>42.3294600</LatitudeDegrees>
            <LongitudeDegrees>-4.8115500</LongitudeDegrees>
          </Position>
          <AltitudeMeters>854.4</AltitudeMeters>
          <DistanceMeters>61019.2</DistanceMeters>
        </Trackpoint>
        <Trackpoint>
          <Time>2027-05-09T11:04:19Z</Time>
          <Position>
            <LatitudeDegrees>42.3295100</LatitudeDegrees>
            <LongitudeDegrees>-4.8122900</LongitudeDegrees>
          </Position>
          <AltitudeMeters>854.9</AltitudeMeters>
          <DistanceMeters>61080.3</DistanceMeters>
        </Trackpoint>
        <Trackpoint>
          <Time>2027-05-09T11:04:28Z</Time>
          <Position>
            <LatitudeDegrees>42.3296100</LatitudeDegrees>
            <LongitudeDegrees>-4.8127600</LongitudeDegrees>
          </Position>
          <AltitudeMeters>855.8</AltitudeMeters>
          <DistanceMeters>61120.5</DistanceMeters>
        </Trackpoint>
        <Trackpoint>
          <Time>2027-05-09T11:04:41Z</Time>
          <Position>
            <LatitudeDegrees>42.3299200</LatitudeDegrees>
            <LongitudeDegrees>-4.8132700</LongitudeDegrees>
          </Position>
          <AltitudeMeters>856.0</AltitudeMeters>
          <DistanceMeters>61174.7</DistanceMeters>
        </Trackpoint>
        <Trackpoint>
          <Time>2027-05-09T11:04:54Z</Time>
          <Position>
            <LatitudeDegrees>42.3302400</LatitudeDegrees>
            <LongitudeDegrees>-4.8137700</LongitudeDegrees>
          </Position>
          <AltitudeMeters>856.6</AltitudeMeters>
          <DistanceMeters>61229.1</DistanceMeters>
        </Trackpoint>
        <Trackpoint>
          <Time>2027-05-09T11:05:08Z</Time>
          <Position>
            <LatitudeDegrees>42.3305500</LatitudeDegrees>
            <LongitudeDegrees>-4.8142800</LongitudeDegrees>
          </Position>
          <AltitudeMeters>857.3</AltitudeMeters>
          <DistanceMeters>61283.4</DistanceMeters>
        </Trackpoint>
        <Trackpoint>
          <Time>2027-05-09T11:05:21Z</Time>
          <Position>
            <LatitudeDegrees>42.3308700</LatitudeDegrees>
            <LongitudeDegrees>-4.8147800</LongitudeDegrees>
          </Position>
          <AltitudeMeters>857.4</AltitudeMeters>
          <DistanceMeters>61337.7</DistanceMeters>
        </Trackpoint>
        <Trackpoint>
          <Time>2027-05-09T11:05:34Z</Time>
          <Position>
            <LatitudeDegrees>42.3311800</LatitudeDegrees>
            <LongitudeDegrees>-4.8152900</LongitudeDegrees>
          </Position>
          <AltitudeMeters>856.8</AltitudeMeters>
          <DistanceMeters>61392.0</DistanceMeters>
        </Trackpoint>
        <Trackpoint>
          <Time>2027-05-09T11:05:48Z</Time>
          <Position>
            <LatitudeDegrees>42.3315100</LatitudeDegrees>
            <LongitudeDegrees>-4.8158500</LongitudeDegrees>
          </Position>
          <AltitudeMeters>856.1</AltitudeMeters>
          <DistanceMeters>61450.9</DistanceMeters>
        </Trackpoint>
        <Trackpoint>
          <Time>2027-05-09T11:06:02Z</Time>
          <Position>
            <LatitudeDegrees>42.3318300</LatitudeDegrees>
            <LongitudeDegrees>-4.8164000</LongitudeDegrees>
          </Position>
          <AltitudeMeters>855.2</AltitudeMeters>
          <DistanceMeters>61508.4</DistanceMeters>
        </Trackpoint>
        <Trackpoint>
          <Time>2027-05-09T11:06:16Z</Time>
          <Position>
            <LatitudeDegrees>42.3321600</LatitudeDegrees>
            <LongitudeDegrees>-4.8169600</LongitudeDegrees>
          </Position>
          <AltitudeMeters>854.8</AltitudeMeters>
          <DistanceMeters>61567.3</DistanceMeters>
        </Trackpoint>
        <Trackpoint>
          <Time>2027-05-09T11:06:29Z</Time>
          <Position>
            <LatitudeDegrees>42.3324800</LatitudeDegrees>
            <LongitudeDegrees>-4.8175100</LongitudeDegrees>
          </Position>
          <AltitudeMeters>854.8</AltitudeMeters>
          <DistanceMeters>61624.8</DistanceMeters>
        </Trackpoint>
        <Trackpoint>
          <Time>2027-05-09T11:06:44Z</Time>
          <Position>
            <LatitudeDegrees>42.3328100</LatitudeDegrees>
            <LongitudeDegrees>-4.8180700</LongitudeDegrees>
          </Position>
          <AltitudeMeters>855.1</AltitudeMeters>
          <DistanceMeters>61683.7</DistanceMeters>
        </Trackpoint>
        <Trackpoint>
          <Time>2027-05-09T11:06:56Z</Time>
          <Position>
            <LatitudeDegrees>42.3330700</LatitudeDegrees>
            <LongitudeDegrees>-4.8185700</LongitudeDegrees>
          </Position>
          <AltitudeMeters>855.7</AltitudeMeters>
          <DistanceMeters>61733.9</DistanceMeters>
        </Trackpoint>
        <Trackpoint>
          <Time>2027-05-09T11:07:08Z</Time>
          <Position>
            <LatitudeDegrees>42.3333400</LatitudeDegrees>
            <LongitudeDegrees>-4.8190700</LongitudeDegrees>
          </Position>
          <AltitudeMeters>856.3</AltitudeMeters>
          <DistanceMeters>61784.8</DistanceMeters>
        </Trackpoint>
        <Trackpoint>
          <Time>2027-05-09T11:07:20Z</Time>
          <Position>
            <LatitudeDegrees>42.3336000</LatitudeDegrees>
            <LongitudeDegrees>-4.8195800</LongitudeDegrees>
          </Position>
          <AltitudeMeters>856.6</AltitudeMeters>
          <DistanceMeters>61835.8</DistanceMeters>
        </Trackpoint>
        <Trackpoint>
          <Time>2027-05-09T11:07:32Z</Time>
          <Position>
            <LatitudeDegrees>42.3338600</LatitudeDegrees>
            <LongitudeDegrees>-4.8200800</LongitudeDegrees>
          </Position>
          <AltitudeMeters>856.9</AltitudeMeters>
          <DistanceMeters>61886.0</DistanceMeters>
        </Trackpoint>
        <Trackpoint>
          <Time>2027-05-09T11:07:44Z</Time>
          <Position>
            <LatitudeDegrees>42.3341200</LatitudeDegrees>
            <LongitudeDegrees>-4.8205800</LongitudeDegrees>
          </Position>
          <AltitudeMeters>857.3</AltitudeMeters>
          <DistanceMeters>61936.3</DistanceMeters>
        </Trackpoint>
        <Trackpoint>
          <Time>2027-05-09T11:07:56Z</Time>
          <Position>
            <LatitudeDegrees>42.3343900</LatitudeDegrees>
            <LongitudeDegrees>-4.8210800</LongitudeDegrees>
          </Position>
          <AltitudeMeters>857.6</AltitudeMeters>
          <DistanceMeters>61987.2</DistanceMeters>
        </Trackpoint>
        <Trackpoint>
          <Time>2027-05-09T11:08:09Z</Time>
          <Position>
            <LatitudeDegrees>42.3346500</LatitudeDegrees>
            <LongitudeDegrees>-4.8215900</LongitudeDegrees>
          </Position>
          <AltitudeMeters>857.9</AltitudeMeters>
          <DistanceMeters>62038.1</DistanceMeters>
        </Trackpoint>
        <Trackpoint>
          <Time>2027-05-09T11:08:21Z</Time>
          <Position>
            <LatitudeDegrees>42.3349100</LatitudeDegrees>
            <LongitudeDegrees>-4.8220900</LongitudeDegrees>
          </Position>
          <AltitudeMeters>858.3</AltitudeMeters>
          <DistanceMeters>62088.3</DistanceMeters>
        </Trackpoint>
        <Trackpoint>
          <Time>2027-05-09T11:08:33Z</Time>
          <Position>
            <LatitudeDegrees>42.3351800</LatitudeDegrees>
            <LongitudeDegrees>-4.8225900</LongitudeDegrees>
          </Position>
          <AltitudeMeters>858.5</AltitudeMeters>
          <DistanceMeters>62139.2</DistanceMeters>
        </Trackpoint>
        <Trackpoint>
          <Time>2027-05-09T11:08:45Z</Time>
          <Position>
            <LatitudeDegrees>42.3354400</LatitudeDegrees>
            <LongitudeDegrees>-4.8230900</LongitudeDegrees>
          </Position>
          <AltitudeMeters>858.3</AltitudeMeters>
          <DistanceMeters>62189.5</DistanceMeters>
        </Trackpoint>
        <Trackpoint>
          <Time>2027-05-09T11:08:57Z</Time>
          <Position>
            <LatitudeDegrees>42.3357000</LatitudeDegrees>
            <LongitudeDegrees>-4.8235900</LongitudeDegrees>
          </Position>
          <AltitudeMeters>857.9</AltitudeMeters>
          <DistanceMeters>62239.7</DistanceMeters>
        </Trackpoint>
        <Trackpoint>
          <Time>2027-05-09T11:09:09Z</Time>
          <Position>
            <LatitudeDegrees>42.3359600</LatitudeDegrees>
            <LongitudeDegrees>-4.8241000</LongitudeDegrees>
          </Position>
          <AltitudeMeters>857.6</AltitudeMeters>
          <DistanceMeters>62290.6</DistanceMeters>
        </Trackpoint>
        <Trackpoint>
          <Time>2027-05-09T11:09:21Z</Time>
          <Position>
            <LatitudeDegrees>42.3362300</LatitudeDegrees>
            <LongitudeDegrees>-4.8246000</LongitudeDegrees>
          </Position>
          <AltitudeMeters>857.4</AltitudeMeters>
          <DistanceMeters>62341.5</DistanceMeters>
        </Trackpoint>
        <Trackpoint>
          <Time>2027-05-09T11:09:34Z</Time>
          <Position>
            <LatitudeDegrees>42.3364900</LatitudeDegrees>
            <LongitudeDegrees>-4.8251000</LongitudeDegrees>
          </Position>
          <AltitudeMeters>857.4</AltitudeMeters>
          <DistanceMeters>62391.8</DistanceMeters>
        </Trackpoint>
        <Trackpoint>
          <Time>2027-05-09T11:09:47Z</Time>
          <Position>
            <LatitudeDegrees>42.3367700</LatitudeDegrees>
            <LongitudeDegrees>-4.8256700</LongitudeDegrees>
          </Position>
          <AltitudeMeters>857.8</AltitudeMeters>
          <DistanceMeters>62448.0</DistanceMeters>
        </Trackpoint>
        <Trackpoint>
          <Time>2027-05-09T11:10:01Z</Time>
          <Position>
            <LatitudeDegrees>42.3370500</LatitudeDegrees>
            <LongitudeDegrees>-4.8262400</LongitudeDegrees>
          </Position>
          <AltitudeMeters>858.4</AltitudeMeters>
          <DistanceMeters>62504.3</DistanceMeters>
        </Trackpoint>
        <Trackpoint>
          <Time>2027-05-09T11:10:14Z</Time>
          <Position>
            <LatitudeDegrees>42.3373300</LatitudeDegrees>
            <LongitudeDegrees>-4.8268100</LongitudeDegrees>
          </Position>
          <AltitudeMeters>859.0</AltitudeMeters>
          <DistanceMeters>62560.5</DistanceMeters>
        </Trackpoint>
        <Trackpoint>
          <Time>2027-05-09T11:10:28Z</Time>
          <Position>
            <LatitudeDegrees>42.3376100</LatitudeDegrees>
            <LongitudeDegrees>-4.8273800</LongitudeDegrees>
          </Position>
          <AltitudeMeters>859.5</AltitudeMeters>
          <DistanceMeters>62616.8</DistanceMeters>
        </Trackpoint>
        <Trackpoint>
          <Time>2027-05-09T11:10:41Z</Time>
          <Position>
            <LatitudeDegrees>42.3378900</LatitudeDegrees>
            <LongitudeDegrees>-4.8279500</LongitudeDegrees>
          </Position>
          <AltitudeMeters>859.9</AltitudeMeters>
          <DistanceMeters>62673.1</DistanceMeters>
        </Trackpoint>
        <Trackpoint>
          <Time>2027-05-09T11:10:55Z</Time>
          <Position>
            <LatitudeDegrees>42.3381700</LatitudeDegrees>
            <LongitudeDegrees>-4.8285200</LongitudeDegrees>
          </Position>
          <AltitudeMeters>860.3</AltitudeMeters>
          <DistanceMeters>62729.3</DistanceMeters>
        </Trackpoint>
        <Trackpoint>
          <Time>2027-05-09T11:11:07Z</Time>
          <Position>
            <LatitudeDegrees>42.3384000</LatitudeDegrees>
            <LongitudeDegrees>-4.8290600</LongitudeDegrees>
          </Position>
          <AltitudeMeters>860.7</AltitudeMeters>
          <DistanceMeters>62780.5</DistanceMeters>
        </Trackpoint>
        <Trackpoint>
          <Time>2027-05-09T11:11:19Z</Time>
          <Position>
            <LatitudeDegrees>42.3386300</LatitudeDegrees>
            <LongitudeDegrees>-4.8296000</LongitudeDegrees>
          </Position>
          <AltitudeMeters>861.3</AltitudeMeters>
          <DistanceMeters>62831.8</DistanceMeters>
        </Trackpoint>
        <Trackpoint>
          <Time>2027-05-09T11:11:31Z</Time>
          <Position>
            <LatitudeDegrees>42.3388600</LatitudeDegrees>
            <LongitudeDegrees>-4.8301400</LongitudeDegrees>
          </Position>
          <AltitudeMeters>861.8</AltitudeMeters>
          <DistanceMeters>62883.0</DistanceMeters>
        </Trackpoint>
        <Trackpoint>
          <Time>2027-05-09T11:11:44Z</Time>
          <Position>
            <LatitudeDegrees>42.3390900</LatitudeDegrees>
            <LongitudeDegrees>-4.8306800</LongitudeDegrees>
          </Position>
          <AltitudeMeters>862.2</AltitudeMeters>
          <DistanceMeters>62934.2</DistanceMeters>
        </Trackpoint>
        <Trackpoint>
          <Time>2027-05-09T11:11:56Z</Time>
          <Position>
            <LatitudeDegrees>42.3393100</LatitudeDegrees>
            <LongitudeDegrees>-4.8312200</LongitudeDegrees>
          </Position>
          <AltitudeMeters>862.5</AltitudeMeters>
          <DistanceMeters>62984.9</DistanceMeters>
        </Trackpoint>
        <Trackpoint>
          <Time>2027-05-09T11:12:08Z</Time>
          <Position>
            <LatitudeDegrees>42.3395400</LatitudeDegrees>
            <LongitudeDegrees>-4.8317600</LongitudeDegrees>
          </Position>
          <AltitudeMeters>862.6</AltitudeMeters>
          <DistanceMeters>63036.1</DistanceMeters>
        </Trackpoint>
        <Trackpoint>
          <Time>2027-05-09T11:12:20Z</Time>
          <Position>
            <LatitudeDegrees>42.3397700</LatitudeDegrees>
            <LongitudeDegrees>-4.8323000</LongitudeDegrees>
          </Position>
          <AltitudeMeters>862.4</AltitudeMeters>
          <DistanceMeters>63087.3</DistanceMeters>
        </Trackpoint>
        <Trackpoint>
          <Time>2027-05-09T11:12:33Z</Time>
          <Position>
            <LatitudeDegrees>42.3400000</LatitudeDegrees>
            <LongitudeDegrees>-4.8328400</LongitudeDegrees>
          </Position>
          <AltitudeMeters>862.4</AltitudeMeters>
          <DistanceMeters>63138.6</DistanceMeters>
        </Trackpoint>
        <Trackpoint>
          <Time>2027-05-09T11:12:45Z</Time>
          <Position>
            <LatitudeDegrees>42.3402300</LatitudeDegrees>
            <LongitudeDegrees>-4.8333800</LongitudeDegrees>
          </Position>
          <AltitudeMeters>862.3</AltitudeMeters>
          <DistanceMeters>63189.8</DistanceMeters>
        </Trackpoint>
        <Trackpoint>
          <Time>2027-05-09T11:12:49Z</Time>
          <Position>
            <LatitudeDegrees>42.3403600</LatitudeDegrees>
            <LongitudeDegrees>-4.8334700</LongitudeDegrees>
          </Position>
          <AltitudeMeters>862.2</AltitudeMeters>
          <DistanceMeters>63206.0</DistanceMeters>
        </Trackpoint>
        <Trackpoint>
          <Time>2027-05-09T11:13:02Z</Time>
          <Position>
            <LatitudeDegrees>42.3405000</LatitudeDegrees>
            <LongitudeDegrees>-4.8341200</LongitudeDegrees>
          </Position>
          <AltitudeMeters>862.3</AltitudeMeters>
          <DistanceMeters>63261.7</DistanceMeters>
        </Trackpoint>
        <Trackpoint>
          <Time>2027-05-09T11:13:06Z</Time>
          <Position>
            <LatitudeDegrees>42.3404100</LatitudeDegrees>
            <LongitudeDegrees>-4.8342700</LongitudeDegrees>
          </Position>
          <AltitudeMeters>862.3</AltitudeMeters>
          <DistanceMeters>63277.5</DistanceMeters>
        </Trackpoint>
        <Trackpoint>
          <Time>2027-05-09T11:13:23Z</Time>
          <Position>
            <LatitudeDegrees>42.3406600</LatitudeDegrees>
            <LongitudeDegrees>-4.8350600</LongitudeDegrees>
          </Position>
          <AltitudeMeters>862.3</AltitudeMeters>
          <DistanceMeters>63348.2</DistanceMeters>
        </Trackpoint>
        <Trackpoint>
          <Time>2027-05-09T11:13:38Z</Time>
          <Position>
            <LatitudeDegrees>42.3409100</LatitudeDegrees>
            <LongitudeDegrees>-4.8357200</LongitudeDegrees>
          </Position>
          <AltitudeMeters>862.7</AltitudeMeters>
          <DistanceMeters>63409.1</DistanceMeters>
        </Trackpoint>
        <Trackpoint>
          <Time>2027-05-09T11:13:52Z</Time>
          <Position>
            <LatitudeDegrees>42.3411600</LatitudeDegrees>
            <LongitudeDegrees>-4.8363900</LongitudeDegrees>
          </Position>
          <AltitudeMeters>863.2</AltitudeMeters>
          <DistanceMeters>63470.8</DistanceMeters>
        </Trackpoint>
        <Trackpoint>
          <Time>2027-05-09T11:14:07Z</Time>
          <Position>
            <LatitudeDegrees>42.3414100</LatitudeDegrees>
            <LongitudeDegrees>-4.8370500</LongitudeDegrees>
          </Position>
          <AltitudeMeters>863.9</AltitudeMeters>
          <DistanceMeters>63531.8</DistanceMeters>
        </Trackpoint>
        <Trackpoint>
          <Time>2027-05-09T11:14:19Z</Time>
          <Position>
            <LatitudeDegrees>42.3416400</LatitudeDegrees>
            <LongitudeDegrees>-4.8375800</LongitudeDegrees>
          </Position>
          <AltitudeMeters>865.0</AltitudeMeters>
          <DistanceMeters>63582.3</DistanceMeters>
        </Trackpoint>
        <Trackpoint>
          <Time>2027-05-09T11:14:31Z</Time>
          <Position>
            <LatitudeDegrees>42.3418600</LatitudeDegrees>
            <LongitudeDegrees>-4.8381100</LongitudeDegrees>
          </Position>
          <AltitudeMeters>866.4</AltitudeMeters>
          <DistanceMeters>63632.2</DistanceMeters>
        </Trackpoint>
        <Trackpoint>
          <Time>2027-05-09T11:14:44Z</Time>
          <Position>
            <LatitudeDegrees>42.3420900</LatitudeDegrees>
            <LongitudeDegrees>-4.8386500</LongitudeDegrees>
          </Position>
          <AltitudeMeters>867.8</AltitudeMeters>
          <DistanceMeters>63683.5</DistanceMeters>
        </Trackpoint>
        <Trackpoint>
          <Time>2027-05-09T11:14:56Z</Time>
          <Position>
            <LatitudeDegrees>42.3423100</LatitudeDegrees>
            <LongitudeDegrees>-4.8391800</LongitudeDegrees>
          </Position>
          <AltitudeMeters>869.9</AltitudeMeters>
          <DistanceMeters>63733.4</DistanceMeters>
        </Trackpoint>
        <Trackpoint>
          <Time>2027-05-09T11:15:08Z</Time>
          <Position>
            <LatitudeDegrees>42.3425400</LatitudeDegrees>
            <LongitudeDegrees>-4.8397100</LongitudeDegrees>
          </Position>
          <AltitudeMeters>872.9</AltitudeMeters>
          <DistanceMeters>63783.9</DistanceMeters>
        </Trackpoint>
        <Trackpoint>
          <Time>2027-05-09T11:15:24Z</Time>
          <Position>
            <LatitudeDegrees>42.3427700</LatitudeDegrees>
            <LongitudeDegrees>-4.8404700</LongitudeDegrees>
          </Position>
          <AltitudeMeters>875.5</AltitudeMeters>
          <DistanceMeters>63851.4</DistanceMeters>
        </Trackpoint>
        <Trackpoint>
          <Time>2027-05-09T11:15:48Z</Time>
          <Position>
            <LatitudeDegrees>42.3430300</LatitudeDegrees>
            <LongitudeDegrees>-4.8416300</LongitudeDegrees>
          </Position>
          <AltitudeMeters>878.1</AltitudeMeters>
          <DistanceMeters>63951.1</DistanceMeters>
        </Trackpoint>
        <Trackpoint>
          <Time>2027-05-09T11:16:06Z</Time>
          <Position>
            <LatitudeDegrees>42.3431700</LatitudeDegrees>
            <LongitudeDegrees>-4.8425100</LongitudeDegrees>
          </Position>
          <AltitudeMeters>880.8</AltitudeMeters>
          <DistanceMeters>64025.0</DistanceMeters>
        </Trackpoint>
        <Trackpoint>
          <Time>2027-05-09T11:16:23Z</Time>
          <Position>
            <LatitudeDegrees>42.3433100</LatitudeDegrees>
            <LongitudeDegrees>-4.8433900</LongitudeDegrees>
          </Position>
          <AltitudeMeters>883.4</AltitudeMeters>
          <DistanceMeters>64099.0</DistanceMeters>
        </Trackpoint>
        <Trackpoint>
          <Time>2027-05-09T11:16:41Z</Time>
          <Position>
            <LatitudeDegrees>42.3435400</LatitudeDegrees>
            <LongitudeDegrees>-4.8442200</LongitudeDegrees>
          </Position>
          <AltitudeMeters>885.6</AltitudeMeters>
          <DistanceMeters>64171.9</DistanceMeters>
        </Trackpoint>
        <Trackpoint>
          <Time>2027-05-09T11:16:58Z</Time>
          <Position>
            <LatitudeDegrees>42.3437700</LatitudeDegrees>
            <LongitudeDegrees>-4.8450400</LongitudeDegrees>
          </Position>
          <AltitudeMeters>888.0</AltitudeMeters>
          <DistanceMeters>64244.0</DistanceMeters>
        </Trackpoint>
        <Trackpoint>
          <Time>2027-05-09T11:17:10Z</Time>
          <Position>
            <LatitudeDegrees>42.3439600</LatitudeDegrees>
            <LongitudeDegrees>-4.8456100</LongitudeDegrees>
          </Position>
          <AltitudeMeters>890.3</AltitudeMeters>
          <DistanceMeters>64295.3</DistanceMeters>
        </Trackpoint>
        <Trackpoint>
          <Time>2027-05-09T11:17:23Z</Time>
          <Position>
            <LatitudeDegrees>42.3441500</LatitudeDegrees>
            <LongitudeDegrees>-4.8461800</LongitudeDegrees>
          </Position>
          <AltitudeMeters>892.9</AltitudeMeters>
          <DistanceMeters>64346.7</DistanceMeters>
        </Trackpoint>
        <Trackpoint>
          <Time>2027-05-09T11:17:35Z</Time>
          <Position>
            <LatitudeDegrees>42.3443400</LatitudeDegrees>
            <LongitudeDegrees>-4.8467500</LongitudeDegrees>
          </Position>
          <AltitudeMeters>895.1</AltitudeMeters>
          <DistanceMeters>64398.1</DistanceMeters>
        </Trackpoint>
        <Trackpoint>
          <Time>2027-05-09T11:17:47Z</Time>
          <Position>
            <LatitudeDegrees>42.3445300</LatitudeDegrees>
            <LongitudeDegrees>-4.8473200</LongitudeDegrees>
          </Position>
          <AltitudeMeters>896.6</AltitudeMeters>
          <DistanceMeters>64449.5</DistanceMeters>
        </Trackpoint>
        <Trackpoint>
          <Time>2027-05-09T11:18:00Z</Time>
          <Position>
            <LatitudeDegrees>42.3447200</LatitudeDegrees>
            <LongitudeDegrees>-4.8478900</LongitudeDegrees>
          </Position>
          <AltitudeMeters>897.7</AltitudeMeters>
          <DistanceMeters>64500.9</DistanceMeters>
        </Trackpoint>
        <Trackpoint>
          <Time>2027-05-09T11:18:12Z</Time>
          <Position>
            <LatitudeDegrees>42.3449200</LatitudeDegrees>
            <LongitudeDegrees>-4.8484400</LongitudeDegrees>
          </Position>
          <AltitudeMeters>898.7</AltitudeMeters>
          <DistanceMeters>64551.3</DistanceMeters>
        </Trackpoint>
        <Trackpoint>
          <Time>2027-05-09T11:18:24Z</Time>
          <Position>
            <LatitudeDegrees>42.3451200</LatitudeDegrees>
            <LongitudeDegrees>-4.8489800</LongitudeDegrees>
          </Position>
          <AltitudeMeters>899.2</AltitudeMeters>
          <DistanceMeters>64600.9</DistanceMeters>
        </Trackpoint>
        <Trackpoint>
          <Time>2027-05-09T11:18:36Z</Time>
          <Position>
            <LatitudeDegrees>42.3453300</LatitudeDegrees>
            <LongitudeDegrees>-4.8495300</LongitudeDegrees>
          </Position>
          <AltitudeMeters>899.4</AltitudeMeters>
          <DistanceMeters>64651.8</DistanceMeters>
        </Trackpoint>
        <Trackpoint>
          <Time>2027-05-09T11:18:48Z</Time>
          <Position>
            <LatitudeDegrees>42.3455300</LatitudeDegrees>
            <LongitudeDegrees>-4.8500800</LongitudeDegrees>
          </Position>
          <AltitudeMeters>899.7</AltitudeMeters>
          <DistanceMeters>64702.2</DistanceMeters>
        </Trackpoint>
        <Trackpoint>
          <Time>2027-05-09T11:19:00Z</Time>
          <Position>
            <LatitudeDegrees>42.3457300</LatitudeDegrees>
            <LongitudeDegrees>-4.8506200</LongitudeDegrees>
          </Position>
          <AltitudeMeters>900.1</AltitudeMeters>
          <DistanceMeters>64751.8</DistanceMeters>
        </Trackpoint>
        <Trackpoint>
          <Time>2027-05-09T11:19:12Z</Time>
          <Position>
            <LatitudeDegrees>42.3459300</LatitudeDegrees>
            <LongitudeDegrees>-4.8511700</LongitudeDegrees>
          </Position>
          <AltitudeMeters>900.6</AltitudeMeters>
          <DistanceMeters>64802.2</DistanceMeters>
        </Trackpoint>
        <Trackpoint>
          <Time>2027-05-09T11:19:24Z</Time>
          <Position>
            <LatitudeDegrees>42.3461300</LatitudeDegrees>
            <LongitudeDegrees>-4.8517200</LongitudeDegrees>
          </Position>
          <AltitudeMeters>900.9</AltitudeMeters>
          <DistanceMeters>64852.6</DistanceMeters>
        </Trackpoint>
        <Trackpoint>
          <Time>2027-05-09T11:19:36Z</Time>
          <Position>
            <LatitudeDegrees>42.3463400</LatitudeDegrees>
            <LongitudeDegrees>-4.8522600</LongitudeDegrees>
          </Position>
          <AltitudeMeters>901.0</AltitudeMeters>
          <DistanceMeters>64902.7</DistanceMeters>
        </Trackpoint>
        <Trackpoint>
          <Time>2027-05-09T11:19:48Z</Time>
          <Position>
            <LatitudeDegrees>42.3465400</LatitudeDegrees>
            <LongitudeDegrees>-4.8528100</LongitudeDegrees>
          </Position>
          <AltitudeMeters>901.1</AltitudeMeters>
          <DistanceMeters>64953.1</DistanceMeters>
        </Trackpoint>
        <Trackpoint>
          <Time>2027-05-09T11:20:00Z</Time>
          <Position>
            <LatitudeDegrees>42.3467400</LatitudeDegrees>
            <LongitudeDegrees>-4.8533600</LongitudeDegrees>
          </Position>
          <AltitudeMeters>901.1</AltitudeMeters>
          <DistanceMeters>65003.5</DistanceMeters>
        </Trackpoint>
        <Trackpoint>
          <Time>2027-05-09T11:20:12Z</Time>
          <Position>
            <LatitudeDegrees>42.3469400</LatitudeDegrees>
            <LongitudeDegrees>-4.8539100</LongitudeDegrees>
          </Position>
          <AltitudeMeters>901.1</AltitudeMeters>
          <DistanceMeters>65053.8</DistanceMeters>
        </Trackpoint>
        <Trackpoint>
          <Time>2027-05-09T11:20:24Z</Time>
          <Position>
            <LatitudeDegrees>42.3471400</LatitudeDegrees>
            <LongitudeDegrees>-4.8544500</LongitudeDegrees>
          </Position>
          <AltitudeMeters>901.0</AltitudeMeters>
          <DistanceMeters>65103.5</DistanceMeters>
        </Trackpoint>
        <Trackpoint>
          <Time>2027-05-09T11:20:36Z</Time>
          <Position>
            <LatitudeDegrees>42.3473400</LatitudeDegrees>
            <LongitudeDegrees>-4.8550000</LongitudeDegrees>
          </Position>
          <AltitudeMeters>901.0</AltitudeMeters>
          <DistanceMeters>65153.8</DistanceMeters>
        </Trackpoint>
        <Trackpoint>
          <Time>2027-05-09T11:20:49Z</Time>
          <Position>
            <LatitudeDegrees>42.3475500</LatitudeDegrees>
            <LongitudeDegrees>-4.8555500</LongitudeDegrees>
          </Position>
          <AltitudeMeters>901.0</AltitudeMeters>
          <DistanceMeters>65204.7</DistanceMeters>
        </Trackpoint>
        <Trackpoint>
          <Time>2027-05-09T11:21:01Z</Time>
          <Position>
            <LatitudeDegrees>42.3477500</LatitudeDegrees>
            <LongitudeDegrees>-4.8560900</LongitudeDegrees>
          </Position>
          <AltitudeMeters>901.2</AltitudeMeters>
          <DistanceMeters>65254.4</DistanceMeters>
        </Trackpoint>
        <Trackpoint>
          <Time>2027-05-09T11:21:13Z</Time>
          <Position>
            <LatitudeDegrees>42.3479500</LatitudeDegrees>
            <LongitudeDegrees>-4.8566400</LongitudeDegrees>
          </Position>
          <AltitudeMeters>900.6</AltitudeMeters>
          <DistanceMeters>65304.7</DistanceMeters>
        </Trackpoint>
        <Trackpoint>
          <Time>2027-05-09T11:21:30Z</Time>
          <Position>
            <LatitudeDegrees>42.3481100</LatitudeDegrees>
            <LongitudeDegrees>-4.8575100</LongitudeDegrees>
          </Position>
          <AltitudeMeters>899.5</AltitudeMeters>
          <DistanceMeters>65378.4</DistanceMeters>
        </Trackpoint>
        <Trackpoint>
          <Time>2027-05-09T11:21:53Z</Time>
          <Position>
            <LatitudeDegrees>42.3481000</LatitudeDegrees>
            <LongitudeDegrees>-4.8586500</LongitudeDegrees>
          </Position>
          <AltitudeMeters>898.2</AltitudeMeters>
          <DistanceMeters>65472.1</DistanceMeters>
        </Trackpoint>
        <Trackpoint>
          <Time>2027-05-09T11:22:08Z</Time>
          <Position>
            <LatitudeDegrees>42.3477700</LatitudeDegrees>
            <LongitudeDegrees>-4.8592700</LongitudeDegrees>
          </Position>
          <AltitudeMeters>896.5</AltitudeMeters>
          <DistanceMeters>65534.9</DistanceMeters>
        </Trackpoint>
        <Trackpoint>
          <Time>2027-05-09T11:22:16Z</Time>
          <Position>
            <LatitudeDegrees>42.3476400</LatitudeDegrees>
            <LongitudeDegrees>-4.8596600</LongitudeDegrees>
          </Position>
          <AltitudeMeters>894.3</AltitudeMeters>
          <DistanceMeters>65570.1</DistanceMeters>
        </Trackpoint>
        <Trackpoint>
          <Time>2027-05-09T11:22:23Z</Time>
          <Position>
            <LatitudeDegrees>42.3476700</LatitudeDegrees>
            <LongitudeDegrees>-4.8600000</LongitudeDegrees>
          </Position>
          <AltitudeMeters>892.4</AltitudeMeters>
          <DistanceMeters>65598.2</DistanceMeters>
        </Trackpoint>
        <Trackpoint>
          <Time>2027-05-09T11:22:28Z</Time>
          <Position>
            <LatitudeDegrees>42.3477500</LatitudeDegrees>
            <LongitudeDegrees>-4.8602100</LongitudeDegrees>
          </Position>
          <AltitudeMeters>890.5</AltitudeMeters>
          <DistanceMeters>65617.6</DistanceMeters>
        </Trackpoint>
        <Trackpoint>
          <Time>2027-05-09T11:22:37Z</Time>
          <Position>
            <LatitudeDegrees>42.3479900</LatitudeDegrees>
            <LongitudeDegrees>-4.8605300</LongitudeDegrees>
          </Position>
          <AltitudeMeters>888.3</AltitudeMeters>
          <DistanceMeters>65655.1</DistanceMeters>
        </Trackpoint>
        <Trackpoint>
          <Time>2027-05-09T11:22:50Z</Time>
          <Position>
            <LatitudeDegrees>42.3482500</LatitudeDegrees>
            <LongitudeDegrees>-4.8610800</LongitudeDegrees>
          </Position>
          <AltitudeMeters>885.8</AltitudeMeters>
          <DistanceMeters>65708.7</DistanceMeters>
        </Trackpoint>
        <Trackpoint>
          <Time>2027-05-09T11:23:02Z</Time>
          <Position>
            <LatitudeDegrees>42.3485000</LatitudeDegrees>
            <LongitudeDegrees>-4.8616300</LongitudeDegrees>
          </Position>
          <AltitudeMeters>883.4</AltitudeMeters>
          <DistanceMeters>65761.8</DistanceMeters>
        </Trackpoint>
        <Trackpoint>
          <Time>2027-05-09T11:23:15Z</Time>
          <Position>
            <LatitudeDegrees>42.3487600</LatitudeDegrees>
            <LongitudeDegrees>-4.8621800</LongitudeDegrees>
          </Position>
          <AltitudeMeters>881.2</AltitudeMeters>
          <DistanceMeters>65815.4</DistanceMeters>
        </Trackpoint>
        <Trackpoint>
          <Time>2027-05-09T11:23:28Z</Time>
          <Position>
            <LatitudeDegrees>42.3491600</LatitudeDegrees>
            <LongitudeDegrees>-4.8625500</LongitudeDegrees>
          </Position>
          <AltitudeMeters>879.0</AltitudeMeters>
          <DistanceMeters>65869.3</DistanceMeters>
        </Trackpoint>
        <Trackpoint>
          <Time>2027-05-09T11:23:41Z</Time>
          <Position>
            <LatitudeDegrees>42.3495600</LatitudeDegrees>
            <LongitudeDegrees>-4.8629100</LongitudeDegrees>
          </Position>
          <AltitudeMeters>877.0</AltitudeMeters>
          <DistanceMeters>65922.7</DistanceMeters>
        </Trackpoint>
        <Trackpoint>
          <Time>2027-05-09T11:23:54Z</Time>
          <Position>
            <LatitudeDegrees>42.3499500</LatitudeDegrees>
            <LongitudeDegrees>-4.8632800</LongitudeDegrees>
          </Position>
          <AltitudeMeters>875.5</AltitudeMeters>
          <DistanceMeters>65975.7</DistanceMeters>
        </Trackpoint>
        <Trackpoint>
          <Time>2027-05-09T11:24:06Z</Time>
          <Position>
            <LatitudeDegrees>42.3503500</LatitudeDegrees>
            <LongitudeDegrees>-4.8636400</LongitudeDegrees>
          </Position>
          <AltitudeMeters>874.2</AltitudeMeters>
          <DistanceMeters>66029.1</DistanceMeters>
        </Trackpoint>
        <Trackpoint>
          <Time>2027-05-09T11:24:19Z</Time>
          <Position>
            <LatitudeDegrees>42.3507500</LatitudeDegrees>
            <LongitudeDegrees>-4.8640100</LongitudeDegrees>
          </Position>
          <AltitudeMeters>873.0</AltitudeMeters>
          <DistanceMeters>66083.0</DistanceMeters>
        </Trackpoint>
        <Trackpoint>
          <Time>2027-05-09T11:24:31Z</Time>
          <Position>
            <LatitudeDegrees>42.3511500</LatitudeDegrees>
            <LongitudeDegrees>-4.8642500</LongitudeDegrees>
          </Position>
          <AltitudeMeters>872.2</AltitudeMeters>
          <DistanceMeters>66131.7</DistanceMeters>
        </Trackpoint>
        <Trackpoint>
          <Time>2027-05-09T11:24:37Z</Time>
          <Position>
            <LatitudeDegrees>42.3513200</LatitudeDegrees>
            <LongitudeDegrees>-4.8644300</LongitudeDegrees>
          </Position>
          <AltitudeMeters>871.8</AltitudeMeters>
          <DistanceMeters>66155.7</DistanceMeters>
        </Trackpoint>
        <Trackpoint>
          <Time>2027-05-09T11:24:44Z</Time>
          <Position>
            <LatitudeDegrees>42.3516000</LatitudeDegrees>
            <LongitudeDegrees>-4.8644000</LongitudeDegrees>
          </Position>
          <AltitudeMeters>871.9</AltitudeMeters>
          <DistanceMeters>66186.9</DistanceMeters>
        </Trackpoint>
        <Trackpoint>
          <Time>2027-05-09T11:25:00Z</Time>
          <Position>
            <LatitudeDegrees>42.3521500</LatitudeDegrees>
            <LongitudeDegrees>-4.8646600</LongitudeDegrees>
          </Position>
          <AltitudeMeters>872.5</AltitudeMeters>
          <DistanceMeters>66251.7</DistanceMeters>
        </Trackpoint>
        <Trackpoint>
          <Time>2027-05-09T11:25:15Z</Time>
          <Position>
            <LatitudeDegrees>42.3526900</LatitudeDegrees>
            <LongitudeDegrees>-4.8649200</LongitudeDegrees>
          </Position>
          <AltitudeMeters>873.1</AltitudeMeters>
          <DistanceMeters>66315.4</DistanceMeters>
        </Trackpoint>
        <Trackpoint>
          <Time>2027-05-09T11:25:28Z</Time>
          <Position>
            <LatitudeDegrees>42.3531600</LatitudeDegrees>
            <LongitudeDegrees>-4.8650200</LongitudeDegrees>
          </Position>
          <AltitudeMeters>872.8</AltitudeMeters>
          <DistanceMeters>66368.3</DistanceMeters>
        </Trackpoint>
        <Trackpoint>
          <Time>2027-05-09T11:25:43Z</Time>
          <Position>
            <LatitudeDegrees>42.3536600</LatitudeDegrees>
            <LongitudeDegrees>-4.8653500</LongitudeDegrees>
          </Position>
          <AltitudeMeters>872.4</AltitudeMeters>
          <DistanceMeters>66430.2</DistanceMeters>
        </Trackpoint>
        <Trackpoint>
          <Time>2027-05-09T11:26:05Z</Time>
          <Position>
            <LatitudeDegrees>42.3533600</LatitudeDegrees>
            <LongitudeDegrees>-4.8663800</LongitudeDegrees>
          </Position>
          <AltitudeMeters>871.7</AltitudeMeters>
          <DistanceMeters>66521.1</DistanceMeters>
        </Trackpoint>
        <Trackpoint>
          <Time>2027-05-09T11:26:20Z</Time>
          <Position>
            <LatitudeDegrees>42.3528300</LatitudeDegrees>
            <LongitudeDegrees>-4.8667300</LongitudeDegrees>
          </Position>
          <AltitudeMeters>870.4</AltitudeMeters>
          <DistanceMeters>66586.7</DistanceMeters>
        </Trackpoint>
        <Trackpoint>
          <Time>2027-05-09T11:26:28Z</Time>
          <Position>
            <LatitudeDegrees>42.3526200</LatitudeDegrees>
            <LongitudeDegrees>-4.8669800</LongitudeDegrees>
          </Position>
          <AltitudeMeters>869.6</AltitudeMeters>
          <DistanceMeters>66617.8</DistanceMeters>
        </Trackpoint>
        <Trackpoint>
          <Time>2027-05-09T11:26:41Z</Time>
          <Position>
            <LatitudeDegrees>42.3523800</LatitudeDegrees>
            <LongitudeDegrees>-4.8675800</LongitudeDegrees>
          </Position>
          <AltitudeMeters>870.0</AltitudeMeters>
          <DistanceMeters>66673.9</DistanceMeters>
        </Trackpoint>
        <Trackpoint>
          <Time>2027-05-09T11:26:55Z</Time>
          <Position>
            <LatitudeDegrees>42.3521500</LatitudeDegrees>
            <LongitudeDegrees>-4.8681800</LongitudeDegrees>
          </Position>
          <AltitudeMeters>871.0</AltitudeMeters>
          <DistanceMeters>66729.4</DistanceMeters>
        </Trackpoint>
        <Trackpoint>
          <Time>2027-05-09T11:27:08Z</Time>
          <Position>
            <LatitudeDegrees>42.3519100</LatitudeDegrees>
            <LongitudeDegrees>-4.8687700</LongitudeDegrees>
          </Position>
          <AltitudeMeters>872.0</AltitudeMeters>
          <DistanceMeters>66784.8</DistanceMeters>
        </Trackpoint>
        <Trackpoint>
          <Time>2027-05-09T11:27:21Z</Time>
          <Position>
            <LatitudeDegrees>42.3516700</LatitudeDegrees>
            <LongitudeDegrees>-4.8693700</LongitudeDegrees>
          </Position>
          <AltitudeMeters>873.0</AltitudeMeters>
          <DistanceMeters>66840.8</DistanceMeters>
        </Trackpoint>
        <Trackpoint>
          <Time>2027-05-09T11:27:34Z</Time>
          <Position>
            <LatitudeDegrees>42.3521600</LatitudeDegrees>
            <LongitudeDegrees>-4.8694300</LongitudeDegrees>
          </Position>
          <AltitudeMeters>873.7</AltitudeMeters>
          <DistanceMeters>66895.5</DistanceMeters>
        </Trackpoint>
        <Trackpoint>
          <Time>2027-05-09T11:27:47Z</Time>
          <Position>
            <LatitudeDegrees>42.3526400</LatitudeDegrees>
            <LongitudeDegrees>-4.8695000</LongitudeDegrees>
          </Position>
          <AltitudeMeters>874.1</AltitudeMeters>
          <DistanceMeters>66949.2</DistanceMeters>
        </Trackpoint>
        <Trackpoint>
          <Time>2027-05-09T11:28:00Z</Time>
          <Position>
            <LatitudeDegrees>42.3531300</LatitudeDegrees>
            <LongitudeDegrees>-4.8695600</LongitudeDegrees>
          </Position>
          <AltitudeMeters>874.0</AltitudeMeters>
          <DistanceMeters>67003.9</DistanceMeters>
        </Trackpoint>
        <Trackpoint>
          <Time>2027-05-09T11:28:13Z</Time>
          <Position>
            <LatitudeDegrees>42.3536100</LatitudeDegrees>
            <LongitudeDegrees>-4.8696200</LongitudeDegrees>
          </Position>
          <AltitudeMeters>873.8</AltitudeMeters>
          <DistanceMeters>67057.5</DistanceMeters>
        </Trackpoint>
        <Trackpoint>
          <Time>2027-05-09T11:28:27Z</Time>
          <Position>
            <LatitudeDegrees>42.3541400</LatitudeDegrees>
            <LongitudeDegrees>-4.8696700</LongitudeDegrees>
          </Position>
          <AltitudeMeters>873.5</AltitudeMeters>
          <DistanceMeters>67116.6</DistanceMeters>
        </Trackpoint>
        <Trackpoint>
          <Time>2027-05-09T11:28:42Z</Time>
          <Position>
            <LatitudeDegrees>42.3546800</LatitudeDegrees>
            <LongitudeDegrees>-4.8697200</LongitudeDegrees>
          </Position>
          <AltitudeMeters>873.2</AltitudeMeters>
          <DistanceMeters>67176.8</DistanceMeters>
        </Trackpoint>
        <Trackpoint>
          <Time>2027-05-09T11:28:56Z</Time>
          <Position>
            <LatitudeDegrees>42.3552100</LatitudeDegrees>
            <LongitudeDegrees>-4.8697700</LongitudeDegrees>
          </Position>
          <AltitudeMeters>873.0</AltitudeMeters>
          <DistanceMeters>67235.9</DistanceMeters>
        </Trackpoint>
        <Trackpoint>
          <Time>2027-05-09T11:29:11Z</Time>
          <Position>
            <LatitudeDegrees>42.3557500</LatitudeDegrees>
            <LongitudeDegrees>-4.8698200</LongitudeDegrees>
          </Position>
          <AltitudeMeters>873.1</AltitudeMeters>
          <DistanceMeters>67296.1</DistanceMeters>
        </Trackpoint>
        <Trackpoint>
          <Time>2027-05-09T11:29:25Z</Time>
          <Position>
            <LatitudeDegrees>42.3562800</LatitudeDegrees>
            <LongitudeDegrees>-4.8698700</LongitudeDegrees>
          </Position>
          <AltitudeMeters>873.6</AltitudeMeters>
          <DistanceMeters>67355.1</DistanceMeters>
        </Trackpoint>
        <Trackpoint>
          <Time>2027-05-09T11:29:38Z</Time>
          <Position>
            <LatitudeDegrees>42.3563400</LatitudeDegrees>
            <LongitudeDegrees>-4.8705500</LongitudeDegrees>
          </Position>
          <AltitudeMeters>874.3</AltitudeMeters>
          <DistanceMeters>67411.4</DistanceMeters>
        </Trackpoint>
        <Trackpoint>
          <Time>2027-05-09T11:29:52Z</Time>
          <Position>
            <LatitudeDegrees>42.3564000</LatitudeDegrees>
            <LongitudeDegrees>-4.8712200</LongitudeDegrees>
          </Position>
          <AltitudeMeters>875.4</AltitudeMeters>
          <DistanceMeters>67466.9</DistanceMeters>
        </Trackpoint>
        <Trackpoint>
          <Time>2027-05-09T11:30:04Z</Time>
          <Position>
            <LatitudeDegrees>42.3565100</LatitudeDegrees>
            <LongitudeDegrees>-4.8718300</LongitudeDegrees>
          </Position>
          <AltitudeMeters>876.6</AltitudeMeters>
          <DistanceMeters>67518.5</DistanceMeters>
        </Trackpoint>
        <Trackpoint>
          <Time>2027-05-09T11:30:17Z</Time>
          <Position>
            <LatitudeDegrees>42.3566200</LatitudeDegrees>
            <LongitudeDegrees>-4.8724500</LongitudeDegrees>
          </Position>
          <AltitudeMeters>877.4</AltitudeMeters>
          <DistanceMeters>67570.9</DistanceMeters>
        </Trackpoint>
        <Trackpoint>
          <Time>2027-05-09T11:30:29Z</Time>
          <Position>
            <LatitudeDegrees>42.3567300</LatitudeDegrees>
            <LongitudeDegrees>-4.8730600</LongitudeDegrees>
          </Position>
          <AltitudeMeters>877.7</AltitudeMeters>
          <DistanceMeters>67622.4</DistanceMeters>
        </Trackpoint>
        <Trackpoint>
          <Time>2027-05-09T11:30:41Z</Time>
          <Position>
            <LatitudeDegrees>42.3568500</LatitudeDegrees>
            <LongitudeDegrees>-4.8736700</LongitudeDegrees>
          </Position>
          <AltitudeMeters>877.4</AltitudeMeters>
          <DistanceMeters>67674.3</DistanceMeters>
        </Trackpoint>
        <Trackpoint>
          <Time>2027-05-09T11:30:54Z</Time>
          <Position>
            <LatitudeDegrees>42.3569600</LatitudeDegrees>
            <LongitudeDegrees>-4.8742800</LongitudeDegrees>
          </Position>
          <AltitudeMeters>876.4</AltitudeMeters>
          <DistanceMeters>67725.9</DistanceMeters>
        </Trackpoint>
        <Trackpoint>
          <Time>2027-05-09T11:31:06Z</Time>
          <Position>
            <LatitudeDegrees>42.3570700</LatitudeDegrees>
            <LongitudeDegrees>-4.8749000</LongitudeDegrees>
          </Position>
          <AltitudeMeters>875.5</AltitudeMeters>
          <DistanceMeters>67778.3</DistanceMeters>
        </Trackpoint>
        <Trackpoint>
          <Time>2027-05-09T11:31:19Z</Time>
          <Position>
            <LatitudeDegrees>42.3571800</LatitudeDegrees>
            <LongitudeDegrees>-4.8755100</LongitudeDegrees>
          </Position>
          <AltitudeMeters>874.9</AltitudeMeters>
          <DistanceMeters>67829.9</DistanceMeters>
        </Trackpoint>
        <Trackpoint>
          <Time>2027-05-09T11:31:31Z</Time>
          <Position>
            <LatitudeDegrees>42.3573300</LatitudeDegrees>
            <LongitudeDegrees>-4.8761200</LongitudeDegrees>
          </Position>
          <AltitudeMeters>874.8</AltitudeMeters>
          <DistanceMeters>67882.7</DistanceMeters>
        </Trackpoint>
        <Trackpoint>
          <Time>2027-05-09T11:31:44Z</Time>
          <Position>
            <LatitudeDegrees>42.3574700</LatitudeDegrees>
            <LongitudeDegrees>-4.8767400</LongitudeDegrees>
          </Position>
          <AltitudeMeters>875.1</AltitudeMeters>
          <DistanceMeters>67936.0</DistanceMeters>
        </Trackpoint>
        <Trackpoint>
          <Time>2027-05-09T11:31:57Z</Time>
          <Position>
            <LatitudeDegrees>42.3576200</LatitudeDegrees>
            <LongitudeDegrees>-4.8773500</LongitudeDegrees>
          </Position>
          <AltitudeMeters>876.1</AltitudeMeters>
          <DistanceMeters>67988.8</DistanceMeters>
        </Trackpoint>
        <Trackpoint>
          <Time>2027-05-09T11:32:09Z</Time>
          <Position>
            <LatitudeDegrees>42.3577700</LatitudeDegrees>
            <LongitudeDegrees>-4.8779600</LongitudeDegrees>
          </Position>
          <AltitudeMeters>877.2</AltitudeMeters>
          <DistanceMeters>68041.6</DistanceMeters>
        </Trackpoint>
        <Trackpoint>
          <Time>2027-05-09T11:32:22Z</Time>
          <Position>
            <LatitudeDegrees>42.3579200</LatitudeDegrees>
            <LongitudeDegrees>-4.8785800</LongitudeDegrees>
          </Position>
          <AltitudeMeters>878.2</AltitudeMeters>
          <DistanceMeters>68095.2</DistanceMeters>
        </Trackpoint>
        <Trackpoint>
          <Time>2027-05-09T11:32:35Z</Time>
          <Position>
            <LatitudeDegrees>42.3580600</LatitudeDegrees>
            <LongitudeDegrees>-4.8791900</LongitudeDegrees>
          </Position>
          <AltitudeMeters>879.0</AltitudeMeters>
          <DistanceMeters>68147.7</DistanceMeters>
        </Trackpoint>
        <Trackpoint>
          <Time>2027-05-09T11:32:48Z</Time>
          <Position>
            <LatitudeDegrees>42.3582100</LatitudeDegrees>
            <LongitudeDegrees>-4.8798000</LongitudeDegrees>
          </Position>
          <AltitudeMeters>879.8</AltitudeMeters>
          <DistanceMeters>68200.6</DistanceMeters>
        </Trackpoint>
        <Trackpoint>
          <Time>2027-05-09T11:33:00Z</Time>
          <Position>
            <LatitudeDegrees>42.3583600</LatitudeDegrees>
            <LongitudeDegrees>-4.8804200</LongitudeDegrees>
          </Position>
          <AltitudeMeters>880.6</AltitudeMeters>
          <DistanceMeters>68254.2</DistanceMeters>
        </Trackpoint>
        <Trackpoint>
          <Time>2027-05-09T11:33:13Z</Time>
          <Position>
            <LatitudeDegrees>42.3585100</LatitudeDegrees>
            <LongitudeDegrees>-4.8810300</LongitudeDegrees>
          </Position>
          <AltitudeMeters>881.1</AltitudeMeters>
          <DistanceMeters>68307.0</DistanceMeters>
        </Trackpoint>
        <Trackpoint>
          <Time>2027-05-09T11:33:26Z</Time>
          <Position>
            <LatitudeDegrees>42.3586500</LatitudeDegrees>
            <LongitudeDegrees>-4.8816400</LongitudeDegrees>
          </Position>
          <AltitudeMeters>881.5</AltitudeMeters>
          <DistanceMeters>68359.5</DistanceMeters>
        </Trackpoint>
        <Trackpoint>
          <Time>2027-05-09T11:33:39Z</Time>
          <Position>
            <LatitudeDegrees>42.3588000</LatitudeDegrees>
            <LongitudeDegrees>-4.8822600</LongitudeDegrees>
          </Position>
          <AltitudeMeters>882.0</AltitudeMeters>
          <DistanceMeters>68413.1</DistanceMeters>
        </Trackpoint>
        <Trackpoint>
          <Time>2027-05-09T11:33:51Z</Time>
          <Position>
            <LatitudeDegrees>42.3589500</LatitudeDegrees>
            <LongitudeDegrees>-4.8828700</LongitudeDegrees>
          </Position>
          <AltitudeMeters>882.5</AltitudeMeters>
          <DistanceMeters>68465.9</DistanceMeters>
        </Trackpoint>
        <Trackpoint>
          <Time>2027-05-09T11:34:04Z</Time>
          <Position>
            <LatitudeDegrees>42.3591000</LatitudeDegrees>
            <LongitudeDegrees>-4.8834800</LongitudeDegrees>
          </Position>
          <AltitudeMeters>882.6</AltitudeMeters>
          <DistanceMeters>68518.7</DistanceMeters>
        </Trackpoint>
        <Trackpoint>
          <Time>2027-05-09T11:34:17Z</Time>
          <Position>
            <LatitudeDegrees>42.3592400</LatitudeDegrees>
            <LongitudeDegrees>-4.8841000</LongitudeDegrees>
          </Position>
          <AltitudeMeters>882.8</AltitudeMeters>
          <DistanceMeters>68572.0</DistanceMeters>
        </Trackpoint>
        <Trackpoint>
          <Time>2027-05-09T11:34:29Z</Time>
          <Position>
            <LatitudeDegrees>42.3593900</LatitudeDegrees>
            <LongitudeDegrees>-4.8847100</LongitudeDegrees>
          </Position>
          <AltitudeMeters>883.0</AltitudeMeters>
          <DistanceMeters>68624.8</DistanceMeters>
        </Trackpoint>
        <Trackpoint>
          <Time>2027-05-09T11:34:42Z</Time>
          <Position>
            <LatitudeDegrees>42.3595000</LatitudeDegrees>
            <LongitudeDegrees>-4.8853100</LongitudeDegrees>
          </Position>
          <AltitudeMeters>883.2</AltitudeMeters>
          <DistanceMeters>68675.6</DistanceMeters>
        </Trackpoint>
        <Trackpoint>
          <Time>2027-05-09T11:34:54Z</Time>
          <Position>
            <LatitudeDegrees>42.3596100</LatitudeDegrees>
            <LongitudeDegrees>-4.8859200</LongitudeDegrees>
          </Position>
          <AltitudeMeters>883.6</AltitudeMeters>
          <DistanceMeters>68727.2</DistanceMeters>
        </Trackpoint>
        <Trackpoint>
          <Time>2027-05-09T11:35:06Z</Time>
          <Position>
            <LatitudeDegrees>42.3597300</LatitudeDegrees>
            <LongitudeDegrees>-4.8865200</LongitudeDegrees>
          </Position>
          <AltitudeMeters>884.2</AltitudeMeters>
          <DistanceMeters>68778.3</DistanceMeters>
        </Trackpoint>
        <Trackpoint>
          <Time>2027-05-09T11:35:19Z</Time>
          <Position>
            <LatitudeDegrees>42.3598400</LatitudeDegrees>
            <LongitudeDegrees>-4.8871300</LongitudeDegrees>
          </Position>
          <AltitudeMeters>884.4</AltitudeMeters>
          <DistanceMeters>68829.9</DistanceMeters>
        </Trackpoint>
        <Trackpoint>
          <Time>2027-05-09T11:35:31Z</Time>
          <Position>
            <LatitudeDegrees>42.3599500</LatitudeDegrees>
            <LongitudeDegrees>-4.8877300</LongitudeDegrees>
          </Position>
          <AltitudeMeters>884.2</AltitudeMeters>
          <DistanceMeters>68880.7</DistanceMeters>
        </Trackpoint>
        <Trackpoint>
          <Time>2027-05-09T11:35:43Z</Time>
          <Position>
            <LatitudeDegrees>42.3600600</LatitudeDegrees>
            <LongitudeDegrees>-4.8883400</LongitudeDegrees>
          </Position>
          <AltitudeMeters>883.8</AltitudeMeters>
          <DistanceMeters>68932.2</DistanceMeters>
        </Trackpoint>
        <Trackpoint>
          <Time>2027-05-09T11:35:55Z</Time>
          <Position>
            <LatitudeDegrees>42.3601800</LatitudeDegrees>
            <LongitudeDegrees>-4.8889400</LongitudeDegrees>
          </Position>
          <AltitudeMeters>882.9</AltitudeMeters>
          <DistanceMeters>68983.3</DistanceMeters>
        </Trackpoint>
        <Trackpoint>
          <Time>2027-05-09T11:36:08Z</Time>
          <Position>
            <LatitudeDegrees>42.3602900</LatitudeDegrees>
            <LongitudeDegrees>-4.8895500</LongitudeDegrees>
          </Position>
          <AltitudeMeters>881.9</AltitudeMeters>
          <DistanceMeters>69034.9</DistanceMeters>
        </Trackpoint>
        <Trackpoint>
          <Time>2027-05-09T11:36:20Z</Time>
          <Position>
            <LatitudeDegrees>42.3604000</LatitudeDegrees>
            <LongitudeDegrees>-4.8901500</LongitudeDegrees>
          </Position>
          <AltitudeMeters>880.5</AltitudeMeters>
          <DistanceMeters>69085.7</DistanceMeters>
        </Trackpoint>
        <Trackpoint>
          <Time>2027-05-09T11:36:26Z</Time>
          <Position>
            <LatitudeDegrees>42.3605800</LatitudeDegrees>
            <LongitudeDegrees>-4.8903400</LongitudeDegrees>
          </Position>
          <AltitudeMeters>879.1</AltitudeMeters>
          <DistanceMeters>69111.1</DistanceMeters>
        </Trackpoint>
        <Trackpoint>
          <Time>2027-05-09T11:36:44Z</Time>
          <Position>
            <LatitudeDegrees>42.3612000</LatitudeDegrees>
            <LongitudeDegrees>-4.8906400</LongitudeDegrees>
          </Position>
          <AltitudeMeters>878.1</AltitudeMeters>
          <DistanceMeters>69184.3</DistanceMeters>
        </Trackpoint>
        <Trackpoint>
          <Time>2027-05-09T11:37:01Z</Time>
          <Position>
            <LatitudeDegrees>42.3617500</LatitudeDegrees>
            <LongitudeDegrees>-4.8911100</LongitudeDegrees>
          </Position>
          <AltitudeMeters>877.2</AltitudeMeters>
          <DistanceMeters>69256.6</DistanceMeters>
        </Trackpoint>
        <Trackpoint>
          <Time>2027-05-09T11:37:09Z</Time>
          <Position>
            <LatitudeDegrees>42.3620500</LatitudeDegrees>
            <LongitudeDegrees>-4.8911900</LongitudeDegrees>
          </Position>
          <AltitudeMeters>876.9</AltitudeMeters>
          <DistanceMeters>69290.6</DistanceMeters>
        </Trackpoint>
        <Trackpoint>
          <Time>2027-05-09T11:37:11Z</Time>
          <Position>
            <LatitudeDegrees>42.3620500</LatitudeDegrees>
            <LongitudeDegrees>-4.8912600</LongitudeDegrees>
          </Position>
          <AltitudeMeters>876.5</AltitudeMeters>
          <DistanceMeters>69296.4</DistanceMeters>
        </Trackpoint>
        <Trackpoint>
          <Time>2027-05-09T11:37:22Z</Time>
          <Position>
            <LatitudeDegrees>42.3624500</LatitudeDegrees>
            <LongitudeDegrees>-4.8914200</LongitudeDegrees>
          </Position>
          <AltitudeMeters>876.1</AltitudeMeters>
          <DistanceMeters>69342.8</DistanceMeters>
        </Trackpoint>
        <Trackpoint>
          <Time>2027-05-09T11:37:39Z</Time>
          <Position>
            <LatitudeDegrees>42.3623300</LatitudeDegrees>
            <LongitudeDegrees>-4.8922900</LongitudeDegrees>
          </Position>
          <AltitudeMeters>875.3</AltitudeMeters>
          <DistanceMeters>69415.5</DistanceMeters>
        </Trackpoint>
        <Trackpoint>
          <Time>2027-05-09T11:37:52Z</Time>
          <Position>
            <LatitudeDegrees>42.3621200</LatitudeDegrees>
            <LongitudeDegrees>-4.8928700</LongitudeDegrees>
          </Position>
          <AltitudeMeters>874.2</AltitudeMeters>
          <DistanceMeters>69468.5</DistanceMeters>
        </Trackpoint>
        <Trackpoint>
          <Time>2027-05-09T11:38:05Z</Time>
          <Position>
            <LatitudeDegrees>42.3619100</LatitudeDegrees>
            <LongitudeDegrees>-4.8934400</LongitudeDegrees>
          </Position>
          <AltitudeMeters>872.5</AltitudeMeters>
          <DistanceMeters>69520.9</DistanceMeters>
        </Trackpoint>
        <Trackpoint>
          <Time>2027-05-09T11:38:17Z</Time>
          <Position>
            <LatitudeDegrees>42.3617000</LatitudeDegrees>
            <LongitudeDegrees>-4.8940200</LongitudeDegrees>
          </Position>
          <AltitudeMeters>871.1</AltitudeMeters>
          <DistanceMeters>69573.9</DistanceMeters>
        </Trackpoint>
        <Trackpoint>
          <Time>2027-05-09T11:38:30Z</Time>
          <Position>
            <LatitudeDegrees>42.3614900</LatitudeDegrees>
            <LongitudeDegrees>-4.8946000</LongitudeDegrees>
          </Position>
          <AltitudeMeters>870.0</AltitudeMeters>
          <DistanceMeters>69627.0</DistanceMeters>
        </Trackpoint>
        <Trackpoint>
          <Time>2027-05-09T11:38:43Z</Time>
          <Position>
            <LatitudeDegrees>42.3612800</LatitudeDegrees>
            <LongitudeDegrees>-4.8951700</LongitudeDegrees>
          </Position>
          <AltitudeMeters>868.8</AltitudeMeters>
          <DistanceMeters>69679.3</DistanceMeters>
        </Trackpoint>
        <Trackpoint>
          <Time>2027-05-09T11:38:55Z</Time>
          <Position>
            <LatitudeDegrees>42.3610700</LatitudeDegrees>
            <LongitudeDegrees>-4.8957500</LongitudeDegrees>
          </Position>
          <AltitudeMeters>867.3</AltitudeMeters>
          <DistanceMeters>69732.4</DistanceMeters>
        </Trackpoint>
        <Trackpoint>
          <Time>2027-05-09T11:39:07Z</Time>
          <Position>
            <LatitudeDegrees>42.3609600</LatitudeDegrees>
            <LongitudeDegrees>-4.8963400</LongitudeDegrees>
          </Position>
          <AltitudeMeters>865.4</AltitudeMeters>
          <DistanceMeters>69782.4</DistanceMeters>
        </Trackpoint>
        <Trackpoint>
          <Time>2027-05-09T11:39:19Z</Time>
          <Position>
            <LatitudeDegrees>42.3608500</LatitudeDegrees>
            <LongitudeDegrees>-4.8969300</LongitudeDegrees>
          </Position>
          <AltitudeMeters>863.6</AltitudeMeters>
          <DistanceMeters>69832.4</DistanceMeters>
        </Trackpoint>
        <Trackpoint>
          <Time>2027-05-09T11:39:31Z</Time>
          <Position>
            <LatitudeDegrees>42.3607400</LatitudeDegrees>
            <LongitudeDegrees>-4.8975200</LongitudeDegrees>
          </Position>
          <AltitudeMeters>861.9</AltitudeMeters>
          <DistanceMeters>69882.4</DistanceMeters>
        </Trackpoint>
        <Trackpoint>
          <Time>2027-05-09T11:39:43Z</Time>
          <Position>
            <LatitudeDegrees>42.3606300</LatitudeDegrees>
            <LongitudeDegrees>-4.8981100</LongitudeDegrees>
          </Position>
          <AltitudeMeters>860.4</AltitudeMeters>
          <DistanceMeters>69932.4</DistanceMeters>
        </Trackpoint>
        <Trackpoint>
          <Time>2027-05-09T11:39:58Z</Time>
          <Position>
            <LatitudeDegrees>42.3606000</LatitudeDegrees>
            <LongitudeDegrees>-4.8988600</LongitudeDegrees>
          </Position>
          <AltitudeMeters>859.3</AltitudeMeters>
          <DistanceMeters>69994.1</DistanceMeters>
        </Trackpoint>
        <Trackpoint>
          <Time>2027-05-09T11:40:13Z</Time>
          <Position>
            <LatitudeDegrees>42.3605600</LatitudeDegrees>
            <LongitudeDegrees>-4.8996000</LongitudeDegrees>
          </Position>
          <AltitudeMeters>858.6</AltitudeMeters>
          <DistanceMeters>70055.1</DistanceMeters>
        </Trackpoint>
        <Trackpoint>
          <Time>2027-05-09T11:40:26Z</Time>
          <Position>
            <LatitudeDegrees>42.3604500</LatitudeDegrees>
            <LongitudeDegrees>-4.9002800</LongitudeDegrees>
          </Position>
          <AltitudeMeters>857.8</AltitudeMeters>
          <DistanceMeters>70112.3</DistanceMeters>
        </Trackpoint>
        <Trackpoint>
          <Time>2027-05-09T11:40:40Z</Time>
          <Position>
            <LatitudeDegrees>42.3603400</LatitudeDegrees>
            <LongitudeDegrees>-4.9009500</LongitudeDegrees>
          </Position>
          <AltitudeMeters>856.8</AltitudeMeters>
          <DistanceMeters>70168.7</DistanceMeters>
        </Trackpoint>
        <Trackpoint>
          <Time>2027-05-09T11:40:58Z</Time>
          <Position>
            <LatitudeDegrees>42.3603400</LatitudeDegrees>
            <LongitudeDegrees>-4.9018500</LongitudeDegrees>
          </Position>
          <AltitudeMeters>855.9</AltitudeMeters>
          <DistanceMeters>70242.6</DistanceMeters>
        </Trackpoint>
        <Trackpoint>
          <Time>2027-05-09T11:41:15Z</Time>
          <Position>
            <LatitudeDegrees>42.3603500</LatitudeDegrees>
            <LongitudeDegrees>-4.9027400</LongitudeDegrees>
          </Position>
          <AltitudeMeters>854.9</AltitudeMeters>
          <DistanceMeters>70315.7</DistanceMeters>
        </Trackpoint>
        <Trackpoint>
          <Time>2027-05-09T11:41:29Z</Time>
          <Position>
            <LatitudeDegrees>42.3605200</LatitudeDegrees>
            <LongitudeDegrees>-4.9033900</LongitudeDegrees>
          </Position>
          <AltitudeMeters>854.0</AltitudeMeters>
          <DistanceMeters>70372.4</DistanceMeters>
        </Trackpoint>
        <Trackpoint>
          <Time>2027-05-09T11:41:42Z</Time>
          <Position>
            <LatitudeDegrees>42.3606900</LatitudeDegrees>
            <LongitudeDegrees>-4.9040300</LongitudeDegrees>
          </Position>
          <AltitudeMeters>853.2</AltitudeMeters>
          <DistanceMeters>70428.3</DistanceMeters>
        </Trackpoint>
        <Trackpoint>
          <Time>2027-05-09T11:41:59Z</Time>
          <Position>
            <LatitudeDegrees>42.3610200</LatitudeDegrees>
            <LongitudeDegrees>-4.9047300</LongitudeDegrees>
          </Position>
          <AltitudeMeters>852.5</AltitudeMeters>
          <DistanceMeters>70496.5</DistanceMeters>
        </Trackpoint>
        <Trackpoint>
          <Time>2027-05-09T11:42:15Z</Time>
          <Position>
            <LatitudeDegrees>42.3613500</LatitudeDegrees>
            <LongitudeDegrees>-4.9054300</LongitudeDegrees>
          </Position>
          <AltitudeMeters>851.7</AltitudeMeters>
          <DistanceMeters>70564.7</DistanceMeters>
        </Trackpoint>
        <Trackpoint>
          <Time>2027-05-09T11:42:28Z</Time>
          <Position>
            <LatitudeDegrees>42.3610900</LatitudeDegrees>
            <LongitudeDegrees>-4.9060100</LongitudeDegrees>
          </Position>
          <AltitudeMeters>851.0</AltitudeMeters>
          <DistanceMeters>70620.5</DistanceMeters>
        </Trackpoint>
        <Trackpoint>
          <Time>2027-05-09T11:42:42Z</Time>
          <Position>
            <LatitudeDegrees>42.3608300</LatitudeDegrees>
            <LongitudeDegrees>-4.9065800</LongitudeDegrees>
          </Position>
          <AltitudeMeters>850.5</AltitudeMeters>
          <DistanceMeters>70675.5</DistanceMeters>
        </Trackpoint>
        <Trackpoint>
          <Time>2027-05-09T11:42:55Z</Time>
          <Position>
            <LatitudeDegrees>42.3605700</LatitudeDegrees>
            <LongitudeDegrees>-4.9071500</LongitudeDegrees>
          </Position>
          <AltitudeMeters>850.1</AltitudeMeters>
          <DistanceMeters>70730.5</DistanceMeters>
        </Trackpoint>
        <Trackpoint>
          <Time>2027-05-09T11:43:08Z</Time>
          <Position>
            <LatitudeDegrees>42.3603000</LatitudeDegrees>
            <LongitudeDegrees>-4.9077300</LongitudeDegrees>
          </Position>
          <AltitudeMeters>850.0</AltitudeMeters>
          <DistanceMeters>70786.9</DistanceMeters>
        </Trackpoint>
        <Trackpoint>
          <Time>2027-05-09T11:43:22Z</Time>
          <Position>
            <LatitudeDegrees>42.3600400</LatitudeDegrees>
            <LongitudeDegrees>-4.9083100</LongitudeDegrees>
          </Position>
          <AltitudeMeters>850.5</AltitudeMeters>
          <DistanceMeters>70842.6</DistanceMeters>
        </Trackpoint>
        <Trackpoint>
          <Time>2027-05-09T11:43:35Z</Time>
          <Position>
            <LatitudeDegrees>42.3597800</LatitudeDegrees>
            <LongitudeDegrees>-4.9088800</LongitudeDegrees>
          </Position>
          <AltitudeMeters>851.4</AltitudeMeters>
          <DistanceMeters>70897.6</DistanceMeters>
        </Trackpoint>
        <Trackpoint>
          <Time>2027-05-09T11:43:41Z</Time>
          <Position>
            <LatitudeDegrees>42.3596500</LatitudeDegrees>
            <LongitudeDegrees>-4.9091100</LongitudeDegrees>
          </Position>
          <AltitudeMeters>850.8</AltitudeMeters>
          <DistanceMeters>70921.4</DistanceMeters>
        </Trackpoint>
        <Trackpoint>
          <Time>2027-05-09T11:43:57Z</Time>
          <Position>
            <LatitudeDegrees>42.3591500</LatitudeDegrees>
            <LongitudeDegrees>-4.9095900</LongitudeDegrees>
          </Position>
          <AltitudeMeters>849.7</AltitudeMeters>
          <DistanceMeters>70989.6</DistanceMeters>
        </Trackpoint>
        <Trackpoint>
          <Time>2027-05-09T11:44:07Z</Time>
          <Position>
            <LatitudeDegrees>42.3590900</LatitudeDegrees>
            <LongitudeDegrees>-4.9100900</LongitudeDegrees>
          </Position>
          <AltitudeMeters>848.1</AltitudeMeters>
          <DistanceMeters>71031.2</DistanceMeters>
        </Trackpoint>
        <Trackpoint>
          <Time>2027-05-09T11:44:29Z</Time>
          <Position>
            <LatitudeDegrees>42.3594000</LatitudeDegrees>
            <LongitudeDegrees>-4.9111400</LongitudeDegrees>
          </Position>
          <AltitudeMeters>845.9</AltitudeMeters>
          <DistanceMeters>71124.1</DistanceMeters>
        </Trackpoint>
        <Trackpoint>
          <Time>2027-05-09T11:44:44Z</Time>
          <Position>
            <LatitudeDegrees>42.3592500</LatitudeDegrees>
            <LongitudeDegrees>-4.9118700</LongitudeDegrees>
          </Position>
          <AltitudeMeters>843.7</AltitudeMeters>
          <DistanceMeters>71186.4</DistanceMeters>
        </Trackpoint>
        <Trackpoint>
          <Time>2027-05-09T11:44:59Z</Time>
          <Position>
            <LatitudeDegrees>42.3593200</LatitudeDegrees>
            <LongitudeDegrees>-4.9126000</LongitudeDegrees>
          </Position>
          <AltitudeMeters>843.2</AltitudeMeters>
          <DistanceMeters>71246.9</DistanceMeters>
        </Trackpoint>
        <Trackpoint>
          <Time>2027-05-09T11:45:14Z</Time>
          <Position>
            <LatitudeDegrees>42.3596100</LatitudeDegrees>
            <LongitudeDegrees>-4.9132900</LongitudeDegrees>
          </Position>
          <AltitudeMeters>844.0</AltitudeMeters>
          <DistanceMeters>71312.1</DistanceMeters>
        </Trackpoint>
        <Trackpoint>
          <Time>2027-05-09T11:45:37Z</Time>
          <Position>
            <LatitudeDegrees>42.3599200</LatitudeDegrees>
            <LongitudeDegrees>-4.9143700</LongitudeDegrees>
          </Position>
          <AltitudeMeters>845.4</AltitudeMeters>
          <DistanceMeters>71407.3</DistanceMeters>
        </Trackpoint>
        <Trackpoint>
          <Time>2027-05-09T11:45:58Z</Time>
          <Position>
            <LatitudeDegrees>42.3602700</LatitudeDegrees>
            <LongitudeDegrees>-4.9153300</LongitudeDegrees>
          </Position>
          <AltitudeMeters>847.3</AltitudeMeters>
          <DistanceMeters>71495.2</DistanceMeters>
        </Trackpoint>
        <Trackpoint>
          <Time>2027-05-09T11:46:11Z</Time>
          <Position>
            <LatitudeDegrees>42.3605300</LatitudeDegrees>
            <LongitudeDegrees>-4.9158900</LongitudeDegrees>
          </Position>
          <AltitudeMeters>849.3</AltitudeMeters>
          <DistanceMeters>71549.6</DistanceMeters>
        </Trackpoint>
        <Trackpoint>
          <Time>2027-05-09T11:46:24Z</Time>
          <Position>
            <LatitudeDegrees>42.3606800</LatitudeDegrees>
            <LongitudeDegrees>-4.9164700</LongitudeDegrees>
          </Position>
          <AltitudeMeters>851.4</AltitudeMeters>
          <DistanceMeters>71600.1</DistanceMeters>
        </Trackpoint>
        <Trackpoint>
          <Time>2027-05-09T11:46:35Z</Time>
          <Position>
            <LatitudeDegrees>42.3608200</LatitudeDegrees>
            <LongitudeDegrees>-4.9170400</LongitudeDegrees>
          </Position>
          <AltitudeMeters>853.3</AltitudeMeters>
          <DistanceMeters>71649.4</DistanceMeters>
        </Trackpoint>
        <Trackpoint>
          <Time>2027-05-09T11:46:49Z</Time>
          <Position>
            <LatitudeDegrees>42.3608000</LatitudeDegrees>
            <LongitudeDegrees>-4.9177400</LongitudeDegrees>
          </Position>
          <AltitudeMeters>855.4</AltitudeMeters>
          <DistanceMeters>71707.0</DistanceMeters>
        </Trackpoint>
        <Trackpoint>
          <Time>2027-05-09T11:47:03Z</Time>
          <Position>
            <LatitudeDegrees>42.3607800</LatitudeDegrees>
            <LongitudeDegrees>-4.9184400</LongitudeDegrees>
          </Position>
          <AltitudeMeters>857.6</AltitudeMeters>
          <DistanceMeters>71764.5</DistanceMeters>
        </Trackpoint>
        <Trackpoint>
          <Time>2027-05-09T11:47:17Z</Time>
          <Position>
            <LatitudeDegrees>42.3607500</LatitudeDegrees>
            <LongitudeDegrees>-4.9191500</LongitudeDegrees>
          </Position>
          <AltitudeMeters>859.6</AltitudeMeters>
          <DistanceMeters>71823.0</DistanceMeters>
        </Trackpoint>
        <Trackpoint>
          <Time>2027-05-09T11:47:31Z</Time>
          <Position>
            <LatitudeDegrees>42.3607300</LatitudeDegrees>
            <LongitudeDegrees>-4.9198500</LongitudeDegrees>
          </Position>
          <AltitudeMeters>861.0</AltitudeMeters>
          <DistanceMeters>71880.5</DistanceMeters>
        </Trackpoint>
        <Trackpoint>
          <Time>2027-05-09T11:47:45Z</Time>
          <Position>
            <LatitudeDegrees>42.3607100</LatitudeDegrees>
            <LongitudeDegrees>-4.9205500</LongitudeDegrees>
          </Position>
          <AltitudeMeters>861.9</AltitudeMeters>
          <DistanceMeters>71938.1</DistanceMeters>
        </Trackpoint>
        <Trackpoint>
          <Time>2027-05-09T11:47:59Z</Time>
          <Position>
            <LatitudeDegrees>42.3607800</LatitudeDegrees>
            <LongitudeDegrees>-4.9212800</LongitudeDegrees>
          </Position>
          <AltitudeMeters>862.5</AltitudeMeters>
          <DistanceMeters>71998.6</DistanceMeters>
        </Trackpoint>
        <Trackpoint>
          <Time>2027-05-09T11:48:09Z</Time>
          <Position>
            <LatitudeDegrees>42.3609100</LatitudeDegrees>
            <LongitudeDegrees>-4.9217200</LongitudeDegrees>
          </Position>
          <AltitudeMeters>862.8</AltitudeMeters>
          <DistanceMeters>72037.5</DistanceMeters>
        </Trackpoint>
        <Trackpoint>
          <Time>2027-05-09T11:48:17Z</Time>
          <Position>
            <LatitudeDegrees>42.3609500</LatitudeDegrees>
            <LongitudeDegrees>-4.9221700</LongitudeDegrees>
          </Position>
          <AltitudeMeters>862.8</AltitudeMeters>
          <DistanceMeters>72074.7</DistanceMeters>
        </Trackpoint>
        <Trackpoint>
          <Time>2027-05-09T11:48:32Z</Time>
          <Position>
            <LatitudeDegrees>42.3609000</LatitudeDegrees>
            <LongitudeDegrees>-4.9228800</LongitudeDegrees>
          </Position>
          <AltitudeMeters>862.3</AltitudeMeters>
          <DistanceMeters>72133.3</DistanceMeters>
        </Trackpoint>
        <Trackpoint>
          <Time>2027-05-09T11:48:46Z</Time>
          <Position>
            <LatitudeDegrees>42.3608400</LatitudeDegrees>
            <LongitudeDegrees>-4.9235900</LongitudeDegrees>
          </Position>
          <AltitudeMeters>861.6</AltitudeMeters>
          <DistanceMeters>72192.1</DistanceMeters>
        </Trackpoint>
        <Trackpoint>
          <Time>2027-05-09T11:49:03Z</Time>
          <Position>
            <LatitudeDegrees>42.3606700</LatitudeDegrees>
            <LongitudeDegrees>-4.9244200</LongitudeDegrees>
          </Position>
          <AltitudeMeters>861.0</AltitudeMeters>
          <DistanceMeters>72262.8</DistanceMeters>
        </Trackpoint>
        <Trackpoint>
          <Time>2027-05-09T11:49:19Z</Time>
          <Position>
            <LatitudeDegrees>42.3604900</LatitudeDegrees>
            <LongitudeDegrees>-4.9252400</LongitudeDegrees>
          </Position>
          <AltitudeMeters>860.1</AltitudeMeters>
          <DistanceMeters>72333.1</DistanceMeters>
        </Trackpoint>
        <Trackpoint>
          <Time>2027-05-09T11:49:27Z</Time>
          <Position>
            <LatitudeDegrees>42.3607100</LatitudeDegrees>
            <LongitudeDegrees>-4.9254400</LongitudeDegrees>
          </Position>
          <AltitudeMeters>859.3</AltitudeMeters>
          <DistanceMeters>72362.6</DistanceMeters>
        </Trackpoint>
        <Trackpoint>
          <Time>2027-05-09T11:49:37Z</Time>
          <Position>
            <LatitudeDegrees>42.3606000</LatitudeDegrees>
            <LongitudeDegrees>-4.9259400</LongitudeDegrees>
          </Position>
          <AltitudeMeters>859.2</AltitudeMeters>
          <DistanceMeters>72405.5</DistanceMeters>
        </Trackpoint>
        <Trackpoint>
          <Time>2027-05-09T11:49:48Z</Time>
          <Position>
            <LatitudeDegrees>42.3606700</LatitudeDegrees>
            <LongitudeDegrees>-4.9264800</LongitudeDegrees>
          </Position>
          <AltitudeMeters>859.1</AltitudeMeters>
          <DistanceMeters>72450.5</DistanceMeters>
        </Trackpoint>
        <Trackpoint>
          <Time>2027-05-09T11:49:54Z</Time>
          <Position>
            <LatitudeDegrees>42.3606300</LatitudeDegrees>
            <LongitudeDegrees>-4.9267900</LongitudeDegrees>
          </Position>
          <AltitudeMeters>858.9</AltitudeMeters>
          <DistanceMeters>72476.4</DistanceMeters>
        </Trackpoint>
        <Trackpoint>
          <Time>2027-05-09T11:49:58Z</Time>
          <Position>
            <LatitudeDegrees>42.3605300</LatitudeDegrees>
            <LongitudeDegrees>-4.9269300</LongitudeDegrees>
          </Position>
          <AltitudeMeters>858.8</AltitudeMeters>
          <DistanceMeters>72492.4</DistanceMeters>
        </Trackpoint>
        <Trackpoint>
          <Time>2027-05-09T11:50:00Z</Time>
          <Position>
            <LatitudeDegrees>42.3605800</LatitudeDegrees>
            <LongitudeDegrees>-4.9270000</LongitudeDegrees>
          </Position>
          <AltitudeMeters>858.8</AltitudeMeters>
          <DistanceMeters>72500.4</DistanceMeters>
        </Trackpoint>
        <Trackpoint>
          <Time>2027-05-09T11:50:12Z</Time>
          <Position>
            <LatitudeDegrees>42.3601600</LatitudeDegrees>
            <LongitudeDegrees>-4.9272500</LongitudeDegrees>
          </Position>
          <AltitudeMeters>858.8</AltitudeMeters>
          <DistanceMeters>72551.4</DistanceMeters>
        </Trackpoint>
        <Trackpoint>
          <Time>2027-05-09T11:50:15Z</Time>
          <Position>
            <LatitudeDegrees>42.3600800</LatitudeDegrees>
            <LongitudeDegrees>-4.9273800</LongitudeDegrees>
          </Position>
          <AltitudeMeters>858.7</AltitudeMeters>
          <DistanceMeters>72565.3</DistanceMeters>
        </Trackpoint>
        <Trackpoint>
          <Time>2027-05-09T11:50:29Z</Time>
          <Position>
            <LatitudeDegrees>42.3599200</LatitudeDegrees>
            <LongitudeDegrees>-4.9280700</LongitudeDegrees>
          </Position>
          <AltitudeMeters>858.6</AltitudeMeters>
          <DistanceMeters>72624.7</DistanceMeters>
        </Trackpoint>
        <Trackpoint>
          <Time>2027-05-09T11:50:43Z</Time>
          <Position>
            <LatitudeDegrees>42.3597600</LatitudeDegrees>
            <LongitudeDegrees>-4.9287500</LongitudeDegrees>
          </Position>
          <AltitudeMeters>858.5</AltitudeMeters>
          <DistanceMeters>72683.3</DistanceMeters>
        </Trackpoint>
        <Trackpoint>
          <Time>2027-05-09T11:50:50Z</Time>
          <Position>
            <LatitudeDegrees>42.3596200</LatitudeDegrees>
            <LongitudeDegrees>-4.9290400</LongitudeDegrees>
          </Position>
          <AltitudeMeters>858.7</AltitudeMeters>
          <DistanceMeters>72711.8</DistanceMeters>
        </Trackpoint>
        <Trackpoint>
          <Time>2027-05-09T11:51:14Z</Time>
          <Position>
            <LatitudeDegrees>42.3590100</LatitudeDegrees>
            <LongitudeDegrees>-4.9299100</LongitudeDegrees>
          </Position>
          <AltitudeMeters>859.1</AltitudeMeters>
          <DistanceMeters>72810.3</DistanceMeters>
        </Trackpoint>
        <Trackpoint>
          <Time>2027-05-09T11:51:36Z</Time>
          <Position>
            <LatitudeDegrees>42.3587300</LatitudeDegrees>
            <LongitudeDegrees>-4.9309800</LongitudeDegrees>
          </Position>
          <AltitudeMeters>860.2</AltitudeMeters>
          <DistanceMeters>72903.6</DistanceMeters>
        </Trackpoint>
        <Trackpoint>
          <Time>2027-05-09T11:51:45Z</Time>
          <Position>
            <LatitudeDegrees>42.3587400</LatitudeDegrees>
            <LongitudeDegrees>-4.9314100</LongitudeDegrees>
          </Position>
          <AltitudeMeters>862.0</AltitudeMeters>
          <DistanceMeters>72939.0</DistanceMeters>
        </Trackpoint>
        <Trackpoint>
          <Time>2027-05-09T11:51:59Z</Time>
          <Position>
            <LatitudeDegrees>42.3589000</LatitudeDegrees>
            <LongitudeDegrees>-4.9321200</LongitudeDegrees>
          </Position>
          <AltitudeMeters>864.2</AltitudeMeters>
          <DistanceMeters>72999.9</DistanceMeters>
        </Trackpoint>
        <Trackpoint>
          <Time>2027-05-09T11:52:14Z</Time>
          <Position>
            <LatitudeDegrees>42.3590600</LatitudeDegrees>
            <LongitudeDegrees>-4.9328300</LongitudeDegrees>
          </Position>
          <AltitudeMeters>866.6</AltitudeMeters>
          <DistanceMeters>73060.9</DistanceMeters>
        </Trackpoint>
        <Trackpoint>
          <Time>2027-05-09T11:52:31Z</Time>
          <Position>
            <LatitudeDegrees>42.3592800</LatitudeDegrees>
            <LongitudeDegrees>-4.9336300</LongitudeDegrees>
          </Position>
          <AltitudeMeters>869.1</AltitudeMeters>
          <DistanceMeters>73131.1</DistanceMeters>
        </Trackpoint>
        <Trackpoint>
          <Time>2027-05-09T11:52:48Z</Time>
          <Position>
            <LatitudeDegrees>42.3595000</LatitudeDegrees>
            <LongitudeDegrees>-4.9344200</LongitudeDegrees>
          </Position>
          <AltitudeMeters>870.8</AltitudeMeters>
          <DistanceMeters>73200.4</DistanceMeters>
        </Trackpoint>
        <Trackpoint>
          <Time>2027-05-09T11:53:02Z</Time>
          <Position>
            <LatitudeDegrees>42.3595700</LatitudeDegrees>
            <LongitudeDegrees>-4.9351400</LongitudeDegrees>
          </Position>
          <AltitudeMeters>871.9</AltitudeMeters>
          <DistanceMeters>73260.1</DistanceMeters>
        </Trackpoint>
        <Trackpoint>
          <Time>2027-05-09T11:53:16Z</Time>
          <Position>
            <LatitudeDegrees>42.3596300</LatitudeDegrees>
            <LongitudeDegrees>-4.9358500</LongitudeDegrees>
          </Position>
          <AltitudeMeters>872.7</AltitudeMeters>
          <DistanceMeters>73318.8</DistanceMeters>
        </Trackpoint>
        <Trackpoint>
          <Time>2027-05-09T11:53:30Z</Time>
          <Position>
            <LatitudeDegrees>42.3597000</LatitudeDegrees>
            <LongitudeDegrees>-4.9365700</LongitudeDegrees>
          </Position>
          <AltitudeMeters>873.2</AltitudeMeters>
          <DistanceMeters>73378.5</DistanceMeters>
        </Trackpoint>
        <Trackpoint>
          <Time>2027-05-09T11:53:44Z</Time>
          <Position>
            <LatitudeDegrees>42.3597600</LatitudeDegrees>
            <LongitudeDegrees>-4.9372800</LongitudeDegrees>
          </Position>
          <AltitudeMeters>873.7</AltitudeMeters>
          <DistanceMeters>73437.2</DistanceMeters>
        </Trackpoint>
        <Trackpoint>
          <Time>2027-05-09T11:53:57Z</Time>
          <Position>
            <LatitudeDegrees>42.3597000</LatitudeDegrees>
            <LongitudeDegrees>-4.9379300</LongitudeDegrees>
          </Position>
          <AltitudeMeters>874.4</AltitudeMeters>
          <DistanceMeters>73491.0</DistanceMeters>
        </Trackpoint>
        <Trackpoint>
          <Time>2027-05-09T11:54:13Z</Time>
          <Position>
            <LatitudeDegrees>42.3595500</LatitudeDegrees>
            <LongitudeDegrees>-4.9387000</LongitudeDegrees>
          </Position>
          <AltitudeMeters>874.8</AltitudeMeters>
          <DistanceMeters>73556.5</DistanceMeters>
        </Trackpoint>
        <Trackpoint>
          <Time>2027-05-09T11:54:29Z</Time>
          <Position>
            <LatitudeDegrees>42.3594000</LatitudeDegrees>
            <LongitudeDegrees>-4.9394700</LongitudeDegrees>
          </Position>
          <AltitudeMeters>874.7</AltitudeMeters>
          <DistanceMeters>73621.9</DistanceMeters>
        </Trackpoint>
        <Trackpoint>
          <Time>2027-05-09T11:54:41Z</Time>
          <Position>
            <LatitudeDegrees>42.3593700</LatitudeDegrees>
            <LongitudeDegrees>-4.9401000</LongitudeDegrees>
          </Position>
          <AltitudeMeters>874.3</AltitudeMeters>
          <DistanceMeters>73673.8</DistanceMeters>
        </Trackpoint>
        <Trackpoint>
          <Time>2027-05-09T11:54:54Z</Time>
          <Position>
            <LatitudeDegrees>42.3594600</LatitudeDegrees>
            <LongitudeDegrees>-4.9407300</LongitudeDegrees>
          </Position>
          <AltitudeMeters>872.7</AltitudeMeters>
          <DistanceMeters>73726.5</DistanceMeters>
        </Trackpoint>
        <Trackpoint>
          <Time>2027-05-09T11:55:07Z</Time>
          <Position>
            <LatitudeDegrees>42.3595500</LatitudeDegrees>
            <LongitudeDegrees>-4.9413600</LongitudeDegrees>
          </Position>
          <AltitudeMeters>870.6</AltitudeMeters>
          <DistanceMeters>73779.2</DistanceMeters>
        </Trackpoint>
        <Trackpoint>
          <Time>2027-05-09T11:55:25Z</Time>
          <Position>
            <LatitudeDegrees>42.3593300</LatitudeDegrees>
            <LongitudeDegrees>-4.9422500</LongitudeDegrees>
          </Position>
          <AltitudeMeters>868.5</AltitudeMeters>
          <DistanceMeters>73856.3</DistanceMeters>
        </Trackpoint>
        <Trackpoint>
          <Time>2027-05-09T11:55:41Z</Time>
          <Position>
            <LatitudeDegrees>42.3593100</LatitudeDegrees>
            <LongitudeDegrees>-4.9430700</LongitudeDegrees>
          </Position>
          <AltitudeMeters>866.8</AltitudeMeters>
          <DistanceMeters>73923.7</DistanceMeters>
        </Trackpoint>
        <Trackpoint>
          <Time>2027-05-09T11:55:54Z</Time>
          <Position>
            <LatitudeDegrees>42.3592200</LatitudeDegrees>
            <LongitudeDegrees>-4.9437000</LongitudeDegrees>
          </Position>
          <AltitudeMeters>864.8</AltitudeMeters>
          <DistanceMeters>73976.5</DistanceMeters>
        </Trackpoint>
        <Trackpoint>
          <Time>2027-05-09T11:56:07Z</Time>
          <Position>
            <LatitudeDegrees>42.3591400</LatitudeDegrees>
            <LongitudeDegrees>-4.9443400</LongitudeDegrees>
          </Position>
          <AltitudeMeters>864.0</AltitudeMeters>
          <DistanceMeters>74029.8</DistanceMeters>
        </Trackpoint>
        <Trackpoint>
          <Time>2027-05-09T11:56:28Z</Time>
          <Position>
            <LatitudeDegrees>42.3591400</LatitudeDegrees>
            <LongitudeDegrees>-4.9454300</LongitudeDegrees>
          </Position>
          <AltitudeMeters>863.6</AltitudeMeters>
          <DistanceMeters>74119.4</DistanceMeters>
        </Trackpoint>
        <Trackpoint>
          <Time>2027-05-09T11:56:34Z</Time>
          <Position>
            <LatitudeDegrees>42.3592300</LatitudeDegrees>
            <LongitudeDegrees>-4.9457100</LongitudeDegrees>
          </Position>
          <AltitudeMeters>863.2</AltitudeMeters>
          <DistanceMeters>74144.4</DistanceMeters>
        </Trackpoint>
        <Trackpoint>
          <Time>2027-05-09T11:56:42Z</Time>
          <Position>
            <LatitudeDegrees>42.3594400</LatitudeDegrees>
            <LongitudeDegrees>-4.9459700</LongitudeDegrees>
          </Position>
          <AltitudeMeters>862.4</AltitudeMeters>
          <DistanceMeters>74176.1</DistanceMeters>
        </Trackpoint>
        <Trackpoint>
          <Time>2027-05-09T11:56:55Z</Time>
          <Position>
            <LatitudeDegrees>42.3598900</LatitudeDegrees>
            <LongitudeDegrees>-4.9462800</LongitudeDegrees>
          </Position>
          <AltitudeMeters>861.3</AltitudeMeters>
          <DistanceMeters>74232.2</DistanceMeters>
        </Trackpoint>
        <Trackpoint>
          <Time>2027-05-09T11:57:09Z</Time>
          <Position>
            <LatitudeDegrees>42.3603300</LatitudeDegrees>
            <LongitudeDegrees>-4.9466000</LongitudeDegrees>
          </Position>
          <AltitudeMeters>859.9</AltitudeMeters>
          <DistanceMeters>74287.8</DistanceMeters>
        </Trackpoint>
        <Trackpoint>
          <Time>2027-05-09T11:57:24Z</Time>
          <Position>
            <LatitudeDegrees>42.3608800</LatitudeDegrees>
            <LongitudeDegrees>-4.9467700</LongitudeDegrees>
          </Position>
          <AltitudeMeters>858.1</AltitudeMeters>
          <DistanceMeters>74350.5</DistanceMeters>
        </Trackpoint>
        <Trackpoint>
          <Time>2027-05-09T11:57:39Z</Time>
          <Position>
            <LatitudeDegrees>42.3614300</LatitudeDegrees>
            <LongitudeDegrees>-4.9469400</LongitudeDegrees>
          </Position>
          <AltitudeMeters>856.1</AltitudeMeters>
          <DistanceMeters>74413.2</DistanceMeters>
        </Trackpoint>
        <Trackpoint>
          <Time>2027-05-09T11:57:56Z</Time>
          <Position>
            <LatitudeDegrees>42.3620200</LatitudeDegrees>
            <LongitudeDegrees>-4.9472900</LongitudeDegrees>
          </Position>
          <AltitudeMeters>854.0</AltitudeMeters>
          <DistanceMeters>74484.9</DistanceMeters>
        </Trackpoint>
        <Trackpoint>
          <Time>2027-05-09T11:58:13Z</Time>
          <Position>
            <LatitudeDegrees>42.3626000</LatitudeDegrees>
            <LongitudeDegrees>-4.9476400</LongitudeDegrees>
          </Position>
          <AltitudeMeters>851.8</AltitudeMeters>
          <DistanceMeters>74555.5</DistanceMeters>
        </Trackpoint>
        <Trackpoint>
          <Time>2027-05-09T11:58:29Z</Time>
          <Position>
            <LatitudeDegrees>42.3631800</LatitudeDegrees>
            <LongitudeDegrees>-4.9478900</LongitudeDegrees>
          </Position>
          <AltitudeMeters>849.6</AltitudeMeters>
          <DistanceMeters>74623.2</DistanceMeters>
        </Trackpoint>
        <Trackpoint>
          <Time>2027-05-09T11:58:46Z</Time>
          <Position>
            <LatitudeDegrees>42.3636800</LatitudeDegrees>
            <LongitudeDegrees>-4.9484400</LongitudeDegrees>
          </Position>
          <AltitudeMeters>847.8</AltitudeMeters>
          <DistanceMeters>74694.8</DistanceMeters>
        </Trackpoint>
        <Trackpoint>
          <Time>2027-05-09T11:59:03Z</Time>
          <Position>
            <LatitudeDegrees>42.3641700</LatitudeDegrees>
            <LongitudeDegrees>-4.9489800</LongitudeDegrees>
          </Position>
          <AltitudeMeters>846.7</AltitudeMeters>
          <DistanceMeters>74765.1</DistanceMeters>
        </Trackpoint>
        <Trackpoint>
          <Time>2027-05-09T11:59:08Z</Time>
          <Position>
            <LatitudeDegrees>42.3642700</LatitudeDegrees>
            <LongitudeDegrees>-4.9491800</LongitudeDegrees>
          </Position>
          <AltitudeMeters>845.8</AltitudeMeters>
          <DistanceMeters>74784.9</DistanceMeters>
        </Trackpoint>
        <Trackpoint>
          <Time>2027-05-09T11:59:29Z</Time>
          <Position>
            <LatitudeDegrees>42.3643100</LatitudeDegrees>
            <LongitudeDegrees>-4.9502500</LongitudeDegrees>
          </Position>
          <AltitudeMeters>845.5</AltitudeMeters>
          <DistanceMeters>74872.9</DistanceMeters>
        </Trackpoint>
        <Trackpoint>
          <Time>2027-05-09T11:59:47Z</Time>
          <Position>
            <LatitudeDegrees>42.3642300</LatitudeDegrees>
            <LongitudeDegrees>-4.9511700</LongitudeDegrees>
          </Position>
          <AltitudeMeters>845.4</AltitudeMeters>
          <DistanceMeters>74949.1</DistanceMeters>
        </Trackpoint>
        <Trackpoint>
          <Time>2027-05-09T11:59:52Z</Time>
          <Position>
            <LatitudeDegrees>42.3640500</LatitudeDegrees>
            <LongitudeDegrees>-4.9512300</LongitudeDegrees>
          </Position>
          <AltitudeMeters>845.1</AltitudeMeters>
          <DistanceMeters>74969.7</DistanceMeters>
        </Trackpoint>
        <Trackpoint>
          <Time>2027-05-09T11:59:58Z</Time>
          <Position>
            <LatitudeDegrees>42.3638600</LatitudeDegrees>
            <LongitudeDegrees>-4.9513900</LongitudeDegrees>
          </Position>
          <AltitudeMeters>844.1</AltitudeMeters>
          <DistanceMeters>74994.6</DistanceMeters>
        </Trackpoint>
        <Trackpoint>
          <Time>2027-05-09T12:00:06Z</Time>
          <Position>
            <LatitudeDegrees>42.3636900</LatitudeDegrees>
            <LongitudeDegrees>-4.9517300</LongitudeDegrees>
          </Position>
          <AltitudeMeters>843.2</AltitudeMeters>
          <DistanceMeters>75028.3</DistanceMeters>
        </Trackpoint>
        <Trackpoint>
          <Time>2027-05-09T12:00:28Z</Time>
          <Position>
            <LatitudeDegrees>42.3633500</LatitudeDegrees>
            <LongitudeDegrees>-4.9527100</LongitudeDegrees>
          </Position>
          <AltitudeMeters>842.4</AltitudeMeters>
          <DistanceMeters>75117.2</DistanceMeters>
        </Trackpoint>
        <Trackpoint>
          <Time>2027-05-09T12:00:31Z</Time>
          <Position>
            <LatitudeDegrees>42.3633500</LatitudeDegrees>
            <LongitudeDegrees>-4.9528900</LongitudeDegrees>
          </Position>
          <AltitudeMeters>841.3</AltitudeMeters>
          <DistanceMeters>75132.0</DistanceMeters>
        </Trackpoint>
        <Trackpoint>
          <Time>2027-05-09T12:00:52Z</Time>
          <Position>
            <LatitudeDegrees>42.3636700</LatitudeDegrees>
            <LongitudeDegrees>-4.9538500</LongitudeDegrees>
          </Position>
          <AltitudeMeters>840.3</AltitudeMeters>
          <DistanceMeters>75218.5</DistanceMeters>
        </Trackpoint>
        <Trackpoint>
          <Time>2027-05-09T12:01:03Z</Time>
          <Position>
            <LatitudeDegrees>42.3636500</LatitudeDegrees>
            <LongitudeDegrees>-4.9544000</LongitudeDegrees>
          </Position>
          <AltitudeMeters>839.8</AltitudeMeters>
          <DistanceMeters>75263.8</DistanceMeters>
        </Trackpoint>
        <Trackpoint>
          <Time>2027-05-09T12:01:05Z</Time>
          <Position>
            <LatitudeDegrees>42.3636900</LatitudeDegrees>
            <LongitudeDegrees>-4.9544700</LongitudeDegrees>
          </Position>
          <AltitudeMeters>839.3</AltitudeMeters>
          <DistanceMeters>75271.1</DistanceMeters>
        </Trackpoint>
        <Trackpoint>
          <Time>2027-05-09T12:01:14Z</Time>
          <Position>
            <LatitudeDegrees>42.3640400</LatitudeDegrees>
            <LongitudeDegrees>-4.9546000</LongitudeDegrees>
          </Position>
          <AltitudeMeters>838.7</AltitudeMeters>
          <DistanceMeters>75311.4</DistanceMeters>
        </Trackpoint>
        <Trackpoint>
          <Time>2027-05-09T12:01:17Z</Time>
          <Position>
            <LatitudeDegrees>42.3641000</LatitudeDegrees>
            <LongitudeDegrees>-4.9546900</LongitudeDegrees>
          </Position>
          <AltitudeMeters>838.7</AltitudeMeters>
          <DistanceMeters>75321.4</DistanceMeters>
        </Trackpoint>
        <Trackpoint>
          <Time>2027-05-09T12:01:22Z</Time>
          <Position>
            <LatitudeDegrees>42.3641400</LatitudeDegrees>
            <LongitudeDegrees>-4.9549800</LongitudeDegrees>
          </Position>
          <AltitudeMeters>838.9</AltitudeMeters>
          <DistanceMeters>75345.6</DistanceMeters>
        </Trackpoint>
        <Trackpoint>
          <Time>2027-05-09T12:01:30Z</Time>
          <Position>
            <LatitudeDegrees>42.3640800</LatitudeDegrees>
            <LongitudeDegrees>-4.9553400</LongitudeDegrees>
          </Position>
          <AltitudeMeters>839.3</AltitudeMeters>
          <DistanceMeters>75375.9</DistanceMeters>
        </Trackpoint>
        <Trackpoint>
          <Time>2027-05-09T12:01:52Z</Time>
          <Position>
            <LatitudeDegrees>42.3649100</LatitudeDegrees>
            <LongitudeDegrees>-4.9553800</LongitudeDegrees>
          </Position>
          <AltitudeMeters>840.1</AltitudeMeters>
          <DistanceMeters>75468.3</DistanceMeters>
        </Trackpoint>
        <Trackpoint>
          <Time>2027-05-09T12:02:05Z</Time>
          <Position>
            <LatitudeDegrees>42.3649200</LatitudeDegrees>
            <LongitudeDegrees>-4.9560600</LongitudeDegrees>
          </Position>
          <AltitudeMeters>841.2</AltitudeMeters>
          <DistanceMeters>75524.2</DistanceMeters>
        </Trackpoint>
        <Trackpoint>
          <Time>2027-05-09T12:02:19Z</Time>
          <Position>
            <LatitudeDegrees>42.3649200</LatitudeDegrees>
            <LongitudeDegrees>-4.9567400</LongitudeDegrees>
          </Position>
          <AltitudeMeters>842.6</AltitudeMeters>
          <DistanceMeters>75580.0</DistanceMeters>
        </Trackpoint>
        <Trackpoint>
          <Time>2027-05-09T12:02:32Z</Time>
          <Position>
            <LatitudeDegrees>42.3649300</LatitudeDegrees>
            <LongitudeDegrees>-4.9574200</LongitudeDegrees>
          </Position>
          <AltitudeMeters>844.0</AltitudeMeters>
          <DistanceMeters>75635.9</DistanceMeters>
        </Trackpoint>
        <Trackpoint>
          <Time>2027-05-09T12:02:45Z</Time>
          <Position>
            <LatitudeDegrees>42.3649300</LatitudeDegrees>
            <LongitudeDegrees>-4.9580900</LongitudeDegrees>
          </Position>
          <AltitudeMeters>845.4</AltitudeMeters>
          <DistanceMeters>75691.0</DistanceMeters>
        </Trackpoint>
        <Trackpoint>
          <Time>2027-05-09T12:02:59Z</Time>
          <Position>
            <LatitudeDegrees>42.3649400</LatitudeDegrees>
            <LongitudeDegrees>-4.9587700</LongitudeDegrees>
          </Position>
          <AltitudeMeters>846.6</AltitudeMeters>
          <DistanceMeters>75746.8</DistanceMeters>
        </Trackpoint>
        <Trackpoint>
          <Time>2027-05-09T12:03:12Z</Time>
          <Position>
            <LatitudeDegrees>42.3649400</LatitudeDegrees>
            <LongitudeDegrees>-4.9594500</LongitudeDegrees>
          </Position>
          <AltitudeMeters>847.8</AltitudeMeters>
          <DistanceMeters>75802.7</DistanceMeters>
        </Trackpoint>
        <Trackpoint>
          <Time>2027-05-09T12:03:24Z</Time>
          <Position>
            <LatitudeDegrees>42.3649800</LatitudeDegrees>
            <LongitudeDegrees>-4.9600600</LongitudeDegrees>
          </Position>
          <AltitudeMeters>848.6</AltitudeMeters>
          <DistanceMeters>75853.0</DistanceMeters>
        </Trackpoint>
        <Trackpoint>
          <Time>2027-05-09T12:03:36Z</Time>
          <Position>
            <LatitudeDegrees>42.3650300</LatitudeDegrees>
            <LongitudeDegrees>-4.9606700</LongitudeDegrees>
          </Position>
          <AltitudeMeters>849.1</AltitudeMeters>
          <DistanceMeters>75903.4</DistanceMeters>
        </Trackpoint>
        <Trackpoint>
          <Time>2027-05-09T12:03:48Z</Time>
          <Position>
            <LatitudeDegrees>42.3650700</LatitudeDegrees>
            <LongitudeDegrees>-4.9612800</LongitudeDegrees>
          </Position>
          <AltitudeMeters>849.5</AltitudeMeters>
          <DistanceMeters>75953.8</DistanceMeters>
        </Trackpoint>
        <Trackpoint>
          <Time>2027-05-09T12:04:00Z</Time>
          <Position>
            <LatitudeDegrees>42.3651100</LatitudeDegrees>
            <LongitudeDegrees>-4.9618900</LongitudeDegrees>
          </Position>
          <AltitudeMeters>849.9</AltitudeMeters>
          <DistanceMeters>76004.1</DistanceMeters>
        </Trackpoint>
        <Trackpoint>
          <Time>2027-05-09T12:04:13Z</Time>
          <Position>
            <LatitudeDegrees>42.3651500</LatitudeDegrees>
            <LongitudeDegrees>-4.9625000</LongitudeDegrees>
          </Position>
          <AltitudeMeters>850.3</AltitudeMeters>
          <DistanceMeters>76054.4</DistanceMeters>
        </Trackpoint>
        <Trackpoint>
          <Time>2027-05-09T12:04:25Z</Time>
          <Position>
            <LatitudeDegrees>42.3652000</LatitudeDegrees>
            <LongitudeDegrees>-4.9631100</LongitudeDegrees>
          </Position>
          <AltitudeMeters>850.8</AltitudeMeters>
          <DistanceMeters>76104.8</DistanceMeters>
        </Trackpoint>
        <Trackpoint>
          <Time>2027-05-09T12:04:37Z</Time>
          <Position>
            <LatitudeDegrees>42.3652400</LatitudeDegrees>
            <LongitudeDegrees>-4.9637200</LongitudeDegrees>
          </Position>
          <AltitudeMeters>851.2</AltitudeMeters>
          <DistanceMeters>76155.1</DistanceMeters>
        </Trackpoint>
        <Trackpoint>
          <Time>2027-05-09T12:04:49Z</Time>
          <Position>
            <LatitudeDegrees>42.3652800</LatitudeDegrees>
            <LongitudeDegrees>-4.9643300</LongitudeDegrees>
          </Position>
          <AltitudeMeters>851.9</AltitudeMeters>
          <DistanceMeters>76205.4</DistanceMeters>
        </Trackpoint>
        <Trackpoint>
          <Time>2027-05-09T12:05:01Z</Time>
          <Position>
            <LatitudeDegrees>42.3653300</LatitudeDegrees>
            <LongitudeDegrees>-4.9649400</LongitudeDegrees>
          </Position>
          <AltitudeMeters>852.5</AltitudeMeters>
          <DistanceMeters>76255.9</DistanceMeters>
        </Trackpoint>
        <Trackpoint>
          <Time>2027-05-09T12:05:13Z</Time>
          <Position>
            <LatitudeDegrees>42.3653700</LatitudeDegrees>
            <LongitudeDegrees>-4.9655500</LongitudeDegrees>
          </Position>
          <AltitudeMeters>853.1</AltitudeMeters>
          <DistanceMeters>76306.2</DistanceMeters>
        </Trackpoint>
        <Trackpoint>
          <Time>2027-05-09T12:05:25Z</Time>
          <Position>
            <LatitudeDegrees>42.3654100</LatitudeDegrees>
            <LongitudeDegrees>-4.9661700</LongitudeDegrees>
          </Position>
          <AltitudeMeters>853.8</AltitudeMeters>
          <DistanceMeters>76357.3</DistanceMeters>
        </Trackpoint>
        <Trackpoint>
          <Time>2027-05-09T12:05:37Z</Time>
          <Position>
            <LatitudeDegrees>42.3654500</LatitudeDegrees>
            <LongitudeDegrees>-4.9667800</LongitudeDegrees>
          </Position>
          <AltitudeMeters>854.8</AltitudeMeters>
          <DistanceMeters>76407.6</DistanceMeters>
        </Trackpoint>
        <Trackpoint>
          <Time>2027-05-09T12:05:49Z</Time>
          <Position>
            <LatitudeDegrees>42.3655000</LatitudeDegrees>
            <LongitudeDegrees>-4.9673900</LongitudeDegrees>
          </Position>
          <AltitudeMeters>855.8</AltitudeMeters>
          <DistanceMeters>76458.0</DistanceMeters>
        </Trackpoint>
        <Trackpoint>
          <Time>2027-05-09T12:06:02Z</Time>
          <Position>
            <LatitudeDegrees>42.3655400</LatitudeDegrees>
            <LongitudeDegrees>-4.9680000</LongitudeDegrees>
          </Position>
          <AltitudeMeters>857.0</AltitudeMeters>
          <DistanceMeters>76508.4</DistanceMeters>
        </Trackpoint>
        <Trackpoint>
          <Time>2027-05-09T12:06:14Z</Time>
          <Position>
            <LatitudeDegrees>42.3655800</LatitudeDegrees>
            <LongitudeDegrees>-4.9686100</LongitudeDegrees>
          </Position>
          <AltitudeMeters>858.3</AltitudeMeters>
          <DistanceMeters>76558.7</DistanceMeters>
        </Trackpoint>
        <Trackpoint>
          <Time>2027-05-09T12:06:26Z</Time>
          <Position>
            <LatitudeDegrees>42.3656300</LatitudeDegrees>
            <LongitudeDegrees>-4.9692200</LongitudeDegrees>
          </Position>
          <AltitudeMeters>859.6</AltitudeMeters>
          <DistanceMeters>76609.1</DistanceMeters>
        </Trackpoint>
        <Trackpoint>
          <Time>2027-05-09T12:06:38Z</Time>
          <Position>
            <LatitudeDegrees>42.3656700</LatitudeDegrees>
            <LongitudeDegrees>-4.9698300</LongitudeDegrees>
          </Position>
          <AltitudeMeters>860.7</AltitudeMeters>
          <DistanceMeters>76659.4</DistanceMeters>
        </Trackpoint>
        <Trackpoint>
          <Time>2027-05-09T12:06:50Z</Time>
          <Position>
            <LatitudeDegrees>42.3657100</LatitudeDegrees>
            <LongitudeDegrees>-4.9704400</LongitudeDegrees>
          </Position>
          <AltitudeMeters>861.5</AltitudeMeters>
          <DistanceMeters>76709.7</DistanceMeters>
        </Trackpoint>
        <Trackpoint>
          <Time>2027-05-09T12:07:02Z</Time>
          <Position>
            <LatitudeDegrees>42.3657500</LatitudeDegrees>
            <LongitudeDegrees>-4.9710500</LongitudeDegrees>
          </Position>
          <AltitudeMeters>862.1</AltitudeMeters>
          <DistanceMeters>76760.0</DistanceMeters>
        </Trackpoint>
        <Trackpoint>
          <Time>2027-05-09T12:07:14Z</Time>
          <Position>
            <LatitudeDegrees>42.3658000</LatitudeDegrees>
            <LongitudeDegrees>-4.9716600</LongitudeDegrees>
          </Position>
          <AltitudeMeters>862.4</AltitudeMeters>
          <DistanceMeters>76810.5</DistanceMeters>
        </Trackpoint>
        <Trackpoint>
          <Time>2027-05-09T12:07:26Z</Time>
          <Position>
            <LatitudeDegrees>42.3658400</LatitudeDegrees>
            <LongitudeDegrees>-4.9722700</LongitudeDegrees>
          </Position>
          <AltitudeMeters>862.7</AltitudeMeters>
          <DistanceMeters>76860.8</DistanceMeters>
        </Trackpoint>
        <Trackpoint>
          <Time>2027-05-09T12:07:35Z</Time>
          <Position>
            <LatitudeDegrees>42.3658100</LatitudeDegrees>
            <LongitudeDegrees>-4.9727100</LongitudeDegrees>
          </Position>
          <AltitudeMeters>863.0</AltitudeMeters>
          <DistanceMeters>76897.1</DistanceMeters>
        </Trackpoint>
        <Trackpoint>
          <Time>2027-05-09T12:07:45Z</Time>
          <Position>
            <LatitudeDegrees>42.3654300</LatitudeDegrees>
            <LongitudeDegrees>-4.9728800</LongitudeDegrees>
          </Position>
          <AltitudeMeters>862.9</AltitudeMeters>
          <DistanceMeters>76941.6</DistanceMeters>
        </Trackpoint>
        <Trackpoint>
          <Time>2027-05-09T12:07:55Z</Time>
          <Position>
            <LatitudeDegrees>42.3652300</LatitudeDegrees>
            <LongitudeDegrees>-4.9732700</LongitudeDegrees>
          </Position>
          <AltitudeMeters>862.1</AltitudeMeters>
          <DistanceMeters>76980.6</DistanceMeters>
        </Trackpoint>
        <Trackpoint>
          <Time>2027-05-09T12:08:05Z</Time>
          <Position>
            <LatitudeDegrees>42.3652200</LatitudeDegrees>
            <LongitudeDegrees>-4.9737600</LongitudeDegrees>
          </Position>
          <AltitudeMeters>860.7</AltitudeMeters>
          <DistanceMeters>77020.8</DistanceMeters>
        </Trackpoint>
        <Trackpoint>
          <Time>2027-05-09T12:08:18Z</Time>
          <Position>
            <LatitudeDegrees>42.3654900</LatitudeDegrees>
            <LongitudeDegrees>-4.9743500</LongitudeDegrees>
          </Position>
          <AltitudeMeters>859.0</AltitudeMeters>
          <DistanceMeters>77077.9</DistanceMeters>
        </Trackpoint>
        <Trackpoint>
          <Time>2027-05-09T12:08:33Z</Time>
          <Position>
            <LatitudeDegrees>42.3655200</LatitudeDegrees>
            <LongitudeDegrees>-4.9751200</LongitudeDegrees>
          </Position>
          <AltitudeMeters>856.8</AltitudeMeters>
          <DistanceMeters>77141.2</DistanceMeters>
        </Trackpoint>
        <Trackpoint>
          <Time>2027-05-09T12:08:40Z</Time>
          <Position>
            <LatitudeDegrees>42.3654500</LatitudeDegrees>
            <LongitudeDegrees>-4.9754400</LongitudeDegrees>
          </Position>
          <AltitudeMeters>854.7</AltitudeMeters>
          <DistanceMeters>77168.6</DistanceMeters>
        </Trackpoint>
        <Trackpoint>
          <Time>2027-05-09T12:09:00Z</Time>
          <Position>
            <LatitudeDegrees>42.3650300</LatitudeDegrees>
            <LongitudeDegrees>-4.9763100</LongitudeDegrees>
          </Position>
          <AltitudeMeters>853.2</AltitudeMeters>
          <DistanceMeters>77254.0</DistanceMeters>
        </Trackpoint>
        <Trackpoint>
          <Time>2027-05-09T12:09:12Z</Time>
          <Position>
            <LatitudeDegrees>42.3648700</LatitudeDegrees>
            <LongitudeDegrees>-4.9768800</LongitudeDegrees>
          </Position>
          <AltitudeMeters>851.9</AltitudeMeters>
          <DistanceMeters>77304.1</DistanceMeters>
        </Trackpoint>
        <Trackpoint>
          <Time>2027-05-09T12:09:23Z</Time>
          <Position>
            <LatitudeDegrees>42.3648100</LatitudeDegrees>
            <LongitudeDegrees>-4.9774100</LongitudeDegrees>
          </Position>
          <AltitudeMeters>850.3</AltitudeMeters>
          <DistanceMeters>77348.2</DistanceMeters>
        </Trackpoint>
        <Trackpoint>
          <Time>2027-05-09T12:09:31Z</Time>
          <Position>
            <LatitudeDegrees>42.3648400</LatitudeDegrees>
            <LongitudeDegrees>-4.9777900</LongitudeDegrees>
          </Position>
          <AltitudeMeters>849.0</AltitudeMeters>
          <DistanceMeters>77379.6</DistanceMeters>
        </Trackpoint>
        <Trackpoint>
          <Time>2027-05-09T12:09:41Z</Time>
          <Position>
            <LatitudeDegrees>42.3649900</LatitudeDegrees>
            <LongitudeDegrees>-4.9782600</LongitudeDegrees>
          </Position>
          <AltitudeMeters>847.9</AltitudeMeters>
          <DistanceMeters>77421.6</DistanceMeters>
        </Trackpoint>
        <Trackpoint>
          <Time>2027-05-09T12:09:51Z</Time>
          <Position>
            <LatitudeDegrees>42.3652300</LatitudeDegrees>
            <LongitudeDegrees>-4.9786400</LongitudeDegrees>
          </Position>
          <AltitudeMeters>846.8</AltitudeMeters>
          <DistanceMeters>77462.7</DistanceMeters>
        </Trackpoint>
        <Trackpoint>
          <Time>2027-05-09T12:10:01Z</Time>
          <Position>
            <LatitudeDegrees>42.3655500</LatitudeDegrees>
            <LongitudeDegrees>-4.9789800</LongitudeDegrees>
          </Position>
          <AltitudeMeters>846.0</AltitudeMeters>
          <DistanceMeters>77507.9</DistanceMeters>
        </Trackpoint>
        <Trackpoint>
          <Time>2027-05-09T12:10:16Z</Time>
          <Position>
            <LatitudeDegrees>42.3655200</LatitudeDegrees>
            <LongitudeDegrees>-4.9797300</LongitudeDegrees>
          </Position>
          <AltitudeMeters>845.3</AltitudeMeters>
          <DistanceMeters>77569.6</DistanceMeters>
        </Trackpoint>
        <Trackpoint>
          <Time>2027-05-09T12:10:31Z</Time>
          <Position>
            <LatitudeDegrees>42.3655000</LatitudeDegrees>
            <LongitudeDegrees>-4.9804800</LongitudeDegrees>
          </Position>
          <AltitudeMeters>844.1</AltitudeMeters>
          <DistanceMeters>77631.3</DistanceMeters>
        </Trackpoint>
        <Trackpoint>
          <Time>2027-05-09T12:10:46Z</Time>
          <Position>
            <LatitudeDegrees>42.3654700</LatitudeDegrees>
            <LongitudeDegrees>-4.9812300</LongitudeDegrees>
          </Position>
          <AltitudeMeters>842.3</AltitudeMeters>
          <DistanceMeters>77693.0</DistanceMeters>
        </Trackpoint>
        <Trackpoint>
          <Time>2027-05-09T12:11:01Z</Time>
          <Position>
            <LatitudeDegrees>42.3654400</LatitudeDegrees>
            <LongitudeDegrees>-4.9819800</LongitudeDegrees>
          </Position>
          <AltitudeMeters>840.2</AltitudeMeters>
          <DistanceMeters>77754.7</DistanceMeters>
        </Trackpoint>
        <Trackpoint>
          <Time>2027-05-09T12:11:13Z</Time>
          <Position>
            <LatitudeDegrees>42.3655000</LatitudeDegrees>
            <LongitudeDegrees>-4.9825900</LongitudeDegrees>
          </Position>
          <AltitudeMeters>838.0</AltitudeMeters>
          <DistanceMeters>77805.3</DistanceMeters>
        </Trackpoint>
        <Trackpoint>
          <Time>2027-05-09T12:11:25Z</Time>
          <Position>
            <LatitudeDegrees>42.3655700</LatitudeDegrees>
            <LongitudeDegrees>-4.9832000</LongitudeDegrees>
          </Position>
          <AltitudeMeters>835.9</AltitudeMeters>
          <DistanceMeters>77856.0</DistanceMeters>
        </Trackpoint>
        <Trackpoint>
          <Time>2027-05-09T12:11:37Z</Time>
          <Position>
            <LatitudeDegrees>42.3656300</LatitudeDegrees>
            <LongitudeDegrees>-4.9838100</LongitudeDegrees>
          </Position>
          <AltitudeMeters>834.2</AltitudeMeters>
          <DistanceMeters>77906.5</DistanceMeters>
        </Trackpoint>
        <Trackpoint>
          <Time>2027-05-09T12:11:49Z</Time>
          <Position>
            <LatitudeDegrees>42.3656900</LatitudeDegrees>
            <LongitudeDegrees>-4.9844200</LongitudeDegrees>
          </Position>
          <AltitudeMeters>832.7</AltitudeMeters>
          <DistanceMeters>77957.1</DistanceMeters>
        </Trackpoint>
        <Trackpoint>
          <Time>2027-05-09T12:12:01Z</Time>
          <Position>
            <LatitudeDegrees>42.3657600</LatitudeDegrees>
            <LongitudeDegrees>-4.9850300</LongitudeDegrees>
          </Position>
          <AltitudeMeters>831.3</AltitudeMeters>
          <DistanceMeters>78007.8</DistanceMeters>
        </Trackpoint>
        <Trackpoint>
          <Time>2027-05-09T12:12:14Z</Time>
          <Position>
            <LatitudeDegrees>42.3658200</LatitudeDegrees>
            <LongitudeDegrees>-4.9856400</LongitudeDegrees>
          </Position>
          <AltitudeMeters>829.9</AltitudeMeters>
          <DistanceMeters>78058.4</DistanceMeters>
        </Trackpoint>
        <Trackpoint>
          <Time>2027-05-09T12:12:26Z</Time>
          <Position>
            <LatitudeDegrees>42.3658800</LatitudeDegrees>
            <LongitudeDegrees>-4.9862500</LongitudeDegrees>
          </Position>
          <AltitudeMeters>828.8</AltitudeMeters>
          <DistanceMeters>78108.9</DistanceMeters>
        </Trackpoint>
        <Trackpoint>
          <Time>2027-05-09T12:12:38Z</Time>
          <Position>
            <LatitudeDegrees>42.3659500</LatitudeDegrees>
            <LongitudeDegrees>-4.9868600</LongitudeDegrees>
          </Position>
          <AltitudeMeters>828.1</AltitudeMeters>
          <DistanceMeters>78159.7</DistanceMeters>
        </Trackpoint>
        <Trackpoint>
          <Time>2027-05-09T12:12:50Z</Time>
          <Position>
            <LatitudeDegrees>42.3660100</LatitudeDegrees>
            <LongitudeDegrees>-4.9874700</LongitudeDegrees>
          </Position>
          <AltitudeMeters>827.7</AltitudeMeters>
          <DistanceMeters>78210.2</DistanceMeters>
        </Trackpoint>
        <Trackpoint>
          <Time>2027-05-09T12:13:02Z</Time>
          <Position>
            <LatitudeDegrees>42.3660700</LatitudeDegrees>
            <LongitudeDegrees>-4.9880800</LongitudeDegrees>
          </Position>
          <AltitudeMeters>827.7</AltitudeMeters>
          <DistanceMeters>78260.8</DistanceMeters>
        </Trackpoint>
        <Trackpoint>
          <Time>2027-05-09T12:13:14Z</Time>
          <Position>
            <LatitudeDegrees>42.3661400</LatitudeDegrees>
            <LongitudeDegrees>-4.9886900</LongitudeDegrees>
          </Position>
          <AltitudeMeters>827.6</AltitudeMeters>
          <DistanceMeters>78311.5</DistanceMeters>
        </Trackpoint>
        <Trackpoint>
          <Time>2027-05-09T12:13:26Z</Time>
          <Position>
            <LatitudeDegrees>42.3662000</LatitudeDegrees>
            <LongitudeDegrees>-4.9892900</LongitudeDegrees>
          </Position>
          <AltitudeMeters>827.2</AltitudeMeters>
          <DistanceMeters>78361.2</DistanceMeters>
        </Trackpoint>
        <Trackpoint>
          <Time>2027-05-09T12:13:38Z</Time>
          <Position>
            <LatitudeDegrees>42.3662700</LatitudeDegrees>
            <LongitudeDegrees>-4.9899000</LongitudeDegrees>
          </Position>
          <AltitudeMeters>826.4</AltitudeMeters>
          <DistanceMeters>78412.0</DistanceMeters>
        </Trackpoint>
        <Trackpoint>
          <Time>2027-05-09T12:13:51Z</Time>
          <Position>
            <LatitudeDegrees>42.3663300</LatitudeDegrees>
            <LongitudeDegrees>-4.9905100</LongitudeDegrees>
          </Position>
          <AltitudeMeters>825.4</AltitudeMeters>
          <DistanceMeters>78462.5</DistanceMeters>
        </Trackpoint>
        <Trackpoint>
          <Time>2027-05-09T12:14:03Z</Time>
          <Position>
            <LatitudeDegrees>42.3663900</LatitudeDegrees>
            <LongitudeDegrees>-4.9911200</LongitudeDegrees>
          </Position>
          <AltitudeMeters>824.0</AltitudeMeters>
          <DistanceMeters>78513.1</DistanceMeters>
        </Trackpoint>
        <Trackpoint>
          <Time>2027-05-09T12:14:15Z</Time>
          <Position>
            <LatitudeDegrees>42.3664600</LatitudeDegrees>
            <LongitudeDegrees>-4.9917300</LongitudeDegrees>
          </Position>
          <AltitudeMeters>822.4</AltitudeMeters>
          <DistanceMeters>78563.8</DistanceMeters>
        </Trackpoint>
        <Trackpoint>
          <Time>2027-05-09T12:14:27Z</Time>
          <Position>
            <LatitudeDegrees>42.3665200</LatitudeDegrees>
            <LongitudeDegrees>-4.9923400</LongitudeDegrees>
          </Position>
          <AltitudeMeters>820.9</AltitudeMeters>
          <DistanceMeters>78614.3</DistanceMeters>
        </Trackpoint>
        <Trackpoint>
          <Time>2027-05-09T12:14:39Z</Time>
          <Position>
            <LatitudeDegrees>42.3665800</LatitudeDegrees>
            <LongitudeDegrees>-4.9929500</LongitudeDegrees>
          </Position>
          <AltitudeMeters>819.3</AltitudeMeters>
          <DistanceMeters>78664.9</DistanceMeters>
        </Trackpoint>
        <Trackpoint>
          <Time>2027-05-09T12:14:51Z</Time>
          <Position>
            <LatitudeDegrees>42.3666500</LatitudeDegrees>
            <LongitudeDegrees>-4.9935600</LongitudeDegrees>
          </Position>
          <AltitudeMeters>817.7</AltitudeMeters>
          <DistanceMeters>78715.6</DistanceMeters>
        </Trackpoint>
        <Trackpoint>
          <Time>2027-05-09T12:15:03Z</Time>
          <Position>
            <LatitudeDegrees>42.3667100</LatitudeDegrees>
            <LongitudeDegrees>-4.9941700</LongitudeDegrees>
          </Position>
          <AltitudeMeters>816.2</AltitudeMeters>
          <DistanceMeters>78766.2</DistanceMeters>
        </Trackpoint>
        <Trackpoint>
          <Time>2027-05-09T12:15:16Z</Time>
          <Position>
            <LatitudeDegrees>42.3667700</LatitudeDegrees>
            <LongitudeDegrees>-4.9947800</LongitudeDegrees>
          </Position>
          <AltitudeMeters>814.7</AltitudeMeters>
          <DistanceMeters>78816.7</DistanceMeters>
        </Trackpoint>
        <Trackpoint>
          <Time>2027-05-09T12:15:28Z</Time>
          <Position>
            <LatitudeDegrees>42.3668400</LatitudeDegrees>
            <LongitudeDegrees>-4.9953900</LongitudeDegrees>
          </Position>
          <AltitudeMeters>813.3</AltitudeMeters>
          <DistanceMeters>78867.4</DistanceMeters>
        </Trackpoint>
        <Trackpoint>
          <Time>2027-05-09T12:15:40Z</Time>
          <Position>
            <LatitudeDegrees>42.3669000</LatitudeDegrees>
            <LongitudeDegrees>-4.9960000</LongitudeDegrees>
          </Position>
          <AltitudeMeters>812.0</AltitudeMeters>
          <DistanceMeters>78918.0</DistanceMeters>
        </Trackpoint>
        <Trackpoint>
          <Time>2027-05-09T12:15:46Z</Time>
          <Position>
            <LatitudeDegrees>42.3668500</LatitudeDegrees>
            <LongitudeDegrees>-4.9963200</LongitudeDegrees>
          </Position>
          <AltitudeMeters>810.8</AltitudeMeters>
          <DistanceMeters>78944.9</DistanceMeters>
        </Trackpoint>
        <Trackpoint>
          <Time>2027-05-09T12:15:58Z</Time>
          <Position>
            <LatitudeDegrees>42.3669100</LatitudeDegrees>
            <LongitudeDegrees>-4.9969300</LongitudeDegrees>
          </Position>
          <AltitudeMeters>810.0</AltitudeMeters>
          <DistanceMeters>78995.4</DistanceMeters>
        </Trackpoint>
        <Trackpoint>
          <Time>2027-05-09T12:16:11Z</Time>
          <Position>
            <LatitudeDegrees>42.3669800</LatitudeDegrees>
            <LongitudeDegrees>-4.9975400</LongitudeDegrees>
          </Position>
          <AltitudeMeters>809.6</AltitudeMeters>
          <DistanceMeters>79046.1</DistanceMeters>
        </Trackpoint>
        <Trackpoint>
          <Time>2027-05-09T12:16:23Z</Time>
          <Position>
            <LatitudeDegrees>42.3670400</LatitudeDegrees>
            <LongitudeDegrees>-4.9981400</LongitudeDegrees>
          </Position>
          <AltitudeMeters>809.3</AltitudeMeters>
          <DistanceMeters>79095.9</DistanceMeters>
        </Trackpoint>
        <Trackpoint>
          <Time>2027-05-09T12:16:35Z</Time>
          <Position>
            <LatitudeDegrees>42.3671100</LatitudeDegrees>
            <LongitudeDegrees>-4.9987500</LongitudeDegrees>
          </Position>
          <AltitudeMeters>809.1</AltitudeMeters>
          <DistanceMeters>79146.6</DistanceMeters>
        </Trackpoint>
        <Trackpoint>
          <Time>2027-05-09T12:16:47Z</Time>
          <Position>
            <LatitudeDegrees>42.3671700</LatitudeDegrees>
            <LongitudeDegrees>-4.9993600</LongitudeDegrees>
          </Position>
          <AltitudeMeters>809.1</AltitudeMeters>
          <DistanceMeters>79197.2</DistanceMeters>
        </Trackpoint>
        <Trackpoint>
          <Time>2027-05-09T12:16:53Z</Time>
          <Position>
            <LatitudeDegrees>42.3672900</LatitudeDegrees>
            <LongitudeDegrees>-4.9996000</LongitudeDegrees>
          </Position>
          <AltitudeMeters>808.9</AltitudeMeters>
          <DistanceMeters>79221.0</DistanceMeters>
        </Trackpoint>
        <Trackpoint>
          <Time>2027-05-09T12:16:54Z</Time>
          <Position>
            <LatitudeDegrees>42.3673500</LatitudeDegrees>
            <LongitudeDegrees>-4.9995800</LongitudeDegrees>
          </Position>
          <AltitudeMeters>808.7</AltitudeMeters>
          <DistanceMeters>79227.8</DistanceMeters>
        </Trackpoint>
        <Trackpoint>
          <Time>2027-05-09T12:17:02Z</Time>
          <Position>
            <LatitudeDegrees>42.3673900</LatitudeDegrees>
            <LongitudeDegrees>-4.9999800</LongitudeDegrees>
          </Position>
          <AltitudeMeters>808.5</AltitudeMeters>
          <DistanceMeters>79261.0</DistanceMeters>
        </Trackpoint>
        <Trackpoint>
          <Time>2027-05-09T12:17:15Z</Time>
          <Position>
            <LatitudeDegrees>42.3678600</LatitudeDegrees>
            <LongitudeDegrees>-4.9999100</LongitudeDegrees>
          </Position>
          <AltitudeMeters>808.7</AltitudeMeters>
          <DistanceMeters>79313.6</DistanceMeters>
        </Trackpoint>
        <Trackpoint>
          <Time>2027-05-09T12:17:27Z</Time>
          <Position>
            <LatitudeDegrees>42.3683300</LatitudeDegrees>
            <LongitudeDegrees>-4.9998300</LongitudeDegrees>
          </Position>
          <AltitudeMeters>809.1</AltitudeMeters>
          <DistanceMeters>79366.3</DistanceMeters>
        </Trackpoint>
        <Trackpoint>
          <Time>2027-05-09T12:17:40Z</Time>
          <Position>
            <LatitudeDegrees>42.3688000</LatitudeDegrees>
            <LongitudeDegrees>-4.9997600</LongitudeDegrees>
          </Position>
          <AltitudeMeters>809.8</AltitudeMeters>
          <DistanceMeters>79418.8</DistanceMeters>
        </Trackpoint>
        <Trackpoint>
          <Time>2027-05-09T12:17:53Z</Time>
          <Position>
            <LatitudeDegrees>42.3692700</LatitudeDegrees>
            <LongitudeDegrees>-4.9996800</LongitudeDegrees>
          </Position>
          <AltitudeMeters>810.4</AltitudeMeters>
          <DistanceMeters>79471.5</DistanceMeters>
        </Trackpoint>
        <Trackpoint>
          <Time>2027-05-09T12:18:05Z</Time>
          <Position>
            <LatitudeDegrees>42.3697400</LatitudeDegrees>
            <LongitudeDegrees>-4.9996100</LongitudeDegrees>
          </Position>
          <AltitudeMeters>811.2</AltitudeMeters>
          <DistanceMeters>79524.1</DistanceMeters>
        </Trackpoint>
        <Trackpoint>
          <Time>2027-05-09T12:18:18Z</Time>
          <Position>
            <LatitudeDegrees>42.3702100</LatitudeDegrees>
            <LongitudeDegrees>-4.9995300</LongitudeDegrees>
          </Position>
          <AltitudeMeters>812.4</AltitudeMeters>
          <DistanceMeters>79576.8</DistanceMeters>
        </Trackpoint>
        <Trackpoint>
          <Time>2027-05-09T12:18:25Z</Time>
          <Position>
            <LatitudeDegrees>42.3704600</LatitudeDegrees>
            <LongitudeDegrees>-4.9994400</LongitudeDegrees>
          </Position>
          <AltitudeMeters>813.3</AltitudeMeters>
          <DistanceMeters>79605.5</DistanceMeters>
        </Trackpoint>
        <Trackpoint>
          <Time>2027-05-09T12:18:33Z</Time>
          <Position>
            <LatitudeDegrees>42.3706200</LatitudeDegrees>
            <LongitudeDegrees>-4.9997700</LongitudeDegrees>
          </Position>
          <AltitudeMeters>813.7</AltitudeMeters>
          <DistanceMeters>79637.9</DistanceMeters>
        </Trackpoint>
        <Trackpoint>
          <Time>2027-05-09T12:18:40Z</Time>
          <Position>
            <LatitudeDegrees>42.3705400</LatitudeDegrees>
            <LongitudeDegrees>-5.0001500</LongitudeDegrees>
          </Position>
          <AltitudeMeters>813.8</AltitudeMeters>
          <DistanceMeters>79670.4</DistanceMeters>
        </Trackpoint>
        <Trackpoint>
          <Time>2027-05-09T12:18:53Z</Time>
          <Position>
            <LatitudeDegrees>42.3702000</LatitudeDegrees>
            <LongitudeDegrees>-5.0006100</LongitudeDegrees>
          </Position>
          <AltitudeMeters>813.6</AltitudeMeters>
          <DistanceMeters>79723.9</DistanceMeters>
        </Trackpoint>
        <Trackpoint>
          <Time>2027-05-09T12:19:06Z</Time>
          <Position>
            <LatitudeDegrees>42.3698500</LatitudeDegrees>
            <LongitudeDegrees>-5.0010600</LongitudeDegrees>
          </Position>
          <AltitudeMeters>812.5</AltitudeMeters>
          <DistanceMeters>79777.5</DistanceMeters>
        </Trackpoint>
        <Trackpoint>
          <Time>2027-05-09T12:19:13Z</Time>
          <Position>
            <LatitudeDegrees>42.3697300</LatitudeDegrees>
            <LongitudeDegrees>-5.0013500</LongitudeDegrees>
          </Position>
          <AltitudeMeters>811.2</AltitudeMeters>
          <DistanceMeters>79804.8</DistanceMeters>
        </Trackpoint>
        <Trackpoint>
          <Time>2027-05-09T12:19:34Z</Time>
          <Position>
            <LatitudeDegrees>42.3695100</LatitudeDegrees>
            <LongitudeDegrees>-5.0024100</LongitudeDegrees>
          </Position>
          <AltitudeMeters>810.3</AltitudeMeters>
          <DistanceMeters>79895.3</DistanceMeters>
        </Trackpoint>
        <Trackpoint>
          <Time>2027-05-09T12:19:47Z</Time>
          <Position>
            <LatitudeDegrees>42.3695000</LatitudeDegrees>
            <LongitudeDegrees>-5.0030600</LongitudeDegrees>
          </Position>
          <AltitudeMeters>809.8</AltitudeMeters>
          <DistanceMeters>79948.7</DistanceMeters>
        </Trackpoint>
        <Trackpoint>
          <Time>2027-05-09T12:20:00Z</Time>
          <Position>
            <LatitudeDegrees>42.3694900</LatitudeDegrees>
            <LongitudeDegrees>-5.0037000</LongitudeDegrees>
          </Position>
          <AltitudeMeters>809.6</AltitudeMeters>
          <DistanceMeters>80001.3</DistanceMeters>
        </Trackpoint>
        <Trackpoint>
          <Time>2027-05-09T12:20:13Z</Time>
          <Position>
            <LatitudeDegrees>42.3694800</LatitudeDegrees>
            <LongitudeDegrees>-5.0043500</LongitudeDegrees>
          </Position>
          <AltitudeMeters>809.7</AltitudeMeters>
          <DistanceMeters>80054.7</DistanceMeters>
        </Trackpoint>
        <Trackpoint>
          <Time>2027-05-09T12:20:25Z</Time>
          <Position>
            <LatitudeDegrees>42.3694700</LatitudeDegrees>
            <LongitudeDegrees>-5.0050000</LongitudeDegrees>
          </Position>
          <AltitudeMeters>810.1</AltitudeMeters>
          <DistanceMeters>80108.1</DistanceMeters>
        </Trackpoint>
        <Trackpoint>
          <Time>2027-05-09T12:20:38Z</Time>
          <Position>
            <LatitudeDegrees>42.3694600</LatitudeDegrees>
            <LongitudeDegrees>-5.0056400</LongitudeDegrees>
          </Position>
          <AltitudeMeters>810.6</AltitudeMeters>
          <DistanceMeters>80160.7</DistanceMeters>
        </Trackpoint>
        <Trackpoint>
          <Time>2027-05-09T12:20:51Z</Time>
          <Position>
            <LatitudeDegrees>42.3694500</LatitudeDegrees>
            <LongitudeDegrees>-5.0062900</LongitudeDegrees>
          </Position>
          <AltitudeMeters>811.2</AltitudeMeters>
          <DistanceMeters>80214.1</DistanceMeters>
        </Trackpoint>
        <Trackpoint>
          <Time>2027-05-09T12:21:06Z</Time>
          <Position>
            <LatitudeDegrees>42.3695500</LatitudeDegrees>
            <LongitudeDegrees>-5.0070400</LongitudeDegrees>
          </Position>
          <AltitudeMeters>811.8</AltitudeMeters>
          <DistanceMeters>80276.7</DistanceMeters>
        </Trackpoint>
        <Trackpoint>
          <Time>2027-05-09T12:21:21Z</Time>
          <Position>
            <LatitudeDegrees>42.3696600</LatitudeDegrees>
            <LongitudeDegrees>-5.0077900</LongitudeDegrees>
          </Position>
          <AltitudeMeters>812.7</AltitudeMeters>
          <DistanceMeters>80339.5</DistanceMeters>
        </Trackpoint>
        <Trackpoint>
          <Time>2027-05-09T12:21:36Z</Time>
          <Position>
            <LatitudeDegrees>42.3697600</LatitudeDegrees>
            <LongitudeDegrees>-5.0085400</LongitudeDegrees>
          </Position>
          <AltitudeMeters>813.7</AltitudeMeters>
          <DistanceMeters>80402.2</DistanceMeters>
        </Trackpoint>
        <Trackpoint>
          <Time>2027-05-09T12:21:50Z</Time>
          <Position>
            <LatitudeDegrees>42.3698000</LatitudeDegrees>
            <LongitudeDegrees>-5.0092500</LongitudeDegrees>
          </Position>
          <AltitudeMeters>815.0</AltitudeMeters>
          <DistanceMeters>80460.7</DistanceMeters>
        </Trackpoint>
        <Trackpoint>
          <Time>2027-05-09T12:22:04Z</Time>
          <Position>
            <LatitudeDegrees>42.3698500</LatitudeDegrees>
            <LongitudeDegrees>-5.0099500</LongitudeDegrees>
          </Position>
          <AltitudeMeters>816.4</AltitudeMeters>
          <DistanceMeters>80518.4</DistanceMeters>
        </Trackpoint>
        <Trackpoint>
          <Time>2027-05-09T12:22:18Z</Time>
          <Position>
            <LatitudeDegrees>42.3698900</LatitudeDegrees>
            <LongitudeDegrees>-5.0106600</LongitudeDegrees>
          </Position>
          <AltitudeMeters>817.7</AltitudeMeters>
          <DistanceMeters>80576.9</DistanceMeters>
        </Trackpoint>
        <Trackpoint>
          <Time>2027-05-09T12:22:32Z</Time>
          <Position>
            <LatitudeDegrees>42.3699400</LatitudeDegrees>
            <LongitudeDegrees>-5.0113600</LongitudeDegrees>
          </Position>
          <AltitudeMeters>818.7</AltitudeMeters>
          <DistanceMeters>80634.7</DistanceMeters>
        </Trackpoint>
        <Trackpoint>
          <Time>2027-05-09T12:22:46Z</Time>
          <Position>
            <LatitudeDegrees>42.3699800</LatitudeDegrees>
            <LongitudeDegrees>-5.0120700</LongitudeDegrees>
          </Position>
          <AltitudeMeters>819.5</AltitudeMeters>
          <DistanceMeters>80693.2</DistanceMeters>
        </Trackpoint>
        <Trackpoint>
          <Time>2027-05-09T12:23:01Z</Time>
          <Position>
            <LatitudeDegrees>42.3702900</LatitudeDegrees>
            <LongitudeDegrees>-5.0127100</LongitudeDegrees>
          </Position>
          <AltitudeMeters>819.9</AltitudeMeters>
          <DistanceMeters>80756.1</DistanceMeters>
        </Trackpoint>
        <Trackpoint>
          <Time>2027-05-09T12:23:11Z</Time>
          <Position>
            <LatitudeDegrees>42.3700400</LatitudeDegrees>
            <LongitudeDegrees>-5.0130900</LongitudeDegrees>
          </Position>
          <AltitudeMeters>820.3</AltitudeMeters>
          <DistanceMeters>80797.9</DistanceMeters>
        </Trackpoint>
        <Trackpoint>
          <Time>2027-05-09T12:23:34Z</Time>
          <Position>
            <LatitudeDegrees>42.3701400</LatitudeDegrees>
            <LongitudeDegrees>-5.0142600</LongitudeDegrees>
          </Position>
          <AltitudeMeters>820.5</AltitudeMeters>
          <DistanceMeters>80894.6</DistanceMeters>
        </Trackpoint>
        <Trackpoint>
          <Time>2027-05-09T12:23:50Z</Time>
          <Position>
            <LatitudeDegrees>42.3700700</LatitudeDegrees>
            <LongitudeDegrees>-5.0150400</LongitudeDegrees>
          </Position>
          <AltitudeMeters>820.7</AltitudeMeters>
          <DistanceMeters>80959.2</DistanceMeters>
        </Trackpoint>
        <Trackpoint>
          <Time>2027-05-09T12:24:05Z</Time>
          <Position>
            <LatitudeDegrees>42.3699900</LatitudeDegrees>
            <LongitudeDegrees>-5.0158100</LongitudeDegrees>
          </Position>
          <AltitudeMeters>821.2</AltitudeMeters>
          <DistanceMeters>81023.1</DistanceMeters>
        </Trackpoint>
        <Trackpoint>
          <Time>2027-05-09T12:24:20Z</Time>
          <Position>
            <LatitudeDegrees>42.3700000</LatitudeDegrees>
            <LongitudeDegrees>-5.0165600</LongitudeDegrees>
          </Position>
          <AltitudeMeters>821.7</AltitudeMeters>
          <DistanceMeters>81084.7</DistanceMeters>
        </Trackpoint>
        <Trackpoint>
          <Time>2027-05-09T12:24:35Z</Time>
          <Position>
            <LatitudeDegrees>42.3700200</LatitudeDegrees>
            <LongitudeDegrees>-5.0173100</LongitudeDegrees>
          </Position>
          <AltitudeMeters>822.4</AltitudeMeters>
          <DistanceMeters>81146.3</DistanceMeters>
        </Trackpoint>
        <Trackpoint>
          <Time>2027-05-09T12:24:49Z</Time>
          <Position>
            <LatitudeDegrees>42.3700300</LatitudeDegrees>
            <LongitudeDegrees>-5.0180600</LongitudeDegrees>
          </Position>
          <AltitudeMeters>823.3</AltitudeMeters>
          <DistanceMeters>81208.0</DistanceMeters>
        </Trackpoint>
        <Trackpoint>
          <Time>2027-05-09T12:25:02Z</Time>
          <Position>
            <LatitudeDegrees>42.3700600</LatitudeDegrees>
            <LongitudeDegrees>-5.0187000</LongitudeDegrees>
          </Position>
          <AltitudeMeters>824.4</AltitudeMeters>
          <DistanceMeters>81260.6</DistanceMeters>
        </Trackpoint>
        <Trackpoint>
          <Time>2027-05-09T12:25:15Z</Time>
          <Position>
            <LatitudeDegrees>42.3700900</LatitudeDegrees>
            <LongitudeDegrees>-5.0193400</LongitudeDegrees>
          </Position>
          <AltitudeMeters>825.4</AltitudeMeters>
          <DistanceMeters>81313.3</DistanceMeters>
        </Trackpoint>
        <Trackpoint>
          <Time>2027-05-09T12:25:28Z</Time>
          <Position>
            <LatitudeDegrees>42.3701200</LatitudeDegrees>
            <LongitudeDegrees>-5.0199900</LongitudeDegrees>
          </Position>
          <AltitudeMeters>826.5</AltitudeMeters>
          <DistanceMeters>81366.8</DistanceMeters>
        </Trackpoint>
        <Trackpoint>
          <Time>2027-05-09T12:25:40Z</Time>
          <Position>
            <LatitudeDegrees>42.3701500</LatitudeDegrees>
            <LongitudeDegrees>-5.0206300</LongitudeDegrees>
          </Position>
          <AltitudeMeters>827.7</AltitudeMeters>
          <DistanceMeters>81419.5</DistanceMeters>
        </Trackpoint>
        <Trackpoint>
          <Time>2027-05-09T12:25:53Z</Time>
          <Position>
            <LatitudeDegrees>42.3701800</LatitudeDegrees>
            <LongitudeDegrees>-5.0212700</LongitudeDegrees>
          </Position>
          <AltitudeMeters>828.9</AltitudeMeters>
          <DistanceMeters>81472.2</DistanceMeters>
        </Trackpoint>
        <Trackpoint>
          <Time>2027-05-09T12:26:05Z</Time>
          <Position>
            <LatitudeDegrees>42.3702100</LatitudeDegrees>
            <LongitudeDegrees>-5.0219100</LongitudeDegrees>
          </Position>
          <AltitudeMeters>830.0</AltitudeMeters>
          <DistanceMeters>81524.9</DistanceMeters>
        </Trackpoint>
        <Trackpoint>
          <Time>2027-05-09T12:26:22Z</Time>
          <Position>
            <LatitudeDegrees>42.3701600</LatitudeDegrees>
            <LongitudeDegrees>-5.0227700</LongitudeDegrees>
          </Position>
          <AltitudeMeters>831.3</AltitudeMeters>
          <DistanceMeters>81595.7</DistanceMeters>
        </Trackpoint>
        <Trackpoint>
          <Time>2027-05-09T12:26:41Z</Time>
          <Position>
            <LatitudeDegrees>42.3705500</LatitudeDegrees>
            <LongitudeDegrees>-5.0235600</LongitudeDegrees>
          </Position>
          <AltitudeMeters>832.7</AltitudeMeters>
          <DistanceMeters>81673.8</DistanceMeters>
        </Trackpoint>
        <Trackpoint>
          <Time>2027-05-09T12:26:54Z</Time>
          <Position>
            <LatitudeDegrees>42.3709600</LatitudeDegrees>
            <LongitudeDegrees>-5.0239000</LongitudeDegrees>
          </Position>
          <AltitudeMeters>833.9</AltitudeMeters>
          <DistanceMeters>81727.3</DistanceMeters>
        </Trackpoint>
        <Trackpoint>
          <Time>2027-05-09T12:27:07Z</Time>
          <Position>
            <LatitudeDegrees>42.3710300</LatitudeDegrees>
            <LongitudeDegrees>-5.0245300</LongitudeDegrees>
          </Position>
          <AltitudeMeters>835.0</AltitudeMeters>
          <DistanceMeters>81779.6</DistanceMeters>
        </Trackpoint>
        <Trackpoint>
          <Time>2027-05-09T12:27:19Z</Time>
          <Position>
            <LatitudeDegrees>42.3711000</LatitudeDegrees>
            <LongitudeDegrees>-5.0251600</LongitudeDegrees>
          </Position>
          <AltitudeMeters>835.7</AltitudeMeters>
          <DistanceMeters>81831.9</DistanceMeters>
        </Trackpoint>
        <Trackpoint>
          <Time>2027-05-09T12:27:35Z</Time>
          <Position>
            <LatitudeDegrees>42.3714300</LatitudeDegrees>
            <LongitudeDegrees>-5.0258500</LongitudeDegrees>
          </Position>
          <AltitudeMeters>835.7</AltitudeMeters>
          <DistanceMeters>81899.5</DistanceMeters>
        </Trackpoint>
        <Trackpoint>
          <Time>2027-05-09T12:27:54Z</Time>
          <Position>
            <LatitudeDegrees>42.3708400</LatitudeDegrees>
            <LongitudeDegrees>-5.0264000</LongitudeDegrees>
          </Position>
          <AltitudeMeters>835.3</AltitudeMeters>
          <DistanceMeters>81979.1</DistanceMeters>
        </Trackpoint>
        <Trackpoint>
          <Time>2027-05-09T12:28:10Z</Time>
          <Position>
            <LatitudeDegrees>42.3709500</LatitudeDegrees>
            <LongitudeDegrees>-5.0271900</LongitudeDegrees>
          </Position>
          <AltitudeMeters>834.0</AltitudeMeters>
          <DistanceMeters>82045.2</DistanceMeters>
        </Trackpoint>
        <Trackpoint>
          <Time>2027-05-09T12:28:22Z</Time>
          <Position>
            <LatitudeDegrees>42.3705900</LatitudeDegrees>
            <LongitudeDegrees>-5.0275400</LongitudeDegrees>
          </Position>
          <AltitudeMeters>831.6</AltitudeMeters>
          <DistanceMeters>82094.4</DistanceMeters>
        </Trackpoint>
        <Trackpoint>
          <Time>2027-05-09T12:28:40Z</Time>
          <Position>
            <LatitudeDegrees>42.3706800</LatitudeDegrees>
            <LongitudeDegrees>-5.0284200</LongitudeDegrees>
          </Position>
          <AltitudeMeters>829.1</AltitudeMeters>
          <DistanceMeters>82167.4</DistanceMeters>
        </Trackpoint>
        <Trackpoint>
          <Time>2027-05-09T12:28:57Z</Time>
          <Position>
            <LatitudeDegrees>42.3707600</LatitudeDegrees>
            <LongitudeDegrees>-5.0293000</LongitudeDegrees>
          </Position>
          <AltitudeMeters>826.3</AltitudeMeters>
          <DistanceMeters>82240.3</DistanceMeters>
        </Trackpoint>
        <Trackpoint>
          <Time>2027-05-09T12:29:14Z</Time>
          <Position>
            <LatitudeDegrees>42.3707400</LatitudeDegrees>
            <LongitudeDegrees>-5.0301700</LongitudeDegrees>
          </Position>
          <AltitudeMeters>823.4</AltitudeMeters>
          <DistanceMeters>82311.8</DistanceMeters>
        </Trackpoint>
      </Track>
      <CoursePoint>
        <Name>Iglesia de</Name>
        <Time>2027-05-09T07:00:00Z</Time>
        <Position>
          <LatitudeDegrees>42.2893000</LatitudeDegrees>
          <LongitudeDegrees>-4.1419000</LongitudeDegrees>
        </Position>
        <PointType>Generic</PointType>
        <Notes>Iglesia de Santo Domingo, Castrojeriz 카스트로헤리스 산토 도밍고 성당</Notes>
      </CoursePoint>
      <CoursePoint>
        <Name>Albergue R</Name>
        <Time>2027-05-09T07:00:00Z</Time>
        <Position>
          <LatitudeDegrees>42.2893000</LatitudeDegrees>
          <LongitudeDegrees>-4.1419000</LongitudeDegrees>
        </Position>
        <PointType>Generic</PointType>
        <Notes>Albergue Rosalía Castrojeriz | Tel: +34 637 765 779  | Tel: </Notes>
      </CoursePoint>
      <CoursePoint>
        <Name>Albergue S</Name>
        <Time>2027-05-09T07:00:00Z</Time>
        <Position>
          <LatitudeDegrees>42.2893000</LatitudeDegrees>
          <LongitudeDegrees>-4.1419000</LongitudeDegrees>
        </Position>
        <PointType>Generic</PointType>
        <Notes>Albergue San Esteban Castrojeriz | Tel: +34 679 147 056 | E-</Notes>
      </CoursePoint>
      <CoursePoint>
        <Name>Mirador de</Name>
        <Time>2027-05-09T07:13:11Z</Time>
        <Position>
          <LatitudeDegrees>42.2872800</LatitudeDegrees>
          <LongitudeDegrees>-4.1790900</LongitudeDegrees>
        </Position>
        <PointType>Summit</PointType>
        <Notes>Mirador del Alto de Mostelares 모스텔라레스 언덕 전망대</Notes>
      </CoursePoint>
      <CoursePoint>
        <Name>Albergue P</Name>
        <Time>2027-05-09T07:42:00Z</Time>
        <Position>
          <LatitudeDegrees>42.2865700</LatitudeDegrees>
          <LongitudeDegrees>-4.2560200</LongitudeDegrees>
        </Position>
        <PointType>Generic</PointType>
        <Notes>Albergue Puente de Fitero Itero de la Vega | Tel: +34 979 15</Notes>
      </CoursePoint>
      <CoursePoint>
        <Name>Albergue H</Name>
        <Time>2027-05-09T07:42:49Z</Time>
        <Position>
          <LatitudeDegrees>42.2872600</LatitudeDegrees>
          <LongitudeDegrees>-4.2579700</LongitudeDegrees>
        </Position>
        <PointType>Generic</PointType>
        <Notes>Albergue Hogar del Peregrino Itero de la Vega | Tel: +34 979</Notes>
      </CoursePoint>
      <CoursePoint>
        <Name>Albergue E</Name>
        <Time>2027-05-09T08:15:01Z</Time>
        <Position>
          <LatitudeDegrees>42.2605700</LatitudeDegrees>
          <LongitudeDegrees>-4.3471000</LongitudeDegrees>
        </Position>
        <PointType>Generic</PointType>
        <Notes>Albergue En el Camino Boadilla del Camino | Tel: +34 979 810</Notes>
      </CoursePoint>
      <CoursePoint>
        <Name>Albergue B</Name>
        <Time>2027-05-09T08:36:38Z</Time>
        <Position>
          <LatitudeDegrees>42.2662000</LatitudeDegrees>
          <LongitudeDegrees>-4.4038700</LongitudeDegrees>
        </Position>
        <PointType>Generic</PointType>
        <Notes>Albergue Betania Frómista | Tel: +34 638 846 043 | E-mail | </Notes>
      </CoursePoint>
      <CoursePoint>
        <Name>Albergue V</Name>
        <Time>2027-05-09T08:37:02Z</Time>
        <Position>
          <LatitudeDegrees>42.2661100</LatitudeDegrees>
          <LongitudeDegrees>-4.4051000</LongitudeDegrees>
        </Position>
        <PointType>Generic</PointType>
        <Notes>Albergue Vicus Frómista | Tel: +34 617 483 264 | E-mail | Ty</Notes>
      </CoursePoint>
      <CoursePoint>
        <Name>Iglesia de</Name>
        <Time>2027-05-09T08:37:27Z</Time>
        <Position>
          <LatitudeDegrees>42.2660300</LatitudeDegrees>
          <LongitudeDegrees>-4.4063200</LongitudeDegrees>
        </Position>
        <PointType>Generic</PointType>
        <Notes>Iglesia de San Martin de Fromista 프로미스타 산 마르틴 성당</Notes>
      </CoursePoint>
      <CoursePoint>
        <Name>Albergue m</Name>
        <Time>2027-05-09T08:37:27Z</Time>
        <Position>
          <LatitudeDegrees>42.2660300</LatitudeDegrees>
          <LongitudeDegrees>-4.4063200</LongitudeDegrees>
        </Position>
        <PointType>Generic</PointType>
        <Notes>Albergue municipal de Frómista Frómista | Tel: +34 979 811 0</Notes>
      </CoursePoint>
      <CoursePoint>
        <Name>Albergue A</Name>
        <Time>2027-05-09T09:13:50Z</Time>
        <Position>
          <LatitudeDegrees>42.2976400</LatitudeDegrees>
          <LongitudeDegrees>-4.4990700</LongitudeDegrees>
        </Position>
        <PointType>Generic</PointType>
        <Notes>Albergue Amanecer Villarmentero de Campos | Tel: +34 629 178</Notes>
      </CoursePoint>
      <CoursePoint>
        <Name>Albergue D</Name>
        <Time>2027-05-09T09:31:25Z</Time>
        <Position>
          <LatitudeDegrees>42.3159300</LatitudeDegrees>
          <LongitudeDegrees>-4.5457300</LongitudeDegrees>
        </Position>
        <PointType>Generic</PointType>
        <Notes>Albergue Don Camino Villacázar de Sirga | Tel: +34 620 399 0</Notes>
      </CoursePoint>
      <CoursePoint>
        <Name>Iglesia de</Name>
        <Time>2027-05-09T09:52:51Z</Time>
        <Position>
          <LatitudeDegrees>42.3372400</LatitudeDegrees>
          <LongitudeDegrees>-4.6018600</LongitudeDegrees>
        </Position>
        <PointType>Generic</PointType>
        <Notes>Iglesia de Santa Maria del Camino, Carrion 산타 마리아 델 카미노 성당</Notes>
      </CoursePoint>
      <CoursePoint>
        <Name>Albergue E</Name>
        <Time>2027-05-09T09:52:51Z</Time>
        <Position>
          <LatitudeDegrees>42.3372400</LatitudeDegrees>
          <LongitudeDegrees>-4.6018600</LongitudeDegrees>
        </Position>
        <PointType>Generic</PointType>
        <Notes>Albergue Espíritu Santo Carrión de los Condes | Tel: +34 979</Notes>
      </CoursePoint>
      <CoursePoint>
        <Name>Nuestra Se</Name>
        <Time>2027-05-09T09:54:36Z</Time>
        <Position>
          <LatitudeDegrees>42.3400000</LatitudeDegrees>
          <LongitudeDegrees>-4.6041100</LongitudeDegrees>
        </Position>
        <PointType>Generic</PointType>
        <Notes>Nuestra Señora de Belén Carrión de los Condes | Tel: +34 979</Notes>
      </CoursePoint>
      <CoursePoint>
        <Name>Monasterio</Name>
        <Time>2027-05-09T09:57:11Z</Time>
        <Position>
          <LatitudeDegrees>42.3407200</LatitudeDegrees>
          <LongitudeDegrees>-4.6111200</LongitudeDegrees>
        </Position>
        <PointType>Generic</PointType>
        <Notes>Monasterio de San Zoilo 산 소일로 수도원</Notes>
      </CoursePoint>
      <CoursePoint>
        <Name>Albergue C</Name>
        <Time>2027-05-09T11:01:03Z</Time>
        <Position>
          <LatitudeDegrees>42.3290800</LatitudeDegrees>
          <LongitudeDegrees>-4.8024500</LongitudeDegrees>
        </Position>
        <PointType>Generic</PointType>
        <Notes>Albergue Camino Real Calzadilla de la Cueza | Tel: +34 979 8</Notes>
      </CoursePoint>
      <CoursePoint>
        <Name>Albergue E</Name>
        <Time>2027-05-09T11:25:43Z</Time>
        <Position>
          <LatitudeDegrees>42.3536600</LatitudeDegrees>
          <LongitudeDegrees>-4.8653500</LongitudeDegrees>
        </Position>
        <PointType>Generic</PointType>
        <Notes>Albergue El Palomar Ledigos | Tel: +34 979 883 605 | Website</Notes>
      </CoursePoint>
      <CoursePoint>
        <Name>Albergue J</Name>
        <Time>2027-05-09T11:37:22Z</Time>
        <Position>
          <LatitudeDegrees>42.3624500</LatitudeDegrees>
          <LongitudeDegrees>-4.8914200</LongitudeDegrees>
        </Position>
        <PointType>Generic</PointType>
        <Notes>Albergue Jacques de Molay Terradillos de los Templarios | Te</Notes>
      </CoursePoint>
      <CoursePoint>
        <Name>Albergue-h</Name>
        <Time>2027-05-09T11:49:19Z</Time>
        <Position>
          <LatitudeDegrees>42.3604900</LatitudeDegrees>
          <LongitudeDegrees>-4.9252400</LongitudeDegrees>
        </Position>
        <PointType>Generic</PointType>
        <Notes>Albergue-hostal Moratinos Moratinos | Tel: +34 979 061 466  </Notes>
      </CoursePoint>
      <CoursePoint>
        <Name>Albergue L</Name>
        <Time>2027-05-09T12:00:06Z</Time>
        <Position>
          <LatitudeDegrees>42.3636900</LatitudeDegrees>
          <LongitudeDegrees>-4.9517300</LongitudeDegrees>
        </Position>
        <PointType>Generic</PointType>
        <Notes>Albergue Laganares San Nicolás del Real Camino | Tel: +34 97</Notes>
      </CoursePoint>
      <CoursePoint>
        <Name>Ermita de </Name>
        <Time>2027-05-09T12:18:33Z</Time>
        <Position>
          <LatitudeDegrees>42.3706200</LatitudeDegrees>
          <LongitudeDegrees>-4.9997700</LongitudeDegrees>
        </Position>
        <PointType>Generic</PointType>
        <Notes>Ermita de la Virgen del Puente 푸엔테 성모 예배당 · 순례길 중간지점</Notes>
      </CoursePoint>
      <CoursePoint>
        <Name>Albergue D</Name>
        <Time>2027-05-09T12:27:35Z</Time>
        <Position>
          <LatitudeDegrees>42.3714300</LatitudeDegrees>
          <LongitudeDegrees>-5.0258500</LongitudeDegrees>
        </Position>
        <PointType>Generic</PointType>
        <Notes>Albergue Domus Viatoris Sahagún | Tel: +34 987 782 141  | Te</Notes>
      </CoursePoint>
      <CoursePoint>
        <Name>Arco de Sa</Name>
        <Time>2027-05-09T12:29:14Z</Time>
        <Position>
          <LatitudeDegrees>42.3707400</LatitudeDegrees>
          <LongitudeDegrees>-5.0301700</LongitudeDegrees>
        </Position>
        <PointType>Generic</PointType>
        <Notes>Arco de San Benito, Sahagun 산 베니토 아치</Notes>
      </CoursePoint>
    </Course>
  </Courses>
</TrainingCenterDatabase>