<?xml version="1.0" encoding="UTF-8"?>
<gpx version="1.1" creator="camino-2027 split of compostelle.fr CAMINO_FRANCES.gpx" xmlns="http://www.topografix.com/GPX/1/1">
  <metadata><name>도보 v2 DAY 11 베가 → 사리아</name><desc>compostelle.fr (VisuGPX) 도보 노선을 자전거 일정 경계로 잘라 낸 것 · 2026-09-12</desc></metadata>
  <trk><name>도보 v2 DAY 11 · 베가 → 사리아</name><trkseg>
      <trkpt lat="42.665050" lon="-6.945890"><ele>632.9</ele></trkpt>
      <trkpt lat="42.665050" lon="-6.945910"><ele>632.9</ele></trkpt>
      <trkpt lat="42.665260" lon="-6.946170"><ele>635.5</ele></trkpt>
      <trkpt lat="42.665280" lon="-6.946320"><ele>635.9</ele></trkpt>
      <trkpt lat="42.665300" lon="-6.946450"><ele>636.3</ele></trkpt>
      <trkpt lat="42.665310" lon="-6.946630"><ele>636.7</ele></trkpt>
      <trkpt lat="42.665310" lon="-6.946810"><ele>636.6</ele></trkpt>
      <trkpt lat="42.665310" lon="-6.947010"><ele>636.4</ele></trkpt>
      <trkpt lat="42.665300" lon="-6.947150"><ele>635.9</ele></trkpt>
      <trkpt lat="42.665300" lon="-6.947320"><ele>636.2</ele></trkpt>
      <trkpt lat="42.665300" lon="-6.947480"><ele>636.4</ele></trkpt>
      <trkpt lat="42.665260" lon="-6.947640"><ele>636.1</ele></trkpt>
      <trkpt lat="42.665240" lon="-6.947790"><ele>637.0</ele></trkpt>
      <trkpt lat="42.665210" lon="-6.947980"><ele>637.9</ele></trkpt>
      <trkpt lat="42.665190" lon="-6.948150"><ele>638.6</ele></trkpt>
      <trkpt lat="42.665170" lon="-6.948310"><ele>639.3</ele></trkpt>
      <trkpt lat="42.665150" lon="-6.948440"><ele>639.6</ele></trkpt>
      <trkpt lat="42.665110" lon="-6.948560"><ele>639.7</ele></trkpt>
      <trkpt lat="42.665080" lon="-6.948690"><ele>639.6</ele></trkpt>
      <trkpt lat="42.665070" lon="-6.948830"><ele>639.6</ele></trkpt>
      <trkpt lat="42.665070" lon="-6.949010"><ele>639.8</ele></trkpt>
      <trkpt lat="42.665050" lon="-6.949200"><ele>640.5</ele></trkpt>
      <trkpt lat="42.665040" lon="-6.949360"><ele>641.1</ele></trkpt>
      <trkpt lat="42.665000" lon="-6.949490"><ele>641.4</ele></trkpt>
      <trkpt lat="42.664990" lon="-6.949650"><ele>642.2</ele></trkpt>
      <trkpt lat="42.664960" lon="-6.949800"><ele>642.8</ele></trkpt>
      <trkpt lat="42.664960" lon="-6.949950"><ele>643.7</ele></trkpt>
      <trkpt lat="42.664950" lon="-6.950100"><ele>645.0</ele></trkpt>
      <trkpt lat="42.664920" lon="-6.950230"><ele>645.9</ele></trkpt>
      <trkpt lat="42.664900" lon="-6.950370"><ele>646.9</ele></trkpt>
      <trkpt lat="42.664860" lon="-6.950500"><ele>647.5</ele></trkpt>
      <trkpt lat="42.664850" lon="-6.950680"><ele>648.9</ele></trkpt>
      <trkpt lat="42.664840" lon="-6.950870"><ele>650.5</ele></trkpt>
      <trkpt lat="42.664810" lon="-6.951020"><ele>651.5</ele></trkpt>
      <trkpt lat="42.664770" lon="-6.951190"><ele>652.2</ele></trkpt>
      <trkpt lat="42.664760" lon="-6.951330"><ele>653.3</ele></trkpt>
      <trkpt lat="42.664740" lon="-6.951480"><ele>654.2</ele></trkpt>
      <trkpt lat="42.664720" lon="-6.951610"><ele>655.0</ele></trkpt>
      <trkpt lat="42.664680" lon="-6.951760"><ele>655.5</ele></trkpt>
      <trkpt lat="42.664660" lon="-6.951930"><ele>655.8</ele></trkpt>
      <trkpt lat="42.664640" lon="-6.952060"><ele>655.6</ele></trkpt>
      <trkpt lat="42.664620" lon="-6.952200"><ele>655.6</ele></trkpt>
      <trkpt lat="42.664610" lon="-6.952380"><ele>655.5</ele></trkpt>
      <trkpt lat="42.664600" lon="-6.952530"><ele>655.2</ele></trkpt>
      <trkpt lat="42.664600" lon="-6.952700"><ele>655.3</ele></trkpt>
      <trkpt lat="42.664580" lon="-6.952880"><ele>655.1</ele></trkpt>
      <trkpt lat="42.664580" lon="-6.953040"><ele>655.3</ele></trkpt>
      <trkpt lat="42.664580" lon="-6.953210"><ele>655.3</ele></trkpt>
      <trkpt lat="42.664560" lon="-6.953340"><ele>654.4</ele></trkpt>
      <trkpt lat="42.664530" lon="-6.953470"><ele>653.5</ele></trkpt>
      <trkpt lat="42.664500" lon="-6.953600"><ele>652.6</ele></trkpt>
      <trkpt lat="42.664490" lon="-6.953760"><ele>652.0</ele></trkpt>
      <trkpt lat="42.664460" lon="-6.953940"><ele>651.0</ele></trkpt>
      <trkpt lat="42.664460" lon="-6.954090"><ele>650.7</ele></trkpt>
      <trkpt lat="42.664440" lon="-6.954270"><ele>649.4</ele></trkpt>
      <trkpt lat="42.664440" lon="-6.954420"><ele>648.8</ele></trkpt>
      <trkpt lat="42.664450" lon="-6.954580"><ele>648.5</ele></trkpt>
      <trkpt lat="42.664510" lon="-6.954690"><ele>649.1</ele></trkpt>
      <trkpt lat="42.664560" lon="-6.954740"><ele>649.5</ele></trkpt>
      <trkpt lat="42.664810" lon="-6.954860"><ele>652.3</ele></trkpt>
      <trkpt lat="42.664980" lon="-6.955100"><ele>653.1</ele></trkpt>
      <trkpt lat="42.665250" lon="-6.955370"><ele>653.5</ele></trkpt>
      <trkpt lat="42.665260" lon="-6.955370"><ele>653.8</ele></trkpt>
      <trkpt lat="42.665540" lon="-6.955570"><ele>654.1</ele></trkpt>
      <trkpt lat="42.665790" lon="-6.955740"><ele>653.9</ele></trkpt>
      <trkpt lat="42.666110" lon="-6.955960"><ele>653.2</ele></trkpt>
      <trkpt lat="42.666350" lon="-6.956260"><ele>652.5</ele></trkpt>
      <trkpt lat="42.666650" lon="-6.956480"><ele>650.2</ele></trkpt>
      <trkpt lat="42.666950" lon="-6.956740"><ele>648.0</ele></trkpt>
      <trkpt lat="42.667260" lon="-6.957040"><ele>645.4</ele></trkpt>
      <trkpt lat="42.667600" lon="-6.957380"><ele>643.9</ele></trkpt>
      <trkpt lat="42.667850" lon="-6.957580"><ele>644.3</ele></trkpt>
      <trkpt lat="42.668220" lon="-6.957830"><ele>643.8</ele></trkpt>
      <trkpt lat="42.668540" lon="-6.958090"><ele>644.5</ele></trkpt>
      <trkpt lat="42.668780" lon="-6.958350"><ele>645.7</ele></trkpt>
      <trkpt lat="42.669100" lon="-6.958570"><ele>649.4</ele></trkpt>
      <trkpt lat="42.669440" lon="-6.958850"><ele>653.6</ele></trkpt>
      <trkpt lat="42.669620" lon="-6.959040"><ele>656.2</ele></trkpt>
      <trkpt lat="42.669790" lon="-6.959310"><ele>657.0</ele></trkpt>
      <trkpt lat="42.669890" lon="-6.959490"><ele>657.2</ele></trkpt>
      <trkpt lat="42.670090" lon="-6.959930"><ele>656.9</ele></trkpt>
      <trkpt lat="42.670240" lon="-6.960240"><ele>656.3</ele></trkpt>
      <trkpt lat="42.670380" lon="-6.960490"><ele>656.4</ele></trkpt>
      <trkpt lat="42.670480" lon="-6.960660"><ele>656.8</ele></trkpt>
      <trkpt lat="42.670620" lon="-6.961040"><ele>655.4</ele></trkpt>
      <trkpt lat="42.670710" lon="-6.961250"><ele>655.1</ele></trkpt>
      <trkpt lat="42.670820" lon="-6.961640"><ele>654.0</ele></trkpt>
      <trkpt lat="42.670910" lon="-6.962040"><ele>654.0</ele></trkpt>
      <trkpt lat="42.671000" lon="-6.962460"><ele>654.8</ele></trkpt>
      <trkpt lat="42.671140" lon="-6.962840"><ele>656.6</ele></trkpt>
      <trkpt lat="42.671250" lon="-6.963110"><ele>657.2</ele></trkpt>
      <trkpt lat="42.671330" lon="-6.963370"><ele>657.3</ele></trkpt>
      <trkpt lat="42.671450" lon="-6.963670"><ele>656.7</ele></trkpt>
      <trkpt lat="42.671560" lon="-6.963960"><ele>655.4</ele></trkpt>
      <trkpt lat="42.671700" lon="-6.964280"><ele>653.4</ele></trkpt>
      <trkpt lat="42.671820" lon="-6.964620"><ele>654.7</ele></trkpt>
      <trkpt lat="42.672010" lon="-6.964980"><ele>656.2</ele></trkpt>
      <trkpt lat="42.672230" lon="-6.965380"><ele>657.1</ele></trkpt>
      <trkpt lat="42.672310" lon="-6.965530"><ele>657.2</ele></trkpt>
      <trkpt lat="42.672360" lon="-6.965580"><ele>657.3</ele></trkpt>
      <trkpt lat="42.672390" lon="-6.965650"><ele>657.1</ele></trkpt>
      <trkpt lat="42.672420" lon="-6.965730"><ele>657.0</ele></trkpt>
      <trkpt lat="42.672460" lon="-6.965800"><ele>656.9</ele></trkpt>
      <trkpt lat="42.672500" lon="-6.965890"><ele>656.8</ele></trkpt>
      <trkpt lat="42.672540" lon="-6.965950"><ele>656.6</ele></trkpt>
      <trkpt lat="42.672580" lon="-6.965990"><ele>656.5</ele></trkpt>
      <trkpt lat="42.672610" lon="-6.966070"><ele>656.1</ele></trkpt>
      <trkpt lat="42.672640" lon="-6.966140"><ele>656.4</ele></trkpt>
      <trkpt lat="42.672690" lon="-6.966230"><ele>656.8</ele></trkpt>
      <trkpt lat="42.672720" lon="-6.966300"><ele>657.0</ele></trkpt>
      <trkpt lat="42.672760" lon="-6.966350"><ele>657.4</ele></trkpt>
      <trkpt lat="42.672790" lon="-6.966410"><ele>657.4</ele></trkpt>
      <trkpt lat="42.672830" lon="-6.966480"><ele>657.5</ele></trkpt>
      <trkpt lat="42.672870" lon="-6.966540"><ele>657.5</ele></trkpt>
      <trkpt lat="42.672880" lon="-6.966610"><ele>657.4</ele></trkpt>
      <trkpt lat="42.672900" lon="-6.966680"><ele>657.7</ele></trkpt>
      <trkpt lat="42.672920" lon="-6.966770"><ele>658.1</ele></trkpt>
      <trkpt lat="42.672930" lon="-6.966840"><ele>658.5</ele></trkpt>
      <trkpt lat="42.672940" lon="-6.966910"><ele>658.9</ele></trkpt>
      <trkpt lat="42.672940" lon="-6.967000"><ele>659.1</ele></trkpt>
      <trkpt lat="42.672940" lon="-6.967080"><ele>659.5</ele></trkpt>
      <trkpt lat="42.672940" lon="-6.967160"><ele>659.9</ele></trkpt>
      <trkpt lat="42.672940" lon="-6.967230"><ele>660.4</ele></trkpt>
      <trkpt lat="42.672930" lon="-6.967300"><ele>660.6</ele></trkpt>
      <trkpt lat="42.672910" lon="-6.967370"><ele>660.8</ele></trkpt>
      <trkpt lat="42.672900" lon="-6.967450"><ele>661.0</ele></trkpt>
      <trkpt lat="42.672870" lon="-6.967510"><ele>660.9</ele></trkpt>
      <trkpt lat="42.672840" lon="-6.967570"><ele>660.9</ele></trkpt>
      <trkpt lat="42.672800" lon="-6.967640"><ele>661.0</ele></trkpt>
      <trkpt lat="42.672760" lon="-6.967690"><ele>660.8</ele></trkpt>
      <trkpt lat="42.672730" lon="-6.967750"><ele>660.8</ele></trkpt>
      <trkpt lat="42.672700" lon="-6.967810"><ele>660.7</ele></trkpt>
      <trkpt lat="42.672660" lon="-6.967860"><ele>660.4</ele></trkpt>
      <trkpt lat="42.672620" lon="-6.967920"><ele>660.2</ele></trkpt>
      <trkpt lat="42.672590" lon="-6.967990"><ele>660.5</ele></trkpt>
      <trkpt lat="42.672570" lon="-6.968060"><ele>660.9</ele></trkpt>
      <trkpt lat="42.672540" lon="-6.968120"><ele>661.3</ele></trkpt>
      <trkpt lat="42.672500" lon="-6.968180"><ele>661.4</ele></trkpt>
      <trkpt lat="42.672470" lon="-6.968230"><ele>661.6</ele></trkpt>
      <trkpt lat="42.672440" lon="-6.968290"><ele>661.8</ele></trkpt>
      <trkpt lat="42.672410" lon="-6.968350"><ele>661.8</ele></trkpt>
      <trkpt lat="42.672370" lon="-6.968380"><ele>661.7</ele></trkpt>
      <trkpt lat="42.672330" lon="-6.968420"><ele>661.4</ele></trkpt>
      <trkpt lat="42.672290" lon="-6.968450"><ele>661.3</ele></trkpt>
      <trkpt lat="42.672230" lon="-6.968500"><ele>661.2</ele></trkpt>
      <trkpt lat="42.672180" lon="-6.968540"><ele>660.9</ele></trkpt>
      <trkpt lat="42.672130" lon="-6.968580"><ele>660.6</ele></trkpt>
      <trkpt lat="42.672080" lon="-6.968620"><ele>660.5</ele></trkpt>
      <trkpt lat="42.672040" lon="-6.968660"><ele>660.4</ele></trkpt>
      <trkpt lat="42.671980" lon="-6.968690"><ele>660.0</ele></trkpt>
      <trkpt lat="42.671920" lon="-6.968720"><ele>659.7</ele></trkpt>
      <trkpt lat="42.671880" lon="-6.968750"><ele>659.4</ele></trkpt>
      <trkpt lat="42.671830" lon="-6.968800"><ele>659.1</ele></trkpt>
      <trkpt lat="42.671790" lon="-6.968820"><ele>658.8</ele></trkpt>
      <trkpt lat="42.671750" lon="-6.968870"><ele>658.6</ele></trkpt>
      <trkpt lat="42.671710" lon="-6.968940"><ele>658.5</ele></trkpt>
      <trkpt lat="42.671690" lon="-6.969030"><ele>658.4</ele></trkpt>
      <trkpt lat="42.671690" lon="-6.969110"><ele>658.7</ele></trkpt>
      <trkpt lat="42.671700" lon="-6.969200"><ele>659.1</ele></trkpt>
      <trkpt lat="42.671720" lon="-6.969260"><ele>659.5</ele></trkpt>
      <trkpt lat="42.671780" lon="-6.969330"><ele>660.5</ele></trkpt>
      <trkpt lat="42.671820" lon="-6.969380"><ele>661.2</ele></trkpt>
      <trkpt lat="42.671860" lon="-6.969420"><ele>661.8</ele></trkpt>
      <trkpt lat="42.671910" lon="-6.969470"><ele>662.6</ele></trkpt>
      <trkpt lat="42.671960" lon="-6.969510"><ele>663.3</ele></trkpt>
      <trkpt lat="42.672010" lon="-6.969560"><ele>664.0</ele></trkpt>
      <trkpt lat="42.672070" lon="-6.969590"><ele>664.8</ele></trkpt>
      <trkpt lat="42.672120" lon="-6.969610"><ele>665.5</ele></trkpt>
      <trkpt lat="42.672160" lon="-6.969680"><ele>666.1</ele></trkpt>
      <trkpt lat="42.672210" lon="-6.969720"><ele>667.0</ele></trkpt>
      <trkpt lat="42.672260" lon="-6.969760"><ele>668.0</ele></trkpt>
      <trkpt lat="42.672300" lon="-6.969800"><ele>668.7</ele></trkpt>
      <trkpt lat="42.672350" lon="-6.969860"><ele>669.5</ele></trkpt>
      <trkpt lat="42.672380" lon="-6.969900"><ele>670.1</ele></trkpt>
      <trkpt lat="42.672430" lon="-6.969970"><ele>670.9</ele></trkpt>
      <trkpt lat="42.672470" lon="-6.970020"><ele>671.6</ele></trkpt>
      <trkpt lat="42.672510" lon="-6.970080"><ele>672.1</ele></trkpt>
      <trkpt lat="42.672540" lon="-6.970150"><ele>672.6</ele></trkpt>
      <trkpt lat="42.672600" lon="-6.970210"><ele>673.6</ele></trkpt>
      <trkpt lat="42.672640" lon="-6.970260"><ele>675.0</ele></trkpt>
      <trkpt lat="42.672670" lon="-6.970320"><ele>676.4</ele></trkpt>
      <trkpt lat="42.672690" lon="-6.970390"><ele>677.1</ele></trkpt>
      <trkpt lat="42.672700" lon="-6.970460"><ele>677.3</ele></trkpt>
      <trkpt lat="42.672700" lon="-6.970540"><ele>677.1</ele></trkpt>
      <trkpt lat="42.672700" lon="-6.970630"><ele>676.9</ele></trkpt>
      <trkpt lat="42.672700" lon="-6.970710"><ele>676.7</ele></trkpt>
      <trkpt lat="42.672700" lon="-6.970910"><ele>677.5</ele></trkpt>
      <trkpt lat="42.672650" lon="-6.971100"><ele>675.9</ele></trkpt>
      <trkpt lat="42.672580" lon="-6.971310"><ele>675.0</ele></trkpt>
      <trkpt lat="42.672540" lon="-6.971490"><ele>675.8</ele></trkpt>
      <trkpt lat="42.672540" lon="-6.971760"><ele>677.7</ele></trkpt>
      <trkpt lat="42.672540" lon="-6.972040"><ele>678.7</ele></trkpt>
      <trkpt lat="42.672540" lon="-6.972310"><ele>679.5</ele></trkpt>
      <trkpt lat="42.672550" lon="-6.972400"><ele>680.0</ele></trkpt>
      <trkpt lat="42.672550" lon="-6.972470"><ele>680.3</ele></trkpt>
      <trkpt lat="42.672550" lon="-6.972580"><ele>680.6</ele></trkpt>
      <trkpt lat="42.672550" lon="-6.972650"><ele>680.7</ele></trkpt>
      <trkpt lat="42.672560" lon="-6.972750"><ele>680.9</ele></trkpt>
      <trkpt lat="42.672560" lon="-6.972830"><ele>681.1</ele></trkpt>
      <trkpt lat="42.672560" lon="-6.972930"><ele>681.2</ele></trkpt>
      <trkpt lat="42.672560" lon="-6.973030"><ele>681.3</ele></trkpt>
      <trkpt lat="42.672560" lon="-6.973120"><ele>681.5</ele></trkpt>
      <trkpt lat="42.672560" lon="-6.973200"><ele>681.7</ele></trkpt>
      <trkpt lat="42.672560" lon="-6.973290"><ele>681.9</ele></trkpt>
      <trkpt lat="42.672560" lon="-6.973370"><ele>681.9</ele></trkpt>
      <trkpt lat="42.672550" lon="-6.973450"><ele>682.0</ele></trkpt>
      <trkpt lat="42.672540" lon="-6.973530"><ele>681.8</ele></trkpt>
      <trkpt lat="42.672530" lon="-6.973600"><ele>681.9</ele></trkpt>
      <trkpt lat="42.672520" lon="-6.973680"><ele>682.0</ele></trkpt>
      <trkpt lat="42.672510" lon="-6.973760"><ele>682.1</ele></trkpt>
      <trkpt lat="42.672510" lon="-6.973830"><ele>682.2</ele></trkpt>
      <trkpt lat="42.672490" lon="-6.973900"><ele>682.1</ele></trkpt>
      <trkpt lat="42.672490" lon="-6.973990"><ele>682.3</ele></trkpt>
      <trkpt lat="42.672470" lon="-6.974070"><ele>682.0</ele></trkpt>
      <trkpt lat="42.672470" lon="-6.974150"><ele>682.0</ele></trkpt>
      <trkpt lat="42.672470" lon="-6.974240"><ele>682.1</ele></trkpt>
      <trkpt lat="42.672470" lon="-6.974320"><ele>682.2</ele></trkpt>
      <trkpt lat="42.672470" lon="-6.974400"><ele>682.3</ele></trkpt>
      <trkpt lat="42.672450" lon="-6.974490"><ele>682.0</ele></trkpt>
      <trkpt lat="42.672450" lon="-6.974560"><ele>682.0</ele></trkpt>
      <trkpt lat="42.672450" lon="-6.974680"><ele>682.0</ele></trkpt>
      <trkpt lat="42.672450" lon="-6.974800"><ele>682.0</ele></trkpt>
      <trkpt lat="42.672450" lon="-6.974870"><ele>682.0</ele></trkpt>
      <trkpt lat="42.672460" lon="-6.974960"><ele>682.2</ele></trkpt>
      <trkpt lat="42.672470" lon="-6.975040"><ele>682.4</ele></trkpt>
      <trkpt lat="42.672470" lon="-6.975120"><ele>682.5</ele></trkpt>
      <trkpt lat="42.672470" lon="-6.975190"><ele>682.7</ele></trkpt>
      <trkpt lat="42.672470" lon="-6.975280"><ele>682.8</ele></trkpt>
      <trkpt lat="42.672480" lon="-6.975370"><ele>683.0</ele></trkpt>
      <trkpt lat="42.672490" lon="-6.975450"><ele>683.2</ele></trkpt>
      <trkpt lat="42.672490" lon="-6.975550"><ele>683.4</ele></trkpt>
      <trkpt lat="42.672500" lon="-6.975630"><ele>683.7</ele></trkpt>
      <trkpt lat="42.672500" lon="-6.975700"><ele>683.7</ele></trkpt>
      <trkpt lat="42.672510" lon="-6.975780"><ele>683.9</ele></trkpt>
      <trkpt lat="42.672510" lon="-6.975860"><ele>684.0</ele></trkpt>
      <trkpt lat="42.672510" lon="-6.975960"><ele>685.1</ele></trkpt>
      <trkpt lat="42.672520" lon="-6.976040"><ele>685.9</ele></trkpt>
      <trkpt lat="42.672530" lon="-6.976120"><ele>686.8</ele></trkpt>
      <trkpt lat="42.672530" lon="-6.976210"><ele>687.5</ele></trkpt>
      <trkpt lat="42.672530" lon="-6.976290"><ele>688.1</ele></trkpt>
      <trkpt lat="42.672530" lon="-6.976370"><ele>688.7</ele></trkpt>
      <trkpt lat="42.672530" lon="-6.976450"><ele>689.4</ele></trkpt>
      <trkpt lat="42.672510" lon="-6.976520"><ele>689.5</ele></trkpt>
      <trkpt lat="42.672510" lon="-6.976600"><ele>689.8</ele></trkpt>
      <trkpt lat="42.672490" lon="-6.976670"><ele>689.9</ele></trkpt>
      <trkpt lat="42.672480" lon="-6.976750"><ele>690.0</ele></trkpt>
      <trkpt lat="42.672470" lon="-6.976830"><ele>690.0</ele></trkpt>
      <trkpt lat="42.672450" lon="-6.976890"><ele>689.7</ele></trkpt>
      <trkpt lat="42.672440" lon="-6.976970"><ele>689.6</ele></trkpt>
      <trkpt lat="42.672430" lon="-6.977050"><ele>689.6</ele></trkpt>
      <trkpt lat="42.672430" lon="-6.977120"><ele>689.9</ele></trkpt>
      <trkpt lat="42.672420" lon="-6.977220"><ele>689.9</ele></trkpt>
      <trkpt lat="42.672420" lon="-6.977300"><ele>690.1</ele></trkpt>
      <trkpt lat="42.672410" lon="-6.977370"><ele>689.8</ele></trkpt>
      <trkpt lat="42.672410" lon="-6.977450"><ele>689.9</ele></trkpt>
      <trkpt lat="42.672400" lon="-6.977520"><ele>689.8</ele></trkpt>
      <trkpt lat="42.672390" lon="-6.977600"><ele>689.5</ele></trkpt>
      <trkpt lat="42.672380" lon="-6.977680"><ele>689.4</ele></trkpt>
      <trkpt lat="42.672380" lon="-6.977760"><ele>689.3</ele></trkpt>
      <trkpt lat="42.672380" lon="-6.977840"><ele>689.3</ele></trkpt>
      <trkpt lat="42.672380" lon="-6.977930"><ele>688.9</ele></trkpt>
      <trkpt lat="42.672380" lon="-6.978010"><ele>688.8</ele></trkpt>
      <trkpt lat="42.672370" lon="-6.978090"><ele>688.6</ele></trkpt>
      <trkpt lat="42.672370" lon="-6.978170"><ele>688.6</ele></trkpt>
      <trkpt lat="42.672360" lon="-6.978240"><ele>688.8</ele></trkpt>
      <trkpt lat="42.672360" lon="-6.978320"><ele>689.2</ele></trkpt>
      <trkpt lat="42.672360" lon="-6.978440"><ele>689.8</ele></trkpt>
      <trkpt lat="42.672330" lon="-6.978500"><ele>689.4</ele></trkpt>
      <trkpt lat="42.672300" lon="-6.978540"><ele>688.8</ele></trkpt>
      <trkpt lat="42.672260" lon="-6.978580"><ele>688.1</ele></trkpt>
      <trkpt lat="42.672210" lon="-6.978600"><ele>687.0</ele></trkpt>
      <trkpt lat="42.672150" lon="-6.978610"><ele>685.8</ele></trkpt>
      <trkpt lat="42.672100" lon="-6.978620"><ele>684.7</ele></trkpt>
      <trkpt lat="42.672030" lon="-6.978620"><ele>683.1</ele></trkpt>
      <trkpt lat="42.671970" lon="-6.978630"><ele>681.8</ele></trkpt>
      <trkpt lat="42.671920" lon="-6.978650"><ele>680.8</ele></trkpt>
      <trkpt lat="42.671870" lon="-6.978660"><ele>679.7</ele></trkpt>
      <trkpt lat="42.671810" lon="-6.978670"><ele>678.6</ele></trkpt>
      <trkpt lat="42.671750" lon="-6.978700"><ele>677.4</ele></trkpt>
      <trkpt lat="42.671700" lon="-6.978720"><ele>676.4</ele></trkpt>
      <trkpt lat="42.671650" lon="-6.978750"><ele>676.3</ele></trkpt>
      <trkpt lat="42.671600" lon="-6.978760"><ele>676.2</ele></trkpt>
      <trkpt lat="42.671540" lon="-6.978770"><ele>676.1</ele></trkpt>
      <trkpt lat="42.671480" lon="-6.978780"><ele>675.9</ele></trkpt>
      <trkpt lat="42.671450" lon="-6.978790"><ele>675.9</ele></trkpt>
      <trkpt lat="42.671330" lon="-6.978860"><ele>675.7</ele></trkpt>
      <trkpt lat="42.671290" lon="-6.978870"><ele>675.5</ele></trkpt>
      <trkpt lat="42.671250" lon="-6.978900"><ele>675.3</ele></trkpt>
      <trkpt lat="42.671210" lon="-6.978920"><ele>675.2</ele></trkpt>
      <trkpt lat="42.671180" lon="-6.978940"><ele>675.3</ele></trkpt>
      <trkpt lat="42.671150" lon="-6.978980"><ele>675.3</ele></trkpt>
      <trkpt lat="42.671120" lon="-6.979010"><ele>675.3</ele></trkpt>
      <trkpt lat="42.671090" lon="-6.979050"><ele>675.3</ele></trkpt>
      <trkpt lat="42.671060" lon="-6.979090"><ele>675.2</ele></trkpt>
      <trkpt lat="42.671050" lon="-6.979140"><ele>675.1</ele></trkpt>
      <trkpt lat="42.671030" lon="-6.979180"><ele>675.1</ele></trkpt>
      <trkpt lat="42.671020" lon="-6.979230"><ele>675.0</ele></trkpt>
      <trkpt lat="42.671010" lon="-6.979290"><ele>674.8</ele></trkpt>
      <trkpt lat="42.670990" lon="-6.979340"><ele>674.7</ele></trkpt>
      <trkpt lat="42.670980" lon="-6.979400"><ele>674.5</ele></trkpt>
      <trkpt lat="42.670960" lon="-6.979440"><ele>674.3</ele></trkpt>
      <trkpt lat="42.670940" lon="-6.979490"><ele>674.1</ele></trkpt>
      <trkpt lat="42.670940" lon="-6.979540"><ele>674.0</ele></trkpt>
      <trkpt lat="42.670940" lon="-6.979600"><ele>673.9</ele></trkpt>
      <trkpt lat="42.670930" lon="-6.979650"><ele>673.7</ele></trkpt>
      <trkpt lat="42.670900" lon="-6.979690"><ele>673.4</ele></trkpt>
      <trkpt lat="42.670900" lon="-6.979750"><ele>673.3</ele></trkpt>
      <trkpt lat="42.670900" lon="-6.979800"><ele>673.2</ele></trkpt>
      <trkpt lat="42.670900" lon="-6.979860"><ele>673.1</ele></trkpt>
      <trkpt lat="42.670910" lon="-6.979920"><ele>673.1</ele></trkpt>
      <trkpt lat="42.670910" lon="-6.979970"><ele>673.0</ele></trkpt>
      <trkpt lat="42.670920" lon="-6.980040"><ele>673.1</ele></trkpt>
      <trkpt lat="42.670930" lon="-6.980090"><ele>673.2</ele></trkpt>
      <trkpt lat="42.670940" lon="-6.980140"><ele>673.3</ele></trkpt>
      <trkpt lat="42.670950" lon="-6.980200"><ele>673.4</ele></trkpt>
      <trkpt lat="42.670950" lon="-6.980270"><ele>673.5</ele></trkpt>
      <trkpt lat="42.670950" lon="-6.980340"><ele>673.5</ele></trkpt>
      <trkpt lat="42.670950" lon="-6.980390"><ele>673.5</ele></trkpt>
      <trkpt lat="42.670950" lon="-6.980440"><ele>673.5</ele></trkpt>
      <trkpt lat="42.670950" lon="-6.980500"><ele>673.6</ele></trkpt>
      <trkpt lat="42.670960" lon="-6.980550"><ele>673.8</ele></trkpt>
      <trkpt lat="42.670960" lon="-6.980620"><ele>673.8</ele></trkpt>
      <trkpt lat="42.670960" lon="-6.980680"><ele>673.9</ele></trkpt>
      <trkpt lat="42.670950" lon="-6.980730"><ele>673.9</ele></trkpt>
      <trkpt lat="42.670940" lon="-6.980770"><ele>673.8</ele></trkpt>
      <trkpt lat="42.670930" lon="-6.980820"><ele>673.7</ele></trkpt>
      <trkpt lat="42.670910" lon="-6.980870"><ele>673.6</ele></trkpt>
      <trkpt lat="42.670890" lon="-6.980940"><ele>673.3</ele></trkpt>
      <trkpt lat="42.670860" lon="-6.980990"><ele>673.2</ele></trkpt>
      <trkpt lat="42.670840" lon="-6.981030"><ele>672.9</ele></trkpt>
      <trkpt lat="42.670810" lon="-6.981070"><ele>672.7</ele></trkpt>
      <trkpt lat="42.670780" lon="-6.981120"><ele>672.5</ele></trkpt>
      <trkpt lat="42.670760" lon="-6.981150"><ele>672.5</ele></trkpt>
      <trkpt lat="42.670720" lon="-6.981200"><ele>673.4</ele></trkpt>
      <trkpt lat="42.670690" lon="-6.981240"><ele>674.1</ele></trkpt>
      <trkpt lat="42.670670" lon="-6.981290"><ele>674.6</ele></trkpt>
      <trkpt lat="42.670650" lon="-6.981340"><ele>675.2</ele></trkpt>
      <trkpt lat="42.670630" lon="-6.981380"><ele>675.8</ele></trkpt>
      <trkpt lat="42.670620" lon="-6.981450"><ele>676.4</ele></trkpt>
      <trkpt lat="42.670610" lon="-6.981500"><ele>676.8</ele></trkpt>
      <trkpt lat="42.670600" lon="-6.981560"><ele>677.3</ele></trkpt>
      <trkpt lat="42.670590" lon="-6.981620"><ele>677.7</ele></trkpt>
      <trkpt lat="42.670570" lon="-6.981680"><ele>678.3</ele></trkpt>
      <trkpt lat="42.670560" lon="-6.981760"><ele>678.9</ele></trkpt>
      <trkpt lat="42.670560" lon="-6.981820"><ele>679.3</ele></trkpt>
      <trkpt lat="42.670540" lon="-6.981890"><ele>680.0</ele></trkpt>
      <trkpt lat="42.670530" lon="-6.981930"><ele>680.4</ele></trkpt>
      <trkpt lat="42.670520" lon="-6.981990"><ele>680.9</ele></trkpt>
      <trkpt lat="42.670520" lon="-6.982040"><ele>681.3</ele></trkpt>
      <trkpt lat="42.670520" lon="-6.982110"><ele>681.6</ele></trkpt>
      <trkpt lat="42.670510" lon="-6.982160"><ele>682.0</ele></trkpt>
      <trkpt lat="42.670530" lon="-6.982250"><ele>681.9</ele></trkpt>
      <trkpt lat="42.670560" lon="-6.982310"><ele>681.5</ele></trkpt>
      <trkpt lat="42.670570" lon="-6.982350"><ele>681.3</ele></trkpt>
      <trkpt lat="42.670580" lon="-6.982400"><ele>681.1</ele></trkpt>
      <trkpt lat="42.670600" lon="-6.982450"><ele>680.8</ele></trkpt>
      <trkpt lat="42.670610" lon="-6.982500"><ele>680.8</ele></trkpt>
      <trkpt lat="42.670620" lon="-6.982540"><ele>680.6</ele></trkpt>
      <trkpt lat="42.670700" lon="-6.982720"><ele>679.0</ele></trkpt>
      <trkpt lat="42.670810" lon="-6.982880"><ele>677.7</ele></trkpt>
      <trkpt lat="42.670870" lon="-6.982990"><ele>678.2</ele></trkpt>
      <trkpt lat="42.670910" lon="-6.983130"><ele>678.7</ele></trkpt>
      <trkpt lat="42.670980" lon="-6.983290"><ele>679.3</ele></trkpt>
      <trkpt lat="42.671050" lon="-6.983470"><ele>679.8</ele></trkpt>
      <trkpt lat="42.671150" lon="-6.983700"><ele>680.2</ele></trkpt>
      <trkpt lat="42.671250" lon="-6.984010"><ele>680.7</ele></trkpt>
      <trkpt lat="42.671310" lon="-6.984210"><ele>681.2</ele></trkpt>
      <trkpt lat="42.671360" lon="-6.984450"><ele>681.8</ele></trkpt>
      <trkpt lat="42.671410" lon="-6.984660"><ele>682.0</ele></trkpt>
      <trkpt lat="42.671500" lon="-6.984860"><ele>681.6</ele></trkpt>
      <trkpt lat="42.671560" lon="-6.985010"><ele>680.9</ele></trkpt>
      <trkpt lat="42.671630" lon="-6.985220"><ele>680.2</ele></trkpt>
      <trkpt lat="42.671670" lon="-6.985400"><ele>679.7</ele></trkpt>
      <trkpt lat="42.671720" lon="-6.985550"><ele>679.7</ele></trkpt>
      <trkpt lat="42.671730" lon="-6.985600"><ele>679.9</ele></trkpt>
      <trkpt lat="42.671730" lon="-6.985660"><ele>680.3</ele></trkpt>
      <trkpt lat="42.671740" lon="-6.985710"><ele>680.6</ele></trkpt>
      <trkpt lat="42.671760" lon="-6.985790"><ele>681.0</ele></trkpt>
      <trkpt lat="42.671780" lon="-6.985860"><ele>681.3</ele></trkpt>
      <trkpt lat="42.671800" lon="-6.985900"><ele>681.4</ele></trkpt>
      <trkpt lat="42.671820" lon="-6.985950"><ele>681.6</ele></trkpt>
      <trkpt lat="42.671830" lon="-6.985980"><ele>681.7</ele></trkpt>
      <trkpt lat="42.671940" lon="-6.986170"><ele>683.0</ele></trkpt>
      <trkpt lat="42.672060" lon="-6.986280"><ele>683.2</ele></trkpt>
      <trkpt lat="42.672140" lon="-6.986390"><ele>683.5</ele></trkpt>
      <trkpt lat="42.672190" lon="-6.986530"><ele>684.5</ele></trkpt>
      <trkpt lat="42.672240" lon="-6.986670"><ele>685.4</ele></trkpt>
      <trkpt lat="42.672320" lon="-6.986810"><ele>685.8</ele></trkpt>
      <trkpt lat="42.672420" lon="-6.986980"><ele>685.8</ele></trkpt>
      <trkpt lat="42.672460" lon="-6.987080"><ele>685.9</ele></trkpt>
      <trkpt lat="42.672480" lon="-6.987120"><ele>685.8</ele></trkpt>
      <trkpt lat="42.672510" lon="-6.987160"><ele>685.7</ele></trkpt>
      <trkpt lat="42.672530" lon="-6.987210"><ele>685.6</ele></trkpt>
      <trkpt lat="42.672550" lon="-6.987260"><ele>685.4</ele></trkpt>
      <trkpt lat="42.672580" lon="-6.987300"><ele>684.9</ele></trkpt>
      <trkpt lat="42.672610" lon="-6.987360"><ele>684.7</ele></trkpt>
      <trkpt lat="42.672640" lon="-6.987400"><ele>684.8</ele></trkpt>
      <trkpt lat="42.672660" lon="-6.987460"><ele>684.9</ele></trkpt>
      <trkpt lat="42.672700" lon="-6.987500"><ele>684.9</ele></trkpt>
      <trkpt lat="42.672720" lon="-6.987550"><ele>685.0</ele></trkpt>
      <trkpt lat="42.672750" lon="-6.987600"><ele>685.1</ele></trkpt>
      <trkpt lat="42.672770" lon="-6.987650"><ele>685.1</ele></trkpt>
      <trkpt lat="42.672790" lon="-6.987710"><ele>685.3</ele></trkpt>
      <trkpt lat="42.672810" lon="-6.987760"><ele>685.3</ele></trkpt>
      <trkpt lat="42.672830" lon="-6.987810"><ele>685.3</ele></trkpt>
      <trkpt lat="42.672850" lon="-6.987880"><ele>685.5</ele></trkpt>
      <trkpt lat="42.672870" lon="-6.987930"><ele>685.5</ele></trkpt>
      <trkpt lat="42.672880" lon="-6.987990"><ele>685.6</ele></trkpt>
      <trkpt lat="42.672890" lon="-6.988040"><ele>685.7</ele></trkpt>
      <trkpt lat="42.672910" lon="-6.988090"><ele>685.8</ele></trkpt>
      <trkpt lat="42.672920" lon="-6.988180"><ele>686.0</ele></trkpt>
      <trkpt lat="42.672920" lon="-6.988250"><ele>686.2</ele></trkpt>
      <trkpt lat="42.672920" lon="-6.988310"><ele>686.3</ele></trkpt>
      <trkpt lat="42.672920" lon="-6.988380"><ele>686.4</ele></trkpt>
      <trkpt lat="42.672920" lon="-6.988440"><ele>686.4</ele></trkpt>
      <trkpt lat="42.672920" lon="-6.988510"><ele>686.4</ele></trkpt>
      <trkpt lat="42.672920" lon="-6.988560"><ele>686.4</ele></trkpt>
      <trkpt lat="42.672920" lon="-6.988630"><ele>686.4</ele></trkpt>
      <trkpt lat="42.672920" lon="-6.988700"><ele>686.4</ele></trkpt>
      <trkpt lat="42.672920" lon="-6.988750"><ele>686.4</ele></trkpt>
      <trkpt lat="42.672920" lon="-6.988820"><ele>686.4</ele></trkpt>
      <trkpt lat="42.672920" lon="-6.988870"><ele>686.4</ele></trkpt>
      <trkpt lat="42.672920" lon="-6.988950"><ele>686.4</ele></trkpt>
      <trkpt lat="42.672910" lon="-6.988990"><ele>686.5</ele></trkpt>
      <trkpt lat="42.672900" lon="-6.989070"><ele>686.5</ele></trkpt>
      <trkpt lat="42.672890" lon="-6.989120"><ele>686.6</ele></trkpt>
      <trkpt lat="42.672880" lon="-6.989180"><ele>686.6</ele></trkpt>
      <trkpt lat="42.672880" lon="-6.989230"><ele>686.6</ele></trkpt>
      <trkpt lat="42.672870" lon="-6.989280"><ele>686.7</ele></trkpt>
      <trkpt lat="42.672860" lon="-6.989340"><ele>686.8</ele></trkpt>
      <trkpt lat="42.672850" lon="-6.989410"><ele>686.8</ele></trkpt>
      <trkpt lat="42.672840" lon="-6.989460"><ele>686.8</ele></trkpt>
      <trkpt lat="42.672830" lon="-6.989520"><ele>686.8</ele></trkpt>
      <trkpt lat="42.672820" lon="-6.989580"><ele>686.8</ele></trkpt>
      <trkpt lat="42.672810" lon="-6.989660"><ele>686.8</ele></trkpt>
      <trkpt lat="42.672810" lon="-6.989740"><ele>686.8</ele></trkpt>
      <trkpt lat="42.672810" lon="-6.989800"><ele>687.0</ele></trkpt>
      <trkpt lat="42.672800" lon="-6.989840"><ele>687.2</ele></trkpt>
      <trkpt lat="42.672790" lon="-6.989890"><ele>687.4</ele></trkpt>
      <trkpt lat="42.672790" lon="-6.989950"><ele>687.6</ele></trkpt>
      <trkpt lat="42.672780" lon="-6.990010"><ele>687.8</ele></trkpt>
      <trkpt lat="42.672770" lon="-6.990080"><ele>688.0</ele></trkpt>
      <trkpt lat="42.672770" lon="-6.990150"><ele>688.2</ele></trkpt>
      <trkpt lat="42.672770" lon="-6.990210"><ele>688.5</ele></trkpt>
      <trkpt lat="42.672770" lon="-6.990260"><ele>689.0</ele></trkpt>
      <trkpt lat="42.672770" lon="-6.990310"><ele>689.4</ele></trkpt>
      <trkpt lat="42.672780" lon="-6.990390"><ele>690.1</ele></trkpt>
      <trkpt lat="42.672790" lon="-6.990440"><ele>690.5</ele></trkpt>
      <trkpt lat="42.672840" lon="-6.990490"><ele>690.8</ele></trkpt>
      <trkpt lat="42.672870" lon="-6.990520"><ele>691.1</ele></trkpt>
      <trkpt lat="42.672890" lon="-6.990560"><ele>691.3</ele></trkpt>
      <trkpt lat="42.672920" lon="-6.990600"><ele>691.6</ele></trkpt>
      <trkpt lat="42.672950" lon="-6.990650"><ele>691.9</ele></trkpt>
      <trkpt lat="42.672980" lon="-6.990690"><ele>692.2</ele></trkpt>
      <trkpt lat="42.673000" lon="-6.990740"><ele>692.6</ele></trkpt>
      <trkpt lat="42.673020" lon="-6.990780"><ele>693.0</ele></trkpt>
      <trkpt lat="42.673020" lon="-6.990830"><ele>693.4</ele></trkpt>
      <trkpt lat="42.673030" lon="-6.990880"><ele>693.8</ele></trkpt>
      <trkpt lat="42.673040" lon="-6.990940"><ele>694.3</ele></trkpt>
      <trkpt lat="42.673070" lon="-6.990980"><ele>694.7</ele></trkpt>
      <trkpt lat="42.673110" lon="-6.991020"><ele>695.5</ele></trkpt>
      <trkpt lat="42.673140" lon="-6.991060"><ele>696.5</ele></trkpt>
      <trkpt lat="42.673180" lon="-6.991090"><ele>697.3</ele></trkpt>
      <trkpt lat="42.673200" lon="-6.991120"><ele>697.9</ele></trkpt>
      <trkpt lat="42.673200" lon="-6.991170"><ele>698.5</ele></trkpt>
      <trkpt lat="42.673200" lon="-6.991220"><ele>699.1</ele></trkpt>
      <trkpt lat="42.673200" lon="-6.991300"><ele>700.0</ele></trkpt>
      <trkpt lat="42.673200" lon="-6.991350"><ele>700.6</ele></trkpt>
      <trkpt lat="42.673200" lon="-6.991400"><ele>701.2</ele></trkpt>
      <trkpt lat="42.673190" lon="-6.991460"><ele>701.8</ele></trkpt>
      <trkpt lat="42.673180" lon="-6.991510"><ele>702.3</ele></trkpt>
      <trkpt lat="42.673180" lon="-6.991530"><ele>702.4</ele></trkpt>
      <trkpt lat="42.673150" lon="-6.991710"><ele>703.2</ele></trkpt>
      <trkpt lat="42.673140" lon="-6.991870"><ele>703.8</ele></trkpt>
      <trkpt lat="42.673110" lon="-6.992110"><ele>704.6</ele></trkpt>
      <trkpt lat="42.673100" lon="-6.992290"><ele>705.4</ele></trkpt>
      <trkpt lat="42.673110" lon="-6.992440"><ele>706.1</ele></trkpt>
      <trkpt lat="42.673140" lon="-6.992590"><ele>706.4</ele></trkpt>
      <trkpt lat="42.673180" lon="-6.992800"><ele>705.9</ele></trkpt>
      <trkpt lat="42.673210" lon="-6.992960"><ele>705.2</ele></trkpt>
      <trkpt lat="42.673270" lon="-6.993070"><ele>704.7</ele></trkpt>
      <trkpt lat="42.673270" lon="-6.993080"><ele>704.7</ele></trkpt>
      <trkpt lat="42.673320" lon="-6.993180"><ele>704.0</ele></trkpt>
      <trkpt lat="42.673320" lon="-6.993190"><ele>704.0</ele></trkpt>
      <trkpt lat="42.673410" lon="-6.993280"><ele>702.6</ele></trkpt>
      <trkpt lat="42.673420" lon="-6.993290"><ele>702.5</ele></trkpt>
      <trkpt lat="42.673510" lon="-6.993380"><ele>700.6</ele></trkpt>
      <trkpt lat="42.673670" lon="-6.993530"><ele>701.6</ele></trkpt>
      <trkpt lat="42.673780" lon="-6.993560"><ele>702.0</ele></trkpt>
      <trkpt lat="42.673930" lon="-6.993590"><ele>702.5</ele></trkpt>
      <trkpt lat="42.674040" lon="-6.993690"><ele>703.1</ele></trkpt>
      <trkpt lat="42.674140" lon="-6.993800"><ele>704.7</ele></trkpt>
      <trkpt lat="42.674250" lon="-6.993920"><ele>706.5</ele></trkpt>
      <trkpt lat="42.674280" lon="-6.993950"><ele>707.1</ele></trkpt>
      <trkpt lat="42.674310" lon="-6.993990"><ele>707.6</ele></trkpt>
      <trkpt lat="42.674340" lon="-6.994040"><ele>708.2</ele></trkpt>
      <trkpt lat="42.674380" lon="-6.994070"><ele>708.6</ele></trkpt>
      <trkpt lat="42.674420" lon="-6.994090"><ele>709.2</ele></trkpt>
      <trkpt lat="42.674440" lon="-6.994130"><ele>709.5</ele></trkpt>
      <trkpt lat="42.674470" lon="-6.994180"><ele>709.9</ele></trkpt>
      <trkpt lat="42.674500" lon="-6.994230"><ele>710.6</ele></trkpt>
      <trkpt lat="42.674530" lon="-6.994270"><ele>711.5</ele></trkpt>
      <trkpt lat="42.674560" lon="-6.994320"><ele>712.2</ele></trkpt>
      <trkpt lat="42.674590" lon="-6.994360"><ele>713.0</ele></trkpt>
      <trkpt lat="42.674620" lon="-6.994410"><ele>713.6</ele></trkpt>
      <trkpt lat="42.674650" lon="-6.994460"><ele>714.2</ele></trkpt>
      <trkpt lat="42.674690" lon="-6.994520"><ele>714.6</ele></trkpt>
      <trkpt lat="42.674710" lon="-6.994590"><ele>714.6</ele></trkpt>
      <trkpt lat="42.674740" lon="-6.994670"><ele>714.5</ele></trkpt>
      <trkpt lat="42.674770" lon="-6.994730"><ele>714.5</ele></trkpt>
      <trkpt lat="42.674790" lon="-6.994780"><ele>714.3</ele></trkpt>
      <trkpt lat="42.674820" lon="-6.994840"><ele>714.0</ele></trkpt>
      <trkpt lat="42.674860" lon="-6.994930"><ele>713.6</ele></trkpt>
      <trkpt lat="42.674880" lon="-6.994980"><ele>713.2</ele></trkpt>
      <trkpt lat="42.674900" lon="-6.995020"><ele>712.9</ele></trkpt>
      <trkpt lat="42.674920" lon="-6.995070"><ele>712.4</ele></trkpt>
      <trkpt lat="42.674940" lon="-6.995110"><ele>712.4</ele></trkpt>
      <trkpt lat="42.674970" lon="-6.995130"><ele>713.1</ele></trkpt>
      <trkpt lat="42.675020" lon="-6.995150"><ele>714.1</ele></trkpt>
      <trkpt lat="42.675070" lon="-6.995180"><ele>715.2</ele></trkpt>
      <trkpt lat="42.675110" lon="-6.995180"><ele>716.3</ele></trkpt>
      <trkpt lat="42.675160" lon="-6.995210"><ele>717.3</ele></trkpt>
      <trkpt lat="42.675200" lon="-6.995210"><ele>718.3</ele></trkpt>
      <trkpt lat="42.675240" lon="-6.995230"><ele>719.1</ele></trkpt>
      <trkpt lat="42.675280" lon="-6.995230"><ele>720.0</ele></trkpt>
      <trkpt lat="42.675310" lon="-6.995250"><ele>720.8</ele></trkpt>
      <trkpt lat="42.675340" lon="-6.995290"><ele>721.0</ele></trkpt>
      <trkpt lat="42.675380" lon="-6.995330"><ele>721.4</ele></trkpt>
      <trkpt lat="42.675410" lon="-6.995360"><ele>722.0</ele></trkpt>
      <trkpt lat="42.675440" lon="-6.995390"><ele>722.6</ele></trkpt>
      <trkpt lat="42.675470" lon="-6.995430"><ele>723.1</ele></trkpt>
      <trkpt lat="42.675510" lon="-6.995450"><ele>724.0</ele></trkpt>
      <trkpt lat="42.675550" lon="-6.995480"><ele>724.7</ele></trkpt>
      <trkpt lat="42.675580" lon="-6.995500"><ele>725.4</ele></trkpt>
      <trkpt lat="42.675620" lon="-6.995540"><ele>726.0</ele></trkpt>
      <trkpt lat="42.675650" lon="-6.995560"><ele>726.6</ele></trkpt>
      <trkpt lat="42.675690" lon="-6.995600"><ele>727.2</ele></trkpt>
      <trkpt lat="42.675720" lon="-6.995660"><ele>727.1</ele></trkpt>
      <trkpt lat="42.675750" lon="-6.995690"><ele>727.4</ele></trkpt>
      <trkpt lat="42.675790" lon="-6.995730"><ele>727.7</ele></trkpt>
      <trkpt lat="42.675810" lon="-6.995790"><ele>728.0</ele></trkpt>
      <trkpt lat="42.675850" lon="-6.995850"><ele>728.6</ele></trkpt>
      <trkpt lat="42.675890" lon="-6.995900"><ele>729.9</ele></trkpt>
      <trkpt lat="42.675920" lon="-6.995930"><ele>731.3</ele></trkpt>
      <trkpt lat="42.675950" lon="-6.995990"><ele>732.3</ele></trkpt>
      <trkpt lat="42.675970" lon="-6.996040"><ele>732.9</ele></trkpt>
      <trkpt lat="42.675980" lon="-6.996100"><ele>733.0</ele></trkpt>
      <trkpt lat="42.675990" lon="-6.996180"><ele>733.2</ele></trkpt>
      <trkpt lat="42.676010" lon="-6.996250"><ele>734.1</ele></trkpt>
      <trkpt lat="42.676020" lon="-6.996300"><ele>734.4</ele></trkpt>
      <trkpt lat="42.676040" lon="-6.996370"><ele>734.9</ele></trkpt>
      <trkpt lat="42.676050" lon="-6.996430"><ele>735.2</ele></trkpt>
      <trkpt lat="42.676060" lon="-6.996480"><ele>735.5</ele></trkpt>
      <trkpt lat="42.676060" lon="-6.996550"><ele>735.6</ele></trkpt>
      <trkpt lat="42.676070" lon="-6.996590"><ele>735.9</ele></trkpt>
      <trkpt lat="42.676070" lon="-6.996660"><ele>735.7</ele></trkpt>
      <trkpt lat="42.676080" lon="-6.996720"><ele>736.6</ele></trkpt>
      <trkpt lat="42.676080" lon="-6.996800"><ele>737.9</ele></trkpt>
      <trkpt lat="42.676090" lon="-6.996890"><ele>739.2</ele></trkpt>
      <trkpt lat="42.676090" lon="-6.996940"><ele>739.9</ele></trkpt>
      <trkpt lat="42.676090" lon="-6.997010"><ele>740.6</ele></trkpt>
      <trkpt lat="42.676100" lon="-6.997080"><ele>742.0</ele></trkpt>
      <trkpt lat="42.676100" lon="-6.997150"><ele>742.8</ele></trkpt>
      <trkpt lat="42.676090" lon="-6.997200"><ele>743.3</ele></trkpt>
      <trkpt lat="42.676070" lon="-6.997270"><ele>743.2</ele></trkpt>
      <trkpt lat="42.676050" lon="-6.997320"><ele>742.6</ele></trkpt>
      <trkpt lat="42.676020" lon="-6.997360"><ele>741.8</ele></trkpt>
      <trkpt lat="42.675980" lon="-6.997400"><ele>740.4</ele></trkpt>
      <trkpt lat="42.675960" lon="-6.997440"><ele>739.8</ele></trkpt>
      <trkpt lat="42.675940" lon="-6.997480"><ele>739.2</ele></trkpt>
      <trkpt lat="42.675910" lon="-6.997510"><ele>738.4</ele></trkpt>
      <trkpt lat="42.675880" lon="-6.997560"><ele>737.7</ele></trkpt>
      <trkpt lat="42.675840" lon="-6.997600"><ele>736.8</ele></trkpt>
      <trkpt lat="42.675820" lon="-6.997640"><ele>736.7</ele></trkpt>
      <trkpt lat="42.675780" lon="-6.997690"><ele>736.5</ele></trkpt>
      <trkpt lat="42.675750" lon="-6.997730"><ele>736.3</ele></trkpt>
      <trkpt lat="42.675720" lon="-6.997770"><ele>736.1</ele></trkpt>
      <trkpt lat="42.675700" lon="-6.997810"><ele>736.1</ele></trkpt>
      <trkpt lat="42.675670" lon="-6.997860"><ele>736.0</ele></trkpt>
      <trkpt lat="42.675660" lon="-6.997910"><ele>736.0</ele></trkpt>
      <trkpt lat="42.675640" lon="-6.997950"><ele>736.1</ele></trkpt>
      <trkpt lat="42.675640" lon="-6.998010"><ele>736.5</ele></trkpt>
      <trkpt lat="42.675640" lon="-6.998060"><ele>736.8</ele></trkpt>
      <trkpt lat="42.675640" lon="-6.998130"><ele>736.9</ele></trkpt>
      <trkpt lat="42.675640" lon="-6.998180"><ele>737.0</ele></trkpt>
      <trkpt lat="42.675670" lon="-6.998250"><ele>737.8</ele></trkpt>
      <trkpt lat="42.675700" lon="-6.998340"><ele>738.7</ele></trkpt>
      <trkpt lat="42.675710" lon="-6.998390"><ele>739.2</ele></trkpt>
      <trkpt lat="42.675740" lon="-6.998440"><ele>740.0</ele></trkpt>
      <trkpt lat="42.675780" lon="-6.998480"><ele>741.0</ele></trkpt>
      <trkpt lat="42.675820" lon="-6.998510"><ele>742.2</ele></trkpt>
      <trkpt lat="42.675850" lon="-6.998540"><ele>742.8</ele></trkpt>
      <trkpt lat="42.675870" lon="-6.998580"><ele>743.5</ele></trkpt>
      <trkpt lat="42.675900" lon="-6.998610"><ele>744.5</ele></trkpt>
      <trkpt lat="42.675930" lon="-6.998650"><ele>745.6</ele></trkpt>
      <trkpt lat="42.675980" lon="-6.998710"><ele>747.3</ele></trkpt>
      <trkpt lat="42.676010" lon="-6.998750"><ele>748.2</ele></trkpt>
      <trkpt lat="42.676030" lon="-6.998790"><ele>748.8</ele></trkpt>
      <trkpt lat="42.676050" lon="-6.998840"><ele>749.2</ele></trkpt>
      <trkpt lat="42.676070" lon="-6.998900"><ele>749.5</ele></trkpt>
      <trkpt lat="42.676080" lon="-6.998950"><ele>749.7</ele></trkpt>
      <trkpt lat="42.676100" lon="-6.998990"><ele>750.0</ele></trkpt>
      <trkpt lat="42.676100" lon="-6.999000"><ele>749.9</ele></trkpt>
      <trkpt lat="42.676150" lon="-6.999150"><ele>750.1</ele></trkpt>
      <trkpt lat="42.676150" lon="-6.999170"><ele>749.9</ele></trkpt>
      <trkpt lat="42.676230" lon="-6.999410"><ele>750.0</ele></trkpt>
      <trkpt lat="42.676230" lon="-6.999420"><ele>749.9</ele></trkpt>
      <trkpt lat="42.676300" lon="-6.999630"><ele>749.4</ele></trkpt>
      <trkpt lat="42.676360" lon="-6.999800"><ele>748.7</ele></trkpt>
      <trkpt lat="42.676440" lon="-6.999920"><ele>748.8</ele></trkpt>
      <trkpt lat="42.676490" lon="-7.000000"><ele>749.3</ele></trkpt>
      <trkpt lat="42.676600" lon="-7.000090"><ele>751.3</ele></trkpt>
      <trkpt lat="42.676720" lon="-7.000160"><ele>753.5</ele></trkpt>
      <trkpt lat="42.676860" lon="-7.000190"><ele>755.5</ele></trkpt>
      <trkpt lat="42.676870" lon="-7.000190"><ele>755.6</ele></trkpt>
      <trkpt lat="42.677000" lon="-7.000200"><ele>757.2</ele></trkpt>
      <trkpt lat="42.677160" lon="-7.000180"><ele>759.8</ele></trkpt>
      <trkpt lat="42.677340" lon="-7.000180"><ele>762.9</ele></trkpt>
      <trkpt lat="42.677410" lon="-7.000180"><ele>764.4</ele></trkpt>
      <trkpt lat="42.677540" lon="-7.000210"><ele>766.1</ele></trkpt>
      <trkpt lat="42.677570" lon="-7.000230"><ele>766.1</ele></trkpt>
      <trkpt lat="42.677660" lon="-7.000290"><ele>766.1</ele></trkpt>
      <trkpt lat="42.677670" lon="-7.000290"><ele>766.2</ele></trkpt>
      <trkpt lat="42.677800" lon="-7.000360"><ele>767.1</ele></trkpt>
      <trkpt lat="42.678030" lon="-7.000580"><ele>765.5</ele></trkpt>
      <trkpt lat="42.678180" lon="-7.000740"><ele>762.4</ele></trkpt>
      <trkpt lat="42.678380" lon="-7.000960"><ele>764.1</ele></trkpt>
      <trkpt lat="42.678540" lon="-7.001090"><ele>766.6</ele></trkpt>
      <trkpt lat="42.678680" lon="-7.001240"><ele>767.5</ele></trkpt>
      <trkpt lat="42.678810" lon="-7.001470"><ele>767.0</ele></trkpt>
      <trkpt lat="42.678950" lon="-7.001660"><ele>765.5</ele></trkpt>
      <trkpt lat="42.679070" lon="-7.001820"><ele>764.3</ele></trkpt>
      <trkpt lat="42.679230" lon="-7.001970"><ele>767.3</ele></trkpt>
      <trkpt lat="42.679390" lon="-7.002150"><ele>768.8</ele></trkpt>
      <trkpt lat="42.679540" lon="-7.002340"><ele>770.0</ele></trkpt>
      <trkpt lat="42.679670" lon="-7.002480"><ele>771.1</ele></trkpt>
      <trkpt lat="42.679790" lon="-7.002620"><ele>770.9</ele></trkpt>
      <trkpt lat="42.679940" lon="-7.002810"><ele>771.3</ele></trkpt>
      <trkpt lat="42.679970" lon="-7.002830"><ele>771.3</ele></trkpt>
      <trkpt lat="42.680010" lon="-7.002850"><ele>771.3</ele></trkpt>
      <trkpt lat="42.680030" lon="-7.002890"><ele>771.4</ele></trkpt>
      <trkpt lat="42.680050" lon="-7.002940"><ele>771.5</ele></trkpt>
      <trkpt lat="42.680070" lon="-7.002980"><ele>771.7</ele></trkpt>
      <trkpt lat="42.680080" lon="-7.003030"><ele>771.8</ele></trkpt>
      <trkpt lat="42.680100" lon="-7.003080"><ele>771.9</ele></trkpt>
      <trkpt lat="42.680110" lon="-7.003130"><ele>771.9</ele></trkpt>
      <trkpt lat="42.680110" lon="-7.003180"><ele>772.8</ele></trkpt>
      <trkpt lat="42.680110" lon="-7.003240"><ele>774.0</ele></trkpt>
      <trkpt lat="42.680120" lon="-7.003280"><ele>775.0</ele></trkpt>
      <trkpt lat="42.680140" lon="-7.003330"><ele>776.2</ele></trkpt>
      <trkpt lat="42.680150" lon="-7.003380"><ele>777.3</ele></trkpt>
      <trkpt lat="42.680120" lon="-7.003420"><ele>777.8</ele></trkpt>
      <trkpt lat="42.680110" lon="-7.003460"><ele>778.5</ele></trkpt>
      <trkpt lat="42.680080" lon="-7.003490"><ele>778.9</ele></trkpt>
      <trkpt lat="42.680050" lon="-7.003500"><ele>778.9</ele></trkpt>
      <trkpt lat="42.680000" lon="-7.003500"><ele>778.8</ele></trkpt>
      <trkpt lat="42.679960" lon="-7.003490"><ele>779.7</ele></trkpt>
      <trkpt lat="42.679920" lon="-7.003490"><ele>780.4</ele></trkpt>
      <trkpt lat="42.679890" lon="-7.003470"><ele>780.8</ele></trkpt>
      <trkpt lat="42.679850" lon="-7.003470"><ele>781.7</ele></trkpt>
      <trkpt lat="42.679810" lon="-7.003460"><ele>782.4</ele></trkpt>
      <trkpt lat="42.679780" lon="-7.003490"><ele>784.0</ele></trkpt>
      <trkpt lat="42.679770" lon="-7.003550"><ele>785.7</ele></trkpt>
      <trkpt lat="42.679770" lon="-7.003630"><ele>788.1</ele></trkpt>
      <trkpt lat="42.679790" lon="-7.003680"><ele>790.0</ele></trkpt>
      <trkpt lat="42.679810" lon="-7.003720"><ele>791.4</ele></trkpt>
      <trkpt lat="42.679830" lon="-7.003770"><ele>792.7</ele></trkpt>
      <trkpt lat="42.679850" lon="-7.003810"><ele>793.4</ele></trkpt>
      <trkpt lat="42.679880" lon="-7.003860"><ele>795.0</ele></trkpt>
      <trkpt lat="42.679900" lon="-7.003910"><ele>796.3</ele></trkpt>
      <trkpt lat="42.679940" lon="-7.003940"><ele>796.3</ele></trkpt>
      <trkpt lat="42.679970" lon="-7.003960"><ele>796.1</ele></trkpt>
      <trkpt lat="42.680000" lon="-7.003980"><ele>796.0</ele></trkpt>
      <trkpt lat="42.680030" lon="-7.004020"><ele>797.2</ele></trkpt>
      <trkpt lat="42.680060" lon="-7.004060"><ele>798.4</ele></trkpt>
      <trkpt lat="42.680080" lon="-7.004090"><ele>799.8</ele></trkpt>
      <trkpt lat="42.680110" lon="-7.004130"><ele>801.2</ele></trkpt>
      <trkpt lat="42.680130" lon="-7.004170"><ele>803.2</ele></trkpt>
      <trkpt lat="42.680170" lon="-7.004220"><ele>804.9</ele></trkpt>
      <trkpt lat="42.680200" lon="-7.004250"><ele>806.2</ele></trkpt>
      <trkpt lat="42.680230" lon="-7.004290"><ele>807.3</ele></trkpt>
      <trkpt lat="42.680260" lon="-7.004320"><ele>808.4</ele></trkpt>
      <trkpt lat="42.680300" lon="-7.004350"><ele>809.0</ele></trkpt>
      <trkpt lat="42.680320" lon="-7.004390"><ele>810.5</ele></trkpt>
      <trkpt lat="42.680340" lon="-7.004440"><ele>812.0</ele></trkpt>
      <trkpt lat="42.680380" lon="-7.004480"><ele>813.2</ele></trkpt>
      <trkpt lat="42.680410" lon="-7.004520"><ele>814.2</ele></trkpt>
      <trkpt lat="42.680450" lon="-7.004560"><ele>814.9</ele></trkpt>
      <trkpt lat="42.680480" lon="-7.004580"><ele>815.2</ele></trkpt>
      <trkpt lat="42.680510" lon="-7.004620"><ele>816.3</ele></trkpt>
      <trkpt lat="42.680550" lon="-7.004630"><ele>816.4</ele></trkpt>
      <trkpt lat="42.680580" lon="-7.004670"><ele>817.5</ele></trkpt>
      <trkpt lat="42.680600" lon="-7.004710"><ele>818.3</ele></trkpt>
      <trkpt lat="42.680630" lon="-7.004740"><ele>819.1</ele></trkpt>
      <trkpt lat="42.680660" lon="-7.004770"><ele>819.6</ele></trkpt>
      <trkpt lat="42.680700" lon="-7.004810"><ele>820.4</ele></trkpt>
      <trkpt lat="42.680730" lon="-7.004850"><ele>821.1</ele></trkpt>
      <trkpt lat="42.680750" lon="-7.004890"><ele>821.8</ele></trkpt>
      <trkpt lat="42.680790" lon="-7.004920"><ele>822.1</ele></trkpt>
      <trkpt lat="42.680810" lon="-7.004950"><ele>822.5</ele></trkpt>
      <trkpt lat="42.680840" lon="-7.004990"><ele>822.9</ele></trkpt>
      <trkpt lat="42.680870" lon="-7.005010"><ele>823.0</ele></trkpt>
      <trkpt lat="42.680900" lon="-7.005050"><ele>823.6</ele></trkpt>
      <trkpt lat="42.680930" lon="-7.005100"><ele>824.7</ele></trkpt>
      <trkpt lat="42.680960" lon="-7.005130"><ele>825.3</ele></trkpt>
      <trkpt lat="42.681010" lon="-7.005160"><ele>826.5</ele></trkpt>
      <trkpt lat="42.681050" lon="-7.005210"><ele>828.2</ele></trkpt>
      <trkpt lat="42.681090" lon="-7.005260"><ele>829.5</ele></trkpt>
      <trkpt lat="42.681120" lon="-7.005300"><ele>830.5</ele></trkpt>
      <trkpt lat="42.681160" lon="-7.005320"><ele>830.9</ele></trkpt>
      <trkpt lat="42.681190" lon="-7.005340"><ele>831.4</ele></trkpt>
      <trkpt lat="42.681230" lon="-7.005380"><ele>832.1</ele></trkpt>
      <trkpt lat="42.681260" lon="-7.005410"><ele>832.7</ele></trkpt>
      <trkpt lat="42.681300" lon="-7.005450"><ele>833.4</ele></trkpt>
      <trkpt lat="42.681320" lon="-7.005490"><ele>833.9</ele></trkpt>
      <trkpt lat="42.681340" lon="-7.005530"><ele>834.6</ele></trkpt>
      <trkpt lat="42.681360" lon="-7.005570"><ele>835.1</ele></trkpt>
      <trkpt lat="42.681370" lon="-7.005620"><ele>835.9</ele></trkpt>
      <trkpt lat="42.681390" lon="-7.005670"><ele>836.6</ele></trkpt>
      <trkpt lat="42.681410" lon="-7.005710"><ele>837.3</ele></trkpt>
      <trkpt lat="42.681440" lon="-7.005750"><ele>838.3</ele></trkpt>
      <trkpt lat="42.681460" lon="-7.005830"><ele>839.8</ele></trkpt>
      <trkpt lat="42.681480" lon="-7.005880"><ele>840.6</ele></trkpt>
      <trkpt lat="42.681500" lon="-7.005930"><ele>841.6</ele></trkpt>
      <trkpt lat="42.681520" lon="-7.005980"><ele>842.7</ele></trkpt>
      <trkpt lat="42.681530" lon="-7.006040"><ele>843.8</ele></trkpt>
      <trkpt lat="42.681550" lon="-7.006090"><ele>844.9</ele></trkpt>
      <trkpt lat="42.681570" lon="-7.006130"><ele>845.7</ele></trkpt>
      <trkpt lat="42.681600" lon="-7.006180"><ele>846.6</ele></trkpt>
      <trkpt lat="42.681630" lon="-7.006220"><ele>847.3</ele></trkpt>
      <trkpt lat="42.681660" lon="-7.006260"><ele>848.0</ele></trkpt>
      <trkpt lat="42.681690" lon="-7.006300"><ele>848.5</ele></trkpt>
      <trkpt lat="42.681720" lon="-7.006330"><ele>848.8</ele></trkpt>
      <trkpt lat="42.681750" lon="-7.006360"><ele>849.2</ele></trkpt>
      <trkpt lat="42.681790" lon="-7.006400"><ele>849.7</ele></trkpt>
      <trkpt lat="42.681830" lon="-7.006420"><ele>849.8</ele></trkpt>
      <trkpt lat="42.681870" lon="-7.006400"><ele>849.3</ele></trkpt>
      <trkpt lat="42.681890" lon="-7.006350"><ele>849.0</ele></trkpt>
      <trkpt lat="42.681890" lon="-7.006300"><ele>848.3</ele></trkpt>
      <trkpt lat="42.681890" lon="-7.006230"><ele>847.4</ele></trkpt>
      <trkpt lat="42.681880" lon="-7.006180"><ele>846.4</ele></trkpt>
      <trkpt lat="42.681880" lon="-7.006120"><ele>845.7</ele></trkpt>
      <trkpt lat="42.681880" lon="-7.006070"><ele>844.9</ele></trkpt>
      <trkpt lat="42.681880" lon="-7.006010"><ele>844.2</ele></trkpt>
      <trkpt lat="42.681900" lon="-7.005970"><ele>844.3</ele></trkpt>
      <trkpt lat="42.681940" lon="-7.005960"><ele>845.5</ele></trkpt>
      <trkpt lat="42.681980" lon="-7.005960"><ele>846.8</ele></trkpt>
      <trkpt lat="42.682020" lon="-7.005990"><ele>848.4</ele></trkpt>
      <trkpt lat="42.682050" lon="-7.006020"><ele>849.7</ele></trkpt>
      <trkpt lat="42.682080" lon="-7.006070"><ele>851.1</ele></trkpt>
      <trkpt lat="42.682120" lon="-7.006110"><ele>852.5</ele></trkpt>
      <trkpt lat="42.682170" lon="-7.006160"><ele>854.2</ele></trkpt>
      <trkpt lat="42.682210" lon="-7.006190"><ele>855.4</ele></trkpt>
      <trkpt lat="42.682230" lon="-7.006230"><ele>856.1</ele></trkpt>
      <trkpt lat="42.682290" lon="-7.006330"><ele>857.7</ele></trkpt>
      <trkpt lat="42.682300" lon="-7.006350"><ele>858.0</ele></trkpt>
      <trkpt lat="42.682400" lon="-7.006620"><ele>861.3</ele></trkpt>
      <trkpt lat="42.682490" lon="-7.006730"><ele>864.1</ele></trkpt>
      <trkpt lat="42.682560" lon="-7.006840"><ele>865.9</ele></trkpt>
      <trkpt lat="42.682590" lon="-7.006880"><ele>866.5</ele></trkpt>
      <trkpt lat="42.682620" lon="-7.006920"><ele>867.2</ele></trkpt>
      <trkpt lat="42.682630" lon="-7.006980"><ele>867.7</ele></trkpt>
      <trkpt lat="42.682660" lon="-7.007010"><ele>868.2</ele></trkpt>
      <trkpt lat="42.682690" lon="-7.007050"><ele>868.8</ele></trkpt>
      <trkpt lat="42.682720" lon="-7.007080"><ele>869.2</ele></trkpt>
      <trkpt lat="42.682740" lon="-7.007110"><ele>869.6</ele></trkpt>
      <trkpt lat="42.682780" lon="-7.007150"><ele>870.1</ele></trkpt>
      <trkpt lat="42.682820" lon="-7.007180"><ele>870.9</ele></trkpt>
      <trkpt lat="42.682850" lon="-7.007230"><ele>871.7</ele></trkpt>
      <trkpt lat="42.682870" lon="-7.007260"><ele>872.3</ele></trkpt>
      <trkpt lat="42.682910" lon="-7.007300"><ele>873.0</ele></trkpt>
      <trkpt lat="42.682940" lon="-7.007340"><ele>873.9</ele></trkpt>
      <trkpt lat="42.682970" lon="-7.007370"><ele>875.0</ele></trkpt>
      <trkpt lat="42.683000" lon="-7.007410"><ele>875.9</ele></trkpt>
      <trkpt lat="42.683040" lon="-7.007450"><ele>876.8</ele></trkpt>
      <trkpt lat="42.683070" lon="-7.007480"><ele>877.6</ele></trkpt>
      <trkpt lat="42.683090" lon="-7.007510"><ele>878.2</ele></trkpt>
      <trkpt lat="42.683120" lon="-7.007530"><ele>878.8</ele></trkpt>
      <trkpt lat="42.683150" lon="-7.007560"><ele>879.4</ele></trkpt>
      <trkpt lat="42.683170" lon="-7.007600"><ele>879.8</ele></trkpt>
      <trkpt lat="42.683190" lon="-7.007670"><ele>880.0</ele></trkpt>
      <trkpt lat="42.683210" lon="-7.007710"><ele>880.3</ele></trkpt>
      <trkpt lat="42.683240" lon="-7.007740"><ele>880.7</ele></trkpt>
      <trkpt lat="42.683280" lon="-7.007760"><ele>881.2</ele></trkpt>
      <trkpt lat="42.683320" lon="-7.007770"><ele>881.8</ele></trkpt>
      <trkpt lat="42.683350" lon="-7.007770"><ele>882.3</ele></trkpt>
      <trkpt lat="42.683390" lon="-7.007760"><ele>882.8</ele></trkpt>
      <trkpt lat="42.683410" lon="-7.007720"><ele>883.2</ele></trkpt>
      <trkpt lat="42.683420" lon="-7.007680"><ele>883.4</ele></trkpt>
      <trkpt lat="42.683430" lon="-7.007610"><ele>883.7</ele></trkpt>
      <trkpt lat="42.683440" lon="-7.007550"><ele>883.9</ele></trkpt>
      <trkpt lat="42.683450" lon="-7.007500"><ele>884.1</ele></trkpt>
      <trkpt lat="42.683450" lon="-7.007450"><ele>884.2</ele></trkpt>
      <trkpt lat="42.683470" lon="-7.007410"><ele>884.5</ele></trkpt>
      <trkpt lat="42.683510" lon="-7.007380"><ele>885.0</ele></trkpt>
      <trkpt lat="42.683540" lon="-7.007360"><ele>885.4</ele></trkpt>
      <trkpt lat="42.683570" lon="-7.007350"><ele>885.8</ele></trkpt>
      <trkpt lat="42.683620" lon="-7.007350"><ele>886.4</ele></trkpt>
      <trkpt lat="42.683660" lon="-7.007350"><ele>886.9</ele></trkpt>
      <trkpt lat="42.683700" lon="-7.007360"><ele>887.4</ele></trkpt>
      <trkpt lat="42.683730" lon="-7.007390"><ele>887.7</ele></trkpt>
      <trkpt lat="42.683760" lon="-7.007430"><ele>888.0</ele></trkpt>
      <trkpt lat="42.683790" lon="-7.007460"><ele>888.2</ele></trkpt>
      <trkpt lat="42.683820" lon="-7.007490"><ele>888.6</ele></trkpt>
      <trkpt lat="42.683840" lon="-7.007530"><ele>888.8</ele></trkpt>
      <trkpt lat="42.683920" lon="-7.007640"><ele>889.9</ele></trkpt>
      <trkpt lat="42.683990" lon="-7.007730"><ele>891.0</ele></trkpt>
      <trkpt lat="42.684060" lon="-7.007860"><ele>892.4</ele></trkpt>
      <trkpt lat="42.684170" lon="-7.008010"><ele>894.6</ele></trkpt>
      <trkpt lat="42.684200" lon="-7.008050"><ele>894.6</ele></trkpt>
      <trkpt lat="42.684230" lon="-7.008100"><ele>894.7</ele></trkpt>
      <trkpt lat="42.684240" lon="-7.008150"><ele>894.9</ele></trkpt>
      <trkpt lat="42.684240" lon="-7.008200"><ele>895.2</ele></trkpt>
      <trkpt lat="42.684250" lon="-7.008260"><ele>895.6</ele></trkpt>
      <trkpt lat="42.684250" lon="-7.008320"><ele>896.2</ele></trkpt>
      <trkpt lat="42.684250" lon="-7.008380"><ele>896.7</ele></trkpt>
      <trkpt lat="42.684250" lon="-7.008430"><ele>897.2</ele></trkpt>
      <trkpt lat="42.684250" lon="-7.008500"><ele>897.8</ele></trkpt>
      <trkpt lat="42.684260" lon="-7.008560"><ele>898.3</ele></trkpt>
      <trkpt lat="42.684270" lon="-7.008610"><ele>898.8</ele></trkpt>
      <trkpt lat="42.684290" lon="-7.008640"><ele>899.2</ele></trkpt>
      <trkpt lat="42.684300" lon="-7.008650"><ele>899.4</ele></trkpt>
      <trkpt lat="42.684320" lon="-7.008730"><ele>900.2</ele></trkpt>
      <trkpt lat="42.684400" lon="-7.008790"><ele>901.3</ele></trkpt>
      <trkpt lat="42.684470" lon="-7.008800"><ele>902.0</ele></trkpt>
      <trkpt lat="42.684560" lon="-7.008820"><ele>902.8</ele></trkpt>
      <trkpt lat="42.684580" lon="-7.008820"><ele>902.9</ele></trkpt>
      <trkpt lat="42.684630" lon="-7.008820"><ele>903.3</ele></trkpt>
      <trkpt lat="42.684650" lon="-7.008990"><ele>905.7</ele></trkpt>
      <trkpt lat="42.684650" lon="-7.009140"><ele>907.8</ele></trkpt>
      <trkpt lat="42.684670" lon="-7.009230"><ele>908.6</ele></trkpt>
      <trkpt lat="42.684680" lon="-7.009360"><ele>909.4</ele></trkpt>
      <trkpt lat="42.684720" lon="-7.009440"><ele>910.2</ele></trkpt>
      <trkpt lat="42.684750" lon="-7.009470"><ele>910.5</ele></trkpt>
      <trkpt lat="42.684780" lon="-7.009510"><ele>910.9</ele></trkpt>
      <trkpt lat="42.684810" lon="-7.009530"><ele>911.2</ele></trkpt>
      <trkpt lat="42.684840" lon="-7.009550"><ele>911.5</ele></trkpt>
      <trkpt lat="42.684880" lon="-7.009570"><ele>911.7</ele></trkpt>
      <trkpt lat="42.684910" lon="-7.009580"><ele>912.0</ele></trkpt>
      <trkpt lat="42.684950" lon="-7.009590"><ele>912.2</ele></trkpt>
      <trkpt lat="42.684980" lon="-7.009620"><ele>912.5</ele></trkpt>
      <trkpt lat="42.685010" lon="-7.009670"><ele>912.8</ele></trkpt>
      <trkpt lat="42.685030" lon="-7.009710"><ele>913.0</ele></trkpt>
      <trkpt lat="42.685050" lon="-7.009760"><ele>913.3</ele></trkpt>
      <trkpt lat="42.685070" lon="-7.009800"><ele>913.5</ele></trkpt>
      <trkpt lat="42.685110" lon="-7.009830"><ele>913.7</ele></trkpt>
      <trkpt lat="42.685140" lon="-7.009860"><ele>914.0</ele></trkpt>
      <trkpt lat="42.685180" lon="-7.009880"><ele>914.3</ele></trkpt>
      <trkpt lat="42.685210" lon="-7.009900"><ele>914.6</ele></trkpt>
      <trkpt lat="42.685250" lon="-7.009920"><ele>915.0</ele></trkpt>
      <trkpt lat="42.685280" lon="-7.009950"><ele>915.4</ele></trkpt>
      <trkpt lat="42.685320" lon="-7.009980"><ele>915.8</ele></trkpt>
      <trkpt lat="42.685350" lon="-7.009990"><ele>916.1</ele></trkpt>
      <trkpt lat="42.685380" lon="-7.010000"><ele>916.5</ele></trkpt>
      <trkpt lat="42.685430" lon="-7.010040"><ele>917.0</ele></trkpt>
      <trkpt lat="42.685460" lon="-7.010080"><ele>917.7</ele></trkpt>
      <trkpt lat="42.685500" lon="-7.010110"><ele>917.9</ele></trkpt>
      <trkpt lat="42.685540" lon="-7.010140"><ele>918.2</ele></trkpt>
      <trkpt lat="42.685570" lon="-7.010170"><ele>918.5</ele></trkpt>
      <trkpt lat="42.685600" lon="-7.010200"><ele>918.7</ele></trkpt>
      <trkpt lat="42.685640" lon="-7.010230"><ele>918.9</ele></trkpt>
      <trkpt lat="42.685670" lon="-7.010270"><ele>919.2</ele></trkpt>
      <trkpt lat="42.685710" lon="-7.010300"><ele>919.6</ele></trkpt>
      <trkpt lat="42.685750" lon="-7.010310"><ele>920.0</ele></trkpt>
      <trkpt lat="42.685780" lon="-7.010350"><ele>920.4</ele></trkpt>
      <trkpt lat="42.685810" lon="-7.010380"><ele>920.8</ele></trkpt>
      <trkpt lat="42.685850" lon="-7.010410"><ele>921.3</ele></trkpt>
      <trkpt lat="42.685900" lon="-7.010440"><ele>922.0</ele></trkpt>
      <trkpt lat="42.685940" lon="-7.010450"><ele>922.6</ele></trkpt>
      <trkpt lat="42.685990" lon="-7.010480"><ele>923.3</ele></trkpt>
      <trkpt lat="42.686020" lon="-7.010480"><ele>923.8</ele></trkpt>
      <trkpt lat="42.686060" lon="-7.010510"><ele>924.5</ele></trkpt>
      <trkpt lat="42.686110" lon="-7.010550"><ele>925.4</ele></trkpt>
      <trkpt lat="42.686140" lon="-7.010570"><ele>926.0</ele></trkpt>
      <trkpt lat="42.686180" lon="-7.010580"><ele>926.9</ele></trkpt>
      <trkpt lat="42.686220" lon="-7.010590"><ele>927.6</ele></trkpt>
      <trkpt lat="42.686270" lon="-7.010610"><ele>928.5</ele></trkpt>
      <trkpt lat="42.686300" lon="-7.010640"><ele>929.3</ele></trkpt>
      <trkpt lat="42.686340" lon="-7.010670"><ele>930.2</ele></trkpt>
      <trkpt lat="42.686370" lon="-7.010710"><ele>931.1</ele></trkpt>
      <trkpt lat="42.686390" lon="-7.010750"><ele>932.1</ele></trkpt>
      <trkpt lat="42.686430" lon="-7.010790"><ele>933.3</ele></trkpt>
      <trkpt lat="42.686460" lon="-7.010820"><ele>934.2</ele></trkpt>
      <trkpt lat="42.686480" lon="-7.010860"><ele>935.2</ele></trkpt>
      <trkpt lat="42.686500" lon="-7.010890"><ele>935.9</ele></trkpt>
      <trkpt lat="42.686580" lon="-7.011050"><ele>939.0</ele></trkpt>
      <trkpt lat="42.686590" lon="-7.011050"><ele>939.1</ele></trkpt>
      <trkpt lat="42.686650" lon="-7.011170"><ele>941.2</ele></trkpt>
      <trkpt lat="42.686720" lon="-7.011270"><ele>943.4</ele></trkpt>
      <trkpt lat="42.686780" lon="-7.011410"><ele>945.8</ele></trkpt>
      <trkpt lat="42.686820" lon="-7.011520"><ele>947.7</ele></trkpt>
      <trkpt lat="42.686870" lon="-7.011640"><ele>949.9</ele></trkpt>
      <trkpt lat="42.686870" lon="-7.011690"><ele>950.4</ele></trkpt>
      <trkpt lat="42.686870" lon="-7.011750"><ele>951.0</ele></trkpt>
      <trkpt lat="42.686860" lon="-7.011790"><ele>951.1</ele></trkpt>
      <trkpt lat="42.686850" lon="-7.011840"><ele>951.4</ele></trkpt>
      <trkpt lat="42.686840" lon="-7.011890"><ele>951.5</ele></trkpt>
      <trkpt lat="42.686820" lon="-7.011940"><ele>951.6</ele></trkpt>
      <trkpt lat="42.686800" lon="-7.011990"><ele>951.7</ele></trkpt>
      <trkpt lat="42.686770" lon="-7.012030"><ele>951.5</ele></trkpt>
      <trkpt lat="42.686750" lon="-7.012070"><ele>951.4</ele></trkpt>
      <trkpt lat="42.686740" lon="-7.012110"><ele>951.5</ele></trkpt>
      <trkpt lat="42.686710" lon="-7.012160"><ele>951.4</ele></trkpt>
      <trkpt lat="42.686680" lon="-7.012210"><ele>951.3</ele></trkpt>
      <trkpt lat="42.686660" lon="-7.012240"><ele>951.0</ele></trkpt>
      <trkpt lat="42.686620" lon="-7.012260"><ele>950.6</ele></trkpt>
      <trkpt lat="42.686610" lon="-7.012300"><ele>950.5</ele></trkpt>
      <trkpt lat="42.686590" lon="-7.012350"><ele>950.7</ele></trkpt>
      <trkpt lat="42.686590" lon="-7.012410"><ele>951.0</ele></trkpt>
      <trkpt lat="42.686610" lon="-7.012490"><ele>950.6</ele></trkpt>
      <trkpt lat="42.686630" lon="-7.012530"><ele>950.6</ele></trkpt>
      <trkpt lat="42.686710" lon="-7.012620"><ele>951.6</ele></trkpt>
      <trkpt lat="42.686780" lon="-7.012740"><ele>952.0</ele></trkpt>
      <trkpt lat="42.686850" lon="-7.012830"><ele>953.1</ele></trkpt>
      <trkpt lat="42.686860" lon="-7.012840"><ele>953.1</ele></trkpt>
      <trkpt lat="42.686920" lon="-7.012920"><ele>953.5</ele></trkpt>
      <trkpt lat="42.686940" lon="-7.012930"><ele>953.9</ele></trkpt>
      <trkpt lat="42.687020" lon="-7.013000"><ele>954.7</ele></trkpt>
      <trkpt lat="42.687130" lon="-7.013040"><ele>956.1</ele></trkpt>
      <trkpt lat="42.687260" lon="-7.013040"><ele>958.3</ele></trkpt>
      <trkpt lat="42.687260" lon="-7.013040"><ele>958.4</ele></trkpt>
      <trkpt lat="42.687380" lon="-7.012990"><ele>960.8</ele></trkpt>
      <trkpt lat="42.687470" lon="-7.012950"><ele>962.2</ele></trkpt>
      <trkpt lat="42.687470" lon="-7.012940"><ele>962.3</ele></trkpt>
      <trkpt lat="42.687550" lon="-7.012840"><ele>963.8</ele></trkpt>
      <trkpt lat="42.687610" lon="-7.012780"><ele>964.8</ele></trkpt>
      <trkpt lat="42.687670" lon="-7.012740"><ele>965.6</ele></trkpt>
      <trkpt lat="42.687700" lon="-7.012710"><ele>966.1</ele></trkpt>
      <trkpt lat="42.687720" lon="-7.012690"><ele>966.4</ele></trkpt>
      <trkpt lat="42.687740" lon="-7.012660"><ele>966.8</ele></trkpt>
      <trkpt lat="42.687790" lon="-7.012660"><ele>967.2</ele></trkpt>
      <trkpt lat="42.687830" lon="-7.012650"><ele>967.7</ele></trkpt>
      <trkpt lat="42.687850" lon="-7.012650"><ele>967.9</ele></trkpt>
      <trkpt lat="42.687950" lon="-7.012650"><ele>968.7</ele></trkpt>
      <trkpt lat="42.688070" lon="-7.012680"><ele>969.5</ele></trkpt>
      <trkpt lat="42.688260" lon="-7.012730"><ele>970.7</ele></trkpt>
      <trkpt lat="42.688370" lon="-7.012750"><ele>971.5</ele></trkpt>
      <trkpt lat="42.688540" lon="-7.012800"><ele>972.8</ele></trkpt>
      <trkpt lat="42.688700" lon="-7.012810"><ele>974.4</ele></trkpt>
      <trkpt lat="42.688840" lon="-7.012850"><ele>975.9</ele></trkpt>
      <trkpt lat="42.688950" lon="-7.012900"><ele>977.1</ele></trkpt>
      <trkpt lat="42.688980" lon="-7.012910"><ele>977.5</ele></trkpt>
      <trkpt lat="42.689020" lon="-7.012940"><ele>978.2</ele></trkpt>
      <trkpt lat="42.689050" lon="-7.012970"><ele>978.8</ele></trkpt>
      <trkpt lat="42.689090" lon="-7.012990"><ele>979.5</ele></trkpt>
      <trkpt lat="42.689130" lon="-7.013010"><ele>980.3</ele></trkpt>
      <trkpt lat="42.689170" lon="-7.013040"><ele>981.1</ele></trkpt>
      <trkpt lat="42.689190" lon="-7.013080"><ele>981.9</ele></trkpt>
      <trkpt lat="42.689210" lon="-7.013130"><ele>983.1</ele></trkpt>
      <trkpt lat="42.689240" lon="-7.013180"><ele>984.3</ele></trkpt>
      <trkpt lat="42.689250" lon="-7.013230"><ele>985.4</ele></trkpt>
      <trkpt lat="42.689260" lon="-7.013280"><ele>986.4</ele></trkpt>
      <trkpt lat="42.689280" lon="-7.013340"><ele>987.4</ele></trkpt>
      <trkpt lat="42.689300" lon="-7.013380"><ele>987.6</ele></trkpt>
      <trkpt lat="42.689320" lon="-7.013450"><ele>987.9</ele></trkpt>
      <trkpt lat="42.689330" lon="-7.013500"><ele>988.0</ele></trkpt>
      <trkpt lat="42.689360" lon="-7.013560"><ele>988.6</ele></trkpt>
      <trkpt lat="42.689380" lon="-7.013610"><ele>989.0</ele></trkpt>
      <trkpt lat="42.689410" lon="-7.013670"><ele>989.6</ele></trkpt>
      <trkpt lat="42.689430" lon="-7.013710"><ele>990.1</ele></trkpt>
      <trkpt lat="42.689460" lon="-7.013760"><ele>990.9</ele></trkpt>
      <trkpt lat="42.689470" lon="-7.013810"><ele>991.3</ele></trkpt>
      <trkpt lat="42.689490" lon="-7.013860"><ele>991.9</ele></trkpt>
      <trkpt lat="42.689520" lon="-7.013920"><ele>992.6</ele></trkpt>
      <trkpt lat="42.689540" lon="-7.013970"><ele>993.3</ele></trkpt>
      <trkpt lat="42.689640" lon="-7.014160"><ele>996.6</ele></trkpt>
      <trkpt lat="42.689710" lon="-7.014300"><ele>999.0</ele></trkpt>
      <trkpt lat="42.689770" lon="-7.014460"><ele>998.9</ele></trkpt>
      <trkpt lat="42.689830" lon="-7.014590"><ele>999.5</ele></trkpt>
      <trkpt lat="42.689960" lon="-7.014750"><ele>1001.7</ele></trkpt>
      <trkpt lat="42.690000" lon="-7.014780"><ele>1002.3</ele></trkpt>
      <trkpt lat="42.690030" lon="-7.014800"><ele>1002.9</ele></trkpt>
      <trkpt lat="42.690060" lon="-7.014830"><ele>1003.4</ele></trkpt>
      <trkpt lat="42.690070" lon="-7.014880"><ele>1003.3</ele></trkpt>
      <trkpt lat="42.690100" lon="-7.014900"><ele>1003.8</ele></trkpt>
      <trkpt lat="42.690140" lon="-7.014940"><ele>1004.4</ele></trkpt>
      <trkpt lat="42.690180" lon="-7.014950"><ele>1005.3</ele></trkpt>
      <trkpt lat="42.690210" lon="-7.014970"><ele>1006.0</ele></trkpt>
      <trkpt lat="42.690250" lon="-7.014980"><ele>1006.6</ele></trkpt>
      <trkpt lat="42.690330" lon="-7.015010"><ele>1007.6</ele></trkpt>
      <trkpt lat="42.690360" lon="-7.015020"><ele>1007.9</ele></trkpt>
      <trkpt lat="42.690490" lon="-7.015040"><ele>1010.2</ele></trkpt>
      <trkpt lat="42.690660" lon="-7.015070"><ele>1012.9</ele></trkpt>
      <trkpt lat="42.690810" lon="-7.015080"><ele>1015.6</ele></trkpt>
      <trkpt lat="42.690820" lon="-7.015080"><ele>1015.9</ele></trkpt>
      <trkpt lat="42.690940" lon="-7.015090"><ele>1017.9</ele></trkpt>
      <trkpt lat="42.690960" lon="-7.015100"><ele>1018.2</ele></trkpt>
      <trkpt lat="42.691020" lon="-7.015110"><ele>1019.4</ele></trkpt>
      <trkpt lat="42.691050" lon="-7.015110"><ele>1019.9</ele></trkpt>
      <trkpt lat="42.691110" lon="-7.015120"><ele>1020.9</ele></trkpt>
      <trkpt lat="42.691120" lon="-7.015120"><ele>1021.1</ele></trkpt>
      <trkpt lat="42.691160" lon="-7.015150"><ele>1021.8</ele></trkpt>
      <trkpt lat="42.691190" lon="-7.015150"><ele>1022.3</ele></trkpt>
      <trkpt lat="42.691270" lon="-7.015170"><ele>1023.9</ele></trkpt>
      <trkpt lat="42.691290" lon="-7.015170"><ele>1024.2</ele></trkpt>
      <trkpt lat="42.691380" lon="-7.015190"><ele>1025.7</ele></trkpt>
      <trkpt lat="42.691390" lon="-7.015190"><ele>1026.0</ele></trkpt>
      <trkpt lat="42.691480" lon="-7.015210"><ele>1027.6</ele></trkpt>
      <trkpt lat="42.691490" lon="-7.015220"><ele>1027.7</ele></trkpt>
      <trkpt lat="42.691570" lon="-7.015250"><ele>1028.9</ele></trkpt>
      <trkpt lat="42.691590" lon="-7.015250"><ele>1029.5</ele></trkpt>
      <trkpt lat="42.691640" lon="-7.015260"><ele>1030.5</ele></trkpt>
      <trkpt lat="42.691670" lon="-7.015270"><ele>1031.2</ele></trkpt>
      <trkpt lat="42.691730" lon="-7.015300"><ele>1032.5</ele></trkpt>
      <trkpt lat="42.691740" lon="-7.015300"><ele>1032.7</ele></trkpt>
      <trkpt lat="42.691820" lon="-7.015360"><ele>1034.5</ele></trkpt>
      <trkpt lat="42.691850" lon="-7.015380"><ele>1035.1</ele></trkpt>
      <trkpt lat="42.691890" lon="-7.015410"><ele>1036.1</ele></trkpt>
      <trkpt lat="42.691920" lon="-7.015440"><ele>1036.9</ele></trkpt>
      <trkpt lat="42.691960" lon="-7.015460"><ele>1037.9</ele></trkpt>
      <trkpt lat="42.692000" lon="-7.015490"><ele>1038.9</ele></trkpt>
      <trkpt lat="42.692030" lon="-7.015530"><ele>1039.7</ele></trkpt>
      <trkpt lat="42.692050" lon="-7.015560"><ele>1040.4</ele></trkpt>
      <trkpt lat="42.692070" lon="-7.015610"><ele>1041.1</ele></trkpt>
      <trkpt lat="42.692100" lon="-7.015650"><ele>1041.7</ele></trkpt>
      <trkpt lat="42.692120" lon="-7.015690"><ele>1042.1</ele></trkpt>
      <trkpt lat="42.692130" lon="-7.015740"><ele>1042.1</ele></trkpt>
      <trkpt lat="42.692150" lon="-7.015790"><ele>1042.6</ele></trkpt>
      <trkpt lat="42.692160" lon="-7.015800"><ele>1042.9</ele></trkpt>
      <trkpt lat="42.692220" lon="-7.015870"><ele>1044.5</ele></trkpt>
      <trkpt lat="42.692260" lon="-7.015970"><ele>1045.3</ele></trkpt>
      <trkpt lat="42.692310" lon="-7.016090"><ele>1046.6</ele></trkpt>
      <trkpt lat="42.692350" lon="-7.016170"><ele>1047.1</ele></trkpt>
      <trkpt lat="42.692380" lon="-7.016290"><ele>1047.3</ele></trkpt>
      <trkpt lat="42.692430" lon="-7.016370"><ele>1048.3</ele></trkpt>
      <trkpt lat="42.692500" lon="-7.016450"><ele>1050.5</ele></trkpt>
      <trkpt lat="42.692540" lon="-7.016490"><ele>1051.4</ele></trkpt>
      <trkpt lat="42.692550" lon="-7.016640"><ele>1049.8</ele></trkpt>
      <trkpt lat="42.692600" lon="-7.016770"><ele>1049.8</ele></trkpt>
      <trkpt lat="42.692670" lon="-7.016910"><ele>1050.7</ele></trkpt>
      <trkpt lat="42.692750" lon="-7.017070"><ele>1051.2</ele></trkpt>
      <trkpt lat="42.692910" lon="-7.017310"><ele>1053.0</ele></trkpt>
      <trkpt lat="42.693010" lon="-7.017470"><ele>1053.9</ele></trkpt>
      <trkpt lat="42.693120" lon="-7.017620"><ele>1053.8</ele></trkpt>
      <trkpt lat="42.693210" lon="-7.017720"><ele>1054.5</ele></trkpt>
      <trkpt lat="42.693300" lon="-7.017780"><ele>1055.6</ele></trkpt>
      <trkpt lat="42.693400" lon="-7.017870"><ele>1056.0</ele></trkpt>
      <trkpt lat="42.693530" lon="-7.017970"><ele>1056.5</ele></trkpt>
      <trkpt lat="42.693600" lon="-7.018040"><ele>1056.1</ele></trkpt>
      <trkpt lat="42.693790" lon="-7.018120"><ele>1057.8</ele></trkpt>
      <trkpt lat="42.693830" lon="-7.018130"><ele>1058.4</ele></trkpt>
      <trkpt lat="42.693860" lon="-7.018130"><ele>1059.0</ele></trkpt>
      <trkpt lat="42.693900" lon="-7.018140"><ele>1059.4</ele></trkpt>
      <trkpt lat="42.693940" lon="-7.018140"><ele>1060.0</ele></trkpt>
      <trkpt lat="42.693980" lon="-7.018160"><ele>1060.4</ele></trkpt>
      <trkpt lat="42.694090" lon="-7.018180"><ele>1061.5</ele></trkpt>
      <trkpt lat="42.694200" lon="-7.018230"><ele>1062.1</ele></trkpt>
      <trkpt lat="42.694290" lon="-7.018270"><ele>1062.7</ele></trkpt>
      <trkpt lat="42.694330" lon="-7.018290"><ele>1062.8</ele></trkpt>
      <trkpt lat="42.694370" lon="-7.018300"><ele>1063.2</ele></trkpt>
      <trkpt lat="42.694420" lon="-7.018320"><ele>1063.5</ele></trkpt>
      <trkpt lat="42.694470" lon="-7.018330"><ele>1063.6</ele></trkpt>
      <trkpt lat="42.694510" lon="-7.018350"><ele>1063.7</ele></trkpt>
      <trkpt lat="42.694540" lon="-7.018370"><ele>1063.7</ele></trkpt>
      <trkpt lat="42.694590" lon="-7.018380"><ele>1064.0</ele></trkpt>
      <trkpt lat="42.694630" lon="-7.018410"><ele>1063.9</ele></trkpt>
      <trkpt lat="42.694670" lon="-7.018420"><ele>1063.9</ele></trkpt>
      <trkpt lat="42.694700" lon="-7.018440"><ele>1063.9</ele></trkpt>
      <trkpt lat="42.694740" lon="-7.018450"><ele>1064.0</ele></trkpt>
      <trkpt lat="42.694780" lon="-7.018480"><ele>1064.0</ele></trkpt>
      <trkpt lat="42.694810" lon="-7.018500"><ele>1063.8</ele></trkpt>
      <trkpt lat="42.694840" lon="-7.018520"><ele>1063.7</ele></trkpt>
      <trkpt lat="42.694880" lon="-7.018550"><ele>1063.2</ele></trkpt>
      <trkpt lat="42.694910" lon="-7.018580"><ele>1062.8</ele></trkpt>
      <trkpt lat="42.694950" lon="-7.018600"><ele>1062.5</ele></trkpt>
      <trkpt lat="42.694990" lon="-7.018630"><ele>1062.3</ele></trkpt>
      <trkpt lat="42.695020" lon="-7.018640"><ele>1062.4</ele></trkpt>
      <trkpt lat="42.695060" lon="-7.018640"><ele>1062.8</ele></trkpt>
      <trkpt lat="42.695110" lon="-7.018640"><ele>1063.2</ele></trkpt>
      <trkpt lat="42.695150" lon="-7.018640"><ele>1063.6</ele></trkpt>
      <trkpt lat="42.695190" lon="-7.018640"><ele>1064.0</ele></trkpt>
      <trkpt lat="42.695240" lon="-7.018640"><ele>1064.5</ele></trkpt>
      <trkpt lat="42.695280" lon="-7.018630"><ele>1065.0</ele></trkpt>
      <trkpt lat="42.695320" lon="-7.018620"><ele>1065.4</ele></trkpt>
      <trkpt lat="42.695360" lon="-7.018610"><ele>1065.8</ele></trkpt>
      <trkpt lat="42.695390" lon="-7.018600"><ele>1066.3</ele></trkpt>
      <trkpt lat="42.695430" lon="-7.018590"><ele>1066.8</ele></trkpt>
      <trkpt lat="42.695470" lon="-7.018570"><ele>1067.4</ele></trkpt>
      <trkpt lat="42.695500" lon="-7.018550"><ele>1067.9</ele></trkpt>
      <trkpt lat="42.695540" lon="-7.018530"><ele>1068.5</ele></trkpt>
      <trkpt lat="42.695580" lon="-7.018510"><ele>1069.2</ele></trkpt>
      <trkpt lat="42.695630" lon="-7.018470"><ele>1070.1</ele></trkpt>
      <trkpt lat="42.695670" lon="-7.018450"><ele>1070.8</ele></trkpt>
      <trkpt lat="42.695700" lon="-7.018430"><ele>1071.3</ele></trkpt>
      <trkpt lat="42.695740" lon="-7.018430"><ele>1071.4</ele></trkpt>
      <trkpt lat="42.695780" lon="-7.018430"><ele>1071.6</ele></trkpt>
      <trkpt lat="42.695820" lon="-7.018430"><ele>1071.7</ele></trkpt>
      <trkpt lat="42.695860" lon="-7.018420"><ele>1072.1</ele></trkpt>
      <trkpt lat="42.695910" lon="-7.018420"><ele>1072.2</ele></trkpt>
      <trkpt lat="42.695950" lon="-7.018420"><ele>1072.3</ele></trkpt>
      <trkpt lat="42.696000" lon="-7.018420"><ele>1072.5</ele></trkpt>
      <trkpt lat="42.696040" lon="-7.018420"><ele>1072.6</ele></trkpt>
      <trkpt lat="42.696080" lon="-7.018420"><ele>1072.7</ele></trkpt>
      <trkpt lat="42.696120" lon="-7.018420"><ele>1072.9</ele></trkpt>
      <trkpt lat="42.696160" lon="-7.018420"><ele>1073.0</ele></trkpt>
      <trkpt lat="42.696210" lon="-7.018420"><ele>1073.1</ele></trkpt>
      <trkpt lat="42.696250" lon="-7.018410"><ele>1073.2</ele></trkpt>
      <trkpt lat="42.696290" lon="-7.018410"><ele>1073.3</ele></trkpt>
      <trkpt lat="42.696330" lon="-7.018410"><ele>1073.3</ele></trkpt>
      <trkpt lat="42.696380" lon="-7.018410"><ele>1073.4</ele></trkpt>
      <trkpt lat="42.696420" lon="-7.018430"><ele>1073.5</ele></trkpt>
      <trkpt lat="42.696450" lon="-7.018460"><ele>1073.7</ele></trkpt>
      <trkpt lat="42.696480" lon="-7.018490"><ele>1074.0</ele></trkpt>
      <trkpt lat="42.696510" lon="-7.018510"><ele>1074.2</ele></trkpt>
      <trkpt lat="42.696540" lon="-7.018560"><ele>1074.8</ele></trkpt>
      <trkpt lat="42.696570" lon="-7.018570"><ele>1075.0</ele></trkpt>
      <trkpt lat="42.696690" lon="-7.018690"><ele>1077.4</ele></trkpt>
      <trkpt lat="42.696800" lon="-7.018760"><ele>1079.1</ele></trkpt>
      <trkpt lat="42.696880" lon="-7.018830"><ele>1080.5</ele></trkpt>
      <trkpt lat="42.696970" lon="-7.018950"><ele>1082.5</ele></trkpt>
      <trkpt lat="42.696980" lon="-7.018960"><ele>1082.6</ele></trkpt>
      <trkpt lat="42.697040" lon="-7.019070"><ele>1084.2</ele></trkpt>
      <trkpt lat="42.697050" lon="-7.019070"><ele>1084.4</ele></trkpt>
      <trkpt lat="42.697120" lon="-7.019200"><ele>1086.4</ele></trkpt>
      <trkpt lat="42.697320" lon="-7.019440"><ele>1091.1</ele></trkpt>
      <trkpt lat="42.697450" lon="-7.019610"><ele>1094.2</ele></trkpt>
      <trkpt lat="42.697620" lon="-7.019790"><ele>1098.7</ele></trkpt>
      <trkpt lat="42.697700" lon="-7.019840"><ele>1100.2</ele></trkpt>
      <trkpt lat="42.697810" lon="-7.019910"><ele>1102.1</ele></trkpt>
      <trkpt lat="42.697810" lon="-7.019910"><ele>1102.2</ele></trkpt>
      <trkpt lat="42.697890" lon="-7.019960"><ele>1103.5</ele></trkpt>
      <trkpt lat="42.697920" lon="-7.019990"><ele>1104.2</ele></trkpt>
      <trkpt lat="42.697960" lon="-7.020010"><ele>1104.8</ele></trkpt>
      <trkpt lat="42.698000" lon="-7.020020"><ele>1105.5</ele></trkpt>
      <trkpt lat="42.698040" lon="-7.020040"><ele>1106.1</ele></trkpt>
      <trkpt lat="42.698090" lon="-7.020070"><ele>1107.1</ele></trkpt>
      <trkpt lat="42.698130" lon="-7.020080"><ele>1107.8</ele></trkpt>
      <trkpt lat="42.698170" lon="-7.020100"><ele>1108.5</ele></trkpt>
      <trkpt lat="42.698210" lon="-7.020100"><ele>1109.1</ele></trkpt>
      <trkpt lat="42.698270" lon="-7.020100"><ele>1110.0</ele></trkpt>
      <trkpt lat="42.698310" lon="-7.020100"><ele>1110.6</ele></trkpt>
      <trkpt lat="42.698350" lon="-7.020100"><ele>1111.2</ele></trkpt>
      <trkpt lat="42.698400" lon="-7.020090"><ele>1112.0</ele></trkpt>
      <trkpt lat="42.698450" lon="-7.020070"><ele>1112.6</ele></trkpt>
      <trkpt lat="42.698490" lon="-7.020070"><ele>1113.2</ele></trkpt>
      <trkpt lat="42.698540" lon="-7.020040"><ele>1113.8</ele></trkpt>
      <trkpt lat="42.698580" lon="-7.020030"><ele>1114.4</ele></trkpt>
      <trkpt lat="42.698620" lon="-7.020020"><ele>1114.9</ele></trkpt>
      <trkpt lat="42.698650" lon="-7.020010"><ele>1115.5</ele></trkpt>
      <trkpt lat="42.698700" lon="-7.019990"><ele>1116.1</ele></trkpt>
      <trkpt lat="42.698730" lon="-7.019960"><ele>1116.5</ele></trkpt>
      <trkpt lat="42.698760" lon="-7.019920"><ele>1116.9</ele></trkpt>
      <trkpt lat="42.698790" lon="-7.019890"><ele>1117.4</ele></trkpt>
      <trkpt lat="42.698830" lon="-7.019860"><ele>1117.9</ele></trkpt>
      <trkpt lat="42.698870" lon="-7.019830"><ele>1118.6</ele></trkpt>
      <trkpt lat="42.698920" lon="-7.019810"><ele>1119.2</ele></trkpt>
      <trkpt lat="42.698950" lon="-7.019800"><ele>1119.9</ele></trkpt>
      <trkpt lat="42.698990" lon="-7.019790"><ele>1120.5</ele></trkpt>
      <trkpt lat="42.699030" lon="-7.019780"><ele>1120.8</ele></trkpt>
      <trkpt lat="42.699070" lon="-7.019770"><ele>1121.3</ele></trkpt>
      <trkpt lat="42.699110" lon="-7.019770"><ele>1121.8</ele></trkpt>
      <trkpt lat="42.699150" lon="-7.019770"><ele>1122.4</ele></trkpt>
      <trkpt lat="42.699190" lon="-7.019770"><ele>1122.9</ele></trkpt>
      <trkpt lat="42.699220" lon="-7.019780"><ele>1123.3</ele></trkpt>
      <trkpt lat="42.699300" lon="-7.019830"><ele>1124.7</ele></trkpt>
      <trkpt lat="42.699400" lon="-7.019890"><ele>1126.4</ele></trkpt>
      <trkpt lat="42.699510" lon="-7.020000"><ele>1128.2</ele></trkpt>
      <trkpt lat="42.699610" lon="-7.020090"><ele>1130.2</ele></trkpt>
      <trkpt lat="42.699730" lon="-7.020190"><ele>1132.7</ele></trkpt>
      <trkpt lat="42.699830" lon="-7.020280"><ele>1135.0</ele></trkpt>
      <trkpt lat="42.699940" lon="-7.020330"><ele>1136.5</ele></trkpt>
      <trkpt lat="42.700090" lon="-7.020390"><ele>1137.3</ele></trkpt>
      <trkpt lat="42.700100" lon="-7.020390"><ele>1137.4</ele></trkpt>
      <trkpt lat="42.700200" lon="-7.020470"><ele>1138.6</ele></trkpt>
      <trkpt lat="42.700350" lon="-7.020580"><ele>1140.9</ele></trkpt>
      <trkpt lat="42.700530" lon="-7.020730"><ele>1144.3</ele></trkpt>
      <trkpt lat="42.700600" lon="-7.020790"><ele>1145.3</ele></trkpt>
      <trkpt lat="42.700680" lon="-7.020860"><ele>1146.6</ele></trkpt>
      <trkpt lat="42.700710" lon="-7.020900"><ele>1147.3</ele></trkpt>
      <trkpt lat="42.700740" lon="-7.020940"><ele>1147.9</ele></trkpt>
      <trkpt lat="42.700770" lon="-7.020960"><ele>1148.5</ele></trkpt>
      <trkpt lat="42.700800" lon="-7.020980"><ele>1149.1</ele></trkpt>
      <trkpt lat="42.700850" lon="-7.020990"><ele>1149.7</ele></trkpt>
      <trkpt lat="42.700880" lon="-7.021010"><ele>1149.8</ele></trkpt>
      <trkpt lat="42.700920" lon="-7.021030"><ele>1149.9</ele></trkpt>
      <trkpt lat="42.700960" lon="-7.021050"><ele>1150.1</ele></trkpt>
      <trkpt lat="42.701000" lon="-7.021080"><ele>1150.4</ele></trkpt>
      <trkpt lat="42.701030" lon="-7.021110"><ele>1150.8</ele></trkpt>
      <trkpt lat="42.701060" lon="-7.021140"><ele>1151.2</ele></trkpt>
      <trkpt lat="42.701080" lon="-7.021200"><ele>1152.0</ele></trkpt>
      <trkpt lat="42.701080" lon="-7.021250"><ele>1152.5</ele></trkpt>
      <trkpt lat="42.701100" lon="-7.021330"><ele>1153.3</ele></trkpt>
      <trkpt lat="42.701120" lon="-7.021430"><ele>1154.4</ele></trkpt>
      <trkpt lat="42.701140" lon="-7.021490"><ele>1155.2</ele></trkpt>
      <trkpt lat="42.701170" lon="-7.021560"><ele>1156.2</ele></trkpt>
      <trkpt lat="42.701220" lon="-7.021760"><ele>1157.8</ele></trkpt>
      <trkpt lat="42.701240" lon="-7.021830"><ele>1158.1</ele></trkpt>
      <trkpt lat="42.701320" lon="-7.022030"><ele>1159.1</ele></trkpt>
      <trkpt lat="42.701420" lon="-7.022100"><ele>1160.3</ele></trkpt>
      <trkpt lat="42.701540" lon="-7.022210"><ele>1161.5</ele></trkpt>
      <trkpt lat="42.701640" lon="-7.022300"><ele>1162.5</ele></trkpt>
      <trkpt lat="42.701770" lon="-7.022440"><ele>1163.8</ele></trkpt>
      <trkpt lat="42.701920" lon="-7.022540"><ele>1165.3</ele></trkpt>
      <trkpt lat="42.702050" lon="-7.022630"><ele>1166.4</ele></trkpt>
      <trkpt lat="42.702130" lon="-7.022700"><ele>1166.6</ele></trkpt>
      <trkpt lat="42.702230" lon="-7.022790"><ele>1167.0</ele></trkpt>
      <trkpt lat="42.702250" lon="-7.022830"><ele>1167.0</ele></trkpt>
      <trkpt lat="42.702280" lon="-7.022850"><ele>1167.1</ele></trkpt>
      <trkpt lat="42.702310" lon="-7.022890"><ele>1167.2</ele></trkpt>
      <trkpt lat="42.702340" lon="-7.022930"><ele>1167.3</ele></trkpt>
      <trkpt lat="42.702360" lon="-7.022970"><ele>1167.3</ele></trkpt>
      <trkpt lat="42.702390" lon="-7.023000"><ele>1167.4</ele></trkpt>
      <trkpt lat="42.702410" lon="-7.023040"><ele>1167.3</ele></trkpt>
      <trkpt lat="42.702440" lon="-7.023070"><ele>1167.4</ele></trkpt>
      <trkpt lat="42.702470" lon="-7.023120"><ele>1167.1</ele></trkpt>
      <trkpt lat="42.702500" lon="-7.023160"><ele>1167.1</ele></trkpt>
      <trkpt lat="42.702520" lon="-7.023200"><ele>1166.9</ele></trkpt>
      <trkpt lat="42.702550" lon="-7.023240"><ele>1166.8</ele></trkpt>
      <trkpt lat="42.702580" lon="-7.023260"><ele>1167.0</ele></trkpt>
      <trkpt lat="42.702610" lon="-7.023290"><ele>1167.2</ele></trkpt>
      <trkpt lat="42.702650" lon="-7.023310"><ele>1167.6</ele></trkpt>
      <trkpt lat="42.702690" lon="-7.023340"><ele>1167.9</ele></trkpt>
      <trkpt lat="42.702730" lon="-7.023340"><ele>1168.7</ele></trkpt>
      <trkpt lat="42.702780" lon="-7.023370"><ele>1169.2</ele></trkpt>
      <trkpt lat="42.702830" lon="-7.023410"><ele>1169.8</ele></trkpt>
      <trkpt lat="42.702870" lon="-7.023440"><ele>1170.3</ele></trkpt>
      <trkpt lat="42.702900" lon="-7.023490"><ele>1170.5</ele></trkpt>
      <trkpt lat="42.702930" lon="-7.023530"><ele>1170.5</ele></trkpt>
      <trkpt lat="42.702960" lon="-7.023570"><ele>1170.4</ele></trkpt>
      <trkpt lat="42.702980" lon="-7.023600"><ele>1170.4</ele></trkpt>
      <trkpt lat="42.703020" lon="-7.023630"><ele>1170.8</ele></trkpt>
      <trkpt lat="42.703060" lon="-7.023670"><ele>1170.8</ele></trkpt>
      <trkpt lat="42.703070" lon="-7.023690"><ele>1170.8</ele></trkpt>
      <trkpt lat="42.703190" lon="-7.023760"><ele>1172.1</ele></trkpt>
      <trkpt lat="42.703330" lon="-7.023860"><ele>1173.7</ele></trkpt>
      <trkpt lat="42.703340" lon="-7.023860"><ele>1173.9</ele></trkpt>
      <trkpt lat="42.703500" lon="-7.023960"><ele>1176.0</ele></trkpt>
      <trkpt lat="42.703660" lon="-7.024100"><ele>1177.6</ele></trkpt>
      <trkpt lat="42.703700" lon="-7.024100"><ele>1178.6</ele></trkpt>
      <trkpt lat="42.703820" lon="-7.024200"><ele>1180.0</ele></trkpt>
      <trkpt lat="42.703900" lon="-7.024270"><ele>1181.2</ele></trkpt>
      <trkpt lat="42.704050" lon="-7.024470"><ele>1182.5</ele></trkpt>
      <trkpt lat="42.704180" lon="-7.024600"><ele>1183.9</ele></trkpt>
      <trkpt lat="42.704320" lon="-7.024790"><ele>1184.9</ele></trkpt>
      <trkpt lat="42.704500" lon="-7.024990"><ele>1187.4</ele></trkpt>
      <trkpt lat="42.704620" lon="-7.025160"><ele>1189.3</ele></trkpt>
      <trkpt lat="42.704740" lon="-7.025300"><ele>1191.4</ele></trkpt>
      <trkpt lat="42.704870" lon="-7.025430"><ele>1193.6</ele></trkpt>
      <trkpt lat="42.704980" lon="-7.025560"><ele>1195.5</ele></trkpt>
      <trkpt lat="42.705070" lon="-7.025630"><ele>1197.4</ele></trkpt>
      <trkpt lat="42.705170" lon="-7.025740"><ele>1199.4</ele></trkpt>
      <trkpt lat="42.705350" lon="-7.025900"><ele>1202.7</ele></trkpt>
      <trkpt lat="42.705470" lon="-7.025980"><ele>1205.8</ele></trkpt>
      <trkpt lat="42.705560" lon="-7.026040"><ele>1207.6</ele></trkpt>
      <trkpt lat="42.705590" lon="-7.026080"><ele>1208.3</ele></trkpt>
      <trkpt lat="42.705620" lon="-7.026120"><ele>1208.9</ele></trkpt>
      <trkpt lat="42.705650" lon="-7.026150"><ele>1209.5</ele></trkpt>
      <trkpt lat="42.705670" lon="-7.026180"><ele>1209.9</ele></trkpt>
      <trkpt lat="42.705700" lon="-7.026220"><ele>1210.5</ele></trkpt>
      <trkpt lat="42.705730" lon="-7.026240"><ele>1211.4</ele></trkpt>
      <trkpt lat="42.705760" lon="-7.026280"><ele>1212.1</ele></trkpt>
      <trkpt lat="42.705800" lon="-7.026310"><ele>1213.0</ele></trkpt>
      <trkpt lat="42.705820" lon="-7.026340"><ele>1213.7</ele></trkpt>
      <trkpt lat="42.705860" lon="-7.026370"><ele>1214.6</ele></trkpt>
      <trkpt lat="42.705870" lon="-7.026410"><ele>1214.7</ele></trkpt>
      <trkpt lat="42.705880" lon="-7.026470"><ele>1214.7</ele></trkpt>
      <trkpt lat="42.705880" lon="-7.026520"><ele>1214.4</ele></trkpt>
      <trkpt lat="42.705880" lon="-7.026600"><ele>1213.7</ele></trkpt>
      <trkpt lat="42.705870" lon="-7.026650"><ele>1213.0</ele></trkpt>
      <trkpt lat="42.705860" lon="-7.026700"><ele>1212.1</ele></trkpt>
      <trkpt lat="42.705850" lon="-7.026760"><ele>1211.4</ele></trkpt>
      <trkpt lat="42.705840" lon="-7.026810"><ele>1210.9</ele></trkpt>
      <trkpt lat="42.705830" lon="-7.026870"><ele>1210.5</ele></trkpt>
      <trkpt lat="42.705830" lon="-7.026920"><ele>1210.3</ele></trkpt>
      <trkpt lat="42.705830" lon="-7.026980"><ele>1210.3</ele></trkpt>
      <trkpt lat="42.705820" lon="-7.027040"><ele>1210.1</ele></trkpt>
      <trkpt lat="42.705820" lon="-7.027090"><ele>1210.1</ele></trkpt>
      <trkpt lat="42.705820" lon="-7.027150"><ele>1210.1</ele></trkpt>
      <trkpt lat="42.705820" lon="-7.027200"><ele>1210.1</ele></trkpt>
      <trkpt lat="42.705820" lon="-7.027260"><ele>1210.0</ele></trkpt>
      <trkpt lat="42.705830" lon="-7.027360"><ele>1210.0</ele></trkpt>
      <trkpt lat="42.705830" lon="-7.027420"><ele>1209.8</ele></trkpt>
      <trkpt lat="42.705830" lon="-7.027470"><ele>1209.7</ele></trkpt>
      <trkpt lat="42.705830" lon="-7.027530"><ele>1209.8</ele></trkpt>
      <trkpt lat="42.705850" lon="-7.027600"><ele>1210.7</ele></trkpt>
      <trkpt lat="42.705880" lon="-7.027700"><ele>1211.3</ele></trkpt>
      <trkpt lat="42.705900" lon="-7.027770"><ele>1211.7</ele></trkpt>
      <trkpt lat="42.705910" lon="-7.027810"><ele>1212.0</ele></trkpt>
      <trkpt lat="42.705930" lon="-7.027870"><ele>1212.6</ele></trkpt>
      <trkpt lat="42.705940" lon="-7.027910"><ele>1212.7</ele></trkpt>
      <trkpt lat="42.706030" lon="-7.028150"><ele>1214.7</ele></trkpt>
      <trkpt lat="42.706120" lon="-7.028350"><ele>1216.7</ele></trkpt>
      <trkpt lat="42.706200" lon="-7.028570"><ele>1218.7</ele></trkpt>
      <trkpt lat="42.706270" lon="-7.028760"><ele>1220.5</ele></trkpt>
      <trkpt lat="42.706370" lon="-7.028960"><ele>1223.2</ele></trkpt>
      <trkpt lat="42.706490" lon="-7.029220"><ele>1229.5</ele></trkpt>
      <trkpt lat="42.706540" lon="-7.029360"><ele>1233.2</ele></trkpt>
      <trkpt lat="42.706550" lon="-7.029410"><ele>1234.2</ele></trkpt>
      <trkpt lat="42.706570" lon="-7.029480"><ele>1235.6</ele></trkpt>
      <trkpt lat="42.706590" lon="-7.029550"><ele>1237.3</ele></trkpt>
      <trkpt lat="42.706590" lon="-7.029610"><ele>1238.3</ele></trkpt>
      <trkpt lat="42.706600" lon="-7.029660"><ele>1239.5</ele></trkpt>
      <trkpt lat="42.706580" lon="-7.029710"><ele>1239.6</ele></trkpt>
      <trkpt lat="42.706570" lon="-7.029760"><ele>1240.0</ele></trkpt>
      <trkpt lat="42.706540" lon="-7.029790"><ele>1239.7</ele></trkpt>
      <trkpt lat="42.706520" lon="-7.029840"><ele>1239.7</ele></trkpt>
      <trkpt lat="42.706500" lon="-7.029880"><ele>1239.6</ele></trkpt>
      <trkpt lat="42.706460" lon="-7.029900"><ele>1238.8</ele></trkpt>
      <trkpt lat="42.706430" lon="-7.029930"><ele>1238.1</ele></trkpt>
      <trkpt lat="42.706390" lon="-7.029940"><ele>1237.2</ele></trkpt>
      <trkpt lat="42.706350" lon="-7.029980"><ele>1236.7</ele></trkpt>
      <trkpt lat="42.706320" lon="-7.030000"><ele>1236.1</ele></trkpt>
      <trkpt lat="42.706280" lon="-7.030030"><ele>1235.5</ele></trkpt>
      <trkpt lat="42.706250" lon="-7.030070"><ele>1235.1</ele></trkpt>
      <trkpt lat="42.706220" lon="-7.030090"><ele>1234.7</ele></trkpt>
      <trkpt lat="42.706180" lon="-7.030110"><ele>1234.0</ele></trkpt>
      <trkpt lat="42.706150" lon="-7.030130"><ele>1233.6</ele></trkpt>
      <trkpt lat="42.706130" lon="-7.030170"><ele>1233.6</ele></trkpt>
      <trkpt lat="42.706100" lon="-7.030200"><ele>1233.3</ele></trkpt>
      <trkpt lat="42.706080" lon="-7.030240"><ele>1233.5</ele></trkpt>
      <trkpt lat="42.706050" lon="-7.030280"><ele>1233.6</ele></trkpt>
      <trkpt lat="42.706020" lon="-7.030320"><ele>1233.3</ele></trkpt>
      <trkpt lat="42.705980" lon="-7.030350"><ele>1232.9</ele></trkpt>
      <trkpt lat="42.705950" lon="-7.030380"><ele>1232.6</ele></trkpt>
      <trkpt lat="42.705920" lon="-7.030420"><ele>1232.7</ele></trkpt>
      <trkpt lat="42.705890" lon="-7.030450"><ele>1232.6</ele></trkpt>
      <trkpt lat="42.705870" lon="-7.030490"><ele>1232.7</ele></trkpt>
      <trkpt lat="42.705840" lon="-7.030540"><ele>1232.6</ele></trkpt>
      <trkpt lat="42.705830" lon="-7.030580"><ele>1233.0</ele></trkpt>
      <trkpt lat="42.705800" lon="-7.030620"><ele>1233.1</ele></trkpt>
      <trkpt lat="42.705800" lon="-7.030670"><ele>1234.1</ele></trkpt>
      <trkpt lat="42.705790" lon="-7.030730"><ele>1234.9</ele></trkpt>
      <trkpt lat="42.705790" lon="-7.030780"><ele>1235.9</ele></trkpt>
      <trkpt lat="42.705790" lon="-7.030830"><ele>1236.9</ele></trkpt>
      <trkpt lat="42.705790" lon="-7.030890"><ele>1238.0</ele></trkpt>
      <trkpt lat="42.705790" lon="-7.030960"><ele>1238.4</ele></trkpt>
      <trkpt lat="42.705810" lon="-7.031030"><ele>1238.9</ele></trkpt>
      <trkpt lat="42.705820" lon="-7.031090"><ele>1239.5</ele></trkpt>
      <trkpt lat="42.705830" lon="-7.031140"><ele>1239.9</ele></trkpt>
      <trkpt lat="42.705850" lon="-7.031190"><ele>1240.4</ele></trkpt>
      <trkpt lat="42.705870" lon="-7.031240"><ele>1241.2</ele></trkpt>
      <trkpt lat="42.705890" lon="-7.031300"><ele>1242.1</ele></trkpt>
      <trkpt lat="42.705910" lon="-7.031340"><ele>1242.9</ele></trkpt>
      <trkpt lat="42.705930" lon="-7.031400"><ele>1243.2</ele></trkpt>
      <trkpt lat="42.705950" lon="-7.031450"><ele>1243.6</ele></trkpt>
      <trkpt lat="42.705970" lon="-7.031520"><ele>1243.9</ele></trkpt>
      <trkpt lat="42.705990" lon="-7.031570"><ele>1244.1</ele></trkpt>
      <trkpt lat="42.706020" lon="-7.031600"><ele>1244.6</ele></trkpt>
      <trkpt lat="42.706030" lon="-7.031630"><ele>1244.9</ele></trkpt>
      <trkpt lat="42.706060" lon="-7.031680"><ele>1245.2</ele></trkpt>
      <trkpt lat="42.706080" lon="-7.031740"><ele>1245.7</ele></trkpt>
      <trkpt lat="42.706100" lon="-7.031780"><ele>1245.9</ele></trkpt>
      <trkpt lat="42.706130" lon="-7.031830"><ele>1246.2</ele></trkpt>
      <trkpt lat="42.706150" lon="-7.031890"><ele>1245.9</ele></trkpt>
      <trkpt lat="42.706160" lon="-7.031900"><ele>1245.9</ele></trkpt>
      <trkpt lat="42.706240" lon="-7.032010"><ele>1246.0</ele></trkpt>
      <trkpt lat="42.706310" lon="-7.032130"><ele>1245.9</ele></trkpt>
      <trkpt lat="42.706350" lon="-7.032150"><ele>1246.3</ele></trkpt>
      <trkpt lat="42.706450" lon="-7.032320"><ele>1245.9</ele></trkpt>
      <trkpt lat="42.706560" lon="-7.032420"><ele>1246.2</ele></trkpt>
      <trkpt lat="42.706660" lon="-7.032570"><ele>1245.8</ele></trkpt>
      <trkpt lat="42.706740" lon="-7.032620"><ele>1246.9</ele></trkpt>
      <trkpt lat="42.706870" lon="-7.032690"><ele>1249.0</ele></trkpt>
      <trkpt lat="42.707000" lon="-7.032790"><ele>1250.7</ele></trkpt>
      <trkpt lat="42.707110" lon="-7.032880"><ele>1252.4</ele></trkpt>
      <trkpt lat="42.707200" lon="-7.033030"><ele>1252.6</ele></trkpt>
      <trkpt lat="42.707270" lon="-7.033140"><ele>1253.5</ele></trkpt>
      <trkpt lat="42.707360" lon="-7.033250"><ele>1255.1</ele></trkpt>
      <trkpt lat="42.707430" lon="-7.033380"><ele>1256.1</ele></trkpt>
      <trkpt lat="42.707500" lon="-7.033590"><ele>1255.9</ele></trkpt>
      <trkpt lat="42.707580" lon="-7.033770"><ele>1257.0</ele></trkpt>
      <trkpt lat="42.707640" lon="-7.034000"><ele>1257.1</ele></trkpt>
      <trkpt lat="42.707690" lon="-7.034210"><ele>1257.4</ele></trkpt>
      <trkpt lat="42.707790" lon="-7.034530"><ele>1259.8</ele></trkpt>
      <trkpt lat="42.707850" lon="-7.034730"><ele>1261.9</ele></trkpt>
      <trkpt lat="42.707910" lon="-7.034950"><ele>1264.0</ele></trkpt>
      <trkpt lat="42.707910" lon="-7.035010"><ele>1264.1</ele></trkpt>
      <trkpt lat="42.707920" lon="-7.035060"><ele>1264.4</ele></trkpt>
      <trkpt lat="42.707930" lon="-7.035120"><ele>1265.7</ele></trkpt>
      <trkpt lat="42.707950" lon="-7.035160"><ele>1267.0</ele></trkpt>
      <trkpt lat="42.707960" lon="-7.035220"><ele>1268.1</ele></trkpt>
      <trkpt lat="42.707960" lon="-7.035270"><ele>1269.0</ele></trkpt>
      <trkpt lat="42.707970" lon="-7.035340"><ele>1270.3</ele></trkpt>
      <trkpt lat="42.707990" lon="-7.035390"><ele>1271.6</ele></trkpt>
      <trkpt lat="42.707990" lon="-7.035450"><ele>1272.5</ele></trkpt>
      <trkpt lat="42.707990" lon="-7.035500"><ele>1273.3</ele></trkpt>
      <trkpt lat="42.707990" lon="-7.035580"><ele>1274.3</ele></trkpt>
      <trkpt lat="42.707990" lon="-7.035640"><ele>1275.2</ele></trkpt>
      <trkpt lat="42.707990" lon="-7.035690"><ele>1276.0</ele></trkpt>
      <trkpt lat="42.707990" lon="-7.035750"><ele>1276.7</ele></trkpt>
      <trkpt lat="42.707980" lon="-7.035810"><ele>1277.1</ele></trkpt>
      <trkpt lat="42.707970" lon="-7.035860"><ele>1277.7</ele></trkpt>
      <trkpt lat="42.707960" lon="-7.035910"><ele>1278.1</ele></trkpt>
      <trkpt lat="42.707950" lon="-7.035970"><ele>1278.6</ele></trkpt>
      <trkpt lat="42.707940" lon="-7.036010"><ele>1278.8</ele></trkpt>
      <trkpt lat="42.707920" lon="-7.036050"><ele>1278.7</ele></trkpt>
      <trkpt lat="42.707890" lon="-7.036100"><ele>1278.7</ele></trkpt>
      <trkpt lat="42.707870" lon="-7.036140"><ele>1278.7</ele></trkpt>
      <trkpt lat="42.707850" lon="-7.036190"><ele>1278.8</ele></trkpt>
      <trkpt lat="42.707820" lon="-7.036220"><ele>1278.4</ele></trkpt>
      <trkpt lat="42.707790" lon="-7.036260"><ele>1278.4</ele></trkpt>
      <trkpt lat="42.707760" lon="-7.036300"><ele>1278.2</ele></trkpt>
      <trkpt lat="42.707730" lon="-7.036340"><ele>1277.9</ele></trkpt>
      <trkpt lat="42.707710" lon="-7.036370"><ele>1277.8</ele></trkpt>
      <trkpt lat="42.707670" lon="-7.036400"><ele>1277.1</ele></trkpt>
      <trkpt lat="42.707630" lon="-7.036410"><ele>1276.0</ele></trkpt>
      <trkpt lat="42.707600" lon="-7.036420"><ele>1274.8</ele></trkpt>
      <trkpt lat="42.707570" lon="-7.036440"><ele>1274.1</ele></trkpt>
      <trkpt lat="42.707530" lon="-7.036460"><ele>1273.4</ele></trkpt>
      <trkpt lat="42.707510" lon="-7.036490"><ele>1272.8</ele></trkpt>
      <trkpt lat="42.707470" lon="-7.036520"><ele>1272.1</ele></trkpt>
      <trkpt lat="42.707440" lon="-7.036560"><ele>1271.7</ele></trkpt>
      <trkpt lat="42.707410" lon="-7.036580"><ele>1271.3</ele></trkpt>
      <trkpt lat="42.707380" lon="-7.036620"><ele>1270.8</ele></trkpt>
      <trkpt lat="42.707350" lon="-7.036660"><ele>1270.5</ele></trkpt>
      <trkpt lat="42.707310" lon="-7.036700"><ele>1269.9</ele></trkpt>
      <trkpt lat="42.707280" lon="-7.036740"><ele>1269.5</ele></trkpt>
      <trkpt lat="42.707260" lon="-7.036790"><ele>1269.8</ele></trkpt>
      <trkpt lat="42.707260" lon="-7.036850"><ele>1271.0</ele></trkpt>
      <trkpt lat="42.707240" lon="-7.036920"><ele>1271.7</ele></trkpt>
      <trkpt lat="42.707230" lon="-7.036970"><ele>1271.6</ele></trkpt>
      <trkpt lat="42.707220" lon="-7.037040"><ele>1272.4</ele></trkpt>
      <trkpt lat="42.707220" lon="-7.037100"><ele>1273.4</ele></trkpt>
      <trkpt lat="42.707220" lon="-7.037160"><ele>1274.3</ele></trkpt>
      <trkpt lat="42.707220" lon="-7.037220"><ele>1275.1</ele></trkpt>
      <trkpt lat="42.707220" lon="-7.037270"><ele>1276.0</ele></trkpt>
      <trkpt lat="42.707220" lon="-7.037300"><ele>1276.4</ele></trkpt>
      <trkpt lat="42.707220" lon="-7.037510"><ele>1278.8</ele></trkpt>
      <trkpt lat="42.707230" lon="-7.037790"><ele>1282.1</ele></trkpt>
      <trkpt lat="42.707230" lon="-7.038010"><ele>1283.9</ele></trkpt>
      <trkpt lat="42.707220" lon="-7.038370"><ele>1285.8</ele></trkpt>
      <trkpt lat="42.707220" lon="-7.038670"><ele>1285.9</ele></trkpt>
      <trkpt lat="42.707220" lon="-7.038930"><ele>1285.7</ele></trkpt>
      <trkpt lat="42.707240" lon="-7.039020"><ele>1286.1</ele></trkpt>
      <trkpt lat="42.707240" lon="-7.039090"><ele>1286.2</ele></trkpt>
      <trkpt lat="42.707260" lon="-7.039140"><ele>1286.7</ele></trkpt>
      <trkpt lat="42.707270" lon="-7.039220"><ele>1286.9</ele></trkpt>
      <trkpt lat="42.707280" lon="-7.039270"><ele>1287.3</ele></trkpt>
      <trkpt lat="42.707280" lon="-7.039300"><ele>1287.3</ele></trkpt>
      <trkpt lat="42.707360" lon="-7.039500"><ele>1288.8</ele></trkpt>
      <trkpt lat="42.707410" lon="-7.039640"><ele>1289.7</ele></trkpt>
      <trkpt lat="42.707420" lon="-7.039640"><ele>1289.8</ele></trkpt>
      <trkpt lat="42.707470" lon="-7.039820"><ele>1290.6</ele></trkpt>
      <trkpt lat="42.707500" lon="-7.039980"><ele>1291.0</ele></trkpt>
      <trkpt lat="42.707560" lon="-7.040200"><ele>1291.9</ele></trkpt>
      <trkpt lat="42.707600" lon="-7.040400"><ele>1291.6</ele></trkpt>
      <trkpt lat="42.707610" lon="-7.040570"><ele>1291.1</ele></trkpt>
      <trkpt lat="42.707640" lon="-7.040810"><ele>1290.9</ele></trkpt>
      <trkpt lat="42.707660" lon="-7.041030"><ele>1290.4</ele></trkpt>
      <trkpt lat="42.707670" lon="-7.041290"><ele>1290.2</ele></trkpt>
      <trkpt lat="42.707700" lon="-7.041490"><ele>1290.6</ele></trkpt>
      <trkpt lat="42.707700" lon="-7.041580"><ele>1290.6</ele></trkpt>
      <trkpt lat="42.707700" lon="-7.041630"><ele>1290.5</ele></trkpt>
      <trkpt lat="42.707710" lon="-7.041660"><ele>1290.7</ele></trkpt>
      <trkpt lat="42.707710" lon="-7.041700"><ele>1290.7</ele></trkpt>
      <trkpt lat="42.707710" lon="-7.041740"><ele>1290.6</ele></trkpt>
      <trkpt lat="42.707710" lon="-7.041780"><ele>1290.5</ele></trkpt>
      <trkpt lat="42.707710" lon="-7.041790"><ele>1290.5</ele></trkpt>
      <trkpt lat="42.707710" lon="-7.041860"><ele>1290.4</ele></trkpt>
      <trkpt lat="42.707710" lon="-7.041900"><ele>1290.4</ele></trkpt>
      <trkpt lat="42.707710" lon="-7.042000"><ele>1290.2</ele></trkpt>
      <trkpt lat="42.707710" lon="-7.042070"><ele>1290.1</ele></trkpt>
      <trkpt lat="42.707700" lon="-7.042140"><ele>1289.7</ele></trkpt>
      <trkpt lat="42.707670" lon="-7.042190"><ele>1288.7</ele></trkpt>
      <trkpt lat="42.707670" lon="-7.042230"><ele>1288.7</ele></trkpt>
      <trkpt lat="42.707660" lon="-7.042320"><ele>1288.4</ele></trkpt>
      <trkpt lat="42.707660" lon="-7.042390"><ele>1288.3</ele></trkpt>
      <trkpt lat="42.707660" lon="-7.042510"><ele>1288.1</ele></trkpt>
      <trkpt lat="42.707620" lon="-7.042580"><ele>1287.1</ele></trkpt>
      <trkpt lat="42.707560" lon="-7.042680"><ele>1285.7</ele></trkpt>
      <trkpt lat="42.707530" lon="-7.042770"><ele>1285.0</ele></trkpt>
      <trkpt lat="42.707510" lon="-7.042840"><ele>1284.8</ele></trkpt>
      <trkpt lat="42.707500" lon="-7.042860"><ele>1284.5</ele></trkpt>
      <trkpt lat="42.707490" lon="-7.042910"><ele>1284.5</ele></trkpt>
      <trkpt lat="42.707480" lon="-7.042940"><ele>1284.4</ele></trkpt>
      <trkpt lat="42.707480" lon="-7.042980"><ele>1284.5</ele></trkpt>
      <trkpt lat="42.707480" lon="-7.043030"><ele>1284.6</ele></trkpt>
      <trkpt lat="42.707470" lon="-7.043060"><ele>1284.5</ele></trkpt>
      <trkpt lat="42.707460" lon="-7.043100"><ele>1284.5</ele></trkpt>
      <trkpt lat="42.707460" lon="-7.043120"><ele>1284.6</ele></trkpt>
      <trkpt lat="42.707490" lon="-7.043190"><ele>1285.6</ele></trkpt>
      <trkpt lat="42.707490" lon="-7.043270"><ele>1286.1</ele></trkpt>
      <trkpt lat="42.707530" lon="-7.043350"><ele>1287.3</ele></trkpt>
      <trkpt lat="42.707580" lon="-7.043440"><ele>1288.5</ele></trkpt>
      <trkpt lat="42.707650" lon="-7.043510"><ele>1289.7</ele></trkpt>
      <trkpt lat="42.707690" lon="-7.043540"><ele>1290.6</ele></trkpt>
      <trkpt lat="42.707750" lon="-7.043590"><ele>1291.8</ele></trkpt>
      <trkpt lat="42.707790" lon="-7.043640"><ele>1292.0</ele></trkpt>
      <trkpt lat="42.707810" lon="-7.043710"><ele>1291.7</ele></trkpt>
      <trkpt lat="42.707820" lon="-7.043770"><ele>1291.4</ele></trkpt>
      <trkpt lat="42.707820" lon="-7.043840"><ele>1291.1</ele></trkpt>
      <trkpt lat="42.707810" lon="-7.043910"><ele>1290.8</ele></trkpt>
      <trkpt lat="42.707790" lon="-7.043980"><ele>1290.5</ele></trkpt>
      <trkpt lat="42.707770" lon="-7.044030"><ele>1290.2</ele></trkpt>
      <trkpt lat="42.707750" lon="-7.044110"><ele>1289.6</ele></trkpt>
      <trkpt lat="42.707730" lon="-7.044150"><ele>1289.2</ele></trkpt>
      <trkpt lat="42.707720" lon="-7.044190"><ele>1288.9</ele></trkpt>
      <trkpt lat="42.707720" lon="-7.044260"><ele>1288.6</ele></trkpt>
      <trkpt lat="42.707700" lon="-7.044330"><ele>1288.2</ele></trkpt>
      <trkpt lat="42.707690" lon="-7.044390"><ele>1288.0</ele></trkpt>
      <trkpt lat="42.707680" lon="-7.044480"><ele>1287.8</ele></trkpt>
      <trkpt lat="42.707680" lon="-7.044570"><ele>1287.6</ele></trkpt>
      <trkpt lat="42.707670" lon="-7.044600"><ele>1287.5</ele></trkpt>
      <trkpt lat="42.707670" lon="-7.044660"><ele>1287.4</ele></trkpt>
      <trkpt lat="42.707670" lon="-7.044710"><ele>1287.4</ele></trkpt>
      <trkpt lat="42.707670" lon="-7.044790"><ele>1287.3</ele></trkpt>
      <trkpt lat="42.707670" lon="-7.044920"><ele>1287.7</ele></trkpt>
      <trkpt lat="42.707670" lon="-7.044920"><ele>1287.7</ele></trkpt>
      <trkpt lat="42.707680" lon="-7.045000"><ele>1287.9</ele></trkpt>
      <trkpt lat="42.707700" lon="-7.045080"><ele>1288.0</ele></trkpt>
      <trkpt lat="42.707720" lon="-7.045170"><ele>1288.1</ele></trkpt>
      <trkpt lat="42.707740" lon="-7.045240"><ele>1288.1</ele></trkpt>
      <trkpt lat="42.707750" lon="-7.045330"><ele>1288.4</ele></trkpt>
      <trkpt lat="42.707770" lon="-7.045390"><ele>1288.5</ele></trkpt>
      <trkpt lat="42.707790" lon="-7.045520"><ele>1288.7</ele></trkpt>
      <trkpt lat="42.707810" lon="-7.045600"><ele>1288.5</ele></trkpt>
      <trkpt lat="42.707820" lon="-7.045700"><ele>1288.6</ele></trkpt>
      <trkpt lat="42.707830" lon="-7.045790"><ele>1288.1</ele></trkpt>
      <trkpt lat="42.707850" lon="-7.045850"><ele>1287.3</ele></trkpt>
      <trkpt lat="42.707850" lon="-7.045940"><ele>1287.2</ele></trkpt>
      <trkpt lat="42.707850" lon="-7.046020"><ele>1287.0</ele></trkpt>
      <trkpt lat="42.707860" lon="-7.046080"><ele>1286.8</ele></trkpt>
      <trkpt lat="42.707820" lon="-7.046130"><ele>1288.2</ele></trkpt>
      <trkpt lat="42.707850" lon="-7.046220"><ele>1286.9</ele></trkpt>
      <trkpt lat="42.707850" lon="-7.046270"><ele>1286.7</ele></trkpt>
      <trkpt lat="42.707850" lon="-7.046310"><ele>1286.6</ele></trkpt>
      <trkpt lat="42.707840" lon="-7.046370"><ele>1286.6</ele></trkpt>
      <trkpt lat="42.707830" lon="-7.046410"><ele>1286.8</ele></trkpt>
      <trkpt lat="42.707830" lon="-7.046450"><ele>1286.9</ele></trkpt>
      <trkpt lat="42.707820" lon="-7.046480"><ele>1286.9</ele></trkpt>
      <trkpt lat="42.707810" lon="-7.046520"><ele>1287.2</ele></trkpt>
      <trkpt lat="42.707810" lon="-7.046540"><ele>1287.4</ele></trkpt>
      <trkpt lat="42.707800" lon="-7.046590"><ele>1287.6</ele></trkpt>
      <trkpt lat="42.707790" lon="-7.046630"><ele>1287.8</ele></trkpt>
      <trkpt lat="42.707780" lon="-7.046670"><ele>1287.7</ele></trkpt>
      <trkpt lat="42.707770" lon="-7.046710"><ele>1287.8</ele></trkpt>
      <trkpt lat="42.707750" lon="-7.046750"><ele>1288.0</ele></trkpt>
      <trkpt lat="42.707740" lon="-7.046790"><ele>1287.9</ele></trkpt>
      <trkpt lat="42.707720" lon="-7.046820"><ele>1288.0</ele></trkpt>
      <trkpt lat="42.707710" lon="-7.046840"><ele>1288.2</ele></trkpt>
      <trkpt lat="42.707700" lon="-7.046880"><ele>1288.2</ele></trkpt>
      <trkpt lat="42.707680" lon="-7.046910"><ele>1288.3</ele></trkpt>
      <trkpt lat="42.707660" lon="-7.046940"><ele>1288.7</ele></trkpt>
      <trkpt lat="42.707650" lon="-7.046980"><ele>1288.8</ele></trkpt>
      <trkpt lat="42.707640" lon="-7.047020"><ele>1288.8</ele></trkpt>
      <trkpt lat="42.707620" lon="-7.047050"><ele>1289.0</ele></trkpt>
      <trkpt lat="42.707610" lon="-7.047080"><ele>1289.1</ele></trkpt>
      <trkpt lat="42.707590" lon="-7.047100"><ele>1289.3</ele></trkpt>
      <trkpt lat="42.707580" lon="-7.047140"><ele>1289.2</ele></trkpt>
      <trkpt lat="42.707570" lon="-7.047170"><ele>1289.1</ele></trkpt>
      <trkpt lat="42.707560" lon="-7.047210"><ele>1289.3</ele></trkpt>
      <trkpt lat="42.707540" lon="-7.047230"><ele>1289.4</ele></trkpt>
      <trkpt lat="42.707520" lon="-7.047260"><ele>1289.8</ele></trkpt>
      <trkpt lat="42.707500" lon="-7.047280"><ele>1290.3</ele></trkpt>
      <trkpt lat="42.707480" lon="-7.047300"><ele>1290.8</ele></trkpt>
      <trkpt lat="42.707460" lon="-7.047320"><ele>1291.2</ele></trkpt>
      <trkpt lat="42.707410" lon="-7.047430"><ele>1291.8</ele></trkpt>
      <trkpt lat="42.707340" lon="-7.047530"><ele>1292.8</ele></trkpt>
      <trkpt lat="42.707280" lon="-7.047630"><ele>1293.4</ele></trkpt>
      <trkpt lat="42.707230" lon="-7.047720"><ele>1293.8</ele></trkpt>
      <trkpt lat="42.707210" lon="-7.047750"><ele>1294.0</ele></trkpt>
      <trkpt lat="42.707190" lon="-7.047770"><ele>1294.4</ele></trkpt>
      <trkpt lat="42.707170" lon="-7.047790"><ele>1294.8</ele></trkpt>
      <trkpt lat="42.707150" lon="-7.047810"><ele>1295.3</ele></trkpt>
      <trkpt lat="42.707130" lon="-7.047830"><ele>1295.8</ele></trkpt>
      <trkpt lat="42.707110" lon="-7.047860"><ele>1295.9</ele></trkpt>
      <trkpt lat="42.707100" lon="-7.047890"><ele>1295.9</ele></trkpt>
      <trkpt lat="42.707090" lon="-7.047920"><ele>1296.0</ele></trkpt>
      <trkpt lat="42.707070" lon="-7.047940"><ele>1296.3</ele></trkpt>
      <trkpt lat="42.707060" lon="-7.047970"><ele>1296.4</ele></trkpt>
      <trkpt lat="42.707040" lon="-7.048010"><ele>1296.7</ele></trkpt>
      <trkpt lat="42.707020" lon="-7.048040"><ele>1297.1</ele></trkpt>
      <trkpt lat="42.707000" lon="-7.048060"><ele>1297.5</ele></trkpt>
      <trkpt lat="42.706980" lon="-7.048070"><ele>1298.0</ele></trkpt>
      <trkpt lat="42.706970" lon="-7.048100"><ele>1298.3</ele></trkpt>
      <trkpt lat="42.706950" lon="-7.048140"><ele>1298.4</ele></trkpt>
      <trkpt lat="42.706930" lon="-7.048160"><ele>1298.9</ele></trkpt>
      <trkpt lat="42.706920" lon="-7.048200"><ele>1299.2</ele></trkpt>
      <trkpt lat="42.706900" lon="-7.048230"><ele>1299.3</ele></trkpt>
      <trkpt lat="42.706880" lon="-7.048260"><ele>1299.7</ele></trkpt>
      <trkpt lat="42.706870" lon="-7.048300"><ele>1300.1</ele></trkpt>
      <trkpt lat="42.706850" lon="-7.048330"><ele>1300.3</ele></trkpt>
      <trkpt lat="42.706830" lon="-7.048370"><ele>1300.8</ele></trkpt>
      <trkpt lat="42.706810" lon="-7.048400"><ele>1301.2</ele></trkpt>
      <trkpt lat="42.706790" lon="-7.048420"><ele>1301.7</ele></trkpt>
      <trkpt lat="42.706770" lon="-7.048450"><ele>1302.2</ele></trkpt>
      <trkpt lat="42.706750" lon="-7.048490"><ele>1302.6</ele></trkpt>
      <trkpt lat="42.706730" lon="-7.048510"><ele>1303.0</ele></trkpt>
      <trkpt lat="42.706720" lon="-7.048550"><ele>1303.0</ele></trkpt>
      <trkpt lat="42.706700" lon="-7.048580"><ele>1303.3</ele></trkpt>
      <trkpt lat="42.706680" lon="-7.048590"><ele>1303.9</ele></trkpt>
      <trkpt lat="42.706670" lon="-7.048630"><ele>1304.0</ele></trkpt>
      <trkpt lat="42.706650" lon="-7.048660"><ele>1304.3</ele></trkpt>
      <trkpt lat="42.706640" lon="-7.048690"><ele>1304.6</ele></trkpt>
      <trkpt lat="42.706630" lon="-7.048720"><ele>1304.6</ele></trkpt>
      <trkpt lat="42.706610" lon="-7.048760"><ele>1304.7</ele></trkpt>
      <trkpt lat="42.706610" lon="-7.048800"><ele>1304.5</ele></trkpt>
      <trkpt lat="42.706600" lon="-7.048840"><ele>1304.4</ele></trkpt>
      <trkpt lat="42.706590" lon="-7.048890"><ele>1304.3</ele></trkpt>
      <trkpt lat="42.706570" lon="-7.048920"><ele>1304.5</ele></trkpt>
      <trkpt lat="42.706560" lon="-7.048970"><ele>1304.6</ele></trkpt>
      <trkpt lat="42.706540" lon="-7.049020"><ele>1304.7</ele></trkpt>
      <trkpt lat="42.706530" lon="-7.049050"><ele>1304.7</ele></trkpt>
      <trkpt lat="42.706520" lon="-7.049090"><ele>1304.6</ele></trkpt>
      <trkpt lat="42.706520" lon="-7.049130"><ele>1304.3</ele></trkpt>
      <trkpt lat="42.706510" lon="-7.049170"><ele>1304.1</ele></trkpt>
      <trkpt lat="42.706510" lon="-7.049210"><ele>1303.8</ele></trkpt>
      <trkpt lat="42.706500" lon="-7.049220"><ele>1303.9</ele></trkpt>
      <trkpt lat="42.706460" lon="-7.049330"><ele>1304.0</ele></trkpt>
      <trkpt lat="42.706430" lon="-7.049450"><ele>1304.0</ele></trkpt>
      <trkpt lat="42.706400" lon="-7.049500"><ele>1304.6</ele></trkpt>
      <trkpt lat="42.706350" lon="-7.049580"><ele>1305.4</ele></trkpt>
      <trkpt lat="42.706350" lon="-7.049590"><ele>1305.3</ele></trkpt>
      <trkpt lat="42.706290" lon="-7.049700"><ele>1305.8</ele></trkpt>
      <trkpt lat="42.706260" lon="-7.049770"><ele>1306.1</ele></trkpt>
      <trkpt lat="42.706230" lon="-7.049830"><ele>1306.3</ele></trkpt>
      <trkpt lat="42.706200" lon="-7.049900"><ele>1306.1</ele></trkpt>
      <trkpt lat="42.706090" lon="-7.049990"><ele>1307.8</ele></trkpt>
      <trkpt lat="42.706030" lon="-7.050040"><ele>1308.8</ele></trkpt>
      <trkpt lat="42.705920" lon="-7.050060"><ele>1311.7</ele></trkpt>
      <trkpt lat="42.705850" lon="-7.050080"><ele>1312.5</ele></trkpt>
      <trkpt lat="42.705760" lon="-7.050110"><ele>1313.9</ele></trkpt>
      <trkpt lat="42.705660" lon="-7.050140"><ele>1315.3</ele></trkpt>
      <trkpt lat="42.705540" lon="-7.050180"><ele>1317.2</ele></trkpt>
      <trkpt lat="42.705490" lon="-7.050200"><ele>1317.8</ele></trkpt>
      <trkpt lat="42.705460" lon="-7.050200"><ele>1318.5</ele></trkpt>
      <trkpt lat="42.705420" lon="-7.050200"><ele>1319.1</ele></trkpt>
      <trkpt lat="42.705390" lon="-7.050200"><ele>1319.7</ele></trkpt>
      <trkpt lat="42.705360" lon="-7.050200"><ele>1320.3</ele></trkpt>
      <trkpt lat="42.705330" lon="-7.050210"><ele>1320.7</ele></trkpt>
      <trkpt lat="42.705310" lon="-7.050210"><ele>1321.1</ele></trkpt>
      <trkpt lat="42.705280" lon="-7.050220"><ele>1321.5</ele></trkpt>
      <trkpt lat="42.705270" lon="-7.050240"><ele>1321.3</ele></trkpt>
      <trkpt lat="42.705240" lon="-7.050260"><ele>1321.7</ele></trkpt>
      <trkpt lat="42.705210" lon="-7.050260"><ele>1322.1</ele></trkpt>
      <trkpt lat="42.705190" lon="-7.050260"><ele>1322.6</ele></trkpt>
      <trkpt lat="42.705160" lon="-7.050270"><ele>1323.0</ele></trkpt>
      <trkpt lat="42.705130" lon="-7.050280"><ele>1323.5</ele></trkpt>
      <trkpt lat="42.705100" lon="-7.050290"><ele>1323.8</ele></trkpt>
      <trkpt lat="42.705070" lon="-7.050300"><ele>1324.2</ele></trkpt>
      <trkpt lat="42.705050" lon="-7.050320"><ele>1324.5</ele></trkpt>
      <trkpt lat="42.705030" lon="-7.050340"><ele>1324.6</ele></trkpt>
      <trkpt lat="42.705010" lon="-7.050350"><ele>1324.8</ele></trkpt>
      <trkpt lat="42.704980" lon="-7.050380"><ele>1325.4</ele></trkpt>
      <trkpt lat="42.704960" lon="-7.050410"><ele>1325.8</ele></trkpt>
      <trkpt lat="42.704920" lon="-7.050440"><ele>1326.6</ele></trkpt>
      <trkpt lat="42.704900" lon="-7.050460"><ele>1327.3</ele></trkpt>
      <trkpt lat="42.704870" lon="-7.050490"><ele>1327.9</ele></trkpt>
      <trkpt lat="42.704870" lon="-7.050520"><ele>1327.8</ele></trkpt>
      <trkpt lat="42.704860" lon="-7.050560"><ele>1327.5</ele></trkpt>
      <trkpt lat="42.704860" lon="-7.050590"><ele>1327.1</ele></trkpt>
      <trkpt lat="42.704850" lon="-7.050620"><ele>1327.3</ele></trkpt>
      <trkpt lat="42.704840" lon="-7.050660"><ele>1327.0</ele></trkpt>
      <trkpt lat="42.704830" lon="-7.050690"><ele>1327.3</ele></trkpt>
      <trkpt lat="42.704810" lon="-7.050720"><ele>1327.6</ele></trkpt>
      <trkpt lat="42.704810" lon="-7.050760"><ele>1327.3</ele></trkpt>
      <trkpt lat="42.704800" lon="-7.050810"><ele>1327.3</ele></trkpt>
      <trkpt lat="42.704790" lon="-7.050860"><ele>1327.4</ele></trkpt>
      <trkpt lat="42.704780" lon="-7.050900"><ele>1327.2</ele></trkpt>
      <trkpt lat="42.704770" lon="-7.050920"><ele>1327.6</ele></trkpt>
      <trkpt lat="42.704760" lon="-7.050960"><ele>1327.6</ele></trkpt>
      <trkpt lat="42.704750" lon="-7.051010"><ele>1327.6</ele></trkpt>
      <trkpt lat="42.704750" lon="-7.051070"><ele>1327.3</ele></trkpt>
      <trkpt lat="42.704740" lon="-7.051120"><ele>1327.1</ele></trkpt>
      <trkpt lat="42.704740" lon="-7.051150"><ele>1327.2</ele></trkpt>
      <trkpt lat="42.704710" lon="-7.051250"><ele>1327.6</ele></trkpt>
      <trkpt lat="42.704690" lon="-7.051320"><ele>1327.8</ele></trkpt>
      <trkpt lat="42.704670" lon="-7.051350"><ele>1328.4</ele></trkpt>
      <trkpt lat="42.704660" lon="-7.051370"><ele>1328.8</ele></trkpt>
      <trkpt lat="42.704650" lon="-7.051410"><ele>1329.2</ele></trkpt>
      <trkpt lat="42.704630" lon="-7.051460"><ele>1329.6</ele></trkpt>
      <trkpt lat="42.704620" lon="-7.051490"><ele>1329.8</ele></trkpt>
      <trkpt lat="42.704610" lon="-7.051520"><ele>1330.1</ele></trkpt>
      <trkpt lat="42.704590" lon="-7.051550"><ele>1330.5</ele></trkpt>
      <trkpt lat="42.704580" lon="-7.051590"><ele>1330.9</ele></trkpt>
      <trkpt lat="42.704570" lon="-7.051620"><ele>1331.2</ele></trkpt>
      <trkpt lat="42.704550" lon="-7.051640"><ele>1332.1</ele></trkpt>
      <trkpt lat="42.704530" lon="-7.051670"><ele>1332.8</ele></trkpt>
      <trkpt lat="42.704510" lon="-7.051690"><ele>1333.5</ele></trkpt>
      <trkpt lat="42.704480" lon="-7.051720"><ele>1334.3</ele></trkpt>
      <trkpt lat="42.704460" lon="-7.051740"><ele>1334.9</ele></trkpt>
      <trkpt lat="42.704450" lon="-7.051770"><ele>1335.2</ele></trkpt>
      <trkpt lat="42.704430" lon="-7.051790"><ele>1335.7</ele></trkpt>
      <trkpt lat="42.704410" lon="-7.051820"><ele>1335.9</ele></trkpt>
      <trkpt lat="42.704390" lon="-7.051850"><ele>1336.4</ele></trkpt>
      <trkpt lat="42.704370" lon="-7.051870"><ele>1336.9</ele></trkpt>
      <trkpt lat="42.704340" lon="-7.051900"><ele>1337.5</ele></trkpt>
      <trkpt lat="42.704320" lon="-7.051930"><ele>1337.8</ele></trkpt>
      <trkpt lat="42.704300" lon="-7.051950"><ele>1338.5</ele></trkpt>
      <trkpt lat="42.704270" lon="-7.051980"><ele>1339.2</ele></trkpt>
      <trkpt lat="42.704250" lon="-7.052010"><ele>1339.7</ele></trkpt>
      <trkpt lat="42.704230" lon="-7.052040"><ele>1339.9</ele></trkpt>
      <trkpt lat="42.704210" lon="-7.052070"><ele>1340.6</ele></trkpt>
      <trkpt lat="42.704180" lon="-7.052100"><ele>1341.1</ele></trkpt>
      <trkpt lat="42.704150" lon="-7.052130"><ele>1341.8</ele></trkpt>
      <trkpt lat="42.704130" lon="-7.052160"><ele>1342.2</ele></trkpt>
      <trkpt lat="42.704100" lon="-7.052200"><ele>1342.8</ele></trkpt>
      <trkpt lat="42.704070" lon="-7.052220"><ele>1343.5</ele></trkpt>
      <trkpt lat="42.704050" lon="-7.052250"><ele>1343.5</ele></trkpt>
      <trkpt lat="42.704020" lon="-7.052280"><ele>1343.7</ele></trkpt>
      <trkpt lat="42.704010" lon="-7.052310"><ele>1343.6</ele></trkpt>
      <trkpt lat="42.703980" lon="-7.052330"><ele>1343.8</ele></trkpt>
      <trkpt lat="42.703960" lon="-7.052360"><ele>1343.8</ele></trkpt>
      <trkpt lat="42.703940" lon="-7.052390"><ele>1343.7</ele></trkpt>
      <trkpt lat="42.703920" lon="-7.052430"><ele>1343.7</ele></trkpt>
      <trkpt lat="42.703890" lon="-7.052450"><ele>1344.0</ele></trkpt>
      <trkpt lat="42.703870" lon="-7.052480"><ele>1344.0</ele></trkpt>
      <trkpt lat="42.703850" lon="-7.052500"><ele>1344.0</ele></trkpt>
      <trkpt lat="42.703830" lon="-7.052530"><ele>1344.1</ele></trkpt>
      <trkpt lat="42.703800" lon="-7.052550"><ele>1344.4</ele></trkpt>
      <trkpt lat="42.703780" lon="-7.052580"><ele>1344.5</ele></trkpt>
      <trkpt lat="42.703760" lon="-7.052600"><ele>1344.7</ele></trkpt>
      <trkpt lat="42.703730" lon="-7.052630"><ele>1344.9</ele></trkpt>
      <trkpt lat="42.703700" lon="-7.052650"><ele>1345.2</ele></trkpt>
      <trkpt lat="42.703680" lon="-7.052670"><ele>1345.3</ele></trkpt>
      <trkpt lat="42.703660" lon="-7.052690"><ele>1345.5</ele></trkpt>
      <trkpt lat="42.703640" lon="-7.052710"><ele>1345.5</ele></trkpt>
      <trkpt lat="42.703610" lon="-7.052730"><ele>1345.8</ele></trkpt>
      <trkpt lat="42.703590" lon="-7.052760"><ele>1345.7</ele></trkpt>
      <trkpt lat="42.703570" lon="-7.052790"><ele>1345.7</ele></trkpt>
      <trkpt lat="42.703540" lon="-7.052810"><ele>1345.8</ele></trkpt>
      <trkpt lat="42.703520" lon="-7.052840"><ele>1345.8</ele></trkpt>
      <trkpt lat="42.703490" lon="-7.052870"><ele>1346.0</ele></trkpt>
      <trkpt lat="42.703410" lon="-7.052940"><ele>1346.3</ele></trkpt>
      <trkpt lat="42.703390" lon="-7.052960"><ele>1346.4</ele></trkpt>
      <trkpt lat="42.703360" lon="-7.052990"><ele>1346.7</ele></trkpt>
      <trkpt lat="42.703330" lon="-7.053020"><ele>1346.7</ele></trkpt>
      <trkpt lat="42.703310" lon="-7.053040"><ele>1346.8</ele></trkpt>
      <trkpt lat="42.703270" lon="-7.053070"><ele>1347.1</ele></trkpt>
      <trkpt lat="42.703250" lon="-7.053090"><ele>1347.3</ele></trkpt>
      <trkpt lat="42.703230" lon="-7.053130"><ele>1347.1</ele></trkpt>
      <trkpt lat="42.703200" lon="-7.053150"><ele>1347.1</ele></trkpt>
      <trkpt lat="42.703180" lon="-7.053170"><ele>1347.3</ele></trkpt>
      <trkpt lat="42.703150" lon="-7.053180"><ele>1347.8</ele></trkpt>
      <trkpt lat="42.703130" lon="-7.053200"><ele>1347.9</ele></trkpt>
      <trkpt lat="42.703110" lon="-7.053210"><ele>1348.1</ele></trkpt>
      <trkpt lat="42.703080" lon="-7.053230"><ele>1348.4</ele></trkpt>
      <trkpt lat="42.703060" lon="-7.053250"><ele>1348.4</ele></trkpt>
      <trkpt lat="42.703030" lon="-7.053270"><ele>1348.5</ele></trkpt>
      <trkpt lat="42.703000" lon="-7.053290"><ele>1348.7</ele></trkpt>
      <trkpt lat="42.702980" lon="-7.053310"><ele>1349.0</ele></trkpt>
      <trkpt lat="42.702950" lon="-7.053330"><ele>1349.2</ele></trkpt>
      <trkpt lat="42.702930" lon="-7.053340"><ele>1349.5</ele></trkpt>
      <trkpt lat="42.702890" lon="-7.053360"><ele>1350.0</ele></trkpt>
      <trkpt lat="42.702880" lon="-7.053380"><ele>1350.0</ele></trkpt>
      <trkpt lat="42.702860" lon="-7.053410"><ele>1349.9</ele></trkpt>
      <trkpt lat="42.702830" lon="-7.053430"><ele>1350.0</ele></trkpt>
      <trkpt lat="42.702810" lon="-7.053450"><ele>1350.0</ele></trkpt>
      <trkpt lat="42.702790" lon="-7.053470"><ele>1350.5</ele></trkpt>
      <trkpt lat="42.702760" lon="-7.053480"><ele>1351.0</ele></trkpt>
      <trkpt lat="42.702730" lon="-7.053500"><ele>1351.3</ele></trkpt>
      <trkpt lat="42.702710" lon="-7.053510"><ele>1351.5</ele></trkpt>
      <trkpt lat="42.702680" lon="-7.053540"><ele>1351.7</ele></trkpt>
      <trkpt lat="42.702660" lon="-7.053570"><ele>1351.6</ele></trkpt>
      <trkpt lat="42.702640" lon="-7.053590"><ele>1351.7</ele></trkpt>
      <trkpt lat="42.702620" lon="-7.053620"><ele>1351.5</ele></trkpt>
      <trkpt lat="42.702610" lon="-7.053650"><ele>1351.3</ele></trkpt>
      <trkpt lat="42.702590" lon="-7.053680"><ele>1351.3</ele></trkpt>
      <trkpt lat="42.702570" lon="-7.053710"><ele>1351.1</ele></trkpt>
      <trkpt lat="42.702550" lon="-7.053740"><ele>1351.2</ele></trkpt>
      <trkpt lat="42.702530" lon="-7.053770"><ele>1351.2</ele></trkpt>
      <trkpt lat="42.702510" lon="-7.053800"><ele>1351.1</ele></trkpt>
      <trkpt lat="42.702500" lon="-7.053830"><ele>1350.9</ele></trkpt>
      <trkpt lat="42.702480" lon="-7.053870"><ele>1350.8</ele></trkpt>
      <trkpt lat="42.702460" lon="-7.053910"><ele>1350.4</ele></trkpt>
      <trkpt lat="42.702450" lon="-7.053940"><ele>1350.3</ele></trkpt>
      <trkpt lat="42.702440" lon="-7.053970"><ele>1350.0</ele></trkpt>
      <trkpt lat="42.702420" lon="-7.054010"><ele>1349.8</ele></trkpt>
      <trkpt lat="42.702420" lon="-7.054050"><ele>1349.3</ele></trkpt>
      <trkpt lat="42.702410" lon="-7.054090"><ele>1348.6</ele></trkpt>
      <trkpt lat="42.702410" lon="-7.054130"><ele>1348.0</ele></trkpt>
      <trkpt lat="42.702410" lon="-7.054180"><ele>1347.2</ele></trkpt>
      <trkpt lat="42.702410" lon="-7.054220"><ele>1346.6</ele></trkpt>
      <trkpt lat="42.702410" lon="-7.054260"><ele>1345.9</ele></trkpt>
      <trkpt lat="42.702400" lon="-7.054300"><ele>1345.5</ele></trkpt>
      <trkpt lat="42.702390" lon="-7.054340"><ele>1345.1</ele></trkpt>
      <trkpt lat="42.702390" lon="-7.054380"><ele>1344.7</ele></trkpt>
      <trkpt lat="42.702380" lon="-7.054410"><ele>1344.1</ele></trkpt>
      <trkpt lat="42.702370" lon="-7.054450"><ele>1344.1</ele></trkpt>
      <trkpt lat="42.702350" lon="-7.054480"><ele>1344.1</ele></trkpt>
      <trkpt lat="42.702340" lon="-7.054530"><ele>1343.9</ele></trkpt>
      <trkpt lat="42.702320" lon="-7.054570"><ele>1343.9</ele></trkpt>
      <trkpt lat="42.702310" lon="-7.054610"><ele>1343.8</ele></trkpt>
      <trkpt lat="42.702300" lon="-7.054650"><ele>1343.6</ele></trkpt>
      <trkpt lat="42.702290" lon="-7.054690"><ele>1343.3</ele></trkpt>
      <trkpt lat="42.702280" lon="-7.054720"><ele>1343.2</ele></trkpt>
      <trkpt lat="42.702270" lon="-7.054750"><ele>1343.1</ele></trkpt>
      <trkpt lat="42.702260" lon="-7.054800"><ele>1343.0</ele></trkpt>
      <trkpt lat="42.702240" lon="-7.054830"><ele>1343.3</ele></trkpt>
      <trkpt lat="42.702220" lon="-7.054860"><ele>1343.5</ele></trkpt>
      <trkpt lat="42.702210" lon="-7.054910"><ele>1343.4</ele></trkpt>
      <trkpt lat="42.702200" lon="-7.054940"><ele>1343.3</ele></trkpt>
      <trkpt lat="42.702180" lon="-7.054980"><ele>1343.6</ele></trkpt>
      <trkpt lat="42.702160" lon="-7.055010"><ele>1343.9</ele></trkpt>
      <trkpt lat="42.702140" lon="-7.055030"><ele>1344.3</ele></trkpt>
      <trkpt lat="42.702120" lon="-7.055050"><ele>1344.7</ele></trkpt>
      <trkpt lat="42.702110" lon="-7.055080"><ele>1344.8</ele></trkpt>
      <trkpt lat="42.702100" lon="-7.055110"><ele>1344.7</ele></trkpt>
      <trkpt lat="42.702080" lon="-7.055140"><ele>1344.9</ele></trkpt>
      <trkpt lat="42.702060" lon="-7.055170"><ele>1345.2</ele></trkpt>
      <trkpt lat="42.702060" lon="-7.055190"><ele>1345.2</ele></trkpt>
      <trkpt lat="42.702020" lon="-7.055250"><ele>1345.8</ele></trkpt>
      <trkpt lat="42.702000" lon="-7.055290"><ele>1346.2</ele></trkpt>
      <trkpt lat="42.701980" lon="-7.055310"><ele>1346.6</ele></trkpt>
      <trkpt lat="42.701970" lon="-7.055350"><ele>1346.8</ele></trkpt>
      <trkpt lat="42.701950" lon="-7.055380"><ele>1347.1</ele></trkpt>
      <trkpt lat="42.701940" lon="-7.055420"><ele>1347.1</ele></trkpt>
      <trkpt lat="42.701920" lon="-7.055460"><ele>1347.5</ele></trkpt>
      <trkpt lat="42.701900" lon="-7.055510"><ele>1347.7</ele></trkpt>
      <trkpt lat="42.701880" lon="-7.055560"><ele>1347.8</ele></trkpt>
      <trkpt lat="42.701870" lon="-7.055600"><ele>1348.0</ele></trkpt>
      <trkpt lat="42.701860" lon="-7.055640"><ele>1347.9</ele></trkpt>
      <trkpt lat="42.701840" lon="-7.055670"><ele>1348.3</ele></trkpt>
      <trkpt lat="42.701830" lon="-7.055700"><ele>1348.3</ele></trkpt>
      <trkpt lat="42.701820" lon="-7.055730"><ele>1348.6</ele></trkpt>
      <trkpt lat="42.701800" lon="-7.055770"><ele>1348.9</ele></trkpt>
      <trkpt lat="42.701800" lon="-7.055800"><ele>1348.9</ele></trkpt>
      <trkpt lat="42.701790" lon="-7.055840"><ele>1348.7</ele></trkpt>
      <trkpt lat="42.701760" lon="-7.055940"><ele>1349.0</ele></trkpt>
      <trkpt lat="42.701730" lon="-7.056030"><ele>1348.2</ele></trkpt>
      <trkpt lat="42.701730" lon="-7.056030"><ele>1348.1</ele></trkpt>
      <trkpt lat="42.701700" lon="-7.056120"><ele>1347.4</ele></trkpt>
      <trkpt lat="42.701680" lon="-7.056210"><ele>1346.6</ele></trkpt>
      <trkpt lat="42.701660" lon="-7.056310"><ele>1345.6</ele></trkpt>
      <trkpt lat="42.701620" lon="-7.056410"><ele>1344.9</ele></trkpt>
      <trkpt lat="42.701600" lon="-7.056470"><ele>1344.6</ele></trkpt>
      <trkpt lat="42.701530" lon="-7.056560"><ele>1344.6</ele></trkpt>
      <trkpt lat="42.701530" lon="-7.056570"><ele>1344.6</ele></trkpt>
      <trkpt lat="42.701470" lon="-7.056660"><ele>1344.5</ele></trkpt>
      <trkpt lat="42.701400" lon="-7.056740"><ele>1344.7</ele></trkpt>
      <trkpt lat="42.701340" lon="-7.056800"><ele>1345.1</ele></trkpt>
      <trkpt lat="42.701280" lon="-7.056870"><ele>1345.4</ele></trkpt>
      <trkpt lat="42.701210" lon="-7.056970"><ele>1345.0</ele></trkpt>
      <trkpt lat="42.701160" lon="-7.057070"><ele>1344.5</ele></trkpt>
      <trkpt lat="42.701110" lon="-7.057130"><ele>1344.3</ele></trkpt>
      <trkpt lat="42.701070" lon="-7.057170"><ele>1344.2</ele></trkpt>
      <trkpt lat="42.701010" lon="-7.057240"><ele>1344.0</ele></trkpt>
      <trkpt lat="42.701010" lon="-7.057240"><ele>1344.0</ele></trkpt>
      <trkpt lat="42.700950" lon="-7.057300"><ele>1343.9</ele></trkpt>
      <trkpt lat="42.700890" lon="-7.057360"><ele>1343.8</ele></trkpt>
      <trkpt lat="42.700850" lon="-7.057400"><ele>1343.7</ele></trkpt>
      <trkpt lat="42.700790" lon="-7.057460"><ele>1342.6</ele></trkpt>
      <trkpt lat="42.700770" lon="-7.057490"><ele>1341.9</ele></trkpt>
      <trkpt lat="42.700750" lon="-7.057510"><ele>1341.4</ele></trkpt>
      <trkpt lat="42.700730" lon="-7.057530"><ele>1340.8</ele></trkpt>
      <trkpt lat="42.700710" lon="-7.057540"><ele>1340.2</ele></trkpt>
      <trkpt lat="42.700680" lon="-7.057550"><ele>1339.6</ele></trkpt>
      <trkpt lat="42.700650" lon="-7.057570"><ele>1338.9</ele></trkpt>
      <trkpt lat="42.700630" lon="-7.057580"><ele>1338.2</ele></trkpt>
      <trkpt lat="42.700600" lon="-7.057590"><ele>1337.6</ele></trkpt>
      <trkpt lat="42.700570" lon="-7.057600"><ele>1336.9</ele></trkpt>
      <trkpt lat="42.700550" lon="-7.057610"><ele>1336.3</ele></trkpt>
      <trkpt lat="42.700520" lon="-7.057630"><ele>1335.7</ele></trkpt>
      <trkpt lat="42.700500" lon="-7.057640"><ele>1335.1</ele></trkpt>
      <trkpt lat="42.700490" lon="-7.057670"><ele>1334.7</ele></trkpt>
      <trkpt lat="42.700490" lon="-7.057710"><ele>1334.4</ele></trkpt>
      <trkpt lat="42.700500" lon="-7.057740"><ele>1334.2</ele></trkpt>
      <trkpt lat="42.700500" lon="-7.057780"><ele>1334.0</ele></trkpt>
      <trkpt lat="42.700510" lon="-7.057820"><ele>1333.9</ele></trkpt>
      <trkpt lat="42.700510" lon="-7.057850"><ele>1333.7</ele></trkpt>
      <trkpt lat="42.700520" lon="-7.057880"><ele>1333.7</ele></trkpt>
      <trkpt lat="42.700530" lon="-7.057910"><ele>1333.7</ele></trkpt>
      <trkpt lat="42.700550" lon="-7.057940"><ele>1333.8</ele></trkpt>
      <trkpt lat="42.700560" lon="-7.057970"><ele>1333.7</ele></trkpt>
      <trkpt lat="42.700570" lon="-7.058000"><ele>1333.7</ele></trkpt>
      <trkpt lat="42.700580" lon="-7.058040"><ele>1333.7</ele></trkpt>
      <trkpt lat="42.700590" lon="-7.058070"><ele>1333.6</ele></trkpt>
      <trkpt lat="42.700590" lon="-7.058110"><ele>1333.4</ele></trkpt>
      <trkpt lat="42.700590" lon="-7.058150"><ele>1333.1</ele></trkpt>
      <trkpt lat="42.700590" lon="-7.058180"><ele>1332.9</ele></trkpt>
      <trkpt lat="42.700590" lon="-7.058260"><ele>1332.4</ele></trkpt>
      <trkpt lat="42.700600" lon="-7.058330"><ele>1332.1</ele></trkpt>
      <trkpt lat="42.700620" lon="-7.058470"><ele>1331.7</ele></trkpt>
      <trkpt lat="42.700640" lon="-7.058600"><ele>1331.2</ele></trkpt>
      <trkpt lat="42.700660" lon="-7.058750"><ele>1330.9</ele></trkpt>
      <trkpt lat="42.700690" lon="-7.058840"><ele>1331.3</ele></trkpt>
      <trkpt lat="42.700730" lon="-7.058960"><ele>1331.5</ele></trkpt>
      <trkpt lat="42.700770" lon="-7.059130"><ele>1331.6</ele></trkpt>
      <trkpt lat="42.700800" lon="-7.059240"><ele>1331.6</ele></trkpt>
      <trkpt lat="42.700860" lon="-7.059440"><ele>1331.1</ele></trkpt>
      <trkpt lat="42.700890" lon="-7.059580"><ele>1330.3</ele></trkpt>
      <trkpt lat="42.700940" lon="-7.059730"><ele>1329.7</ele></trkpt>
      <trkpt lat="42.700980" lon="-7.059890"><ele>1329.0</ele></trkpt>
      <trkpt lat="42.701020" lon="-7.060050"><ele>1328.3</ele></trkpt>
      <trkpt lat="42.701060" lon="-7.060220"><ele>1327.2</ele></trkpt>
      <trkpt lat="42.701100" lon="-7.060370"><ele>1326.3</ele></trkpt>
      <trkpt lat="42.701150" lon="-7.060550"><ele>1325.2</ele></trkpt>
      <trkpt lat="42.701190" lon="-7.060720"><ele>1324.4</ele></trkpt>
      <trkpt lat="42.701230" lon="-7.060860"><ele>1323.7</ele></trkpt>
      <trkpt lat="42.701260" lon="-7.061000"><ele>1323.1</ele></trkpt>
      <trkpt lat="42.701300" lon="-7.061100"><ele>1323.0</ele></trkpt>
      <trkpt lat="42.701330" lon="-7.061200"><ele>1322.9</ele></trkpt>
      <trkpt lat="42.701340" lon="-7.061220"><ele>1322.9</ele></trkpt>
      <trkpt lat="42.701390" lon="-7.061400"><ele>1322.7</ele></trkpt>
      <trkpt lat="42.701420" lon="-7.061500"><ele>1322.7</ele></trkpt>
      <trkpt lat="42.701430" lon="-7.061530"><ele>1322.8</ele></trkpt>
      <trkpt lat="42.701440" lon="-7.061570"><ele>1322.7</ele></trkpt>
      <trkpt lat="42.701450" lon="-7.061620"><ele>1322.7</ele></trkpt>
      <trkpt lat="42.701460" lon="-7.061660"><ele>1322.7</ele></trkpt>
      <trkpt lat="42.701460" lon="-7.061700"><ele>1322.7</ele></trkpt>
      <trkpt lat="42.701470" lon="-7.061740"><ele>1322.6</ele></trkpt>
      <trkpt lat="42.701470" lon="-7.061780"><ele>1322.6</ele></trkpt>
      <trkpt lat="42.701470" lon="-7.061830"><ele>1322.4</ele></trkpt>
      <trkpt lat="42.701480" lon="-7.061890"><ele>1322.3</ele></trkpt>
      <trkpt lat="42.701480" lon="-7.061920"><ele>1322.3</ele></trkpt>
      <trkpt lat="42.701490" lon="-7.061960"><ele>1322.3</ele></trkpt>
      <trkpt lat="42.701490" lon="-7.062000"><ele>1322.2</ele></trkpt>
      <trkpt lat="42.701480" lon="-7.062040"><ele>1322.1</ele></trkpt>
      <trkpt lat="42.701470" lon="-7.062080"><ele>1321.9</ele></trkpt>
      <trkpt lat="42.701470" lon="-7.062110"><ele>1321.7</ele></trkpt>
      <trkpt lat="42.701460" lon="-7.062150"><ele>1321.5</ele></trkpt>
      <trkpt lat="42.701450" lon="-7.062170"><ele>1321.3</ele></trkpt>
      <trkpt lat="42.701440" lon="-7.062260"><ele>1320.9</ele></trkpt>
      <trkpt lat="42.701410" lon="-7.062440"><ele>1320.3</ele></trkpt>
      <trkpt lat="42.701370" lon="-7.062620"><ele>1319.7</ele></trkpt>
      <trkpt lat="42.701340" lon="-7.062730"><ele>1319.2</ele></trkpt>
      <trkpt lat="42.701300" lon="-7.062850"><ele>1318.6</ele></trkpt>
      <trkpt lat="42.701250" lon="-7.062990"><ele>1317.8</ele></trkpt>
      <trkpt lat="42.701210" lon="-7.063090"><ele>1316.9</ele></trkpt>
      <trkpt lat="42.701160" lon="-7.063170"><ele>1316.1</ele></trkpt>
      <trkpt lat="42.701120" lon="-7.063270"><ele>1315.4</ele></trkpt>
      <trkpt lat="42.701090" lon="-7.063360"><ele>1314.9</ele></trkpt>
      <trkpt lat="42.701070" lon="-7.063440"><ele>1314.4</ele></trkpt>
      <trkpt lat="42.701030" lon="-7.063530"><ele>1313.7</ele></trkpt>
      <trkpt lat="42.700980" lon="-7.063630"><ele>1312.8</ele></trkpt>
      <trkpt lat="42.700930" lon="-7.063730"><ele>1312.0</ele></trkpt>
      <trkpt lat="42.700890" lon="-7.063820"><ele>1311.2</ele></trkpt>
      <trkpt lat="42.700870" lon="-7.063850"><ele>1310.9</ele></trkpt>
      <trkpt lat="42.700860" lon="-7.063890"><ele>1310.7</ele></trkpt>
      <trkpt lat="42.700840" lon="-7.063940"><ele>1310.5</ele></trkpt>
      <trkpt lat="42.700830" lon="-7.063990"><ele>1310.3</ele></trkpt>
      <trkpt lat="42.700820" lon="-7.064020"><ele>1310.1</ele></trkpt>
      <trkpt lat="42.700810" lon="-7.064060"><ele>1309.8</ele></trkpt>
      <trkpt lat="42.700800" lon="-7.064110"><ele>1309.5</ele></trkpt>
      <trkpt lat="42.700790" lon="-7.064140"><ele>1309.2</ele></trkpt>
      <trkpt lat="42.700790" lon="-7.064180"><ele>1309.0</ele></trkpt>
      <trkpt lat="42.700780" lon="-7.064220"><ele>1309.0</ele></trkpt>
      <trkpt lat="42.700780" lon="-7.064250"><ele>1308.7</ele></trkpt>
      <trkpt lat="42.700770" lon="-7.064300"><ele>1308.3</ele></trkpt>
      <trkpt lat="42.700760" lon="-7.064340"><ele>1308.1</ele></trkpt>
      <trkpt lat="42.700760" lon="-7.064390"><ele>1308.0</ele></trkpt>
      <trkpt lat="42.700760" lon="-7.064430"><ele>1307.8</ele></trkpt>
      <trkpt lat="42.700750" lon="-7.064470"><ele>1307.6</ele></trkpt>
      <trkpt lat="42.700750" lon="-7.064510"><ele>1307.6</ele></trkpt>
      <trkpt lat="42.700750" lon="-7.064550"><ele>1307.3</ele></trkpt>
      <trkpt lat="42.700740" lon="-7.064590"><ele>1307.2</ele></trkpt>
      <trkpt lat="42.700740" lon="-7.064630"><ele>1307.0</ele></trkpt>
      <trkpt lat="42.700710" lon="-7.064760"><ele>1306.0</ele></trkpt>
      <trkpt lat="42.700680" lon="-7.064940"><ele>1304.7</ele></trkpt>
      <trkpt lat="42.700650" lon="-7.065070"><ele>1303.6</ele></trkpt>
      <trkpt lat="42.700650" lon="-7.065080"><ele>1303.6</ele></trkpt>
      <trkpt lat="42.700600" lon="-7.065200"><ele>1302.1</ele></trkpt>
      <trkpt lat="42.700600" lon="-7.065200"><ele>1302.1</ele></trkpt>
      <trkpt lat="42.700560" lon="-7.065340"><ele>1300.7</ele></trkpt>
      <trkpt lat="42.700520" lon="-7.065490"><ele>1299.5</ele></trkpt>
      <trkpt lat="42.700490" lon="-7.065670"><ele>1298.4</ele></trkpt>
      <trkpt lat="42.700460" lon="-7.065800"><ele>1297.2</ele></trkpt>
      <trkpt lat="42.700440" lon="-7.065830"><ele>1296.7</ele></trkpt>
      <trkpt lat="42.700420" lon="-7.065870"><ele>1296.3</ele></trkpt>
      <trkpt lat="42.700410" lon="-7.065910"><ele>1295.9</ele></trkpt>
      <trkpt lat="42.700400" lon="-7.065950"><ele>1295.5</ele></trkpt>
      <trkpt lat="42.700380" lon="-7.065990"><ele>1295.1</ele></trkpt>
      <trkpt lat="42.700370" lon="-7.066020"><ele>1294.9</ele></trkpt>
      <trkpt lat="42.700360" lon="-7.066060"><ele>1294.5</ele></trkpt>
      <trkpt lat="42.700340" lon="-7.066090"><ele>1294.0</ele></trkpt>
      <trkpt lat="42.700330" lon="-7.066130"><ele>1293.6</ele></trkpt>
      <trkpt lat="42.700330" lon="-7.066170"><ele>1293.3</ele></trkpt>
      <trkpt lat="42.700320" lon="-7.066210"><ele>1292.9</ele></trkpt>
      <trkpt lat="42.700290" lon="-7.066310"><ele>1291.9</ele></trkpt>
      <trkpt lat="42.700280" lon="-7.066350"><ele>1291.5</ele></trkpt>
      <trkpt lat="42.700270" lon="-7.066380"><ele>1291.2</ele></trkpt>
      <trkpt lat="42.700260" lon="-7.066410"><ele>1290.8</ele></trkpt>
      <trkpt lat="42.700240" lon="-7.066440"><ele>1290.4</ele></trkpt>
      <trkpt lat="42.700220" lon="-7.066480"><ele>1289.9</ele></trkpt>
      <trkpt lat="42.700210" lon="-7.066510"><ele>1289.6</ele></trkpt>
      <trkpt lat="42.700200" lon="-7.066540"><ele>1289.1</ele></trkpt>
      <trkpt lat="42.700190" lon="-7.066580"><ele>1288.9</ele></trkpt>
      <trkpt lat="42.700180" lon="-7.066610"><ele>1288.5</ele></trkpt>
      <trkpt lat="42.700170" lon="-7.066650"><ele>1288.0</ele></trkpt>
      <trkpt lat="42.700160" lon="-7.066680"><ele>1287.7</ele></trkpt>
      <trkpt lat="42.700150" lon="-7.066730"><ele>1287.2</ele></trkpt>
      <trkpt lat="42.700150" lon="-7.066770"><ele>1287.0</ele></trkpt>
      <trkpt lat="42.700140" lon="-7.066810"><ele>1286.7</ele></trkpt>
      <trkpt lat="42.700140" lon="-7.066850"><ele>1286.4</ele></trkpt>
      <trkpt lat="42.700130" lon="-7.066890"><ele>1286.0</ele></trkpt>
      <trkpt lat="42.700120" lon="-7.066930"><ele>1285.7</ele></trkpt>
      <trkpt lat="42.700120" lon="-7.066960"><ele>1285.4</ele></trkpt>
      <trkpt lat="42.700120" lon="-7.067000"><ele>1285.2</ele></trkpt>
      <trkpt lat="42.700120" lon="-7.067040"><ele>1285.0</ele></trkpt>
      <trkpt lat="42.700120" lon="-7.067090"><ele>1284.6</ele></trkpt>
      <trkpt lat="42.700130" lon="-7.067140"><ele>1284.5</ele></trkpt>
      <trkpt lat="42.700130" lon="-7.067190"><ele>1284.3</ele></trkpt>
      <trkpt lat="42.700140" lon="-7.067220"><ele>1284.2</ele></trkpt>
      <trkpt lat="42.700140" lon="-7.067260"><ele>1283.9</ele></trkpt>
      <trkpt lat="42.700150" lon="-7.067300"><ele>1283.7</ele></trkpt>
      <trkpt lat="42.700150" lon="-7.067340"><ele>1283.5</ele></trkpt>
      <trkpt lat="42.700160" lon="-7.067380"><ele>1283.4</ele></trkpt>
      <trkpt lat="42.700160" lon="-7.067420"><ele>1283.2</ele></trkpt>
      <trkpt lat="42.700170" lon="-7.067460"><ele>1283.1</ele></trkpt>
      <trkpt lat="42.700170" lon="-7.067470"><ele>1283.0</ele></trkpt>
      <trkpt lat="42.700220" lon="-7.067600"><ele>1282.1</ele></trkpt>
      <trkpt lat="42.700260" lon="-7.067750"><ele>1280.9</ele></trkpt>
      <trkpt lat="42.700260" lon="-7.067750"><ele>1281.0</ele></trkpt>
      <trkpt lat="42.700300" lon="-7.067860"><ele>1280.3</ele></trkpt>
      <trkpt lat="42.700340" lon="-7.068020"><ele>1279.1</ele></trkpt>
      <trkpt lat="42.700380" lon="-7.068170"><ele>1277.9</ele></trkpt>
      <trkpt lat="42.700420" lon="-7.068350"><ele>1276.2</ele></trkpt>
      <trkpt lat="42.700470" lon="-7.068550"><ele>1274.5</ele></trkpt>
      <trkpt lat="42.700490" lon="-7.068580"><ele>1274.3</ele></trkpt>
      <trkpt lat="42.700500" lon="-7.068620"><ele>1273.9</ele></trkpt>
      <trkpt lat="42.700510" lon="-7.068660"><ele>1273.7</ele></trkpt>
      <trkpt lat="42.700530" lon="-7.068690"><ele>1273.5</ele></trkpt>
      <trkpt lat="42.700540" lon="-7.068740"><ele>1273.1</ele></trkpt>
      <trkpt lat="42.700550" lon="-7.068780"><ele>1272.7</ele></trkpt>
      <trkpt lat="42.700560" lon="-7.068810"><ele>1272.4</ele></trkpt>
      <trkpt lat="42.700570" lon="-7.068850"><ele>1272.2</ele></trkpt>
      <trkpt lat="42.700590" lon="-7.068880"><ele>1272.0</ele></trkpt>
      <trkpt lat="42.700600" lon="-7.068910"><ele>1271.7</ele></trkpt>
      <trkpt lat="42.700620" lon="-7.068940"><ele>1271.6</ele></trkpt>
      <trkpt lat="42.700640" lon="-7.068970"><ele>1271.5</ele></trkpt>
      <trkpt lat="42.700660" lon="-7.069000"><ele>1271.4</ele></trkpt>
      <trkpt lat="42.700680" lon="-7.069030"><ele>1271.3</ele></trkpt>
      <trkpt lat="42.700690" lon="-7.069060"><ele>1271.1</ele></trkpt>
      <trkpt lat="42.700710" lon="-7.069080"><ele>1271.0</ele></trkpt>
      <trkpt lat="42.700720" lon="-7.069120"><ele>1270.8</ele></trkpt>
      <trkpt lat="42.700740" lon="-7.069150"><ele>1270.6</ele></trkpt>
      <trkpt lat="42.700760" lon="-7.069180"><ele>1270.5</ele></trkpt>
      <trkpt lat="42.700770" lon="-7.069210"><ele>1270.3</ele></trkpt>
      <trkpt lat="42.700780" lon="-7.069250"><ele>1270.1</ele></trkpt>
      <trkpt lat="42.700800" lon="-7.069270"><ele>1270.0</ele></trkpt>
      <trkpt lat="42.700820" lon="-7.069300"><ele>1269.9</ele></trkpt>
      <trkpt lat="42.700840" lon="-7.069320"><ele>1269.8</ele></trkpt>
      <trkpt lat="42.700860" lon="-7.069360"><ele>1269.4</ele></trkpt>
      <trkpt lat="42.700880" lon="-7.069400"><ele>1268.9</ele></trkpt>
      <trkpt lat="42.700900" lon="-7.069430"><ele>1268.5</ele></trkpt>
      <trkpt lat="42.700900" lon="-7.069430"><ele>1268.4</ele></trkpt>
      <trkpt lat="42.700980" lon="-7.069560"><ele>1266.7</ele></trkpt>
      <trkpt lat="42.701050" lon="-7.069660"><ele>1265.4</ele></trkpt>
      <trkpt lat="42.701130" lon="-7.069840"><ele>1262.8</ele></trkpt>
      <trkpt lat="42.701200" lon="-7.069900"><ele>1262.0</ele></trkpt>
      <trkpt lat="42.701270" lon="-7.069950"><ele>1261.3</ele></trkpt>
      <trkpt lat="42.701300" lon="-7.069970"><ele>1261.0</ele></trkpt>
      <trkpt lat="42.701320" lon="-7.069980"><ele>1260.8</ele></trkpt>
      <trkpt lat="42.701350" lon="-7.070000"><ele>1260.5</ele></trkpt>
      <trkpt lat="42.701370" lon="-7.070010"><ele>1260.3</ele></trkpt>
      <trkpt lat="42.701400" lon="-7.070020"><ele>1260.1</ele></trkpt>
      <trkpt lat="42.701430" lon="-7.070030"><ele>1260.0</ele></trkpt>
      <trkpt lat="42.701460" lon="-7.070030"><ele>1260.0</ele></trkpt>
      <trkpt lat="42.701490" lon="-7.070030"><ele>1259.9</ele></trkpt>
      <trkpt lat="42.701520" lon="-7.070030"><ele>1259.9</ele></trkpt>
      <trkpt lat="42.701550" lon="-7.070030"><ele>1259.8</ele></trkpt>
      <trkpt lat="42.701580" lon="-7.070030"><ele>1259.8</ele></trkpt>
      <trkpt lat="42.701610" lon="-7.070030"><ele>1259.8</ele></trkpt>
      <trkpt lat="42.701640" lon="-7.070030"><ele>1260.0</ele></trkpt>
      <trkpt lat="42.701660" lon="-7.070020"><ele>1260.1</ele></trkpt>
      <trkpt lat="42.701690" lon="-7.070020"><ele>1260.1</ele></trkpt>
      <trkpt lat="42.701720" lon="-7.070010"><ele>1260.2</ele></trkpt>
      <trkpt lat="42.701760" lon="-7.070010"><ele>1260.2</ele></trkpt>
      <trkpt lat="42.701790" lon="-7.070010"><ele>1260.0</ele></trkpt>
      <trkpt lat="42.701810" lon="-7.070010"><ele>1260.0</ele></trkpt>
      <trkpt lat="42.701850" lon="-7.070010"><ele>1259.8</ele></trkpt>
      <trkpt lat="42.701880" lon="-7.070010"><ele>1259.7</ele></trkpt>
      <trkpt lat="42.701910" lon="-7.070010"><ele>1259.5</ele></trkpt>
      <trkpt lat="42.701940" lon="-7.070010"><ele>1259.3</ele></trkpt>
      <trkpt lat="42.701960" lon="-7.070020"><ele>1259.0</ele></trkpt>
      <trkpt lat="42.701980" lon="-7.070040"><ele>1258.5</ele></trkpt>
      <trkpt lat="42.701990" lon="-7.070070"><ele>1257.9</ele></trkpt>
      <trkpt lat="42.702010" lon="-7.070100"><ele>1257.3</ele></trkpt>
      <trkpt lat="42.702020" lon="-7.070140"><ele>1256.4</ele></trkpt>
      <trkpt lat="42.702020" lon="-7.070180"><ele>1255.7</ele></trkpt>
      <trkpt lat="42.702020" lon="-7.070220"><ele>1255.1</ele></trkpt>
      <trkpt lat="42.702020" lon="-7.070250"><ele>1254.4</ele></trkpt>
      <trkpt lat="42.702010" lon="-7.070290"><ele>1253.6</ele></trkpt>
      <trkpt lat="42.702000" lon="-7.070320"><ele>1253.3</ele></trkpt>
      <trkpt lat="42.701980" lon="-7.070350"><ele>1252.7</ele></trkpt>
      <trkpt lat="42.701970" lon="-7.070400"><ele>1251.9</ele></trkpt>
      <trkpt lat="42.701950" lon="-7.070430"><ele>1251.3</ele></trkpt>
      <trkpt lat="42.701940" lon="-7.070470"><ele>1250.7</ele></trkpt>
      <trkpt lat="42.701920" lon="-7.070490"><ele>1250.5</ele></trkpt>
      <trkpt lat="42.701900" lon="-7.070510"><ele>1250.2</ele></trkpt>
      <trkpt lat="42.701880" lon="-7.070530"><ele>1249.9</ele></trkpt>
      <trkpt lat="42.701850" lon="-7.070560"><ele>1249.5</ele></trkpt>
      <trkpt lat="42.701830" lon="-7.070600"><ele>1249.1</ele></trkpt>
      <trkpt lat="42.701800" lon="-7.070610"><ele>1249.0</ele></trkpt>
      <trkpt lat="42.701770" lon="-7.070630"><ele>1249.0</ele></trkpt>
      <trkpt lat="42.701740" lon="-7.070630"><ele>1249.0</ele></trkpt>
      <trkpt lat="42.701710" lon="-7.070640"><ele>1248.9</ele></trkpt>
      <trkpt lat="42.701680" lon="-7.070650"><ele>1248.8</ele></trkpt>
      <trkpt lat="42.701650" lon="-7.070670"><ele>1248.6</ele></trkpt>
      <trkpt lat="42.701620" lon="-7.070680"><ele>1248.4</ele></trkpt>
      <trkpt lat="42.701600" lon="-7.070690"><ele>1248.3</ele></trkpt>
      <trkpt lat="42.701570" lon="-7.070700"><ele>1248.2</ele></trkpt>
      <trkpt lat="42.701550" lon="-7.070710"><ele>1248.1</ele></trkpt>
      <trkpt lat="42.701520" lon="-7.070720"><ele>1248.0</ele></trkpt>
      <trkpt lat="42.701490" lon="-7.070730"><ele>1247.9</ele></trkpt>
      <trkpt lat="42.701470" lon="-7.070750"><ele>1247.6</ele></trkpt>
      <trkpt lat="42.701440" lon="-7.070770"><ele>1247.4</ele></trkpt>
      <trkpt lat="42.701420" lon="-7.070790"><ele>1247.2</ele></trkpt>
      <trkpt lat="42.701390" lon="-7.070800"><ele>1247.0</ele></trkpt>
      <trkpt lat="42.701370" lon="-7.070820"><ele>1246.8</ele></trkpt>
      <trkpt lat="42.701340" lon="-7.070840"><ele>1246.5</ele></trkpt>
      <trkpt lat="42.701320" lon="-7.070870"><ele>1246.2</ele></trkpt>
      <trkpt lat="42.701290" lon="-7.070880"><ele>1246.0</ele></trkpt>
      <trkpt lat="42.701260" lon="-7.070910"><ele>1245.7</ele></trkpt>
      <trkpt lat="42.701240" lon="-7.070940"><ele>1245.3</ele></trkpt>
      <trkpt lat="42.701210" lon="-7.070960"><ele>1245.0</ele></trkpt>
      <trkpt lat="42.701180" lon="-7.070990"><ele>1244.7</ele></trkpt>
      <trkpt lat="42.701160" lon="-7.071010"><ele>1244.3</ele></trkpt>
      <trkpt lat="42.701140" lon="-7.071040"><ele>1244.0</ele></trkpt>
      <trkpt lat="42.701110" lon="-7.071070"><ele>1243.7</ele></trkpt>
      <trkpt lat="42.701090" lon="-7.071100"><ele>1243.2</ele></trkpt>
      <trkpt lat="42.701060" lon="-7.071130"><ele>1242.9</ele></trkpt>
      <trkpt lat="42.701030" lon="-7.071160"><ele>1242.6</ele></trkpt>
      <trkpt lat="42.701010" lon="-7.071180"><ele>1242.3</ele></trkpt>
      <trkpt lat="42.700990" lon="-7.071210"><ele>1242.0</ele></trkpt>
      <trkpt lat="42.700970" lon="-7.071240"><ele>1241.5</ele></trkpt>
      <trkpt lat="42.700950" lon="-7.071270"><ele>1241.2</ele></trkpt>
      <trkpt lat="42.700930" lon="-7.071300"><ele>1240.8</ele></trkpt>
      <trkpt lat="42.700910" lon="-7.071330"><ele>1240.4</ele></trkpt>
      <trkpt lat="42.700890" lon="-7.071360"><ele>1240.2</ele></trkpt>
      <trkpt lat="42.700830" lon="-7.071450"><ele>1239.0</ele></trkpt>
      <trkpt lat="42.700720" lon="-7.071600"><ele>1236.5</ele></trkpt>
      <trkpt lat="42.700630" lon="-7.071710"><ele>1234.4</ele></trkpt>
      <trkpt lat="42.700520" lon="-7.071850"><ele>1232.4</ele></trkpt>
      <trkpt lat="42.700410" lon="-7.071980"><ele>1230.5</ele></trkpt>
      <trkpt lat="42.700230" lon="-7.072170"><ele>1228.0</ele></trkpt>
      <trkpt lat="42.700120" lon="-7.072320"><ele>1226.5</ele></trkpt>
      <trkpt lat="42.700000" lon="-7.072430"><ele>1225.6</ele></trkpt>
      <trkpt lat="42.699990" lon="-7.072440"><ele>1225.6</ele></trkpt>
      <trkpt lat="42.699890" lon="-7.072530"><ele>1224.9</ele></trkpt>
      <trkpt lat="42.699750" lon="-7.072670"><ele>1223.3</ele></trkpt>
      <trkpt lat="42.699650" lon="-7.072750"><ele>1222.6</ele></trkpt>
      <trkpt lat="42.699640" lon="-7.072770"><ele>1222.5</ele></trkpt>
      <trkpt lat="42.699630" lon="-7.072790"><ele>1222.3</ele></trkpt>
      <trkpt lat="42.699610" lon="-7.072810"><ele>1222.2</ele></trkpt>
      <trkpt lat="42.699580" lon="-7.072830"><ele>1222.2</ele></trkpt>
      <trkpt lat="42.699560" lon="-7.072840"><ele>1222.1</ele></trkpt>
      <trkpt lat="42.699530" lon="-7.072850"><ele>1222.0</ele></trkpt>
      <trkpt lat="42.699510" lon="-7.072870"><ele>1222.0</ele></trkpt>
      <trkpt lat="42.699480" lon="-7.072900"><ele>1221.9</ele></trkpt>
      <trkpt lat="42.699460" lon="-7.072920"><ele>1221.9</ele></trkpt>
      <trkpt lat="42.699430" lon="-7.072950"><ele>1221.8</ele></trkpt>
      <trkpt lat="42.699410" lon="-7.072980"><ele>1221.7</ele></trkpt>
      <trkpt lat="42.699390" lon="-7.073000"><ele>1221.6</ele></trkpt>
      <trkpt lat="42.699370" lon="-7.073030"><ele>1221.5</ele></trkpt>
      <trkpt lat="42.699350" lon="-7.073060"><ele>1221.4</ele></trkpt>
      <trkpt lat="42.699340" lon="-7.073090"><ele>1221.3</ele></trkpt>
      <trkpt lat="42.699330" lon="-7.073120"><ele>1221.3</ele></trkpt>
      <trkpt lat="42.699320" lon="-7.073170"><ele>1221.3</ele></trkpt>
      <trkpt lat="42.699320" lon="-7.073210"><ele>1221.3</ele></trkpt>
      <trkpt lat="42.699310" lon="-7.073240"><ele>1221.4</ele></trkpt>
      <trkpt lat="42.699300" lon="-7.073270"><ele>1221.4</ele></trkpt>
      <trkpt lat="42.699280" lon="-7.073290"><ele>1221.4</ele></trkpt>
      <trkpt lat="42.699270" lon="-7.073320"><ele>1221.4</ele></trkpt>
      <trkpt lat="42.699260" lon="-7.073350"><ele>1221.5</ele></trkpt>
      <trkpt lat="42.699240" lon="-7.073370"><ele>1221.5</ele></trkpt>
      <trkpt lat="42.699230" lon="-7.073400"><ele>1221.6</ele></trkpt>
      <trkpt lat="42.699210" lon="-7.073430"><ele>1221.7</ele></trkpt>
      <trkpt lat="42.699190" lon="-7.073460"><ele>1221.8</ele></trkpt>
      <trkpt lat="42.699180" lon="-7.073490"><ele>1221.8</ele></trkpt>
      <trkpt lat="42.699160" lon="-7.073510"><ele>1221.8</ele></trkpt>
      <trkpt lat="42.699140" lon="-7.073520"><ele>1221.9</ele></trkpt>
      <trkpt lat="42.699110" lon="-7.073540"><ele>1222.0</ele></trkpt>
      <trkpt lat="42.699090" lon="-7.073560"><ele>1222.1</ele></trkpt>
      <trkpt lat="42.699070" lon="-7.073570"><ele>1222.1</ele></trkpt>
      <trkpt lat="42.699050" lon="-7.073590"><ele>1222.2</ele></trkpt>
      <trkpt lat="42.699020" lon="-7.073600"><ele>1222.4</ele></trkpt>
      <trkpt lat="42.698990" lon="-7.073610"><ele>1222.5</ele></trkpt>
      <trkpt lat="42.698970" lon="-7.073620"><ele>1222.4</ele></trkpt>
      <trkpt lat="42.698940" lon="-7.073650"><ele>1222.3</ele></trkpt>
      <trkpt lat="42.698920" lon="-7.073670"><ele>1222.3</ele></trkpt>
      <trkpt lat="42.698900" lon="-7.073690"><ele>1222.3</ele></trkpt>
      <trkpt lat="42.698880" lon="-7.073720"><ele>1222.3</ele></trkpt>
      <trkpt lat="42.698870" lon="-7.073750"><ele>1222.3</ele></trkpt>
      <trkpt lat="42.698850" lon="-7.073770"><ele>1222.3</ele></trkpt>
      <trkpt lat="42.698830" lon="-7.073800"><ele>1222.4</ele></trkpt>
      <trkpt lat="42.698810" lon="-7.073830"><ele>1222.4</ele></trkpt>
      <trkpt lat="42.698780" lon="-7.073860"><ele>1222.5</ele></trkpt>
      <trkpt lat="42.698760" lon="-7.073880"><ele>1222.6</ele></trkpt>
      <trkpt lat="42.698740" lon="-7.073900"><ele>1222.6</ele></trkpt>
      <trkpt lat="42.698700" lon="-7.073930"><ele>1222.7</ele></trkpt>
      <trkpt lat="42.698680" lon="-7.073950"><ele>1222.8</ele></trkpt>
      <trkpt lat="42.698660" lon="-7.073970"><ele>1222.8</ele></trkpt>
      <trkpt lat="42.698640" lon="-7.074000"><ele>1222.9</ele></trkpt>
      <trkpt lat="42.698610" lon="-7.074030"><ele>1223.0</ele></trkpt>
      <trkpt lat="42.698590" lon="-7.074050"><ele>1223.0</ele></trkpt>
      <trkpt lat="42.698570" lon="-7.074070"><ele>1223.1</ele></trkpt>
      <trkpt lat="42.698540" lon="-7.074100"><ele>1223.2</ele></trkpt>
      <trkpt lat="42.698530" lon="-7.074120"><ele>1223.3</ele></trkpt>
      <trkpt lat="42.698500" lon="-7.074150"><ele>1223.3</ele></trkpt>
      <trkpt lat="42.698490" lon="-7.074180"><ele>1223.2</ele></trkpt>
      <trkpt lat="42.698470" lon="-7.074220"><ele>1223.2</ele></trkpt>
      <trkpt lat="42.698450" lon="-7.074260"><ele>1223.2</ele></trkpt>
      <trkpt lat="42.698430" lon="-7.074300"><ele>1223.3</ele></trkpt>
      <trkpt lat="42.698410" lon="-7.074340"><ele>1223.4</ele></trkpt>
      <trkpt lat="42.698400" lon="-7.074380"><ele>1223.5</ele></trkpt>
      <trkpt lat="42.698380" lon="-7.074420"><ele>1223.4</ele></trkpt>
      <trkpt lat="42.698370" lon="-7.074450"><ele>1223.4</ele></trkpt>
      <trkpt lat="42.698370" lon="-7.074490"><ele>1223.4</ele></trkpt>
      <trkpt lat="42.698360" lon="-7.074520"><ele>1223.4</ele></trkpt>
      <trkpt lat="42.698350" lon="-7.074560"><ele>1223.4</ele></trkpt>
      <trkpt lat="42.698340" lon="-7.074600"><ele>1223.4</ele></trkpt>
      <trkpt lat="42.698330" lon="-7.074640"><ele>1223.4</ele></trkpt>
      <trkpt lat="42.698330" lon="-7.074680"><ele>1223.5</ele></trkpt>
      <trkpt lat="42.698330" lon="-7.074720"><ele>1223.5</ele></trkpt>
      <trkpt lat="42.698330" lon="-7.074760"><ele>1223.6</ele></trkpt>
      <trkpt lat="42.698330" lon="-7.074800"><ele>1223.6</ele></trkpt>
      <trkpt lat="42.698330" lon="-7.074850"><ele>1223.7</ele></trkpt>
      <trkpt lat="42.698320" lon="-7.074890"><ele>1223.6</ele></trkpt>
      <trkpt lat="42.698320" lon="-7.074920"><ele>1223.6</ele></trkpt>
      <trkpt lat="42.698320" lon="-7.074960"><ele>1223.6</ele></trkpt>
      <trkpt lat="42.698310" lon="-7.075000"><ele>1223.6</ele></trkpt>
      <trkpt lat="42.698310" lon="-7.075040"><ele>1223.5</ele></trkpt>
      <trkpt lat="42.698300" lon="-7.075070"><ele>1223.5</ele></trkpt>
      <trkpt lat="42.698280" lon="-7.075110"><ele>1223.5</ele></trkpt>
      <trkpt lat="42.698270" lon="-7.075150"><ele>1223.5</ele></trkpt>
      <trkpt lat="42.698250" lon="-7.075180"><ele>1223.6</ele></trkpt>
      <trkpt lat="42.698240" lon="-7.075220"><ele>1223.6</ele></trkpt>
      <trkpt lat="42.698220" lon="-7.075250"><ele>1223.7</ele></trkpt>
      <trkpt lat="42.698210" lon="-7.075290"><ele>1223.7</ele></trkpt>
      <trkpt lat="42.698190" lon="-7.075320"><ele>1223.8</ele></trkpt>
      <trkpt lat="42.698180" lon="-7.075350"><ele>1223.9</ele></trkpt>
      <trkpt lat="42.698180" lon="-7.075390"><ele>1224.0</ele></trkpt>
      <trkpt lat="42.698180" lon="-7.075410"><ele>1224.0</ele></trkpt>
      <trkpt lat="42.698150" lon="-7.075500"><ele>1224.2</ele></trkpt>
      <trkpt lat="42.698140" lon="-7.075530"><ele>1224.3</ele></trkpt>
      <trkpt lat="42.698120" lon="-7.075570"><ele>1224.5</ele></trkpt>
      <trkpt lat="42.698120" lon="-7.075620"><ele>1224.7</ele></trkpt>
      <trkpt lat="42.698110" lon="-7.075650"><ele>1224.8</ele></trkpt>
      <trkpt lat="42.698100" lon="-7.075690"><ele>1224.9</ele></trkpt>
      <trkpt lat="42.698090" lon="-7.075730"><ele>1225.1</ele></trkpt>
      <trkpt lat="42.698090" lon="-7.075760"><ele>1225.2</ele></trkpt>
      <trkpt lat="42.698090" lon="-7.075800"><ele>1225.5</ele></trkpt>
      <trkpt lat="42.698080" lon="-7.075830"><ele>1225.8</ele></trkpt>
      <trkpt lat="42.698080" lon="-7.075870"><ele>1226.1</ele></trkpt>
      <trkpt lat="42.698080" lon="-7.075910"><ele>1226.5</ele></trkpt>
      <trkpt lat="42.698080" lon="-7.075950"><ele>1226.9</ele></trkpt>
      <trkpt lat="42.698080" lon="-7.076000"><ele>1227.3</ele></trkpt>
      <trkpt lat="42.698090" lon="-7.076030"><ele>1227.4</ele></trkpt>
      <trkpt lat="42.698090" lon="-7.076030"><ele>1227.5</ele></trkpt>
      <trkpt lat="42.698130" lon="-7.076140"><ele>1227.8</ele></trkpt>
      <trkpt lat="42.698130" lon="-7.076150"><ele>1227.9</ele></trkpt>
      <trkpt lat="42.698170" lon="-7.076260"><ele>1227.9</ele></trkpt>
      <trkpt lat="42.698180" lon="-7.076280"><ele>1227.9</ele></trkpt>
      <trkpt lat="42.698230" lon="-7.076390"><ele>1227.8</ele></trkpt>
      <trkpt lat="42.698230" lon="-7.076410"><ele>1227.7</ele></trkpt>
      <trkpt lat="42.698270" lon="-7.076540"><ele>1227.6</ele></trkpt>
      <trkpt lat="42.698310" lon="-7.076630"><ele>1227.1</ele></trkpt>
      <trkpt lat="42.698310" lon="-7.076640"><ele>1227.1</ele></trkpt>
      <trkpt lat="42.698350" lon="-7.076740"><ele>1226.5</ele></trkpt>
      <trkpt lat="42.698360" lon="-7.076750"><ele>1226.4</ele></trkpt>
      <trkpt lat="42.698390" lon="-7.076820"><ele>1226.4</ele></trkpt>
      <trkpt lat="42.698390" lon="-7.076830"><ele>1226.4</ele></trkpt>
      <trkpt lat="42.698430" lon="-7.076920"><ele>1226.1</ele></trkpt>
      <trkpt lat="42.698430" lon="-7.076940"><ele>1226.1</ele></trkpt>
      <trkpt lat="42.698460" lon="-7.077010"><ele>1225.8</ele></trkpt>
      <trkpt lat="42.698480" lon="-7.077100"><ele>1226.0</ele></trkpt>
      <trkpt lat="42.698500" lon="-7.077170"><ele>1225.9</ele></trkpt>
      <trkpt lat="42.698530" lon="-7.077310"><ele>1226.8</ele></trkpt>
      <trkpt lat="42.698590" lon="-7.077420"><ele>1226.3</ele></trkpt>
      <trkpt lat="42.698650" lon="-7.077530"><ele>1225.3</ele></trkpt>
      <trkpt lat="42.698670" lon="-7.077550"><ele>1225.1</ele></trkpt>
      <trkpt lat="42.698720" lon="-7.077650"><ele>1224.4</ele></trkpt>
      <trkpt lat="42.698780" lon="-7.077750"><ele>1224.3</ele></trkpt>
      <trkpt lat="42.698810" lon="-7.077790"><ele>1224.4</ele></trkpt>
      <trkpt lat="42.698830" lon="-7.077820"><ele>1223.9</ele></trkpt>
      <trkpt lat="42.698840" lon="-7.077850"><ele>1224.1</ele></trkpt>
      <trkpt lat="42.698860" lon="-7.077890"><ele>1224.2</ele></trkpt>
      <trkpt lat="42.698870" lon="-7.077920"><ele>1224.3</ele></trkpt>
      <trkpt lat="42.698880" lon="-7.077950"><ele>1224.6</ele></trkpt>
      <trkpt lat="42.698900" lon="-7.077990"><ele>1224.7</ele></trkpt>
      <trkpt lat="42.698910" lon="-7.078020"><ele>1224.9</ele></trkpt>
      <trkpt lat="42.698920" lon="-7.078050"><ele>1224.9</ele></trkpt>
      <trkpt lat="42.698930" lon="-7.078080"><ele>1225.4</ele></trkpt>
      <trkpt lat="42.698930" lon="-7.078120"><ele>1225.6</ele></trkpt>
      <trkpt lat="42.698940" lon="-7.078160"><ele>1226.0</ele></trkpt>
      <trkpt lat="42.698940" lon="-7.078200"><ele>1226.4</ele></trkpt>
      <trkpt lat="42.698950" lon="-7.078240"><ele>1226.5</ele></trkpt>
      <trkpt lat="42.698950" lon="-7.078290"><ele>1227.2</ele></trkpt>
      <trkpt lat="42.698960" lon="-7.078330"><ele>1227.6</ele></trkpt>
      <trkpt lat="42.698960" lon="-7.078360"><ele>1228.1</ele></trkpt>
      <trkpt lat="42.698960" lon="-7.078400"><ele>1228.7</ele></trkpt>
      <trkpt lat="42.698960" lon="-7.078440"><ele>1229.3</ele></trkpt>
      <trkpt lat="42.698960" lon="-7.078490"><ele>1229.9</ele></trkpt>
      <trkpt lat="42.698960" lon="-7.078530"><ele>1230.6</ele></trkpt>
      <trkpt lat="42.698960" lon="-7.078570"><ele>1231.1</ele></trkpt>
      <trkpt lat="42.698960" lon="-7.078610"><ele>1231.5</ele></trkpt>
      <trkpt lat="42.698960" lon="-7.078650"><ele>1231.9</ele></trkpt>
      <trkpt lat="42.698960" lon="-7.078660"><ele>1232.0</ele></trkpt>
      <trkpt lat="42.698950" lon="-7.078800"><ele>1233.6</ele></trkpt>
      <trkpt lat="42.698950" lon="-7.078850"><ele>1234.1</ele></trkpt>
      <trkpt lat="42.698950" lon="-7.078890"><ele>1234.5</ele></trkpt>
      <trkpt lat="42.698950" lon="-7.078930"><ele>1234.9</ele></trkpt>
      <trkpt lat="42.698950" lon="-7.078970"><ele>1235.3</ele></trkpt>
      <trkpt lat="42.698950" lon="-7.079010"><ele>1235.7</ele></trkpt>
      <trkpt lat="42.698950" lon="-7.079050"><ele>1235.9</ele></trkpt>
      <trkpt lat="42.698950" lon="-7.079090"><ele>1236.1</ele></trkpt>
      <trkpt lat="42.698950" lon="-7.079130"><ele>1236.2</ele></trkpt>
      <trkpt lat="42.698950" lon="-7.079160"><ele>1236.4</ele></trkpt>
      <trkpt lat="42.698950" lon="-7.079200"><ele>1236.6</ele></trkpt>
      <trkpt lat="42.698940" lon="-7.079230"><ele>1237.0</ele></trkpt>
      <trkpt lat="42.698940" lon="-7.079270"><ele>1237.2</ele></trkpt>
      <trkpt lat="42.698940" lon="-7.079310"><ele>1237.3</ele></trkpt>
      <trkpt lat="42.698940" lon="-7.079340"><ele>1237.7</ele></trkpt>
      <trkpt lat="42.698930" lon="-7.079370"><ele>1238.3</ele></trkpt>
      <trkpt lat="42.698920" lon="-7.079410"><ele>1238.6</ele></trkpt>
      <trkpt lat="42.698910" lon="-7.079460"><ele>1239.5</ele></trkpt>
      <trkpt lat="42.698890" lon="-7.079500"><ele>1240.2</ele></trkpt>
      <trkpt lat="42.698880" lon="-7.079530"><ele>1240.8</ele></trkpt>
      <trkpt lat="42.698860" lon="-7.079560"><ele>1241.5</ele></trkpt>
      <trkpt lat="42.698840" lon="-7.079580"><ele>1242.7</ele></trkpt>
      <trkpt lat="42.698810" lon="-7.079610"><ele>1243.8</ele></trkpt>
      <trkpt lat="42.698790" lon="-7.079640"><ele>1244.6</ele></trkpt>
      <trkpt lat="42.698770" lon="-7.079680"><ele>1245.5</ele></trkpt>
      <trkpt lat="42.698750" lon="-7.079710"><ele>1246.1</ele></trkpt>
      <trkpt lat="42.698730" lon="-7.079740"><ele>1246.7</ele></trkpt>
      <trkpt lat="42.698720" lon="-7.079790"><ele>1247.1</ele></trkpt>
      <trkpt lat="42.698710" lon="-7.079830"><ele>1247.5</ele></trkpt>
      <trkpt lat="42.698700" lon="-7.079860"><ele>1247.6</ele></trkpt>
      <trkpt lat="42.698700" lon="-7.079900"><ele>1247.8</ele></trkpt>
      <trkpt lat="42.698700" lon="-7.079940"><ele>1247.7</ele></trkpt>
      <trkpt lat="42.698690" lon="-7.079980"><ele>1248.1</ele></trkpt>
      <trkpt lat="42.698690" lon="-7.080030"><ele>1248.7</ele></trkpt>
      <trkpt lat="42.698690" lon="-7.080070"><ele>1249.0</ele></trkpt>
      <trkpt lat="42.698690" lon="-7.080110"><ele>1249.2</ele></trkpt>
      <trkpt lat="42.698690" lon="-7.080160"><ele>1249.6</ele></trkpt>
      <trkpt lat="42.698690" lon="-7.080200"><ele>1249.9</ele></trkpt>
      <trkpt lat="42.698690" lon="-7.080250"><ele>1250.3</ele></trkpt>
      <trkpt lat="42.698690" lon="-7.080290"><ele>1250.6</ele></trkpt>
      <trkpt lat="42.698690" lon="-7.080350"><ele>1251.0</ele></trkpt>
      <trkpt lat="42.698690" lon="-7.080390"><ele>1251.3</ele></trkpt>
      <trkpt lat="42.698690" lon="-7.080430"><ele>1251.6</ele></trkpt>
      <trkpt lat="42.698690" lon="-7.080470"><ele>1251.9</ele></trkpt>
      <trkpt lat="42.698690" lon="-7.080500"><ele>1252.3</ele></trkpt>
      <trkpt lat="42.698700" lon="-7.080540"><ele>1252.2</ele></trkpt>
      <trkpt lat="42.698700" lon="-7.080580"><ele>1252.3</ele></trkpt>
      <trkpt lat="42.698710" lon="-7.080630"><ele>1252.4</ele></trkpt>
      <trkpt lat="42.698730" lon="-7.080660"><ele>1252.0</ele></trkpt>
      <trkpt lat="42.698740" lon="-7.080700"><ele>1252.0</ele></trkpt>
      <trkpt lat="42.698750" lon="-7.080740"><ele>1251.6</ele></trkpt>
      <trkpt lat="42.698770" lon="-7.080770"><ele>1251.2</ele></trkpt>
      <trkpt lat="42.698780" lon="-7.080810"><ele>1250.9</ele></trkpt>
      <trkpt lat="42.698800" lon="-7.080850"><ele>1250.5</ele></trkpt>
      <trkpt lat="42.698820" lon="-7.080900"><ele>1250.1</ele></trkpt>
      <trkpt lat="42.698830" lon="-7.080940"><ele>1249.9</ele></trkpt>
      <trkpt lat="42.698830" lon="-7.080990"><ele>1250.0</ele></trkpt>
      <trkpt lat="42.698840" lon="-7.081020"><ele>1250.1</ele></trkpt>
      <trkpt lat="42.698850" lon="-7.081070"><ele>1249.8</ele></trkpt>
      <trkpt lat="42.698860" lon="-7.081110"><ele>1249.6</ele></trkpt>
      <trkpt lat="42.698860" lon="-7.081160"><ele>1249.7</ele></trkpt>
      <trkpt lat="42.698860" lon="-7.081190"><ele>1249.9</ele></trkpt>
      <trkpt lat="42.698860" lon="-7.081230"><ele>1250.1</ele></trkpt>
      <trkpt lat="42.698860" lon="-7.081270"><ele>1250.3</ele></trkpt>
      <trkpt lat="42.698860" lon="-7.081310"><ele>1250.5</ele></trkpt>
      <trkpt lat="42.698860" lon="-7.081350"><ele>1250.6</ele></trkpt>
      <trkpt lat="42.698860" lon="-7.081390"><ele>1250.7</ele></trkpt>
      <trkpt lat="42.698860" lon="-7.081410"><ele>1250.8</ele></trkpt>
      <trkpt lat="42.698850" lon="-7.081520"><ele>1251.7</ele></trkpt>
      <trkpt lat="42.698850" lon="-7.081630"><ele>1252.0</ele></trkpt>
      <trkpt lat="42.698830" lon="-7.081760"><ele>1253.3</ele></trkpt>
      <trkpt lat="42.698830" lon="-7.081890"><ele>1253.3</ele></trkpt>
      <trkpt lat="42.698810" lon="-7.082050"><ele>1253.8</ele></trkpt>
      <trkpt lat="42.698800" lon="-7.082150"><ele>1253.9</ele></trkpt>
      <trkpt lat="42.698800" lon="-7.082300"><ele>1253.8</ele></trkpt>
      <trkpt lat="42.698800" lon="-7.082300"><ele>1253.8</ele></trkpt>
      <trkpt lat="42.698800" lon="-7.082440"><ele>1254.1</ele></trkpt>
      <trkpt lat="42.698790" lon="-7.082480"><ele>1254.4</ele></trkpt>
      <trkpt lat="42.698790" lon="-7.082500"><ele>1254.4</ele></trkpt>
      <trkpt lat="42.698790" lon="-7.082580"><ele>1254.8</ele></trkpt>
      <trkpt lat="42.698770" lon="-7.082750"><ele>1256.0</ele></trkpt>
      <trkpt lat="42.698770" lon="-7.082760"><ele>1256.0</ele></trkpt>
      <trkpt lat="42.698770" lon="-7.082870"><ele>1256.8</ele></trkpt>
      <trkpt lat="42.698780" lon="-7.082870"><ele>1256.6</ele></trkpt>
      <trkpt lat="42.698780" lon="-7.082890"><ele>1256.8</ele></trkpt>
      <trkpt lat="42.698780" lon="-7.082920"><ele>1257.0</ele></trkpt>
      <trkpt lat="42.698770" lon="-7.082940"><ele>1257.2</ele></trkpt>
      <trkpt lat="42.698770" lon="-7.082960"><ele>1257.3</ele></trkpt>
      <trkpt lat="42.698770" lon="-7.082970"><ele>1257.4</ele></trkpt>
      <trkpt lat="42.698770" lon="-7.082990"><ele>1257.5</ele></trkpt>
      <trkpt lat="42.698770" lon="-7.083010"><ele>1257.6</ele></trkpt>
      <trkpt lat="42.698770" lon="-7.083020"><ele>1257.7</ele></trkpt>
      <trkpt lat="42.698770" lon="-7.083040"><ele>1257.9</ele></trkpt>
      <trkpt lat="42.698770" lon="-7.083060"><ele>1258.0</ele></trkpt>
      <trkpt lat="42.698770" lon="-7.083090"><ele>1258.2</ele></trkpt>
      <trkpt lat="42.698770" lon="-7.083110"><ele>1258.4</ele></trkpt>
      <trkpt lat="42.698770" lon="-7.083130"><ele>1258.5</ele></trkpt>
      <trkpt lat="42.698770" lon="-7.083150"><ele>1258.6</ele></trkpt>
      <trkpt lat="42.698770" lon="-7.083170"><ele>1258.8</ele></trkpt>
      <trkpt lat="42.698770" lon="-7.083190"><ele>1259.0</ele></trkpt>
      <trkpt lat="42.698770" lon="-7.083210"><ele>1259.2</ele></trkpt>
      <trkpt lat="42.698770" lon="-7.083230"><ele>1259.4</ele></trkpt>
      <trkpt lat="42.698770" lon="-7.083250"><ele>1259.5</ele></trkpt>
      <trkpt lat="42.698770" lon="-7.083270"><ele>1259.8</ele></trkpt>
      <trkpt lat="42.698770" lon="-7.083290"><ele>1260.0</ele></trkpt>
      <trkpt lat="42.698770" lon="-7.083300"><ele>1260.2</ele></trkpt>
      <trkpt lat="42.698770" lon="-7.083320"><ele>1260.3</ele></trkpt>
      <trkpt lat="42.698770" lon="-7.083340"><ele>1260.6</ele></trkpt>
      <trkpt lat="42.698770" lon="-7.083360"><ele>1260.8</ele></trkpt>
      <trkpt lat="42.698770" lon="-7.083380"><ele>1261.0</ele></trkpt>
      <trkpt lat="42.698770" lon="-7.083400"><ele>1261.3</ele></trkpt>
      <trkpt lat="42.698770" lon="-7.083410"><ele>1261.4</ele></trkpt>
      <trkpt lat="42.698770" lon="-7.083430"><ele>1261.7</ele></trkpt>
      <trkpt lat="42.698760" lon="-7.083450"><ele>1261.8</ele></trkpt>
      <trkpt lat="42.698760" lon="-7.083460"><ele>1262.0</ele></trkpt>
      <trkpt lat="42.698760" lon="-7.083480"><ele>1262.2</ele></trkpt>
      <trkpt lat="42.698760" lon="-7.083490"><ele>1262.4</ele></trkpt>
      <trkpt lat="42.698760" lon="-7.083510"><ele>1262.6</ele></trkpt>
      <trkpt lat="42.698760" lon="-7.083520"><ele>1262.7</ele></trkpt>
      <trkpt lat="42.698750" lon="-7.083540"><ele>1262.9</ele></trkpt>
      <trkpt lat="42.698750" lon="-7.083560"><ele>1263.2</ele></trkpt>
      <trkpt lat="42.698750" lon="-7.083580"><ele>1263.4</ele></trkpt>
      <trkpt lat="42.698750" lon="-7.083590"><ele>1263.5</ele></trkpt>
      <trkpt lat="42.698750" lon="-7.083610"><ele>1263.7</ele></trkpt>
      <trkpt lat="42.698740" lon="-7.083620"><ele>1263.9</ele></trkpt>
      <trkpt lat="42.698730" lon="-7.083640"><ele>1264.2</ele></trkpt>
      <trkpt lat="42.698730" lon="-7.083660"><ele>1264.4</ele></trkpt>
      <trkpt lat="42.698720" lon="-7.083680"><ele>1264.7</ele></trkpt>
      <trkpt lat="42.698720" lon="-7.083690"><ele>1264.8</ele></trkpt>
      <trkpt lat="42.698720" lon="-7.083700"><ele>1265.0</ele></trkpt>
      <trkpt lat="42.698720" lon="-7.083710"><ele>1265.1</ele></trkpt>
      <trkpt lat="42.698710" lon="-7.083730"><ele>1265.3</ele></trkpt>
      <trkpt lat="42.698700" lon="-7.083740"><ele>1265.5</ele></trkpt>
      <trkpt lat="42.698700" lon="-7.083750"><ele>1265.7</ele></trkpt>
      <trkpt lat="42.698690" lon="-7.083770"><ele>1265.9</ele></trkpt>
      <trkpt lat="42.698680" lon="-7.083780"><ele>1266.0</ele></trkpt>
      <trkpt lat="42.698670" lon="-7.083790"><ele>1266.2</ele></trkpt>
      <trkpt lat="42.698660" lon="-7.083800"><ele>1266.4</ele></trkpt>
      <trkpt lat="42.698650" lon="-7.083820"><ele>1266.5</ele></trkpt>
      <trkpt lat="42.698650" lon="-7.083830"><ele>1266.7</ele></trkpt>
      <trkpt lat="42.698640" lon="-7.083850"><ele>1266.8</ele></trkpt>
      <trkpt lat="42.698640" lon="-7.083860"><ele>1266.9</ele></trkpt>
      <trkpt lat="42.698630" lon="-7.083870"><ele>1267.0</ele></trkpt>
      <trkpt lat="42.698620" lon="-7.083890"><ele>1267.1</ele></trkpt>
      <trkpt lat="42.698620" lon="-7.083910"><ele>1267.2</ele></trkpt>
      <trkpt lat="42.698610" lon="-7.083920"><ele>1267.3</ele></trkpt>
      <trkpt lat="42.698610" lon="-7.083940"><ele>1267.4</ele></trkpt>
      <trkpt lat="42.698600" lon="-7.083950"><ele>1267.5</ele></trkpt>
      <trkpt lat="42.698600" lon="-7.083970"><ele>1267.5</ele></trkpt>
      <trkpt lat="42.698590" lon="-7.083980"><ele>1267.6</ele></trkpt>
      <trkpt lat="42.698580" lon="-7.084000"><ele>1267.6</ele></trkpt>
      <trkpt lat="42.698580" lon="-7.084010"><ele>1267.7</ele></trkpt>
      <trkpt lat="42.698570" lon="-7.084020"><ele>1267.7</ele></trkpt>
      <trkpt lat="42.698570" lon="-7.084030"><ele>1267.7</ele></trkpt>
      <trkpt lat="42.698560" lon="-7.084040"><ele>1267.7</ele></trkpt>
      <trkpt lat="42.698560" lon="-7.084060"><ele>1267.8</ele></trkpt>
      <trkpt lat="42.698560" lon="-7.084080"><ele>1267.8</ele></trkpt>
      <trkpt lat="42.698550" lon="-7.084090"><ele>1267.8</ele></trkpt>
      <trkpt lat="42.698550" lon="-7.084110"><ele>1267.9</ele></trkpt>
      <trkpt lat="42.698550" lon="-7.084120"><ele>1267.8</ele></trkpt>
      <trkpt lat="42.698550" lon="-7.084140"><ele>1267.7</ele></trkpt>
      <trkpt lat="42.698550" lon="-7.084150"><ele>1267.7</ele></trkpt>
      <trkpt lat="42.698550" lon="-7.084170"><ele>1267.6</ele></trkpt>
      <trkpt lat="42.698550" lon="-7.084180"><ele>1267.5</ele></trkpt>
      <trkpt lat="42.698540" lon="-7.084190"><ele>1267.4</ele></trkpt>
      <trkpt lat="42.698540" lon="-7.084200"><ele>1267.3</ele></trkpt>
      <trkpt lat="42.698530" lon="-7.084210"><ele>1267.2</ele></trkpt>
      <trkpt lat="42.698520" lon="-7.084220"><ele>1267.1</ele></trkpt>
      <trkpt lat="42.698520" lon="-7.084230"><ele>1267.0</ele></trkpt>
      <trkpt lat="42.698520" lon="-7.084250"><ele>1266.9</ele></trkpt>
      <trkpt lat="42.698530" lon="-7.084260"><ele>1266.9</ele></trkpt>
      <trkpt lat="42.698530" lon="-7.084270"><ele>1267.0</ele></trkpt>
      <trkpt lat="42.698540" lon="-7.084280"><ele>1267.0</ele></trkpt>
      <trkpt lat="42.698550" lon="-7.084290"><ele>1267.1</ele></trkpt>
      <trkpt lat="42.698560" lon="-7.084300"><ele>1267.1</ele></trkpt>
      <trkpt lat="42.698570" lon="-7.084300"><ele>1267.2</ele></trkpt>
      <trkpt lat="42.698580" lon="-7.084310"><ele>1267.3</ele></trkpt>
      <trkpt lat="42.698590" lon="-7.084330"><ele>1267.4</ele></trkpt>
      <trkpt lat="42.698600" lon="-7.084330"><ele>1267.5</ele></trkpt>
      <trkpt lat="42.698610" lon="-7.084340"><ele>1267.7</ele></trkpt>
      <trkpt lat="42.698620" lon="-7.084340"><ele>1267.8</ele></trkpt>
      <trkpt lat="42.698630" lon="-7.084350"><ele>1267.9</ele></trkpt>
      <trkpt lat="42.698650" lon="-7.084350"><ele>1268.1</ele></trkpt>
      <trkpt lat="42.698660" lon="-7.084360"><ele>1268.2</ele></trkpt>
      <trkpt lat="42.698670" lon="-7.084370"><ele>1268.4</ele></trkpt>
      <trkpt lat="42.698680" lon="-7.084370"><ele>1268.5</ele></trkpt>
      <trkpt lat="42.698690" lon="-7.084380"><ele>1268.7</ele></trkpt>
      <trkpt lat="42.698700" lon="-7.084390"><ele>1268.8</ele></trkpt>
      <trkpt lat="42.698710" lon="-7.084400"><ele>1268.9</ele></trkpt>
      <trkpt lat="42.698720" lon="-7.084410"><ele>1269.1</ele></trkpt>
      <trkpt lat="42.698730" lon="-7.084420"><ele>1269.2</ele></trkpt>
      <trkpt lat="42.698730" lon="-7.084430"><ele>1269.3</ele></trkpt>
      <trkpt lat="42.698740" lon="-7.084440"><ele>1269.4</ele></trkpt>
      <trkpt lat="42.698750" lon="-7.084460"><ele>1269.5</ele></trkpt>
      <trkpt lat="42.698750" lon="-7.084470"><ele>1269.6</ele></trkpt>
      <trkpt lat="42.698750" lon="-7.084480"><ele>1269.6</ele></trkpt>
      <trkpt lat="42.698760" lon="-7.084540"><ele>1269.8</ele></trkpt>
      <trkpt lat="42.698770" lon="-7.084610"><ele>1270.1</ele></trkpt>
      <trkpt lat="42.698790" lon="-7.084680"><ele>1270.3</ele></trkpt>
      <trkpt lat="42.698790" lon="-7.084730"><ele>1270.5</ele></trkpt>
      <trkpt lat="42.698810" lon="-7.084830"><ele>1270.8</ele></trkpt>
      <trkpt lat="42.698820" lon="-7.084910"><ele>1271.0</ele></trkpt>
      <trkpt lat="42.698830" lon="-7.084980"><ele>1271.4</ele></trkpt>
      <trkpt lat="42.698840" lon="-7.085080"><ele>1271.5</ele></trkpt>
      <trkpt lat="42.698860" lon="-7.085160"><ele>1271.5</ele></trkpt>
      <trkpt lat="42.698890" lon="-7.085370"><ele>1271.1</ele></trkpt>
      <trkpt lat="42.698920" lon="-7.085580"><ele>1270.7</ele></trkpt>
      <trkpt lat="42.698950" lon="-7.085830"><ele>1269.8</ele></trkpt>
      <trkpt lat="42.698980" lon="-7.086060"><ele>1268.9</ele></trkpt>
      <trkpt lat="42.699030" lon="-7.086340"><ele>1267.1</ele></trkpt>
      <trkpt lat="42.699080" lon="-7.086660"><ele>1265.3</ele></trkpt>
      <trkpt lat="42.699110" lon="-7.086910"><ele>1263.6</ele></trkpt>
      <trkpt lat="42.699150" lon="-7.087090"><ele>1263.0</ele></trkpt>
      <trkpt lat="42.699160" lon="-7.087090"><ele>1263.1</ele></trkpt>
      <trkpt lat="42.699180" lon="-7.087270"><ele>1262.2</ele></trkpt>
      <trkpt lat="42.699220" lon="-7.087440"><ele>1262.1</ele></trkpt>
      <trkpt lat="42.699240" lon="-7.087620"><ele>1261.7</ele></trkpt>
      <trkpt lat="42.699270" lon="-7.087790"><ele>1261.7</ele></trkpt>
      <trkpt lat="42.699280" lon="-7.087990"><ele>1261.6</ele></trkpt>
      <trkpt lat="42.699280" lon="-7.087990"><ele>1261.6</ele></trkpt>
      <trkpt lat="42.699320" lon="-7.088270"><ele>1261.6</ele></trkpt>
      <trkpt lat="42.699340" lon="-7.088420"><ele>1261.2</ele></trkpt>
      <trkpt lat="42.699380" lon="-7.088590"><ele>1261.2</ele></trkpt>
      <trkpt lat="42.699440" lon="-7.088780"><ele>1260.9</ele></trkpt>
      <trkpt lat="42.699440" lon="-7.088780"><ele>1260.9</ele></trkpt>
      <trkpt lat="42.699500" lon="-7.088990"><ele>1259.8</ele></trkpt>
      <trkpt lat="42.699560" lon="-7.089170"><ele>1258.5</ele></trkpt>
      <trkpt lat="42.699590" lon="-7.089280"><ele>1257.4</ele></trkpt>
      <trkpt lat="42.699610" lon="-7.089320"><ele>1256.9</ele></trkpt>
      <trkpt lat="42.699620" lon="-7.089360"><ele>1256.5</ele></trkpt>
      <trkpt lat="42.699630" lon="-7.089380"><ele>1256.1</ele></trkpt>
      <trkpt lat="42.699640" lon="-7.089420"><ele>1255.7</ele></trkpt>
      <trkpt lat="42.699640" lon="-7.089450"><ele>1255.4</ele></trkpt>
      <trkpt lat="42.699640" lon="-7.089480"><ele>1255.0</ele></trkpt>
      <trkpt lat="42.699640" lon="-7.089520"><ele>1254.6</ele></trkpt>
      <trkpt lat="42.699640" lon="-7.089560"><ele>1254.1</ele></trkpt>
      <trkpt lat="42.699640" lon="-7.089590"><ele>1253.8</ele></trkpt>
      <trkpt lat="42.699630" lon="-7.089680"><ele>1252.9</ele></trkpt>
      <trkpt lat="42.699630" lon="-7.089720"><ele>1252.5</ele></trkpt>
      <trkpt lat="42.699630" lon="-7.089750"><ele>1252.1</ele></trkpt>
      <trkpt lat="42.699630" lon="-7.089800"><ele>1251.6</ele></trkpt>
      <trkpt lat="42.699630" lon="-7.089840"><ele>1251.2</ele></trkpt>
      <trkpt lat="42.699630" lon="-7.089870"><ele>1250.7</ele></trkpt>
      <trkpt lat="42.699630" lon="-7.089910"><ele>1250.3</ele></trkpt>
      <trkpt lat="42.699630" lon="-7.089960"><ele>1249.8</ele></trkpt>
      <trkpt lat="42.699630" lon="-7.089990"><ele>1249.4</ele></trkpt>
      <trkpt lat="42.699630" lon="-7.090040"><ele>1248.9</ele></trkpt>
      <trkpt lat="42.699630" lon="-7.090080"><ele>1248.4</ele></trkpt>
      <trkpt lat="42.699630" lon="-7.090130"><ele>1247.8</ele></trkpt>
      <trkpt lat="42.699630" lon="-7.090190"><ele>1247.2</ele></trkpt>
      <trkpt lat="42.699630" lon="-7.090230"><ele>1246.7</ele></trkpt>
      <trkpt lat="42.699630" lon="-7.090270"><ele>1246.2</ele></trkpt>
      <trkpt lat="42.699630" lon="-7.090300"><ele>1245.8</ele></trkpt>
      <trkpt lat="42.699630" lon="-7.090350"><ele>1245.3</ele></trkpt>
      <trkpt lat="42.699640" lon="-7.090380"><ele>1244.8</ele></trkpt>
      <trkpt lat="42.699640" lon="-7.090420"><ele>1244.3</ele></trkpt>
      <trkpt lat="42.699650" lon="-7.090450"><ele>1243.8</ele></trkpt>
      <trkpt lat="42.699670" lon="-7.090480"><ele>1243.3</ele></trkpt>
      <trkpt lat="42.699690" lon="-7.090510"><ele>1242.9</ele></trkpt>
      <trkpt lat="42.699700" lon="-7.090530"><ele>1242.5</ele></trkpt>
      <trkpt lat="42.699720" lon="-7.090570"><ele>1242.0</ele></trkpt>
      <trkpt lat="42.699730" lon="-7.090600"><ele>1241.5</ele></trkpt>
      <trkpt lat="42.699750" lon="-7.090630"><ele>1241.1</ele></trkpt>
      <trkpt lat="42.699770" lon="-7.090660"><ele>1240.7</ele></trkpt>
      <trkpt lat="42.699780" lon="-7.090690"><ele>1240.4</ele></trkpt>
      <trkpt lat="42.699800" lon="-7.090730"><ele>1239.9</ele></trkpt>
      <trkpt lat="42.699820" lon="-7.090750"><ele>1239.6</ele></trkpt>
      <trkpt lat="42.699840" lon="-7.090780"><ele>1239.3</ele></trkpt>
      <trkpt lat="42.699860" lon="-7.090810"><ele>1239.0</ele></trkpt>
      <trkpt lat="42.699880" lon="-7.090840"><ele>1238.6</ele></trkpt>
      <trkpt lat="42.699890" lon="-7.090870"><ele>1238.3</ele></trkpt>
      <trkpt lat="42.699910" lon="-7.090900"><ele>1238.0</ele></trkpt>
      <trkpt lat="42.699920" lon="-7.090930"><ele>1237.7</ele></trkpt>
      <trkpt lat="42.699930" lon="-7.090930"><ele>1237.5</ele></trkpt>
      <trkpt lat="42.699950" lon="-7.091050"><ele>1236.3</ele></trkpt>
      <trkpt lat="42.699970" lon="-7.091230"><ele>1234.4</ele></trkpt>
      <trkpt lat="42.700020" lon="-7.091340"><ele>1232.9</ele></trkpt>
      <trkpt lat="42.700020" lon="-7.091350"><ele>1232.9</ele></trkpt>
      <trkpt lat="42.700060" lon="-7.091510"><ele>1231.0</ele></trkpt>
      <trkpt lat="42.700110" lon="-7.091650"><ele>1228.9</ele></trkpt>
      <trkpt lat="42.700160" lon="-7.091770"><ele>1227.3</ele></trkpt>
      <trkpt lat="42.700260" lon="-7.091940"><ele>1224.9</ele></trkpt>
      <trkpt lat="42.700380" lon="-7.092100"><ele>1223.0</ele></trkpt>
      <trkpt lat="42.700500" lon="-7.092240"><ele>1221.6</ele></trkpt>
      <trkpt lat="42.700620" lon="-7.092420"><ele>1221.0</ele></trkpt>
      <trkpt lat="42.700720" lon="-7.092580"><ele>1220.1</ele></trkpt>
      <trkpt lat="42.700830" lon="-7.092720"><ele>1219.8</ele></trkpt>
      <trkpt lat="42.700890" lon="-7.092820"><ele>1218.2</ele></trkpt>
      <trkpt lat="42.700910" lon="-7.092840"><ele>1217.7</ele></trkpt>
      <trkpt lat="42.700940" lon="-7.092910"><ele>1216.9</ele></trkpt>
      <trkpt lat="42.700960" lon="-7.092950"><ele>1216.3</ele></trkpt>
      <trkpt lat="42.700970" lon="-7.092980"><ele>1215.9</ele></trkpt>
      <trkpt lat="42.701040" lon="-7.093130"><ele>1213.9</ele></trkpt>
      <trkpt lat="42.701090" lon="-7.093300"><ele>1212.4</ele></trkpt>
      <trkpt lat="42.701130" lon="-7.093490"><ele>1210.3</ele></trkpt>
      <trkpt lat="42.701200" lon="-7.093660"><ele>1207.9</ele></trkpt>
      <trkpt lat="42.701250" lon="-7.093850"><ele>1205.7</ele></trkpt>
      <trkpt lat="42.701270" lon="-7.093960"><ele>1204.6</ele></trkpt>
      <trkpt lat="42.701310" lon="-7.094040"><ele>1203.7</ele></trkpt>
      <trkpt lat="42.701330" lon="-7.094070"><ele>1203.3</ele></trkpt>
      <trkpt lat="42.701350" lon="-7.094100"><ele>1203.0</ele></trkpt>
      <trkpt lat="42.701370" lon="-7.094130"><ele>1202.7</ele></trkpt>
      <trkpt lat="42.701390" lon="-7.094150"><ele>1202.4</ele></trkpt>
      <trkpt lat="42.701410" lon="-7.094160"><ele>1202.3</ele></trkpt>
      <trkpt lat="42.701530" lon="-7.094350"><ele>1201.0</ele></trkpt>
      <trkpt lat="42.701690" lon="-7.094560"><ele>1201.0</ele></trkpt>
      <trkpt lat="42.701800" lon="-7.094750"><ele>1201.7</ele></trkpt>
      <trkpt lat="42.701950" lon="-7.094980"><ele>1201.8</ele></trkpt>
      <trkpt lat="42.702120" lon="-7.095200"><ele>1203.5</ele></trkpt>
      <trkpt lat="42.702250" lon="-7.095390"><ele>1204.9</ele></trkpt>
      <trkpt lat="42.702250" lon="-7.095400"><ele>1204.9</ele></trkpt>
      <trkpt lat="42.702410" lon="-7.095610"><ele>1206.1</ele></trkpt>
      <trkpt lat="42.702630" lon="-7.095960"><ele>1208.6</ele></trkpt>
      <trkpt lat="42.702750" lon="-7.096140"><ele>1209.4</ele></trkpt>
      <trkpt lat="42.702840" lon="-7.096230"><ele>1209.3</ele></trkpt>
      <trkpt lat="42.702930" lon="-7.096340"><ele>1209.8</ele></trkpt>
      <trkpt lat="42.703080" lon="-7.096560"><ele>1211.8</ele></trkpt>
      <trkpt lat="42.703270" lon="-7.096730"><ele>1211.6</ele></trkpt>
      <trkpt lat="42.703390" lon="-7.096890"><ele>1211.7</ele></trkpt>
      <trkpt lat="42.703550" lon="-7.097060"><ele>1212.7</ele></trkpt>
      <trkpt lat="42.703650" lon="-7.097170"><ele>1213.6</ele></trkpt>
      <trkpt lat="42.703750" lon="-7.097310"><ele>1215.1</ele></trkpt>
      <trkpt lat="42.703870" lon="-7.097450"><ele>1217.5</ele></trkpt>
      <trkpt lat="42.703910" lon="-7.097490"><ele>1218.2</ele></trkpt>
      <trkpt lat="42.703940" lon="-7.097530"><ele>1219.1</ele></trkpt>
      <trkpt lat="42.703980" lon="-7.097570"><ele>1219.6</ele></trkpt>
      <trkpt lat="42.704010" lon="-7.097610"><ele>1220.1</ele></trkpt>
      <trkpt lat="42.704030" lon="-7.097650"><ele>1220.6</ele></trkpt>
      <trkpt lat="42.704060" lon="-7.097710"><ele>1221.4</ele></trkpt>
      <trkpt lat="42.704090" lon="-7.097760"><ele>1222.0</ele></trkpt>
      <trkpt lat="42.704110" lon="-7.097800"><ele>1222.4</ele></trkpt>
      <trkpt lat="42.704120" lon="-7.097840"><ele>1222.9</ele></trkpt>
      <trkpt lat="42.704140" lon="-7.097870"><ele>1223.3</ele></trkpt>
      <trkpt lat="42.704170" lon="-7.097920"><ele>1224.0</ele></trkpt>
      <trkpt lat="42.704190" lon="-7.098010"><ele>1225.1</ele></trkpt>
      <trkpt lat="42.704200" lon="-7.098060"><ele>1225.5</ele></trkpt>
      <trkpt lat="42.704210" lon="-7.098120"><ele>1226.0</ele></trkpt>
      <trkpt lat="42.704220" lon="-7.098170"><ele>1226.5</ele></trkpt>
      <trkpt lat="42.704230" lon="-7.098210"><ele>1227.0</ele></trkpt>
      <trkpt lat="42.704240" lon="-7.098260"><ele>1227.5</ele></trkpt>
      <trkpt lat="42.704260" lon="-7.098320"><ele>1228.2</ele></trkpt>
      <trkpt lat="42.704260" lon="-7.098360"><ele>1228.6</ele></trkpt>
      <trkpt lat="42.704270" lon="-7.098420"><ele>1229.2</ele></trkpt>
      <trkpt lat="42.704290" lon="-7.098470"><ele>1229.8</ele></trkpt>
      <trkpt lat="42.704300" lon="-7.098520"><ele>1229.8</ele></trkpt>
      <trkpt lat="42.704300" lon="-7.098580"><ele>1229.8</ele></trkpt>
      <trkpt lat="42.704300" lon="-7.098630"><ele>1229.8</ele></trkpt>
      <trkpt lat="42.704300" lon="-7.098690"><ele>1229.8</ele></trkpt>
      <trkpt lat="42.704300" lon="-7.098740"><ele>1229.8</ele></trkpt>
      <trkpt lat="42.704310" lon="-7.098790"><ele>1229.8</ele></trkpt>
      <trkpt lat="42.704320" lon="-7.098860"><ele>1229.9</ele></trkpt>
      <trkpt lat="42.704340" lon="-7.098910"><ele>1230.3</ele></trkpt>
      <trkpt lat="42.704380" lon="-7.098990"><ele>1231.0</ele></trkpt>
      <trkpt lat="42.704410" lon="-7.099030"><ele>1231.4</ele></trkpt>
      <trkpt lat="42.704430" lon="-7.099080"><ele>1231.7</ele></trkpt>
      <trkpt lat="42.704450" lon="-7.099120"><ele>1232.0</ele></trkpt>
      <trkpt lat="42.704480" lon="-7.099150"><ele>1232.5</ele></trkpt>
      <trkpt lat="42.704500" lon="-7.099180"><ele>1233.0</ele></trkpt>
      <trkpt lat="42.704540" lon="-7.099210"><ele>1233.5</ele></trkpt>
      <trkpt lat="42.704560" lon="-7.099240"><ele>1234.0</ele></trkpt>
      <trkpt lat="42.704590" lon="-7.099280"><ele>1234.5</ele></trkpt>
      <trkpt lat="42.704630" lon="-7.099290"><ele>1235.2</ele></trkpt>
      <trkpt lat="42.704660" lon="-7.099330"><ele>1235.7</ele></trkpt>
      <trkpt lat="42.704690" lon="-7.099370"><ele>1236.3</ele></trkpt>
      <trkpt lat="42.704720" lon="-7.099410"><ele>1236.8</ele></trkpt>
      <trkpt lat="42.704750" lon="-7.099450"><ele>1237.2</ele></trkpt>
      <trkpt lat="42.704780" lon="-7.099500"><ele>1237.8</ele></trkpt>
      <trkpt lat="42.704800" lon="-7.099540"><ele>1238.1</ele></trkpt>
      <trkpt lat="42.704810" lon="-7.099590"><ele>1238.3</ele></trkpt>
      <trkpt lat="42.704830" lon="-7.099640"><ele>1238.5</ele></trkpt>
      <trkpt lat="42.704850" lon="-7.099680"><ele>1238.8</ele></trkpt>
      <trkpt lat="42.704850" lon="-7.099730"><ele>1238.9</ele></trkpt>
      <trkpt lat="42.704870" lon="-7.099760"><ele>1239.2</ele></trkpt>
      <trkpt lat="42.704920" lon="-7.099940"><ele>1239.9</ele></trkpt>
      <trkpt lat="42.704930" lon="-7.099990"><ele>1240.0</ele></trkpt>
      <trkpt lat="42.704940" lon="-7.100040"><ele>1240.1</ele></trkpt>
      <trkpt lat="42.704960" lon="-7.100080"><ele>1240.4</ele></trkpt>
      <trkpt lat="42.704960" lon="-7.100130"><ele>1240.4</ele></trkpt>
      <trkpt lat="42.704980" lon="-7.100180"><ele>1240.6</ele></trkpt>
      <trkpt lat="42.704990" lon="-7.100240"><ele>1240.7</ele></trkpt>
      <trkpt lat="42.705010" lon="-7.100290"><ele>1240.9</ele></trkpt>
      <trkpt lat="42.705020" lon="-7.100330"><ele>1241.0</ele></trkpt>
      <trkpt lat="42.705030" lon="-7.100370"><ele>1241.0</ele></trkpt>
      <trkpt lat="42.705050" lon="-7.100410"><ele>1241.1</ele></trkpt>
      <trkpt lat="42.705050" lon="-7.100470"><ele>1241.0</ele></trkpt>
      <trkpt lat="42.705050" lon="-7.100520"><ele>1241.0</ele></trkpt>
      <trkpt lat="42.705050" lon="-7.100580"><ele>1241.0</ele></trkpt>
      <trkpt lat="42.705050" lon="-7.100630"><ele>1241.0</ele></trkpt>
      <trkpt lat="42.705050" lon="-7.100690"><ele>1240.9</ele></trkpt>
      <trkpt lat="42.705050" lon="-7.100750"><ele>1240.9</ele></trkpt>
      <trkpt lat="42.705050" lon="-7.100800"><ele>1240.9</ele></trkpt>
      <trkpt lat="42.705060" lon="-7.100850"><ele>1241.0</ele></trkpt>
      <trkpt lat="42.705060" lon="-7.100900"><ele>1241.1</ele></trkpt>
      <trkpt lat="42.705060" lon="-7.100950"><ele>1241.2</ele></trkpt>
      <trkpt lat="42.705060" lon="-7.101010"><ele>1241.3</ele></trkpt>
      <trkpt lat="42.705060" lon="-7.101070"><ele>1241.4</ele></trkpt>
      <trkpt lat="42.705060" lon="-7.101120"><ele>1241.5</ele></trkpt>
      <trkpt lat="42.705070" lon="-7.101180"><ele>1241.6</ele></trkpt>
      <trkpt lat="42.705070" lon="-7.101240"><ele>1241.6</ele></trkpt>
      <trkpt lat="42.705070" lon="-7.101300"><ele>1241.7</ele></trkpt>
      <trkpt lat="42.705080" lon="-7.101350"><ele>1241.7</ele></trkpt>
      <trkpt lat="42.705090" lon="-7.101410"><ele>1241.6</ele></trkpt>
      <trkpt lat="42.705100" lon="-7.101450"><ele>1241.6</ele></trkpt>
      <trkpt lat="42.705110" lon="-7.101510"><ele>1241.6</ele></trkpt>
      <trkpt lat="42.705110" lon="-7.101560"><ele>1241.6</ele></trkpt>
      <trkpt lat="42.705120" lon="-7.101600"><ele>1241.5</ele></trkpt>
      <trkpt lat="42.705120" lon="-7.101660"><ele>1241.5</ele></trkpt>
      <trkpt lat="42.705120" lon="-7.101720"><ele>1241.6</ele></trkpt>
      <trkpt lat="42.705120" lon="-7.101770"><ele>1241.7</ele></trkpt>
      <trkpt lat="42.705120" lon="-7.101830"><ele>1241.8</ele></trkpt>
      <trkpt lat="42.705120" lon="-7.101880"><ele>1242.0</ele></trkpt>
      <trkpt lat="42.705120" lon="-7.101940"><ele>1242.1</ele></trkpt>
      <trkpt lat="42.705120" lon="-7.101990"><ele>1242.3</ele></trkpt>
      <trkpt lat="42.705120" lon="-7.102060"><ele>1242.5</ele></trkpt>
      <trkpt lat="42.705120" lon="-7.102110"><ele>1242.6</ele></trkpt>
      <trkpt lat="42.705110" lon="-7.102150"><ele>1242.9</ele></trkpt>
      <trkpt lat="42.705110" lon="-7.102210"><ele>1243.1</ele></trkpt>
      <trkpt lat="42.705100" lon="-7.102260"><ele>1243.4</ele></trkpt>
      <trkpt lat="42.705100" lon="-7.102320"><ele>1243.6</ele></trkpt>
      <trkpt lat="42.705090" lon="-7.102370"><ele>1243.9</ele></trkpt>
      <trkpt lat="42.705090" lon="-7.102420"><ele>1244.2</ele></trkpt>
      <trkpt lat="42.705090" lon="-7.102480"><ele>1244.4</ele></trkpt>
      <trkpt lat="42.705090" lon="-7.102530"><ele>1244.6</ele></trkpt>
      <trkpt lat="42.705090" lon="-7.102580"><ele>1244.8</ele></trkpt>
      <trkpt lat="42.705090" lon="-7.102640"><ele>1245.1</ele></trkpt>
      <trkpt lat="42.705090" lon="-7.102680"><ele>1245.3</ele></trkpt>
      <trkpt lat="42.705100" lon="-7.102800"><ele>1246.0</ele></trkpt>
      <trkpt lat="42.705110" lon="-7.102860"><ele>1246.1</ele></trkpt>
      <trkpt lat="42.705130" lon="-7.102950"><ele>1246.1</ele></trkpt>
      <trkpt lat="42.705180" lon="-7.103080"><ele>1245.6</ele></trkpt>
      <trkpt lat="42.705230" lon="-7.103230"><ele>1244.5</ele></trkpt>
      <trkpt lat="42.705230" lon="-7.103240"><ele>1244.5</ele></trkpt>
      <trkpt lat="42.705270" lon="-7.103410"><ele>1243.7</ele></trkpt>
      <trkpt lat="42.705360" lon="-7.103630"><ele>1241.6</ele></trkpt>
      <trkpt lat="42.705390" lon="-7.103780"><ele>1240.7</ele></trkpt>
      <trkpt lat="42.705400" lon="-7.103810"><ele>1240.5</ele></trkpt>
      <trkpt lat="42.705430" lon="-7.103990"><ele>1239.7</ele></trkpt>
      <trkpt lat="42.705440" lon="-7.103990"><ele>1239.5</ele></trkpt>
      <trkpt lat="42.705440" lon="-7.104140"><ele>1239.0</ele></trkpt>
      <trkpt lat="42.705440" lon="-7.104200"><ele>1238.8</ele></trkpt>
      <trkpt lat="42.705440" lon="-7.104260"><ele>1238.6</ele></trkpt>
      <trkpt lat="42.705440" lon="-7.104310"><ele>1238.5</ele></trkpt>
      <trkpt lat="42.705430" lon="-7.104360"><ele>1238.4</ele></trkpt>
      <trkpt lat="42.705430" lon="-7.104420"><ele>1238.3</ele></trkpt>
      <trkpt lat="42.705420" lon="-7.104470"><ele>1238.4</ele></trkpt>
      <trkpt lat="42.705400" lon="-7.104540"><ele>1238.3</ele></trkpt>
      <trkpt lat="42.705400" lon="-7.104590"><ele>1238.1</ele></trkpt>
      <trkpt lat="42.705390" lon="-7.104650"><ele>1237.9</ele></trkpt>
      <trkpt lat="42.705380" lon="-7.104700"><ele>1237.9</ele></trkpt>
      <trkpt lat="42.705370" lon="-7.104760"><ele>1237.7</ele></trkpt>
      <trkpt lat="42.705360" lon="-7.104820"><ele>1237.6</ele></trkpt>
      <trkpt lat="42.705350" lon="-7.104870"><ele>1237.6</ele></trkpt>
      <trkpt lat="42.705320" lon="-7.104920"><ele>1237.9</ele></trkpt>
      <trkpt lat="42.705310" lon="-7.104950"><ele>1238.3</ele></trkpt>
      <trkpt lat="42.705290" lon="-7.104990"><ele>1238.8</ele></trkpt>
      <trkpt lat="42.705260" lon="-7.105020"><ele>1239.5</ele></trkpt>
      <trkpt lat="42.705240" lon="-7.105060"><ele>1240.1</ele></trkpt>
      <trkpt lat="42.705220" lon="-7.105120"><ele>1240.6</ele></trkpt>
      <trkpt lat="42.705200" lon="-7.105180"><ele>1241.0</ele></trkpt>
      <trkpt lat="42.705190" lon="-7.105240"><ele>1241.2</ele></trkpt>
      <trkpt lat="42.705180" lon="-7.105300"><ele>1241.5</ele></trkpt>
      <trkpt lat="42.705180" lon="-7.105350"><ele>1241.5</ele></trkpt>
      <trkpt lat="42.705180" lon="-7.105410"><ele>1241.5</ele></trkpt>
      <trkpt lat="42.705180" lon="-7.105470"><ele>1241.5</ele></trkpt>
      <trkpt lat="42.705180" lon="-7.105540"><ele>1241.6</ele></trkpt>
      <trkpt lat="42.705180" lon="-7.105600"><ele>1241.6</ele></trkpt>
      <trkpt lat="42.705180" lon="-7.105660"><ele>1241.7</ele></trkpt>
      <trkpt lat="42.705180" lon="-7.105720"><ele>1241.6</ele></trkpt>
      <trkpt lat="42.705190" lon="-7.105770"><ele>1241.4</ele></trkpt>
      <trkpt lat="42.705200" lon="-7.105830"><ele>1241.3</ele></trkpt>
      <trkpt lat="42.705230" lon="-7.105940"><ele>1241.7</ele></trkpt>
      <trkpt lat="42.705250" lon="-7.105980"><ele>1242.0</ele></trkpt>
      <trkpt lat="42.705260" lon="-7.106030"><ele>1242.6</ele></trkpt>
      <trkpt lat="42.705270" lon="-7.106070"><ele>1242.7</ele></trkpt>
      <trkpt lat="42.705300" lon="-7.106110"><ele>1242.7</ele></trkpt>
      <trkpt lat="42.705310" lon="-7.106170"><ele>1243.1</ele></trkpt>
      <trkpt lat="42.705340" lon="-7.106200"><ele>1242.9</ele></trkpt>
      <trkpt lat="42.705360" lon="-7.106250"><ele>1242.8</ele></trkpt>
      <trkpt lat="42.705380" lon="-7.106270"><ele>1242.5</ele></trkpt>
      <trkpt lat="42.705410" lon="-7.106320"><ele>1242.3</ele></trkpt>
      <trkpt lat="42.705440" lon="-7.106350"><ele>1241.9</ele></trkpt>
      <trkpt lat="42.705460" lon="-7.106410"><ele>1242.1</ele></trkpt>
      <trkpt lat="42.705490" lon="-7.106450"><ele>1241.7</ele></trkpt>
      <trkpt lat="42.705510" lon="-7.106500"><ele>1241.7</ele></trkpt>
      <trkpt lat="42.705530" lon="-7.106530"><ele>1241.4</ele></trkpt>
      <trkpt lat="42.705550" lon="-7.106570"><ele>1241.1</ele></trkpt>
      <trkpt lat="42.705560" lon="-7.106620"><ele>1241.4</ele></trkpt>
      <trkpt lat="42.705580" lon="-7.106660"><ele>1241.3</ele></trkpt>
      <trkpt lat="42.705600" lon="-7.106700"><ele>1241.1</ele></trkpt>
      <trkpt lat="42.705620" lon="-7.106740"><ele>1241.0</ele></trkpt>
      <trkpt lat="42.705640" lon="-7.106800"><ele>1241.0</ele></trkpt>
      <trkpt lat="42.705640" lon="-7.106850"><ele>1241.4</ele></trkpt>
      <trkpt lat="42.705650" lon="-7.106910"><ele>1241.8</ele></trkpt>
      <trkpt lat="42.705660" lon="-7.106970"><ele>1242.2</ele></trkpt>
      <trkpt lat="42.705660" lon="-7.107030"><ele>1242.7</ele></trkpt>
      <trkpt lat="42.705660" lon="-7.107100"><ele>1243.2</ele></trkpt>
      <trkpt lat="42.705680" lon="-7.107170"><ele>1243.4</ele></trkpt>
      <trkpt lat="42.705680" lon="-7.107220"><ele>1243.8</ele></trkpt>
      <trkpt lat="42.705690" lon="-7.107270"><ele>1244.2</ele></trkpt>
      <trkpt lat="42.705700" lon="-7.107320"><ele>1244.5</ele></trkpt>
      <trkpt lat="42.705710" lon="-7.107380"><ele>1244.8</ele></trkpt>
      <trkpt lat="42.705720" lon="-7.107430"><ele>1244.8</ele></trkpt>
      <trkpt lat="42.705730" lon="-7.107480"><ele>1245.1</ele></trkpt>
      <trkpt lat="42.705740" lon="-7.107540"><ele>1245.3</ele></trkpt>
      <trkpt lat="42.705760" lon="-7.107600"><ele>1245.6</ele></trkpt>
      <trkpt lat="42.705780" lon="-7.107650"><ele>1245.4</ele></trkpt>
      <trkpt lat="42.705790" lon="-7.107700"><ele>1245.5</ele></trkpt>
      <trkpt lat="42.705810" lon="-7.107740"><ele>1245.5</ele></trkpt>
      <trkpt lat="42.705810" lon="-7.107770"><ele>1245.9</ele></trkpt>
      <trkpt lat="42.705860" lon="-7.107890"><ele>1246.0</ele></trkpt>
      <trkpt lat="42.705920" lon="-7.108010"><ele>1245.9</ele></trkpt>
      <trkpt lat="42.705920" lon="-7.108010"><ele>1245.7</ele></trkpt>
      <trkpt lat="42.706000" lon="-7.108180"><ele>1247.5</ele></trkpt>
      <trkpt lat="42.706090" lon="-7.108250"><ele>1248.6</ele></trkpt>
      <trkpt lat="42.706170" lon="-7.108310"><ele>1249.5</ele></trkpt>
      <trkpt lat="42.706260" lon="-7.108350"><ele>1249.6</ele></trkpt>
      <trkpt lat="42.706360" lon="-7.108370"><ele>1249.4</ele></trkpt>
      <trkpt lat="42.706500" lon="-7.108350"><ele>1247.9</ele></trkpt>
      <trkpt lat="42.706540" lon="-7.108350"><ele>1247.6</ele></trkpt>
      <trkpt lat="42.706580" lon="-7.108350"><ele>1247.1</ele></trkpt>
      <trkpt lat="42.706630" lon="-7.108350"><ele>1246.8</ele></trkpt>
      <trkpt lat="42.706670" lon="-7.108330"><ele>1246.0</ele></trkpt>
      <trkpt lat="42.706710" lon="-7.108330"><ele>1245.6</ele></trkpt>
      <trkpt lat="42.706750" lon="-7.108320"><ele>1245.1</ele></trkpt>
      <trkpt lat="42.706780" lon="-7.108310"><ele>1244.7</ele></trkpt>
      <trkpt lat="42.706830" lon="-7.108310"><ele>1244.4</ele></trkpt>
      <trkpt lat="42.706870" lon="-7.108310"><ele>1244.0</ele></trkpt>
      <trkpt lat="42.706910" lon="-7.108300"><ele>1243.5</ele></trkpt>
      <trkpt lat="42.706940" lon="-7.108290"><ele>1243.0</ele></trkpt>
      <trkpt lat="42.706980" lon="-7.108280"><ele>1242.6</ele></trkpt>
      <trkpt lat="42.707030" lon="-7.108280"><ele>1242.1</ele></trkpt>
      <trkpt lat="42.707070" lon="-7.108280"><ele>1241.8</ele></trkpt>
      <trkpt lat="42.707120" lon="-7.108280"><ele>1241.5</ele></trkpt>
      <trkpt lat="42.707160" lon="-7.108280"><ele>1241.3</ele></trkpt>
      <trkpt lat="42.707200" lon="-7.108280"><ele>1241.0</ele></trkpt>
      <trkpt lat="42.707240" lon="-7.108280"><ele>1240.8</ele></trkpt>
      <trkpt lat="42.707280" lon="-7.108300"><ele>1240.9</ele></trkpt>
      <trkpt lat="42.707320" lon="-7.108310"><ele>1240.8</ele></trkpt>
      <trkpt lat="42.707350" lon="-7.108330"><ele>1240.6</ele></trkpt>
      <trkpt lat="42.707380" lon="-7.108340"><ele>1240.5</ele></trkpt>
      <trkpt lat="42.707400" lon="-7.108380"><ele>1240.8</ele></trkpt>
      <trkpt lat="42.707430" lon="-7.108410"><ele>1241.1</ele></trkpt>
      <trkpt lat="42.707460" lon="-7.108450"><ele>1241.3</ele></trkpt>
      <trkpt lat="42.707490" lon="-7.108480"><ele>1241.2</ele></trkpt>
      <trkpt lat="42.707520" lon="-7.108510"><ele>1241.2</ele></trkpt>
      <trkpt lat="42.707560" lon="-7.108530"><ele>1240.8</ele></trkpt>
      <trkpt lat="42.707600" lon="-7.108550"><ele>1240.6</ele></trkpt>
      <trkpt lat="42.707620" lon="-7.108580"><ele>1240.5</ele></trkpt>
      <trkpt lat="42.707660" lon="-7.108630"><ele>1240.6</ele></trkpt>
      <trkpt lat="42.707690" lon="-7.108670"><ele>1240.5</ele></trkpt>
      <trkpt lat="42.707720" lon="-7.108720"><ele>1240.3</ele></trkpt>
      <trkpt lat="42.707740" lon="-7.108760"><ele>1240.4</ele></trkpt>
      <trkpt lat="42.707760" lon="-7.108810"><ele>1240.4</ele></trkpt>
      <trkpt lat="42.707770" lon="-7.108870"><ele>1240.6</ele></trkpt>
      <trkpt lat="42.707790" lon="-7.108910"><ele>1240.6</ele></trkpt>
      <trkpt lat="42.707800" lon="-7.108960"><ele>1240.6</ele></trkpt>
      <trkpt lat="42.707810" lon="-7.109010"><ele>1240.9</ele></trkpt>
      <trkpt lat="42.707810" lon="-7.109060"><ele>1241.4</ele></trkpt>
      <trkpt lat="42.707810" lon="-7.109130"><ele>1241.4</ele></trkpt>
      <trkpt lat="42.707810" lon="-7.109180"><ele>1241.1</ele></trkpt>
      <trkpt lat="42.707800" lon="-7.109250"><ele>1241.0</ele></trkpt>
      <trkpt lat="42.707790" lon="-7.109300"><ele>1241.0</ele></trkpt>
      <trkpt lat="42.707780" lon="-7.109350"><ele>1241.0</ele></trkpt>
      <trkpt lat="42.707770" lon="-7.109390"><ele>1241.2</ele></trkpt>
      <trkpt lat="42.707740" lon="-7.109460"><ele>1241.7</ele></trkpt>
      <trkpt lat="42.707710" lon="-7.109500"><ele>1242.2</ele></trkpt>
      <trkpt lat="42.707710" lon="-7.109550"><ele>1242.2</ele></trkpt>
      <trkpt lat="42.707690" lon="-7.109600"><ele>1242.4</ele></trkpt>
      <trkpt lat="42.707670" lon="-7.109650"><ele>1242.7</ele></trkpt>
      <trkpt lat="42.707660" lon="-7.109710"><ele>1242.7</ele></trkpt>
      <trkpt lat="42.707650" lon="-7.109760"><ele>1242.6</ele></trkpt>
      <trkpt lat="42.707640" lon="-7.109810"><ele>1242.9</ele></trkpt>
      <trkpt lat="42.707620" lon="-7.109850"><ele>1243.3</ele></trkpt>
      <trkpt lat="42.707600" lon="-7.109910"><ele>1243.7</ele></trkpt>
      <trkpt lat="42.707580" lon="-7.109960"><ele>1243.9</ele></trkpt>
      <trkpt lat="42.707570" lon="-7.110010"><ele>1244.3</ele></trkpt>
      <trkpt lat="42.707550" lon="-7.110070"><ele>1244.8</ele></trkpt>
      <trkpt lat="42.707530" lon="-7.110120"><ele>1245.5</ele></trkpt>
      <trkpt lat="42.707520" lon="-7.110180"><ele>1245.8</ele></trkpt>
      <trkpt lat="42.707500" lon="-7.110230"><ele>1246.5</ele></trkpt>
      <trkpt lat="42.707490" lon="-7.110270"><ele>1247.0</ele></trkpt>
      <trkpt lat="42.707480" lon="-7.110320"><ele>1247.3</ele></trkpt>
      <trkpt lat="42.707470" lon="-7.110370"><ele>1247.6</ele></trkpt>
      <trkpt lat="42.707470" lon="-7.110420"><ele>1247.7</ele></trkpt>
      <trkpt lat="42.707470" lon="-7.110480"><ele>1247.7</ele></trkpt>
      <trkpt lat="42.707480" lon="-7.110530"><ele>1247.3</ele></trkpt>
      <trkpt lat="42.707500" lon="-7.110570"><ele>1246.7</ele></trkpt>
      <trkpt lat="42.707530" lon="-7.110610"><ele>1246.1</ele></trkpt>
      <trkpt lat="42.707550" lon="-7.110650"><ele>1245.4</ele></trkpt>
      <trkpt lat="42.707580" lon="-7.110680"><ele>1244.4</ele></trkpt>
      <trkpt lat="42.707610" lon="-7.110710"><ele>1243.6</ele></trkpt>
      <trkpt lat="42.707630" lon="-7.110740"><ele>1243.1</ele></trkpt>
      <trkpt lat="42.707650" lon="-7.110780"><ele>1242.6</ele></trkpt>
      <trkpt lat="42.707680" lon="-7.110830"><ele>1242.1</ele></trkpt>
      <trkpt lat="42.707690" lon="-7.110870"><ele>1241.9</ele></trkpt>
      <trkpt lat="42.707710" lon="-7.110920"><ele>1241.5</ele></trkpt>
      <trkpt lat="42.707730" lon="-7.110970"><ele>1241.2</ele></trkpt>
      <trkpt lat="42.707750" lon="-7.111010"><ele>1241.3</ele></trkpt>
      <trkpt lat="42.707770" lon="-7.111050"><ele>1241.4</ele></trkpt>
      <trkpt lat="42.707800" lon="-7.111100"><ele>1241.5</ele></trkpt>
      <trkpt lat="42.707820" lon="-7.111140"><ele>1241.7</ele></trkpt>
      <trkpt lat="42.707840" lon="-7.111180"><ele>1241.9</ele></trkpt>
      <trkpt lat="42.707870" lon="-7.111220"><ele>1241.9</ele></trkpt>
      <trkpt lat="42.707900" lon="-7.111260"><ele>1242.0</ele></trkpt>
      <trkpt lat="42.707930" lon="-7.111300"><ele>1242.1</ele></trkpt>
      <trkpt lat="42.707960" lon="-7.111350"><ele>1242.5</ele></trkpt>
      <trkpt lat="42.708000" lon="-7.111370"><ele>1242.0</ele></trkpt>
      <trkpt lat="42.708040" lon="-7.111370"><ele>1241.1</ele></trkpt>
      <trkpt lat="42.708080" lon="-7.111370"><ele>1240.2</ele></trkpt>
      <trkpt lat="42.708130" lon="-7.111370"><ele>1239.2</ele></trkpt>
      <trkpt lat="42.708170" lon="-7.111370"><ele>1238.6</ele></trkpt>
      <trkpt lat="42.708210" lon="-7.111370"><ele>1237.8</ele></trkpt>
      <trkpt lat="42.708220" lon="-7.111370"><ele>1237.6</ele></trkpt>
      <trkpt lat="42.708350" lon="-7.111390"><ele>1236.6</ele></trkpt>
      <trkpt lat="42.708470" lon="-7.111400"><ele>1235.5</ele></trkpt>
      <trkpt lat="42.708640" lon="-7.111400"><ele>1233.9</ele></trkpt>
      <trkpt lat="42.708810" lon="-7.111400"><ele>1232.4</ele></trkpt>
      <trkpt lat="42.708980" lon="-7.111390"><ele>1230.9</ele></trkpt>
      <trkpt lat="42.709090" lon="-7.111390"><ele>1230.0</ele></trkpt>
      <trkpt lat="42.709220" lon="-7.111380"><ele>1228.9</ele></trkpt>
      <trkpt lat="42.709290" lon="-7.111380"><ele>1228.4</ele></trkpt>
      <trkpt lat="42.709330" lon="-7.111380"><ele>1228.2</ele></trkpt>
      <trkpt lat="42.709370" lon="-7.111380"><ele>1228.0</ele></trkpt>
      <trkpt lat="42.709410" lon="-7.111380"><ele>1227.8</ele></trkpt>
      <trkpt lat="42.709450" lon="-7.111370"><ele>1227.5</ele></trkpt>
      <trkpt lat="42.709480" lon="-7.111360"><ele>1227.1</ele></trkpt>
      <trkpt lat="42.709510" lon="-7.111330"><ele>1226.3</ele></trkpt>
      <trkpt lat="42.709550" lon="-7.111300"><ele>1225.7</ele></trkpt>
      <trkpt lat="42.709570" lon="-7.111290"><ele>1225.3</ele></trkpt>
      <trkpt lat="42.709620" lon="-7.111290"><ele>1225.2</ele></trkpt>
      <trkpt lat="42.709650" lon="-7.111290"><ele>1225.0</ele></trkpt>
      <trkpt lat="42.709720" lon="-7.111300"><ele>1224.7</ele></trkpt>
      <trkpt lat="42.709820" lon="-7.111370"><ele>1224.8</ele></trkpt>
      <trkpt lat="42.709830" lon="-7.111370"><ele>1224.8</ele></trkpt>
      <trkpt lat="42.709920" lon="-7.111440"><ele>1224.6</ele></trkpt>
      <trkpt lat="42.709950" lon="-7.111470"><ele>1224.7</ele></trkpt>
      <trkpt lat="42.709970" lon="-7.111510"><ele>1224.9</ele></trkpt>
      <trkpt lat="42.709980" lon="-7.111540"><ele>1225.1</ele></trkpt>
      <trkpt lat="42.709990" lon="-7.111590"><ele>1225.4</ele></trkpt>
      <trkpt lat="42.710000" lon="-7.111640"><ele>1225.8</ele></trkpt>
      <trkpt lat="42.710010" lon="-7.111690"><ele>1226.2</ele></trkpt>
      <trkpt lat="42.710010" lon="-7.111740"><ele>1226.7</ele></trkpt>
      <trkpt lat="42.710010" lon="-7.111800"><ele>1227.2</ele></trkpt>
      <trkpt lat="42.710010" lon="-7.111850"><ele>1227.7</ele></trkpt>
      <trkpt lat="42.710010" lon="-7.111900"><ele>1228.2</ele></trkpt>
      <trkpt lat="42.710010" lon="-7.111960"><ele>1228.8</ele></trkpt>
      <trkpt lat="42.709990" lon="-7.112000"><ele>1229.5</ele></trkpt>
      <trkpt lat="42.709970" lon="-7.112040"><ele>1230.2</ele></trkpt>
      <trkpt lat="42.709960" lon="-7.112090"><ele>1231.0</ele></trkpt>
      <trkpt lat="42.709950" lon="-7.112140"><ele>1231.8</ele></trkpt>
      <trkpt lat="42.709940" lon="-7.112190"><ele>1232.5</ele></trkpt>
      <trkpt lat="42.709940" lon="-7.112250"><ele>1233.2</ele></trkpt>
      <trkpt lat="42.709930" lon="-7.112300"><ele>1233.9</ele></trkpt>
      <trkpt lat="42.709930" lon="-7.112350"><ele>1234.5</ele></trkpt>
      <trkpt lat="42.709930" lon="-7.112400"><ele>1235.2</ele></trkpt>
      <trkpt lat="42.709930" lon="-7.112450"><ele>1235.9</ele></trkpt>
      <trkpt lat="42.709930" lon="-7.112530"><ele>1236.9</ele></trkpt>
      <trkpt lat="42.709930" lon="-7.112590"><ele>1237.7</ele></trkpt>
      <trkpt lat="42.709930" lon="-7.112640"><ele>1238.5</ele></trkpt>
      <trkpt lat="42.709940" lon="-7.112700"><ele>1238.9</ele></trkpt>
      <trkpt lat="42.709950" lon="-7.112740"><ele>1239.2</ele></trkpt>
      <trkpt lat="42.709960" lon="-7.112800"><ele>1239.6</ele></trkpt>
      <trkpt lat="42.709980" lon="-7.112860"><ele>1239.9</ele></trkpt>
      <trkpt lat="42.709980" lon="-7.112910"><ele>1240.6</ele></trkpt>
      <trkpt lat="42.710000" lon="-7.112960"><ele>1240.9</ele></trkpt>
      <trkpt lat="42.710000" lon="-7.113010"><ele>1241.6</ele></trkpt>
      <trkpt lat="42.710020" lon="-7.113060"><ele>1241.9</ele></trkpt>
      <trkpt lat="42.710050" lon="-7.113100"><ele>1241.7</ele></trkpt>
      <trkpt lat="42.710060" lon="-7.113150"><ele>1241.9</ele></trkpt>
      <trkpt lat="42.710070" lon="-7.113200"><ele>1242.4</ele></trkpt>
      <trkpt lat="42.710100" lon="-7.113240"><ele>1242.4</ele></trkpt>
      <trkpt lat="42.710120" lon="-7.113280"><ele>1242.3</ele></trkpt>
      <trkpt lat="42.710180" lon="-7.113390"><ele>1241.6</ele></trkpt>
      <trkpt lat="42.710280" lon="-7.113560"><ele>1240.6</ele></trkpt>
      <trkpt lat="42.710350" lon="-7.113670"><ele>1239.7</ele></trkpt>
      <trkpt lat="42.710490" lon="-7.113800"><ele>1237.5</ele></trkpt>
      <trkpt lat="42.710500" lon="-7.113850"><ele>1237.9</ele></trkpt>
      <trkpt lat="42.710530" lon="-7.113890"><ele>1237.7</ele></trkpt>
      <trkpt lat="42.710550" lon="-7.113930"><ele>1237.8</ele></trkpt>
      <trkpt lat="42.710560" lon="-7.114000"><ele>1238.3</ele></trkpt>
      <trkpt lat="42.710580" lon="-7.114050"><ele>1238.5</ele></trkpt>
      <trkpt lat="42.710590" lon="-7.114110"><ele>1238.9</ele></trkpt>
      <trkpt lat="42.710610" lon="-7.114150"><ele>1239.3</ele></trkpt>
      <trkpt lat="42.710610" lon="-7.114210"><ele>1239.6</ele></trkpt>
      <trkpt lat="42.710610" lon="-7.114260"><ele>1239.3</ele></trkpt>
      <trkpt lat="42.710610" lon="-7.114330"><ele>1238.8</ele></trkpt>
      <trkpt lat="42.710610" lon="-7.114390"><ele>1238.6</ele></trkpt>
      <trkpt lat="42.710610" lon="-7.114440"><ele>1238.2</ele></trkpt>
      <trkpt lat="42.710600" lon="-7.114490"><ele>1238.2</ele></trkpt>
      <trkpt lat="42.710570" lon="-7.114530"><ele>1238.7</ele></trkpt>
      <trkpt lat="42.710560" lon="-7.114580"><ele>1238.9</ele></trkpt>
      <trkpt lat="42.710540" lon="-7.114620"><ele>1239.0</ele></trkpt>
      <trkpt lat="42.710530" lon="-7.114660"><ele>1239.2</ele></trkpt>
      <trkpt lat="42.710510" lon="-7.114710"><ele>1239.5</ele></trkpt>
      <trkpt lat="42.710490" lon="-7.114760"><ele>1239.8</ele></trkpt>
      <trkpt lat="42.710470" lon="-7.114790"><ele>1240.1</ele></trkpt>
      <trkpt lat="42.710450" lon="-7.114820"><ele>1240.7</ele></trkpt>
      <trkpt lat="42.710440" lon="-7.114870"><ele>1240.7</ele></trkpt>
      <trkpt lat="42.710430" lon="-7.114930"><ele>1240.8</ele></trkpt>
      <trkpt lat="42.710410" lon="-7.114960"><ele>1241.2</ele></trkpt>
      <trkpt lat="42.710400" lon="-7.115010"><ele>1241.3</ele></trkpt>
      <trkpt lat="42.710380" lon="-7.115050"><ele>1241.5</ele></trkpt>
      <trkpt lat="42.710370" lon="-7.115110"><ele>1241.4</ele></trkpt>
      <trkpt lat="42.710370" lon="-7.115160"><ele>1241.0</ele></trkpt>
      <trkpt lat="42.710350" lon="-7.115210"><ele>1240.9</ele></trkpt>
      <trkpt lat="42.710330" lon="-7.115260"><ele>1241.0</ele></trkpt>
      <trkpt lat="42.710310" lon="-7.115280"><ele>1241.6</ele></trkpt>
      <trkpt lat="42.710280" lon="-7.115320"><ele>1242.0</ele></trkpt>
      <trkpt lat="42.710260" lon="-7.115360"><ele>1242.4</ele></trkpt>
      <trkpt lat="42.710230" lon="-7.115410"><ele>1242.7</ele></trkpt>
      <trkpt lat="42.710210" lon="-7.115430"><ele>1243.4</ele></trkpt>
      <trkpt lat="42.710180" lon="-7.115470"><ele>1243.9</ele></trkpt>
      <trkpt lat="42.710170" lon="-7.115490"><ele>1244.0</ele></trkpt>
      <trkpt lat="42.710110" lon="-7.115580"><ele>1245.3</ele></trkpt>
      <trkpt lat="42.710050" lon="-7.115720"><ele>1246.0</ele></trkpt>
      <trkpt lat="42.709990" lon="-7.115840"><ele>1246.4</ele></trkpt>
      <trkpt lat="42.709930" lon="-7.116040"><ele>1246.5</ele></trkpt>
      <trkpt lat="42.709890" lon="-7.116180"><ele>1246.6</ele></trkpt>
      <trkpt lat="42.709840" lon="-7.116290"><ele>1247.1</ele></trkpt>
      <trkpt lat="42.709820" lon="-7.116450"><ele>1246.4</ele></trkpt>
      <trkpt lat="42.709800" lon="-7.116600"><ele>1246.5</ele></trkpt>
      <trkpt lat="42.709740" lon="-7.116700"><ele>1248.1</ele></trkpt>
      <trkpt lat="42.709700" lon="-7.116890"><ele>1249.2</ele></trkpt>
      <trkpt lat="42.709640" lon="-7.117070"><ele>1251.3</ele></trkpt>
      <trkpt lat="42.709620" lon="-7.117250"><ele>1251.9</ele></trkpt>
      <trkpt lat="42.709620" lon="-7.117290"><ele>1252.0</ele></trkpt>
      <trkpt lat="42.709620" lon="-7.117320"><ele>1252.1</ele></trkpt>
      <trkpt lat="42.709610" lon="-7.117370"><ele>1252.2</ele></trkpt>
      <trkpt lat="42.709610" lon="-7.117400"><ele>1252.2</ele></trkpt>
      <trkpt lat="42.709610" lon="-7.117450"><ele>1252.9</ele></trkpt>
      <trkpt lat="42.709600" lon="-7.117490"><ele>1253.7</ele></trkpt>
      <trkpt lat="42.709600" lon="-7.117530"><ele>1254.4</ele></trkpt>
      <trkpt lat="42.709600" lon="-7.117570"><ele>1255.2</ele></trkpt>
      <trkpt lat="42.709600" lon="-7.117610"><ele>1255.9</ele></trkpt>
      <trkpt lat="42.709600" lon="-7.117650"><ele>1256.6</ele></trkpt>
      <trkpt lat="42.709600" lon="-7.117690"><ele>1257.2</ele></trkpt>
      <trkpt lat="42.709610" lon="-7.117730"><ele>1257.9</ele></trkpt>
      <trkpt lat="42.709610" lon="-7.117760"><ele>1258.3</ele></trkpt>
      <trkpt lat="42.709620" lon="-7.117800"><ele>1258.7</ele></trkpt>
      <trkpt lat="42.709630" lon="-7.117830"><ele>1258.9</ele></trkpt>
      <trkpt lat="42.709660" lon="-7.117840"><ele>1258.4</ele></trkpt>
      <trkpt lat="42.709680" lon="-7.117860"><ele>1258.1</ele></trkpt>
      <trkpt lat="42.709710" lon="-7.117880"><ele>1257.7</ele></trkpt>
      <trkpt lat="42.709730" lon="-7.117900"><ele>1257.4</ele></trkpt>
      <trkpt lat="42.709740" lon="-7.117900"><ele>1257.3</ele></trkpt>
      <trkpt lat="42.709880" lon="-7.117980"><ele>1255.6</ele></trkpt>
      <trkpt lat="42.710000" lon="-7.118010"><ele>1253.3</ele></trkpt>
      <trkpt lat="42.710100" lon="-7.118040"><ele>1251.5</ele></trkpt>
      <trkpt lat="42.710130" lon="-7.118040"><ele>1251.1</ele></trkpt>
      <trkpt lat="42.710160" lon="-7.118060"><ele>1250.8</ele></trkpt>
      <trkpt lat="42.710190" lon="-7.118070"><ele>1250.6</ele></trkpt>
      <trkpt lat="42.710220" lon="-7.118080"><ele>1250.3</ele></trkpt>
      <trkpt lat="42.710240" lon="-7.118090"><ele>1250.2</ele></trkpt>
      <trkpt lat="42.710270" lon="-7.118110"><ele>1250.2</ele></trkpt>
      <trkpt lat="42.710300" lon="-7.118130"><ele>1250.1</ele></trkpt>
      <trkpt lat="42.710340" lon="-7.118150"><ele>1249.9</ele></trkpt>
      <trkpt lat="42.710370" lon="-7.118170"><ele>1249.7</ele></trkpt>
      <trkpt lat="42.710400" lon="-7.118200"><ele>1249.8</ele></trkpt>
      <trkpt lat="42.710430" lon="-7.118220"><ele>1249.8</ele></trkpt>
      <trkpt lat="42.710460" lon="-7.118240"><ele>1249.8</ele></trkpt>
      <trkpt lat="42.710480" lon="-7.118250"><ele>1249.6</ele></trkpt>
      <trkpt lat="42.710500" lon="-7.118280"><ele>1250.0</ele></trkpt>
      <trkpt lat="42.710510" lon="-7.118310"><ele>1250.4</ele></trkpt>
      <trkpt lat="42.710520" lon="-7.118320"><ele>1250.6</ele></trkpt>
      <trkpt lat="42.710530" lon="-7.118400"><ele>1251.7</ele></trkpt>
      <trkpt lat="42.710540" lon="-7.118460"><ele>1252.3</ele></trkpt>
      <trkpt lat="42.710550" lon="-7.118510"><ele>1253.1</ele></trkpt>
      <trkpt lat="42.710550" lon="-7.118580"><ele>1254.1</ele></trkpt>
      <trkpt lat="42.710550" lon="-7.118640"><ele>1254.9</ele></trkpt>
      <trkpt lat="42.710550" lon="-7.118700"><ele>1255.7</ele></trkpt>
      <trkpt lat="42.710550" lon="-7.118770"><ele>1256.6</ele></trkpt>
      <trkpt lat="42.710560" lon="-7.118830"><ele>1257.4</ele></trkpt>
      <trkpt lat="42.710560" lon="-7.118880"><ele>1258.0</ele></trkpt>
      <trkpt lat="42.710570" lon="-7.118930"><ele>1258.5</ele></trkpt>
      <trkpt lat="42.710570" lon="-7.118990"><ele>1259.0</ele></trkpt>
      <trkpt lat="42.710580" lon="-7.119040"><ele>1259.7</ele></trkpt>
      <trkpt lat="42.710590" lon="-7.119090"><ele>1260.1</ele></trkpt>
      <trkpt lat="42.710600" lon="-7.119140"><ele>1260.5</ele></trkpt>
      <trkpt lat="42.710600" lon="-7.119200"><ele>1261.1</ele></trkpt>
      <trkpt lat="42.710610" lon="-7.119250"><ele>1261.6</ele></trkpt>
      <trkpt lat="42.710620" lon="-7.119310"><ele>1262.2</ele></trkpt>
      <trkpt lat="42.710620" lon="-7.119360"><ele>1262.7</ele></trkpt>
      <trkpt lat="42.710630" lon="-7.119430"><ele>1263.4</ele></trkpt>
      <trkpt lat="42.710640" lon="-7.119480"><ele>1263.7</ele></trkpt>
      <trkpt lat="42.710650" lon="-7.119550"><ele>1264.1</ele></trkpt>
      <trkpt lat="42.710670" lon="-7.119600"><ele>1264.2</ele></trkpt>
      <trkpt lat="42.710690" lon="-7.119630"><ele>1264.1</ele></trkpt>
      <trkpt lat="42.710700" lon="-7.119680"><ele>1264.6</ele></trkpt>
      <trkpt lat="42.710700" lon="-7.119740"><ele>1265.3</ele></trkpt>
      <trkpt lat="42.710700" lon="-7.119810"><ele>1266.1</ele></trkpt>
      <trkpt lat="42.710700" lon="-7.119880"><ele>1266.8</ele></trkpt>
      <trkpt lat="42.710700" lon="-7.119950"><ele>1267.5</ele></trkpt>
      <trkpt lat="42.710700" lon="-7.120010"><ele>1268.3</ele></trkpt>
      <trkpt lat="42.710700" lon="-7.120110"><ele>1269.4</ele></trkpt>
      <trkpt lat="42.710700" lon="-7.120180"><ele>1270.2</ele></trkpt>
      <trkpt lat="42.710700" lon="-7.120250"><ele>1270.9</ele></trkpt>
      <trkpt lat="42.710700" lon="-7.120300"><ele>1271.5</ele></trkpt>
      <trkpt lat="42.710700" lon="-7.120360"><ele>1272.1</ele></trkpt>
      <trkpt lat="42.710700" lon="-7.120410"><ele>1272.6</ele></trkpt>
      <trkpt lat="42.710700" lon="-7.120470"><ele>1273.1</ele></trkpt>
      <trkpt lat="42.710720" lon="-7.120540"><ele>1273.4</ele></trkpt>
      <trkpt lat="42.710740" lon="-7.120590"><ele>1273.7</ele></trkpt>
      <trkpt lat="42.710750" lon="-7.120660"><ele>1274.0</ele></trkpt>
      <trkpt lat="42.710770" lon="-7.120710"><ele>1274.3</ele></trkpt>
      <trkpt lat="42.710790" lon="-7.120760"><ele>1274.6</ele></trkpt>
      <trkpt lat="42.710810" lon="-7.120810"><ele>1275.0</ele></trkpt>
      <trkpt lat="42.710820" lon="-7.120850"><ele>1275.2</ele></trkpt>
      <trkpt lat="42.710850" lon="-7.120890"><ele>1275.3</ele></trkpt>
      <trkpt lat="42.710880" lon="-7.120910"><ele>1274.9</ele></trkpt>
      <trkpt lat="42.710910" lon="-7.120930"><ele>1274.6</ele></trkpt>
      <trkpt lat="42.710940" lon="-7.120970"><ele>1274.6</ele></trkpt>
      <trkpt lat="42.710970" lon="-7.121010"><ele>1274.6</ele></trkpt>
      <trkpt lat="42.711000" lon="-7.121060"><ele>1274.9</ele></trkpt>
      <trkpt lat="42.711010" lon="-7.121110"><ele>1275.4</ele></trkpt>
      <trkpt lat="42.711020" lon="-7.121160"><ele>1276.1</ele></trkpt>
      <trkpt lat="42.711030" lon="-7.121210"><ele>1276.7</ele></trkpt>
      <trkpt lat="42.711040" lon="-7.121260"><ele>1277.3</ele></trkpt>
      <trkpt lat="42.711060" lon="-7.121300"><ele>1277.5</ele></trkpt>
      <trkpt lat="42.711090" lon="-7.121350"><ele>1277.8</ele></trkpt>
      <trkpt lat="42.711110" lon="-7.121410"><ele>1278.2</ele></trkpt>
      <trkpt lat="42.711140" lon="-7.121450"><ele>1278.5</ele></trkpt>
      <trkpt lat="42.711150" lon="-7.121500"><ele>1279.2</ele></trkpt>
      <trkpt lat="42.711160" lon="-7.121550"><ele>1279.6</ele></trkpt>
      <trkpt lat="42.711170" lon="-7.121560"><ele>1279.6</ele></trkpt>
      <trkpt lat="42.711210" lon="-7.121650"><ele>1280.3</ele></trkpt>
      <trkpt lat="42.711240" lon="-7.121690"><ele>1280.6</ele></trkpt>
      <trkpt lat="42.711260" lon="-7.121750"><ele>1281.5</ele></trkpt>
      <trkpt lat="42.711270" lon="-7.121810"><ele>1282.2</ele></trkpt>
      <trkpt lat="42.711290" lon="-7.121850"><ele>1282.6</ele></trkpt>
      <trkpt lat="42.711340" lon="-7.121930"><ele>1283.1</ele></trkpt>
      <trkpt lat="42.711360" lon="-7.121970"><ele>1283.3</ele></trkpt>
      <trkpt lat="42.711380" lon="-7.122010"><ele>1283.7</ele></trkpt>
      <trkpt lat="42.711410" lon="-7.122070"><ele>1284.0</ele></trkpt>
      <trkpt lat="42.711440" lon="-7.122110"><ele>1284.2</ele></trkpt>
      <trkpt lat="42.711470" lon="-7.122160"><ele>1284.4</ele></trkpt>
      <trkpt lat="42.711500" lon="-7.122210"><ele>1284.4</ele></trkpt>
      <trkpt lat="42.711520" lon="-7.122260"><ele>1284.8</ele></trkpt>
      <trkpt lat="42.711540" lon="-7.122310"><ele>1285.3</ele></trkpt>
      <trkpt lat="42.711550" lon="-7.122360"><ele>1285.9</ele></trkpt>
      <trkpt lat="42.711570" lon="-7.122410"><ele>1286.2</ele></trkpt>
      <trkpt lat="42.711590" lon="-7.122460"><ele>1286.6</ele></trkpt>
      <trkpt lat="42.711610" lon="-7.122490"><ele>1286.6</ele></trkpt>
      <trkpt lat="42.711620" lon="-7.122540"><ele>1287.2</ele></trkpt>
      <trkpt lat="42.711660" lon="-7.122580"><ele>1287.0</ele></trkpt>
      <trkpt lat="42.711680" lon="-7.122610"><ele>1286.8</ele></trkpt>
      <trkpt lat="42.711710" lon="-7.122640"><ele>1286.6</ele></trkpt>
      <trkpt lat="42.711740" lon="-7.122690"><ele>1286.7</ele></trkpt>
      <trkpt lat="42.711760" lon="-7.122720"><ele>1286.7</ele></trkpt>
      <trkpt lat="42.711780" lon="-7.122760"><ele>1286.7</ele></trkpt>
      <trkpt lat="42.711820" lon="-7.122800"><ele>1286.4</ele></trkpt>
      <trkpt lat="42.711850" lon="-7.122830"><ele>1286.1</ele></trkpt>
      <trkpt lat="42.711870" lon="-7.122880"><ele>1286.2</ele></trkpt>
      <trkpt lat="42.711890" lon="-7.122920"><ele>1286.1</ele></trkpt>
      <trkpt lat="42.711920" lon="-7.122970"><ele>1286.1</ele></trkpt>
      <trkpt lat="42.711940" lon="-7.123010"><ele>1286.1</ele></trkpt>
      <trkpt lat="42.711960" lon="-7.123050"><ele>1286.2</ele></trkpt>
      <trkpt lat="42.711990" lon="-7.123100"><ele>1286.4</ele></trkpt>
      <trkpt lat="42.712020" lon="-7.123140"><ele>1286.4</ele></trkpt>
      <trkpt lat="42.712060" lon="-7.123180"><ele>1286.2</ele></trkpt>
      <trkpt lat="42.712090" lon="-7.123230"><ele>1286.1</ele></trkpt>
      <trkpt lat="42.712110" lon="-7.123270"><ele>1286.2</ele></trkpt>
      <trkpt lat="42.712140" lon="-7.123290"><ele>1286.0</ele></trkpt>
      <trkpt lat="42.712150" lon="-7.123330"><ele>1286.2</ele></trkpt>
      <trkpt lat="42.712170" lon="-7.123380"><ele>1286.4</ele></trkpt>
      <trkpt lat="42.712210" lon="-7.123420"><ele>1286.2</ele></trkpt>
      <trkpt lat="42.712230" lon="-7.123460"><ele>1286.4</ele></trkpt>
      <trkpt lat="42.712250" lon="-7.123500"><ele>1286.7</ele></trkpt>
      <trkpt lat="42.712270" lon="-7.123530"><ele>1286.8</ele></trkpt>
      <trkpt lat="42.712280" lon="-7.123570"><ele>1287.2</ele></trkpt>
      <trkpt lat="42.712280" lon="-7.123630"><ele>1288.4</ele></trkpt>
      <trkpt lat="42.712290" lon="-7.123680"><ele>1289.2</ele></trkpt>
      <trkpt lat="42.712290" lon="-7.123740"><ele>1290.3</ele></trkpt>
      <trkpt lat="42.712290" lon="-7.123790"><ele>1291.3</ele></trkpt>
      <trkpt lat="42.712290" lon="-7.123850"><ele>1292.4</ele></trkpt>
      <trkpt lat="42.712290" lon="-7.123900"><ele>1293.4</ele></trkpt>
      <trkpt lat="42.712290" lon="-7.123950"><ele>1294.5</ele></trkpt>
      <trkpt lat="42.712290" lon="-7.124000"><ele>1295.7</ele></trkpt>
      <trkpt lat="42.712290" lon="-7.124060"><ele>1296.9</ele></trkpt>
      <trkpt lat="42.712300" lon="-7.124110"><ele>1297.7</ele></trkpt>
      <trkpt lat="42.712300" lon="-7.124160"><ele>1298.8</ele></trkpt>
      <trkpt lat="42.712300" lon="-7.124210"><ele>1300.0</ele></trkpt>
      <trkpt lat="42.712300" lon="-7.124270"><ele>1301.3</ele></trkpt>
      <trkpt lat="42.712300" lon="-7.124320"><ele>1302.6</ele></trkpt>
      <trkpt lat="42.712280" lon="-7.124380"><ele>1304.5</ele></trkpt>
      <trkpt lat="42.712270" lon="-7.124430"><ele>1306.0</ele></trkpt>
      <trkpt lat="42.712270" lon="-7.124480"><ele>1307.3</ele></trkpt>
      <trkpt lat="42.712270" lon="-7.124540"><ele>1308.9</ele></trkpt>
      <trkpt lat="42.712270" lon="-7.124590"><ele>1310.4</ele></trkpt>
      <trkpt lat="42.712270" lon="-7.124650"><ele>1311.7</ele></trkpt>
      <trkpt lat="42.712280" lon="-7.124700"><ele>1312.9</ele></trkpt>
      <trkpt lat="42.712280" lon="-7.124750"><ele>1314.2</ele></trkpt>
      <trkpt lat="42.712290" lon="-7.124810"><ele>1315.5</ele></trkpt>
      <trkpt lat="42.712290" lon="-7.124860"><ele>1316.9</ele></trkpt>
      <trkpt lat="42.712290" lon="-7.124920"><ele>1317.9</ele></trkpt>
      <trkpt lat="42.712300" lon="-7.124980"><ele>1318.8</ele></trkpt>
      <trkpt lat="42.712300" lon="-7.125030"><ele>1320.0</ele></trkpt>
      <trkpt lat="42.712300" lon="-7.125090"><ele>1321.3</ele></trkpt>
      <trkpt lat="42.712310" lon="-7.125150"><ele>1322.6</ele></trkpt>
      <trkpt lat="42.712320" lon="-7.125200"><ele>1323.4</ele></trkpt>
      <trkpt lat="42.712340" lon="-7.125240"><ele>1323.6</ele></trkpt>
      <trkpt lat="42.712360" lon="-7.125280"><ele>1324.1</ele></trkpt>
      <trkpt lat="42.712380" lon="-7.125300"><ele>1323.9</ele></trkpt>
      <trkpt lat="42.712420" lon="-7.125320"><ele>1323.8</ele></trkpt>
      <trkpt lat="42.712460" lon="-7.125320"><ele>1324.0</ele></trkpt>
      <trkpt lat="42.712500" lon="-7.125320"><ele>1324.3</ele></trkpt>
      <trkpt lat="42.712540" lon="-7.125320"><ele>1324.5</ele></trkpt>
      <trkpt lat="42.712590" lon="-7.125320"><ele>1324.8</ele></trkpt>
      <trkpt lat="42.712630" lon="-7.125320"><ele>1325.1</ele></trkpt>
      <trkpt lat="42.712680" lon="-7.125320"><ele>1325.3</ele></trkpt>
      <trkpt lat="42.712720" lon="-7.125320"><ele>1325.7</ele></trkpt>
      <trkpt lat="42.712740" lon="-7.125350"><ele>1326.4</ele></trkpt>
      <trkpt lat="42.712760" lon="-7.125390"><ele>1327.5</ele></trkpt>
      <trkpt lat="42.712760" lon="-7.125440"><ele>1328.6</ele></trkpt>
      <trkpt lat="42.712760" lon="-7.125490"><ele>1329.6</ele></trkpt>
      <trkpt lat="42.712740" lon="-7.125530"><ele>1330.4</ele></trkpt>
      <trkpt lat="42.712730" lon="-7.125580"><ele>1331.4</ele></trkpt>
      <trkpt lat="42.712720" lon="-7.125620"><ele>1332.2</ele></trkpt>
      <trkpt lat="42.712700" lon="-7.125670"><ele>1333.2</ele></trkpt>
      <trkpt lat="42.712680" lon="-7.125720"><ele>1334.1</ele></trkpt>
      <trkpt lat="42.712670" lon="-7.125760"><ele>1334.6</ele></trkpt>
      <trkpt lat="42.712650" lon="-7.125800"><ele>1334.6</ele></trkpt>
      <trkpt lat="42.712640" lon="-7.125850"><ele>1334.6</ele></trkpt>
      <trkpt lat="42.712620" lon="-7.125880"><ele>1334.6</ele></trkpt>
      <trkpt lat="42.712600" lon="-7.125920"><ele>1334.6</ele></trkpt>
      <trkpt lat="42.712590" lon="-7.125960"><ele>1334.6</ele></trkpt>
      <trkpt lat="42.712570" lon="-7.126010"><ele>1334.6</ele></trkpt>
      <trkpt lat="42.712570" lon="-7.126060"><ele>1334.7</ele></trkpt>
      <trkpt lat="42.712560" lon="-7.126100"><ele>1334.7</ele></trkpt>
      <trkpt lat="42.712560" lon="-7.126160"><ele>1334.9</ele></trkpt>
      <trkpt lat="42.712570" lon="-7.126190"><ele>1335.1</ele></trkpt>
      <trkpt lat="42.712580" lon="-7.126210"><ele>1335.2</ele></trkpt>
      <trkpt lat="42.712650" lon="-7.126320"><ele>1335.6</ele></trkpt>
      <trkpt lat="42.712780" lon="-7.126500"><ele>1336.5</ele></trkpt>
      <trkpt lat="42.712910" lon="-7.126740"><ele>1336.8</ele></trkpt>
      <trkpt lat="42.713100" lon="-7.127040"><ele>1334.9</ele></trkpt>
      <trkpt lat="42.713240" lon="-7.127250"><ele>1334.1</ele></trkpt>
      <trkpt lat="42.713400" lon="-7.127490"><ele>1333.7</ele></trkpt>
      <trkpt lat="42.713560" lon="-7.127780"><ele>1332.0</ele></trkpt>
      <trkpt lat="42.713620" lon="-7.127910"><ele>1330.8</ele></trkpt>
      <trkpt lat="42.713810" lon="-7.128220"><ele>1328.9</ele></trkpt>
      <trkpt lat="42.713920" lon="-7.128400"><ele>1327.4</ele></trkpt>
      <trkpt lat="42.713990" lon="-7.128540"><ele>1326.1</ele></trkpt>
      <trkpt lat="42.714060" lon="-7.128660"><ele>1324.9</ele></trkpt>
      <trkpt lat="42.714130" lon="-7.128760"><ele>1324.3</ele></trkpt>
      <trkpt lat="42.714260" lon="-7.128820"><ele>1325.4</ele></trkpt>
      <trkpt lat="42.714460" lon="-7.128950"><ele>1325.6</ele></trkpt>
      <trkpt lat="42.714610" lon="-7.129060"><ele>1325.6</ele></trkpt>
      <trkpt lat="42.714760" lon="-7.129210"><ele>1325.4</ele></trkpt>
      <trkpt lat="42.714910" lon="-7.129290"><ele>1326.5</ele></trkpt>
      <trkpt lat="42.714910" lon="-7.129300"><ele>1326.4</ele></trkpt>
      <trkpt lat="42.715040" lon="-7.129350"><ele>1328.0</ele></trkpt>
      <trkpt lat="42.715090" lon="-7.129430"><ele>1327.4</ele></trkpt>
      <trkpt lat="42.715120" lon="-7.129460"><ele>1327.4</ele></trkpt>
      <trkpt lat="42.715150" lon="-7.129490"><ele>1327.4</ele></trkpt>
      <trkpt lat="42.715170" lon="-7.129540"><ele>1326.9</ele></trkpt>
      <trkpt lat="42.715190" lon="-7.129580"><ele>1326.6</ele></trkpt>
      <trkpt lat="42.715210" lon="-7.129600"><ele>1326.6</ele></trkpt>
      <trkpt lat="42.715320" lon="-7.129740"><ele>1326.5</ele></trkpt>
      <trkpt lat="42.715440" lon="-7.129890"><ele>1326.8</ele></trkpt>
      <trkpt lat="42.715580" lon="-7.130070"><ele>1327.3</ele></trkpt>
      <trkpt lat="42.715670" lon="-7.130280"><ele>1326.2</ele></trkpt>
      <trkpt lat="42.715810" lon="-7.130520"><ele>1326.6</ele></trkpt>
      <trkpt lat="42.715910" lon="-7.130640"><ele>1327.5</ele></trkpt>
      <trkpt lat="42.715980" lon="-7.130800"><ele>1327.6</ele></trkpt>
      <trkpt lat="42.716110" lon="-7.131010"><ele>1328.4</ele></trkpt>
      <trkpt lat="42.716180" lon="-7.131160"><ele>1328.8</ele></trkpt>
      <trkpt lat="42.716280" lon="-7.131420"><ele>1329.2</ele></trkpt>
      <trkpt lat="42.716340" lon="-7.131650"><ele>1328.7</ele></trkpt>
      <trkpt lat="42.716370" lon="-7.131850"><ele>1327.4</ele></trkpt>
      <trkpt lat="42.716400" lon="-7.132140"><ele>1325.0</ele></trkpt>
      <trkpt lat="42.716430" lon="-7.132450"><ele>1322.5</ele></trkpt>
      <trkpt lat="42.716470" lon="-7.132680"><ele>1321.1</ele></trkpt>
      <trkpt lat="42.716520" lon="-7.132890"><ele>1320.0</ele></trkpt>
      <trkpt lat="42.716580" lon="-7.133110"><ele>1319.1</ele></trkpt>
      <trkpt lat="42.716650" lon="-7.133330"><ele>1317.8</ele></trkpt>
      <trkpt lat="42.716720" lon="-7.133570"><ele>1316.4</ele></trkpt>
      <trkpt lat="42.716830" lon="-7.133810"><ele>1315.3</ele></trkpt>
      <trkpt lat="42.716990" lon="-7.134020"><ele>1315.6</ele></trkpt>
      <trkpt lat="42.717160" lon="-7.134340"><ele>1313.8</ele></trkpt>
      <trkpt lat="42.717320" lon="-7.134630"><ele>1312.5</ele></trkpt>
      <trkpt lat="42.717550" lon="-7.134990"><ele>1312.0</ele></trkpt>
      <trkpt lat="42.717770" lon="-7.135380"><ele>1310.4</ele></trkpt>
      <trkpt lat="42.717940" lon="-7.135610"><ele>1310.4</ele></trkpt>
      <trkpt lat="42.718070" lon="-7.135840"><ele>1310.0</ele></trkpt>
      <trkpt lat="42.718150" lon="-7.135960"><ele>1309.9</ele></trkpt>
      <trkpt lat="42.718150" lon="-7.135970"><ele>1309.9</ele></trkpt>
      <trkpt lat="42.718250" lon="-7.136170"><ele>1309.5</ele></trkpt>
      <trkpt lat="42.718250" lon="-7.136170"><ele>1309.6</ele></trkpt>
      <trkpt lat="42.718350" lon="-7.136480"><ele>1308.2</ele></trkpt>
      <trkpt lat="42.718470" lon="-7.136860"><ele>1306.2</ele></trkpt>
      <trkpt lat="42.718570" lon="-7.137220"><ele>1304.1</ele></trkpt>
      <trkpt lat="42.718670" lon="-7.137590"><ele>1302.0</ele></trkpt>
      <trkpt lat="42.718770" lon="-7.138020"><ele>1299.3</ele></trkpt>
      <trkpt lat="42.718860" lon="-7.138380"><ele>1297.2</ele></trkpt>
      <trkpt lat="42.718940" lon="-7.138660"><ele>1295.8</ele></trkpt>
      <trkpt lat="42.719020" lon="-7.138920"><ele>1294.3</ele></trkpt>
      <trkpt lat="42.719040" lon="-7.139000"><ele>1293.8</ele></trkpt>
      <trkpt lat="42.719060" lon="-7.139080"><ele>1293.4</ele></trkpt>
      <trkpt lat="42.719090" lon="-7.139150"><ele>1293.0</ele></trkpt>
      <trkpt lat="42.719100" lon="-7.139240"><ele>1292.3</ele></trkpt>
      <trkpt lat="42.719120" lon="-7.139290"><ele>1291.9</ele></trkpt>
      <trkpt lat="42.719140" lon="-7.139370"><ele>1291.2</ele></trkpt>
      <trkpt lat="42.719170" lon="-7.139440"><ele>1290.8</ele></trkpt>
      <trkpt lat="42.719200" lon="-7.139500"><ele>1290.6</ele></trkpt>
      <trkpt lat="42.719240" lon="-7.139550"><ele>1290.6</ele></trkpt>
      <trkpt lat="42.719260" lon="-7.139570"><ele>1290.6</ele></trkpt>
      <trkpt lat="42.719410" lon="-7.139750"><ele>1290.7</ele></trkpt>
      <trkpt lat="42.719600" lon="-7.139960"><ele>1290.4</ele></trkpt>
      <trkpt lat="42.719760" lon="-7.140050"><ele>1291.3</ele></trkpt>
      <trkpt lat="42.720050" lon="-7.140260"><ele>1292.9</ele></trkpt>
      <trkpt lat="42.720310" lon="-7.140450"><ele>1294.0</ele></trkpt>
      <trkpt lat="42.720510" lon="-7.140600"><ele>1294.9</ele></trkpt>
      <trkpt lat="42.720720" lon="-7.140810"><ele>1294.8</ele></trkpt>
      <trkpt lat="42.720930" lon="-7.141060"><ele>1295.4</ele></trkpt>
      <trkpt lat="42.721070" lon="-7.141210"><ele>1295.8</ele></trkpt>
      <trkpt lat="42.721160" lon="-7.141270"><ele>1296.6</ele></trkpt>
      <trkpt lat="42.721180" lon="-7.141340"><ele>1296.0</ele></trkpt>
      <trkpt lat="42.721220" lon="-7.141420"><ele>1295.6</ele></trkpt>
      <trkpt lat="42.721250" lon="-7.141470"><ele>1295.3</ele></trkpt>
      <trkpt lat="42.721280" lon="-7.141550"><ele>1294.8</ele></trkpt>
      <trkpt lat="42.721290" lon="-7.141570"><ele>1294.6</ele></trkpt>
      <trkpt lat="42.721490" lon="-7.141870"><ele>1293.8</ele></trkpt>
      <trkpt lat="42.721670" lon="-7.142200"><ele>1292.3</ele></trkpt>
      <trkpt lat="42.721890" lon="-7.142550"><ele>1291.9</ele></trkpt>
      <trkpt lat="42.722080" lon="-7.142890"><ele>1291.2</ele></trkpt>
      <trkpt lat="42.722210" lon="-7.143130"><ele>1290.6</ele></trkpt>
      <trkpt lat="42.722330" lon="-7.143400"><ele>1289.8</ele></trkpt>
      <trkpt lat="42.722450" lon="-7.143730"><ele>1290.1</ele></trkpt>
      <trkpt lat="42.722610" lon="-7.144200"><ele>1290.7</ele></trkpt>
      <trkpt lat="42.722700" lon="-7.144590"><ele>1290.3</ele></trkpt>
      <trkpt lat="42.722810" lon="-7.144950"><ele>1290.6</ele></trkpt>
      <trkpt lat="42.722940" lon="-7.145370"><ele>1291.3</ele></trkpt>
      <trkpt lat="42.723060" lon="-7.145820"><ele>1291.6</ele></trkpt>
      <trkpt lat="42.723150" lon="-7.146060"><ele>1291.7</ele></trkpt>
      <trkpt lat="42.723270" lon="-7.146370"><ele>1291.4</ele></trkpt>
      <trkpt lat="42.723340" lon="-7.146550"><ele>1291.3</ele></trkpt>
      <trkpt lat="42.723470" lon="-7.146800"><ele>1291.6</ele></trkpt>
      <trkpt lat="42.723590" lon="-7.147030"><ele>1291.1</ele></trkpt>
      <trkpt lat="42.723610" lon="-7.147050"><ele>1291.1</ele></trkpt>
      <trkpt lat="42.723740" lon="-7.147290"><ele>1290.2</ele></trkpt>
      <trkpt lat="42.723990" lon="-7.147630"><ele>1289.2</ele></trkpt>
      <trkpt lat="42.724250" lon="-7.147930"><ele>1289.0</ele></trkpt>
      <trkpt lat="42.724490" lon="-7.148220"><ele>1288.9</ele></trkpt>
      <trkpt lat="42.724690" lon="-7.148460"><ele>1288.8</ele></trkpt>
      <trkpt lat="42.724870" lon="-7.148690"><ele>1288.3</ele></trkpt>
      <trkpt lat="42.725050" lon="-7.148970"><ele>1287.1</ele></trkpt>
      <trkpt lat="42.725310" lon="-7.149320"><ele>1286.5</ele></trkpt>
      <trkpt lat="42.725550" lon="-7.149730"><ele>1284.5</ele></trkpt>
      <trkpt lat="42.725730" lon="-7.150010"><ele>1283.9</ele></trkpt>
      <trkpt lat="42.725930" lon="-7.150350"><ele>1283.5</ele></trkpt>
      <trkpt lat="42.726100" lon="-7.150660"><ele>1283.5</ele></trkpt>
      <trkpt lat="42.726240" lon="-7.150800"><ele>1285.1</ele></trkpt>
      <trkpt lat="42.726280" lon="-7.150830"><ele>1285.7</ele></trkpt>
      <trkpt lat="42.726320" lon="-7.150910"><ele>1285.8</ele></trkpt>
      <trkpt lat="42.726350" lon="-7.150960"><ele>1286.0</ele></trkpt>
      <trkpt lat="42.726390" lon="-7.151030"><ele>1286.1</ele></trkpt>
      <trkpt lat="42.726420" lon="-7.151100"><ele>1286.1</ele></trkpt>
      <trkpt lat="42.726450" lon="-7.151160"><ele>1286.3</ele></trkpt>
      <trkpt lat="42.726480" lon="-7.151240"><ele>1286.1</ele></trkpt>
      <trkpt lat="42.726510" lon="-7.151300"><ele>1286.4</ele></trkpt>
      <trkpt lat="42.726530" lon="-7.151370"><ele>1286.1</ele></trkpt>
      <trkpt lat="42.726570" lon="-7.151440"><ele>1286.3</ele></trkpt>
      <trkpt lat="42.726600" lon="-7.151500"><ele>1286.5</ele></trkpt>
      <trkpt lat="42.726640" lon="-7.151580"><ele>1286.7</ele></trkpt>
      <trkpt lat="42.726670" lon="-7.151650"><ele>1286.7</ele></trkpt>
      <trkpt lat="42.726690" lon="-7.151710"><ele>1286.9</ele></trkpt>
      <trkpt lat="42.726710" lon="-7.151780"><ele>1286.8</ele></trkpt>
      <trkpt lat="42.726740" lon="-7.151840"><ele>1286.9</ele></trkpt>
      <trkpt lat="42.726770" lon="-7.151910"><ele>1287.0</ele></trkpt>
      <trkpt lat="42.726790" lon="-7.151960"><ele>1287.0</ele></trkpt>
      <trkpt lat="42.726820" lon="-7.152030"><ele>1287.2</ele></trkpt>
      <trkpt lat="42.726850" lon="-7.152100"><ele>1287.1</ele></trkpt>
      <trkpt lat="42.726870" lon="-7.152180"><ele>1287.0</ele></trkpt>
      <trkpt lat="42.726910" lon="-7.152240"><ele>1287.2</ele></trkpt>
      <trkpt lat="42.726910" lon="-7.152260"><ele>1287.2</ele></trkpt>
      <trkpt lat="42.726990" lon="-7.152500"><ele>1286.8</ele></trkpt>
      <trkpt lat="42.727090" lon="-7.152740"><ele>1286.7</ele></trkpt>
      <trkpt lat="42.727250" lon="-7.153030"><ele>1287.4</ele></trkpt>
      <trkpt lat="42.727410" lon="-7.153360"><ele>1287.6</ele></trkpt>
      <trkpt lat="42.727600" lon="-7.153550"><ele>1289.2</ele></trkpt>
      <trkpt lat="42.727820" lon="-7.153810"><ele>1289.3</ele></trkpt>
      <trkpt lat="42.728150" lon="-7.154170"><ele>1288.2</ele></trkpt>
      <trkpt lat="42.728440" lon="-7.154390"><ele>1288.1</ele></trkpt>
      <trkpt lat="42.728750" lon="-7.154720"><ele>1286.5</ele></trkpt>
      <trkpt lat="42.729080" lon="-7.155060"><ele>1284.5</ele></trkpt>
      <trkpt lat="42.729330" lon="-7.155220"><ele>1284.8</ele></trkpt>
      <trkpt lat="42.729700" lon="-7.155430"><ele>1286.3</ele></trkpt>
      <trkpt lat="42.729960" lon="-7.155610"><ele>1287.1</ele></trkpt>
      <trkpt lat="42.730190" lon="-7.155780"><ele>1287.9</ele></trkpt>
      <trkpt lat="42.730240" lon="-7.155810"><ele>1288.2</ele></trkpt>
      <trkpt lat="42.730290" lon="-7.155850"><ele>1288.4</ele></trkpt>
      <trkpt lat="42.730340" lon="-7.155910"><ele>1288.4</ele></trkpt>
      <trkpt lat="42.730390" lon="-7.155950"><ele>1288.7</ele></trkpt>
      <trkpt lat="42.730440" lon="-7.155980"><ele>1289.0</ele></trkpt>
      <trkpt lat="42.730480" lon="-7.156010"><ele>1289.4</ele></trkpt>
      <trkpt lat="42.730540" lon="-7.156060"><ele>1289.6</ele></trkpt>
      <trkpt lat="42.730570" lon="-7.156120"><ele>1289.5</ele></trkpt>
      <trkpt lat="42.730610" lon="-7.156160"><ele>1289.7</ele></trkpt>
      <trkpt lat="42.730640" lon="-7.156210"><ele>1289.6</ele></trkpt>
      <trkpt lat="42.730680" lon="-7.156250"><ele>1289.8</ele></trkpt>
      <trkpt lat="42.730730" lon="-7.156270"><ele>1290.1</ele></trkpt>
      <trkpt lat="42.730770" lon="-7.156310"><ele>1290.4</ele></trkpt>
      <trkpt lat="42.730820" lon="-7.156350"><ele>1290.7</ele></trkpt>
      <trkpt lat="42.730860" lon="-7.156380"><ele>1291.1</ele></trkpt>
      <trkpt lat="42.730920" lon="-7.156400"><ele>1291.7</ele></trkpt>
      <trkpt lat="42.730950" lon="-7.156450"><ele>1291.8</ele></trkpt>
      <trkpt lat="42.731000" lon="-7.156500"><ele>1292.0</ele></trkpt>
      <trkpt lat="42.731040" lon="-7.156570"><ele>1292.0</ele></trkpt>
      <trkpt lat="42.731080" lon="-7.156630"><ele>1291.9</ele></trkpt>
      <trkpt lat="42.731120" lon="-7.156690"><ele>1292.1</ele></trkpt>
      <trkpt lat="42.731160" lon="-7.156750"><ele>1292.0</ele></trkpt>
      <trkpt lat="42.731200" lon="-7.156820"><ele>1292.0</ele></trkpt>
      <trkpt lat="42.731200" lon="-7.156830"><ele>1292.1</ele></trkpt>
      <trkpt lat="42.731300" lon="-7.157010"><ele>1292.0</ele></trkpt>
      <trkpt lat="42.731390" lon="-7.157190"><ele>1291.9</ele></trkpt>
      <trkpt lat="42.731500" lon="-7.157350"><ele>1292.1</ele></trkpt>
      <trkpt lat="42.731590" lon="-7.157500"><ele>1292.1</ele></trkpt>
      <trkpt lat="42.731710" lon="-7.157670"><ele>1292.2</ele></trkpt>
      <trkpt lat="42.731710" lon="-7.157680"><ele>1292.1</ele></trkpt>
      <trkpt lat="42.731810" lon="-7.157880"><ele>1292.0</ele></trkpt>
      <trkpt lat="42.731940" lon="-7.158170"><ele>1291.4</ele></trkpt>
      <trkpt lat="42.732110" lon="-7.158480"><ele>1290.5</ele></trkpt>
      <trkpt lat="42.732260" lon="-7.158740"><ele>1289.7</ele></trkpt>
      <trkpt lat="42.732370" lon="-7.158950"><ele>1288.9</ele></trkpt>
      <trkpt lat="42.732440" lon="-7.159030"><ele>1289.0</ele></trkpt>
      <trkpt lat="42.732490" lon="-7.159080"><ele>1288.9</ele></trkpt>
      <trkpt lat="42.732540" lon="-7.159120"><ele>1289.1</ele></trkpt>
      <trkpt lat="42.732580" lon="-7.159170"><ele>1289.0</ele></trkpt>
      <trkpt lat="42.732620" lon="-7.159200"><ele>1289.2</ele></trkpt>
      <trkpt lat="42.732650" lon="-7.159250"><ele>1289.0</ele></trkpt>
      <trkpt lat="42.732700" lon="-7.159310"><ele>1288.9</ele></trkpt>
      <trkpt lat="42.732710" lon="-7.159330"><ele>1288.9</ele></trkpt>
      <trkpt lat="42.732840" lon="-7.159480"><ele>1288.9</ele></trkpt>
      <trkpt lat="42.733050" lon="-7.159670"><ele>1289.7</ele></trkpt>
      <trkpt lat="42.733140" lon="-7.159840"><ele>1289.2</ele></trkpt>
      <trkpt lat="42.733150" lon="-7.159840"><ele>1289.3</ele></trkpt>
      <trkpt lat="42.733270" lon="-7.160100"><ele>1288.8</ele></trkpt>
      <trkpt lat="42.733360" lon="-7.160280"><ele>1288.2</ele></trkpt>
      <trkpt lat="42.733470" lon="-7.160500"><ele>1287.7</ele></trkpt>
      <trkpt lat="42.733540" lon="-7.160680"><ele>1287.3</ele></trkpt>
      <trkpt lat="42.733660" lon="-7.160960"><ele>1287.0</ele></trkpt>
      <trkpt lat="42.733760" lon="-7.161220"><ele>1287.7</ele></trkpt>
      <trkpt lat="42.733860" lon="-7.161490"><ele>1288.1</ele></trkpt>
      <trkpt lat="42.733920" lon="-7.161600"><ele>1288.7</ele></trkpt>
      <trkpt lat="42.734040" lon="-7.161810"><ele>1289.6</ele></trkpt>
      <trkpt lat="42.734160" lon="-7.162080"><ele>1289.4</ele></trkpt>
      <trkpt lat="42.734250" lon="-7.162290"><ele>1288.5</ele></trkpt>
      <trkpt lat="42.734350" lon="-7.162580"><ele>1287.6</ele></trkpt>
      <trkpt lat="42.734410" lon="-7.162940"><ele>1286.0</ele></trkpt>
      <trkpt lat="42.734520" lon="-7.163280"><ele>1285.4</ele></trkpt>
      <trkpt lat="42.734660" lon="-7.163680"><ele>1284.3</ele></trkpt>
      <trkpt lat="42.734780" lon="-7.164070"><ele>1283.0</ele></trkpt>
      <trkpt lat="42.734840" lon="-7.164310"><ele>1282.0</ele></trkpt>
      <trkpt lat="42.734970" lon="-7.164750"><ele>1279.8</ele></trkpt>
      <trkpt lat="42.735090" lon="-7.165080"><ele>1279.3</ele></trkpt>
      <trkpt lat="42.735190" lon="-7.165440"><ele>1277.5</ele></trkpt>
      <trkpt lat="42.735310" lon="-7.165850"><ele>1275.7</ele></trkpt>
      <trkpt lat="42.735470" lon="-7.166330"><ele>1273.7</ele></trkpt>
      <trkpt lat="42.735600" lon="-7.166780"><ele>1271.0</ele></trkpt>
      <trkpt lat="42.735740" lon="-7.167170"><ele>1269.1</ele></trkpt>
      <trkpt lat="42.735950" lon="-7.167640"><ele>1267.9</ele></trkpt>
      <trkpt lat="42.736130" lon="-7.168020"><ele>1266.6</ele></trkpt>
      <trkpt lat="42.736350" lon="-7.168450"><ele>1265.9</ele></trkpt>
      <trkpt lat="42.736540" lon="-7.168800"><ele>1264.4</ele></trkpt>
      <trkpt lat="42.736650" lon="-7.169120"><ele>1261.6</ele></trkpt>
      <trkpt lat="42.736770" lon="-7.169470"><ele>1259.3</ele></trkpt>
      <trkpt lat="42.736900" lon="-7.169810"><ele>1257.6</ele></trkpt>
      <trkpt lat="42.736920" lon="-7.169890"><ele>1257.1</ele></trkpt>
      <trkpt lat="42.736950" lon="-7.169980"><ele>1256.7</ele></trkpt>
      <trkpt lat="42.736980" lon="-7.170040"><ele>1256.7</ele></trkpt>
      <trkpt lat="42.737020" lon="-7.170090"><ele>1256.8</ele></trkpt>
      <trkpt lat="42.737040" lon="-7.170150"><ele>1256.5</ele></trkpt>
      <trkpt lat="42.737070" lon="-7.170220"><ele>1256.5</ele></trkpt>
      <trkpt lat="42.737100" lon="-7.170260"><ele>1256.7</ele></trkpt>
      <trkpt lat="42.737130" lon="-7.170330"><ele>1256.6</ele></trkpt>
      <trkpt lat="42.737150" lon="-7.170400"><ele>1256.3</ele></trkpt>
      <trkpt lat="42.737180" lon="-7.170460"><ele>1256.1</ele></trkpt>
      <trkpt lat="42.737210" lon="-7.170520"><ele>1256.0</ele></trkpt>
      <trkpt lat="42.737210" lon="-7.170580"><ele>1255.5</ele></trkpt>
      <trkpt lat="42.737220" lon="-7.170660"><ele>1254.9</ele></trkpt>
      <trkpt lat="42.737230" lon="-7.170730"><ele>1254.4</ele></trkpt>
      <trkpt lat="42.737230" lon="-7.170810"><ele>1253.8</ele></trkpt>
      <trkpt lat="42.737230" lon="-7.170890"><ele>1253.2</ele></trkpt>
      <trkpt lat="42.737230" lon="-7.170960"><ele>1252.6</ele></trkpt>
      <trkpt lat="42.737230" lon="-7.171040"><ele>1251.9</ele></trkpt>
      <trkpt lat="42.737230" lon="-7.171120"><ele>1251.3</ele></trkpt>
      <trkpt lat="42.737230" lon="-7.171210"><ele>1250.7</ele></trkpt>
      <trkpt lat="42.737210" lon="-7.171280"><ele>1250.1</ele></trkpt>
      <trkpt lat="42.737190" lon="-7.171350"><ele>1249.7</ele></trkpt>
      <trkpt lat="42.737170" lon="-7.171410"><ele>1249.2</ele></trkpt>
      <trkpt lat="42.737130" lon="-7.171470"><ele>1248.8</ele></trkpt>
      <trkpt lat="42.737110" lon="-7.171540"><ele>1248.5</ele></trkpt>
      <trkpt lat="42.737070" lon="-7.171590"><ele>1248.2</ele></trkpt>
      <trkpt lat="42.737050" lon="-7.171640"><ele>1248.0</ele></trkpt>
      <trkpt lat="42.737020" lon="-7.171710"><ele>1247.8</ele></trkpt>
      <trkpt lat="42.736980" lon="-7.171780"><ele>1247.6</ele></trkpt>
      <trkpt lat="42.736960" lon="-7.171840"><ele>1247.5</ele></trkpt>
      <trkpt lat="42.736940" lon="-7.171910"><ele>1247.4</ele></trkpt>
      <trkpt lat="42.736940" lon="-7.171980"><ele>1247.2</ele></trkpt>
      <trkpt lat="42.736930" lon="-7.172050"><ele>1247.2</ele></trkpt>
      <trkpt lat="42.736930" lon="-7.172120"><ele>1247.0</ele></trkpt>
      <trkpt lat="42.736930" lon="-7.172200"><ele>1246.8</ele></trkpt>
      <trkpt lat="42.736930" lon="-7.172280"><ele>1246.7</ele></trkpt>
      <trkpt lat="42.736930" lon="-7.172360"><ele>1246.5</ele></trkpt>
      <trkpt lat="42.736930" lon="-7.172440"><ele>1246.4</ele></trkpt>
      <trkpt lat="42.736940" lon="-7.172520"><ele>1246.3</ele></trkpt>
      <trkpt lat="42.736950" lon="-7.172600"><ele>1246.5</ele></trkpt>
      <trkpt lat="42.736950" lon="-7.172680"><ele>1246.7</ele></trkpt>
      <trkpt lat="42.736970" lon="-7.172770"><ele>1246.7</ele></trkpt>
      <trkpt lat="42.736990" lon="-7.172850"><ele>1246.7</ele></trkpt>
      <trkpt lat="42.737000" lon="-7.172930"><ele>1246.8</ele></trkpt>
      <trkpt lat="42.737030" lon="-7.172990"><ele>1246.4</ele></trkpt>
      <trkpt lat="42.737060" lon="-7.173070"><ele>1246.1</ele></trkpt>
      <trkpt lat="42.737070" lon="-7.173150"><ele>1246.1</ele></trkpt>
      <trkpt lat="42.737080" lon="-7.173210"><ele>1246.2</ele></trkpt>
      <trkpt lat="42.737090" lon="-7.173290"><ele>1246.3</ele></trkpt>
      <trkpt lat="42.737100" lon="-7.173360"><ele>1246.2</ele></trkpt>
      <trkpt lat="42.737110" lon="-7.173440"><ele>1246.3</ele></trkpt>
      <trkpt lat="42.737130" lon="-7.173500"><ele>1246.2</ele></trkpt>
      <trkpt lat="42.737150" lon="-7.173560"><ele>1246.2</ele></trkpt>
      <trkpt lat="42.737190" lon="-7.173610"><ele>1245.7</ele></trkpt>
      <trkpt lat="42.737220" lon="-7.173640"><ele>1245.1</ele></trkpt>
      <trkpt lat="42.737260" lon="-7.173680"><ele>1244.4</ele></trkpt>
      <trkpt lat="42.737380" lon="-7.173790"><ele>1242.1</ele></trkpt>
      <trkpt lat="42.737530" lon="-7.173890"><ele>1240.7</ele></trkpt>
      <trkpt lat="42.737840" lon="-7.174080"><ele>1238.7</ele></trkpt>
      <trkpt lat="42.738070" lon="-7.174200"><ele>1238.2</ele></trkpt>
      <trkpt lat="42.738260" lon="-7.174310"><ele>1237.9</ele></trkpt>
      <trkpt lat="42.738410" lon="-7.174300"><ele>1236.4</ele></trkpt>
      <trkpt lat="42.738580" lon="-7.174270"><ele>1234.3</ele></trkpt>
      <trkpt lat="42.738720" lon="-7.174280"><ele>1233.0</ele></trkpt>
      <trkpt lat="42.738880" lon="-7.174370"><ele>1232.2</ele></trkpt>
      <trkpt lat="42.739060" lon="-7.174540"><ele>1232.7</ele></trkpt>
      <trkpt lat="42.739190" lon="-7.174680"><ele>1233.5</ele></trkpt>
      <trkpt lat="42.739260" lon="-7.174720"><ele>1233.2</ele></trkpt>
      <trkpt lat="42.739300" lon="-7.174760"><ele>1233.0</ele></trkpt>
      <trkpt lat="42.739340" lon="-7.174790"><ele>1233.1</ele></trkpt>
      <trkpt lat="42.739360" lon="-7.174860"><ele>1233.8</ele></trkpt>
      <trkpt lat="42.739400" lon="-7.174890"><ele>1233.8</ele></trkpt>
      <trkpt lat="42.739430" lon="-7.174930"><ele>1233.8</ele></trkpt>
      <trkpt lat="42.739480" lon="-7.174950"><ele>1233.4</ele></trkpt>
      <trkpt lat="42.739500" lon="-7.174950"><ele>1233.0</ele></trkpt>
      <trkpt lat="42.739620" lon="-7.175010"><ele>1232.0</ele></trkpt>
      <trkpt lat="42.739800" lon="-7.175090"><ele>1230.0</ele></trkpt>
      <trkpt lat="42.739870" lon="-7.175170"><ele>1230.0</ele></trkpt>
      <trkpt lat="42.739980" lon="-7.175300"><ele>1229.6</ele></trkpt>
      <trkpt lat="42.740070" lon="-7.175440"><ele>1230.4</ele></trkpt>
      <trkpt lat="42.740270" lon="-7.175670"><ele>1229.8</ele></trkpt>
      <trkpt lat="42.740440" lon="-7.175820"><ele>1228.2</ele></trkpt>
      <trkpt lat="42.740570" lon="-7.175960"><ele>1227.2</ele></trkpt>
      <trkpt lat="42.740680" lon="-7.176060"><ele>1226.2</ele></trkpt>
      <trkpt lat="42.740700" lon="-7.176100"><ele>1226.1</ele></trkpt>
      <trkpt lat="42.740730" lon="-7.176140"><ele>1225.9</ele></trkpt>
      <trkpt lat="42.740770" lon="-7.176160"><ele>1225.4</ele></trkpt>
      <trkpt lat="42.740800" lon="-7.176190"><ele>1225.0</ele></trkpt>
      <trkpt lat="42.740840" lon="-7.176210"><ele>1224.3</ele></trkpt>
      <trkpt lat="42.740860" lon="-7.176230"><ele>1224.0</ele></trkpt>
      <trkpt lat="42.740970" lon="-7.176390"><ele>1223.2</ele></trkpt>
      <trkpt lat="42.741090" lon="-7.176580"><ele>1222.3</ele></trkpt>
      <trkpt lat="42.741210" lon="-7.176800"><ele>1221.5</ele></trkpt>
      <trkpt lat="42.741370" lon="-7.176990"><ele>1219.6</ele></trkpt>
      <trkpt lat="42.741570" lon="-7.177270"><ele>1217.3</ele></trkpt>
      <trkpt lat="42.741710" lon="-7.177400"><ele>1215.6</ele></trkpt>
      <trkpt lat="42.741840" lon="-7.177600"><ele>1214.9</ele></trkpt>
      <trkpt lat="42.741960" lon="-7.177760"><ele>1213.6</ele></trkpt>
      <trkpt lat="42.742000" lon="-7.177780"><ele>1213.0</ele></trkpt>
      <trkpt lat="42.742020" lon="-7.177820"><ele>1212.8</ele></trkpt>
      <trkpt lat="42.742050" lon="-7.177860"><ele>1212.5</ele></trkpt>
      <trkpt lat="42.742090" lon="-7.177890"><ele>1212.1</ele></trkpt>
      <trkpt lat="42.742120" lon="-7.177910"><ele>1211.8</ele></trkpt>
      <trkpt lat="42.742150" lon="-7.177930"><ele>1211.1</ele></trkpt>
      <trkpt lat="42.742190" lon="-7.177930"><ele>1210.3</ele></trkpt>
      <trkpt lat="42.742330" lon="-7.177960"><ele>1207.5</ele></trkpt>
      <trkpt lat="42.742530" lon="-7.177990"><ele>1203.5</ele></trkpt>
      <trkpt lat="42.742680" lon="-7.178000"><ele>1201.0</ele></trkpt>
      <trkpt lat="42.742830" lon="-7.178000"><ele>1198.4</ele></trkpt>
      <trkpt lat="42.742950" lon="-7.178000"><ele>1196.3</ele></trkpt>
      <trkpt lat="42.742990" lon="-7.178000"><ele>1195.7</ele></trkpt>
      <trkpt lat="42.743030" lon="-7.178010"><ele>1195.2</ele></trkpt>
      <trkpt lat="42.743060" lon="-7.178020"><ele>1194.8</ele></trkpt>
      <trkpt lat="42.743110" lon="-7.178020"><ele>1194.1</ele></trkpt>
      <trkpt lat="42.743150" lon="-7.178020"><ele>1193.4</ele></trkpt>
      <trkpt lat="42.743200" lon="-7.178020"><ele>1192.7</ele></trkpt>
      <trkpt lat="42.743230" lon="-7.178010"><ele>1192.0</ele></trkpt>
      <trkpt lat="42.743260" lon="-7.177980"><ele>1191.3</ele></trkpt>
      <trkpt lat="42.743300" lon="-7.177960"><ele>1190.4</ele></trkpt>
      <trkpt lat="42.743310" lon="-7.177960"><ele>1190.2</ele></trkpt>
      <trkpt lat="42.743430" lon="-7.177990"><ele>1188.7</ele></trkpt>
      <trkpt lat="42.743560" lon="-7.177990"><ele>1187.3</ele></trkpt>
      <trkpt lat="42.743680" lon="-7.178010"><ele>1186.3</ele></trkpt>
      <trkpt lat="42.743810" lon="-7.178080"><ele>1185.8</ele></trkpt>
      <trkpt lat="42.743980" lon="-7.178170"><ele>1184.9</ele></trkpt>
      <trkpt lat="42.744020" lon="-7.178190"><ele>1184.8</ele></trkpt>
      <trkpt lat="42.744050" lon="-7.178220"><ele>1184.7</ele></trkpt>
      <trkpt lat="42.744100" lon="-7.178240"><ele>1184.4</ele></trkpt>
      <trkpt lat="42.744130" lon="-7.178260"><ele>1184.2</ele></trkpt>
      <trkpt lat="42.744160" lon="-7.178280"><ele>1184.1</ele></trkpt>
      <trkpt lat="42.744190" lon="-7.178310"><ele>1183.9</ele></trkpt>
      <trkpt lat="42.744220" lon="-7.178330"><ele>1183.7</ele></trkpt>
      <trkpt lat="42.744250" lon="-7.178380"><ele>1183.8</ele></trkpt>
      <trkpt lat="42.744260" lon="-7.178420"><ele>1184.0</ele></trkpt>
      <trkpt lat="42.744270" lon="-7.178470"><ele>1184.3</ele></trkpt>
      <trkpt lat="42.744270" lon="-7.178520"><ele>1184.5</ele></trkpt>
      <trkpt lat="42.744270" lon="-7.178580"><ele>1184.4</ele></trkpt>
      <trkpt lat="42.744270" lon="-7.178630"><ele>1184.3</ele></trkpt>
      <trkpt lat="42.744270" lon="-7.178690"><ele>1184.2</ele></trkpt>
      <trkpt lat="42.744270" lon="-7.178740"><ele>1184.1</ele></trkpt>
      <trkpt lat="42.744270" lon="-7.178800"><ele>1184.0</ele></trkpt>
      <trkpt lat="42.744260" lon="-7.178860"><ele>1184.0</ele></trkpt>
      <trkpt lat="42.744250" lon="-7.178900"><ele>1184.2</ele></trkpt>
      <trkpt lat="42.744240" lon="-7.178940"><ele>1184.4</ele></trkpt>
      <trkpt lat="42.744220" lon="-7.178980"><ele>1184.6</ele></trkpt>
      <trkpt lat="42.744210" lon="-7.179040"><ele>1184.5</ele></trkpt>
      <trkpt lat="42.744210" lon="-7.179090"><ele>1184.4</ele></trkpt>
      <trkpt lat="42.744190" lon="-7.179150"><ele>1184.4</ele></trkpt>
      <trkpt lat="42.744190" lon="-7.179220"><ele>1184.3</ele></trkpt>
      <trkpt lat="42.744180" lon="-7.179270"><ele>1184.3</ele></trkpt>
      <trkpt lat="42.744170" lon="-7.179320"><ele>1184.3</ele></trkpt>
      <trkpt lat="42.744170" lon="-7.179380"><ele>1184.2</ele></trkpt>
      <trkpt lat="42.744150" lon="-7.179430"><ele>1184.4</ele></trkpt>
      <trkpt lat="42.744140" lon="-7.179480"><ele>1184.4</ele></trkpt>
      <trkpt lat="42.744120" lon="-7.179530"><ele>1184.6</ele></trkpt>
      <trkpt lat="42.744110" lon="-7.179580"><ele>1184.6</ele></trkpt>
      <trkpt lat="42.744100" lon="-7.179630"><ele>1184.5</ele></trkpt>
      <trkpt lat="42.744090" lon="-7.179690"><ele>1184.4</ele></trkpt>
      <trkpt lat="42.744080" lon="-7.179750"><ele>1184.4</ele></trkpt>
      <trkpt lat="42.744060" lon="-7.179820"><ele>1184.6</ele></trkpt>
      <trkpt lat="42.744060" lon="-7.179900"><ele>1184.3</ele></trkpt>
      <trkpt lat="42.744060" lon="-7.179960"><ele>1184.2</ele></trkpt>
      <trkpt lat="42.744040" lon="-7.180010"><ele>1184.4</ele></trkpt>
      <trkpt lat="42.744030" lon="-7.180070"><ele>1184.4</ele></trkpt>
      <trkpt lat="42.744030" lon="-7.180130"><ele>1184.2</ele></trkpt>
      <trkpt lat="42.744020" lon="-7.180190"><ele>1184.1</ele></trkpt>
      <trkpt lat="42.744020" lon="-7.180250"><ele>1183.9</ele></trkpt>
      <trkpt lat="42.744010" lon="-7.180310"><ele>1183.9</ele></trkpt>
      <trkpt lat="42.744000" lon="-7.180370"><ele>1184.0</ele></trkpt>
      <trkpt lat="42.743990" lon="-7.180440"><ele>1184.1</ele></trkpt>
      <trkpt lat="42.743970" lon="-7.180520"><ele>1184.3</ele></trkpt>
      <trkpt lat="42.743970" lon="-7.180590"><ele>1184.1</ele></trkpt>
      <trkpt lat="42.743960" lon="-7.180630"><ele>1184.2</ele></trkpt>
      <trkpt lat="42.743950" lon="-7.180690"><ele>1184.1</ele></trkpt>
      <trkpt lat="42.743930" lon="-7.180730"><ele>1184.6</ele></trkpt>
      <trkpt lat="42.743920" lon="-7.180780"><ele>1184.7</ele></trkpt>
      <trkpt lat="42.743910" lon="-7.180830"><ele>1185.0</ele></trkpt>
      <trkpt lat="42.743890" lon="-7.180890"><ele>1184.9</ele></trkpt>
      <trkpt lat="42.743870" lon="-7.180960"><ele>1184.8</ele></trkpt>
      <trkpt lat="42.743860" lon="-7.181010"><ele>1184.9</ele></trkpt>
      <trkpt lat="42.743810" lon="-7.181180"><ele>1184.7</ele></trkpt>
      <trkpt lat="42.743740" lon="-7.181420"><ele>1184.7</ele></trkpt>
      <trkpt lat="42.743700" lon="-7.181580"><ele>1184.3</ele></trkpt>
      <trkpt lat="42.743670" lon="-7.181620"><ele>1184.8</ele></trkpt>
      <trkpt lat="42.743660" lon="-7.181660"><ele>1185.0</ele></trkpt>
      <trkpt lat="42.743640" lon="-7.181710"><ele>1184.9</ele></trkpt>
      <trkpt lat="42.743640" lon="-7.181760"><ele>1184.5</ele></trkpt>
      <trkpt lat="42.743630" lon="-7.181820"><ele>1184.2</ele></trkpt>
      <trkpt lat="42.743630" lon="-7.181890"><ele>1183.6</ele></trkpt>
      <trkpt lat="42.743620" lon="-7.181940"><ele>1183.4</ele></trkpt>
      <trkpt lat="42.743620" lon="-7.182000"><ele>1182.9</ele></trkpt>
      <trkpt lat="42.743620" lon="-7.182060"><ele>1182.4</ele></trkpt>
      <trkpt lat="42.743620" lon="-7.182110"><ele>1181.9</ele></trkpt>
      <trkpt lat="42.743630" lon="-7.182170"><ele>1181.2</ele></trkpt>
      <trkpt lat="42.743640" lon="-7.182230"><ele>1180.5</ele></trkpt>
      <trkpt lat="42.743640" lon="-7.182260"><ele>1180.2</ele></trkpt>
      <trkpt lat="42.743720" lon="-7.182660"><ele>1175.2</ele></trkpt>
      <trkpt lat="42.743750" lon="-7.182860"><ele>1174.2</ele></trkpt>
      <trkpt lat="42.743800" lon="-7.183170"><ele>1173.6</ele></trkpt>
      <trkpt lat="42.743830" lon="-7.183300"><ele>1173.2</ele></trkpt>
      <trkpt lat="42.743850" lon="-7.183380"><ele>1173.3</ele></trkpt>
      <trkpt lat="42.743870" lon="-7.183440"><ele>1172.9</ele></trkpt>
      <trkpt lat="42.743890" lon="-7.183490"><ele>1172.6</ele></trkpt>
      <trkpt lat="42.743910" lon="-7.183550"><ele>1172.3</ele></trkpt>
      <trkpt lat="42.743930" lon="-7.183600"><ele>1171.9</ele></trkpt>
      <trkpt lat="42.743950" lon="-7.183650"><ele>1171.8</ele></trkpt>
      <trkpt lat="42.743970" lon="-7.183680"><ele>1171.5</ele></trkpt>
      <trkpt lat="42.744000" lon="-7.183720"><ele>1170.9</ele></trkpt>
      <trkpt lat="42.744030" lon="-7.183750"><ele>1170.1</ele></trkpt>
      <trkpt lat="42.744050" lon="-7.183780"><ele>1169.6</ele></trkpt>
      <trkpt lat="42.744080" lon="-7.183820"><ele>1169.1</ele></trkpt>
      <trkpt lat="42.744120" lon="-7.183860"><ele>1168.2</ele></trkpt>
      <trkpt lat="42.744150" lon="-7.183880"><ele>1167.3</ele></trkpt>
      <trkpt lat="42.744170" lon="-7.183930"><ele>1167.1</ele></trkpt>
      <trkpt lat="42.744190" lon="-7.183960"><ele>1166.6</ele></trkpt>
      <trkpt lat="42.744200" lon="-7.184010"><ele>1166.8</ele></trkpt>
      <trkpt lat="42.744230" lon="-7.184060"><ele>1166.2</ele></trkpt>
      <trkpt lat="42.744240" lon="-7.184110"><ele>1165.6</ele></trkpt>
      <trkpt lat="42.744260" lon="-7.184160"><ele>1164.8</ele></trkpt>
      <trkpt lat="42.744280" lon="-7.184210"><ele>1164.2</ele></trkpt>
      <trkpt lat="42.744290" lon="-7.184250"><ele>1163.8</ele></trkpt>
      <trkpt lat="42.744290" lon="-7.184310"><ele>1163.5</ele></trkpt>
      <trkpt lat="42.744290" lon="-7.184370"><ele>1163.3</ele></trkpt>
      <trkpt lat="42.744290" lon="-7.184420"><ele>1163.2</ele></trkpt>
      <trkpt lat="42.744290" lon="-7.184470"><ele>1163.2</ele></trkpt>
      <trkpt lat="42.744270" lon="-7.184520"><ele>1163.7</ele></trkpt>
      <trkpt lat="42.744250" lon="-7.184560"><ele>1164.1</ele></trkpt>
      <trkpt lat="42.744240" lon="-7.184610"><ele>1164.4</ele></trkpt>
      <trkpt lat="42.744220" lon="-7.184650"><ele>1164.9</ele></trkpt>
      <trkpt lat="42.744200" lon="-7.184700"><ele>1165.4</ele></trkpt>
      <trkpt lat="42.744190" lon="-7.184740"><ele>1165.5</ele></trkpt>
      <trkpt lat="42.744130" lon="-7.184910"><ele>1167.5</ele></trkpt>
      <trkpt lat="42.744030" lon="-7.185100"><ele>1169.2</ele></trkpt>
      <trkpt lat="42.743950" lon="-7.185290"><ele>1169.3</ele></trkpt>
      <trkpt lat="42.743860" lon="-7.185510"><ele>1170.4</ele></trkpt>
      <trkpt lat="42.743830" lon="-7.185660"><ele>1170.0</ele></trkpt>
      <trkpt lat="42.743810" lon="-7.185720"><ele>1170.4</ele></trkpt>
      <trkpt lat="42.743790" lon="-7.185770"><ele>1170.5</ele></trkpt>
      <trkpt lat="42.743780" lon="-7.185840"><ele>1170.4</ele></trkpt>
      <trkpt lat="42.743770" lon="-7.185900"><ele>1170.2</ele></trkpt>
      <trkpt lat="42.743770" lon="-7.185960"><ele>1170.7</ele></trkpt>
      <trkpt lat="42.743760" lon="-7.186010"><ele>1171.5</ele></trkpt>
      <trkpt lat="42.743760" lon="-7.186060"><ele>1171.7</ele></trkpt>
      <trkpt lat="42.743750" lon="-7.186120"><ele>1172.3</ele></trkpt>
      <trkpt lat="42.743750" lon="-7.186170"><ele>1172.5</ele></trkpt>
      <trkpt lat="42.743750" lon="-7.186230"><ele>1172.8</ele></trkpt>
      <trkpt lat="42.743750" lon="-7.186290"><ele>1173.1</ele></trkpt>
      <trkpt lat="42.743750" lon="-7.186360"><ele>1173.3</ele></trkpt>
      <trkpt lat="42.743750" lon="-7.186410"><ele>1173.7</ele></trkpt>
      <trkpt lat="42.743750" lon="-7.186470"><ele>1174.1</ele></trkpt>
      <trkpt lat="42.743750" lon="-7.186540"><ele>1174.5</ele></trkpt>
      <trkpt lat="42.743750" lon="-7.186590"><ele>1174.9</ele></trkpt>
      <trkpt lat="42.743760" lon="-7.186640"><ele>1175.0</ele></trkpt>
      <trkpt lat="42.743760" lon="-7.186700"><ele>1175.1</ele></trkpt>
      <trkpt lat="42.743770" lon="-7.186760"><ele>1174.8</ele></trkpt>
      <trkpt lat="42.743780" lon="-7.186810"><ele>1174.6</ele></trkpt>
      <trkpt lat="42.743790" lon="-7.186860"><ele>1174.6</ele></trkpt>
      <trkpt lat="42.743810" lon="-7.186920"><ele>1174.1</ele></trkpt>
      <trkpt lat="42.743840" lon="-7.186970"><ele>1173.4</ele></trkpt>
      <trkpt lat="42.743860" lon="-7.187010"><ele>1173.0</ele></trkpt>
      <trkpt lat="42.743930" lon="-7.187100"><ele>1171.1</ele></trkpt>
      <trkpt lat="42.744080" lon="-7.187270"><ele>1167.3</ele></trkpt>
      <trkpt lat="42.744230" lon="-7.187400"><ele>1163.3</ele></trkpt>
      <trkpt lat="42.744400" lon="-7.187500"><ele>1159.5</ele></trkpt>
      <trkpt lat="42.744480" lon="-7.187540"><ele>1157.8</ele></trkpt>
      <trkpt lat="42.744520" lon="-7.187590"><ele>1157.8</ele></trkpt>
      <trkpt lat="42.744550" lon="-7.187640"><ele>1157.8</ele></trkpt>
      <trkpt lat="42.744580" lon="-7.187680"><ele>1157.7</ele></trkpt>
      <trkpt lat="42.744610" lon="-7.187720"><ele>1157.6</ele></trkpt>
      <trkpt lat="42.744640" lon="-7.187750"><ele>1157.6</ele></trkpt>
      <trkpt lat="42.744670" lon="-7.187780"><ele>1157.3</ele></trkpt>
      <trkpt lat="42.744700" lon="-7.187830"><ele>1157.3</ele></trkpt>
      <trkpt lat="42.744710" lon="-7.187880"><ele>1157.5</ele></trkpt>
      <trkpt lat="42.744730" lon="-7.187910"><ele>1157.4</ele></trkpt>
      <trkpt lat="42.744750" lon="-7.187950"><ele>1157.6</ele></trkpt>
      <trkpt lat="42.744770" lon="-7.188000"><ele>1157.9</ele></trkpt>
      <trkpt lat="42.744780" lon="-7.188040"><ele>1158.2</ele></trkpt>
      <trkpt lat="42.744790" lon="-7.188080"><ele>1158.6</ele></trkpt>
      <trkpt lat="42.744790" lon="-7.188140"><ele>1159.4</ele></trkpt>
      <trkpt lat="42.744790" lon="-7.188190"><ele>1160.2</ele></trkpt>
      <trkpt lat="42.744790" lon="-7.188250"><ele>1160.3</ele></trkpt>
      <trkpt lat="42.744790" lon="-7.188300"><ele>1160.1</ele></trkpt>
      <trkpt lat="42.744790" lon="-7.188360"><ele>1159.8</ele></trkpt>
      <trkpt lat="42.744790" lon="-7.188410"><ele>1159.5</ele></trkpt>
      <trkpt lat="42.744780" lon="-7.188460"><ele>1159.4</ele></trkpt>
      <trkpt lat="42.744770" lon="-7.188510"><ele>1159.3</ele></trkpt>
      <trkpt lat="42.744750" lon="-7.188560"><ele>1159.4</ele></trkpt>
      <trkpt lat="42.744730" lon="-7.188600"><ele>1159.6</ele></trkpt>
      <trkpt lat="42.744720" lon="-7.188650"><ele>1159.5</ele></trkpt>
      <trkpt lat="42.744710" lon="-7.188690"><ele>1159.5</ele></trkpt>
      <trkpt lat="42.744690" lon="-7.188730"><ele>1159.4</ele></trkpt>
      <trkpt lat="42.744670" lon="-7.188770"><ele>1159.3</ele></trkpt>
      <trkpt lat="42.744650" lon="-7.188810"><ele>1159.2</ele></trkpt>
      <trkpt lat="42.744630" lon="-7.188860"><ele>1158.9</ele></trkpt>
      <trkpt lat="42.744600" lon="-7.188900"><ele>1158.8</ele></trkpt>
      <trkpt lat="42.744590" lon="-7.188940"><ele>1158.7</ele></trkpt>
      <trkpt lat="42.744580" lon="-7.188950"><ele>1158.7</ele></trkpt>
      <trkpt lat="42.744530" lon="-7.189060"><ele>1158.1</ele></trkpt>
      <trkpt lat="42.744450" lon="-7.189190"><ele>1157.1</ele></trkpt>
      <trkpt lat="42.744330" lon="-7.189310"><ele>1156.2</ele></trkpt>
      <trkpt lat="42.744170" lon="-7.189420"><ele>1155.2</ele></trkpt>
      <trkpt lat="42.743970" lon="-7.189540"><ele>1154.5</ele></trkpt>
      <trkpt lat="42.743760" lon="-7.189660"><ele>1153.3</ele></trkpt>
      <trkpt lat="42.743490" lon="-7.189780"><ele>1152.5</ele></trkpt>
      <trkpt lat="42.743180" lon="-7.189930"><ele>1152.3</ele></trkpt>
      <trkpt lat="42.742830" lon="-7.190080"><ele>1152.4</ele></trkpt>
      <trkpt lat="42.742500" lon="-7.190250"><ele>1151.0</ele></trkpt>
      <trkpt lat="42.742120" lon="-7.190390"><ele>1149.7</ele></trkpt>
      <trkpt lat="42.742110" lon="-7.190390"><ele>1149.9</ele></trkpt>
      <trkpt lat="42.741830" lon="-7.190560"><ele>1146.5</ele></trkpt>
      <trkpt lat="42.741690" lon="-7.190640"><ele>1145.2</ele></trkpt>
      <trkpt lat="42.741470" lon="-7.190810"><ele>1142.1</ele></trkpt>
      <trkpt lat="42.741240" lon="-7.190940"><ele>1141.4</ele></trkpt>
      <trkpt lat="42.741100" lon="-7.191010"><ele>1141.8</ele></trkpt>
      <trkpt lat="42.740940" lon="-7.191140"><ele>1140.4</ele></trkpt>
      <trkpt lat="42.740760" lon="-7.191300"><ele>1138.7</ele></trkpt>
      <trkpt lat="42.740730" lon="-7.191330"><ele>1138.4</ele></trkpt>
      <trkpt lat="42.740700" lon="-7.191360"><ele>1138.2</ele></trkpt>
      <trkpt lat="42.740660" lon="-7.191390"><ele>1138.2</ele></trkpt>
      <trkpt lat="42.740630" lon="-7.191410"><ele>1138.1</ele></trkpt>
      <trkpt lat="42.740600" lon="-7.191450"><ele>1137.7</ele></trkpt>
      <trkpt lat="42.740570" lon="-7.191470"><ele>1137.5</ele></trkpt>
      <trkpt lat="42.740530" lon="-7.191510"><ele>1137.1</ele></trkpt>
      <trkpt lat="42.740500" lon="-7.191540"><ele>1137.0</ele></trkpt>
      <trkpt lat="42.740460" lon="-7.191570"><ele>1136.8</ele></trkpt>
      <trkpt lat="42.740440" lon="-7.191600"><ele>1136.6</ele></trkpt>
      <trkpt lat="42.740400" lon="-7.191640"><ele>1136.3</ele></trkpt>
      <trkpt lat="42.740380" lon="-7.191680"><ele>1135.8</ele></trkpt>
      <trkpt lat="42.740360" lon="-7.191720"><ele>1135.4</ele></trkpt>
      <trkpt lat="42.740340" lon="-7.191770"><ele>1134.6</ele></trkpt>
      <trkpt lat="42.740320" lon="-7.191810"><ele>1134.2</ele></trkpt>
      <trkpt lat="42.740290" lon="-7.191840"><ele>1134.0</ele></trkpt>
      <trkpt lat="42.740270" lon="-7.191880"><ele>1133.4</ele></trkpt>
      <trkpt lat="42.740250" lon="-7.191910"><ele>1133.3</ele></trkpt>
      <trkpt lat="42.740220" lon="-7.191960"><ele>1132.9</ele></trkpt>
      <trkpt lat="42.740200" lon="-7.192000"><ele>1132.4</ele></trkpt>
      <trkpt lat="42.740190" lon="-7.192060"><ele>1131.7</ele></trkpt>
      <trkpt lat="42.740180" lon="-7.192100"><ele>1131.2</ele></trkpt>
      <trkpt lat="42.740170" lon="-7.192140"><ele>1130.5</ele></trkpt>
      <trkpt lat="42.740170" lon="-7.192190"><ele>1129.7</ele></trkpt>
      <trkpt lat="42.740160" lon="-7.192240"><ele>1128.9</ele></trkpt>
      <trkpt lat="42.740160" lon="-7.192300"><ele>1127.9</ele></trkpt>
      <trkpt lat="42.740160" lon="-7.192350"><ele>1127.0</ele></trkpt>
      <trkpt lat="42.740160" lon="-7.192410"><ele>1126.1</ele></trkpt>
      <trkpt lat="42.740160" lon="-7.192460"><ele>1125.3</ele></trkpt>
      <trkpt lat="42.740170" lon="-7.192520"><ele>1124.5</ele></trkpt>
      <trkpt lat="42.740190" lon="-7.192560"><ele>1123.4</ele></trkpt>
      <trkpt lat="42.740210" lon="-7.192600"><ele>1122.4</ele></trkpt>
      <trkpt lat="42.740240" lon="-7.192620"><ele>1121.4</ele></trkpt>
      <trkpt lat="42.740260" lon="-7.192650"><ele>1120.6</ele></trkpt>
      <trkpt lat="42.740280" lon="-7.192690"><ele>1119.6</ele></trkpt>
      <trkpt lat="42.740310" lon="-7.192720"><ele>1118.7</ele></trkpt>
      <trkpt lat="42.740330" lon="-7.192770"><ele>1117.5</ele></trkpt>
      <trkpt lat="42.740360" lon="-7.192810"><ele>1116.4</ele></trkpt>
      <trkpt lat="42.740390" lon="-7.192850"><ele>1115.3</ele></trkpt>
      <trkpt lat="42.740400" lon="-7.192890"><ele>1114.4</ele></trkpt>
      <trkpt lat="42.740430" lon="-7.192930"><ele>1113.5</ele></trkpt>
      <trkpt lat="42.740470" lon="-7.192970"><ele>1112.4</ele></trkpt>
      <trkpt lat="42.740490" lon="-7.193010"><ele>1111.3</ele></trkpt>
      <trkpt lat="42.740530" lon="-7.193040"><ele>1110.4</ele></trkpt>
      <trkpt lat="42.740560" lon="-7.193080"><ele>1109.4</ele></trkpt>
      <trkpt lat="42.740580" lon="-7.193120"><ele>1108.5</ele></trkpt>
      <trkpt lat="42.740600" lon="-7.193170"><ele>1107.7</ele></trkpt>
      <trkpt lat="42.740610" lon="-7.193220"><ele>1107.0</ele></trkpt>
      <trkpt lat="42.740610" lon="-7.193250"><ele>1106.7</ele></trkpt>
      <trkpt lat="42.740650" lon="-7.193310"><ele>1104.9</ele></trkpt>
      <trkpt lat="42.740650" lon="-7.193370"><ele>1104.4</ele></trkpt>
      <trkpt lat="42.740650" lon="-7.193420"><ele>1103.7</ele></trkpt>
      <trkpt lat="42.740650" lon="-7.193480"><ele>1103.1</ele></trkpt>
      <trkpt lat="42.740650" lon="-7.193540"><ele>1102.5</ele></trkpt>
      <trkpt lat="42.740650" lon="-7.193560"><ele>1102.3</ele></trkpt>
      <trkpt lat="42.740630" lon="-7.193720"><ele>1101.4</ele></trkpt>
      <trkpt lat="42.740630" lon="-7.193770"><ele>1101.1</ele></trkpt>
      <trkpt lat="42.740630" lon="-7.193830"><ele>1100.6</ele></trkpt>
      <trkpt lat="42.740620" lon="-7.193880"><ele>1100.2</ele></trkpt>
      <trkpt lat="42.740620" lon="-7.193940"><ele>1099.7</ele></trkpt>
      <trkpt lat="42.740620" lon="-7.193990"><ele>1099.2</ele></trkpt>
      <trkpt lat="42.740620" lon="-7.194050"><ele>1098.7</ele></trkpt>
      <trkpt lat="42.740620" lon="-7.194100"><ele>1098.3</ele></trkpt>
      <trkpt lat="42.740620" lon="-7.194150"><ele>1097.8</ele></trkpt>
      <trkpt lat="42.740620" lon="-7.194230"><ele>1097.1</ele></trkpt>
      <trkpt lat="42.740620" lon="-7.194280"><ele>1096.8</ele></trkpt>
      <trkpt lat="42.740620" lon="-7.194330"><ele>1096.4</ele></trkpt>
      <trkpt lat="42.740620" lon="-7.194380"><ele>1096.1</ele></trkpt>
      <trkpt lat="42.740620" lon="-7.194440"><ele>1095.7</ele></trkpt>
      <trkpt lat="42.740620" lon="-7.194490"><ele>1095.3</ele></trkpt>
      <trkpt lat="42.740630" lon="-7.194540"><ele>1094.8</ele></trkpt>
      <trkpt lat="42.740630" lon="-7.194600"><ele>1094.4</ele></trkpt>
      <trkpt lat="42.740640" lon="-7.194660"><ele>1093.9</ele></trkpt>
      <trkpt lat="42.740640" lon="-7.194710"><ele>1093.6</ele></trkpt>
      <trkpt lat="42.740640" lon="-7.194770"><ele>1093.2</ele></trkpt>
      <trkpt lat="42.740640" lon="-7.194820"><ele>1092.7</ele></trkpt>
      <trkpt lat="42.740640" lon="-7.194870"><ele>1092.4</ele></trkpt>
      <trkpt lat="42.740640" lon="-7.194930"><ele>1092.1</ele></trkpt>
      <trkpt lat="42.740640" lon="-7.194990"><ele>1091.8</ele></trkpt>
      <trkpt lat="42.740640" lon="-7.195040"><ele>1091.5</ele></trkpt>
      <trkpt lat="42.740640" lon="-7.195100"><ele>1091.2</ele></trkpt>
      <trkpt lat="42.740640" lon="-7.195150"><ele>1090.9</ele></trkpt>
      <trkpt lat="42.740650" lon="-7.195200"><ele>1090.5</ele></trkpt>
      <trkpt lat="42.740680" lon="-7.195220"><ele>1089.9</ele></trkpt>
      <trkpt lat="42.740680" lon="-7.195230"><ele>1089.9</ele></trkpt>
      <trkpt lat="42.740760" lon="-7.195310"><ele>1088.4</ele></trkpt>
      <trkpt lat="42.740760" lon="-7.195310"><ele>1088.4</ele></trkpt>
      <trkpt lat="42.740810" lon="-7.195410"><ele>1087.4</ele></trkpt>
      <trkpt lat="42.740810" lon="-7.195410"><ele>1087.3</ele></trkpt>
      <trkpt lat="42.740870" lon="-7.195460"><ele>1086.4</ele></trkpt>
      <trkpt lat="42.740920" lon="-7.195540"><ele>1085.6</ele></trkpt>
      <trkpt lat="42.740920" lon="-7.195550"><ele>1085.6</ele></trkpt>
      <trkpt lat="42.740950" lon="-7.195600"><ele>1085.2</ele></trkpt>
      <trkpt lat="42.740990" lon="-7.195690"><ele>1084.3</ele></trkpt>
      <trkpt lat="42.741040" lon="-7.195840"><ele>1083.1</ele></trkpt>
      <trkpt lat="42.741100" lon="-7.195990"><ele>1081.9</ele></trkpt>
      <trkpt lat="42.741160" lon="-7.196130"><ele>1080.6</ele></trkpt>
      <trkpt lat="42.741230" lon="-7.196270"><ele>1079.1</ele></trkpt>
      <trkpt lat="42.741240" lon="-7.196330"><ele>1078.6</ele></trkpt>
      <trkpt lat="42.741270" lon="-7.196370"><ele>1078.1</ele></trkpt>
      <trkpt lat="42.741290" lon="-7.196410"><ele>1077.7</ele></trkpt>
      <trkpt lat="42.741300" lon="-7.196450"><ele>1077.3</ele></trkpt>
      <trkpt lat="42.741320" lon="-7.196490"><ele>1076.9</ele></trkpt>
      <trkpt lat="42.741330" lon="-7.196540"><ele>1076.5</ele></trkpt>
      <trkpt lat="42.741340" lon="-7.196580"><ele>1076.0</ele></trkpt>
      <trkpt lat="42.741360" lon="-7.196630"><ele>1075.4</ele></trkpt>
      <trkpt lat="42.741380" lon="-7.196670"><ele>1075.0</ele></trkpt>
      <trkpt lat="42.741390" lon="-7.196700"><ele>1074.5</ele></trkpt>
      <trkpt lat="42.741420" lon="-7.196760"><ele>1073.9</ele></trkpt>
      <trkpt lat="42.741430" lon="-7.196810"><ele>1073.4</ele></trkpt>
      <trkpt lat="42.741450" lon="-7.196850"><ele>1072.9</ele></trkpt>
      <trkpt lat="42.741470" lon="-7.196890"><ele>1072.4</ele></trkpt>
      <trkpt lat="42.741500" lon="-7.196920"><ele>1071.9</ele></trkpt>
      <trkpt lat="42.741520" lon="-7.196960"><ele>1071.4</ele></trkpt>
      <trkpt lat="42.741580" lon="-7.197070"><ele>1069.6</ele></trkpt>
      <trkpt lat="42.741690" lon="-7.197250"><ele>1065.5</ele></trkpt>
      <trkpt lat="42.741790" lon="-7.197440"><ele>1062.5</ele></trkpt>
      <trkpt lat="42.741890" lon="-7.197690"><ele>1059.8</ele></trkpt>
      <trkpt lat="42.741990" lon="-7.197880"><ele>1057.7</ele></trkpt>
      <trkpt lat="42.742080" lon="-7.198040"><ele>1056.0</ele></trkpt>
      <trkpt lat="42.742160" lon="-7.198140"><ele>1054.6</ele></trkpt>
      <trkpt lat="42.742290" lon="-7.198480"><ele>1052.8</ele></trkpt>
      <trkpt lat="42.742430" lon="-7.198750"><ele>1051.9</ele></trkpt>
      <trkpt lat="42.742560" lon="-7.199040"><ele>1050.1</ele></trkpt>
      <trkpt lat="42.742690" lon="-7.199290"><ele>1047.8</ele></trkpt>
      <trkpt lat="42.742800" lon="-7.199510"><ele>1045.7</ele></trkpt>
      <trkpt lat="42.742940" lon="-7.199820"><ele>1043.0</ele></trkpt>
      <trkpt lat="42.743070" lon="-7.200040"><ele>1039.7</ele></trkpt>
      <trkpt lat="42.743210" lon="-7.200250"><ele>1036.1</ele></trkpt>
      <trkpt lat="42.743300" lon="-7.200450"><ele>1034.0</ele></trkpt>
      <trkpt lat="42.743310" lon="-7.200500"><ele>1033.7</ele></trkpt>
      <trkpt lat="42.743330" lon="-7.200540"><ele>1033.3</ele></trkpt>
      <trkpt lat="42.743350" lon="-7.200600"><ele>1032.8</ele></trkpt>
      <trkpt lat="42.743380" lon="-7.200650"><ele>1032.3</ele></trkpt>
      <trkpt lat="42.743400" lon="-7.200700"><ele>1031.7</ele></trkpt>
      <trkpt lat="42.743430" lon="-7.200760"><ele>1030.7</ele></trkpt>
      <trkpt lat="42.743440" lon="-7.200810"><ele>1030.0</ele></trkpt>
      <trkpt lat="42.743460" lon="-7.200860"><ele>1029.2</ele></trkpt>
      <trkpt lat="42.743470" lon="-7.200910"><ele>1028.6</ele></trkpt>
      <trkpt lat="42.743490" lon="-7.200950"><ele>1028.0</ele></trkpt>
      <trkpt lat="42.743500" lon="-7.201000"><ele>1027.5</ele></trkpt>
      <trkpt lat="42.743510" lon="-7.201050"><ele>1027.0</ele></trkpt>
      <trkpt lat="42.743520" lon="-7.201110"><ele>1026.5</ele></trkpt>
      <trkpt lat="42.743530" lon="-7.201160"><ele>1025.9</ele></trkpt>
      <trkpt lat="42.743540" lon="-7.201220"><ele>1025.3</ele></trkpt>
      <trkpt lat="42.743550" lon="-7.201280"><ele>1024.7</ele></trkpt>
      <trkpt lat="42.743560" lon="-7.201330"><ele>1024.1</ele></trkpt>
      <trkpt lat="42.743570" lon="-7.201380"><ele>1023.6</ele></trkpt>
      <trkpt lat="42.743570" lon="-7.201430"><ele>1023.1</ele></trkpt>
      <trkpt lat="42.743570" lon="-7.201490"><ele>1022.8</ele></trkpt>
      <trkpt lat="42.743570" lon="-7.201540"><ele>1022.5</ele></trkpt>
      <trkpt lat="42.743570" lon="-7.201610"><ele>1022.1</ele></trkpt>
      <trkpt lat="42.743570" lon="-7.201660"><ele>1021.6</ele></trkpt>
      <trkpt lat="42.743570" lon="-7.201710"><ele>1020.9</ele></trkpt>
      <trkpt lat="42.743560" lon="-7.201770"><ele>1020.4</ele></trkpt>
      <trkpt lat="42.743560" lon="-7.201830"><ele>1019.7</ele></trkpt>
      <trkpt lat="42.743550" lon="-7.201870"><ele>1019.4</ele></trkpt>
      <trkpt lat="42.743540" lon="-7.201910"><ele>1019.1</ele></trkpt>
      <trkpt lat="42.743530" lon="-7.201970"><ele>1018.6</ele></trkpt>
      <trkpt lat="42.743520" lon="-7.202020"><ele>1018.2</ele></trkpt>
      <trkpt lat="42.743500" lon="-7.202060"><ele>1018.3</ele></trkpt>
      <trkpt lat="42.743480" lon="-7.202110"><ele>1018.3</ele></trkpt>
      <trkpt lat="42.743450" lon="-7.202160"><ele>1018.3</ele></trkpt>
      <trkpt lat="42.743450" lon="-7.202210"><ele>1017.9</ele></trkpt>
      <trkpt lat="42.743430" lon="-7.202260"><ele>1017.5</ele></trkpt>
      <trkpt lat="42.743410" lon="-7.202320"><ele>1017.2</ele></trkpt>
      <trkpt lat="42.743400" lon="-7.202360"><ele>1016.9</ele></trkpt>
      <trkpt lat="42.743380" lon="-7.202410"><ele>1016.4</ele></trkpt>
      <trkpt lat="42.743360" lon="-7.202460"><ele>1016.1</ele></trkpt>
      <trkpt lat="42.743330" lon="-7.202510"><ele>1015.8</ele></trkpt>
      <trkpt lat="42.743310" lon="-7.202550"><ele>1015.5</ele></trkpt>
      <trkpt lat="42.743300" lon="-7.202590"><ele>1015.1</ele></trkpt>
      <trkpt lat="42.743280" lon="-7.202630"><ele>1014.7</ele></trkpt>
      <trkpt lat="42.743260" lon="-7.202670"><ele>1014.3</ele></trkpt>
      <trkpt lat="42.743240" lon="-7.202720"><ele>1013.7</ele></trkpt>
      <trkpt lat="42.743230" lon="-7.202760"><ele>1013.2</ele></trkpt>
      <trkpt lat="42.743220" lon="-7.202810"><ele>1012.5</ele></trkpt>
      <trkpt lat="42.743210" lon="-7.202860"><ele>1011.8</ele></trkpt>
      <trkpt lat="42.743200" lon="-7.202910"><ele>1011.2</ele></trkpt>
      <trkpt lat="42.743170" lon="-7.202970"><ele>1010.6</ele></trkpt>
      <trkpt lat="42.743160" lon="-7.203010"><ele>1010.1</ele></trkpt>
      <trkpt lat="42.743160" lon="-7.203030"><ele>1009.8</ele></trkpt>
      <trkpt lat="42.743120" lon="-7.203180"><ele>1007.7</ele></trkpt>
      <trkpt lat="42.743070" lon="-7.203400"><ele>1004.3</ele></trkpt>
      <trkpt lat="42.743020" lon="-7.203590"><ele>1001.2</ele></trkpt>
      <trkpt lat="42.743020" lon="-7.203600"><ele>1001.0</ele></trkpt>
      <trkpt lat="42.742970" lon="-7.203740"><ele>998.6</ele></trkpt>
      <trkpt lat="42.742870" lon="-7.203910"><ele>995.8</ele></trkpt>
      <trkpt lat="42.742800" lon="-7.204040"><ele>993.9</ele></trkpt>
      <trkpt lat="42.742720" lon="-7.204200"><ele>991.3</ele></trkpt>
      <trkpt lat="42.742660" lon="-7.204300"><ele>989.8</ele></trkpt>
      <trkpt lat="42.742630" lon="-7.204340"><ele>989.2</ele></trkpt>
      <trkpt lat="42.742610" lon="-7.204390"><ele>988.3</ele></trkpt>
      <trkpt lat="42.742600" lon="-7.204440"><ele>987.6</ele></trkpt>
      <trkpt lat="42.742580" lon="-7.204470"><ele>987.1</ele></trkpt>
      <trkpt lat="42.742560" lon="-7.204520"><ele>986.6</ele></trkpt>
      <trkpt lat="42.742540" lon="-7.204550"><ele>986.1</ele></trkpt>
      <trkpt lat="42.742520" lon="-7.204590"><ele>985.7</ele></trkpt>
      <trkpt lat="42.742520" lon="-7.204650"><ele>984.8</ele></trkpt>
      <trkpt lat="42.742520" lon="-7.204700"><ele>983.8</ele></trkpt>
      <trkpt lat="42.742550" lon="-7.204720"><ele>983.3</ele></trkpt>
      <trkpt lat="42.742590" lon="-7.204720"><ele>982.8</ele></trkpt>
      <trkpt lat="42.742630" lon="-7.204730"><ele>982.4</ele></trkpt>
      <trkpt lat="42.742660" lon="-7.204750"><ele>981.8</ele></trkpt>
      <trkpt lat="42.742700" lon="-7.204750"><ele>981.3</ele></trkpt>
      <trkpt lat="42.742740" lon="-7.204770"><ele>980.7</ele></trkpt>
      <trkpt lat="42.742770" lon="-7.204780"><ele>980.2</ele></trkpt>
      <trkpt lat="42.742870" lon="-7.204790"><ele>979.2</ele></trkpt>
      <trkpt lat="42.742900" lon="-7.204790"><ele>979.0</ele></trkpt>
      <trkpt lat="42.743030" lon="-7.204810"><ele>977.4</ele></trkpt>
      <trkpt lat="42.743030" lon="-7.204810"><ele>977.4</ele></trkpt>
      <trkpt lat="42.743260" lon="-7.204750"><ele>976.2</ele></trkpt>
      <trkpt lat="42.743420" lon="-7.204740"><ele>974.6</ele></trkpt>
      <trkpt lat="42.743610" lon="-7.204740"><ele>971.5</ele></trkpt>
      <trkpt lat="42.743740" lon="-7.204730"><ele>969.6</ele></trkpt>
      <trkpt lat="42.743880" lon="-7.204710"><ele>967.4</ele></trkpt>
      <trkpt lat="42.743920" lon="-7.204710"><ele>966.6</ele></trkpt>
      <trkpt lat="42.743960" lon="-7.204710"><ele>965.8</ele></trkpt>
      <trkpt lat="42.744000" lon="-7.204710"><ele>965.1</ele></trkpt>
      <trkpt lat="42.744040" lon="-7.204720"><ele>964.4</ele></trkpt>
      <trkpt lat="42.744050" lon="-7.204760"><ele>963.7</ele></trkpt>
      <trkpt lat="42.744050" lon="-7.204810"><ele>963.3</ele></trkpt>
      <trkpt lat="42.744020" lon="-7.204860"><ele>963.1</ele></trkpt>
      <trkpt lat="42.744000" lon="-7.204910"><ele>962.9</ele></trkpt>
      <trkpt lat="42.743980" lon="-7.204960"><ele>962.7</ele></trkpt>
      <trkpt lat="42.743970" lon="-7.205010"><ele>962.4</ele></trkpt>
      <trkpt lat="42.743950" lon="-7.205050"><ele>962.2</ele></trkpt>
      <trkpt lat="42.743920" lon="-7.205090"><ele>962.1</ele></trkpt>
      <trkpt lat="42.743900" lon="-7.205130"><ele>962.0</ele></trkpt>
      <trkpt lat="42.743870" lon="-7.205180"><ele>961.8</ele></trkpt>
      <trkpt lat="42.743850" lon="-7.205210"><ele>961.6</ele></trkpt>
      <trkpt lat="42.743830" lon="-7.205250"><ele>961.5</ele></trkpt>
      <trkpt lat="42.743810" lon="-7.205300"><ele>961.1</ele></trkpt>
      <trkpt lat="42.743780" lon="-7.205340"><ele>960.9</ele></trkpt>
      <trkpt lat="42.743760" lon="-7.205380"><ele>960.6</ele></trkpt>
      <trkpt lat="42.743730" lon="-7.205420"><ele>960.3</ele></trkpt>
      <trkpt lat="42.743710" lon="-7.205470"><ele>959.9</ele></trkpt>
      <trkpt lat="42.743690" lon="-7.205520"><ele>959.5</ele></trkpt>
      <trkpt lat="42.743670" lon="-7.205560"><ele>959.2</ele></trkpt>
      <trkpt lat="42.743650" lon="-7.205590"><ele>959.0</ele></trkpt>
      <trkpt lat="42.743620" lon="-7.205620"><ele>958.8</ele></trkpt>
      <trkpt lat="42.743600" lon="-7.205650"><ele>958.5</ele></trkpt>
      <trkpt lat="42.743570" lon="-7.205680"><ele>958.3</ele></trkpt>
      <trkpt lat="42.743540" lon="-7.205720"><ele>957.9</ele></trkpt>
      <trkpt lat="42.743520" lon="-7.205760"><ele>957.6</ele></trkpt>
      <trkpt lat="42.743500" lon="-7.205810"><ele>957.1</ele></trkpt>
      <trkpt lat="42.743480" lon="-7.205850"><ele>956.6</ele></trkpt>
      <trkpt lat="42.743460" lon="-7.205900"><ele>956.0</ele></trkpt>
      <trkpt lat="42.743430" lon="-7.205940"><ele>955.5</ele></trkpt>
      <trkpt lat="42.743420" lon="-7.205970"><ele>955.1</ele></trkpt>
      <trkpt lat="42.743390" lon="-7.206010"><ele>954.6</ele></trkpt>
      <trkpt lat="42.743360" lon="-7.206050"><ele>954.3</ele></trkpt>
      <trkpt lat="42.743340" lon="-7.206090"><ele>953.8</ele></trkpt>
      <trkpt lat="42.743310" lon="-7.206120"><ele>953.4</ele></trkpt>
      <trkpt lat="42.743280" lon="-7.206150"><ele>953.2</ele></trkpt>
      <trkpt lat="42.743270" lon="-7.206180"><ele>952.6</ele></trkpt>
      <trkpt lat="42.743270" lon="-7.206200"><ele>952.4</ele></trkpt>
      <trkpt lat="42.743300" lon="-7.206210"><ele>952.0</ele></trkpt>
      <trkpt lat="42.743350" lon="-7.206210"><ele>951.7</ele></trkpt>
      <trkpt lat="42.743390" lon="-7.206210"><ele>951.5</ele></trkpt>
      <trkpt lat="42.743430" lon="-7.206210"><ele>951.3</ele></trkpt>
      <trkpt lat="42.743480" lon="-7.206220"><ele>951.0</ele></trkpt>
      <trkpt lat="42.743530" lon="-7.206240"><ele>950.5</ele></trkpt>
      <trkpt lat="42.743560" lon="-7.206270"><ele>950.0</ele></trkpt>
      <trkpt lat="42.743570" lon="-7.206270"><ele>949.9</ele></trkpt>
      <trkpt lat="42.743650" lon="-7.206310"><ele>949.0</ele></trkpt>
      <trkpt lat="42.743670" lon="-7.206360"><ele>948.2</ele></trkpt>
      <trkpt lat="42.743700" lon="-7.206400"><ele>947.6</ele></trkpt>
      <trkpt lat="42.743730" lon="-7.206440"><ele>946.9</ele></trkpt>
      <trkpt lat="42.743750" lon="-7.206490"><ele>946.3</ele></trkpt>
      <trkpt lat="42.743780" lon="-7.206520"><ele>945.7</ele></trkpt>
      <trkpt lat="42.743810" lon="-7.206570"><ele>945.0</ele></trkpt>
      <trkpt lat="42.743830" lon="-7.206620"><ele>944.4</ele></trkpt>
      <trkpt lat="42.743860" lon="-7.206660"><ele>943.8</ele></trkpt>
      <trkpt lat="42.743880" lon="-7.206710"><ele>943.2</ele></trkpt>
      <trkpt lat="42.743900" lon="-7.206750"><ele>942.5</ele></trkpt>
      <trkpt lat="42.743930" lon="-7.206820"><ele>941.4</ele></trkpt>
      <trkpt lat="42.743960" lon="-7.206880"><ele>940.5</ele></trkpt>
      <trkpt lat="42.743970" lon="-7.206940"><ele>939.4</ele></trkpt>
      <trkpt lat="42.743990" lon="-7.207000"><ele>938.6</ele></trkpt>
      <trkpt lat="42.744010" lon="-7.207050"><ele>937.8</ele></trkpt>
      <trkpt lat="42.744030" lon="-7.207090"><ele>937.1</ele></trkpt>
      <trkpt lat="42.744040" lon="-7.207160"><ele>936.2</ele></trkpt>
      <trkpt lat="42.744070" lon="-7.207210"><ele>935.4</ele></trkpt>
      <trkpt lat="42.744090" lon="-7.207270"><ele>934.5</ele></trkpt>
      <trkpt lat="42.744110" lon="-7.207310"><ele>933.9</ele></trkpt>
      <trkpt lat="42.744140" lon="-7.207350"><ele>933.4</ele></trkpt>
      <trkpt lat="42.744160" lon="-7.207390"><ele>932.8</ele></trkpt>
      <trkpt lat="42.744180" lon="-7.207450"><ele>932.1</ele></trkpt>
      <trkpt lat="42.744210" lon="-7.207520"><ele>931.1</ele></trkpt>
      <trkpt lat="42.744220" lon="-7.207590"><ele>930.0</ele></trkpt>
      <trkpt lat="42.744230" lon="-7.207650"><ele>929.2</ele></trkpt>
      <trkpt lat="42.744240" lon="-7.207700"><ele>928.0</ele></trkpt>
      <trkpt lat="42.744260" lon="-7.207770"><ele>926.6</ele></trkpt>
      <trkpt lat="42.744260" lon="-7.207820"><ele>925.3</ele></trkpt>
      <trkpt lat="42.744280" lon="-7.207880"><ele>924.2</ele></trkpt>
      <trkpt lat="42.744290" lon="-7.207940"><ele>922.9</ele></trkpt>
      <trkpt lat="42.744290" lon="-7.208000"><ele>921.5</ele></trkpt>
      <trkpt lat="42.744300" lon="-7.208060"><ele>920.2</ele></trkpt>
      <trkpt lat="42.744300" lon="-7.208120"><ele>918.8</ele></trkpt>
      <trkpt lat="42.744310" lon="-7.208170"><ele>917.7</ele></trkpt>
      <trkpt lat="42.744310" lon="-7.208230"><ele>916.4</ele></trkpt>
      <trkpt lat="42.744330" lon="-7.208260"><ele>915.9</ele></trkpt>
      <trkpt lat="42.744340" lon="-7.208310"><ele>915.0</ele></trkpt>
      <trkpt lat="42.744370" lon="-7.208350"><ele>914.6</ele></trkpt>
      <trkpt lat="42.744380" lon="-7.208410"><ele>913.4</ele></trkpt>
      <trkpt lat="42.744400" lon="-7.208460"><ele>912.4</ele></trkpt>
      <trkpt lat="42.744420" lon="-7.208490"><ele>912.0</ele></trkpt>
      <trkpt lat="42.744450" lon="-7.208530"><ele>911.7</ele></trkpt>
      <trkpt lat="42.744480" lon="-7.208590"><ele>911.0</ele></trkpt>
      <trkpt lat="42.744510" lon="-7.208630"><ele>910.6</ele></trkpt>
      <trkpt lat="42.744530" lon="-7.208670"><ele>910.1</ele></trkpt>
      <trkpt lat="42.744560" lon="-7.208710"><ele>909.5</ele></trkpt>
      <trkpt lat="42.744580" lon="-7.208760"><ele>908.9</ele></trkpt>
      <trkpt lat="42.744610" lon="-7.208800"><ele>908.4</ele></trkpt>
      <trkpt lat="42.744630" lon="-7.208840"><ele>908.0</ele></trkpt>
      <trkpt lat="42.744660" lon="-7.208890"><ele>907.5</ele></trkpt>
      <trkpt lat="42.744680" lon="-7.208950"><ele>906.5</ele></trkpt>
      <trkpt lat="42.744710" lon="-7.208990"><ele>906.2</ele></trkpt>
      <trkpt lat="42.744730" lon="-7.209040"><ele>905.4</ele></trkpt>
      <trkpt lat="42.744740" lon="-7.209090"><ele>904.8</ele></trkpt>
      <trkpt lat="42.744770" lon="-7.209140"><ele>904.4</ele></trkpt>
      <trkpt lat="42.744790" lon="-7.209180"><ele>904.2</ele></trkpt>
      <trkpt lat="42.744810" lon="-7.209230"><ele>903.7</ele></trkpt>
      <trkpt lat="42.744830" lon="-7.209280"><ele>903.2</ele></trkpt>
      <trkpt lat="42.744850" lon="-7.209340"><ele>902.7</ele></trkpt>
      <trkpt lat="42.744860" lon="-7.209390"><ele>902.3</ele></trkpt>
      <trkpt lat="42.744870" lon="-7.209440"><ele>901.6</ele></trkpt>
      <trkpt lat="42.744890" lon="-7.209480"><ele>901.3</ele></trkpt>
      <trkpt lat="42.744900" lon="-7.209530"><ele>900.9</ele></trkpt>
      <trkpt lat="42.744910" lon="-7.209580"><ele>900.6</ele></trkpt>
      <trkpt lat="42.744920" lon="-7.209630"><ele>900.0</ele></trkpt>
      <trkpt lat="42.744920" lon="-7.209680"><ele>899.3</ele></trkpt>
      <trkpt lat="42.744920" lon="-7.209740"><ele>898.6</ele></trkpt>
      <trkpt lat="42.744920" lon="-7.209790"><ele>897.9</ele></trkpt>
      <trkpt lat="42.744920" lon="-7.209850"><ele>897.1</ele></trkpt>
      <trkpt lat="42.744920" lon="-7.209900"><ele>896.4</ele></trkpt>
      <trkpt lat="42.744920" lon="-7.209960"><ele>895.5</ele></trkpt>
      <trkpt lat="42.744920" lon="-7.210030"><ele>894.6</ele></trkpt>
      <trkpt lat="42.744920" lon="-7.210090"><ele>893.8</ele></trkpt>
      <trkpt lat="42.744920" lon="-7.210140"><ele>893.0</ele></trkpt>
      <trkpt lat="42.744930" lon="-7.210200"><ele>892.5</ele></trkpt>
      <trkpt lat="42.744940" lon="-7.210250"><ele>892.0</ele></trkpt>
      <trkpt lat="42.744950" lon="-7.210290"><ele>891.7</ele></trkpt>
      <trkpt lat="42.744960" lon="-7.210360"><ele>891.2</ele></trkpt>
      <trkpt lat="42.744970" lon="-7.210410"><ele>890.6</ele></trkpt>
      <trkpt lat="42.744970" lon="-7.210470"><ele>890.0</ele></trkpt>
      <trkpt lat="42.744980" lon="-7.210520"><ele>889.5</ele></trkpt>
      <trkpt lat="42.744980" lon="-7.210530"><ele>889.4</ele></trkpt>
      <trkpt lat="42.745020" lon="-7.210630"><ele>889.2</ele></trkpt>
      <trkpt lat="42.745070" lon="-7.210750"><ele>888.9</ele></trkpt>
      <trkpt lat="42.745070" lon="-7.210760"><ele>888.8</ele></trkpt>
      <trkpt lat="42.745110" lon="-7.210880"><ele>888.5</ele></trkpt>
      <trkpt lat="42.745160" lon="-7.211060"><ele>886.6</ele></trkpt>
      <trkpt lat="42.745230" lon="-7.211260"><ele>885.2</ele></trkpt>
      <trkpt lat="42.745280" lon="-7.211460"><ele>883.1</ele></trkpt>
      <trkpt lat="42.745300" lon="-7.211530"><ele>882.2</ele></trkpt>
      <trkpt lat="42.745320" lon="-7.211600"><ele>881.8</ele></trkpt>
      <trkpt lat="42.745340" lon="-7.211670"><ele>881.1</ele></trkpt>
      <trkpt lat="42.745360" lon="-7.211720"><ele>880.6</ele></trkpt>
      <trkpt lat="42.745370" lon="-7.211780"><ele>880.1</ele></trkpt>
      <trkpt lat="42.745380" lon="-7.211830"><ele>879.3</ele></trkpt>
      <trkpt lat="42.745410" lon="-7.211870"><ele>879.3</ele></trkpt>
      <trkpt lat="42.745430" lon="-7.211910"><ele>879.0</ele></trkpt>
      <trkpt lat="42.745450" lon="-7.211940"><ele>879.0</ele></trkpt>
      <trkpt lat="42.745480" lon="-7.211980"><ele>879.1</ele></trkpt>
      <trkpt lat="42.745500" lon="-7.212030"><ele>878.7</ele></trkpt>
      <trkpt lat="42.745530" lon="-7.212060"><ele>878.8</ele></trkpt>
      <trkpt lat="42.745550" lon="-7.212100"><ele>878.6</ele></trkpt>
      <trkpt lat="42.745580" lon="-7.212130"><ele>878.8</ele></trkpt>
      <trkpt lat="42.745610" lon="-7.212190"><ele>878.3</ele></trkpt>
      <trkpt lat="42.745630" lon="-7.212250"><ele>877.8</ele></trkpt>
      <trkpt lat="42.745660" lon="-7.212290"><ele>877.4</ele></trkpt>
      <trkpt lat="42.745700" lon="-7.212350"><ele>877.0</ele></trkpt>
      <trkpt lat="42.745720" lon="-7.212400"><ele>876.4</ele></trkpt>
      <trkpt lat="42.745740" lon="-7.212450"><ele>875.4</ele></trkpt>
      <trkpt lat="42.745760" lon="-7.212480"><ele>875.2</ele></trkpt>
      <trkpt lat="42.745790" lon="-7.212510"><ele>874.8</ele></trkpt>
      <trkpt lat="42.745810" lon="-7.212560"><ele>874.2</ele></trkpt>
      <trkpt lat="42.745830" lon="-7.212600"><ele>873.4</ele></trkpt>
      <trkpt lat="42.745830" lon="-7.212600"><ele>873.5</ele></trkpt>
      <trkpt lat="42.745910" lon="-7.212700"><ele>872.8</ele></trkpt>
      <trkpt lat="42.746000" lon="-7.212780"><ele>872.5</ele></trkpt>
      <trkpt lat="42.746140" lon="-7.212920"><ele>871.4</ele></trkpt>
      <trkpt lat="42.746150" lon="-7.212940"><ele>871.2</ele></trkpt>
      <trkpt lat="42.746230" lon="-7.213060"><ele>869.5</ele></trkpt>
      <trkpt lat="42.746330" lon="-7.213180"><ele>867.8</ele></trkpt>
      <trkpt lat="42.746370" lon="-7.213210"><ele>867.7</ele></trkpt>
      <trkpt lat="42.746400" lon="-7.213240"><ele>867.6</ele></trkpt>
      <trkpt lat="42.746430" lon="-7.213280"><ele>867.2</ele></trkpt>
      <trkpt lat="42.746460" lon="-7.213320"><ele>867.0</ele></trkpt>
      <trkpt lat="42.746490" lon="-7.213370"><ele>866.6</ele></trkpt>
      <trkpt lat="42.746520" lon="-7.213410"><ele>866.2</ele></trkpt>
      <trkpt lat="42.746550" lon="-7.213440"><ele>866.1</ele></trkpt>
      <trkpt lat="42.746580" lon="-7.213490"><ele>865.7</ele></trkpt>
      <trkpt lat="42.746610" lon="-7.213530"><ele>865.3</ele></trkpt>
      <trkpt lat="42.746640" lon="-7.213570"><ele>865.1</ele></trkpt>
      <trkpt lat="42.746670" lon="-7.213610"><ele>865.1</ele></trkpt>
      <trkpt lat="42.746710" lon="-7.213650"><ele>865.2</ele></trkpt>
      <trkpt lat="42.746720" lon="-7.213690"><ele>864.9</ele></trkpt>
      <trkpt lat="42.746750" lon="-7.213740"><ele>864.5</ele></trkpt>
      <trkpt lat="42.746770" lon="-7.213790"><ele>864.1</ele></trkpt>
      <trkpt lat="42.746800" lon="-7.213840"><ele>864.0</ele></trkpt>
      <trkpt lat="42.746820" lon="-7.213890"><ele>863.6</ele></trkpt>
      <trkpt lat="42.746840" lon="-7.213950"><ele>863.1</ele></trkpt>
      <trkpt lat="42.746870" lon="-7.214000"><ele>862.8</ele></trkpt>
      <trkpt lat="42.746880" lon="-7.214050"><ele>862.4</ele></trkpt>
      <trkpt lat="42.746910" lon="-7.214090"><ele>862.4</ele></trkpt>
      <trkpt lat="42.746930" lon="-7.214130"><ele>862.4</ele></trkpt>
      <trkpt lat="42.746960" lon="-7.214180"><ele>862.2</ele></trkpt>
      <trkpt lat="42.746980" lon="-7.214220"><ele>861.7</ele></trkpt>
      <trkpt lat="42.747000" lon="-7.214280"><ele>861.3</ele></trkpt>
      <trkpt lat="42.747020" lon="-7.214330"><ele>861.0</ele></trkpt>
      <trkpt lat="42.747050" lon="-7.214370"><ele>861.0</ele></trkpt>
      <trkpt lat="42.747070" lon="-7.214410"><ele>860.9</ele></trkpt>
      <trkpt lat="42.747090" lon="-7.214460"><ele>860.3</ele></trkpt>
      <trkpt lat="42.747120" lon="-7.214530"><ele>859.8</ele></trkpt>
      <trkpt lat="42.747140" lon="-7.214580"><ele>859.4</ele></trkpt>
      <trkpt lat="42.747160" lon="-7.214630"><ele>859.0</ele></trkpt>
      <trkpt lat="42.747180" lon="-7.214670"><ele>858.8</ele></trkpt>
      <trkpt lat="42.747210" lon="-7.214700"><ele>859.0</ele></trkpt>
      <trkpt lat="42.747230" lon="-7.214760"><ele>858.4</ele></trkpt>
      <trkpt lat="42.747260" lon="-7.214830"><ele>857.8</ele></trkpt>
      <trkpt lat="42.747290" lon="-7.214900"><ele>857.2</ele></trkpt>
      <trkpt lat="42.747310" lon="-7.214950"><ele>856.7</ele></trkpt>
      <trkpt lat="42.747340" lon="-7.215020"><ele>856.3</ele></trkpt>
      <trkpt lat="42.747350" lon="-7.215060"><ele>855.7</ele></trkpt>
      <trkpt lat="42.747360" lon="-7.215110"><ele>855.4</ele></trkpt>
      <trkpt lat="42.747380" lon="-7.215170"><ele>854.8</ele></trkpt>
      <trkpt lat="42.747390" lon="-7.215210"><ele>854.4</ele></trkpt>
      <trkpt lat="42.747410" lon="-7.215260"><ele>854.0</ele></trkpt>
      <trkpt lat="42.747420" lon="-7.215310"><ele>853.5</ele></trkpt>
      <trkpt lat="42.747430" lon="-7.215360"><ele>852.9</ele></trkpt>
      <trkpt lat="42.747440" lon="-7.215410"><ele>852.4</ele></trkpt>
      <trkpt lat="42.747450" lon="-7.215460"><ele>851.7</ele></trkpt>
      <trkpt lat="42.747450" lon="-7.215520"><ele>850.9</ele></trkpt>
      <trkpt lat="42.747460" lon="-7.215560"><ele>850.3</ele></trkpt>
      <trkpt lat="42.747470" lon="-7.215610"><ele>849.8</ele></trkpt>
      <trkpt lat="42.747480" lon="-7.215670"><ele>849.1</ele></trkpt>
      <trkpt lat="42.747480" lon="-7.215720"><ele>848.4</ele></trkpt>
      <trkpt lat="42.747500" lon="-7.215770"><ele>848.2</ele></trkpt>
      <trkpt lat="42.747520" lon="-7.215810"><ele>847.8</ele></trkpt>
      <trkpt lat="42.747530" lon="-7.215870"><ele>847.1</ele></trkpt>
      <trkpt lat="42.747530" lon="-7.215920"><ele>846.4</ele></trkpt>
      <trkpt lat="42.747540" lon="-7.215970"><ele>845.8</ele></trkpt>
      <trkpt lat="42.747540" lon="-7.216030"><ele>844.9</ele></trkpt>
      <trkpt lat="42.747550" lon="-7.216090"><ele>844.1</ele></trkpt>
      <trkpt lat="42.747540" lon="-7.216140"><ele>843.1</ele></trkpt>
      <trkpt lat="42.747520" lon="-7.216190"><ele>842.0</ele></trkpt>
      <trkpt lat="42.747490" lon="-7.216230"><ele>840.8</ele></trkpt>
      <trkpt lat="42.747470" lon="-7.216260"><ele>839.7</ele></trkpt>
      <trkpt lat="42.747460" lon="-7.216310"><ele>838.7</ele></trkpt>
      <trkpt lat="42.747440" lon="-7.216350"><ele>837.7</ele></trkpt>
      <trkpt lat="42.747430" lon="-7.216400"><ele>836.8</ele></trkpt>
      <trkpt lat="42.747430" lon="-7.216460"><ele>836.0</ele></trkpt>
      <trkpt lat="42.747430" lon="-7.216520"><ele>835.2</ele></trkpt>
      <trkpt lat="42.747430" lon="-7.216570"><ele>834.6</ele></trkpt>
      <trkpt lat="42.747430" lon="-7.216620"><ele>833.8</ele></trkpt>
      <trkpt lat="42.747430" lon="-7.216680"><ele>833.1</ele></trkpt>
      <trkpt lat="42.747430" lon="-7.216730"><ele>832.4</ele></trkpt>
      <trkpt lat="42.747430" lon="-7.216790"><ele>831.6</ele></trkpt>
      <trkpt lat="42.747440" lon="-7.216840"><ele>831.2</ele></trkpt>
      <trkpt lat="42.747450" lon="-7.216900"><ele>830.5</ele></trkpt>
      <trkpt lat="42.747450" lon="-7.216950"><ele>829.9</ele></trkpt>
      <trkpt lat="42.747440" lon="-7.217000"><ele>829.1</ele></trkpt>
      <trkpt lat="42.747420" lon="-7.217060"><ele>827.9</ele></trkpt>
      <trkpt lat="42.747400" lon="-7.217100"><ele>826.9</ele></trkpt>
      <trkpt lat="42.747400" lon="-7.217160"><ele>826.2</ele></trkpt>
      <trkpt lat="42.747390" lon="-7.217210"><ele>825.4</ele></trkpt>
      <trkpt lat="42.747390" lon="-7.217270"><ele>824.7</ele></trkpt>
      <trkpt lat="42.747390" lon="-7.217320"><ele>824.1</ele></trkpt>
      <trkpt lat="42.747400" lon="-7.217360"><ele>823.8</ele></trkpt>
      <trkpt lat="42.747410" lon="-7.217400"><ele>823.3</ele></trkpt>
      <trkpt lat="42.747420" lon="-7.217430"><ele>823.1</ele></trkpt>
      <trkpt lat="42.747460" lon="-7.217640"><ele>820.9</ele></trkpt>
      <trkpt lat="42.747510" lon="-7.217780"><ele>820.0</ele></trkpt>
      <trkpt lat="42.747520" lon="-7.217780"><ele>820.2</ele></trkpt>
      <trkpt lat="42.747540" lon="-7.217890"><ele>819.0</ele></trkpt>
      <trkpt lat="42.747600" lon="-7.218010"><ele>817.9</ele></trkpt>
      <trkpt lat="42.747730" lon="-7.218110"><ele>817.5</ele></trkpt>
      <trkpt lat="42.747870" lon="-7.218190"><ele>817.8</ele></trkpt>
      <trkpt lat="42.748030" lon="-7.218270"><ele>818.4</ele></trkpt>
      <trkpt lat="42.748180" lon="-7.218400"><ele>818.1</ele></trkpt>
      <trkpt lat="42.748340" lon="-7.218550"><ele>817.8</ele></trkpt>
      <trkpt lat="42.748490" lon="-7.218720"><ele>817.3</ele></trkpt>
      <trkpt lat="42.748580" lon="-7.218820"><ele>816.3</ele></trkpt>
      <trkpt lat="42.748610" lon="-7.218900"><ele>815.4</ele></trkpt>
      <trkpt lat="42.748630" lon="-7.218960"><ele>814.6</ele></trkpt>
      <trkpt lat="42.748640" lon="-7.219010"><ele>813.9</ele></trkpt>
      <trkpt lat="42.748660" lon="-7.219070"><ele>813.2</ele></trkpt>
      <trkpt lat="42.748660" lon="-7.219080"><ele>813.0</ele></trkpt>
      <trkpt lat="42.748750" lon="-7.219190"><ele>811.6</ele></trkpt>
      <trkpt lat="42.748760" lon="-7.219240"><ele>810.8</ele></trkpt>
      <trkpt lat="42.748780" lon="-7.219310"><ele>809.8</ele></trkpt>
      <trkpt lat="42.748800" lon="-7.219360"><ele>809.1</ele></trkpt>
      <trkpt lat="42.748820" lon="-7.219410"><ele>808.3</ele></trkpt>
      <trkpt lat="42.748840" lon="-7.219460"><ele>807.6</ele></trkpt>
      <trkpt lat="42.748870" lon="-7.219500"><ele>806.9</ele></trkpt>
      <trkpt lat="42.748900" lon="-7.219540"><ele>806.4</ele></trkpt>
      <trkpt lat="42.748930" lon="-7.219560"><ele>806.0</ele></trkpt>
      <trkpt lat="42.748960" lon="-7.219580"><ele>805.6</ele></trkpt>
      <trkpt lat="42.748990" lon="-7.219600"><ele>805.4</ele></trkpt>
      <trkpt lat="42.749040" lon="-7.219630"><ele>805.0</ele></trkpt>
      <trkpt lat="42.749070" lon="-7.219650"><ele>804.8</ele></trkpt>
      <trkpt lat="42.749120" lon="-7.219660"><ele>804.7</ele></trkpt>
      <trkpt lat="42.749160" lon="-7.219670"><ele>804.5</ele></trkpt>
      <trkpt lat="42.749200" lon="-7.219680"><ele>804.4</ele></trkpt>
      <trkpt lat="42.749240" lon="-7.219700"><ele>804.2</ele></trkpt>
      <trkpt lat="42.749280" lon="-7.219710"><ele>804.1</ele></trkpt>
      <trkpt lat="42.749330" lon="-7.219730"><ele>803.8</ele></trkpt>
      <trkpt lat="42.749370" lon="-7.219750"><ele>803.5</ele></trkpt>
      <trkpt lat="42.749410" lon="-7.219760"><ele>803.4</ele></trkpt>
      <trkpt lat="42.749450" lon="-7.219770"><ele>803.2</ele></trkpt>
      <trkpt lat="42.749490" lon="-7.219780"><ele>803.3</ele></trkpt>
      <trkpt lat="42.749530" lon="-7.219800"><ele>803.1</ele></trkpt>
      <trkpt lat="42.749570" lon="-7.219810"><ele>803.0</ele></trkpt>
      <trkpt lat="42.749620" lon="-7.219840"><ele>802.5</ele></trkpt>
      <trkpt lat="42.749660" lon="-7.219850"><ele>802.4</ele></trkpt>
      <trkpt lat="42.749700" lon="-7.219870"><ele>802.2</ele></trkpt>
      <trkpt lat="42.749740" lon="-7.219900"><ele>801.5</ele></trkpt>
      <trkpt lat="42.749780" lon="-7.219930"><ele>801.0</ele></trkpt>
      <trkpt lat="42.749820" lon="-7.219960"><ele>800.5</ele></trkpt>
      <trkpt lat="42.749860" lon="-7.219970"><ele>800.3</ele></trkpt>
      <trkpt lat="42.749890" lon="-7.220000"><ele>799.9</ele></trkpt>
      <trkpt lat="42.749920" lon="-7.220010"><ele>800.1</ele></trkpt>
      <trkpt lat="42.749960" lon="-7.220040"><ele>799.9</ele></trkpt>
      <trkpt lat="42.750000" lon="-7.220070"><ele>799.8</ele></trkpt>
      <trkpt lat="42.750040" lon="-7.220110"><ele>799.5</ele></trkpt>
      <trkpt lat="42.750080" lon="-7.220130"><ele>799.5</ele></trkpt>
      <trkpt lat="42.750110" lon="-7.220150"><ele>799.5</ele></trkpt>
      <trkpt lat="42.750150" lon="-7.220160"><ele>799.8</ele></trkpt>
      <trkpt lat="42.750180" lon="-7.220200"><ele>799.7</ele></trkpt>
      <trkpt lat="42.750220" lon="-7.220240"><ele>799.4</ele></trkpt>
      <trkpt lat="42.750240" lon="-7.220270"><ele>799.0</ele></trkpt>
      <trkpt lat="42.750260" lon="-7.220310"><ele>798.6</ele></trkpt>
      <trkpt lat="42.750280" lon="-7.220340"><ele>798.3</ele></trkpt>
      <trkpt lat="42.750350" lon="-7.220410"><ele>797.7</ele></trkpt>
      <trkpt lat="42.750420" lon="-7.220520"><ele>796.6</ele></trkpt>
      <trkpt lat="42.750430" lon="-7.220570"><ele>795.6</ele></trkpt>
      <trkpt lat="42.750450" lon="-7.220620"><ele>794.9</ele></trkpt>
      <trkpt lat="42.750450" lon="-7.220670"><ele>794.3</ele></trkpt>
      <trkpt lat="42.750470" lon="-7.220710"><ele>793.7</ele></trkpt>
      <trkpt lat="42.750500" lon="-7.220760"><ele>793.3</ele></trkpt>
      <trkpt lat="42.750530" lon="-7.220810"><ele>792.9</ele></trkpt>
      <trkpt lat="42.750560" lon="-7.220840"><ele>792.9</ele></trkpt>
      <trkpt lat="42.750590" lon="-7.220880"><ele>792.7</ele></trkpt>
      <trkpt lat="42.750620" lon="-7.220930"><ele>792.3</ele></trkpt>
      <trkpt lat="42.750650" lon="-7.220990"><ele>791.7</ele></trkpt>
      <trkpt lat="42.750680" lon="-7.221060"><ele>790.9</ele></trkpt>
      <trkpt lat="42.750700" lon="-7.221100"><ele>790.7</ele></trkpt>
      <trkpt lat="42.750730" lon="-7.221130"><ele>790.8</ele></trkpt>
      <trkpt lat="42.750750" lon="-7.221170"><ele>790.7</ele></trkpt>
      <trkpt lat="42.750780" lon="-7.221200"><ele>790.8</ele></trkpt>
      <trkpt lat="42.750810" lon="-7.221240"><ele>790.9</ele></trkpt>
      <trkpt lat="42.750840" lon="-7.221280"><ele>791.2</ele></trkpt>
      <trkpt lat="42.750860" lon="-7.221310"><ele>791.2</ele></trkpt>
      <trkpt lat="42.750870" lon="-7.221350"><ele>791.2</ele></trkpt>
      <trkpt lat="42.750890" lon="-7.221410"><ele>790.8</ele></trkpt>
      <trkpt lat="42.750890" lon="-7.221460"><ele>790.4</ele></trkpt>
      <trkpt lat="42.750900" lon="-7.221520"><ele>789.9</ele></trkpt>
      <trkpt lat="42.750900" lon="-7.221570"><ele>789.2</ele></trkpt>
      <trkpt lat="42.750900" lon="-7.221630"><ele>788.6</ele></trkpt>
      <trkpt lat="42.750900" lon="-7.221680"><ele>788.0</ele></trkpt>
      <trkpt lat="42.750900" lon="-7.221740"><ele>787.3</ele></trkpt>
      <trkpt lat="42.750890" lon="-7.221810"><ele>786.5</ele></trkpt>
      <trkpt lat="42.750890" lon="-7.221860"><ele>785.9</ele></trkpt>
      <trkpt lat="42.750890" lon="-7.221920"><ele>785.1</ele></trkpt>
      <trkpt lat="42.750890" lon="-7.221970"><ele>784.5</ele></trkpt>
      <trkpt lat="42.750880" lon="-7.222030"><ele>783.6</ele></trkpt>
      <trkpt lat="42.750870" lon="-7.222070"><ele>782.9</ele></trkpt>
      <trkpt lat="42.750850" lon="-7.222130"><ele>782.0</ele></trkpt>
      <trkpt lat="42.750840" lon="-7.222190"><ele>781.1</ele></trkpt>
      <trkpt lat="42.750830" lon="-7.222250"><ele>780.3</ele></trkpt>
      <trkpt lat="42.750820" lon="-7.222290"><ele>779.5</ele></trkpt>
      <trkpt lat="42.750820" lon="-7.222350"><ele>778.8</ele></trkpt>
      <trkpt lat="42.750820" lon="-7.222400"><ele>778.2</ele></trkpt>
      <trkpt lat="42.750820" lon="-7.222450"><ele>777.6</ele></trkpt>
      <trkpt lat="42.750820" lon="-7.222520"><ele>777.1</ele></trkpt>
      <trkpt lat="42.750820" lon="-7.222580"><ele>776.6</ele></trkpt>
      <trkpt lat="42.750820" lon="-7.222640"><ele>776.2</ele></trkpt>
      <trkpt lat="42.750820" lon="-7.222690"><ele>775.8</ele></trkpt>
      <trkpt lat="42.750820" lon="-7.222740"><ele>775.4</ele></trkpt>
      <trkpt lat="42.750810" lon="-7.222800"><ele>774.7</ele></trkpt>
      <trkpt lat="42.750800" lon="-7.222850"><ele>774.3</ele></trkpt>
      <trkpt lat="42.750800" lon="-7.222900"><ele>773.9</ele></trkpt>
      <trkpt lat="42.750800" lon="-7.222950"><ele>773.4</ele></trkpt>
      <trkpt lat="42.750800" lon="-7.223010"><ele>773.1</ele></trkpt>
      <trkpt lat="42.750800" lon="-7.223060"><ele>772.7</ele></trkpt>
      <trkpt lat="42.750790" lon="-7.223110"><ele>772.3</ele></trkpt>
      <trkpt lat="42.750790" lon="-7.223170"><ele>771.8</ele></trkpt>
      <trkpt lat="42.750780" lon="-7.223220"><ele>771.2</ele></trkpt>
      <trkpt lat="42.750770" lon="-7.223280"><ele>770.6</ele></trkpt>
      <trkpt lat="42.750760" lon="-7.223330"><ele>769.9</ele></trkpt>
      <trkpt lat="42.750750" lon="-7.223390"><ele>769.4</ele></trkpt>
      <trkpt lat="42.750750" lon="-7.223450"><ele>769.1</ele></trkpt>
      <trkpt lat="42.750750" lon="-7.223510"><ele>768.7</ele></trkpt>
      <trkpt lat="42.750750" lon="-7.223560"><ele>768.4</ele></trkpt>
      <trkpt lat="42.750750" lon="-7.223610"><ele>768.1</ele></trkpt>
      <trkpt lat="42.750750" lon="-7.223670"><ele>767.7</ele></trkpt>
      <trkpt lat="42.750750" lon="-7.223730"><ele>767.4</ele></trkpt>
      <trkpt lat="42.750750" lon="-7.223780"><ele>767.1</ele></trkpt>
      <trkpt lat="42.750750" lon="-7.223830"><ele>766.8</ele></trkpt>
      <trkpt lat="42.750760" lon="-7.223870"><ele>766.8</ele></trkpt>
      <trkpt lat="42.750770" lon="-7.223920"><ele>766.5</ele></trkpt>
      <trkpt lat="42.750790" lon="-7.223970"><ele>766.7</ele></trkpt>
      <trkpt lat="42.750810" lon="-7.224010"><ele>766.9</ele></trkpt>
      <trkpt lat="42.750900" lon="-7.224190"><ele>767.3</ele></trkpt>
      <trkpt lat="42.750910" lon="-7.224230"><ele>767.1</ele></trkpt>
      <trkpt lat="42.750940" lon="-7.224280"><ele>767.2</ele></trkpt>
      <trkpt lat="42.750960" lon="-7.224330"><ele>767.1</ele></trkpt>
      <trkpt lat="42.750990" lon="-7.224370"><ele>767.2</ele></trkpt>
      <trkpt lat="42.751010" lon="-7.224410"><ele>767.0</ele></trkpt>
      <trkpt lat="42.751050" lon="-7.224450"><ele>767.0</ele></trkpt>
      <trkpt lat="42.751070" lon="-7.224490"><ele>767.0</ele></trkpt>
      <trkpt lat="42.751100" lon="-7.224540"><ele>766.8</ele></trkpt>
      <trkpt lat="42.751120" lon="-7.224580"><ele>766.5</ele></trkpt>
      <trkpt lat="42.751150" lon="-7.224620"><ele>766.4</ele></trkpt>
      <trkpt lat="42.751180" lon="-7.224660"><ele>766.3</ele></trkpt>
      <trkpt lat="42.751210" lon="-7.224720"><ele>765.9</ele></trkpt>
      <trkpt lat="42.751250" lon="-7.224760"><ele>765.7</ele></trkpt>
      <trkpt lat="42.751270" lon="-7.224810"><ele>765.3</ele></trkpt>
      <trkpt lat="42.751300" lon="-7.224850"><ele>764.9</ele></trkpt>
      <trkpt lat="42.751320" lon="-7.224890"><ele>764.4</ele></trkpt>
      <trkpt lat="42.751340" lon="-7.224950"><ele>763.4</ele></trkpt>
      <trkpt lat="42.751350" lon="-7.224980"><ele>763.0</ele></trkpt>
      <trkpt lat="42.751370" lon="-7.225030"><ele>762.3</ele></trkpt>
      <trkpt lat="42.751390" lon="-7.225080"><ele>761.6</ele></trkpt>
      <trkpt lat="42.751410" lon="-7.225130"><ele>760.9</ele></trkpt>
      <trkpt lat="42.751440" lon="-7.225180"><ele>760.2</ele></trkpt>
      <trkpt lat="42.751460" lon="-7.225220"><ele>759.6</ele></trkpt>
      <trkpt lat="42.751490" lon="-7.225250"><ele>759.3</ele></trkpt>
      <trkpt lat="42.751600" lon="-7.225340"><ele>758.7</ele></trkpt>
      <trkpt lat="42.751620" lon="-7.225350"><ele>758.7</ele></trkpt>
      <trkpt lat="42.751770" lon="-7.225450"><ele>758.0</ele></trkpt>
      <trkpt lat="42.751780" lon="-7.225460"><ele>757.9</ele></trkpt>
      <trkpt lat="42.751930" lon="-7.225580"><ele>756.6</ele></trkpt>
      <trkpt lat="42.751950" lon="-7.225590"><ele>756.6</ele></trkpt>
      <trkpt lat="42.752070" lon="-7.225640"><ele>756.6</ele></trkpt>
      <trkpt lat="42.752310" lon="-7.225800"><ele>754.2</ele></trkpt>
      <trkpt lat="42.752460" lon="-7.225850"><ele>753.6</ele></trkpt>
      <trkpt lat="42.752630" lon="-7.225930"><ele>752.4</ele></trkpt>
      <trkpt lat="42.752810" lon="-7.226020"><ele>750.2</ele></trkpt>
      <trkpt lat="42.752960" lon="-7.226080"><ele>748.5</ele></trkpt>
      <trkpt lat="42.753100" lon="-7.226140"><ele>747.0</ele></trkpt>
      <trkpt lat="42.753150" lon="-7.226140"><ele>747.2</ele></trkpt>
      <trkpt lat="42.753200" lon="-7.226140"><ele>747.4</ele></trkpt>
      <trkpt lat="42.753240" lon="-7.226150"><ele>747.4</ele></trkpt>
      <trkpt lat="42.753270" lon="-7.226150"><ele>747.4</ele></trkpt>
      <trkpt lat="42.753310" lon="-7.226170"><ele>747.3</ele></trkpt>
      <trkpt lat="42.753350" lon="-7.226180"><ele>747.2</ele></trkpt>
      <trkpt lat="42.753390" lon="-7.226190"><ele>747.0</ele></trkpt>
      <trkpt lat="42.753430" lon="-7.226220"><ele>746.6</ele></trkpt>
      <trkpt lat="42.753460" lon="-7.226230"><ele>746.5</ele></trkpt>
      <trkpt lat="42.753500" lon="-7.226240"><ele>746.5</ele></trkpt>
      <trkpt lat="42.753540" lon="-7.226250"><ele>746.5</ele></trkpt>
      <trkpt lat="42.753570" lon="-7.226270"><ele>746.0</ele></trkpt>
      <trkpt lat="42.753600" lon="-7.226300"><ele>745.6</ele></trkpt>
      <trkpt lat="42.753630" lon="-7.226330"><ele>745.2</ele></trkpt>
      <trkpt lat="42.753660" lon="-7.226370"><ele>744.7</ele></trkpt>
      <trkpt lat="42.753690" lon="-7.226400"><ele>744.2</ele></trkpt>
      <trkpt lat="42.753710" lon="-7.226430"><ele>743.7</ele></trkpt>
      <trkpt lat="42.753840" lon="-7.226650"><ele>740.4</ele></trkpt>
      <trkpt lat="42.753920" lon="-7.226820"><ele>737.7</ele></trkpt>
      <trkpt lat="42.754020" lon="-7.227030"><ele>734.2</ele></trkpt>
      <trkpt lat="42.754110" lon="-7.227180"><ele>731.9</ele></trkpt>
      <trkpt lat="42.754220" lon="-7.227390"><ele>728.4</ele></trkpt>
      <trkpt lat="42.754290" lon="-7.227510"><ele>726.5</ele></trkpt>
      <trkpt lat="42.754400" lon="-7.227690"><ele>723.5</ele></trkpt>
      <trkpt lat="42.754400" lon="-7.227690"><ele>723.6</ele></trkpt>
      <trkpt lat="42.754490" lon="-7.227800"><ele>721.7</ele></trkpt>
      <trkpt lat="42.754550" lon="-7.227880"><ele>720.5</ele></trkpt>
      <trkpt lat="42.754640" lon="-7.228050"><ele>717.5</ele></trkpt>
      <trkpt lat="42.754640" lon="-7.228060"><ele>717.2</ele></trkpt>
      <trkpt lat="42.754740" lon="-7.228190"><ele>715.1</ele></trkpt>
      <trkpt lat="42.754860" lon="-7.228320"><ele>713.5</ele></trkpt>
      <trkpt lat="42.755010" lon="-7.228420"><ele>712.1</ele></trkpt>
      <trkpt lat="42.755150" lon="-7.228520"><ele>710.3</ele></trkpt>
      <trkpt lat="42.755280" lon="-7.228730"><ele>706.5</ele></trkpt>
      <trkpt lat="42.755310" lon="-7.228760"><ele>706.1</ele></trkpt>
      <trkpt lat="42.755340" lon="-7.228800"><ele>705.3</ele></trkpt>
      <trkpt lat="42.755370" lon="-7.228840"><ele>704.6</ele></trkpt>
      <trkpt lat="42.755400" lon="-7.228890"><ele>703.8</ele></trkpt>
      <trkpt lat="42.755440" lon="-7.228940"><ele>703.1</ele></trkpt>
      <trkpt lat="42.755460" lon="-7.228980"><ele>702.6</ele></trkpt>
      <trkpt lat="42.755500" lon="-7.229020"><ele>702.1</ele></trkpt>
      <trkpt lat="42.755520" lon="-7.229060"><ele>701.5</ele></trkpt>
      <trkpt lat="42.755550" lon="-7.229100"><ele>701.0</ele></trkpt>
      <trkpt lat="42.755570" lon="-7.229150"><ele>700.3</ele></trkpt>
      <trkpt lat="42.755590" lon="-7.229210"><ele>699.6</ele></trkpt>
      <trkpt lat="42.755600" lon="-7.229260"><ele>698.9</ele></trkpt>
      <trkpt lat="42.755610" lon="-7.229310"><ele>698.3</ele></trkpt>
      <trkpt lat="42.755620" lon="-7.229370"><ele>697.5</ele></trkpt>
      <trkpt lat="42.755640" lon="-7.229420"><ele>697.0</ele></trkpt>
      <trkpt lat="42.755650" lon="-7.229460"><ele>696.7</ele></trkpt>
      <trkpt lat="42.755660" lon="-7.229520"><ele>696.4</ele></trkpt>
      <trkpt lat="42.755660" lon="-7.229570"><ele>696.0</ele></trkpt>
      <trkpt lat="42.755660" lon="-7.229630"><ele>695.6</ele></trkpt>
      <trkpt lat="42.755660" lon="-7.229680"><ele>695.1</ele></trkpt>
      <trkpt lat="42.755660" lon="-7.229740"><ele>694.7</ele></trkpt>
      <trkpt lat="42.755660" lon="-7.229800"><ele>694.3</ele></trkpt>
      <trkpt lat="42.755660" lon="-7.229850"><ele>693.8</ele></trkpt>
      <trkpt lat="42.755660" lon="-7.229910"><ele>693.6</ele></trkpt>
      <trkpt lat="42.755660" lon="-7.229970"><ele>693.4</ele></trkpt>
      <trkpt lat="42.755660" lon="-7.230020"><ele>693.2</ele></trkpt>
      <trkpt lat="42.755660" lon="-7.230080"><ele>692.9</ele></trkpt>
      <trkpt lat="42.755670" lon="-7.230120"><ele>692.9</ele></trkpt>
      <trkpt lat="42.755700" lon="-7.230180"><ele>693.0</ele></trkpt>
      <trkpt lat="42.755720" lon="-7.230220"><ele>693.0</ele></trkpt>
      <trkpt lat="42.755730" lon="-7.230270"><ele>693.0</ele></trkpt>
      <trkpt lat="42.755760" lon="-7.230310"><ele>693.2</ele></trkpt>
      <trkpt lat="42.755790" lon="-7.230350"><ele>693.4</ele></trkpt>
      <trkpt lat="42.755810" lon="-7.230410"><ele>693.5</ele></trkpt>
      <trkpt lat="42.755820" lon="-7.230450"><ele>693.6</ele></trkpt>
      <trkpt lat="42.755840" lon="-7.230500"><ele>693.7</ele></trkpt>
      <trkpt lat="42.755850" lon="-7.230570"><ele>693.6</ele></trkpt>
      <trkpt lat="42.755850" lon="-7.230630"><ele>693.5</ele></trkpt>
      <trkpt lat="42.755850" lon="-7.230680"><ele>693.3</ele></trkpt>
      <trkpt lat="42.755850" lon="-7.230740"><ele>693.2</ele></trkpt>
      <trkpt lat="42.755850" lon="-7.230800"><ele>693.2</ele></trkpt>
      <trkpt lat="42.755840" lon="-7.230850"><ele>693.3</ele></trkpt>
      <trkpt lat="42.755830" lon="-7.230910"><ele>693.4</ele></trkpt>
      <trkpt lat="42.755800" lon="-7.230950"><ele>693.1</ele></trkpt>
      <trkpt lat="42.755780" lon="-7.230990"><ele>693.0</ele></trkpt>
      <trkpt lat="42.755760" lon="-7.231040"><ele>692.8</ele></trkpt>
      <trkpt lat="42.755730" lon="-7.231090"><ele>692.6</ele></trkpt>
      <trkpt lat="42.755710" lon="-7.231140"><ele>692.4</ele></trkpt>
      <trkpt lat="42.755690" lon="-7.231180"><ele>692.2</ele></trkpt>
      <trkpt lat="42.755660" lon="-7.231220"><ele>692.0</ele></trkpt>
      <trkpt lat="42.755640" lon="-7.231260"><ele>691.8</ele></trkpt>
      <trkpt lat="42.755620" lon="-7.231310"><ele>691.5</ele></trkpt>
      <trkpt lat="42.755610" lon="-7.231360"><ele>691.5</ele></trkpt>
      <trkpt lat="42.755600" lon="-7.231410"><ele>691.5</ele></trkpt>
      <trkpt lat="42.755600" lon="-7.231470"><ele>691.6</ele></trkpt>
      <trkpt lat="42.755600" lon="-7.231530"><ele>691.7</ele></trkpt>
      <trkpt lat="42.755600" lon="-7.231600"><ele>691.9</ele></trkpt>
      <trkpt lat="42.755610" lon="-7.231650"><ele>692.1</ele></trkpt>
      <trkpt lat="42.755620" lon="-7.231700"><ele>692.4</ele></trkpt>
      <trkpt lat="42.755630" lon="-7.231760"><ele>692.5</ele></trkpt>
      <trkpt lat="42.755640" lon="-7.231820"><ele>692.5</ele></trkpt>
      <trkpt lat="42.755640" lon="-7.231890"><ele>692.5</ele></trkpt>
      <trkpt lat="42.755650" lon="-7.231940"><ele>692.5</ele></trkpt>
      <trkpt lat="42.755650" lon="-7.231990"><ele>692.5</ele></trkpt>
      <trkpt lat="42.755690" lon="-7.232140"><ele>692.9</ele></trkpt>
      <trkpt lat="42.755750" lon="-7.232340"><ele>693.6</ele></trkpt>
      <trkpt lat="42.755820" lon="-7.232570"><ele>694.6</ele></trkpt>
      <trkpt lat="42.755860" lon="-7.232770"><ele>694.9</ele></trkpt>
      <trkpt lat="42.755890" lon="-7.232930"><ele>695.2</ele></trkpt>
      <trkpt lat="42.755890" lon="-7.232950"><ele>695.2</ele></trkpt>
      <trkpt lat="42.755960" lon="-7.233150"><ele>695.9</ele></trkpt>
      <trkpt lat="42.755980" lon="-7.233200"><ele>696.3</ele></trkpt>
      <trkpt lat="42.756000" lon="-7.233250"><ele>696.3</ele></trkpt>
      <trkpt lat="42.756020" lon="-7.233290"><ele>696.6</ele></trkpt>
      <trkpt lat="42.756050" lon="-7.233330"><ele>697.0</ele></trkpt>
      <trkpt lat="42.756070" lon="-7.233370"><ele>697.4</ele></trkpt>
      <trkpt lat="42.756100" lon="-7.233410"><ele>697.7</ele></trkpt>
      <trkpt lat="42.756110" lon="-7.233460"><ele>697.9</ele></trkpt>
      <trkpt lat="42.756130" lon="-7.233500"><ele>698.0</ele></trkpt>
      <trkpt lat="42.756140" lon="-7.233550"><ele>698.1</ele></trkpt>
      <trkpt lat="42.756150" lon="-7.233600"><ele>697.9</ele></trkpt>
      <trkpt lat="42.756150" lon="-7.233660"><ele>697.5</ele></trkpt>
      <trkpt lat="42.756160" lon="-7.233710"><ele>697.3</ele></trkpt>
      <trkpt lat="42.756160" lon="-7.233770"><ele>696.8</ele></trkpt>
      <trkpt lat="42.756160" lon="-7.233820"><ele>696.4</ele></trkpt>
      <trkpt lat="42.756160" lon="-7.233900"><ele>695.8</ele></trkpt>
      <trkpt lat="42.756160" lon="-7.233950"><ele>695.3</ele></trkpt>
      <trkpt lat="42.756160" lon="-7.234010"><ele>694.9</ele></trkpt>
      <trkpt lat="42.756160" lon="-7.234070"><ele>694.5</ele></trkpt>
      <trkpt lat="42.756160" lon="-7.234120"><ele>694.2</ele></trkpt>
      <trkpt lat="42.756160" lon="-7.234180"><ele>693.9</ele></trkpt>
      <trkpt lat="42.756160" lon="-7.234240"><ele>693.5</ele></trkpt>
      <trkpt lat="42.756160" lon="-7.234310"><ele>693.2</ele></trkpt>
      <trkpt lat="42.756160" lon="-7.234370"><ele>692.8</ele></trkpt>
      <trkpt lat="42.756160" lon="-7.234430"><ele>692.4</ele></trkpt>
      <trkpt lat="42.756160" lon="-7.234480"><ele>692.2</ele></trkpt>
      <trkpt lat="42.756160" lon="-7.234530"><ele>691.9</ele></trkpt>
      <trkpt lat="42.756160" lon="-7.234600"><ele>691.7</ele></trkpt>
      <trkpt lat="42.756160" lon="-7.234660"><ele>691.4</ele></trkpt>
      <trkpt lat="42.756160" lon="-7.234710"><ele>691.2</ele></trkpt>
      <trkpt lat="42.756160" lon="-7.234770"><ele>690.9</ele></trkpt>
      <trkpt lat="42.756160" lon="-7.234820"><ele>690.7</ele></trkpt>
      <trkpt lat="42.756160" lon="-7.234880"><ele>690.4</ele></trkpt>
      <trkpt lat="42.756160" lon="-7.234930"><ele>690.2</ele></trkpt>
      <trkpt lat="42.756160" lon="-7.234990"><ele>689.8</ele></trkpt>
      <trkpt lat="42.756160" lon="-7.235050"><ele>689.5</ele></trkpt>
      <trkpt lat="42.756160" lon="-7.235120"><ele>689.0</ele></trkpt>
      <trkpt lat="42.756160" lon="-7.235190"><ele>688.6</ele></trkpt>
      <trkpt lat="42.756160" lon="-7.235250"><ele>688.2</ele></trkpt>
      <trkpt lat="42.756160" lon="-7.235310"><ele>687.9</ele></trkpt>
      <trkpt lat="42.756160" lon="-7.235360"><ele>687.5</ele></trkpt>
      <trkpt lat="42.756150" lon="-7.235420"><ele>686.9</ele></trkpt>
      <trkpt lat="42.756150" lon="-7.235470"><ele>686.5</ele></trkpt>
      <trkpt lat="42.756140" lon="-7.235520"><ele>686.0</ele></trkpt>
      <trkpt lat="42.756130" lon="-7.235560"><ele>685.4</ele></trkpt>
      <trkpt lat="42.756100" lon="-7.235580"><ele>684.7</ele></trkpt>
      <trkpt lat="42.756060" lon="-7.235580"><ele>683.8</ele></trkpt>
      <trkpt lat="42.756020" lon="-7.235580"><ele>682.8</ele></trkpt>
      <trkpt lat="42.755980" lon="-7.235580"><ele>681.8</ele></trkpt>
      <trkpt lat="42.755940" lon="-7.235580"><ele>680.9</ele></trkpt>
      <trkpt lat="42.755900" lon="-7.235570"><ele>680.0</ele></trkpt>
      <trkpt lat="42.755860" lon="-7.235560"><ele>679.6</ele></trkpt>
      <trkpt lat="42.755820" lon="-7.235560"><ele>679.1</ele></trkpt>
      <trkpt lat="42.755780" lon="-7.235550"><ele>678.7</ele></trkpt>
      <trkpt lat="42.755750" lon="-7.235550"><ele>678.2</ele></trkpt>
      <trkpt lat="42.755710" lon="-7.235540"><ele>677.8</ele></trkpt>
      <trkpt lat="42.755670" lon="-7.235530"><ele>677.3</ele></trkpt>
      <trkpt lat="42.755640" lon="-7.235510"><ele>677.1</ele></trkpt>
      <trkpt lat="42.755610" lon="-7.235500"><ele>676.7</ele></trkpt>
      <trkpt lat="42.755570" lon="-7.235490"><ele>676.3</ele></trkpt>
      <trkpt lat="42.755530" lon="-7.235480"><ele>675.8</ele></trkpt>
      <trkpt lat="42.755490" lon="-7.235480"><ele>675.2</ele></trkpt>
      <trkpt lat="42.755450" lon="-7.235480"><ele>674.7</ele></trkpt>
      <trkpt lat="42.755480" lon="-7.235560"><ele>674.9</ele></trkpt>
      <trkpt lat="42.755540" lon="-7.235570"><ele>675.5</ele></trkpt>
      <trkpt lat="42.755580" lon="-7.235580"><ele>676.0</ele></trkpt>
      <trkpt lat="42.755620" lon="-7.235610"><ele>676.4</ele></trkpt>
      <trkpt lat="42.755680" lon="-7.235610"><ele>677.1</ele></trkpt>
      <trkpt lat="42.755760" lon="-7.235620"><ele>678.0</ele></trkpt>
      <trkpt lat="42.755810" lon="-7.235630"><ele>678.6</ele></trkpt>
      <trkpt lat="42.755860" lon="-7.235640"><ele>679.2</ele></trkpt>
      <trkpt lat="42.755910" lon="-7.235660"><ele>679.8</ele></trkpt>
      <trkpt lat="42.755980" lon="-7.235670"><ele>681.3</ele></trkpt>
      <trkpt lat="42.756040" lon="-7.235670"><ele>682.6</ele></trkpt>
      <trkpt lat="42.756090" lon="-7.235680"><ele>683.8</ele></trkpt>
      <trkpt lat="42.756110" lon="-7.235740"><ele>684.0</ele></trkpt>
      <trkpt lat="42.756110" lon="-7.235820"><ele>683.4</ele></trkpt>
      <trkpt lat="42.756120" lon="-7.235900"><ele>683.0</ele></trkpt>
      <trkpt lat="42.756120" lon="-7.235990"><ele>682.5</ele></trkpt>
      <trkpt lat="42.756120" lon="-7.236060"><ele>682.1</ele></trkpt>
      <trkpt lat="42.756120" lon="-7.236130"><ele>681.7</ele></trkpt>
      <trkpt lat="42.756120" lon="-7.236220"><ele>681.2</ele></trkpt>
      <trkpt lat="42.756120" lon="-7.236290"><ele>680.8</ele></trkpt>
      <trkpt lat="42.756130" lon="-7.236390"><ele>680.3</ele></trkpt>
      <trkpt lat="42.756130" lon="-7.236460"><ele>679.9</ele></trkpt>
      <trkpt lat="42.756130" lon="-7.236540"><ele>679.4</ele></trkpt>
      <trkpt lat="42.756130" lon="-7.236620"><ele>678.9</ele></trkpt>
      <trkpt lat="42.756130" lon="-7.236700"><ele>678.4</ele></trkpt>
      <trkpt lat="42.756130" lon="-7.236770"><ele>678.0</ele></trkpt>
      <trkpt lat="42.756130" lon="-7.236860"><ele>677.6</ele></trkpt>
      <trkpt lat="42.756130" lon="-7.236930"><ele>677.3</ele></trkpt>
      <trkpt lat="42.756130" lon="-7.237010"><ele>676.9</ele></trkpt>
      <trkpt lat="42.756130" lon="-7.237100"><ele>676.6</ele></trkpt>
      <trkpt lat="42.756130" lon="-7.237180"><ele>676.3</ele></trkpt>
      <trkpt lat="42.756130" lon="-7.237250"><ele>675.9</ele></trkpt>
      <trkpt lat="42.756130" lon="-7.237330"><ele>675.7</ele></trkpt>
      <trkpt lat="42.756120" lon="-7.237400"><ele>675.3</ele></trkpt>
      <trkpt lat="42.756110" lon="-7.237490"><ele>674.9</ele></trkpt>
      <trkpt lat="42.756110" lon="-7.237570"><ele>674.6</ele></trkpt>
      <trkpt lat="42.756100" lon="-7.237650"><ele>674.2</ele></trkpt>
      <trkpt lat="42.756090" lon="-7.237720"><ele>673.8</ele></trkpt>
      <trkpt lat="42.756080" lon="-7.237790"><ele>673.5</ele></trkpt>
      <trkpt lat="42.756070" lon="-7.237870"><ele>673.1</ele></trkpt>
      <trkpt lat="42.756070" lon="-7.237940"><ele>673.0</ele></trkpt>
      <trkpt lat="42.756070" lon="-7.238020"><ele>672.9</ele></trkpt>
      <trkpt lat="42.756070" lon="-7.238100"><ele>672.7</ele></trkpt>
      <trkpt lat="42.756050" lon="-7.238180"><ele>672.4</ele></trkpt>
      <trkpt lat="42.756050" lon="-7.238250"><ele>672.2</ele></trkpt>
      <trkpt lat="42.756050" lon="-7.238340"><ele>672.0</ele></trkpt>
      <trkpt lat="42.756050" lon="-7.238430"><ele>671.8</ele></trkpt>
      <trkpt lat="42.756050" lon="-7.238500"><ele>671.6</ele></trkpt>
      <trkpt lat="42.756040" lon="-7.238580"><ele>671.4</ele></trkpt>
      <trkpt lat="42.756040" lon="-7.238670"><ele>671.2</ele></trkpt>
      <trkpt lat="42.756040" lon="-7.238750"><ele>671.1</ele></trkpt>
      <trkpt lat="42.756040" lon="-7.238820"><ele>670.9</ele></trkpt>
      <trkpt lat="42.756040" lon="-7.238920"><ele>670.7</ele></trkpt>
      <trkpt lat="42.756040" lon="-7.239010"><ele>670.6</ele></trkpt>
      <trkpt lat="42.756040" lon="-7.239080"><ele>670.4</ele></trkpt>
      <trkpt lat="42.756040" lon="-7.239160"><ele>670.2</ele></trkpt>
      <trkpt lat="42.756030" lon="-7.239250"><ele>669.9</ele></trkpt>
      <trkpt lat="42.756030" lon="-7.239320"><ele>669.6</ele></trkpt>
      <trkpt lat="42.756030" lon="-7.239390"><ele>669.4</ele></trkpt>
      <trkpt lat="42.756030" lon="-7.239500"><ele>669.0</ele></trkpt>
      <trkpt lat="42.756020" lon="-7.239580"><ele>668.7</ele></trkpt>
      <trkpt lat="42.756010" lon="-7.239680"><ele>668.4</ele></trkpt>
      <trkpt lat="42.756000" lon="-7.239760"><ele>668.1</ele></trkpt>
      <trkpt lat="42.755970" lon="-7.239840"><ele>667.7</ele></trkpt>
      <trkpt lat="42.755970" lon="-7.239920"><ele>667.5</ele></trkpt>
      <trkpt lat="42.755970" lon="-7.240010"><ele>667.2</ele></trkpt>
      <trkpt lat="42.755960" lon="-7.240040"><ele>667.1</ele></trkpt>
      <trkpt lat="42.755950" lon="-7.240170"><ele>667.1</ele></trkpt>
      <trkpt lat="42.755950" lon="-7.240250"><ele>667.1</ele></trkpt>
      <trkpt lat="42.755950" lon="-7.240330"><ele>667.2</ele></trkpt>
      <trkpt lat="42.755950" lon="-7.240400"><ele>667.2</ele></trkpt>
      <trkpt lat="42.755940" lon="-7.240550"><ele>667.1</ele></trkpt>
      <trkpt lat="42.755930" lon="-7.240720"><ele>667.0</ele></trkpt>
      <trkpt lat="42.755930" lon="-7.240940"><ele>667.0</ele></trkpt>
      <trkpt lat="42.755920" lon="-7.241170"><ele>666.4</ele></trkpt>
      <trkpt lat="42.755910" lon="-7.241350"><ele>665.9</ele></trkpt>
      <trkpt lat="42.755910" lon="-7.241370"><ele>665.8</ele></trkpt>
      <trkpt lat="42.755900" lon="-7.241600"><ele>664.8</ele></trkpt>
      <trkpt lat="42.755800" lon="-7.241880"><ele>663.0</ele></trkpt>
      <trkpt lat="42.755690" lon="-7.242180"><ele>661.1</ele></trkpt>
      <trkpt lat="42.755610" lon="-7.242400"><ele>660.0</ele></trkpt>
      <trkpt lat="42.755520" lon="-7.242670"><ele>659.1</ele></trkpt>
      <trkpt lat="42.755430" lon="-7.242870"><ele>658.5</ele></trkpt>
      <trkpt lat="42.755350" lon="-7.243070"><ele>658.1</ele></trkpt>
      <trkpt lat="42.755280" lon="-7.243230"><ele>657.8</ele></trkpt>
      <trkpt lat="42.755230" lon="-7.243350"><ele>657.8</ele></trkpt>
      <trkpt lat="42.755190" lon="-7.243420"><ele>657.7</ele></trkpt>
      <trkpt lat="42.755110" lon="-7.243570"><ele>657.7</ele></trkpt>
      <trkpt lat="42.755200" lon="-7.243700"><ele>657.7</ele></trkpt>
      <trkpt lat="42.755300" lon="-7.243710"><ele>657.9</ele></trkpt>
      <trkpt lat="42.755370" lon="-7.243750"><ele>658.0</ele></trkpt>
      <trkpt lat="42.755420" lon="-7.243790"><ele>658.2</ele></trkpt>
      <trkpt lat="42.755480" lon="-7.243800"><ele>658.2</ele></trkpt>
      <trkpt lat="42.755520" lon="-7.243820"><ele>658.3</ele></trkpt>
      <trkpt lat="42.755570" lon="-7.243820"><ele>658.3</ele></trkpt>
      <trkpt lat="42.755630" lon="-7.243820"><ele>658.4</ele></trkpt>
      <trkpt lat="42.755690" lon="-7.243800"><ele>658.3</ele></trkpt>
      <trkpt lat="42.755740" lon="-7.243790"><ele>658.3</ele></trkpt>
      <trkpt lat="42.755790" lon="-7.243760"><ele>658.2</ele></trkpt>
      <trkpt lat="42.755840" lon="-7.243740"><ele>658.1</ele></trkpt>
      <trkpt lat="42.755870" lon="-7.243690"><ele>657.9</ele></trkpt>
      <trkpt lat="42.755930" lon="-7.243670"><ele>657.7</ele></trkpt>
      <trkpt lat="42.755980" lon="-7.243670"><ele>657.4</ele></trkpt>
      <trkpt lat="42.756000" lon="-7.243670"><ele>657.2</ele></trkpt>
      <trkpt lat="42.756140" lon="-7.243700"><ele>656.5</ele></trkpt>
      <trkpt lat="42.756270" lon="-7.243770"><ele>656.0</ele></trkpt>
      <trkpt lat="42.756450" lon="-7.243850"><ele>655.6</ele></trkpt>
      <trkpt lat="42.756690" lon="-7.243940"><ele>655.3</ele></trkpt>
      <trkpt lat="42.756990" lon="-7.244070"><ele>656.1</ele></trkpt>
      <trkpt lat="42.757320" lon="-7.244170"><ele>657.7</ele></trkpt>
      <trkpt lat="42.757320" lon="-7.244170"><ele>657.7</ele></trkpt>
      <trkpt lat="42.757530" lon="-7.244200"><ele>658.4</ele></trkpt>
      <trkpt lat="42.757670" lon="-7.244290"><ele>660.4</ele></trkpt>
      <trkpt lat="42.757850" lon="-7.244450"><ele>663.4</ele></trkpt>
      <trkpt lat="42.758080" lon="-7.244620"><ele>666.0</ele></trkpt>
      <trkpt lat="42.758320" lon="-7.244860"><ele>669.0</ele></trkpt>
      <trkpt lat="42.758490" lon="-7.245020"><ele>669.9</ele></trkpt>
      <trkpt lat="42.758700" lon="-7.245240"><ele>671.3</ele></trkpt>
      <trkpt lat="42.758980" lon="-7.245440"><ele>671.2</ele></trkpt>
      <trkpt lat="42.759170" lon="-7.245640"><ele>672.5</ele></trkpt>
      <trkpt lat="42.759310" lon="-7.245780"><ele>674.7</ele></trkpt>
      <trkpt lat="42.759520" lon="-7.245950"><ele>676.4</ele></trkpt>
      <trkpt lat="42.759760" lon="-7.246060"><ele>676.7</ele></trkpt>
      <trkpt lat="42.759890" lon="-7.246210"><ele>679.3</ele></trkpt>
      <trkpt lat="42.759950" lon="-7.246240"><ele>679.6</ele></trkpt>
      <trkpt lat="42.760000" lon="-7.246300"><ele>680.5</ele></trkpt>
      <trkpt lat="42.760040" lon="-7.246350"><ele>681.2</ele></trkpt>
      <trkpt lat="42.760080" lon="-7.246400"><ele>681.7</ele></trkpt>
      <trkpt lat="42.760170" lon="-7.246500"><ele>683.0</ele></trkpt>
      <trkpt lat="42.760240" lon="-7.246600"><ele>684.3</ele></trkpt>
      <trkpt lat="42.760290" lon="-7.246660"><ele>684.8</ele></trkpt>
      <trkpt lat="42.760330" lon="-7.246710"><ele>685.1</ele></trkpt>
      <trkpt lat="42.760430" lon="-7.246900"><ele>687.0</ele></trkpt>
      <trkpt lat="42.760470" lon="-7.246970"><ele>687.2</ele></trkpt>
      <trkpt lat="42.760500" lon="-7.247060"><ele>688.2</ele></trkpt>
      <trkpt lat="42.760520" lon="-7.247130"><ele>689.1</ele></trkpt>
      <trkpt lat="42.760530" lon="-7.247210"><ele>690.4</ele></trkpt>
      <trkpt lat="42.760550" lon="-7.247310"><ele>691.7</ele></trkpt>
      <trkpt lat="42.760590" lon="-7.247420"><ele>692.8</ele></trkpt>
      <trkpt lat="42.760600" lon="-7.247490"><ele>694.0</ele></trkpt>
      <trkpt lat="42.760640" lon="-7.247570"><ele>694.8</ele></trkpt>
      <trkpt lat="42.760670" lon="-7.247640"><ele>695.6</ele></trkpt>
      <trkpt lat="42.760700" lon="-7.247700"><ele>696.1</ele></trkpt>
      <trkpt lat="42.760740" lon="-7.247760"><ele>696.3</ele></trkpt>
      <trkpt lat="42.760770" lon="-7.247820"><ele>696.8</ele></trkpt>
      <trkpt lat="42.760780" lon="-7.247890"><ele>697.8</ele></trkpt>
      <trkpt lat="42.760820" lon="-7.247990"><ele>698.9</ele></trkpt>
      <trkpt lat="42.760850" lon="-7.248060"><ele>699.8</ele></trkpt>
      <trkpt lat="42.760900" lon="-7.248120"><ele>700.0</ele></trkpt>
      <trkpt lat="42.760970" lon="-7.248200"><ele>699.5</ele></trkpt>
      <trkpt lat="42.761020" lon="-7.248240"><ele>699.2</ele></trkpt>
      <trkpt lat="42.761060" lon="-7.248290"><ele>699.3</ele></trkpt>
      <trkpt lat="42.761110" lon="-7.248350"><ele>699.2</ele></trkpt>
      <trkpt lat="42.761160" lon="-7.248390"><ele>699.1</ele></trkpt>
      <trkpt lat="42.761200" lon="-7.248430"><ele>699.6</ele></trkpt>
      <trkpt lat="42.761270" lon="-7.248540"><ele>701.0</ele></trkpt>
      <trkpt lat="42.761300" lon="-7.248600"><ele>702.0</ele></trkpt>
      <trkpt lat="42.761360" lon="-7.248610"><ele>701.1</ele></trkpt>
      <trkpt lat="42.761410" lon="-7.248630"><ele>700.2</ele></trkpt>
      <trkpt lat="42.761460" lon="-7.248660"><ele>699.7</ele></trkpt>
      <trkpt lat="42.761510" lon="-7.248690"><ele>700.2</ele></trkpt>
      <trkpt lat="42.761560" lon="-7.248700"><ele>700.0</ele></trkpt>
      <trkpt lat="42.761610" lon="-7.248750"><ele>700.6</ele></trkpt>
      <trkpt lat="42.761670" lon="-7.248750"><ele>700.1</ele></trkpt>
      <trkpt lat="42.761730" lon="-7.248770"><ele>699.7</ele></trkpt>
      <trkpt lat="42.761790" lon="-7.248780"><ele>699.2</ele></trkpt>
      <trkpt lat="42.761850" lon="-7.248790"><ele>698.6</ele></trkpt>
      <trkpt lat="42.761910" lon="-7.248800"><ele>698.3</ele></trkpt>
      <trkpt lat="42.761990" lon="-7.248840"><ele>699.4</ele></trkpt>
      <trkpt lat="42.762040" lon="-7.248870"><ele>700.0</ele></trkpt>
      <trkpt lat="42.762090" lon="-7.248880"><ele>700.2</ele></trkpt>
      <trkpt lat="42.762150" lon="-7.248900"><ele>700.8</ele></trkpt>
      <trkpt lat="42.762210" lon="-7.248910"><ele>700.9</ele></trkpt>
      <trkpt lat="42.762270" lon="-7.248910"><ele>700.8</ele></trkpt>
      <trkpt lat="42.762330" lon="-7.248920"><ele>700.9</ele></trkpt>
      <trkpt lat="42.762390" lon="-7.248920"><ele>700.7</ele></trkpt>
      <trkpt lat="42.762460" lon="-7.248920"><ele>700.4</ele></trkpt>
      <trkpt lat="42.762530" lon="-7.248930"><ele>700.4</ele></trkpt>
      <trkpt lat="42.762590" lon="-7.248930"><ele>700.1</ele></trkpt>
      <trkpt lat="42.762650" lon="-7.248930"><ele>699.8</ele></trkpt>
      <trkpt lat="42.762710" lon="-7.248930"><ele>699.5</ele></trkpt>
      <trkpt lat="42.762770" lon="-7.248940"><ele>699.4</ele></trkpt>
      <trkpt lat="42.762840" lon="-7.248960"><ele>699.3</ele></trkpt>
      <trkpt lat="42.762900" lon="-7.248960"><ele>698.9</ele></trkpt>
      <trkpt lat="42.762960" lon="-7.248970"><ele>698.6</ele></trkpt>
      <trkpt lat="42.763020" lon="-7.248980"><ele>698.3</ele></trkpt>
      <trkpt lat="42.763070" lon="-7.248990"><ele>698.0</ele></trkpt>
      <trkpt lat="42.763130" lon="-7.249000"><ele>697.8</ele></trkpt>
      <trkpt lat="42.763180" lon="-7.249030"><ele>697.7</ele></trkpt>
      <trkpt lat="42.763250" lon="-7.249080"><ele>697.5</ele></trkpt>
      <trkpt lat="42.763310" lon="-7.249090"><ele>697.3</ele></trkpt>
      <trkpt lat="42.763370" lon="-7.249130"><ele>697.9</ele></trkpt>
      <trkpt lat="42.763420" lon="-7.249130"><ele>698.2</ele></trkpt>
      <trkpt lat="42.763470" lon="-7.249160"><ele>698.6</ele></trkpt>
      <trkpt lat="42.763520" lon="-7.249220"><ele>699.0</ele></trkpt>
      <trkpt lat="42.763570" lon="-7.249270"><ele>699.2</ele></trkpt>
      <trkpt lat="42.763620" lon="-7.249310"><ele>699.6</ele></trkpt>
      <trkpt lat="42.763670" lon="-7.249350"><ele>700.1</ele></trkpt>
      <trkpt lat="42.763720" lon="-7.249380"><ele>700.4</ele></trkpt>
      <trkpt lat="42.763760" lon="-7.249410"><ele>700.7</ele></trkpt>
      <trkpt lat="42.763790" lon="-7.249470"><ele>701.2</ele></trkpt>
      <trkpt lat="42.763830" lon="-7.249530"><ele>701.7</ele></trkpt>
      <trkpt lat="42.763880" lon="-7.249560"><ele>701.8</ele></trkpt>
      <trkpt lat="42.763940" lon="-7.249580"><ele>701.8</ele></trkpt>
      <trkpt lat="42.763990" lon="-7.249600"><ele>701.7</ele></trkpt>
      <trkpt lat="42.764060" lon="-7.249600"><ele>701.6</ele></trkpt>
      <trkpt lat="42.764110" lon="-7.249610"><ele>701.4</ele></trkpt>
      <trkpt lat="42.764170" lon="-7.249610"><ele>701.2</ele></trkpt>
      <trkpt lat="42.764230" lon="-7.249620"><ele>701.2</ele></trkpt>
      <trkpt lat="42.764280" lon="-7.249640"><ele>702.4</ele></trkpt>
      <trkpt lat="42.764350" lon="-7.249670"><ele>703.9</ele></trkpt>
      <trkpt lat="42.764400" lon="-7.249730"><ele>704.8</ele></trkpt>
      <trkpt lat="42.764450" lon="-7.249770"><ele>705.9</ele></trkpt>
      <trkpt lat="42.764500" lon="-7.249800"><ele>706.9</ele></trkpt>
      <trkpt lat="42.764550" lon="-7.249850"><ele>708.0</ele></trkpt>
      <trkpt lat="42.764560" lon="-7.249880"><ele>708.2</ele></trkpt>
      <trkpt lat="42.764670" lon="-7.250070"><ele>709.8</ele></trkpt>
      <trkpt lat="42.764810" lon="-7.250390"><ele>711.3</ele></trkpt>
      <trkpt lat="42.764970" lon="-7.250680"><ele>712.1</ele></trkpt>
      <trkpt lat="42.765080" lon="-7.250900"><ele>712.0</ele></trkpt>
      <trkpt lat="42.765110" lon="-7.251030"><ele>711.2</ele></trkpt>
      <trkpt lat="42.765130" lon="-7.251090"><ele>710.9</ele></trkpt>
      <trkpt lat="42.765150" lon="-7.251090"><ele>711.0</ele></trkpt>
      <trkpt lat="42.765190" lon="-7.251140"><ele>711.4</ele></trkpt>
      <trkpt lat="42.765220" lon="-7.251200"><ele>711.4</ele></trkpt>
      <trkpt lat="42.765240" lon="-7.251260"><ele>711.3</ele></trkpt>
      <trkpt lat="42.765270" lon="-7.251370"><ele>710.5</ele></trkpt>
      <trkpt lat="42.765300" lon="-7.251450"><ele>710.2</ele></trkpt>
      <trkpt lat="42.765320" lon="-7.251560"><ele>709.3</ele></trkpt>
      <trkpt lat="42.765360" lon="-7.251650"><ele>709.3</ele></trkpt>
      <trkpt lat="42.765390" lon="-7.251710"><ele>709.7</ele></trkpt>
      <trkpt lat="42.765430" lon="-7.251760"><ele>710.2</ele></trkpt>
      <trkpt lat="42.765480" lon="-7.251820"><ele>710.6</ele></trkpt>
      <trkpt lat="42.765510" lon="-7.251880"><ele>710.8</ele></trkpt>
      <trkpt lat="42.765560" lon="-7.251940"><ele>711.1</ele></trkpt>
      <trkpt lat="42.765620" lon="-7.252010"><ele>711.4</ele></trkpt>
      <trkpt lat="42.765640" lon="-7.252080"><ele>711.3</ele></trkpt>
      <trkpt lat="42.765680" lon="-7.252130"><ele>711.6</ele></trkpt>
      <trkpt lat="42.765700" lon="-7.252220"><ele>711.5</ele></trkpt>
      <trkpt lat="42.765730" lon="-7.252290"><ele>711.5</ele></trkpt>
      <trkpt lat="42.765740" lon="-7.252370"><ele>711.1</ele></trkpt>
      <trkpt lat="42.765780" lon="-7.252490"><ele>710.8</ele></trkpt>
      <trkpt lat="42.765800" lon="-7.252590"><ele>711.0</ele></trkpt>
      <trkpt lat="42.765830" lon="-7.252740"><ele>711.9</ele></trkpt>
      <trkpt lat="42.765840" lon="-7.252830"><ele>712.3</ele></trkpt>
      <trkpt lat="42.765860" lon="-7.252910"><ele>712.7</ele></trkpt>
      <trkpt lat="42.765880" lon="-7.253020"><ele>713.1</ele></trkpt>
      <trkpt lat="42.765890" lon="-7.253140"><ele>713.5</ele></trkpt>
      <trkpt lat="42.765900" lon="-7.253140"><ele>713.6</ele></trkpt>
      <trkpt lat="42.765940" lon="-7.253350"><ele>714.3</ele></trkpt>
      <trkpt lat="42.766020" lon="-7.253620"><ele>715.5</ele></trkpt>
      <trkpt lat="42.766110" lon="-7.253790"><ele>716.5</ele></trkpt>
      <trkpt lat="42.766140" lon="-7.253790"><ele>716.9</ele></trkpt>
      <trkpt lat="42.766240" lon="-7.253830"><ele>718.1</ele></trkpt>
      <trkpt lat="42.766250" lon="-7.253830"><ele>718.1</ele></trkpt>
      <trkpt lat="42.766380" lon="-7.253850"><ele>719.4</ele></trkpt>
      <trkpt lat="42.766530" lon="-7.253920"><ele>720.5</ele></trkpt>
      <trkpt lat="42.766580" lon="-7.253960"><ele>721.4</ele></trkpt>
      <trkpt lat="42.766640" lon="-7.254010"><ele>722.5</ele></trkpt>
      <trkpt lat="42.766680" lon="-7.254060"><ele>723.1</ele></trkpt>
      <trkpt lat="42.766730" lon="-7.254140"><ele>723.8</ele></trkpt>
      <trkpt lat="42.766770" lon="-7.254190"><ele>724.4</ele></trkpt>
      <trkpt lat="42.766810" lon="-7.254280"><ele>724.9</ele></trkpt>
      <trkpt lat="42.766850" lon="-7.254330"><ele>725.2</ele></trkpt>
      <trkpt lat="42.766880" lon="-7.254420"><ele>725.8</ele></trkpt>
      <trkpt lat="42.766920" lon="-7.254490"><ele>726.5</ele></trkpt>
      <trkpt lat="42.766960" lon="-7.254550"><ele>727.1</ele></trkpt>
      <trkpt lat="42.767010" lon="-7.254620"><ele>727.7</ele></trkpt>
      <trkpt lat="42.767050" lon="-7.254670"><ele>728.2</ele></trkpt>
      <trkpt lat="42.767110" lon="-7.254720"><ele>728.8</ele></trkpt>
      <trkpt lat="42.767160" lon="-7.254770"><ele>729.2</ele></trkpt>
      <trkpt lat="42.767200" lon="-7.254830"><ele>729.5</ele></trkpt>
      <trkpt lat="42.767250" lon="-7.254900"><ele>730.3</ele></trkpt>
      <trkpt lat="42.767300" lon="-7.254980"><ele>731.1</ele></trkpt>
      <trkpt lat="42.767360" lon="-7.255010"><ele>731.5</ele></trkpt>
      <trkpt lat="42.767410" lon="-7.255030"><ele>731.8</ele></trkpt>
      <trkpt lat="42.767460" lon="-7.255060"><ele>732.1</ele></trkpt>
      <trkpt lat="42.767520" lon="-7.255120"><ele>732.9</ele></trkpt>
      <trkpt lat="42.767560" lon="-7.255170"><ele>733.3</ele></trkpt>
      <trkpt lat="42.767620" lon="-7.255210"><ele>733.8</ele></trkpt>
      <trkpt lat="42.767660" lon="-7.255260"><ele>734.1</ele></trkpt>
      <trkpt lat="42.767710" lon="-7.255310"><ele>734.4</ele></trkpt>
      <trkpt lat="42.767750" lon="-7.255360"><ele>734.7</ele></trkpt>
      <trkpt lat="42.767810" lon="-7.255410"><ele>735.0</ele></trkpt>
      <trkpt lat="42.767920" lon="-7.255480"><ele>735.1</ele></trkpt>
      <trkpt lat="42.767960" lon="-7.255520"><ele>735.1</ele></trkpt>
      <trkpt lat="42.768020" lon="-7.255550"><ele>735.1</ele></trkpt>
      <trkpt lat="42.768080" lon="-7.255570"><ele>735.0</ele></trkpt>
      <trkpt lat="42.768130" lon="-7.255590"><ele>734.8</ele></trkpt>
      <trkpt lat="42.768180" lon="-7.255600"><ele>734.7</ele></trkpt>
      <trkpt lat="42.768240" lon="-7.255640"><ele>734.3</ele></trkpt>
      <trkpt lat="42.768280" lon="-7.255670"><ele>733.9</ele></trkpt>
      <trkpt lat="42.768330" lon="-7.255720"><ele>733.3</ele></trkpt>
      <trkpt lat="42.768350" lon="-7.255780"><ele>732.9</ele></trkpt>
      <trkpt lat="42.768400" lon="-7.255880"><ele>734.5</ele></trkpt>
      <trkpt lat="42.768400" lon="-7.255960"><ele>735.9</ele></trkpt>
      <trkpt lat="42.768410" lon="-7.256050"><ele>737.3</ele></trkpt>
      <trkpt lat="42.768410" lon="-7.256130"><ele>738.8</ele></trkpt>
      <trkpt lat="42.768430" lon="-7.256200"><ele>739.9</ele></trkpt>
      <trkpt lat="42.768470" lon="-7.256230"><ele>740.5</ele></trkpt>
      <trkpt lat="42.768520" lon="-7.256360"><ele>743.0</ele></trkpt>
      <trkpt lat="42.768560" lon="-7.256420"><ele>744.2</ele></trkpt>
      <trkpt lat="42.768600" lon="-7.256450"><ele>744.7</ele></trkpt>
      <trkpt lat="42.768650" lon="-7.256500"><ele>745.3</ele></trkpt>
      <trkpt lat="42.768690" lon="-7.256540"><ele>745.9</ele></trkpt>
      <trkpt lat="42.768720" lon="-7.256620"><ele>746.9</ele></trkpt>
      <trkpt lat="42.768720" lon="-7.256730"><ele>748.7</ele></trkpt>
      <trkpt lat="42.768730" lon="-7.256800"><ele>749.8</ele></trkpt>
      <trkpt lat="42.768730" lon="-7.256910"><ele>751.6</ele></trkpt>
      <trkpt lat="42.768730" lon="-7.256990"><ele>752.9</ele></trkpt>
      <trkpt lat="42.768750" lon="-7.257040"><ele>753.4</ele></trkpt>
      <trkpt lat="42.768790" lon="-7.257180"><ele>754.7</ele></trkpt>
      <trkpt lat="42.768840" lon="-7.257310"><ele>755.6</ele></trkpt>
      <trkpt lat="42.768960" lon="-7.257570"><ele>757.2</ele></trkpt>
      <trkpt lat="42.768970" lon="-7.257710"><ele>759.3</ele></trkpt>
      <trkpt lat="42.769010" lon="-7.257750"><ele>759.3</ele></trkpt>
      <trkpt lat="42.769040" lon="-7.257810"><ele>759.8</ele></trkpt>
      <trkpt lat="42.769070" lon="-7.257860"><ele>760.2</ele></trkpt>
      <trkpt lat="42.769100" lon="-7.257930"><ele>760.8</ele></trkpt>
      <trkpt lat="42.769150" lon="-7.257970"><ele>760.5</ele></trkpt>
      <trkpt lat="42.769180" lon="-7.258020"><ele>760.8</ele></trkpt>
      <trkpt lat="42.769230" lon="-7.258060"><ele>760.4</ele></trkpt>
      <trkpt lat="42.769270" lon="-7.258100"><ele>760.1</ele></trkpt>
      <trkpt lat="42.769320" lon="-7.258160"><ele>760.5</ele></trkpt>
      <trkpt lat="42.769370" lon="-7.258220"><ele>761.1</ele></trkpt>
      <trkpt lat="42.769410" lon="-7.258260"><ele>761.3</ele></trkpt>
      <trkpt lat="42.769430" lon="-7.258320"><ele>762.0</ele></trkpt>
      <trkpt lat="42.769470" lon="-7.258380"><ele>762.4</ele></trkpt>
      <trkpt lat="42.769520" lon="-7.258420"><ele>762.3</ele></trkpt>
      <trkpt lat="42.769570" lon="-7.258480"><ele>762.3</ele></trkpt>
      <trkpt lat="42.769610" lon="-7.258560"><ele>762.7</ele></trkpt>
      <trkpt lat="42.769650" lon="-7.258630"><ele>763.1</ele></trkpt>
      <trkpt lat="42.769710" lon="-7.258690"><ele>763.0</ele></trkpt>
      <trkpt lat="42.769760" lon="-7.258760"><ele>763.1</ele></trkpt>
      <trkpt lat="42.769810" lon="-7.258840"><ele>764.1</ele></trkpt>
      <trkpt lat="42.769850" lon="-7.258910"><ele>765.1</ele></trkpt>
      <trkpt lat="42.769880" lon="-7.258970"><ele>765.7</ele></trkpt>
      <trkpt lat="42.769910" lon="-7.259040"><ele>766.6</ele></trkpt>
      <trkpt lat="42.769960" lon="-7.259140"><ele>768.0</ele></trkpt>
      <trkpt lat="42.769990" lon="-7.259240"><ele>769.3</ele></trkpt>
      <trkpt lat="42.770050" lon="-7.259370"><ele>770.6</ele></trkpt>
      <trkpt lat="42.770080" lon="-7.259490"><ele>772.0</ele></trkpt>
      <trkpt lat="42.770130" lon="-7.259620"><ele>773.1</ele></trkpt>
      <trkpt lat="42.770150" lon="-7.259700"><ele>773.7</ele></trkpt>
      <trkpt lat="42.770190" lon="-7.259790"><ele>774.1</ele></trkpt>
      <trkpt lat="42.770210" lon="-7.259860"><ele>774.7</ele></trkpt>
      <trkpt lat="42.770240" lon="-7.259960"><ele>775.2</ele></trkpt>
      <trkpt lat="42.770270" lon="-7.260030"><ele>775.6</ele></trkpt>
      <trkpt lat="42.770270" lon="-7.260100"><ele>776.5</ele></trkpt>
      <trkpt lat="42.770300" lon="-7.260200"><ele>777.3</ele></trkpt>
      <trkpt lat="42.770320" lon="-7.260290"><ele>778.0</ele></trkpt>
      <trkpt lat="42.770350" lon="-7.260400"><ele>778.7</ele></trkpt>
      <trkpt lat="42.770370" lon="-7.260490"><ele>779.5</ele></trkpt>
      <trkpt lat="42.770410" lon="-7.260590"><ele>779.5</ele></trkpt>
      <trkpt lat="42.770430" lon="-7.260700"><ele>780.6</ele></trkpt>
      <trkpt lat="42.770450" lon="-7.260790"><ele>780.9</ele></trkpt>
      <trkpt lat="42.770470" lon="-7.260860"><ele>781.1</ele></trkpt>
      <trkpt lat="42.770480" lon="-7.260930"><ele>781.7</ele></trkpt>
      <trkpt lat="42.770490" lon="-7.261010"><ele>782.4</ele></trkpt>
      <trkpt lat="42.770500" lon="-7.261100"><ele>783.0</ele></trkpt>
      <trkpt lat="42.770510" lon="-7.261170"><ele>783.6</ele></trkpt>
      <trkpt lat="42.770540" lon="-7.261320"><ele>784.6</ele></trkpt>
      <trkpt lat="42.770540" lon="-7.261410"><ele>785.6</ele></trkpt>
      <trkpt lat="42.770540" lon="-7.261490"><ele>786.4</ele></trkpt>
      <trkpt lat="42.770540" lon="-7.261580"><ele>787.4</ele></trkpt>
      <trkpt lat="42.770520" lon="-7.261660"><ele>788.6</ele></trkpt>
      <trkpt lat="42.770510" lon="-7.261730"><ele>789.6</ele></trkpt>
      <trkpt lat="42.770480" lon="-7.261810"><ele>790.9</ele></trkpt>
      <trkpt lat="42.770460" lon="-7.261870"><ele>791.7</ele></trkpt>
      <trkpt lat="42.770420" lon="-7.261940"><ele>792.5</ele></trkpt>
      <trkpt lat="42.770400" lon="-7.262000"><ele>793.1</ele></trkpt>
      <trkpt lat="42.770360" lon="-7.262080"><ele>793.9</ele></trkpt>
      <trkpt lat="42.770310" lon="-7.262140"><ele>794.6</ele></trkpt>
      <trkpt lat="42.770260" lon="-7.262180"><ele>795.1</ele></trkpt>
      <trkpt lat="42.770210" lon="-7.262230"><ele>795.8</ele></trkpt>
      <trkpt lat="42.770160" lon="-7.262270"><ele>796.8</ele></trkpt>
      <trkpt lat="42.770120" lon="-7.262320"><ele>797.8</ele></trkpt>
      <trkpt lat="42.770060" lon="-7.262400"><ele>799.1</ele></trkpt>
      <trkpt lat="42.770020" lon="-7.262460"><ele>799.8</ele></trkpt>
      <trkpt lat="42.769980" lon="-7.262530"><ele>800.4</ele></trkpt>
      <trkpt lat="42.769950" lon="-7.262590"><ele>800.9</ele></trkpt>
      <trkpt lat="42.769910" lon="-7.262650"><ele>801.4</ele></trkpt>
      <trkpt lat="42.769870" lon="-7.262690"><ele>802.1</ele></trkpt>
      <trkpt lat="42.769850" lon="-7.262740"><ele>802.6</ele></trkpt>
      <trkpt lat="42.769810" lon="-7.262790"><ele>803.3</ele></trkpt>
      <trkpt lat="42.769790" lon="-7.262850"><ele>803.7</ele></trkpt>
      <trkpt lat="42.769770" lon="-7.262930"><ele>804.5</ele></trkpt>
      <trkpt lat="42.769740" lon="-7.262980"><ele>805.5</ele></trkpt>
      <trkpt lat="42.769710" lon="-7.263060"><ele>806.5</ele></trkpt>
      <trkpt lat="42.769690" lon="-7.263170"><ele>807.3</ele></trkpt>
      <trkpt lat="42.769670" lon="-7.263240"><ele>808.0</ele></trkpt>
      <trkpt lat="42.769670" lon="-7.263320"><ele>808.2</ele></trkpt>
      <trkpt lat="42.769650" lon="-7.263370"><ele>808.8</ele></trkpt>
      <trkpt lat="42.769640" lon="-7.263450"><ele>809.0</ele></trkpt>
      <trkpt lat="42.769620" lon="-7.263540"><ele>809.6</ele></trkpt>
      <trkpt lat="42.769590" lon="-7.263610"><ele>810.3</ele></trkpt>
      <trkpt lat="42.769580" lon="-7.263680"><ele>810.5</ele></trkpt>
      <trkpt lat="42.769540" lon="-7.263760"><ele>811.1</ele></trkpt>
      <trkpt lat="42.769530" lon="-7.263850"><ele>811.2</ele></trkpt>
      <trkpt lat="42.769520" lon="-7.263920"><ele>811.3</ele></trkpt>
      <trkpt lat="42.769500" lon="-7.264010"><ele>811.2</ele></trkpt>
      <trkpt lat="42.769490" lon="-7.264090"><ele>811.2</ele></trkpt>
      <trkpt lat="42.769470" lon="-7.264150"><ele>811.5</ele></trkpt>
      <trkpt lat="42.769440" lon="-7.264210"><ele>812.0</ele></trkpt>
      <trkpt lat="42.769410" lon="-7.264270"><ele>812.3</ele></trkpt>
      <trkpt lat="42.769400" lon="-7.264290"><ele>812.5</ele></trkpt>
      <trkpt lat="42.769370" lon="-7.264380"><ele>812.8</ele></trkpt>
      <trkpt lat="42.769260" lon="-7.264540"><ele>814.3</ele></trkpt>
      <trkpt lat="42.769180" lon="-7.264620"><ele>815.9</ele></trkpt>
      <trkpt lat="42.769110" lon="-7.264670"><ele>817.6</ele></trkpt>
      <trkpt lat="42.769070" lon="-7.264730"><ele>818.5</ele></trkpt>
      <trkpt lat="42.768990" lon="-7.264840"><ele>820.0</ele></trkpt>
      <trkpt lat="42.768940" lon="-7.264940"><ele>820.8</ele></trkpt>
      <trkpt lat="42.768930" lon="-7.264940"><ele>821.0</ele></trkpt>
      <trkpt lat="42.768900" lon="-7.265040"><ele>821.6</ele></trkpt>
      <trkpt lat="42.768860" lon="-7.265120"><ele>822.5</ele></trkpt>
      <trkpt lat="42.768750" lon="-7.265340"><ele>826.0</ele></trkpt>
      <trkpt lat="42.768730" lon="-7.265540"><ele>826.3</ele></trkpt>
      <trkpt lat="42.768710" lon="-7.265870"><ele>827.2</ele></trkpt>
      <trkpt lat="42.768680" lon="-7.266170"><ele>829.2</ele></trkpt>
      <trkpt lat="42.768650" lon="-7.266480"><ele>831.0</ele></trkpt>
      <trkpt lat="42.768640" lon="-7.266740"><ele>832.2</ele></trkpt>
      <trkpt lat="42.768610" lon="-7.266950"><ele>833.0</ele></trkpt>
      <trkpt lat="42.768590" lon="-7.267160"><ele>833.7</ele></trkpt>
      <trkpt lat="42.768570" lon="-7.267310"><ele>834.1</ele></trkpt>
      <trkpt lat="42.768530" lon="-7.267460"><ele>835.2</ele></trkpt>
      <trkpt lat="42.768530" lon="-7.267620"><ele>836.6</ele></trkpt>
      <trkpt lat="42.768530" lon="-7.267690"><ele>837.3</ele></trkpt>
      <trkpt lat="42.768520" lon="-7.267770"><ele>837.9</ele></trkpt>
      <trkpt lat="42.768520" lon="-7.267840"><ele>838.8</ele></trkpt>
      <trkpt lat="42.768550" lon="-7.267910"><ele>840.2</ele></trkpt>
      <trkpt lat="42.768580" lon="-7.267960"><ele>841.3</ele></trkpt>
      <trkpt lat="42.768630" lon="-7.268010"><ele>843.1</ele></trkpt>
      <trkpt lat="42.768680" lon="-7.268060"><ele>844.4</ele></trkpt>
      <trkpt lat="42.768680" lon="-7.268060"><ele>844.6</ele></trkpt>
      <trkpt lat="42.768620" lon="-7.268170"><ele>845.1</ele></trkpt>
      <trkpt lat="42.768550" lon="-7.268310"><ele>846.1</ele></trkpt>
      <trkpt lat="42.768450" lon="-7.268550"><ele>847.8</ele></trkpt>
      <trkpt lat="42.768340" lon="-7.268790"><ele>850.4</ele></trkpt>
      <trkpt lat="42.768250" lon="-7.269010"><ele>853.8</ele></trkpt>
      <trkpt lat="42.768150" lon="-7.269250"><ele>856.5</ele></trkpt>
      <trkpt lat="42.768070" lon="-7.269460"><ele>857.7</ele></trkpt>
      <trkpt lat="42.767940" lon="-7.269710"><ele>858.5</ele></trkpt>
      <trkpt lat="42.767820" lon="-7.269980"><ele>858.9</ele></trkpt>
      <trkpt lat="42.767700" lon="-7.270270"><ele>858.9</ele></trkpt>
      <trkpt lat="42.767670" lon="-7.270460"><ele>859.2</ele></trkpt>
      <trkpt lat="42.767640" lon="-7.270690"><ele>860.0</ele></trkpt>
      <trkpt lat="42.767610" lon="-7.270850"><ele>860.7</ele></trkpt>
      <trkpt lat="42.767570" lon="-7.270970"><ele>861.1</ele></trkpt>
      <trkpt lat="42.767530" lon="-7.271060"><ele>861.2</ele></trkpt>
      <trkpt lat="42.767500" lon="-7.271120"><ele>861.8</ele></trkpt>
      <trkpt lat="42.767470" lon="-7.271180"><ele>862.2</ele></trkpt>
      <trkpt lat="42.767420" lon="-7.271230"><ele>862.3</ele></trkpt>
      <trkpt lat="42.767380" lon="-7.271290"><ele>862.7</ele></trkpt>
      <trkpt lat="42.767350" lon="-7.271340"><ele>863.0</ele></trkpt>
      <trkpt lat="42.767330" lon="-7.271380"><ele>863.2</ele></trkpt>
      <trkpt lat="42.767270" lon="-7.271410"><ele>863.0</ele></trkpt>
      <trkpt lat="42.767230" lon="-7.271440"><ele>862.9</ele></trkpt>
      <trkpt lat="42.767180" lon="-7.271500"><ele>863.0</ele></trkpt>
      <trkpt lat="42.767120" lon="-7.271530"><ele>862.7</ele></trkpt>
      <trkpt lat="42.767080" lon="-7.271580"><ele>862.7</ele></trkpt>
      <trkpt lat="42.767030" lon="-7.271620"><ele>862.6</ele></trkpt>
      <trkpt lat="42.767000" lon="-7.271670"><ele>862.7</ele></trkpt>
      <trkpt lat="42.766940" lon="-7.271720"><ele>862.5</ele></trkpt>
      <trkpt lat="42.766900" lon="-7.271790"><ele>862.7</ele></trkpt>
      <trkpt lat="42.766860" lon="-7.271840"><ele>862.9</ele></trkpt>
      <trkpt lat="42.766830" lon="-7.271900"><ele>862.9</ele></trkpt>
      <trkpt lat="42.766790" lon="-7.271930"><ele>862.8</ele></trkpt>
      <trkpt lat="42.766750" lon="-7.271980"><ele>862.7</ele></trkpt>
      <trkpt lat="42.766700" lon="-7.272020"><ele>862.5</ele></trkpt>
      <trkpt lat="42.766660" lon="-7.272070"><ele>862.5</ele></trkpt>
      <trkpt lat="42.766620" lon="-7.272100"><ele>862.3</ele></trkpt>
      <trkpt lat="42.766580" lon="-7.272140"><ele>862.2</ele></trkpt>
      <trkpt lat="42.766520" lon="-7.272180"><ele>861.7</ele></trkpt>
      <trkpt lat="42.766480" lon="-7.272210"><ele>861.5</ele></trkpt>
      <trkpt lat="42.766430" lon="-7.272240"><ele>861.0</ele></trkpt>
      <trkpt lat="42.766380" lon="-7.272290"><ele>860.9</ele></trkpt>
      <trkpt lat="42.766370" lon="-7.272310"><ele>860.9</ele></trkpt>
      <trkpt lat="42.766280" lon="-7.272440"><ele>861.0</ele></trkpt>
      <trkpt lat="42.766200" lon="-7.272630"><ele>861.3</ele></trkpt>
      <trkpt lat="42.766110" lon="-7.272850"><ele>861.7</ele></trkpt>
      <trkpt lat="42.766040" lon="-7.273050"><ele>862.1</ele></trkpt>
      <trkpt lat="42.766040" lon="-7.273100"><ele>862.5</ele></trkpt>
      <trkpt lat="42.765980" lon="-7.273250"><ele>862.4</ele></trkpt>
      <trkpt lat="42.765870" lon="-7.273570"><ele>862.1</ele></trkpt>
      <trkpt lat="42.765840" lon="-7.273830"><ele>862.6</ele></trkpt>
      <trkpt lat="42.765790" lon="-7.274130"><ele>862.6</ele></trkpt>
      <trkpt lat="42.765740" lon="-7.274370"><ele>862.2</ele></trkpt>
      <trkpt lat="42.765750" lon="-7.274580"><ele>862.7</ele></trkpt>
      <trkpt lat="42.765730" lon="-7.274640"><ele>862.3</ele></trkpt>
      <trkpt lat="42.765740" lon="-7.274750"><ele>862.9</ele></trkpt>
      <trkpt lat="42.765760" lon="-7.274850"><ele>863.8</ele></trkpt>
      <trkpt lat="42.765780" lon="-7.274920"><ele>864.7</ele></trkpt>
      <trkpt lat="42.765790" lon="-7.275000"><ele>865.3</ele></trkpt>
      <trkpt lat="42.765810" lon="-7.275080"><ele>866.0</ele></trkpt>
      <trkpt lat="42.765830" lon="-7.275140"><ele>866.8</ele></trkpt>
      <trkpt lat="42.765840" lon="-7.275230"><ele>867.7</ele></trkpt>
      <trkpt lat="42.765850" lon="-7.275300"><ele>868.5</ele></trkpt>
      <trkpt lat="42.765850" lon="-7.275390"><ele>869.3</ele></trkpt>
      <trkpt lat="42.765850" lon="-7.275470"><ele>870.0</ele></trkpt>
      <trkpt lat="42.765850" lon="-7.275550"><ele>870.7</ele></trkpt>
      <trkpt lat="42.765810" lon="-7.275600"><ele>870.3</ele></trkpt>
      <trkpt lat="42.765770" lon="-7.275650"><ele>870.0</ele></trkpt>
      <trkpt lat="42.765710" lon="-7.275710"><ele>869.3</ele></trkpt>
      <trkpt lat="42.765670" lon="-7.275740"><ele>868.6</ele></trkpt>
      <trkpt lat="42.765610" lon="-7.275780"><ele>867.9</ele></trkpt>
      <trkpt lat="42.765560" lon="-7.275820"><ele>867.2</ele></trkpt>
      <trkpt lat="42.765520" lon="-7.275860"><ele>866.6</ele></trkpt>
      <trkpt lat="42.765440" lon="-7.275910"><ele>865.6</ele></trkpt>
      <trkpt lat="42.765360" lon="-7.275990"><ele>864.7</ele></trkpt>
      <trkpt lat="42.765310" lon="-7.276030"><ele>864.0</ele></trkpt>
      <trkpt lat="42.765270" lon="-7.276090"><ele>863.8</ele></trkpt>
      <trkpt lat="42.765230" lon="-7.276130"><ele>863.5</ele></trkpt>
      <trkpt lat="42.765190" lon="-7.276180"><ele>863.4</ele></trkpt>
      <trkpt lat="42.765130" lon="-7.276270"><ele>862.9</ele></trkpt>
      <trkpt lat="42.765090" lon="-7.276310"><ele>862.5</ele></trkpt>
      <trkpt lat="42.765050" lon="-7.276370"><ele>862.3</ele></trkpt>
      <trkpt lat="42.765010" lon="-7.276440"><ele>862.2</ele></trkpt>
      <trkpt lat="42.764980" lon="-7.276500"><ele>862.4</ele></trkpt>
      <trkpt lat="42.764950" lon="-7.276560"><ele>862.3</ele></trkpt>
      <trkpt lat="42.764920" lon="-7.276620"><ele>862.3</ele></trkpt>
      <trkpt lat="42.764880" lon="-7.276700"><ele>862.3</ele></trkpt>
      <trkpt lat="42.764850" lon="-7.276760"><ele>862.2</ele></trkpt>
      <trkpt lat="42.764810" lon="-7.276810"><ele>861.8</ele></trkpt>
      <trkpt lat="42.764780" lon="-7.276870"><ele>861.7</ele></trkpt>
      <trkpt lat="42.764750" lon="-7.276930"><ele>861.8</ele></trkpt>
      <trkpt lat="42.764720" lon="-7.277000"><ele>861.8</ele></trkpt>
      <trkpt lat="42.764690" lon="-7.277050"><ele>861.8</ele></trkpt>
      <trkpt lat="42.764660" lon="-7.277130"><ele>862.0</ele></trkpt>
      <trkpt lat="42.764640" lon="-7.277200"><ele>862.1</ele></trkpt>
      <trkpt lat="42.764620" lon="-7.277280"><ele>862.4</ele></trkpt>
      <trkpt lat="42.764590" lon="-7.277360"><ele>862.6</ele></trkpt>
      <trkpt lat="42.764580" lon="-7.277430"><ele>863.1</ele></trkpt>
      <trkpt lat="42.764550" lon="-7.277490"><ele>863.0</ele></trkpt>
      <trkpt lat="42.764520" lon="-7.277540"><ele>862.7</ele></trkpt>
      <trkpt lat="42.764480" lon="-7.277650"><ele>862.4</ele></trkpt>
      <trkpt lat="42.764450" lon="-7.277740"><ele>861.9</ele></trkpt>
      <trkpt lat="42.764410" lon="-7.277800"><ele>861.5</ele></trkpt>
      <trkpt lat="42.764390" lon="-7.277930"><ele>861.6</ele></trkpt>
      <trkpt lat="42.764370" lon="-7.277990"><ele>861.4</ele></trkpt>
      <trkpt lat="42.764350" lon="-7.278060"><ele>861.1</ele></trkpt>
      <trkpt lat="42.764340" lon="-7.278140"><ele>861.3</ele></trkpt>
      <trkpt lat="42.764330" lon="-7.278230"><ele>861.5</ele></trkpt>
      <trkpt lat="42.764330" lon="-7.278320"><ele>861.9</ele></trkpt>
      <trkpt lat="42.764320" lon="-7.278420"><ele>862.0</ele></trkpt>
      <trkpt lat="42.764320" lon="-7.278490"><ele>862.1</ele></trkpt>
      <trkpt lat="42.764310" lon="-7.278570"><ele>861.9</ele></trkpt>
      <trkpt lat="42.764310" lon="-7.278670"><ele>862.0</ele></trkpt>
      <trkpt lat="42.764300" lon="-7.278750"><ele>862.0</ele></trkpt>
      <trkpt lat="42.764300" lon="-7.278840"><ele>862.1</ele></trkpt>
      <trkpt lat="42.764300" lon="-7.278970"><ele>862.2</ele></trkpt>
      <trkpt lat="42.764300" lon="-7.279120"><ele>862.2</ele></trkpt>
      <trkpt lat="42.764300" lon="-7.279190"><ele>862.2</ele></trkpt>
      <trkpt lat="42.764300" lon="-7.279280"><ele>862.2</ele></trkpt>
      <trkpt lat="42.764300" lon="-7.279370"><ele>862.2</ele></trkpt>
      <trkpt lat="42.764300" lon="-7.279460"><ele>862.2</ele></trkpt>
      <trkpt lat="42.764300" lon="-7.279530"><ele>862.1</ele></trkpt>
      <trkpt lat="42.764300" lon="-7.279630"><ele>862.1</ele></trkpt>
      <trkpt lat="42.764300" lon="-7.279710"><ele>862.0</ele></trkpt>
      <trkpt lat="42.764300" lon="-7.279790"><ele>862.0</ele></trkpt>
      <trkpt lat="42.764300" lon="-7.279900"><ele>861.7</ele></trkpt>
      <trkpt lat="42.764310" lon="-7.279980"><ele>861.6</ele></trkpt>
      <trkpt lat="42.764320" lon="-7.280100"><ele>861.5</ele></trkpt>
      <trkpt lat="42.764330" lon="-7.280180"><ele>861.6</ele></trkpt>
      <trkpt lat="42.764360" lon="-7.280220"><ele>862.2</ele></trkpt>
      <trkpt lat="42.764410" lon="-7.280450"><ele>862.6</ele></trkpt>
      <trkpt lat="42.764420" lon="-7.280480"><ele>862.8</ele></trkpt>
      <trkpt lat="42.764500" lon="-7.280810"><ele>863.1</ele></trkpt>
      <trkpt lat="42.764620" lon="-7.281080"><ele>863.3</ele></trkpt>
      <trkpt lat="42.764740" lon="-7.281270"><ele>864.1</ele></trkpt>
      <trkpt lat="42.764880" lon="-7.281500"><ele>864.4</ele></trkpt>
      <trkpt lat="42.764970" lon="-7.281650"><ele>864.8</ele></trkpt>
      <trkpt lat="42.765130" lon="-7.281800"><ele>865.8</ele></trkpt>
      <trkpt lat="42.765300" lon="-7.282090"><ele>864.8</ele></trkpt>
      <trkpt lat="42.765420" lon="-7.282250"><ele>864.6</ele></trkpt>
      <trkpt lat="42.765560" lon="-7.282450"><ele>864.0</ele></trkpt>
      <trkpt lat="42.765700" lon="-7.282590"><ele>863.8</ele></trkpt>
      <trkpt lat="42.765800" lon="-7.282650"><ele>863.8</ele></trkpt>
      <trkpt lat="42.765920" lon="-7.282740"><ele>863.4</ele></trkpt>
      <trkpt lat="42.766080" lon="-7.282800"><ele>864.4</ele></trkpt>
      <trkpt lat="42.766270" lon="-7.282890"><ele>863.8</ele></trkpt>
      <trkpt lat="42.766360" lon="-7.282890"><ele>864.5</ele></trkpt>
      <trkpt lat="42.766490" lon="-7.282910"><ele>865.2</ele></trkpt>
      <trkpt lat="42.766720" lon="-7.282940"><ele>865.8</ele></trkpt>
      <trkpt lat="42.766890" lon="-7.282930"><ele>866.9</ele></trkpt>
      <trkpt lat="42.767020" lon="-7.282920"><ele>868.0</ele></trkpt>
      <trkpt lat="42.767040" lon="-7.282900"><ele>868.3</ele></trkpt>
      <trkpt lat="42.767210" lon="-7.282860"><ele>869.9</ele></trkpt>
      <trkpt lat="42.767310" lon="-7.282850"><ele>870.5</ele></trkpt>
      <trkpt lat="42.767370" lon="-7.282850"><ele>870.8</ele></trkpt>
      <trkpt lat="42.767440" lon="-7.282840"><ele>871.4</ele></trkpt>
      <trkpt lat="42.767500" lon="-7.282820"><ele>872.3</ele></trkpt>
      <trkpt lat="42.767550" lon="-7.282790"><ele>873.6</ele></trkpt>
      <trkpt lat="42.767620" lon="-7.282780"><ele>874.7</ele></trkpt>
      <trkpt lat="42.767670" lon="-7.282730"><ele>876.0</ele></trkpt>
      <trkpt lat="42.767730" lon="-7.282710"><ele>877.1</ele></trkpt>
      <trkpt lat="42.767790" lon="-7.282690"><ele>878.1</ele></trkpt>
      <trkpt lat="42.767850" lon="-7.282690"><ele>878.8</ele></trkpt>
      <trkpt lat="42.767920" lon="-7.282680"><ele>879.7</ele></trkpt>
      <trkpt lat="42.767980" lon="-7.282710"><ele>880.2</ele></trkpt>
      <trkpt lat="42.768030" lon="-7.282760"><ele>880.6</ele></trkpt>
      <trkpt lat="42.768060" lon="-7.282830"><ele>880.4</ele></trkpt>
      <trkpt lat="42.768070" lon="-7.282950"><ele>879.7</ele></trkpt>
      <trkpt lat="42.768080" lon="-7.283090"><ele>878.8</ele></trkpt>
      <trkpt lat="42.768080" lon="-7.283180"><ele>878.6</ele></trkpt>
      <trkpt lat="42.768070" lon="-7.283270"><ele>878.1</ele></trkpt>
      <trkpt lat="42.768040" lon="-7.283360"><ele>877.2</ele></trkpt>
      <trkpt lat="42.768030" lon="-7.283440"><ele>876.6</ele></trkpt>
      <trkpt lat="42.768000" lon="-7.283550"><ele>875.7</ele></trkpt>
      <trkpt lat="42.767980" lon="-7.283640"><ele>875.6</ele></trkpt>
      <trkpt lat="42.767970" lon="-7.283720"><ele>875.6</ele></trkpt>
      <trkpt lat="42.767960" lon="-7.283800"><ele>875.8</ele></trkpt>
      <trkpt lat="42.767940" lon="-7.283910"><ele>875.7</ele></trkpt>
      <trkpt lat="42.767930" lon="-7.284040"><ele>876.4</ele></trkpt>
      <trkpt lat="42.767930" lon="-7.284120"><ele>877.1</ele></trkpt>
      <trkpt lat="42.767910" lon="-7.284170"><ele>876.9</ele></trkpt>
      <trkpt lat="42.767900" lon="-7.284250"><ele>877.4</ele></trkpt>
      <trkpt lat="42.767900" lon="-7.284270"><ele>877.7</ele></trkpt>
      <trkpt lat="42.767900" lon="-7.284440"><ele>879.1</ele></trkpt>
      <trkpt lat="42.767880" lon="-7.284560"><ele>880.2</ele></trkpt>
      <trkpt lat="42.767870" lon="-7.284640"><ele>880.9</ele></trkpt>
      <trkpt lat="42.767840" lon="-7.284720"><ele>881.3</ele></trkpt>
      <trkpt lat="42.767830" lon="-7.284790"><ele>881.9</ele></trkpt>
      <trkpt lat="42.767790" lon="-7.284850"><ele>881.7</ele></trkpt>
      <trkpt lat="42.767770" lon="-7.284920"><ele>882.0</ele></trkpt>
      <trkpt lat="42.767730" lon="-7.284970"><ele>881.8</ele></trkpt>
      <trkpt lat="42.767710" lon="-7.285040"><ele>882.0</ele></trkpt>
      <trkpt lat="42.767690" lon="-7.285110"><ele>882.3</ele></trkpt>
      <trkpt lat="42.767650" lon="-7.285190"><ele>882.4</ele></trkpt>
      <trkpt lat="42.767620" lon="-7.285290"><ele>883.1</ele></trkpt>
      <trkpt lat="42.767590" lon="-7.285360"><ele>883.4</ele></trkpt>
      <trkpt lat="42.767570" lon="-7.285420"><ele>883.6</ele></trkpt>
      <trkpt lat="42.767530" lon="-7.285500"><ele>883.9</ele></trkpt>
      <trkpt lat="42.767490" lon="-7.285550"><ele>884.0</ele></trkpt>
      <trkpt lat="42.767470" lon="-7.285600"><ele>884.4</ele></trkpt>
      <trkpt lat="42.767470" lon="-7.285680"><ele>885.2</ele></trkpt>
      <trkpt lat="42.767450" lon="-7.285770"><ele>886.2</ele></trkpt>
      <trkpt lat="42.767450" lon="-7.285880"><ele>887.5</ele></trkpt>
      <trkpt lat="42.767450" lon="-7.285960"><ele>888.2</ele></trkpt>
      <trkpt lat="42.767450" lon="-7.286030"><ele>888.8</ele></trkpt>
      <trkpt lat="42.767450" lon="-7.286110"><ele>889.6</ele></trkpt>
      <trkpt lat="42.767460" lon="-7.286200"><ele>890.5</ele></trkpt>
      <trkpt lat="42.767480" lon="-7.286260"><ele>891.2</ele></trkpt>
      <trkpt lat="42.767530" lon="-7.286350"><ele>892.1</ele></trkpt>
      <trkpt lat="42.767570" lon="-7.286360"><ele>892.4</ele></trkpt>
      <trkpt lat="42.767610" lon="-7.286390"><ele>892.7</ele></trkpt>
      <trkpt lat="42.767680" lon="-7.286400"><ele>893.0</ele></trkpt>
      <trkpt lat="42.767740" lon="-7.286400"><ele>893.2</ele></trkpt>
      <trkpt lat="42.767800" lon="-7.286420"><ele>893.5</ele></trkpt>
      <trkpt lat="42.767860" lon="-7.286430"><ele>893.7</ele></trkpt>
      <trkpt lat="42.767900" lon="-7.286440"><ele>893.8</ele></trkpt>
      <trkpt lat="42.767960" lon="-7.286470"><ele>893.9</ele></trkpt>
      <trkpt lat="42.768020" lon="-7.286470"><ele>893.9</ele></trkpt>
      <trkpt lat="42.768080" lon="-7.286470"><ele>894.0</ele></trkpt>
      <trkpt lat="42.768140" lon="-7.286490"><ele>894.0</ele></trkpt>
      <trkpt lat="42.768190" lon="-7.286490"><ele>894.0</ele></trkpt>
      <trkpt lat="42.768250" lon="-7.286490"><ele>894.1</ele></trkpt>
      <trkpt lat="42.768310" lon="-7.286480"><ele>894.2</ele></trkpt>
      <trkpt lat="42.768330" lon="-7.286470"><ele>894.3</ele></trkpt>
      <trkpt lat="42.768550" lon="-7.286400"><ele>893.3</ele></trkpt>
      <trkpt lat="42.768670" lon="-7.286370"><ele>892.6</ele></trkpt>
      <trkpt lat="42.768810" lon="-7.286350"><ele>891.7</ele></trkpt>
      <trkpt lat="42.768950" lon="-7.286340"><ele>890.9</ele></trkpt>
      <trkpt lat="42.769150" lon="-7.286310"><ele>890.0</ele></trkpt>
      <trkpt lat="42.769280" lon="-7.286300"><ele>889.3</ele></trkpt>
      <trkpt lat="42.769320" lon="-7.286300"><ele>889.0</ele></trkpt>
      <trkpt lat="42.769370" lon="-7.286300"><ele>888.8</ele></trkpt>
      <trkpt lat="42.769410" lon="-7.286300"><ele>888.5</ele></trkpt>
      <trkpt lat="42.769450" lon="-7.286300"><ele>888.3</ele></trkpt>
      <trkpt lat="42.769500" lon="-7.286300"><ele>888.0</ele></trkpt>
      <trkpt lat="42.769530" lon="-7.286300"><ele>887.9</ele></trkpt>
      <trkpt lat="42.769570" lon="-7.286300"><ele>887.7</ele></trkpt>
      <trkpt lat="42.769620" lon="-7.286290"><ele>887.6</ele></trkpt>
      <trkpt lat="42.769660" lon="-7.286290"><ele>887.3</ele></trkpt>
      <trkpt lat="42.769700" lon="-7.286280"><ele>887.2</ele></trkpt>
      <trkpt lat="42.769730" lon="-7.286280"><ele>887.2</ele></trkpt>
      <trkpt lat="42.769770" lon="-7.286260"><ele>887.5</ele></trkpt>
      <trkpt lat="42.769810" lon="-7.286240"><ele>887.5</ele></trkpt>
      <trkpt lat="42.769850" lon="-7.286240"><ele>887.3</ele></trkpt>
      <trkpt lat="42.769890" lon="-7.286230"><ele>887.1</ele></trkpt>
      <trkpt lat="42.769930" lon="-7.286220"><ele>887.2</ele></trkpt>
      <trkpt lat="42.769980" lon="-7.286210"><ele>887.0</ele></trkpt>
      <trkpt lat="42.770010" lon="-7.286190"><ele>887.1</ele></trkpt>
      <trkpt lat="42.770050" lon="-7.286180"><ele>887.1</ele></trkpt>
      <trkpt lat="42.770090" lon="-7.286170"><ele>887.0</ele></trkpt>
      <trkpt lat="42.770130" lon="-7.286160"><ele>886.9</ele></trkpt>
      <trkpt lat="42.770170" lon="-7.286160"><ele>886.7</ele></trkpt>
      <trkpt lat="42.770210" lon="-7.286150"><ele>886.7</ele></trkpt>
      <trkpt lat="42.770260" lon="-7.286140"><ele>886.4</ele></trkpt>
      <trkpt lat="42.770290" lon="-7.286130"><ele>886.2</ele></trkpt>
      <trkpt lat="42.770330" lon="-7.286130"><ele>885.9</ele></trkpt>
      <trkpt lat="42.770370" lon="-7.286120"><ele>885.9</ele></trkpt>
      <trkpt lat="42.770400" lon="-7.286110"><ele>885.6</ele></trkpt>
      <trkpt lat="42.770450" lon="-7.286100"><ele>885.5</ele></trkpt>
      <trkpt lat="42.770490" lon="-7.286080"><ele>885.5</ele></trkpt>
      <trkpt lat="42.770530" lon="-7.286080"><ele>885.2</ele></trkpt>
      <trkpt lat="42.770570" lon="-7.286070"><ele>885.0</ele></trkpt>
      <trkpt lat="42.770610" lon="-7.286070"><ele>884.5</ele></trkpt>
      <trkpt lat="42.770650" lon="-7.286070"><ele>884.2</ele></trkpt>
      <trkpt lat="42.770690" lon="-7.286060"><ele>884.0</ele></trkpt>
      <trkpt lat="42.770740" lon="-7.286050"><ele>884.0</ele></trkpt>
      <trkpt lat="42.770770" lon="-7.286040"><ele>884.0</ele></trkpt>
      <trkpt lat="42.770810" lon="-7.286040"><ele>883.9</ele></trkpt>
      <trkpt lat="42.770860" lon="-7.286030"><ele>884.0</ele></trkpt>
      <trkpt lat="42.770900" lon="-7.286010"><ele>884.1</ele></trkpt>
      <trkpt lat="42.770940" lon="-7.286010"><ele>884.1</ele></trkpt>
      <trkpt lat="42.770970" lon="-7.286000"><ele>884.3</ele></trkpt>
      <trkpt lat="42.771000" lon="-7.285980"><ele>884.6</ele></trkpt>
      <trkpt lat="42.771040" lon="-7.285960"><ele>885.1</ele></trkpt>
      <trkpt lat="42.771090" lon="-7.285950"><ele>885.1</ele></trkpt>
      <trkpt lat="42.771120" lon="-7.285950"><ele>885.1</ele></trkpt>
      <trkpt lat="42.771160" lon="-7.285940"><ele>885.1</ele></trkpt>
      <trkpt lat="42.771200" lon="-7.285940"><ele>884.9</ele></trkpt>
      <trkpt lat="42.771240" lon="-7.285930"><ele>885.2</ele></trkpt>
      <trkpt lat="42.771280" lon="-7.285930"><ele>885.1</ele></trkpt>
      <trkpt lat="42.771320" lon="-7.285930"><ele>884.9</ele></trkpt>
      <trkpt lat="42.771380" lon="-7.285930"><ele>884.7</ele></trkpt>
      <trkpt lat="42.771420" lon="-7.285940"><ele>884.3</ele></trkpt>
      <trkpt lat="42.771450" lon="-7.285970"><ele>883.0</ele></trkpt>
      <trkpt lat="42.771480" lon="-7.286000"><ele>881.9</ele></trkpt>
      <trkpt lat="42.771520" lon="-7.286050"><ele>880.3</ele></trkpt>
      <trkpt lat="42.771530" lon="-7.286100"><ele>878.7</ele></trkpt>
      <trkpt lat="42.771540" lon="-7.286140"><ele>877.1</ele></trkpt>
      <trkpt lat="42.771560" lon="-7.286190"><ele>875.5</ele></trkpt>
      <trkpt lat="42.771570" lon="-7.286240"><ele>873.7</ele></trkpt>
      <trkpt lat="42.771620" lon="-7.286290"><ele>871.9</ele></trkpt>
      <trkpt lat="42.771650" lon="-7.286320"><ele>871.1</ele></trkpt>
      <trkpt lat="42.771700" lon="-7.286380"><ele>870.0</ele></trkpt>
      <trkpt lat="42.771720" lon="-7.286420"><ele>869.1</ele></trkpt>
      <trkpt lat="42.771770" lon="-7.286430"><ele>869.5</ele></trkpt>
      <trkpt lat="42.771800" lon="-7.286450"><ele>869.2</ele></trkpt>
      <trkpt lat="42.771880" lon="-7.286500"><ele>868.8</ele></trkpt>
      <trkpt lat="42.771960" lon="-7.286550"><ele>868.4</ele></trkpt>
      <trkpt lat="42.772060" lon="-7.286590"><ele>869.0</ele></trkpt>
      <trkpt lat="42.772110" lon="-7.286600"><ele>869.4</ele></trkpt>
      <trkpt lat="42.772140" lon="-7.286630"><ele>869.1</ele></trkpt>
      <trkpt lat="42.772170" lon="-7.286650"><ele>869.1</ele></trkpt>
      <trkpt lat="42.772200" lon="-7.286670"><ele>869.1</ele></trkpt>
      <trkpt lat="42.772240" lon="-7.286700"><ele>869.1</ele></trkpt>
      <trkpt lat="42.772280" lon="-7.286730"><ele>869.1</ele></trkpt>
      <trkpt lat="42.772310" lon="-7.286760"><ele>869.0</ele></trkpt>
      <trkpt lat="42.772370" lon="-7.286800"><ele>869.8</ele></trkpt>
      <trkpt lat="42.772420" lon="-7.286830"><ele>870.6</ele></trkpt>
      <trkpt lat="42.772450" lon="-7.286850"><ele>871.2</ele></trkpt>
      <trkpt lat="42.772490" lon="-7.286890"><ele>871.9</ele></trkpt>
      <trkpt lat="42.772520" lon="-7.286910"><ele>872.5</ele></trkpt>
      <trkpt lat="42.772560" lon="-7.286920"><ele>873.1</ele></trkpt>
      <trkpt lat="42.772580" lon="-7.286960"><ele>873.6</ele></trkpt>
      <trkpt lat="42.772620" lon="-7.287020"><ele>874.5</ele></trkpt>
      <trkpt lat="42.772650" lon="-7.287080"><ele>875.2</ele></trkpt>
      <trkpt lat="42.772650" lon="-7.287130"><ele>875.3</ele></trkpt>
      <trkpt lat="42.772630" lon="-7.287170"><ele>875.0</ele></trkpt>
      <trkpt lat="42.772610" lon="-7.287220"><ele>874.4</ele></trkpt>
      <trkpt lat="42.772570" lon="-7.287260"><ele>874.0</ele></trkpt>
      <trkpt lat="42.772540" lon="-7.287300"><ele>873.4</ele></trkpt>
      <trkpt lat="42.772510" lon="-7.287330"><ele>872.9</ele></trkpt>
      <trkpt lat="42.772480" lon="-7.287360"><ele>872.4</ele></trkpt>
      <trkpt lat="42.772460" lon="-7.287400"><ele>872.1</ele></trkpt>
      <trkpt lat="42.772430" lon="-7.287440"><ele>871.6</ele></trkpt>
      <trkpt lat="42.772390" lon="-7.287470"><ele>870.9</ele></trkpt>
      <trkpt lat="42.772360" lon="-7.287500"><ele>870.1</ele></trkpt>
      <trkpt lat="42.772330" lon="-7.287530"><ele>869.6</ele></trkpt>
      <trkpt lat="42.772300" lon="-7.287570"><ele>869.0</ele></trkpt>
      <trkpt lat="42.772280" lon="-7.287610"><ele>868.6</ele></trkpt>
      <trkpt lat="42.772240" lon="-7.287650"><ele>867.8</ele></trkpt>
      <trkpt lat="42.772220" lon="-7.287700"><ele>867.4</ele></trkpt>
      <trkpt lat="42.772190" lon="-7.287740"><ele>867.3</ele></trkpt>
      <trkpt lat="42.772160" lon="-7.287790"><ele>867.2</ele></trkpt>
      <trkpt lat="42.772130" lon="-7.287820"><ele>866.9</ele></trkpt>
      <trkpt lat="42.772120" lon="-7.287870"><ele>867.3</ele></trkpt>
      <trkpt lat="42.772100" lon="-7.287900"><ele>867.1</ele></trkpt>
      <trkpt lat="42.772070" lon="-7.287950"><ele>867.1</ele></trkpt>
      <trkpt lat="42.772040" lon="-7.287990"><ele>866.9</ele></trkpt>
      <trkpt lat="42.772020" lon="-7.288050"><ele>867.0</ele></trkpt>
      <trkpt lat="42.772000" lon="-7.288090"><ele>867.1</ele></trkpt>
      <trkpt lat="42.771970" lon="-7.288130"><ele>866.9</ele></trkpt>
      <trkpt lat="42.771950" lon="-7.288190"><ele>867.0</ele></trkpt>
      <trkpt lat="42.771920" lon="-7.288240"><ele>866.8</ele></trkpt>
      <trkpt lat="42.771910" lon="-7.288290"><ele>866.9</ele></trkpt>
      <trkpt lat="42.771890" lon="-7.288330"><ele>866.7</ele></trkpt>
      <trkpt lat="42.771870" lon="-7.288370"><ele>866.5</ele></trkpt>
      <trkpt lat="42.771840" lon="-7.288420"><ele>866.4</ele></trkpt>
      <trkpt lat="42.771820" lon="-7.288460"><ele>866.1</ele></trkpt>
      <trkpt lat="42.771800" lon="-7.288500"><ele>865.9</ele></trkpt>
      <trkpt lat="42.771780" lon="-7.288550"><ele>865.9</ele></trkpt>
      <trkpt lat="42.771760" lon="-7.288600"><ele>865.9</ele></trkpt>
      <trkpt lat="42.771740" lon="-7.288640"><ele>865.8</ele></trkpt>
      <trkpt lat="42.771710" lon="-7.288690"><ele>865.3</ele></trkpt>
      <trkpt lat="42.771690" lon="-7.288730"><ele>865.1</ele></trkpt>
      <trkpt lat="42.771680" lon="-7.288780"><ele>865.3</ele></trkpt>
      <trkpt lat="42.771670" lon="-7.288840"><ele>865.4</ele></trkpt>
      <trkpt lat="42.771650" lon="-7.288900"><ele>865.5</ele></trkpt>
      <trkpt lat="42.771650" lon="-7.288960"><ele>865.9</ele></trkpt>
      <trkpt lat="42.771640" lon="-7.289010"><ele>866.1</ele></trkpt>
      <trkpt lat="42.771630" lon="-7.289070"><ele>866.3</ele></trkpt>
      <trkpt lat="42.771620" lon="-7.289120"><ele>866.3</ele></trkpt>
      <trkpt lat="42.771610" lon="-7.289180"><ele>866.1</ele></trkpt>
      <trkpt lat="42.771600" lon="-7.289260"><ele>866.2</ele></trkpt>
      <trkpt lat="42.771590" lon="-7.289330"><ele>866.2</ele></trkpt>
      <trkpt lat="42.771590" lon="-7.289390"><ele>866.4</ele></trkpt>
      <trkpt lat="42.771580" lon="-7.289500"><ele>866.5</ele></trkpt>
      <trkpt lat="42.771580" lon="-7.289560"><ele>866.7</ele></trkpt>
      <trkpt lat="42.771580" lon="-7.289620"><ele>866.8</ele></trkpt>
      <trkpt lat="42.771580" lon="-7.289690"><ele>866.9</ele></trkpt>
      <trkpt lat="42.771580" lon="-7.289760"><ele>867.0</ele></trkpt>
      <trkpt lat="42.771580" lon="-7.289830"><ele>867.2</ele></trkpt>
      <trkpt lat="42.771590" lon="-7.289890"><ele>867.4</ele></trkpt>
      <trkpt lat="42.771590" lon="-7.289950"><ele>867.5</ele></trkpt>
      <trkpt lat="42.771600" lon="-7.290000"><ele>867.9</ele></trkpt>
      <trkpt lat="42.771600" lon="-7.290060"><ele>868.1</ele></trkpt>
      <trkpt lat="42.771600" lon="-7.290120"><ele>868.2</ele></trkpt>
      <trkpt lat="42.771610" lon="-7.290180"><ele>868.4</ele></trkpt>
      <trkpt lat="42.771620" lon="-7.290240"><ele>868.7</ele></trkpt>
      <trkpt lat="42.771620" lon="-7.290310"><ele>869.0</ele></trkpt>
      <trkpt lat="42.771630" lon="-7.290390"><ele>869.2</ele></trkpt>
      <trkpt lat="42.771630" lon="-7.290450"><ele>869.4</ele></trkpt>
      <trkpt lat="42.771640" lon="-7.290510"><ele>869.6</ele></trkpt>
      <trkpt lat="42.771640" lon="-7.290570"><ele>869.6</ele></trkpt>
      <trkpt lat="42.771640" lon="-7.290590"><ele>869.6</ele></trkpt>
      <trkpt lat="42.771660" lon="-7.290800"><ele>870.3</ele></trkpt>
      <trkpt lat="42.771690" lon="-7.291050"><ele>870.6</ele></trkpt>
      <trkpt lat="42.771730" lon="-7.291320"><ele>870.7</ele></trkpt>
      <trkpt lat="42.771730" lon="-7.291340"><ele>870.6</ele></trkpt>
      <trkpt lat="42.771780" lon="-7.291700"><ele>870.2</ele></trkpt>
      <trkpt lat="42.771850" lon="-7.292080"><ele>869.3</ele></trkpt>
      <trkpt lat="42.771900" lon="-7.292360"><ele>868.3</ele></trkpt>
      <trkpt lat="42.771950" lon="-7.292660"><ele>867.1</ele></trkpt>
      <trkpt lat="42.772020" lon="-7.292910"><ele>867.1</ele></trkpt>
      <trkpt lat="42.772020" lon="-7.292910"><ele>867.1</ele></trkpt>
      <trkpt lat="42.772100" lon="-7.293180"><ele>867.2</ele></trkpt>
      <trkpt lat="42.772150" lon="-7.293470"><ele>866.3</ele></trkpt>
      <trkpt lat="42.772180" lon="-7.293720"><ele>865.5</ele></trkpt>
      <trkpt lat="42.772200" lon="-7.294060"><ele>864.0</ele></trkpt>
      <trkpt lat="42.772210" lon="-7.294390"><ele>863.5</ele></trkpt>
      <trkpt lat="42.772170" lon="-7.294750"><ele>862.8</ele></trkpt>
      <trkpt lat="42.772100" lon="-7.295110"><ele>861.6</ele></trkpt>
      <trkpt lat="42.772050" lon="-7.295410"><ele>860.7</ele></trkpt>
      <trkpt lat="42.772040" lon="-7.295460"><ele>860.5</ele></trkpt>
      <trkpt lat="42.772020" lon="-7.295510"><ele>860.2</ele></trkpt>
      <trkpt lat="42.772000" lon="-7.295690"><ele>859.7</ele></trkpt>
      <trkpt lat="42.771920" lon="-7.295940"><ele>858.2</ele></trkpt>
      <trkpt lat="42.771880" lon="-7.296090"><ele>857.4</ele></trkpt>
      <trkpt lat="42.771830" lon="-7.296220"><ele>856.5</ele></trkpt>
      <trkpt lat="42.771740" lon="-7.296390"><ele>855.1</ele></trkpt>
      <trkpt lat="42.771600" lon="-7.296610"><ele>853.2</ele></trkpt>
      <trkpt lat="42.771420" lon="-7.296850"><ele>850.3</ele></trkpt>
      <trkpt lat="42.771270" lon="-7.297040"><ele>848.3</ele></trkpt>
      <trkpt lat="42.771100" lon="-7.297220"><ele>845.9</ele></trkpt>
      <trkpt lat="42.770940" lon="-7.297430"><ele>843.6</ele></trkpt>
      <trkpt lat="42.770790" lon="-7.297600"><ele>841.3</ele></trkpt>
      <trkpt lat="42.770710" lon="-7.297750"><ele>840.0</ele></trkpt>
      <trkpt lat="42.770570" lon="-7.297910"><ele>837.5</ele></trkpt>
      <trkpt lat="42.770520" lon="-7.297970"><ele>836.5</ele></trkpt>
      <trkpt lat="42.770520" lon="-7.297980"><ele>836.5</ele></trkpt>
      <trkpt lat="42.770450" lon="-7.298080"><ele>835.5</ele></trkpt>
      <trkpt lat="42.770390" lon="-7.298170"><ele>834.5</ele></trkpt>
      <trkpt lat="42.770290" lon="-7.298290"><ele>833.0</ele></trkpt>
      <trkpt lat="42.770170" lon="-7.298400"><ele>831.2</ele></trkpt>
      <trkpt lat="42.770060" lon="-7.298510"><ele>829.0</ele></trkpt>
      <trkpt lat="42.769940" lon="-7.298630"><ele>826.9</ele></trkpt>
      <trkpt lat="42.769900" lon="-7.298640"><ele>826.2</ele></trkpt>
      <trkpt lat="42.769870" lon="-7.298680"><ele>825.7</ele></trkpt>
      <trkpt lat="42.769850" lon="-7.298710"><ele>825.2</ele></trkpt>
      <trkpt lat="42.769810" lon="-7.298760"><ele>824.5</ele></trkpt>
      <trkpt lat="42.769780" lon="-7.298800"><ele>823.9</ele></trkpt>
      <trkpt lat="42.769760" lon="-7.298840"><ele>823.5</ele></trkpt>
      <trkpt lat="42.769720" lon="-7.298890"><ele>822.8</ele></trkpt>
      <trkpt lat="42.769680" lon="-7.298930"><ele>822.0</ele></trkpt>
      <trkpt lat="42.769660" lon="-7.298980"><ele>821.5</ele></trkpt>
      <trkpt lat="42.769630" lon="-7.299010"><ele>820.9</ele></trkpt>
      <trkpt lat="42.769590" lon="-7.299060"><ele>820.2</ele></trkpt>
      <trkpt lat="42.769560" lon="-7.299090"><ele>819.6</ele></trkpt>
      <trkpt lat="42.769520" lon="-7.299150"><ele>818.8</ele></trkpt>
      <trkpt lat="42.769500" lon="-7.299200"><ele>818.3</ele></trkpt>
      <trkpt lat="42.769470" lon="-7.299250"><ele>817.8</ele></trkpt>
      <trkpt lat="42.769440" lon="-7.299280"><ele>817.2</ele></trkpt>
      <trkpt lat="42.769410" lon="-7.299320"><ele>816.7</ele></trkpt>
      <trkpt lat="42.769380" lon="-7.299360"><ele>816.1</ele></trkpt>
      <trkpt lat="42.769350" lon="-7.299400"><ele>815.6</ele></trkpt>
      <trkpt lat="42.769330" lon="-7.299440"><ele>815.1</ele></trkpt>
      <trkpt lat="42.769320" lon="-7.299450"><ele>814.9</ele></trkpt>
      <trkpt lat="42.769230" lon="-7.299540"><ele>813.2</ele></trkpt>
      <trkpt lat="42.769150" lon="-7.299660"><ele>811.7</ele></trkpt>
      <trkpt lat="42.769110" lon="-7.299740"><ele>810.9</ele></trkpt>
      <trkpt lat="42.769040" lon="-7.299790"><ele>809.3</ele></trkpt>
      <trkpt lat="42.768990" lon="-7.299810"><ele>808.5</ele></trkpt>
      <trkpt lat="42.768960" lon="-7.299850"><ele>807.8</ele></trkpt>
      <trkpt lat="42.768910" lon="-7.299870"><ele>806.8</ele></trkpt>
      <trkpt lat="42.768870" lon="-7.299900"><ele>806.1</ele></trkpt>
      <trkpt lat="42.768850" lon="-7.299930"><ele>805.7</ele></trkpt>
      <trkpt lat="42.768810" lon="-7.299950"><ele>805.0</ele></trkpt>
      <trkpt lat="42.768780" lon="-7.299980"><ele>804.3</ele></trkpt>
      <trkpt lat="42.768740" lon="-7.300000"><ele>803.5</ele></trkpt>
      <trkpt lat="42.768700" lon="-7.300020"><ele>802.7</ele></trkpt>
      <trkpt lat="42.768660" lon="-7.300050"><ele>801.9</ele></trkpt>
      <trkpt lat="42.768620" lon="-7.300060"><ele>801.1</ele></trkpt>
      <trkpt lat="42.768580" lon="-7.300090"><ele>800.4</ele></trkpt>
      <trkpt lat="42.768550" lon="-7.300120"><ele>799.9</ele></trkpt>
      <trkpt lat="42.768520" lon="-7.300160"><ele>799.2</ele></trkpt>
      <trkpt lat="42.768480" lon="-7.300180"><ele>798.6</ele></trkpt>
      <trkpt lat="42.768440" lon="-7.300210"><ele>797.8</ele></trkpt>
      <trkpt lat="42.768410" lon="-7.300220"><ele>797.1</ele></trkpt>
      <trkpt lat="42.768370" lon="-7.300250"><ele>796.4</ele></trkpt>
      <trkpt lat="42.768340" lon="-7.300280"><ele>795.5</ele></trkpt>
      <trkpt lat="42.768310" lon="-7.300330"><ele>794.7</ele></trkpt>
      <trkpt lat="42.768270" lon="-7.300370"><ele>793.9</ele></trkpt>
      <trkpt lat="42.768250" lon="-7.300420"><ele>793.3</ele></trkpt>
      <trkpt lat="42.768250" lon="-7.300450"><ele>793.2</ele></trkpt>
      <trkpt lat="42.768200" lon="-7.300570"><ele>792.3</ele></trkpt>
      <trkpt lat="42.768130" lon="-7.300780"><ele>790.1</ele></trkpt>
      <trkpt lat="42.768120" lon="-7.300880"><ele>789.5</ele></trkpt>
      <trkpt lat="42.768100" lon="-7.301000"><ele>788.7</ele></trkpt>
      <trkpt lat="42.768090" lon="-7.301120"><ele>788.1</ele></trkpt>
      <trkpt lat="42.768090" lon="-7.301250"><ele>787.2</ele></trkpt>
      <trkpt lat="42.768090" lon="-7.301420"><ele>786.1</ele></trkpt>
      <trkpt lat="42.768080" lon="-7.301610"><ele>784.4</ele></trkpt>
      <trkpt lat="42.768080" lon="-7.301740"><ele>782.8</ele></trkpt>
      <trkpt lat="42.768070" lon="-7.301800"><ele>782.0</ele></trkpt>
      <trkpt lat="42.768060" lon="-7.301860"><ele>781.2</ele></trkpt>
      <trkpt lat="42.768050" lon="-7.301910"><ele>780.4</ele></trkpt>
      <trkpt lat="42.768030" lon="-7.301970"><ele>779.6</ele></trkpt>
      <trkpt lat="42.768020" lon="-7.302020"><ele>778.7</ele></trkpt>
      <trkpt lat="42.767990" lon="-7.302060"><ele>778.0</ele></trkpt>
      <trkpt lat="42.767980" lon="-7.302100"><ele>777.2</ele></trkpt>
      <trkpt lat="42.767950" lon="-7.302170"><ele>776.0</ele></trkpt>
      <trkpt lat="42.767930" lon="-7.302240"><ele>774.9</ele></trkpt>
      <trkpt lat="42.767900" lon="-7.302280"><ele>774.1</ele></trkpt>
      <trkpt lat="42.767870" lon="-7.302340"><ele>773.1</ele></trkpt>
      <trkpt lat="42.767850" lon="-7.302380"><ele>772.4</ele></trkpt>
      <trkpt lat="42.767820" lon="-7.302430"><ele>771.6</ele></trkpt>
      <trkpt lat="42.767790" lon="-7.302470"><ele>771.0</ele></trkpt>
      <trkpt lat="42.767770" lon="-7.302490"><ele>770.5</ele></trkpt>
      <trkpt lat="42.767740" lon="-7.302530"><ele>770.0</ele></trkpt>
      <trkpt lat="42.767710" lon="-7.302550"><ele>769.5</ele></trkpt>
      <trkpt lat="42.767660" lon="-7.302590"><ele>768.8</ele></trkpt>
      <trkpt lat="42.767640" lon="-7.302620"><ele>768.3</ele></trkpt>
      <trkpt lat="42.767600" lon="-7.302650"><ele>767.8</ele></trkpt>
      <trkpt lat="42.767570" lon="-7.302680"><ele>767.2</ele></trkpt>
      <trkpt lat="42.767540" lon="-7.302700"><ele>766.8</ele></trkpt>
      <trkpt lat="42.767500" lon="-7.302720"><ele>766.4</ele></trkpt>
      <trkpt lat="42.767470" lon="-7.302750"><ele>765.9</ele></trkpt>
      <trkpt lat="42.767420" lon="-7.302760"><ele>765.6</ele></trkpt>
      <trkpt lat="42.767390" lon="-7.302780"><ele>765.1</ele></trkpt>
      <trkpt lat="42.767350" lon="-7.302810"><ele>764.7</ele></trkpt>
      <trkpt lat="42.767320" lon="-7.302850"><ele>764.1</ele></trkpt>
      <trkpt lat="42.767300" lon="-7.302900"><ele>763.6</ele></trkpt>
      <trkpt lat="42.767310" lon="-7.302940"><ele>763.2</ele></trkpt>
      <trkpt lat="42.767340" lon="-7.302970"><ele>762.9</ele></trkpt>
      <trkpt lat="42.767380" lon="-7.302990"><ele>762.9</ele></trkpt>
      <trkpt lat="42.767420" lon="-7.303010"><ele>762.8</ele></trkpt>
      <trkpt lat="42.767450" lon="-7.303040"><ele>762.5</ele></trkpt>
      <trkpt lat="42.767490" lon="-7.303080"><ele>762.2</ele></trkpt>
      <trkpt lat="42.767520" lon="-7.303110"><ele>762.0</ele></trkpt>
      <trkpt lat="42.767560" lon="-7.303150"><ele>761.8</ele></trkpt>
      <trkpt lat="42.767580" lon="-7.303180"><ele>761.5</ele></trkpt>
      <trkpt lat="42.767610" lon="-7.303250"><ele>760.9</ele></trkpt>
      <trkpt lat="42.767640" lon="-7.303300"><ele>760.4</ele></trkpt>
      <trkpt lat="42.767670" lon="-7.303360"><ele>760.0</ele></trkpt>
      <trkpt lat="42.767690" lon="-7.303400"><ele>759.6</ele></trkpt>
      <trkpt lat="42.767720" lon="-7.303460"><ele>759.1</ele></trkpt>
      <trkpt lat="42.767730" lon="-7.303470"><ele>759.0</ele></trkpt>
      <trkpt lat="42.767810" lon="-7.303590"><ele>758.2</ele></trkpt>
      <trkpt lat="42.767840" lon="-7.303600"><ele>758.3</ele></trkpt>
      <trkpt lat="42.767920" lon="-7.303780"><ele>757.0</ele></trkpt>
      <trkpt lat="42.768010" lon="-7.303930"><ele>756.5</ele></trkpt>
      <trkpt lat="42.768080" lon="-7.304110"><ele>755.8</ele></trkpt>
      <trkpt lat="42.768170" lon="-7.304300"><ele>755.4</ele></trkpt>
      <trkpt lat="42.768240" lon="-7.304430"><ele>755.6</ele></trkpt>
      <trkpt lat="42.768370" lon="-7.304670"><ele>756.3</ele></trkpt>
      <trkpt lat="42.768470" lon="-7.304760"><ele>758.0</ele></trkpt>
      <trkpt lat="42.768480" lon="-7.304790"><ele>758.1</ele></trkpt>
      <trkpt lat="42.768520" lon="-7.304860"><ele>758.7</ele></trkpt>
      <trkpt lat="42.768540" lon="-7.304910"><ele>759.3</ele></trkpt>
      <trkpt lat="42.768590" lon="-7.305030"><ele>760.4</ele></trkpt>
      <trkpt lat="42.768610" lon="-7.305080"><ele>760.7</ele></trkpt>
      <trkpt lat="42.768630" lon="-7.305160"><ele>761.1</ele></trkpt>
      <trkpt lat="42.768640" lon="-7.305210"><ele>761.4</ele></trkpt>
      <trkpt lat="42.768650" lon="-7.305290"><ele>761.7</ele></trkpt>
      <trkpt lat="42.768650" lon="-7.305340"><ele>762.0</ele></trkpt>
      <trkpt lat="42.768650" lon="-7.305400"><ele>762.2</ele></trkpt>
      <trkpt lat="42.768640" lon="-7.305460"><ele>762.3</ele></trkpt>
      <trkpt lat="42.768620" lon="-7.305490"><ele>761.9</ele></trkpt>
      <trkpt lat="42.768610" lon="-7.305540"><ele>762.0</ele></trkpt>
      <trkpt lat="42.768590" lon="-7.305570"><ele>761.8</ele></trkpt>
      <trkpt lat="42.768560" lon="-7.305630"><ele>761.4</ele></trkpt>
      <trkpt lat="42.768530" lon="-7.305670"><ele>761.0</ele></trkpt>
      <trkpt lat="42.768510" lon="-7.305710"><ele>760.9</ele></trkpt>
      <trkpt lat="42.768480" lon="-7.305750"><ele>760.5</ele></trkpt>
      <trkpt lat="42.768460" lon="-7.305790"><ele>760.1</ele></trkpt>
      <trkpt lat="42.768440" lon="-7.305830"><ele>759.8</ele></trkpt>
      <trkpt lat="42.768410" lon="-7.305870"><ele>759.2</ele></trkpt>
      <trkpt lat="42.768370" lon="-7.305910"><ele>758.6</ele></trkpt>
      <trkpt lat="42.768350" lon="-7.305960"><ele>758.1</ele></trkpt>
      <trkpt lat="42.768320" lon="-7.306000"><ele>757.6</ele></trkpt>
      <trkpt lat="42.768290" lon="-7.306030"><ele>757.0</ele></trkpt>
      <trkpt lat="42.768260" lon="-7.306060"><ele>756.6</ele></trkpt>
      <trkpt lat="42.768230" lon="-7.306110"><ele>755.9</ele></trkpt>
      <trkpt lat="42.768200" lon="-7.306140"><ele>755.4</ele></trkpt>
      <trkpt lat="42.768170" lon="-7.306180"><ele>755.0</ele></trkpt>
      <trkpt lat="42.768150" lon="-7.306210"><ele>754.5</ele></trkpt>
      <trkpt lat="42.768120" lon="-7.306280"><ele>754.2</ele></trkpt>
      <trkpt lat="42.768100" lon="-7.306320"><ele>753.9</ele></trkpt>
      <trkpt lat="42.768090" lon="-7.306350"><ele>753.7</ele></trkpt>
      <trkpt lat="42.768010" lon="-7.306470"><ele>752.7</ele></trkpt>
      <trkpt lat="42.767930" lon="-7.306640"><ele>751.7</ele></trkpt>
      <trkpt lat="42.767890" lon="-7.306760"><ele>750.6</ele></trkpt>
      <trkpt lat="42.767890" lon="-7.306770"><ele>750.6</ele></trkpt>
      <trkpt lat="42.767850" lon="-7.306980"><ele>749.2</ele></trkpt>
      <trkpt lat="42.767850" lon="-7.306980"><ele>749.2</ele></trkpt>
      <trkpt lat="42.767830" lon="-7.307160"><ele>748.2</ele></trkpt>
      <trkpt lat="42.767820" lon="-7.307360"><ele>747.1</ele></trkpt>
      <trkpt lat="42.767820" lon="-7.307350"><ele>747.2</ele></trkpt>
      <trkpt lat="42.767810" lon="-7.307490"><ele>746.5</ele></trkpt>
      <trkpt lat="42.767820" lon="-7.307540"><ele>746.4</ele></trkpt>
      <trkpt lat="42.767820" lon="-7.307610"><ele>746.1</ele></trkpt>
      <trkpt lat="42.767840" lon="-7.307740"><ele>745.1</ele></trkpt>
      <trkpt lat="42.767850" lon="-7.307810"><ele>744.6</ele></trkpt>
      <trkpt lat="42.767870" lon="-7.307870"><ele>744.3</ele></trkpt>
      <trkpt lat="42.767890" lon="-7.307920"><ele>744.1</ele></trkpt>
      <trkpt lat="42.767920" lon="-7.307980"><ele>744.0</ele></trkpt>
      <trkpt lat="42.767950" lon="-7.308040"><ele>743.8</ele></trkpt>
      <trkpt lat="42.767980" lon="-7.308080"><ele>743.8</ele></trkpt>
      <trkpt lat="42.768020" lon="-7.308130"><ele>743.5</ele></trkpt>
      <trkpt lat="42.768040" lon="-7.308170"><ele>743.4</ele></trkpt>
      <trkpt lat="42.768070" lon="-7.308230"><ele>743.1</ele></trkpt>
      <trkpt lat="42.768100" lon="-7.308270"><ele>743.0</ele></trkpt>
      <trkpt lat="42.768140" lon="-7.308290"><ele>743.2</ele></trkpt>
      <trkpt lat="42.768170" lon="-7.308320"><ele>743.1</ele></trkpt>
      <trkpt lat="42.768200" lon="-7.308360"><ele>743.1</ele></trkpt>
      <trkpt lat="42.768230" lon="-7.308400"><ele>743.1</ele></trkpt>
      <trkpt lat="42.768280" lon="-7.308440"><ele>743.2</ele></trkpt>
      <trkpt lat="42.768310" lon="-7.308480"><ele>743.2</ele></trkpt>
      <trkpt lat="42.768340" lon="-7.308500"><ele>743.3</ele></trkpt>
      <trkpt lat="42.768370" lon="-7.308550"><ele>742.9</ele></trkpt>
      <trkpt lat="42.768400" lon="-7.308600"><ele>742.6</ele></trkpt>
      <trkpt lat="42.768440" lon="-7.308640"><ele>742.3</ele></trkpt>
      <trkpt lat="42.768480" lon="-7.308680"><ele>742.1</ele></trkpt>
      <trkpt lat="42.768510" lon="-7.308710"><ele>741.8</ele></trkpt>
      <trkpt lat="42.768530" lon="-7.308790"><ele>740.8</ele></trkpt>
      <trkpt lat="42.768550" lon="-7.308850"><ele>740.2</ele></trkpt>
      <trkpt lat="42.768580" lon="-7.308930"><ele>739.2</ele></trkpt>
      <trkpt lat="42.768600" lon="-7.308990"><ele>738.5</ele></trkpt>
      <trkpt lat="42.768640" lon="-7.309040"><ele>738.1</ele></trkpt>
      <trkpt lat="42.768660" lon="-7.309090"><ele>737.5</ele></trkpt>
      <trkpt lat="42.768690" lon="-7.309130"><ele>737.1</ele></trkpt>
      <trkpt lat="42.768700" lon="-7.309230"><ele>735.8</ele></trkpt>
      <trkpt lat="42.768720" lon="-7.309290"><ele>734.9</ele></trkpt>
      <trkpt lat="42.768730" lon="-7.309350"><ele>734.2</ele></trkpt>
      <trkpt lat="42.768730" lon="-7.309430"><ele>733.0</ele></trkpt>
      <trkpt lat="42.768730" lon="-7.309500"><ele>732.0</ele></trkpt>
      <trkpt lat="42.768730" lon="-7.309510"><ele>731.9</ele></trkpt>
      <trkpt lat="42.768830" lon="-7.309580"><ele>731.3</ele></trkpt>
      <trkpt lat="42.768960" lon="-7.309700"><ele>729.9</ele></trkpt>
      <trkpt lat="42.769140" lon="-7.309910"><ele>727.1</ele></trkpt>
      <trkpt lat="42.769320" lon="-7.310060"><ele>724.6</ele></trkpt>
      <trkpt lat="42.769450" lon="-7.310180"><ele>722.2</ele></trkpt>
      <trkpt lat="42.769600" lon="-7.310290"><ele>719.8</ele></trkpt>
      <trkpt lat="42.769770" lon="-7.310410"><ele>717.0</ele></trkpt>
      <trkpt lat="42.769970" lon="-7.310470"><ele>714.8</ele></trkpt>
      <trkpt lat="42.770130" lon="-7.310480"><ele>713.9</ele></trkpt>
      <trkpt lat="42.770240" lon="-7.310490"><ele>713.1</ele></trkpt>
      <trkpt lat="42.770340" lon="-7.310490"><ele>712.5</ele></trkpt>
      <trkpt lat="42.770380" lon="-7.310490"><ele>712.2</ele></trkpt>
      <trkpt lat="42.770430" lon="-7.310500"><ele>711.7</ele></trkpt>
      <trkpt lat="42.770470" lon="-7.310500"><ele>711.4</ele></trkpt>
      <trkpt lat="42.770520" lon="-7.310500"><ele>710.9</ele></trkpt>
      <trkpt lat="42.770570" lon="-7.310500"><ele>710.6</ele></trkpt>
      <trkpt lat="42.770610" lon="-7.310500"><ele>710.3</ele></trkpt>
      <trkpt lat="42.770660" lon="-7.310510"><ele>709.8</ele></trkpt>
      <trkpt lat="42.770690" lon="-7.310520"><ele>709.3</ele></trkpt>
      <trkpt lat="42.770740" lon="-7.310530"><ele>708.3</ele></trkpt>
      <trkpt lat="42.770790" lon="-7.310540"><ele>707.2</ele></trkpt>
      <trkpt lat="42.770830" lon="-7.310540"><ele>706.4</ele></trkpt>
      <trkpt lat="42.770870" lon="-7.310550"><ele>705.5</ele></trkpt>
      <trkpt lat="42.770910" lon="-7.310550"><ele>704.8</ele></trkpt>
      <trkpt lat="42.770950" lon="-7.310550"><ele>704.2</ele></trkpt>
      <trkpt lat="42.770990" lon="-7.310550"><ele>703.6</ele></trkpt>
      <trkpt lat="42.771030" lon="-7.310540"><ele>703.5</ele></trkpt>
      <trkpt lat="42.771060" lon="-7.310530"><ele>703.3</ele></trkpt>
      <trkpt lat="42.771100" lon="-7.310510"><ele>703.0</ele></trkpt>
      <trkpt lat="42.771140" lon="-7.310490"><ele>703.1</ele></trkpt>
      <trkpt lat="42.771180" lon="-7.310480"><ele>702.8</ele></trkpt>
      <trkpt lat="42.771220" lon="-7.310470"><ele>702.2</ele></trkpt>
      <trkpt lat="42.771260" lon="-7.310460"><ele>701.9</ele></trkpt>
      <trkpt lat="42.771290" lon="-7.310440"><ele>701.9</ele></trkpt>
      <trkpt lat="42.771460" lon="-7.310340"><ele>701.6</ele></trkpt>
      <trkpt lat="42.771500" lon="-7.310330"><ele>701.0</ele></trkpt>
      <trkpt lat="42.771540" lon="-7.310320"><ele>700.6</ele></trkpt>
      <trkpt lat="42.771580" lon="-7.310320"><ele>700.0</ele></trkpt>
      <trkpt lat="42.771620" lon="-7.310310"><ele>699.5</ele></trkpt>
      <trkpt lat="42.771660" lon="-7.310280"><ele>699.4</ele></trkpt>
      <trkpt lat="42.771690" lon="-7.310260"><ele>699.4</ele></trkpt>
      <trkpt lat="42.771730" lon="-7.310250"><ele>699.0</ele></trkpt>
      <trkpt lat="42.771770" lon="-7.310240"><ele>698.5</ele></trkpt>
      <trkpt lat="42.771810" lon="-7.310230"><ele>697.9</ele></trkpt>
      <trkpt lat="42.771850" lon="-7.310210"><ele>697.7</ele></trkpt>
      <trkpt lat="42.771890" lon="-7.310210"><ele>697.1</ele></trkpt>
      <trkpt lat="42.771920" lon="-7.310200"><ele>696.5</ele></trkpt>
      <trkpt lat="42.771960" lon="-7.310200"><ele>695.9</ele></trkpt>
      <trkpt lat="42.772000" lon="-7.310190"><ele>695.4</ele></trkpt>
      <trkpt lat="42.772040" lon="-7.310180"><ele>694.8</ele></trkpt>
      <trkpt lat="42.772080" lon="-7.310170"><ele>694.2</ele></trkpt>
      <trkpt lat="42.772120" lon="-7.310150"><ele>694.0</ele></trkpt>
      <trkpt lat="42.772160" lon="-7.310140"><ele>693.6</ele></trkpt>
      <trkpt lat="42.772200" lon="-7.310140"><ele>692.8</ele></trkpt>
      <trkpt lat="42.772250" lon="-7.310140"><ele>691.9</ele></trkpt>
      <trkpt lat="42.772290" lon="-7.310130"><ele>691.3</ele></trkpt>
      <trkpt lat="42.772330" lon="-7.310130"><ele>690.6</ele></trkpt>
      <trkpt lat="42.772370" lon="-7.310130"><ele>689.8</ele></trkpt>
      <trkpt lat="42.772400" lon="-7.310110"><ele>689.6</ele></trkpt>
      <trkpt lat="42.772440" lon="-7.310100"><ele>689.2</ele></trkpt>
      <trkpt lat="42.772480" lon="-7.310090"><ele>688.5</ele></trkpt>
      <trkpt lat="42.772520" lon="-7.310090"><ele>687.9</ele></trkpt>
      <trkpt lat="42.772560" lon="-7.310090"><ele>687.1</ele></trkpt>
      <trkpt lat="42.772600" lon="-7.310060"><ele>687.0</ele></trkpt>
      <trkpt lat="42.772650" lon="-7.310050"><ele>686.5</ele></trkpt>
      <trkpt lat="42.772680" lon="-7.310030"><ele>686.5</ele></trkpt>
      <trkpt lat="42.772710" lon="-7.310020"><ele>686.0</ele></trkpt>
      <trkpt lat="42.772750" lon="-7.310020"><ele>685.3</ele></trkpt>
      <trkpt lat="42.772760" lon="-7.310070"><ele>684.4</ele></trkpt>
      <trkpt lat="42.772740" lon="-7.310100"><ele>684.1</ele></trkpt>
      <trkpt lat="42.772710" lon="-7.310140"><ele>683.6</ele></trkpt>
      <trkpt lat="42.772690" lon="-7.310180"><ele>683.3</ele></trkpt>
      <trkpt lat="42.772660" lon="-7.310220"><ele>682.8</ele></trkpt>
      <trkpt lat="42.772630" lon="-7.310260"><ele>682.4</ele></trkpt>
      <trkpt lat="42.772600" lon="-7.310300"><ele>681.8</ele></trkpt>
      <trkpt lat="42.772570" lon="-7.310330"><ele>681.5</ele></trkpt>
      <trkpt lat="42.772540" lon="-7.310350"><ele>681.4</ele></trkpt>
      <trkpt lat="42.772500" lon="-7.310390"><ele>681.2</ele></trkpt>
      <trkpt lat="42.772470" lon="-7.310410"><ele>681.3</ele></trkpt>
      <trkpt lat="42.772430" lon="-7.310430"><ele>681.4</ele></trkpt>
      <trkpt lat="42.772390" lon="-7.310470"><ele>681.1</ele></trkpt>
      <trkpt lat="42.772360" lon="-7.310510"><ele>680.8</ele></trkpt>
      <trkpt lat="42.772330" lon="-7.310530"><ele>680.8</ele></trkpt>
      <trkpt lat="42.772300" lon="-7.310560"><ele>680.5</ele></trkpt>
      <trkpt lat="42.772280" lon="-7.310600"><ele>679.8</ele></trkpt>
      <trkpt lat="42.772250" lon="-7.310650"><ele>679.0</ele></trkpt>
      <trkpt lat="42.772210" lon="-7.310680"><ele>678.8</ele></trkpt>
      <trkpt lat="42.772180" lon="-7.310710"><ele>678.5</ele></trkpt>
      <trkpt lat="42.772150" lon="-7.310740"><ele>678.1</ele></trkpt>
      <trkpt lat="42.772120" lon="-7.310760"><ele>678.1</ele></trkpt>
      <trkpt lat="42.772080" lon="-7.310770"><ele>678.1</ele></trkpt>
      <trkpt lat="42.772070" lon="-7.310810"><ele>677.4</ele></trkpt>
      <trkpt lat="42.772030" lon="-7.310840"><ele>677.2</ele></trkpt>
      <trkpt lat="42.772000" lon="-7.310870"><ele>677.1</ele></trkpt>
      <trkpt lat="42.771950" lon="-7.310890"><ele>677.4</ele></trkpt>
      <trkpt lat="42.771910" lon="-7.310910"><ele>677.6</ele></trkpt>
      <trkpt lat="42.771870" lon="-7.310940"><ele>677.6</ele></trkpt>
      <trkpt lat="42.771830" lon="-7.310950"><ele>677.8</ele></trkpt>
      <trkpt lat="42.771800" lon="-7.310960"><ele>677.9</ele></trkpt>
      <trkpt lat="42.771760" lon="-7.310960"><ele>678.2</ele></trkpt>
      <trkpt lat="42.771720" lon="-7.310970"><ele>678.6</ele></trkpt>
      <trkpt lat="42.771670" lon="-7.310980"><ele>678.8</ele></trkpt>
      <trkpt lat="42.771640" lon="-7.310990"><ele>679.0</ele></trkpt>
      <trkpt lat="42.771590" lon="-7.311010"><ele>679.2</ele></trkpt>
      <trkpt lat="42.771540" lon="-7.311050"><ele>679.2</ele></trkpt>
      <trkpt lat="42.771500" lon="-7.311080"><ele>679.1</ele></trkpt>
      <trkpt lat="42.771460" lon="-7.311110"><ele>678.9</ele></trkpt>
      <trkpt lat="42.771430" lon="-7.311140"><ele>678.6</ele></trkpt>
      <trkpt lat="42.771390" lon="-7.311170"><ele>678.4</ele></trkpt>
      <trkpt lat="42.771370" lon="-7.311200"><ele>678.0</ele></trkpt>
      <trkpt lat="42.771340" lon="-7.311220"><ele>677.8</ele></trkpt>
      <trkpt lat="42.771310" lon="-7.311250"><ele>677.4</ele></trkpt>
      <trkpt lat="42.771300" lon="-7.311290"><ele>676.5</ele></trkpt>
      <trkpt lat="42.771270" lon="-7.311300"><ele>676.6</ele></trkpt>
      <trkpt lat="42.771300" lon="-7.311320"><ele>675.6</ele></trkpt>
      <trkpt lat="42.771340" lon="-7.311340"><ele>674.7</ele></trkpt>
      <trkpt lat="42.771380" lon="-7.311360"><ele>673.8</ele></trkpt>
      <trkpt lat="42.771410" lon="-7.311360"><ele>673.2</ele></trkpt>
      <trkpt lat="42.771450" lon="-7.311380"><ele>672.2</ele></trkpt>
      <trkpt lat="42.771490" lon="-7.311410"><ele>671.2</ele></trkpt>
      <trkpt lat="42.771510" lon="-7.311440"><ele>670.2</ele></trkpt>
      <trkpt lat="42.771550" lon="-7.311470"><ele>669.2</ele></trkpt>
      <trkpt lat="42.771570" lon="-7.311510"><ele>668.2</ele></trkpt>
      <trkpt lat="42.771600" lon="-7.311550"><ele>667.1</ele></trkpt>
      <trkpt lat="42.771620" lon="-7.311590"><ele>666.0</ele></trkpt>
      <trkpt lat="42.771640" lon="-7.311670"><ele>664.6</ele></trkpt>
      <trkpt lat="42.771640" lon="-7.311720"><ele>663.5</ele></trkpt>
      <trkpt lat="42.771640" lon="-7.311780"><ele>662.9</ele></trkpt>
      <trkpt lat="42.771630" lon="-7.311830"><ele>662.7</ele></trkpt>
      <trkpt lat="42.771620" lon="-7.311870"><ele>662.6</ele></trkpt>
      <trkpt lat="42.771610" lon="-7.311920"><ele>662.5</ele></trkpt>
      <trkpt lat="42.771600" lon="-7.311990"><ele>662.3</ele></trkpt>
      <trkpt lat="42.771580" lon="-7.312040"><ele>662.2</ele></trkpt>
      <trkpt lat="42.771550" lon="-7.312080"><ele>662.0</ele></trkpt>
      <trkpt lat="42.771520" lon="-7.312120"><ele>661.9</ele></trkpt>
      <trkpt lat="42.771500" lon="-7.312160"><ele>661.6</ele></trkpt>
      <trkpt lat="42.771470" lon="-7.312190"><ele>661.4</ele></trkpt>
      <trkpt lat="42.771370" lon="-7.312290"><ele>660.8</ele></trkpt>
      <trkpt lat="42.771270" lon="-7.312430"><ele>659.9</ele></trkpt>
      <trkpt lat="42.771190" lon="-7.312520"><ele>659.0</ele></trkpt>
      <trkpt lat="42.771130" lon="-7.312590"><ele>658.3</ele></trkpt>
      <trkpt lat="42.771100" lon="-7.312650"><ele>657.9</ele></trkpt>
      <trkpt lat="42.771090" lon="-7.312750"><ele>658.0</ele></trkpt>
      <trkpt lat="42.771080" lon="-7.312900"><ele>658.6</ele></trkpt>
      <trkpt lat="42.771060" lon="-7.313060"><ele>659.0</ele></trkpt>
      <trkpt lat="42.771030" lon="-7.313260"><ele>659.5</ele></trkpt>
      <trkpt lat="42.770980" lon="-7.313400"><ele>659.7</ele></trkpt>
      <trkpt lat="42.770940" lon="-7.313540"><ele>659.7</ele></trkpt>
      <trkpt lat="42.770920" lon="-7.313620"><ele>659.8</ele></trkpt>
      <trkpt lat="42.770880" lon="-7.313690"><ele>659.8</ele></trkpt>
      <trkpt lat="42.770880" lon="-7.313690"><ele>659.7</ele></trkpt>
      <trkpt lat="42.770850" lon="-7.313760"><ele>659.7</ele></trkpt>
      <trkpt lat="42.770830" lon="-7.313810"><ele>659.7</ele></trkpt>
      <trkpt lat="42.770830" lon="-7.313870"><ele>660.0</ele></trkpt>
      <trkpt lat="42.770830" lon="-7.313920"><ele>660.3</ele></trkpt>
      <trkpt lat="42.770840" lon="-7.313980"><ele>660.6</ele></trkpt>
      <trkpt lat="42.770840" lon="-7.314030"><ele>661.0</ele></trkpt>
      <trkpt lat="42.770860" lon="-7.314090"><ele>661.6</ele></trkpt>
      <trkpt lat="42.770880" lon="-7.314130"><ele>662.0</ele></trkpt>
      <trkpt lat="42.770890" lon="-7.314180"><ele>662.4</ele></trkpt>
      <trkpt lat="42.770900" lon="-7.314230"><ele>662.9</ele></trkpt>
      <trkpt lat="42.770920" lon="-7.314270"><ele>663.4</ele></trkpt>
      <trkpt lat="42.770950" lon="-7.314310"><ele>664.0</ele></trkpt>
      <trkpt lat="42.770970" lon="-7.314350"><ele>664.5</ele></trkpt>
      <trkpt lat="42.770990" lon="-7.314380"><ele>665.0</ele></trkpt>
      <trkpt lat="42.771020" lon="-7.314420"><ele>665.6</ele></trkpt>
      <trkpt lat="42.771030" lon="-7.314430"><ele>665.8</ele></trkpt>
      <trkpt lat="42.771100" lon="-7.314490"><ele>667.1</ele></trkpt>
      <trkpt lat="42.771110" lon="-7.314500"><ele>667.3</ele></trkpt>
      <trkpt lat="42.771220" lon="-7.314610"><ele>669.3</ele></trkpt>
      <trkpt lat="42.771300" lon="-7.314710"><ele>670.7</ele></trkpt>
      <trkpt lat="42.771330" lon="-7.314760"><ele>671.2</ele></trkpt>
      <trkpt lat="42.771360" lon="-7.314840"><ele>671.8</ele></trkpt>
      <trkpt lat="42.771370" lon="-7.314910"><ele>672.2</ele></trkpt>
      <trkpt lat="42.771390" lon="-7.314960"><ele>672.5</ele></trkpt>
      <trkpt lat="42.771400" lon="-7.315000"><ele>672.8</ele></trkpt>
      <trkpt lat="42.771410" lon="-7.315070"><ele>673.2</ele></trkpt>
      <trkpt lat="42.771430" lon="-7.315120"><ele>673.6</ele></trkpt>
      <trkpt lat="42.771430" lon="-7.315190"><ele>673.9</ele></trkpt>
      <trkpt lat="42.771430" lon="-7.315240"><ele>674.1</ele></trkpt>
      <trkpt lat="42.771430" lon="-7.315290"><ele>674.3</ele></trkpt>
      <trkpt lat="42.771410" lon="-7.315340"><ele>674.4</ele></trkpt>
      <trkpt lat="42.771400" lon="-7.315410"><ele>674.6</ele></trkpt>
      <trkpt lat="42.771400" lon="-7.315460"><ele>674.7</ele></trkpt>
      <trkpt lat="42.771370" lon="-7.315510"><ele>674.7</ele></trkpt>
      <trkpt lat="42.771370" lon="-7.315560"><ele>674.9</ele></trkpt>
      <trkpt lat="42.771360" lon="-7.315630"><ele>675.1</ele></trkpt>
      <trkpt lat="42.771350" lon="-7.315670"><ele>675.2</ele></trkpt>
      <trkpt lat="42.771320" lon="-7.315710"><ele>675.2</ele></trkpt>
      <trkpt lat="42.771290" lon="-7.315770"><ele>675.2</ele></trkpt>
      <trkpt lat="42.771280" lon="-7.315810"><ele>675.3</ele></trkpt>
      <trkpt lat="42.771270" lon="-7.315860"><ele>675.5</ele></trkpt>
      <trkpt lat="42.771240" lon="-7.315890"><ele>675.5</ele></trkpt>
      <trkpt lat="42.771220" lon="-7.315950"><ele>675.5</ele></trkpt>
      <trkpt lat="42.771200" lon="-7.316000"><ele>675.5</ele></trkpt>
      <trkpt lat="42.771190" lon="-7.316050"><ele>675.5</ele></trkpt>
      <trkpt lat="42.771190" lon="-7.316100"><ele>675.5</ele></trkpt>
      <trkpt lat="42.771190" lon="-7.316150"><ele>675.6</ele></trkpt>
      <trkpt lat="42.771190" lon="-7.316230"><ele>675.8</ele></trkpt>
      <trkpt lat="42.771210" lon="-7.316290"><ele>676.0</ele></trkpt>
      <trkpt lat="42.771230" lon="-7.316340"><ele>676.1</ele></trkpt>
      <trkpt lat="42.771310" lon="-7.316620"><ele>676.3</ele></trkpt>
      <trkpt lat="42.771370" lon="-7.316930"><ele>675.7</ele></trkpt>
      <trkpt lat="42.771440" lon="-7.317220"><ele>674.0</ele></trkpt>
      <trkpt lat="42.771510" lon="-7.317500"><ele>672.5</ele></trkpt>
      <trkpt lat="42.771620" lon="-7.317770"><ele>671.3</ele></trkpt>
      <trkpt lat="42.771680" lon="-7.317990"><ele>669.7</ele></trkpt>
      <trkpt lat="42.771730" lon="-7.318110"><ele>668.9</ele></trkpt>
      <trkpt lat="42.771750" lon="-7.318150"><ele>668.6</ele></trkpt>
      <trkpt lat="42.771780" lon="-7.318200"><ele>668.2</ele></trkpt>
      <trkpt lat="42.771810" lon="-7.318240"><ele>667.9</ele></trkpt>
      <trkpt lat="42.771840" lon="-7.318280"><ele>667.6</ele></trkpt>
      <trkpt lat="42.771880" lon="-7.318310"><ele>667.4</ele></trkpt>
      <trkpt lat="42.771920" lon="-7.318310"><ele>667.5</ele></trkpt>
      <trkpt lat="42.771960" lon="-7.318320"><ele>667.6</ele></trkpt>
      <trkpt lat="42.772010" lon="-7.318320"><ele>667.7</ele></trkpt>
      <trkpt lat="42.772050" lon="-7.318320"><ele>667.9</ele></trkpt>
      <trkpt lat="42.772100" lon="-7.318320"><ele>668.0</ele></trkpt>
      <trkpt lat="42.772140" lon="-7.318320"><ele>668.2</ele></trkpt>
      <trkpt lat="42.772180" lon="-7.318330"><ele>668.3</ele></trkpt>
      <trkpt lat="42.772220" lon="-7.318340"><ele>668.4</ele></trkpt>
      <trkpt lat="42.772280" lon="-7.318340"><ele>668.6</ele></trkpt>
      <trkpt lat="42.772320" lon="-7.318340"><ele>668.8</ele></trkpt>
      <trkpt lat="42.772360" lon="-7.318350"><ele>668.8</ele></trkpt>
      <trkpt lat="42.772390" lon="-7.318370"><ele>668.8</ele></trkpt>
      <trkpt lat="42.772410" lon="-7.318410"><ele>668.5</ele></trkpt>
      <trkpt lat="42.772440" lon="-7.318440"><ele>668.4</ele></trkpt>
      <trkpt lat="42.772480" lon="-7.318480"><ele>668.2</ele></trkpt>
      <trkpt lat="42.772520" lon="-7.318510"><ele>668.1</ele></trkpt>
      <trkpt lat="42.772530" lon="-7.318600"><ele>667.3</ele></trkpt>
      <trkpt lat="42.772550" lon="-7.318660"><ele>666.9</ele></trkpt>
      <trkpt lat="42.772560" lon="-7.318710"><ele>666.5</ele></trkpt>
      <trkpt lat="42.772580" lon="-7.318800"><ele>665.9</ele></trkpt>
      <trkpt lat="42.772580" lon="-7.318860"><ele>665.4</ele></trkpt>
      <trkpt lat="42.772580" lon="-7.318920"><ele>664.8</ele></trkpt>
      <trkpt lat="42.772580" lon="-7.318990"><ele>664.1</ele></trkpt>
      <trkpt lat="42.772580" lon="-7.319040"><ele>663.6</ele></trkpt>
      <trkpt lat="42.772580" lon="-7.319110"><ele>662.9</ele></trkpt>
      <trkpt lat="42.772580" lon="-7.319160"><ele>662.5</ele></trkpt>
      <trkpt lat="42.772580" lon="-7.319210"><ele>662.5</ele></trkpt>
      <trkpt lat="42.772580" lon="-7.319270"><ele>662.5</ele></trkpt>
      <trkpt lat="42.772580" lon="-7.319350"><ele>662.6</ele></trkpt>
      <trkpt lat="42.772580" lon="-7.319410"><ele>662.7</ele></trkpt>
      <trkpt lat="42.772580" lon="-7.319490"><ele>662.7</ele></trkpt>
      <trkpt lat="42.772590" lon="-7.319540"><ele>662.9</ele></trkpt>
      <trkpt lat="42.772590" lon="-7.319600"><ele>662.9</ele></trkpt>
      <trkpt lat="42.772590" lon="-7.319660"><ele>662.9</ele></trkpt>
      <trkpt lat="42.772590" lon="-7.319750"><ele>662.9</ele></trkpt>
      <trkpt lat="42.772580" lon="-7.319800"><ele>662.8</ele></trkpt>
      <trkpt lat="42.772560" lon="-7.319850"><ele>662.6</ele></trkpt>
      <trkpt lat="42.772550" lon="-7.319900"><ele>662.5</ele></trkpt>
      <trkpt lat="42.772500" lon="-7.319980"><ele>661.9</ele></trkpt>
      <trkpt lat="42.772470" lon="-7.320000"><ele>661.6</ele></trkpt>
      <trkpt lat="42.772450" lon="-7.320040"><ele>661.3</ele></trkpt>
      <trkpt lat="42.772420" lon="-7.320080"><ele>660.9</ele></trkpt>
      <trkpt lat="42.772390" lon="-7.320110"><ele>660.5</ele></trkpt>
      <trkpt lat="42.772350" lon="-7.320110"><ele>660.0</ele></trkpt>
      <trkpt lat="42.772310" lon="-7.320130"><ele>659.6</ele></trkpt>
      <trkpt lat="42.772270" lon="-7.320170"><ele>659.0</ele></trkpt>
      <trkpt lat="42.772230" lon="-7.320200"><ele>658.6</ele></trkpt>
      <trkpt lat="42.772190" lon="-7.320240"><ele>658.2</ele></trkpt>
      <trkpt lat="42.772170" lon="-7.320280"><ele>658.0</ele></trkpt>
      <trkpt lat="42.772160" lon="-7.320410"><ele>658.1</ele></trkpt>
      <trkpt lat="42.772160" lon="-7.320480"><ele>658.3</ele></trkpt>
      <trkpt lat="42.772180" lon="-7.320540"><ele>658.6</ele></trkpt>
      <trkpt lat="42.772190" lon="-7.320580"><ele>658.7</ele></trkpt>
      <trkpt lat="42.772210" lon="-7.320630"><ele>658.8</ele></trkpt>
      <trkpt lat="42.772220" lon="-7.320700"><ele>658.9</ele></trkpt>
      <trkpt lat="42.772240" lon="-7.320750"><ele>659.1</ele></trkpt>
      <trkpt lat="42.772270" lon="-7.320790"><ele>659.3</ele></trkpt>
      <trkpt lat="42.772290" lon="-7.320830"><ele>659.5</ele></trkpt>
      <trkpt lat="42.772310" lon="-7.320870"><ele>659.7</ele></trkpt>
      <trkpt lat="42.772340" lon="-7.320920"><ele>659.9</ele></trkpt>
      <trkpt lat="42.772360" lon="-7.320960"><ele>660.1</ele></trkpt>
      <trkpt lat="42.772390" lon="-7.321000"><ele>660.4</ele></trkpt>
      <trkpt lat="42.772410" lon="-7.321040"><ele>660.5</ele></trkpt>
      <trkpt lat="42.772450" lon="-7.321060"><ele>660.8</ele></trkpt>
      <trkpt lat="42.772500" lon="-7.321090"><ele>661.1</ele></trkpt>
      <trkpt lat="42.772530" lon="-7.321140"><ele>661.3</ele></trkpt>
      <trkpt lat="42.772580" lon="-7.321170"><ele>661.6</ele></trkpt>
      <trkpt lat="42.772610" lon="-7.321190"><ele>661.7</ele></trkpt>
      <trkpt lat="42.772650" lon="-7.321210"><ele>662.0</ele></trkpt>
      <trkpt lat="42.772690" lon="-7.321250"><ele>662.1</ele></trkpt>
      <trkpt lat="42.772730" lon="-7.321280"><ele>662.3</ele></trkpt>
      <trkpt lat="42.772780" lon="-7.321320"><ele>662.5</ele></trkpt>
      <trkpt lat="42.772810" lon="-7.321340"><ele>662.7</ele></trkpt>
      <trkpt lat="42.772840" lon="-7.321360"><ele>662.8</ele></trkpt>
      <trkpt lat="42.772870" lon="-7.321400"><ele>662.8</ele></trkpt>
      <trkpt lat="42.772900" lon="-7.321500"><ele>662.7</ele></trkpt>
      <trkpt lat="42.772920" lon="-7.321560"><ele>662.5</ele></trkpt>
      <trkpt lat="42.772930" lon="-7.321600"><ele>662.5</ele></trkpt>
      <trkpt lat="42.772960" lon="-7.321710"><ele>662.3</ele></trkpt>
      <trkpt lat="42.772980" lon="-7.321910"><ele>661.7</ele></trkpt>
      <trkpt lat="42.773000" lon="-7.322070"><ele>661.5</ele></trkpt>
      <trkpt lat="42.773000" lon="-7.322120"><ele>661.4</ele></trkpt>
      <trkpt lat="42.773020" lon="-7.322220"><ele>661.3</ele></trkpt>
      <trkpt lat="42.773060" lon="-7.322340"><ele>661.5</ele></trkpt>
      <trkpt lat="42.773130" lon="-7.322490"><ele>661.7</ele></trkpt>
      <trkpt lat="42.773130" lon="-7.322490"><ele>661.7</ele></trkpt>
      <trkpt lat="42.773180" lon="-7.322590"><ele>661.8</ele></trkpt>
      <trkpt lat="42.773180" lon="-7.322600"><ele>661.8</ele></trkpt>
      <trkpt lat="42.773230" lon="-7.322730"><ele>661.9</ele></trkpt>
      <trkpt lat="42.773360" lon="-7.322970"><ele>662.3</ele></trkpt>
      <trkpt lat="42.773410" lon="-7.323090"><ele>662.2</ele></trkpt>
      <trkpt lat="42.773460" lon="-7.323250"><ele>662.0</ele></trkpt>
      <trkpt lat="42.773520" lon="-7.323440"><ele>661.2</ele></trkpt>
      <trkpt lat="42.773580" lon="-7.323630"><ele>660.4</ele></trkpt>
      <trkpt lat="42.773610" lon="-7.323810"><ele>659.5</ele></trkpt>
      <trkpt lat="42.773650" lon="-7.324030"><ele>658.4</ele></trkpt>
      <trkpt lat="42.773710" lon="-7.324300"><ele>657.4</ele></trkpt>
      <trkpt lat="42.773740" lon="-7.324470"><ele>657.5</ele></trkpt>
      <trkpt lat="42.773760" lon="-7.324530"><ele>657.5</ele></trkpt>
      <trkpt lat="42.773780" lon="-7.324620"><ele>657.5</ele></trkpt>
      <trkpt lat="42.773790" lon="-7.324670"><ele>657.5</ele></trkpt>
      <trkpt lat="42.773800" lon="-7.324740"><ele>657.6</ele></trkpt>
      <trkpt lat="42.773820" lon="-7.324810"><ele>657.7</ele></trkpt>
      <trkpt lat="42.773840" lon="-7.324870"><ele>657.8</ele></trkpt>
      <trkpt lat="42.773860" lon="-7.324940"><ele>657.9</ele></trkpt>
      <trkpt lat="42.773870" lon="-7.325000"><ele>658.0</ele></trkpt>
      <trkpt lat="42.773890" lon="-7.325090"><ele>658.2</ele></trkpt>
      <trkpt lat="42.773900" lon="-7.325140"><ele>658.3</ele></trkpt>
      <trkpt lat="42.773900" lon="-7.325190"><ele>658.4</ele></trkpt>
      <trkpt lat="42.773910" lon="-7.325240"><ele>658.6</ele></trkpt>
      <trkpt lat="42.773910" lon="-7.325290"><ele>658.8</ele></trkpt>
      <trkpt lat="42.773900" lon="-7.325350"><ele>659.0</ele></trkpt>
      <trkpt lat="42.773880" lon="-7.325400"><ele>659.2</ele></trkpt>
      <trkpt lat="42.773870" lon="-7.325450"><ele>659.3</ele></trkpt>
      <trkpt lat="42.773850" lon="-7.325490"><ele>659.4</ele></trkpt>
      <trkpt lat="42.773850" lon="-7.325550"><ele>659.7</ele></trkpt>
      <trkpt lat="42.773850" lon="-7.325600"><ele>659.9</ele></trkpt>
      <trkpt lat="42.773850" lon="-7.325660"><ele>660.1</ele></trkpt>
      <trkpt lat="42.773840" lon="-7.325710"><ele>660.4</ele></trkpt>
      <trkpt lat="42.773840" lon="-7.325770"><ele>660.7</ele></trkpt>
      <trkpt lat="42.773840" lon="-7.325830"><ele>661.2</ele></trkpt>
      <trkpt lat="42.773840" lon="-7.325900"><ele>661.5</ele></trkpt>
      <trkpt lat="42.773830" lon="-7.325940"><ele>661.8</ele></trkpt>
      <trkpt lat="42.773820" lon="-7.326000"><ele>662.1</ele></trkpt>
      <trkpt lat="42.773820" lon="-7.326050"><ele>662.4</ele></trkpt>
      <trkpt lat="42.773810" lon="-7.326120"><ele>662.8</ele></trkpt>
      <trkpt lat="42.773810" lon="-7.326180"><ele>663.2</ele></trkpt>
      <trkpt lat="42.773810" lon="-7.326240"><ele>663.6</ele></trkpt>
      <trkpt lat="42.773800" lon="-7.326290"><ele>663.9</ele></trkpt>
      <trkpt lat="42.773780" lon="-7.326330"><ele>664.2</ele></trkpt>
      <trkpt lat="42.773770" lon="-7.326380"><ele>664.5</ele></trkpt>
      <trkpt lat="42.773750" lon="-7.326450"><ele>665.0</ele></trkpt>
      <trkpt lat="42.773750" lon="-7.326510"><ele>665.4</ele></trkpt>
      <trkpt lat="42.773740" lon="-7.326570"><ele>665.8</ele></trkpt>
      <trkpt lat="42.773720" lon="-7.326620"><ele>666.1</ele></trkpt>
      <trkpt lat="42.773710" lon="-7.326680"><ele>666.4</ele></trkpt>
      <trkpt lat="42.773690" lon="-7.326720"><ele>666.6</ele></trkpt>
      <trkpt lat="42.773650" lon="-7.326750"><ele>666.8</ele></trkpt>
      <trkpt lat="42.773630" lon="-7.326790"><ele>667.0</ele></trkpt>
      <trkpt lat="42.773590" lon="-7.326830"><ele>667.2</ele></trkpt>
      <trkpt lat="42.773560" lon="-7.326870"><ele>667.4</ele></trkpt>
      <trkpt lat="42.773520" lon="-7.326890"><ele>667.6</ele></trkpt>
      <trkpt lat="42.773490" lon="-7.326920"><ele>667.7</ele></trkpt>
      <trkpt lat="42.773460" lon="-7.326950"><ele>667.9</ele></trkpt>
      <trkpt lat="42.773420" lon="-7.326970"><ele>667.9</ele></trkpt>
      <trkpt lat="42.773390" lon="-7.327000"><ele>668.0</ele></trkpt>
      <trkpt lat="42.773350" lon="-7.327010"><ele>668.0</ele></trkpt>
      <trkpt lat="42.773310" lon="-7.327040"><ele>668.0</ele></trkpt>
      <trkpt lat="42.773270" lon="-7.327050"><ele>668.0</ele></trkpt>
      <trkpt lat="42.773240" lon="-7.327070"><ele>668.0</ele></trkpt>
      <trkpt lat="42.773210" lon="-7.327090"><ele>668.0</ele></trkpt>
      <trkpt lat="42.773170" lon="-7.327110"><ele>668.0</ele></trkpt>
      <trkpt lat="42.773140" lon="-7.327130"><ele>668.1</ele></trkpt>
      <trkpt lat="42.773110" lon="-7.327150"><ele>668.2</ele></trkpt>
      <trkpt lat="42.773070" lon="-7.327180"><ele>668.2</ele></trkpt>
      <trkpt lat="42.773030" lon="-7.327210"><ele>668.3</ele></trkpt>
      <trkpt lat="42.773000" lon="-7.327210"><ele>668.2</ele></trkpt>
      <trkpt lat="42.772960" lon="-7.327220"><ele>668.0</ele></trkpt>
      <trkpt lat="42.772920" lon="-7.327240"><ele>667.9</ele></trkpt>
      <trkpt lat="42.772880" lon="-7.327240"><ele>667.8</ele></trkpt>
      <trkpt lat="42.772840" lon="-7.327250"><ele>667.6</ele></trkpt>
      <trkpt lat="42.772800" lon="-7.327260"><ele>667.6</ele></trkpt>
      <trkpt lat="42.772780" lon="-7.327290"><ele>667.6</ele></trkpt>
      <trkpt lat="42.772750" lon="-7.327330"><ele>667.8</ele></trkpt>
      <trkpt lat="42.772730" lon="-7.327360"><ele>668.0</ele></trkpt>
      <trkpt lat="42.772710" lon="-7.327410"><ele>668.3</ele></trkpt>
      <trkpt lat="42.772690" lon="-7.327460"><ele>668.5</ele></trkpt>
      <trkpt lat="42.772670" lon="-7.327500"><ele>668.8</ele></trkpt>
      <trkpt lat="42.772660" lon="-7.327550"><ele>669.0</ele></trkpt>
      <trkpt lat="42.772660" lon="-7.327610"><ele>669.3</ele></trkpt>
      <trkpt lat="42.772660" lon="-7.327670"><ele>669.7</ele></trkpt>
      <trkpt lat="42.772660" lon="-7.327720"><ele>670.0</ele></trkpt>
      <trkpt lat="42.772670" lon="-7.327770"><ele>670.3</ele></trkpt>
      <trkpt lat="42.772680" lon="-7.327830"><ele>670.7</ele></trkpt>
      <trkpt lat="42.772700" lon="-7.327880"><ele>671.0</ele></trkpt>
      <trkpt lat="42.772720" lon="-7.327930"><ele>671.4</ele></trkpt>
      <trkpt lat="42.772720" lon="-7.327950"><ele>671.4</ele></trkpt>
      <trkpt lat="42.772810" lon="-7.328150"><ele>672.6</ele></trkpt>
      <trkpt lat="42.772880" lon="-7.328360"><ele>673.6</ele></trkpt>
      <trkpt lat="42.772960" lon="-7.328590"><ele>674.2</ele></trkpt>
      <trkpt lat="42.772960" lon="-7.328600"><ele>674.2</ele></trkpt>
      <trkpt lat="42.773020" lon="-7.328790"><ele>674.5</ele></trkpt>
      <trkpt lat="42.773090" lon="-7.328920"><ele>674.6</ele></trkpt>
      <trkpt lat="42.773140" lon="-7.329070"><ele>674.7</ele></trkpt>
      <trkpt lat="42.773160" lon="-7.329160"><ele>674.8</ele></trkpt>
      <trkpt lat="42.773200" lon="-7.329250"><ele>675.0</ele></trkpt>
      <trkpt lat="42.773210" lon="-7.329300"><ele>675.0</ele></trkpt>
      <trkpt lat="42.773210" lon="-7.329360"><ele>675.0</ele></trkpt>
      <trkpt lat="42.773210" lon="-7.329410"><ele>675.0</ele></trkpt>
      <trkpt lat="42.773220" lon="-7.329460"><ele>675.0</ele></trkpt>
      <trkpt lat="42.773220" lon="-7.329520"><ele>675.0</ele></trkpt>
      <trkpt lat="42.773220" lon="-7.329580"><ele>675.0</ele></trkpt>
      <trkpt lat="42.773220" lon="-7.329640"><ele>675.0</ele></trkpt>
      <trkpt lat="42.773220" lon="-7.329700"><ele>675.0</ele></trkpt>
      <trkpt lat="42.773220" lon="-7.329780"><ele>675.0</ele></trkpt>
      <trkpt lat="42.773210" lon="-7.329830"><ele>674.9</ele></trkpt>
      <trkpt lat="42.773210" lon="-7.329890"><ele>674.8</ele></trkpt>
      <trkpt lat="42.773210" lon="-7.329960"><ele>674.6</ele></trkpt>
      <trkpt lat="42.773210" lon="-7.330000"><ele>674.5</ele></trkpt>
      <trkpt lat="42.773210" lon="-7.330280"><ele>673.8</ele></trkpt>
      <trkpt lat="42.773210" lon="-7.330570"><ele>672.8</ele></trkpt>
      <trkpt lat="42.773220" lon="-7.330800"><ele>672.2</ele></trkpt>
      <trkpt lat="42.773190" lon="-7.331120"><ele>671.8</ele></trkpt>
      <trkpt lat="42.773120" lon="-7.331490"><ele>671.7</ele></trkpt>
      <trkpt lat="42.773050" lon="-7.331860"><ele>671.9</ele></trkpt>
      <trkpt lat="42.772990" lon="-7.332230"><ele>672.1</ele></trkpt>
      <trkpt lat="42.772930" lon="-7.332590"><ele>672.1</ele></trkpt>
      <trkpt lat="42.772930" lon="-7.332610"><ele>672.1</ele></trkpt>
      <trkpt lat="42.772900" lon="-7.332920"><ele>671.8</ele></trkpt>
      <trkpt lat="42.772890" lon="-7.333110"><ele>671.6</ele></trkpt>
      <trkpt lat="42.772860" lon="-7.333310"><ele>671.2</ele></trkpt>
      <trkpt lat="42.772830" lon="-7.333470"><ele>670.8</ele></trkpt>
      <trkpt lat="42.772800" lon="-7.333540"><ele>670.5</ele></trkpt>
      <trkpt lat="42.772790" lon="-7.333600"><ele>670.3</ele></trkpt>
      <trkpt lat="42.772780" lon="-7.333650"><ele>670.2</ele></trkpt>
      <trkpt lat="42.772780" lon="-7.333720"><ele>670.1</ele></trkpt>
      <trkpt lat="42.772780" lon="-7.333770"><ele>670.0</ele></trkpt>
      <trkpt lat="42.772770" lon="-7.333840"><ele>669.8</ele></trkpt>
      <trkpt lat="42.772770" lon="-7.333900"><ele>669.8</ele></trkpt>
      <trkpt lat="42.772770" lon="-7.333950"><ele>669.7</ele></trkpt>
      <trkpt lat="42.772770" lon="-7.334020"><ele>669.5</ele></trkpt>
      <trkpt lat="42.772770" lon="-7.334100"><ele>669.2</ele></trkpt>
      <trkpt lat="42.772780" lon="-7.334160"><ele>669.0</ele></trkpt>
      <trkpt lat="42.772790" lon="-7.334210"><ele>668.9</ele></trkpt>
      <trkpt lat="42.772790" lon="-7.334230"><ele>668.9</ele></trkpt>
      <trkpt lat="42.772830" lon="-7.334480"><ele>668.1</ele></trkpt>
      <trkpt lat="42.772870" lon="-7.334730"><ele>667.0</ele></trkpt>
      <trkpt lat="42.772870" lon="-7.334740"><ele>667.0</ele></trkpt>
      <trkpt lat="42.772910" lon="-7.335000"><ele>665.8</ele></trkpt>
      <trkpt lat="42.772910" lon="-7.335000"><ele>665.8</ele></trkpt>
      <trkpt lat="42.772950" lon="-7.335220"><ele>664.8</ele></trkpt>
      <trkpt lat="42.772950" lon="-7.335230"><ele>664.7</ele></trkpt>
      <trkpt lat="42.772990" lon="-7.335450"><ele>663.7</ele></trkpt>
      <trkpt lat="42.773040" lon="-7.335610"><ele>663.0</ele></trkpt>
      <trkpt lat="42.773100" lon="-7.335830"><ele>661.9</ele></trkpt>
      <trkpt lat="42.773110" lon="-7.335830"><ele>661.9</ele></trkpt>
      <trkpt lat="42.773200" lon="-7.336020"><ele>660.0</ele></trkpt>
      <trkpt lat="42.773290" lon="-7.336280"><ele>657.7</ele></trkpt>
      <trkpt lat="42.773440" lon="-7.336620"><ele>654.8</ele></trkpt>
      <trkpt lat="42.773560" lon="-7.336900"><ele>652.5</ele></trkpt>
      <trkpt lat="42.773660" lon="-7.337120"><ele>650.6</ele></trkpt>
      <trkpt lat="42.773710" lon="-7.337250"><ele>649.5</ele></trkpt>
      <trkpt lat="42.773760" lon="-7.337350"><ele>648.6</ele></trkpt>
      <trkpt lat="42.773780" lon="-7.337380"><ele>648.3</ele></trkpt>
      <trkpt lat="42.773810" lon="-7.337450"><ele>647.6</ele></trkpt>
      <trkpt lat="42.773820" lon="-7.337500"><ele>647.2</ele></trkpt>
      <trkpt lat="42.773850" lon="-7.337550"><ele>646.8</ele></trkpt>
      <trkpt lat="42.773870" lon="-7.337600"><ele>646.3</ele></trkpt>
      <trkpt lat="42.773890" lon="-7.337660"><ele>645.7</ele></trkpt>
      <trkpt lat="42.773910" lon="-7.337710"><ele>645.3</ele></trkpt>
      <trkpt lat="42.773940" lon="-7.337750"><ele>644.9</ele></trkpt>
      <trkpt lat="42.773960" lon="-7.337810"><ele>644.3</ele></trkpt>
      <trkpt lat="42.773980" lon="-7.337870"><ele>643.6</ele></trkpt>
      <trkpt lat="42.774000" lon="-7.337960"><ele>642.6</ele></trkpt>
      <trkpt lat="42.774010" lon="-7.338010"><ele>642.1</ele></trkpt>
      <trkpt lat="42.774030" lon="-7.338060"><ele>641.5</ele></trkpt>
      <trkpt lat="42.774040" lon="-7.338110"><ele>640.9</ele></trkpt>
      <trkpt lat="42.774050" lon="-7.338160"><ele>640.3</ele></trkpt>
      <trkpt lat="42.774060" lon="-7.338210"><ele>639.7</ele></trkpt>
      <trkpt lat="42.774060" lon="-7.338270"><ele>639.2</ele></trkpt>
      <trkpt lat="42.774060" lon="-7.338320"><ele>638.5</ele></trkpt>
      <trkpt lat="42.774060" lon="-7.338400"><ele>637.7</ele></trkpt>
      <trkpt lat="42.774060" lon="-7.338460"><ele>637.1</ele></trkpt>
      <trkpt lat="42.774050" lon="-7.338500"><ele>636.7</ele></trkpt>
      <trkpt lat="42.774040" lon="-7.338570"><ele>635.9</ele></trkpt>
      <trkpt lat="42.774030" lon="-7.338630"><ele>635.3</ele></trkpt>
      <trkpt lat="42.774020" lon="-7.338680"><ele>634.7</ele></trkpt>
      <trkpt lat="42.773990" lon="-7.338750"><ele>634.0</ele></trkpt>
      <trkpt lat="42.773980" lon="-7.338790"><ele>633.6</ele></trkpt>
      <trkpt lat="42.773950" lon="-7.338840"><ele>633.2</ele></trkpt>
      <trkpt lat="42.773940" lon="-7.338900"><ele>632.6</ele></trkpt>
      <trkpt lat="42.773930" lon="-7.338950"><ele>631.9</ele></trkpt>
      <trkpt lat="42.773920" lon="-7.339010"><ele>631.4</ele></trkpt>
      <trkpt lat="42.773910" lon="-7.339050"><ele>630.8</ele></trkpt>
      <trkpt lat="42.773890" lon="-7.339090"><ele>630.5</ele></trkpt>
      <trkpt lat="42.773870" lon="-7.339140"><ele>630.0</ele></trkpt>
      <trkpt lat="42.773850" lon="-7.339200"><ele>629.5</ele></trkpt>
      <trkpt lat="42.773880" lon="-7.339270"><ele>628.9</ele></trkpt>
      <trkpt lat="42.773910" lon="-7.339300"><ele>628.7</ele></trkpt>
      <trkpt lat="42.773950" lon="-7.339350"><ele>628.3</ele></trkpt>
      <trkpt lat="42.773970" lon="-7.339400"><ele>627.8</ele></trkpt>
      <trkpt lat="42.773980" lon="-7.339460"><ele>627.3</ele></trkpt>
      <trkpt lat="42.774010" lon="-7.339500"><ele>626.9</ele></trkpt>
      <trkpt lat="42.774040" lon="-7.339540"><ele>626.5</ele></trkpt>
      <trkpt lat="42.774060" lon="-7.339580"><ele>626.1</ele></trkpt>
      <trkpt lat="42.774070" lon="-7.339640"><ele>625.7</ele></trkpt>
      <trkpt lat="42.774100" lon="-7.339670"><ele>625.4</ele></trkpt>
      <trkpt lat="42.774140" lon="-7.339720"><ele>624.9</ele></trkpt>
      <trkpt lat="42.774160" lon="-7.339760"><ele>624.6</ele></trkpt>
      <trkpt lat="42.774190" lon="-7.339790"><ele>624.3</ele></trkpt>
      <trkpt lat="42.774220" lon="-7.339820"><ele>624.1</ele></trkpt>
      <trkpt lat="42.774260" lon="-7.339850"><ele>623.9</ele></trkpt>
      <trkpt lat="42.774300" lon="-7.339860"><ele>623.8</ele></trkpt>
      <trkpt lat="42.774340" lon="-7.339890"><ele>623.6</ele></trkpt>
      <trkpt lat="42.774380" lon="-7.339930"><ele>623.3</ele></trkpt>
      <trkpt lat="42.774450" lon="-7.340010"><ele>622.6</ele></trkpt>
      <trkpt lat="42.774490" lon="-7.340060"><ele>622.3</ele></trkpt>
      <trkpt lat="42.774520" lon="-7.340080"><ele>622.1</ele></trkpt>
      <trkpt lat="42.774520" lon="-7.340180"><ele>621.7</ele></trkpt>
      <trkpt lat="42.774530" lon="-7.340240"><ele>621.4</ele></trkpt>
      <trkpt lat="42.774540" lon="-7.340330"><ele>621.1</ele></trkpt>
      <trkpt lat="42.774540" lon="-7.340380"><ele>620.9</ele></trkpt>
      <trkpt lat="42.774570" lon="-7.340480"><ele>620.5</ele></trkpt>
      <trkpt lat="42.774600" lon="-7.340540"><ele>620.3</ele></trkpt>
      <trkpt lat="42.774610" lon="-7.340600"><ele>620.1</ele></trkpt>
      <trkpt lat="42.774610" lon="-7.340650"><ele>620.0</ele></trkpt>
      <trkpt lat="42.774610" lon="-7.340660"><ele>620.0</ele></trkpt>
      <trkpt lat="42.774650" lon="-7.340810"><ele>619.6</ele></trkpt>
      <trkpt lat="42.774690" lon="-7.340940"><ele>619.3</ele></trkpt>
      <trkpt lat="42.774750" lon="-7.341110"><ele>619.0</ele></trkpt>
      <trkpt lat="42.774770" lon="-7.341170"><ele>618.9</ele></trkpt>
      <trkpt lat="42.774800" lon="-7.341260"><ele>618.7</ele></trkpt>
      <trkpt lat="42.774830" lon="-7.341330"><ele>618.7</ele></trkpt>
      <trkpt lat="42.774850" lon="-7.341380"><ele>618.7</ele></trkpt>
      <trkpt lat="42.774850" lon="-7.341460"><ele>618.7</ele></trkpt>
      <trkpt lat="42.774860" lon="-7.341520"><ele>618.7</ele></trkpt>
      <trkpt lat="42.774870" lon="-7.341600"><ele>618.7</ele></trkpt>
      <trkpt lat="42.774870" lon="-7.341650"><ele>618.8</ele></trkpt>
      <trkpt lat="42.774870" lon="-7.341710"><ele>618.8</ele></trkpt>
      <trkpt lat="42.774870" lon="-7.341760"><ele>618.8</ele></trkpt>
      <trkpt lat="42.774870" lon="-7.341830"><ele>618.8</ele></trkpt>
      <trkpt lat="42.774870" lon="-7.341880"><ele>618.9</ele></trkpt>
      <trkpt lat="42.774870" lon="-7.341940"><ele>618.9</ele></trkpt>
      <trkpt lat="42.774880" lon="-7.341990"><ele>619.1</ele></trkpt>
      <trkpt lat="42.774880" lon="-7.342040"><ele>619.1</ele></trkpt>
      <trkpt lat="42.774880" lon="-7.342100"><ele>619.2</ele></trkpt>
      <trkpt lat="42.774880" lon="-7.342160"><ele>619.3</ele></trkpt>
      <trkpt lat="42.774880" lon="-7.342260"><ele>619.4</ele></trkpt>
      <trkpt lat="42.774880" lon="-7.342320"><ele>619.4</ele></trkpt>
      <trkpt lat="42.774870" lon="-7.342400"><ele>619.4</ele></trkpt>
      <trkpt lat="42.774850" lon="-7.342440"><ele>619.2</ele></trkpt>
      <trkpt lat="42.774840" lon="-7.342490"><ele>619.0</ele></trkpt>
      <trkpt lat="42.774820" lon="-7.342500"><ele>618.8</ele></trkpt>
      <trkpt lat="42.774750" lon="-7.342810"><ele>617.7</ele></trkpt>
      <trkpt lat="42.774750" lon="-7.342810"><ele>617.7</ele></trkpt>
      <trkpt lat="42.774670" lon="-7.343230"><ele>616.0</ele></trkpt>
      <trkpt lat="42.774590" lon="-7.343660"><ele>615.3</ele></trkpt>
      <trkpt lat="42.774530" lon="-7.344030"><ele>615.1</ele></trkpt>
      <trkpt lat="42.774480" lon="-7.344340"><ele>614.6</ele></trkpt>
      <trkpt lat="42.774390" lon="-7.344760"><ele>613.5</ele></trkpt>
      <trkpt lat="42.774320" lon="-7.345130"><ele>611.9</ele></trkpt>
      <trkpt lat="42.774240" lon="-7.345500"><ele>609.0</ele></trkpt>
      <trkpt lat="42.774240" lon="-7.345510"><ele>608.9</ele></trkpt>
      <trkpt lat="42.774190" lon="-7.345730"><ele>607.3</ele></trkpt>
      <trkpt lat="42.774080" lon="-7.346100"><ele>604.8</ele></trkpt>
      <trkpt lat="42.774030" lon="-7.346370"><ele>603.3</ele></trkpt>
      <trkpt lat="42.773990" lon="-7.346620"><ele>602.0</ele></trkpt>
      <trkpt lat="42.774010" lon="-7.347090"><ele>599.4</ele></trkpt>
      <trkpt lat="42.774030" lon="-7.347600"><ele>596.2</ele></trkpt>
      <trkpt lat="42.774030" lon="-7.347920"><ele>594.0</ele></trkpt>
      <trkpt lat="42.774040" lon="-7.348250"><ele>591.5</ele></trkpt>
      <trkpt lat="42.774020" lon="-7.348670"><ele>587.8</ele></trkpt>
      <trkpt lat="42.773990" lon="-7.348880"><ele>585.8</ele></trkpt>
      <trkpt lat="42.773980" lon="-7.348900"><ele>585.7</ele></trkpt>
      <trkpt lat="42.773910" lon="-7.349240"><ele>582.7</ele></trkpt>
      <trkpt lat="42.773860" lon="-7.349580"><ele>579.8</ele></trkpt>
      <trkpt lat="42.773870" lon="-7.349570"><ele>579.9</ele></trkpt>
      <trkpt lat="42.773850" lon="-7.349680"><ele>578.9</ele></trkpt>
      <trkpt lat="42.773850" lon="-7.349740"><ele>578.5</ele></trkpt>
      <trkpt lat="42.773850" lon="-7.349790"><ele>578.0</ele></trkpt>
      <trkpt lat="42.773850" lon="-7.349840"><ele>577.5</ele></trkpt>
      <trkpt lat="42.773860" lon="-7.349900"><ele>577.0</ele></trkpt>
      <trkpt lat="42.773860" lon="-7.349950"><ele>576.4</ele></trkpt>
      <trkpt lat="42.773870" lon="-7.350010"><ele>575.8</ele></trkpt>
      <trkpt lat="42.773880" lon="-7.350060"><ele>575.3</ele></trkpt>
      <trkpt lat="42.773890" lon="-7.350130"><ele>574.5</ele></trkpt>
      <trkpt lat="42.773890" lon="-7.350190"><ele>574.0</ele></trkpt>
      <trkpt lat="42.773890" lon="-7.350270"><ele>573.1</ele></trkpt>
      <trkpt lat="42.773910" lon="-7.350330"><ele>572.3</ele></trkpt>
      <trkpt lat="42.773910" lon="-7.350390"><ele>571.7</ele></trkpt>
      <trkpt lat="42.773910" lon="-7.350450"><ele>571.0</ele></trkpt>
      <trkpt lat="42.773920" lon="-7.350510"><ele>570.3</ele></trkpt>
      <trkpt lat="42.773920" lon="-7.350590"><ele>569.4</ele></trkpt>
      <trkpt lat="42.773920" lon="-7.350670"><ele>568.6</ele></trkpt>
      <trkpt lat="42.773920" lon="-7.350720"><ele>567.9</ele></trkpt>
      <trkpt lat="42.773920" lon="-7.350810"><ele>566.8</ele></trkpt>
      <trkpt lat="42.773920" lon="-7.350870"><ele>566.1</ele></trkpt>
      <trkpt lat="42.773920" lon="-7.350940"><ele>565.2</ele></trkpt>
      <trkpt lat="42.773920" lon="-7.351000"><ele>564.5</ele></trkpt>
      <trkpt lat="42.773920" lon="-7.351060"><ele>563.7</ele></trkpt>
      <trkpt lat="42.773920" lon="-7.351130"><ele>562.7</ele></trkpt>
      <trkpt lat="42.773920" lon="-7.351180"><ele>561.9</ele></trkpt>
      <trkpt lat="42.773910" lon="-7.351240"><ele>561.2</ele></trkpt>
      <trkpt lat="42.773910" lon="-7.351300"><ele>560.3</ele></trkpt>
      <trkpt lat="42.773890" lon="-7.351340"><ele>560.0</ele></trkpt>
      <trkpt lat="42.773870" lon="-7.351390"><ele>559.7</ele></trkpt>
      <trkpt lat="42.773840" lon="-7.351430"><ele>559.7</ele></trkpt>
      <trkpt lat="42.773810" lon="-7.351480"><ele>559.4</ele></trkpt>
      <trkpt lat="42.773790" lon="-7.351510"><ele>559.4</ele></trkpt>
      <trkpt lat="42.773750" lon="-7.351540"><ele>559.7</ele></trkpt>
      <trkpt lat="42.773720" lon="-7.351590"><ele>559.6</ele></trkpt>
      <trkpt lat="42.773700" lon="-7.351620"><ele>559.7</ele></trkpt>
      <trkpt lat="42.773670" lon="-7.351660"><ele>559.8</ele></trkpt>
      <trkpt lat="42.773640" lon="-7.351700"><ele>559.9</ele></trkpt>
      <trkpt lat="42.773620" lon="-7.351740"><ele>559.9</ele></trkpt>
      <trkpt lat="42.773600" lon="-7.351780"><ele>559.7</ele></trkpt>
      <trkpt lat="42.773620" lon="-7.351850"><ele>558.6</ele></trkpt>
      <trkpt lat="42.773630" lon="-7.351920"><ele>557.5</ele></trkpt>
      <trkpt lat="42.773640" lon="-7.351970"><ele>556.7</ele></trkpt>
      <trkpt lat="42.773650" lon="-7.352030"><ele>555.8</ele></trkpt>
      <trkpt lat="42.773670" lon="-7.352080"><ele>554.9</ele></trkpt>
      <trkpt lat="42.773670" lon="-7.352130"><ele>554.2</ele></trkpt>
      <trkpt lat="42.773670" lon="-7.352190"><ele>553.6</ele></trkpt>
      <trkpt lat="42.773680" lon="-7.352240"><ele>552.8</ele></trkpt>
      <trkpt lat="42.773680" lon="-7.352300"><ele>552.1</ele></trkpt>
      <trkpt lat="42.773680" lon="-7.352360"><ele>551.5</ele></trkpt>
      <trkpt lat="42.773680" lon="-7.352410"><ele>550.9</ele></trkpt>
      <trkpt lat="42.773680" lon="-7.352460"><ele>550.3</ele></trkpt>
      <trkpt lat="42.773680" lon="-7.352530"><ele>549.3</ele></trkpt>
      <trkpt lat="42.773670" lon="-7.352580"><ele>548.9</ele></trkpt>
      <trkpt lat="42.773650" lon="-7.352640"><ele>548.3</ele></trkpt>
      <trkpt lat="42.773640" lon="-7.352660"><ele>548.2</ele></trkpt>
      <trkpt lat="42.773620" lon="-7.352780"><ele>547.0</ele></trkpt>
      <trkpt lat="42.773550" lon="-7.352890"><ele>546.9</ele></trkpt>
      <trkpt lat="42.773520" lon="-7.352960"><ele>546.2</ele></trkpt>
      <trkpt lat="42.773520" lon="-7.353050"><ele>544.8</ele></trkpt>
      <trkpt lat="42.773480" lon="-7.353190"><ele>543.2</ele></trkpt>
      <trkpt lat="42.773440" lon="-7.353340"><ele>541.4</ele></trkpt>
      <trkpt lat="42.773390" lon="-7.353430"><ele>540.6</ele></trkpt>
      <trkpt lat="42.773380" lon="-7.353480"><ele>540.2</ele></trkpt>
      <trkpt lat="42.773380" lon="-7.353560"><ele>539.3</ele></trkpt>
      <trkpt lat="42.773380" lon="-7.353610"><ele>538.7</ele></trkpt>
      <trkpt lat="42.773380" lon="-7.353670"><ele>538.0</ele></trkpt>
      <trkpt lat="42.773380" lon="-7.353720"><ele>537.4</ele></trkpt>
      <trkpt lat="42.773380" lon="-7.353780"><ele>536.7</ele></trkpt>
      <trkpt lat="42.773380" lon="-7.353830"><ele>536.0</ele></trkpt>
      <trkpt lat="42.773390" lon="-7.353900"><ele>535.1</ele></trkpt>
      <trkpt lat="42.773400" lon="-7.353950"><ele>534.4</ele></trkpt>
      <trkpt lat="42.773410" lon="-7.354010"><ele>533.6</ele></trkpt>
      <trkpt lat="42.773430" lon="-7.354060"><ele>532.8</ele></trkpt>
      <trkpt lat="42.773450" lon="-7.354120"><ele>531.8</ele></trkpt>
      <trkpt lat="42.773470" lon="-7.354170"><ele>531.1</ele></trkpt>
      <trkpt lat="42.773520" lon="-7.354350"><ele>528.8</ele></trkpt>
      <trkpt lat="42.773580" lon="-7.354510"><ele>526.9</ele></trkpt>
      <trkpt lat="42.773630" lon="-7.354630"><ele>525.6</ele></trkpt>
      <trkpt lat="42.773770" lon="-7.355010"><ele>522.6</ele></trkpt>
      <trkpt lat="42.773810" lon="-7.355170"><ele>521.5</ele></trkpt>
      <trkpt lat="42.773840" lon="-7.355310"><ele>520.6</ele></trkpt>
      <trkpt lat="42.773860" lon="-7.355570"><ele>518.6</ele></trkpt>
      <trkpt lat="42.773860" lon="-7.355960"><ele>516.7</ele></trkpt>
      <trkpt lat="42.773860" lon="-7.356030"><ele>516.5</ele></trkpt>
      <trkpt lat="42.773860" lon="-7.356080"><ele>516.3</ele></trkpt>
      <trkpt lat="42.773860" lon="-7.356140"><ele>516.2</ele></trkpt>
      <trkpt lat="42.773860" lon="-7.356200"><ele>516.1</ele></trkpt>
      <trkpt lat="42.773850" lon="-7.356260"><ele>516.0</ele></trkpt>
      <trkpt lat="42.773850" lon="-7.356310"><ele>515.9</ele></trkpt>
      <trkpt lat="42.773850" lon="-7.356380"><ele>515.8</ele></trkpt>
      <trkpt lat="42.773850" lon="-7.356430"><ele>515.7</ele></trkpt>
      <trkpt lat="42.773850" lon="-7.356490"><ele>515.7</ele></trkpt>
      <trkpt lat="42.773850" lon="-7.356540"><ele>515.6</ele></trkpt>
      <trkpt lat="42.773850" lon="-7.356600"><ele>515.5</ele></trkpt>
      <trkpt lat="42.773850" lon="-7.356660"><ele>515.4</ele></trkpt>
      <trkpt lat="42.773850" lon="-7.356690"><ele>515.3</ele></trkpt>
      <trkpt lat="42.773830" lon="-7.356930"><ele>514.9</ele></trkpt>
      <trkpt lat="42.773820" lon="-7.357260"><ele>514.2</ele></trkpt>
      <trkpt lat="42.773800" lon="-7.357500"><ele>513.7</ele></trkpt>
      <trkpt lat="42.773790" lon="-7.357800"><ele>512.2</ele></trkpt>
      <trkpt lat="42.773770" lon="-7.358030"><ele>510.9</ele></trkpt>
      <trkpt lat="42.773760" lon="-7.358330"><ele>509.1</ele></trkpt>
      <trkpt lat="42.773760" lon="-7.358500"><ele>508.2</ele></trkpt>
      <trkpt lat="42.773750" lon="-7.358550"><ele>507.9</ele></trkpt>
      <trkpt lat="42.773750" lon="-7.358620"><ele>507.6</ele></trkpt>
      <trkpt lat="42.773750" lon="-7.358690"><ele>507.3</ele></trkpt>
      <trkpt lat="42.773750" lon="-7.358740"><ele>507.0</ele></trkpt>
      <trkpt lat="42.773740" lon="-7.358800"><ele>506.7</ele></trkpt>
      <trkpt lat="42.773740" lon="-7.358860"><ele>506.4</ele></trkpt>
      <trkpt lat="42.773740" lon="-7.358910"><ele>506.1</ele></trkpt>
      <trkpt lat="42.773730" lon="-7.358960"><ele>505.9</ele></trkpt>
      <trkpt lat="42.773730" lon="-7.359020"><ele>505.7</ele></trkpt>
      <trkpt lat="42.773720" lon="-7.359070"><ele>505.5</ele></trkpt>
      <trkpt lat="42.773710" lon="-7.359110"><ele>505.4</ele></trkpt>
      <trkpt lat="42.773710" lon="-7.359240"><ele>504.9</ele></trkpt>
      <trkpt lat="42.773740" lon="-7.359510"><ele>504.1</ele></trkpt>
      <trkpt lat="42.773740" lon="-7.359570"><ele>504.0</ele></trkpt>
      <trkpt lat="42.773750" lon="-7.359610"><ele>503.9</ele></trkpt>
      <trkpt lat="42.773790" lon="-7.359730"><ele>503.8</ele></trkpt>
      <trkpt lat="42.773810" lon="-7.359910"><ele>503.4</ele></trkpt>
      <trkpt lat="42.773820" lon="-7.360050"><ele>503.1</ele></trkpt>
      <trkpt lat="42.773820" lon="-7.360060"><ele>503.1</ele></trkpt>
      <trkpt lat="42.773820" lon="-7.360320"><ele>502.4</ele></trkpt>
      <trkpt lat="42.773820" lon="-7.360610"><ele>501.5</ele></trkpt>
      <trkpt lat="42.773820" lon="-7.360770"><ele>501.0</ele></trkpt>
      <trkpt lat="42.773790" lon="-7.360940"><ele>500.5</ele></trkpt>
      <trkpt lat="42.773760" lon="-7.361130"><ele>500.0</ele></trkpt>
      <trkpt lat="42.773720" lon="-7.361340"><ele>499.4</ele></trkpt>
      <trkpt lat="42.773670" lon="-7.361450"><ele>499.1</ele></trkpt>
      <trkpt lat="42.773650" lon="-7.361560"><ele>498.9</ele></trkpt>
      <trkpt lat="42.773640" lon="-7.361620"><ele>498.8</ele></trkpt>
      <trkpt lat="42.773640" lon="-7.361670"><ele>498.7</ele></trkpt>
      <trkpt lat="42.773640" lon="-7.361730"><ele>498.6</ele></trkpt>
      <trkpt lat="42.773640" lon="-7.361800"><ele>498.4</ele></trkpt>
      <trkpt lat="42.773640" lon="-7.361870"><ele>498.2</ele></trkpt>
      <trkpt lat="42.773640" lon="-7.361930"><ele>498.1</ele></trkpt>
      <trkpt lat="42.773640" lon="-7.361990"><ele>497.9</ele></trkpt>
      <trkpt lat="42.773640" lon="-7.362060"><ele>497.7</ele></trkpt>
      <trkpt lat="42.773640" lon="-7.362130"><ele>497.5</ele></trkpt>
      <trkpt lat="42.773640" lon="-7.362180"><ele>497.3</ele></trkpt>
      <trkpt lat="42.773640" lon="-7.362280"><ele>496.8</ele></trkpt>
      <trkpt lat="42.773640" lon="-7.362360"><ele>496.5</ele></trkpt>
      <trkpt lat="42.773610" lon="-7.362540"><ele>495.7</ele></trkpt>
      <trkpt lat="42.773610" lon="-7.362550"><ele>495.7</ele></trkpt>
      <trkpt lat="42.773560" lon="-7.362720"><ele>494.8</ele></trkpt>
      <trkpt lat="42.773490" lon="-7.362890"><ele>493.8</ele></trkpt>
      <trkpt lat="42.773420" lon="-7.363100"><ele>492.3</ele></trkpt>
      <trkpt lat="42.773380" lon="-7.363350"><ele>491.2</ele></trkpt>
      <trkpt lat="42.773320" lon="-7.363630"><ele>490.3</ele></trkpt>
      <trkpt lat="42.773240" lon="-7.363860"><ele>490.1</ele></trkpt>
      <trkpt lat="42.773240" lon="-7.363860"><ele>490.1</ele></trkpt>
      <trkpt lat="42.773200" lon="-7.364050"><ele>490.1</ele></trkpt>
      <trkpt lat="42.773170" lon="-7.364150"><ele>490.3</ele></trkpt>
      <trkpt lat="42.773150" lon="-7.364190"><ele>490.5</ele></trkpt>
      <trkpt lat="42.773140" lon="-7.364240"><ele>490.6</ele></trkpt>
      <trkpt lat="42.773140" lon="-7.364290"><ele>490.7</ele></trkpt>
      <trkpt lat="42.773140" lon="-7.364350"><ele>490.7</ele></trkpt>
      <trkpt lat="42.773140" lon="-7.364400"><ele>490.8</ele></trkpt>
      <trkpt lat="42.773140" lon="-7.364450"><ele>490.9</ele></trkpt>
      <trkpt lat="42.773140" lon="-7.364510"><ele>491.0</ele></trkpt>
      <trkpt lat="42.773140" lon="-7.364570"><ele>491.1</ele></trkpt>
      <trkpt lat="42.773150" lon="-7.364620"><ele>491.1</ele></trkpt>
      <trkpt lat="42.773170" lon="-7.364660"><ele>491.2</ele></trkpt>
      <trkpt lat="42.773180" lon="-7.364720"><ele>491.2</ele></trkpt>
      <trkpt lat="42.773190" lon="-7.364780"><ele>491.3</ele></trkpt>
      <trkpt lat="42.773210" lon="-7.364850"><ele>491.4</ele></trkpt>
      <trkpt lat="42.773210" lon="-7.364920"><ele>491.6</ele></trkpt>
      <trkpt lat="42.773220" lon="-7.364990"><ele>491.5</ele></trkpt>
      <trkpt lat="42.773230" lon="-7.365040"><ele>491.4</ele></trkpt>
      <trkpt lat="42.773240" lon="-7.365090"><ele>491.1</ele></trkpt>
      <trkpt lat="42.773250" lon="-7.365140"><ele>490.9</ele></trkpt>
      <trkpt lat="42.773270" lon="-7.365210"><ele>490.7</ele></trkpt>
      <trkpt lat="42.773270" lon="-7.365260"><ele>490.5</ele></trkpt>
      <trkpt lat="42.773280" lon="-7.365330"><ele>490.3</ele></trkpt>
      <trkpt lat="42.773290" lon="-7.365390"><ele>490.0</ele></trkpt>
      <trkpt lat="42.773290" lon="-7.365450"><ele>489.8</ele></trkpt>
      <trkpt lat="42.773310" lon="-7.365510"><ele>489.4</ele></trkpt>
      <trkpt lat="42.773320" lon="-7.365570"><ele>489.1</ele></trkpt>
      <trkpt lat="42.773330" lon="-7.365610"><ele>488.8</ele></trkpt>
      <trkpt lat="42.773350" lon="-7.365680"><ele>488.4</ele></trkpt>
      <trkpt lat="42.773350" lon="-7.365740"><ele>488.2</ele></trkpt>
      <trkpt lat="42.773360" lon="-7.365790"><ele>487.9</ele></trkpt>
      <trkpt lat="42.773360" lon="-7.365850"><ele>487.6</ele></trkpt>
      <trkpt lat="42.773360" lon="-7.365910"><ele>487.4</ele></trkpt>
      <trkpt lat="42.773360" lon="-7.365980"><ele>486.9</ele></trkpt>
      <trkpt lat="42.773360" lon="-7.366030"><ele>486.7</ele></trkpt>
      <trkpt lat="42.773350" lon="-7.366090"><ele>486.4</ele></trkpt>
      <trkpt lat="42.773340" lon="-7.366130"><ele>486.3</ele></trkpt>
      <trkpt lat="42.773320" lon="-7.366180"><ele>486.2</ele></trkpt>
      <trkpt lat="42.773320" lon="-7.366230"><ele>486.0</ele></trkpt>
      <trkpt lat="42.773310" lon="-7.366290"><ele>485.8</ele></trkpt>
      <trkpt lat="42.773300" lon="-7.366350"><ele>485.5</ele></trkpt>
      <trkpt lat="42.773300" lon="-7.366400"><ele>485.4</ele></trkpt>
      <trkpt lat="42.773280" lon="-7.366450"><ele>485.4</ele></trkpt>
      <trkpt lat="42.773280" lon="-7.366520"><ele>485.2</ele></trkpt>
      <trkpt lat="42.773260" lon="-7.366570"><ele>485.2</ele></trkpt>
      <trkpt lat="42.773250" lon="-7.366620"><ele>485.2</ele></trkpt>
      <trkpt lat="42.773240" lon="-7.366680"><ele>485.2</ele></trkpt>
      <trkpt lat="42.773210" lon="-7.366730"><ele>485.3</ele></trkpt>
      <trkpt lat="42.773200" lon="-7.366790"><ele>485.2</ele></trkpt>
      <trkpt lat="42.773200" lon="-7.366850"><ele>485.1</ele></trkpt>
      <trkpt lat="42.773200" lon="-7.366920"><ele>485.2</ele></trkpt>
      <trkpt lat="42.773200" lon="-7.366970"><ele>485.2</ele></trkpt>
      <trkpt lat="42.773200" lon="-7.367030"><ele>485.3</ele></trkpt>
      <trkpt lat="42.773200" lon="-7.367080"><ele>485.3</ele></trkpt>
      <trkpt lat="42.773190" lon="-7.367150"><ele>485.4</ele></trkpt>
      <trkpt lat="42.773190" lon="-7.367210"><ele>485.4</ele></trkpt>
      <trkpt lat="42.773190" lon="-7.367260"><ele>485.5</ele></trkpt>
      <trkpt lat="42.773190" lon="-7.367270"><ele>485.5</ele></trkpt>
      <trkpt lat="42.773200" lon="-7.367450"><ele>485.1</ele></trkpt>
      <trkpt lat="42.773180" lon="-7.367700"><ele>485.2</ele></trkpt>
      <trkpt lat="42.773160" lon="-7.367850"><ele>485.0</ele></trkpt>
      <trkpt lat="42.773150" lon="-7.368010"><ele>484.5</ele></trkpt>
      <trkpt lat="42.773130" lon="-7.368170"><ele>484.2</ele></trkpt>
      <trkpt lat="42.773120" lon="-7.368300"><ele>484.2</ele></trkpt>
      <trkpt lat="42.773120" lon="-7.368380"><ele>484.2</ele></trkpt>
      <trkpt lat="42.773120" lon="-7.368440"><ele>484.1</ele></trkpt>
      <trkpt lat="42.773120" lon="-7.368500"><ele>484.0</ele></trkpt>
      <trkpt lat="42.773120" lon="-7.368560"><ele>484.0</ele></trkpt>
      <trkpt lat="42.773120" lon="-7.368610"><ele>483.9</ele></trkpt>
      <trkpt lat="42.773120" lon="-7.368660"><ele>483.8</ele></trkpt>
      <trkpt lat="42.773130" lon="-7.368720"><ele>483.7</ele></trkpt>
      <trkpt lat="42.773130" lon="-7.368780"><ele>483.7</ele></trkpt>
      <trkpt lat="42.773140" lon="-7.368830"><ele>483.6</ele></trkpt>
      <trkpt lat="42.773150" lon="-7.368880"><ele>483.4</ele></trkpt>
      <trkpt lat="42.773170" lon="-7.368940"><ele>483.2</ele></trkpt>
      <trkpt lat="42.773170" lon="-7.369000"><ele>483.1</ele></trkpt>
      <trkpt lat="42.773190" lon="-7.369040"><ele>482.9</ele></trkpt>
      <trkpt lat="42.773190" lon="-7.369090"><ele>482.9</ele></trkpt>
      <trkpt lat="42.773190" lon="-7.369150"><ele>482.8</ele></trkpt>
      <trkpt lat="42.773210" lon="-7.369210"><ele>482.5</ele></trkpt>
      <trkpt lat="42.773210" lon="-7.369280"><ele>482.3</ele></trkpt>
      <trkpt lat="42.773210" lon="-7.369340"><ele>482.2</ele></trkpt>
      <trkpt lat="42.773220" lon="-7.369410"><ele>482.1</ele></trkpt>
      <trkpt lat="42.773220" lon="-7.369470"><ele>482.0</ele></trkpt>
      <trkpt lat="42.773220" lon="-7.369530"><ele>481.9</ele></trkpt>
      <trkpt lat="42.773220" lon="-7.369580"><ele>481.9</ele></trkpt>
      <trkpt lat="42.773220" lon="-7.369640"><ele>481.8</ele></trkpt>
      <trkpt lat="42.773220" lon="-7.369760"><ele>481.7</ele></trkpt>
      <trkpt lat="42.773220" lon="-7.369810"><ele>481.7</ele></trkpt>
      <trkpt lat="42.773210" lon="-7.369870"><ele>481.6</ele></trkpt>
      <trkpt lat="42.773210" lon="-7.369930"><ele>481.6</ele></trkpt>
      <trkpt lat="42.773210" lon="-7.369980"><ele>481.5</ele></trkpt>
      <trkpt lat="42.773210" lon="-7.370040"><ele>481.5</ele></trkpt>
      <trkpt lat="42.773210" lon="-7.370110"><ele>481.7</ele></trkpt>
      <trkpt lat="42.773210" lon="-7.370170"><ele>481.9</ele></trkpt>
      <trkpt lat="42.773210" lon="-7.370220"><ele>482.1</ele></trkpt>
      <trkpt lat="42.773220" lon="-7.370280"><ele>482.2</ele></trkpt>
      <trkpt lat="42.773220" lon="-7.370330"><ele>482.4</ele></trkpt>
      <trkpt lat="42.773220" lon="-7.370380"><ele>482.6</ele></trkpt>
      <trkpt lat="42.773220" lon="-7.370430"><ele>482.8</ele></trkpt>
      <trkpt lat="42.773220" lon="-7.370480"><ele>482.9</ele></trkpt>
      <trkpt lat="42.773230" lon="-7.370560"><ele>483.2</ele></trkpt>
      <trkpt lat="42.773240" lon="-7.370630"><ele>483.4</ele></trkpt>
      <trkpt lat="42.773250" lon="-7.370680"><ele>483.5</ele></trkpt>
      <trkpt lat="42.773250" lon="-7.370740"><ele>483.7</ele></trkpt>
      <trkpt lat="42.773260" lon="-7.370800"><ele>483.9</ele></trkpt>
      <trkpt lat="42.773260" lon="-7.370850"><ele>484.0</ele></trkpt>
      <trkpt lat="42.773270" lon="-7.370910"><ele>484.2</ele></trkpt>
      <trkpt lat="42.773280" lon="-7.370950"><ele>484.3</ele></trkpt>
      <trkpt lat="42.773280" lon="-7.371020"><ele>484.5</ele></trkpt>
      <trkpt lat="42.773290" lon="-7.371080"><ele>484.7</ele></trkpt>
      <trkpt lat="42.773300" lon="-7.371140"><ele>484.9</ele></trkpt>
      <trkpt lat="42.773300" lon="-7.371170"><ele>485.0</ele></trkpt>
      <trkpt lat="42.773340" lon="-7.371420"><ele>485.9</ele></trkpt>
      <trkpt lat="42.773360" lon="-7.371720"><ele>486.3</ele></trkpt>
      <trkpt lat="42.773410" lon="-7.371880"><ele>486.3</ele></trkpt>
      <trkpt lat="42.773440" lon="-7.372070"><ele>486.2</ele></trkpt>
      <trkpt lat="42.773480" lon="-7.372280"><ele>485.9</ele></trkpt>
      <trkpt lat="42.773490" lon="-7.372330"><ele>485.8</ele></trkpt>
      <trkpt lat="42.773510" lon="-7.372410"><ele>485.9</ele></trkpt>
      <trkpt lat="42.773540" lon="-7.372490"><ele>485.9</ele></trkpt>
      <trkpt lat="42.773560" lon="-7.372560"><ele>486.0</ele></trkpt>
      <trkpt lat="42.773570" lon="-7.372630"><ele>486.1</ele></trkpt>
      <trkpt lat="42.773590" lon="-7.372680"><ele>486.1</ele></trkpt>
      <trkpt lat="42.773600" lon="-7.372740"><ele>486.2</ele></trkpt>
      <trkpt lat="42.773600" lon="-7.372790"><ele>486.3</ele></trkpt>
      <trkpt lat="42.773600" lon="-7.372850"><ele>486.3</ele></trkpt>
      <trkpt lat="42.773610" lon="-7.372950"><ele>486.6</ele></trkpt>
      <trkpt lat="42.773610" lon="-7.373010"><ele>486.7</ele></trkpt>
      <trkpt lat="42.773610" lon="-7.373080"><ele>486.8</ele></trkpt>
      <trkpt lat="42.773610" lon="-7.373130"><ele>486.9</ele></trkpt>
      <trkpt lat="42.773610" lon="-7.373220"><ele>487.2</ele></trkpt>
      <trkpt lat="42.773610" lon="-7.373300"><ele>487.3</ele></trkpt>
      <trkpt lat="42.773610" lon="-7.373360"><ele>487.1</ele></trkpt>
      <trkpt lat="42.773610" lon="-7.373450"><ele>486.9</ele></trkpt>
      <trkpt lat="42.773600" lon="-7.373500"><ele>486.7</ele></trkpt>
      <trkpt lat="42.773580" lon="-7.373600"><ele>486.5</ele></trkpt>
      <trkpt lat="42.773570" lon="-7.373650"><ele>486.4</ele></trkpt>
      <trkpt lat="42.773560" lon="-7.373730"><ele>486.2</ele></trkpt>
      <trkpt lat="42.773560" lon="-7.373790"><ele>486.1</ele></trkpt>
      <trkpt lat="42.773540" lon="-7.373860"><ele>486.0</ele></trkpt>
      <trkpt lat="42.773540" lon="-7.373940"><ele>485.8</ele></trkpt>
      <trkpt lat="42.773540" lon="-7.373980"><ele>485.7</ele></trkpt>
      <trkpt lat="42.773540" lon="-7.374040"><ele>485.6</ele></trkpt>
      <trkpt lat="42.773540" lon="-7.374100"><ele>485.5</ele></trkpt>
      <trkpt lat="42.773550" lon="-7.374150"><ele>485.3</ele></trkpt>
      <trkpt lat="42.773550" lon="-7.374230"><ele>485.2</ele></trkpt>
      <trkpt lat="42.773560" lon="-7.374310"><ele>485.4</ele></trkpt>
      <trkpt lat="42.773570" lon="-7.374360"><ele>485.5</ele></trkpt>
      <trkpt lat="42.773580" lon="-7.374420"><ele>485.7</ele></trkpt>
      <trkpt lat="42.773630" lon="-7.374610"><ele>485.9</ele></trkpt>
      <trkpt lat="42.773710" lon="-7.374880"><ele>486.0</ele></trkpt>
      <trkpt lat="42.773770" lon="-7.375080"><ele>485.8</ele></trkpt>
      <trkpt lat="42.773850" lon="-7.375290"><ele>485.9</ele></trkpt>
      <trkpt lat="42.773890" lon="-7.375460"><ele>486.2</ele></trkpt>
      <trkpt lat="42.773900" lon="-7.375530"><ele>486.4</ele></trkpt>
      <trkpt lat="42.773910" lon="-7.375620"><ele>486.6</ele></trkpt>
      <trkpt lat="42.773930" lon="-7.375660"><ele>486.7</ele></trkpt>
      <trkpt lat="42.773940" lon="-7.375720"><ele>486.7</ele></trkpt>
      <trkpt lat="42.773940" lon="-7.375770"><ele>487.0</ele></trkpt>
      <trkpt lat="42.773950" lon="-7.375830"><ele>487.2</ele></trkpt>
      <trkpt lat="42.773960" lon="-7.375890"><ele>487.6</ele></trkpt>
      <trkpt lat="42.773960" lon="-7.375960"><ele>487.9</ele></trkpt>
      <trkpt lat="42.773970" lon="-7.376020"><ele>488.2</ele></trkpt>
      <trkpt lat="42.773980" lon="-7.376090"><ele>488.5</ele></trkpt>
      <trkpt lat="42.773980" lon="-7.376150"><ele>488.8</ele></trkpt>
      <trkpt lat="42.773990" lon="-7.376220"><ele>489.2</ele></trkpt>
      <trkpt lat="42.774000" lon="-7.376280"><ele>489.5</ele></trkpt>
      <trkpt lat="42.774000" lon="-7.376350"><ele>489.9</ele></trkpt>
      <trkpt lat="42.774010" lon="-7.376400"><ele>490.2</ele></trkpt>
      <trkpt lat="42.774010" lon="-7.376460"><ele>490.6</ele></trkpt>
      <trkpt lat="42.774020" lon="-7.376510"><ele>490.9</ele></trkpt>
      <trkpt lat="42.774030" lon="-7.376660"><ele>491.2</ele></trkpt>
      <trkpt lat="42.774030" lon="-7.376760"><ele>491.4</ele></trkpt>
      <trkpt lat="42.774040" lon="-7.376820"><ele>491.6</ele></trkpt>
      <trkpt lat="42.774040" lon="-7.376870"><ele>491.7</ele></trkpt>
      <trkpt lat="42.774050" lon="-7.376960"><ele>491.9</ele></trkpt>
      <trkpt lat="42.774050" lon="-7.377010"><ele>491.9</ele></trkpt>
      <trkpt lat="42.774060" lon="-7.377060"><ele>491.9</ele></trkpt>
      <trkpt lat="42.774070" lon="-7.377120"><ele>491.9</ele></trkpt>
      <trkpt lat="42.774100" lon="-7.377410"><ele>491.9</ele></trkpt>
      <trkpt lat="42.774150" lon="-7.377620"><ele>490.6</ele></trkpt>
      <trkpt lat="42.774180" lon="-7.377810"><ele>489.1</ele></trkpt>
      <trkpt lat="42.774270" lon="-7.378080"><ele>486.9</ele></trkpt>
      <trkpt lat="42.774350" lon="-7.378300"><ele>485.1</ele></trkpt>
      <trkpt lat="42.774420" lon="-7.378490"><ele>483.2</ele></trkpt>
      <trkpt lat="42.774490" lon="-7.378710"><ele>480.7</ele></trkpt>
      <trkpt lat="42.774560" lon="-7.378920"><ele>478.6</ele></trkpt>
      <trkpt lat="42.774620" lon="-7.379090"><ele>477.1</ele></trkpt>
      <trkpt lat="42.774690" lon="-7.379230"><ele>475.9</ele></trkpt>
      <trkpt lat="42.774780" lon="-7.379380"><ele>474.9</ele></trkpt>
      <trkpt lat="42.774850" lon="-7.379660"><ele>472.9</ele></trkpt>
      <trkpt lat="42.774930" lon="-7.379870"><ele>472.0</ele></trkpt>
      <trkpt lat="42.775000" lon="-7.380150"><ele>470.8</ele></trkpt>
      <trkpt lat="42.775090" lon="-7.380520"><ele>469.6</ele></trkpt>
      <trkpt lat="42.775170" lon="-7.380920"><ele>468.1</ele></trkpt>
      <trkpt lat="42.775240" lon="-7.381270"><ele>466.6</ele></trkpt>
      <trkpt lat="42.775360" lon="-7.381600"><ele>465.5</ele></trkpt>
      <trkpt lat="42.775460" lon="-7.381930"><ele>463.5</ele></trkpt>
      <trkpt lat="42.775470" lon="-7.381940"><ele>463.5</ele></trkpt>
      <trkpt lat="42.775560" lon="-7.382260"><ele>461.3</ele></trkpt>
      <trkpt lat="42.775590" lon="-7.382460"><ele>459.8</ele></trkpt>
      <trkpt lat="42.775650" lon="-7.382660"><ele>458.2</ele></trkpt>
      <trkpt lat="42.775710" lon="-7.382880"><ele>456.2</ele></trkpt>
      <trkpt lat="42.775730" lon="-7.382940"><ele>455.7</ele></trkpt>
      <trkpt lat="42.775750" lon="-7.383000"><ele>455.1</ele></trkpt>
      <trkpt lat="42.775770" lon="-7.383040"><ele>454.7</ele></trkpt>
      <trkpt lat="42.775790" lon="-7.383090"><ele>454.3</ele></trkpt>
      <trkpt lat="42.775810" lon="-7.383140"><ele>454.0</ele></trkpt>
      <trkpt lat="42.775830" lon="-7.383180"><ele>453.7</ele></trkpt>
      <trkpt lat="42.775850" lon="-7.383230"><ele>453.4</ele></trkpt>
      <trkpt lat="42.775880" lon="-7.383270"><ele>453.2</ele></trkpt>
      <trkpt lat="42.775930" lon="-7.383330"><ele>452.9</ele></trkpt>
      <trkpt lat="42.775960" lon="-7.383380"><ele>452.6</ele></trkpt>
      <trkpt lat="42.775980" lon="-7.383430"><ele>452.3</ele></trkpt>
      <trkpt lat="42.776020" lon="-7.383470"><ele>452.1</ele></trkpt>
      <trkpt lat="42.776060" lon="-7.383490"><ele>452.2</ele></trkpt>
      <trkpt lat="42.776090" lon="-7.383510"><ele>452.2</ele></trkpt>
      <trkpt lat="42.776110" lon="-7.383540"><ele>452.2</ele></trkpt>
      <trkpt lat="42.776140" lon="-7.383570"><ele>452.2</ele></trkpt>
      <trkpt lat="42.776170" lon="-7.383610"><ele>452.1</ele></trkpt>
      <trkpt lat="42.776210" lon="-7.383660"><ele>452.1</ele></trkpt>
      <trkpt lat="42.776230" lon="-7.383700"><ele>452.1</ele></trkpt>
      <trkpt lat="42.776270" lon="-7.383720"><ele>452.1</ele></trkpt>
      <trkpt lat="42.776300" lon="-7.383740"><ele>452.3</ele></trkpt>
      <trkpt lat="42.776340" lon="-7.383770"><ele>452.3</ele></trkpt>
      <trkpt lat="42.776370" lon="-7.383810"><ele>452.4</ele></trkpt>
      <trkpt lat="42.776400" lon="-7.383830"><ele>452.4</ele></trkpt>
      <trkpt lat="42.776420" lon="-7.383890"><ele>452.4</ele></trkpt>
      <trkpt lat="42.776460" lon="-7.383950"><ele>452.4</ele></trkpt>
      <trkpt lat="42.776480" lon="-7.384000"><ele>452.3</ele></trkpt>
      <trkpt lat="42.776510" lon="-7.384080"><ele>452.1</ele></trkpt>
      <trkpt lat="42.776520" lon="-7.384130"><ele>451.9</ele></trkpt>
      <trkpt lat="42.776540" lon="-7.384210"><ele>451.7</ele></trkpt>
      <trkpt lat="42.776550" lon="-7.384260"><ele>451.5</ele></trkpt>
      <trkpt lat="42.776560" lon="-7.384340"><ele>451.2</ele></trkpt>
      <trkpt lat="42.776560" lon="-7.384400"><ele>450.9</ele></trkpt>
      <trkpt lat="42.776560" lon="-7.384460"><ele>450.6</ele></trkpt>
      <trkpt lat="42.776560" lon="-7.384510"><ele>450.3</ele></trkpt>
      <trkpt lat="42.776560" lon="-7.384570"><ele>450.0</ele></trkpt>
      <trkpt lat="42.776560" lon="-7.384630"><ele>449.6</ele></trkpt>
      <trkpt lat="42.776540" lon="-7.384700"><ele>449.1</ele></trkpt>
      <trkpt lat="42.776540" lon="-7.384760"><ele>448.8</ele></trkpt>
      <trkpt lat="42.776530" lon="-7.384800"><ele>448.5</ele></trkpt>
      <trkpt lat="42.776530" lon="-7.384860"><ele>448.2</ele></trkpt>
      <trkpt lat="42.776520" lon="-7.384910"><ele>447.9</ele></trkpt>
      <trkpt lat="42.776510" lon="-7.384960"><ele>447.6</ele></trkpt>
      <trkpt lat="42.776500" lon="-7.385020"><ele>447.2</ele></trkpt>
      <trkpt lat="42.776490" lon="-7.385070"><ele>446.9</ele></trkpt>
      <trkpt lat="42.776480" lon="-7.385140"><ele>446.6</ele></trkpt>
      <trkpt lat="42.776480" lon="-7.385190"><ele>446.3</ele></trkpt>
      <trkpt lat="42.776460" lon="-7.385230"><ele>446.0</ele></trkpt>
      <trkpt lat="42.776440" lon="-7.385260"><ele>445.8</ele></trkpt>
      <trkpt lat="42.776430" lon="-7.385320"><ele>445.5</ele></trkpt>
      <trkpt lat="42.776420" lon="-7.385370"><ele>445.2</ele></trkpt>
      <trkpt lat="42.776400" lon="-7.385410"><ele>444.9</ele></trkpt>
      <trkpt lat="42.776400" lon="-7.385470"><ele>444.7</ele></trkpt>
      <trkpt lat="42.776390" lon="-7.385510"><ele>444.4</ele></trkpt>
      <trkpt lat="42.776380" lon="-7.385560"><ele>444.1</ele></trkpt>
      <trkpt lat="42.776370" lon="-7.385610"><ele>443.8</ele></trkpt>
      <trkpt lat="42.776350" lon="-7.385710"><ele>443.4</ele></trkpt>
      <trkpt lat="42.776340" lon="-7.385760"><ele>443.1</ele></trkpt>
      <trkpt lat="42.776340" lon="-7.385800"><ele>443.0</ele></trkpt>
      <trkpt lat="42.776310" lon="-7.386000"><ele>443.3</ele></trkpt>
      <trkpt lat="42.776310" lon="-7.386250"><ele>443.6</ele></trkpt>
      <trkpt lat="42.776290" lon="-7.386380"><ele>443.9</ele></trkpt>
      <trkpt lat="42.776290" lon="-7.386570"><ele>444.3</ele></trkpt>
      <trkpt lat="42.776270" lon="-7.386830"><ele>445.3</ele></trkpt>
      <trkpt lat="42.776260" lon="-7.387120"><ele>446.8</ele></trkpt>
      <trkpt lat="42.776240" lon="-7.387370"><ele>448.1</ele></trkpt>
      <trkpt lat="42.776230" lon="-7.387630"><ele>449.4</ele></trkpt>
      <trkpt lat="42.776200" lon="-7.387840"><ele>450.4</ele></trkpt>
      <trkpt lat="42.776160" lon="-7.388060"><ele>451.4</ele></trkpt>
      <trkpt lat="42.776160" lon="-7.388290"><ele>451.8</ele></trkpt>
      <trkpt lat="42.776150" lon="-7.388540"><ele>452.2</ele></trkpt>
      <trkpt lat="42.776140" lon="-7.388820"><ele>452.1</ele></trkpt>
      <trkpt lat="42.776120" lon="-7.389030"><ele>452.0</ele></trkpt>
      <trkpt lat="42.776120" lon="-7.389260"><ele>451.5</ele></trkpt>
      <trkpt lat="42.776120" lon="-7.389470"><ele>451.1</ele></trkpt>
      <trkpt lat="42.776130" lon="-7.389740"><ele>450.6</ele></trkpt>
      <trkpt lat="42.776150" lon="-7.389940"><ele>450.2</ele></trkpt>
      <trkpt lat="42.776180" lon="-7.390280"><ele>448.7</ele></trkpt>
      <trkpt lat="42.776190" lon="-7.390460"><ele>447.9</ele></trkpt>
      <trkpt lat="42.776220" lon="-7.390640"><ele>447.2</ele></trkpt>
      <trkpt lat="42.776250" lon="-7.390860"><ele>446.2</ele></trkpt>
      <trkpt lat="42.776260" lon="-7.391090"><ele>444.7</ele></trkpt>
      <trkpt lat="42.776270" lon="-7.391270"><ele>443.6</ele></trkpt>
      <trkpt lat="42.776280" lon="-7.391510"><ele>442.2</ele></trkpt>
      <trkpt lat="42.776290" lon="-7.391760"><ele>440.7</ele></trkpt>
      <trkpt lat="42.776340" lon="-7.391970"><ele>439.7</ele></trkpt>
      <trkpt lat="42.776370" lon="-7.392250"><ele>438.4</ele></trkpt>
      <trkpt lat="42.776380" lon="-7.392530"><ele>437.4</ele></trkpt>
      <trkpt lat="42.776380" lon="-7.392730"><ele>436.7</ele></trkpt>
      <trkpt lat="42.776380" lon="-7.392980"><ele>436.3</ele></trkpt>
      <trkpt lat="42.776380" lon="-7.393300"><ele>435.9</ele></trkpt>
      <trkpt lat="42.776380" lon="-7.393530"><ele>435.9</ele></trkpt>
      <trkpt lat="42.776380" lon="-7.393900"><ele>436.2</ele></trkpt>
      <trkpt lat="42.776360" lon="-7.394250"><ele>436.2</ele></trkpt>
      <trkpt lat="42.776340" lon="-7.394630"><ele>435.7</ele></trkpt>
      <trkpt lat="42.776300" lon="-7.395010"><ele>435.2</ele></trkpt>
      <trkpt lat="42.776270" lon="-7.395330"><ele>433.9</ele></trkpt>
      <trkpt lat="42.776230" lon="-7.395900"><ele>431.5</ele></trkpt>
      <trkpt lat="42.776210" lon="-7.396090"><ele>431.0</ele></trkpt>
      <trkpt lat="42.776210" lon="-7.396280"><ele>430.6</ele></trkpt>
      <trkpt lat="42.776170" lon="-7.396470"><ele>430.3</ele></trkpt>
      <trkpt lat="42.776150" lon="-7.396660"><ele>430.0</ele></trkpt>
      <trkpt lat="42.776160" lon="-7.396850"><ele>429.6</ele></trkpt>
      <trkpt lat="42.776160" lon="-7.397100"><ele>429.1</ele></trkpt>
      <trkpt lat="42.776170" lon="-7.397300"><ele>428.7</ele></trkpt>
      <trkpt lat="42.776190" lon="-7.397460"><ele>428.2</ele></trkpt>
      <trkpt lat="42.776190" lon="-7.397660"><ele>427.7</ele></trkpt>
      <trkpt lat="42.776190" lon="-7.397720"><ele>427.5</ele></trkpt>
      <trkpt lat="42.776190" lon="-7.397810"><ele>427.2</ele></trkpt>
      <trkpt lat="42.776180" lon="-7.398060"><ele>426.6</ele></trkpt>
      <trkpt lat="42.776150" lon="-7.398220"><ele>426.3</ele></trkpt>
      <trkpt lat="42.776150" lon="-7.398360"><ele>426.0</ele></trkpt>
      <trkpt lat="42.776100" lon="-7.398680"><ele>425.6</ele></trkpt>
      <trkpt lat="42.776050" lon="-7.398860"><ele>425.5</ele></trkpt>
      <trkpt lat="42.775970" lon="-7.399070"><ele>425.6</ele></trkpt>
      <trkpt lat="42.775910" lon="-7.399220"><ele>425.7</ele></trkpt>
      <trkpt lat="42.775870" lon="-7.399450"><ele>425.2</ele></trkpt>
      <trkpt lat="42.775790" lon="-7.399680"><ele>424.8</ele></trkpt>
      <trkpt lat="42.775730" lon="-7.399860"><ele>424.4</ele></trkpt>
      <trkpt lat="42.775690" lon="-7.400030"><ele>424.0</ele></trkpt>
      <trkpt lat="42.775650" lon="-7.400160"><ele>423.7</ele></trkpt>
      <trkpt lat="42.775620" lon="-7.400300"><ele>423.4</ele></trkpt>
      <trkpt lat="42.775600" lon="-7.400490"><ele>422.9</ele></trkpt>
      <trkpt lat="42.775640" lon="-7.400760"><ele>422.1</ele></trkpt>
      <trkpt lat="42.775660" lon="-7.401000"><ele>421.4</ele></trkpt>
      <trkpt lat="42.775700" lon="-7.401300"><ele>420.9</ele></trkpt>
      <trkpt lat="42.775740" lon="-7.401600"><ele>420.7</ele></trkpt>
      <trkpt lat="42.775750" lon="-7.401900"><ele>421.2</ele></trkpt>
      <trkpt lat="42.775760" lon="-7.402300"><ele>422.3</ele></trkpt>
      <trkpt lat="42.775770" lon="-7.402500"><ele>422.7</ele></trkpt>
      <trkpt lat="42.775780" lon="-7.402670"><ele>422.6</ele></trkpt>
      <trkpt lat="42.775800" lon="-7.402880"><ele>422.4</ele></trkpt>
      <trkpt lat="42.775830" lon="-7.403040"><ele>422.2</ele></trkpt>
      <trkpt lat="42.775790" lon="-7.403200"><ele>422.2</ele></trkpt>
      <trkpt lat="42.775740" lon="-7.403350"><ele>422.1</ele></trkpt>
      <trkpt lat="42.775710" lon="-7.403530"><ele>422.2</ele></trkpt>
      <trkpt lat="42.775670" lon="-7.403700"><ele>422.2</ele></trkpt>
      <trkpt lat="42.775660" lon="-7.403820"><ele>422.2</ele></trkpt>
      <trkpt lat="42.775630" lon="-7.403910"><ele>422.2</ele></trkpt>
      <trkpt lat="42.775630" lon="-7.403970"><ele>422.2</ele></trkpt>
      <trkpt lat="42.775630" lon="-7.404040"><ele>422.2</ele></trkpt>
      <trkpt lat="42.775640" lon="-7.404090"><ele>422.2</ele></trkpt>
      <trkpt lat="42.775650" lon="-7.404160"><ele>422.2</ele></trkpt>
      <trkpt lat="42.775650" lon="-7.404220"><ele>422.2</ele></trkpt>
      <trkpt lat="42.775670" lon="-7.404320"><ele>422.2</ele></trkpt>
      <trkpt lat="42.775670" lon="-7.404390"><ele>422.2</ele></trkpt>
      <trkpt lat="42.775680" lon="-7.404450"><ele>422.2</ele></trkpt>
      <trkpt lat="42.775690" lon="-7.404500"><ele>422.2</ele></trkpt>
      <trkpt lat="42.775710" lon="-7.404570"><ele>422.2</ele></trkpt>
      <trkpt lat="42.775730" lon="-7.404650"><ele>422.1</ele></trkpt>
      <trkpt lat="42.775740" lon="-7.404690"><ele>422.1</ele></trkpt>
      <trkpt lat="42.775760" lon="-7.404770"><ele>422.2</ele></trkpt>
      <trkpt lat="42.775760" lon="-7.404810"><ele>422.2</ele></trkpt>
      <trkpt lat="42.775760" lon="-7.404840"><ele>422.2</ele></trkpt>
      <trkpt lat="42.775770" lon="-7.404860"><ele>422.2</ele></trkpt>
      <trkpt lat="42.775770" lon="-7.404880"><ele>422.2</ele></trkpt>
      <trkpt lat="42.775770" lon="-7.404910"><ele>422.2</ele></trkpt>
      <trkpt lat="42.775780" lon="-7.404940"><ele>422.3</ele></trkpt>
      <trkpt lat="42.775790" lon="-7.404970"><ele>422.3</ele></trkpt>
      <trkpt lat="42.775800" lon="-7.404990"><ele>422.3</ele></trkpt>
      <trkpt lat="42.775800" lon="-7.405010"><ele>422.3</ele></trkpt>
      <trkpt lat="42.775810" lon="-7.405030"><ele>422.3</ele></trkpt>
      <trkpt lat="42.775810" lon="-7.405070"><ele>422.3</ele></trkpt>
      <trkpt lat="42.775820" lon="-7.405100"><ele>422.3</ele></trkpt>
      <trkpt lat="42.775820" lon="-7.405120"><ele>422.3</ele></trkpt>
      <trkpt lat="42.775830" lon="-7.405140"><ele>422.3</ele></trkpt>
      <trkpt lat="42.775840" lon="-7.405170"><ele>422.3</ele></trkpt>
      <trkpt lat="42.775850" lon="-7.405210"><ele>422.3</ele></trkpt>
      <trkpt lat="42.775850" lon="-7.405230"><ele>422.3</ele></trkpt>
      <trkpt lat="42.775860" lon="-7.405260"><ele>422.4</ele></trkpt>
      <trkpt lat="42.775870" lon="-7.405300"><ele>422.4</ele></trkpt>
      <trkpt lat="42.775870" lon="-7.405320"><ele>422.5</ele></trkpt>
      <trkpt lat="42.775880" lon="-7.405350"><ele>422.6</ele></trkpt>
      <trkpt lat="42.775880" lon="-7.405380"><ele>422.6</ele></trkpt>
      <trkpt lat="42.775880" lon="-7.405410"><ele>422.7</ele></trkpt>
      <trkpt lat="42.775880" lon="-7.405440"><ele>422.8</ele></trkpt>
      <trkpt lat="42.775890" lon="-7.405460"><ele>422.8</ele></trkpt>
      <trkpt lat="42.775890" lon="-7.405500"><ele>422.9</ele></trkpt>
      <trkpt lat="42.775890" lon="-7.405530"><ele>423.0</ele></trkpt>
      <trkpt lat="42.775890" lon="-7.405560"><ele>423.1</ele></trkpt>
      <trkpt lat="42.775890" lon="-7.405580"><ele>423.1</ele></trkpt>
      <trkpt lat="42.775890" lon="-7.405610"><ele>423.2</ele></trkpt>
      <trkpt lat="42.775900" lon="-7.405630"><ele>423.2</ele></trkpt>
      <trkpt lat="42.775900" lon="-7.405650"><ele>423.2</ele></trkpt>
      <trkpt lat="42.775910" lon="-7.405670"><ele>423.3</ele></trkpt>
      <trkpt lat="42.775920" lon="-7.405680"><ele>423.3</ele></trkpt>
      <trkpt lat="42.775930" lon="-7.405710"><ele>423.3</ele></trkpt>
      <trkpt lat="42.775940" lon="-7.405730"><ele>423.3</ele></trkpt>
      <trkpt lat="42.775940" lon="-7.405750"><ele>423.4</ele></trkpt>
      <trkpt lat="42.775940" lon="-7.405780"><ele>423.5</ele></trkpt>
      <trkpt lat="42.775940" lon="-7.405820"><ele>423.6</ele></trkpt>
      <trkpt lat="42.775930" lon="-7.405850"><ele>423.7</ele></trkpt>
      <trkpt lat="42.775920" lon="-7.405880"><ele>423.8</ele></trkpt>
      <trkpt lat="42.775920" lon="-7.405900"><ele>423.8</ele></trkpt>
      <trkpt lat="42.775910" lon="-7.405930"><ele>423.9</ele></trkpt>
      <trkpt lat="42.775910" lon="-7.405950"><ele>424.0</ele></trkpt>
      <trkpt lat="42.775900" lon="-7.405970"><ele>424.1</ele></trkpt>
      <trkpt lat="42.775890" lon="-7.405990"><ele>424.2</ele></trkpt>
      <trkpt lat="42.775890" lon="-7.406020"><ele>424.3</ele></trkpt>
      <trkpt lat="42.775880" lon="-7.406040"><ele>424.3</ele></trkpt>
      <trkpt lat="42.775880" lon="-7.406060"><ele>424.4</ele></trkpt>
      <trkpt lat="42.775870" lon="-7.406090"><ele>424.5</ele></trkpt>
      <trkpt lat="42.775860" lon="-7.406110"><ele>424.6</ele></trkpt>
      <trkpt lat="42.775850" lon="-7.406130"><ele>424.7</ele></trkpt>
      <trkpt lat="42.775840" lon="-7.406150"><ele>424.8</ele></trkpt>
      <trkpt lat="42.775830" lon="-7.406170"><ele>424.9</ele></trkpt>
      <trkpt lat="42.775830" lon="-7.406200"><ele>425.0</ele></trkpt>
      <trkpt lat="42.775820" lon="-7.406220"><ele>425.1</ele></trkpt>
      <trkpt lat="42.775810" lon="-7.406250"><ele>425.3</ele></trkpt>
      <trkpt lat="42.775800" lon="-7.406270"><ele>425.4</ele></trkpt>
      <trkpt lat="42.775790" lon="-7.406300"><ele>425.5</ele></trkpt>
      <trkpt lat="42.775780" lon="-7.406320"><ele>425.6</ele></trkpt>
      <trkpt lat="42.775780" lon="-7.406340"><ele>425.7</ele></trkpt>
      <trkpt lat="42.775770" lon="-7.406370"><ele>425.8</ele></trkpt>
      <trkpt lat="42.775770" lon="-7.406390"><ele>425.8</ele></trkpt>
      <trkpt lat="42.775760" lon="-7.406420"><ele>425.9</ele></trkpt>
      <trkpt lat="42.775750" lon="-7.406430"><ele>425.9</ele></trkpt>
      <trkpt lat="42.775740" lon="-7.406470"><ele>426.0</ele></trkpt>
      <trkpt lat="42.775740" lon="-7.406490"><ele>426.1</ele></trkpt>
      <trkpt lat="42.775740" lon="-7.406510"><ele>426.2</ele></trkpt>
      <trkpt lat="42.775730" lon="-7.406540"><ele>426.3</ele></trkpt>
      <trkpt lat="42.775730" lon="-7.406570"><ele>426.4</ele></trkpt>
      <trkpt lat="42.775730" lon="-7.406590"><ele>426.4</ele></trkpt>
      <trkpt lat="42.775720" lon="-7.406610"><ele>426.4</ele></trkpt>
      <trkpt lat="42.775720" lon="-7.406630"><ele>426.3</ele></trkpt>
      <trkpt lat="42.775710" lon="-7.406650"><ele>426.2</ele></trkpt>
      <trkpt lat="42.775700" lon="-7.406670"><ele>426.2</ele></trkpt>
      <trkpt lat="42.775700" lon="-7.406700"><ele>426.1</ele></trkpt>
      <trkpt lat="42.775680" lon="-7.406920"><ele>425.5</ele></trkpt>
      <trkpt lat="42.775650" lon="-7.406980"><ele>425.2</ele></trkpt>
      <trkpt lat="42.775620" lon="-7.407060"><ele>425.0</ele></trkpt>
      <trkpt lat="42.775610" lon="-7.407140"><ele>424.6</ele></trkpt>
      <trkpt lat="42.775580" lon="-7.407210"><ele>424.3</ele></trkpt>
      <trkpt lat="42.775560" lon="-7.407280"><ele>424.0</ele></trkpt>
      <trkpt lat="42.775520" lon="-7.407340"><ele>423.7</ele></trkpt>
      <trkpt lat="42.775500" lon="-7.407400"><ele>423.5</ele></trkpt>
      <trkpt lat="42.775440" lon="-7.407400"><ele>423.3</ele></trkpt>
      <trkpt lat="42.775380" lon="-7.407420"><ele>423.1</ele></trkpt>
      <trkpt lat="42.775320" lon="-7.407440"><ele>423.0</ele></trkpt>
      <trkpt lat="42.775290" lon="-7.407480"><ele>422.8</ele></trkpt>
      <trkpt lat="42.775290" lon="-7.407550"><ele>422.6</ele></trkpt>
      <trkpt lat="42.775250" lon="-7.407600"><ele>422.5</ele></trkpt>
      <trkpt lat="42.775190" lon="-7.407600"><ele>422.4</ele></trkpt>
      <trkpt lat="42.775160" lon="-7.407640"><ele>422.3</ele></trkpt>
      <trkpt lat="42.775120" lon="-7.407700"><ele>422.1</ele></trkpt>
      <trkpt lat="42.775080" lon="-7.407760"><ele>422.0</ele></trkpt>
      <trkpt lat="42.775030" lon="-7.407820"><ele>421.8</ele></trkpt>
      <trkpt lat="42.774990" lon="-7.407880"><ele>421.7</ele></trkpt>
      <trkpt lat="42.774980" lon="-7.407950"><ele>421.6</ele></trkpt>
      <trkpt lat="42.774950" lon="-7.408060"><ele>421.5</ele></trkpt>
    </trkseg></trk>
</gpx>
