<?xml version="1.0" encoding="UTF-8"?>
<!-- track-length = 70382 filtered ascend = 908 plain-ascend = -102 cost=139685 energy=.4kwh time=4h 22m 6s -->
<gpx 
 xmlns="http://www.topografix.com/GPX/1/1" 
 xmlns:xsi="http://www.w3.org/2001/XMLSchema-instance" 
 xsi:schemaLocation="http://www.topografix.com/GPX/1/1 http://www.topografix.com/GPX/1/1/gpx.xsd" 
 creator="BRouter-1.7.10" version="1.1">
 <trk>
  <name>brouter_trekking_0</name>
  <trkseg>
   <trkpt lon="-1.504629" lat="42.930423"><ele>526.0</ele></trkpt>
   <trkpt lon="-1.504646" lat="42.930386"><ele>526.0</ele></trkpt>
   <trkpt lon="-1.504668" lat="42.930338"><ele>526.0</ele></trkpt>
   <trkpt lon="-1.504366" lat="42.930206"><ele>525.0</ele></trkpt>
   <trkpt lon="-1.504186" lat="42.930127"><ele>525.0</ele></trkpt>
   <trkpt lon="-1.503959" lat="42.930028"><ele>525.0</ele></trkpt>
   <trkpt lon="-1.503898" lat="42.930001"><ele>525.0</ele></trkpt>
   <trkpt lon="-1.503755" lat="42.929938"><ele>524.5</ele></trkpt>
   <trkpt lon="-1.503703" lat="42.929922"><ele>524.5</ele></trkpt>
   <trkpt lon="-1.503604" lat="42.929890"><ele>524.75</ele></trkpt>
   <trkpt lon="-1.503404" lat="42.929869"><ele>525.25</ele></trkpt>
   <trkpt lon="-1.503129" lat="42.929831"><ele>526.25</ele></trkpt>
   <trkpt lon="-1.502964" lat="42.929822"><ele>526.25</ele></trkpt>
   <trkpt lon="-1.502848" lat="42.929838"><ele>527.25</ele></trkpt>
   <trkpt lon="-1.502809" lat="42.929775"><ele>528.25</ele></trkpt>
   <trkpt lon="-1.502792" lat="42.929608"><ele>530.25</ele></trkpt>
   <trkpt lon="-1.502787" lat="42.929491"><ele>532.0</ele></trkpt>
   <trkpt lon="-1.502802" lat="42.929269"><ele>534.75</ele></trkpt>
   <trkpt lon="-1.502781" lat="42.929192"><ele>536.5</ele></trkpt>
   <trkpt lon="-1.502720" lat="42.929144"><ele>537.5</ele></trkpt>
   <trkpt lon="-1.502641" lat="42.929089"><ele>538.5</ele></trkpt>
   <trkpt lon="-1.502577" lat="42.929031"><ele>539.25</ele></trkpt>
   <trkpt lon="-1.502351" lat="42.928756"><ele>538.0</ele></trkpt>
   <trkpt lon="-1.502246" lat="42.928553"><ele>534.0</ele></trkpt>
   <trkpt lon="-1.502216" lat="42.928392"><ele>531.0</ele></trkpt>
   <trkpt lon="-1.502212" lat="42.928226"><ele>529.25</ele></trkpt>
   <trkpt lon="-1.502244" lat="42.928038"><ele>528.5</ele></trkpt>
   <trkpt lon="-1.502679" lat="42.927582"><ele>534.75</ele></trkpt>
   <trkpt lon="-1.502844" lat="42.927360"><ele>536.0</ele></trkpt>
   <trkpt lon="-1.503130" lat="42.927217"><ele>534.25</ele></trkpt>
   <trkpt lon="-1.503165" lat="42.927165"><ele>534.5</ele></trkpt>
   <trkpt lon="-1.503552" lat="42.926973"><ele>533.25</ele></trkpt>
   <trkpt lon="-1.503968" lat="42.926805"><ele>529.75</ele></trkpt>
   <trkpt lon="-1.504113" lat="42.926730"><ele>528.25</ele></trkpt>
   <trkpt lon="-1.504236" lat="42.926601"><ele>526.75</ele></trkpt>
   <trkpt lon="-1.504435" lat="42.926158"><ele>524.75</ele></trkpt>
   <trkpt lon="-1.504621" lat="42.925872"><ele>524.25</ele></trkpt>
   <trkpt lon="-1.504686" lat="42.925702"><ele>524.5</ele></trkpt>
   <trkpt lon="-1.504742" lat="42.925477"><ele>525.0</ele></trkpt>
   <trkpt lon="-1.504818" lat="42.925275"><ele>525.25</ele></trkpt>
   <trkpt lon="-1.504824" lat="42.925102"><ele>527.0</ele></trkpt>
   <trkpt lon="-1.504812" lat="42.924950"><ele>528.5</ele></trkpt>
   <trkpt lon="-1.504744" lat="42.924728"><ele>529.75</ele></trkpt>
   <trkpt lon="-1.504562" lat="42.924342"><ele>531.0</ele></trkpt>
   <trkpt lon="-1.504493" lat="42.924241"><ele>531.0</ele></trkpt>
   <trkpt lon="-1.504506" lat="42.924177"><ele>530.5</ele></trkpt>
   <trkpt lon="-1.504594" lat="42.924036"><ele>532.75</ele></trkpt>
   <trkpt lon="-1.504653" lat="42.923901"><ele>535.5</ele></trkpt>
   <trkpt lon="-1.504703" lat="42.923823"><ele>536.75</ele></trkpt>
   <trkpt lon="-1.504809" lat="42.923837"><ele>536.25</ele></trkpt>
   <trkpt lon="-1.504929" lat="42.923819"><ele>535.75</ele></trkpt>
   <trkpt lon="-1.505986" lat="42.923565"><ele>525.25</ele></trkpt>
   <trkpt lon="-1.506262" lat="42.923485"><ele>523.0</ele></trkpt>
   <trkpt lon="-1.506552" lat="42.923360"><ele>521.25</ele></trkpt>
   <trkpt lon="-1.506422" lat="42.923204"><ele>522.75</ele></trkpt>
   <trkpt lon="-1.506376" lat="42.923116"><ele>523.25</ele></trkpt>
   <trkpt lon="-1.506367" lat="42.923021"><ele>523.75</ele></trkpt>
   <trkpt lon="-1.506390" lat="42.922908"><ele>524.5</ele></trkpt>
   <trkpt lon="-1.506447" lat="42.922777"><ele>525.0</ele></trkpt>
   <trkpt lon="-1.506656" lat="42.922392"><ele>528.25</ele></trkpt>
   <trkpt lon="-1.507666" lat="42.920493"><ele>542.0</ele></trkpt>
   <trkpt lon="-1.507753" lat="42.920356"><ele>543.0</ele></trkpt>
   <trkpt lon="-1.507822" lat="42.920297"><ele>543.0</ele></trkpt>
   <trkpt lon="-1.507922" lat="42.920251"><ele>543.0</ele></trkpt>
   <trkpt lon="-1.508158" lat="42.920174"><ele>543.0</ele></trkpt>
   <trkpt lon="-1.508510" lat="42.920086"><ele>545.25</ele></trkpt>
   <trkpt lon="-1.508650" lat="42.920041"><ele>546.5</ele></trkpt>
   <trkpt lon="-1.508790" lat="42.919979"><ele>547.5</ele></trkpt>
   <trkpt lon="-1.509197" lat="42.919744"><ele>550.0</ele></trkpt>
   <trkpt lon="-1.509342" lat="42.919629"><ele>551.75</ele></trkpt>
   <trkpt lon="-1.509438" lat="42.919619"><ele>550.75</ele></trkpt>
   <trkpt lon="-1.509531" lat="42.919587"><ele>550.75</ele></trkpt>
   <trkpt lon="-1.509699" lat="42.919491"><ele>550.5</ele></trkpt>
   <trkpt lon="-1.509879" lat="42.919424"><ele>550.5</ele></trkpt>
   <trkpt lon="-1.509940" lat="42.919331"><ele>551.5</ele></trkpt>
   <trkpt lon="-1.510224" lat="42.918985"><ele>555.0</ele></trkpt>
   <trkpt lon="-1.510429" lat="42.918677"><ele>557.75</ele></trkpt>
   <trkpt lon="-1.510773" lat="42.918291"><ele>559.25</ele></trkpt>
   <trkpt lon="-1.511157" lat="42.918179"><ele>558.75</ele></trkpt>
   <trkpt lon="-1.511531" lat="42.918215"><ele>555.0</ele></trkpt>
   <trkpt lon="-1.511986" lat="42.918132"><ele>550.5</ele></trkpt>
   <trkpt lon="-1.512279" lat="42.917905"><ele>548.5</ele></trkpt>
   <trkpt lon="-1.512653" lat="42.917500"><ele>546.25</ele></trkpt>
   <trkpt lon="-1.512929" lat="42.917334"><ele>544.0</ele></trkpt>
   <trkpt lon="-1.513076" lat="42.917107"><ele>542.25</ele></trkpt>
   <trkpt lon="-1.513517" lat="42.916825"><ele>539.0</ele></trkpt>
   <trkpt lon="-1.513597" lat="42.916678"><ele>537.25</ele></trkpt>
   <trkpt lon="-1.513632" lat="42.916556"><ele>537.75</ele></trkpt>
   <trkpt lon="-1.513645" lat="42.916310"><ele>539.75</ele></trkpt>
   <trkpt lon="-1.513675" lat="42.916044"><ele>543.0</ele></trkpt>
   <trkpt lon="-1.513718" lat="42.915804"><ele>545.25</ele></trkpt>
   <trkpt lon="-1.513737" lat="42.915517"><ele>548.0</ele></trkpt>
   <trkpt lon="-1.513796" lat="42.915211"><ele>550.75</ele></trkpt>
   <trkpt lon="-1.513868" lat="42.915191"><ele>549.5</ele></trkpt>
   <trkpt lon="-1.513943" lat="42.915146"><ele>548.0</ele></trkpt>
   <trkpt lon="-1.514171" lat="42.914983"><ele>540.75</ele></trkpt>
   <trkpt lon="-1.514400" lat="42.914849"><ele>536.5</ele></trkpt>
   <trkpt lon="-1.514452" lat="42.914883"><ele>536.0</ele></trkpt>
   <trkpt lon="-1.514498" lat="42.914890"><ele>535.5</ele></trkpt>
   <trkpt lon="-1.514554" lat="42.914887"><ele>535.0</ele></trkpt>
   <trkpt lon="-1.514586" lat="42.914867"><ele>534.75</ele></trkpt>
   <trkpt lon="-1.514603" lat="42.914824"><ele>534.0</ele></trkpt>
   <trkpt lon="-1.514625" lat="42.914706"><ele>533.0</ele></trkpt>
   <trkpt lon="-1.514651" lat="42.914679"><ele>533.0</ele></trkpt>
   <trkpt lon="-1.515065" lat="42.914465"><ele>529.0</ele></trkpt>
   <trkpt lon="-1.515566" lat="42.914195"><ele>523.75</ele></trkpt>
   <trkpt lon="-1.515667" lat="42.914124"><ele>523.0</ele></trkpt>
   <trkpt lon="-1.515721" lat="42.914051"><ele>522.25</ele></trkpt>
   <trkpt lon="-1.515788" lat="42.913814"><ele>519.25</ele></trkpt>
   <trkpt lon="-1.515849" lat="42.913755"><ele>518.25</ele></trkpt>
   <trkpt lon="-1.515877" lat="42.913727"><ele>518.25</ele></trkpt>
   <trkpt lon="-1.516012" lat="42.913656"><ele>518.0</ele></trkpt>
   <trkpt lon="-1.516247" lat="42.913508"><ele>518.25</ele></trkpt>
   <trkpt lon="-1.516453" lat="42.913355"><ele>518.0</ele></trkpt>
   <trkpt lon="-1.516631" lat="42.913257"><ele>517.0</ele></trkpt>
   <trkpt lon="-1.516675" lat="42.913215"><ele>517.0</ele></trkpt>
   <trkpt lon="-1.516687" lat="42.913157"><ele>517.75</ele></trkpt>
   <trkpt lon="-1.516642" lat="42.913019"><ele>519.25</ele></trkpt>
   <trkpt lon="-1.516637" lat="42.912848"><ele>520.0</ele></trkpt>
   <trkpt lon="-1.516654" lat="42.912701"><ele>521.5</ele></trkpt>
   <trkpt lon="-1.516708" lat="42.912520"><ele>523.75</ele></trkpt>
   <trkpt lon="-1.516836" lat="42.912231"><ele>527.75</ele></trkpt>
   <trkpt lon="-1.516911" lat="42.912117"><ele>529.5</ele></trkpt>
   <trkpt lon="-1.517091" lat="42.911944"><ele>532.25</ele></trkpt>
   <trkpt lon="-1.517208" lat="42.911780"><ele>535.75</ele></trkpt>
   <trkpt lon="-1.517314" lat="42.911579"><ele>540.5</ele></trkpt>
   <trkpt lon="-1.517435" lat="42.911395"><ele>544.5</ele></trkpt>
   <trkpt lon="-1.517496" lat="42.911283"><ele>545.5</ele></trkpt>
   <trkpt lon="-1.517502" lat="42.911106"><ele>547.75</ele></trkpt>
   <trkpt lon="-1.517410" lat="42.911090"><ele>548.75</ele></trkpt>
   <trkpt lon="-1.517186" lat="42.911035"><ele>550.75</ele></trkpt>
   <trkpt lon="-1.517179" lat="42.911010"><ele>550.5</ele></trkpt>
   <trkpt lon="-1.517168" lat="42.911001"><ele>550.75</ele></trkpt>
   <trkpt lon="-1.517136" lat="42.910992"><ele>551.0</ele></trkpt>
   <trkpt lon="-1.517133" lat="42.910918"><ele>550.5</ele></trkpt>
   <trkpt lon="-1.517137" lat="42.910711"><ele>549.25</ele></trkpt>
   <trkpt lon="-1.517153" lat="42.910652"><ele>548.75</ele></trkpt>
   <trkpt lon="-1.517194" lat="42.910571"><ele>548.25</ele></trkpt>
   <trkpt lon="-1.517234" lat="42.910523"><ele>548.5</ele></trkpt>
   <trkpt lon="-1.517304" lat="42.910473"><ele>549.0</ele></trkpt>
   <trkpt lon="-1.518866" lat="42.910298"><ele>540.75</ele></trkpt>
   <trkpt lon="-1.519191" lat="42.910268"><ele>538.0</ele></trkpt>
   <trkpt lon="-1.519427" lat="42.910231"><ele>538.0</ele></trkpt>
   <trkpt lon="-1.519665" lat="42.910166"><ele>536.25</ele></trkpt>
   <trkpt lon="-1.520322" lat="42.909954"><ele>531.25</ele></trkpt>
   <trkpt lon="-1.521035" lat="42.909713"><ele>529.5</ele></trkpt>
   <trkpt lon="-1.521344" lat="42.909600"><ele>528.5</ele></trkpt>
   <trkpt lon="-1.522176" lat="42.909232"><ele>524.5</ele></trkpt>
   <trkpt lon="-1.522608" lat="42.909120"><ele>522.25</ele></trkpt>
   <trkpt lon="-1.523042" lat="42.909061"><ele>521.0</ele></trkpt>
   <trkpt lon="-1.523120" lat="42.909065"><ele>520.25</ele></trkpt>
   <trkpt lon="-1.523197" lat="42.909093"><ele>519.0</ele></trkpt>
   <trkpt lon="-1.523257" lat="42.909134"><ele>517.25</ele></trkpt>
   <trkpt lon="-1.523347" lat="42.909090"><ele>518.0</ele></trkpt>
   <trkpt lon="-1.523502" lat="42.908994"><ele>519.25</ele></trkpt>
   <trkpt lon="-1.523700" lat="42.908832"><ele>521.5</ele></trkpt>
   <trkpt lon="-1.524431" lat="42.908270"><ele>528.75</ele></trkpt>
   <trkpt lon="-1.524661" lat="42.908032"><ele>531.0</ele></trkpt>
   <trkpt lon="-1.524868" lat="42.907870"><ele>532.0</ele></trkpt>
   <trkpt lon="-1.525086" lat="42.907802"><ele>532.0</ele></trkpt>
   <trkpt lon="-1.525182" lat="42.907757"><ele>531.5</ele></trkpt>
   <trkpt lon="-1.525224" lat="42.907702"><ele>530.75</ele></trkpt>
   <trkpt lon="-1.525224" lat="42.907659"><ele>530.25</ele></trkpt>
   <trkpt lon="-1.525161" lat="42.907454"><ele>529.75</ele></trkpt>
   <trkpt lon="-1.525081" lat="42.907321"><ele>529.0</ele></trkpt>
   <trkpt lon="-1.525055" lat="42.907297"><ele>529.25</ele></trkpt>
   <trkpt lon="-1.525034" lat="42.907209"><ele>528.25</ele></trkpt>
   <trkpt lon="-1.525043" lat="42.907080"><ele>526.75</ele></trkpt>
   <trkpt lon="-1.525169" lat="42.906807"><ele>523.25</ele></trkpt>
   <trkpt lon="-1.525264" lat="42.906673"><ele>522.0</ele></trkpt>
   <trkpt lon="-1.525281" lat="42.906591"><ele>521.5</ele></trkpt>
   <trkpt lon="-1.525277" lat="42.906510"><ele>521.25</ele></trkpt>
   <trkpt lon="-1.525298" lat="42.906458"><ele>521.0</ele></trkpt>
   <trkpt lon="-1.525374" lat="42.906428"><ele>521.0</ele></trkpt>
   <trkpt lon="-1.525475" lat="42.906411"><ele>520.75</ele></trkpt>
   <trkpt lon="-1.525636" lat="42.906394"><ele>522.0</ele></trkpt>
   <trkpt lon="-1.525748" lat="42.906405"><ele>523.5</ele></trkpt>
   <trkpt lon="-1.526067" lat="42.906534"><ele>525.5</ele></trkpt>
   <trkpt lon="-1.526745" lat="42.906952"><ele>525.0</ele></trkpt>
   <trkpt lon="-1.526981" lat="42.907066"><ele>524.5</ele></trkpt>
   <trkpt lon="-1.527315" lat="42.907155"><ele>523.5</ele></trkpt>
   <trkpt lon="-1.527405" lat="42.907192"><ele>523.5</ele></trkpt>
   <trkpt lon="-1.527469" lat="42.907235"><ele>523.25</ele></trkpt>
   <trkpt lon="-1.527524" lat="42.907313"><ele>522.25</ele></trkpt>
   <trkpt lon="-1.527701" lat="42.907436"><ele>520.75</ele></trkpt>
   <trkpt lon="-1.527938" lat="42.907505"><ele>521.0</ele></trkpt>
   <trkpt lon="-1.528265" lat="42.907586"><ele>521.25</ele></trkpt>
   <trkpt lon="-1.528566" lat="42.907626"><ele>521.25</ele></trkpt>
   <trkpt lon="-1.528813" lat="42.907625"><ele>521.0</ele></trkpt>
   <trkpt lon="-1.529066" lat="42.907596"><ele>520.25</ele></trkpt>
   <trkpt lon="-1.529325" lat="42.907553"><ele>519.75</ele></trkpt>
   <trkpt lon="-1.529512" lat="42.907513"><ele>519.5</ele></trkpt>
   <trkpt lon="-1.529675" lat="42.907460"><ele>519.0</ele></trkpt>
   <trkpt lon="-1.529851" lat="42.907413"><ele>518.0</ele></trkpt>
   <trkpt lon="-1.530620" lat="42.907088"><ele>515.75</ele></trkpt>
   <trkpt lon="-1.530920" lat="42.906951"><ele>517.0</ele></trkpt>
   <trkpt lon="-1.531251" lat="42.906812"><ele>516.0</ele></trkpt>
   <trkpt lon="-1.531409" lat="42.906746"><ele>516.25</ele></trkpt>
   <trkpt lon="-1.531751" lat="42.906581"><ele>516.5</ele></trkpt>
   <trkpt lon="-1.531868" lat="42.906515"><ele>516.25</ele></trkpt>
   <trkpt lon="-1.531993" lat="42.906442"><ele>516.25</ele></trkpt>
   <trkpt lon="-1.532310" lat="42.906273"><ele>515.25</ele></trkpt>
   <trkpt lon="-1.532423" lat="42.906194"><ele>514.5</ele></trkpt>
   <trkpt lon="-1.532673" lat="42.905986"><ele>514.0</ele></trkpt>
   <trkpt lon="-1.532829" lat="42.905914"><ele>514.0</ele></trkpt>
   <trkpt lon="-1.532902" lat="42.905887"><ele>513.5</ele></trkpt>
   <trkpt lon="-1.533017" lat="42.905870"><ele>513.0</ele></trkpt>
   <trkpt lon="-1.533050" lat="42.905862"><ele>512.75</ele></trkpt>
   <trkpt lon="-1.533033" lat="42.905816"><ele>513.25</ele></trkpt>
   <trkpt lon="-1.533096" lat="42.905795"><ele>513.25</ele></trkpt>
   <trkpt lon="-1.533152" lat="42.905743"><ele>513.5</ele></trkpt>
   <trkpt lon="-1.533791" lat="42.905044"><ele>513.5</ele></trkpt>
   <trkpt lon="-1.533849" lat="42.905001"><ele>513.25</ele></trkpt>
   <trkpt lon="-1.533912" lat="42.904916"><ele>513.0</ele></trkpt>
   <trkpt lon="-1.533954" lat="42.904800"><ele>513.25</ele></trkpt>
   <trkpt lon="-1.534023" lat="42.904683"><ele>513.0</ele></trkpt>
   <trkpt lon="-1.534236" lat="42.904494"><ele>513.0</ele></trkpt>
   <trkpt lon="-1.534615" lat="42.904086"><ele>513.0</ele></trkpt>
   <trkpt lon="-1.534707" lat="42.904012"><ele>513.0</ele></trkpt>
   <trkpt lon="-1.535005" lat="42.903839"><ele>512.0</ele></trkpt>
   <trkpt lon="-1.535177" lat="42.903708"><ele>510.75</ele></trkpt>
   <trkpt lon="-1.535238" lat="42.903603"><ele>510.25</ele></trkpt>
   <trkpt lon="-1.535307" lat="42.903412"><ele>509.75</ele></trkpt>
   <trkpt lon="-1.535311" lat="42.903358"><ele>509.75</ele></trkpt>
   <trkpt lon="-1.535278" lat="42.903184"><ele>511.0</ele></trkpt>
   <trkpt lon="-1.535278" lat="42.903153"><ele>511.25</ele></trkpt>
   <trkpt lon="-1.535290" lat="42.903135"><ele>511.25</ele></trkpt>
   <trkpt lon="-1.535319" lat="42.903117"><ele>511.5</ele></trkpt>
   <trkpt lon="-1.535378" lat="42.903102"><ele>511.75</ele></trkpt>
   <trkpt lon="-1.535435" lat="42.903102"><ele>512.0</ele></trkpt>
   <trkpt lon="-1.535484" lat="42.903113"><ele>512.0</ele></trkpt>
   <trkpt lon="-1.535535" lat="42.903139"><ele>512.0</ele></trkpt>
   <trkpt lon="-1.535619" lat="42.903163"><ele>512.0</ele></trkpt>
   <trkpt lon="-1.535815" lat="42.903172"><ele>513.0</ele></trkpt>
   <trkpt lon="-1.535978" lat="42.903144"><ele>512.75</ele></trkpt>
   <trkpt lon="-1.536214" lat="42.903035"><ele>512.25</ele></trkpt>
   <trkpt lon="-1.537175" lat="42.902537"><ele>508.0</ele></trkpt>
   <trkpt lon="-1.537543" lat="42.902367"><ele>504.25</ele></trkpt>
   <trkpt lon="-1.537875" lat="42.902225"><ele>499.75</ele></trkpt>
   <trkpt lon="-1.538077" lat="42.902090"><ele>500.75</ele></trkpt>
   <trkpt lon="-1.538238" lat="42.902015"><ele>501.25</ele></trkpt>
   <trkpt lon="-1.538427" lat="42.901974"><ele>499.5</ele></trkpt>
   <trkpt lon="-1.538506" lat="42.901928"><ele>499.25</ele></trkpt>
   <trkpt lon="-1.538675" lat="42.901848"><ele>498.75</ele></trkpt>
   <trkpt lon="-1.538846" lat="42.901730"><ele>500.75</ele></trkpt>
   <trkpt lon="-1.538967" lat="42.901616"><ele>501.0</ele></trkpt>
   <trkpt lon="-1.539039" lat="42.901519"><ele>501.25</ele></trkpt>
   <trkpt lon="-1.539080" lat="42.901437"><ele>503.0</ele></trkpt>
   <trkpt lon="-1.539073" lat="42.901385"><ele>504.75</ele></trkpt>
   <trkpt lon="-1.538989" lat="42.901326"><ele>505.75</ele></trkpt>
   <trkpt lon="-1.538907" lat="42.901221"><ele>505.5</ele></trkpt>
   <trkpt lon="-1.538885" lat="42.901180"><ele>505.25</ele></trkpt>
   <trkpt lon="-1.538881" lat="42.901134"><ele>504.5</ele></trkpt>
   <trkpt lon="-1.538922" lat="42.901090"><ele>503.75</ele></trkpt>
   <trkpt lon="-1.538983" lat="42.901075"><ele>503.5</ele></trkpt>
   <trkpt lon="-1.539116" lat="42.901058"><ele>503.0</ele></trkpt>
   <trkpt lon="-1.539252" lat="42.901057"><ele>503.0</ele></trkpt>
   <trkpt lon="-1.539383" lat="42.901066"><ele>503.0</ele></trkpt>
   <trkpt lon="-1.539511" lat="42.901086"><ele>502.5</ele></trkpt>
   <trkpt lon="-1.539633" lat="42.901083"><ele>502.0</ele></trkpt>
   <trkpt lon="-1.539835" lat="42.900984"><ele>502.75</ele></trkpt>
   <trkpt lon="-1.540156" lat="42.900832"><ele>501.5</ele></trkpt>
   <trkpt lon="-1.540454" lat="42.900676"><ele>498.5</ele></trkpt>
   <trkpt lon="-1.540566" lat="42.900641"><ele>496.5</ele></trkpt>
   <trkpt lon="-1.540841" lat="42.900351"><ele>501.0</ele></trkpt>
   <trkpt lon="-1.540866" lat="42.900306"><ele>502.0</ele></trkpt>
   <trkpt lon="-1.540907" lat="42.900183"><ele>503.25</ele></trkpt>
   <trkpt lon="-1.540951" lat="42.900110"><ele>503.75</ele></trkpt>
   <trkpt lon="-1.541121" lat="42.899829"><ele>506.5</ele></trkpt>
   <trkpt lon="-1.541228" lat="42.899623"><ele>508.0</ele></trkpt>
   <trkpt lon="-1.541356" lat="42.899347"><ele>509.75</ele></trkpt>
   <trkpt lon="-1.541481" lat="42.899126"><ele>511.25</ele></trkpt>
   <trkpt lon="-1.541559" lat="42.899006"><ele>512.5</ele></trkpt>
   <trkpt lon="-1.541857" lat="42.898545"><ele>516.75</ele></trkpt>
   <trkpt lon="-1.541910" lat="42.898452"><ele>517.5</ele></trkpt>
   <trkpt lon="-1.541959" lat="42.898357"><ele>518.5</ele></trkpt>
   <trkpt lon="-1.542010" lat="42.898193"><ele>519.0</ele></trkpt>
   <trkpt lon="-1.542023" lat="42.898088"><ele>519.5</ele></trkpt>
   <trkpt lon="-1.542018" lat="42.897986"><ele>519.75</ele></trkpt>
   <trkpt lon="-1.541978" lat="42.897835"><ele>519.75</ele></trkpt>
   <trkpt lon="-1.541815" lat="42.897328"><ele>519.75</ele></trkpt>
   <trkpt lon="-1.541860" lat="42.897109"><ele>520.25</ele></trkpt>
   <trkpt lon="-1.541906" lat="42.896964"><ele>520.25</ele></trkpt>
   <trkpt lon="-1.541933" lat="42.896921"><ele>520.0</ele></trkpt>
   <trkpt lon="-1.541973" lat="42.896884"><ele>519.75</ele></trkpt>
   <trkpt lon="-1.542291" lat="42.896757"><ele>520.5</ele></trkpt>
   <trkpt lon="-1.542472" lat="42.896684"><ele>524.25</ele></trkpt>
   <trkpt lon="-1.542540" lat="42.896687"><ele>525.5</ele></trkpt>
   <trkpt lon="-1.542592" lat="42.896711"><ele>526.25</ele></trkpt>
   <trkpt lon="-1.542833" lat="42.896903"><ele>529.25</ele></trkpt>
   <trkpt lon="-1.542912" lat="42.896954"><ele>529.75</ele></trkpt>
   <trkpt lon="-1.542981" lat="42.896984"><ele>530.0</ele></trkpt>
   <trkpt lon="-1.543048" lat="42.897005"><ele>530.75</ele></trkpt>
   <trkpt lon="-1.543132" lat="42.897004"><ele>531.0</ele></trkpt>
   <trkpt lon="-1.543170" lat="42.897000"><ele>531.25</ele></trkpt>
   <trkpt lon="-1.543201" lat="42.896986"><ele>531.75</ele></trkpt>
   <trkpt lon="-1.543240" lat="42.896955"><ele>532.25</ele></trkpt>
   <trkpt lon="-1.543293" lat="42.896832"><ele>534.75</ele></trkpt>
   <trkpt lon="-1.543660" lat="42.896485"><ele>536.25</ele></trkpt>
   <trkpt lon="-1.543582" lat="42.896401"><ele>538.0</ele></trkpt>
   <trkpt lon="-1.543557" lat="42.896384"><ele>538.25</ele></trkpt>
   <trkpt lon="-1.543518" lat="42.896374"><ele>538.5</ele></trkpt>
   <trkpt lon="-1.543374" lat="42.896359"><ele>539.75</ele></trkpt>
   <trkpt lon="-1.543342" lat="42.896349"><ele>540.0</ele></trkpt>
   <trkpt lon="-1.543273" lat="42.896292"><ele>540.5</ele></trkpt>
   <trkpt lon="-1.543241" lat="42.896284"><ele>540.5</ele></trkpt>
   <trkpt lon="-1.543042" lat="42.896272"><ele>541.0</ele></trkpt>
   <trkpt lon="-1.543028" lat="42.896070"><ele>541.75</ele></trkpt>
   <trkpt lon="-1.543016" lat="42.895946"><ele>542.25</ele></trkpt>
   <trkpt lon="-1.543012" lat="42.895750"><ele>543.25</ele></trkpt>
   <trkpt lon="-1.543030" lat="42.895705"><ele>543.5</ele></trkpt>
   <trkpt lon="-1.543069" lat="42.895652"><ele>544.0</ele></trkpt>
   <trkpt lon="-1.543120" lat="42.895604"><ele>544.0</ele></trkpt>
   <trkpt lon="-1.543216" lat="42.895544"><ele>544.0</ele></trkpt>
   <trkpt lon="-1.543255" lat="42.895529"><ele>544.0</ele></trkpt>
   <trkpt lon="-1.544212" lat="42.895240"><ele>539.5</ele></trkpt>
   <trkpt lon="-1.544396" lat="42.895202"><ele>538.25</ele></trkpt>
   <trkpt lon="-1.544548" lat="42.895191"><ele>539.0</ele></trkpt>
   <trkpt lon="-1.544906" lat="42.895203"><ele>539.25</ele></trkpt>
   <trkpt lon="-1.545295" lat="42.895211"><ele>536.5</ele></trkpt>
   <trkpt lon="-1.545395" lat="42.895199"><ele>535.25</ele></trkpt>
   <trkpt lon="-1.545477" lat="42.895169"><ele>534.75</ele></trkpt>
   <trkpt lon="-1.545596" lat="42.895108"><ele>534.5</ele></trkpt>
   <trkpt lon="-1.545986" lat="42.894816"><ele>532.25</ele></trkpt>
   <trkpt lon="-1.546065" lat="42.894740"><ele>531.0</ele></trkpt>
   <trkpt lon="-1.546169" lat="42.894665"><ele>531.25</ele></trkpt>
   <trkpt lon="-1.546255" lat="42.894631"><ele>531.5</ele></trkpt>
   <trkpt lon="-1.546385" lat="42.894614"><ele>530.75</ele></trkpt>
   <trkpt lon="-1.546948" lat="42.894597"><ele>527.5</ele></trkpt>
   <trkpt lon="-1.547106" lat="42.894597"><ele>525.5</ele></trkpt>
   <trkpt lon="-1.547207" lat="42.894597"><ele>524.25</ele></trkpt>
   <trkpt lon="-1.547298" lat="42.894583"><ele>523.25</ele></trkpt>
   <trkpt lon="-1.547380" lat="42.894551"><ele>522.25</ele></trkpt>
   <trkpt lon="-1.547454" lat="42.894499"><ele>522.0</ele></trkpt>
   <trkpt lon="-1.547529" lat="42.894420"><ele>521.5</ele></trkpt>
   <trkpt lon="-1.547714" lat="42.894077"><ele>519.5</ele></trkpt>
   <trkpt lon="-1.547771" lat="42.894005"><ele>518.75</ele></trkpt>
   <trkpt lon="-1.547846" lat="42.893956"><ele>518.25</ele></trkpt>
   <trkpt lon="-1.547925" lat="42.893917"><ele>517.5</ele></trkpt>
   <trkpt lon="-1.548012" lat="42.893900"><ele>516.5</ele></trkpt>
   <trkpt lon="-1.548120" lat="42.893901"><ele>515.5</ele></trkpt>
   <trkpt lon="-1.548226" lat="42.893929"><ele>515.0</ele></trkpt>
   <trkpt lon="-1.548387" lat="42.894005"><ele>514.0</ele></trkpt>
   <trkpt lon="-1.549271" lat="42.894466"><ele>507.5</ele></trkpt>
   <trkpt lon="-1.549411" lat="42.894526"><ele>507.25</ele></trkpt>
   <trkpt lon="-1.549602" lat="42.894588"><ele>505.25</ele></trkpt>
   <trkpt lon="-1.549825" lat="42.894606"><ele>503.0</ele></trkpt>
   <trkpt lon="-1.549768" lat="42.894566"><ele>504.0</ele></trkpt>
   <trkpt lon="-1.549766" lat="42.894534"><ele>504.5</ele></trkpt>
   <trkpt lon="-1.549782" lat="42.894507"><ele>504.5</ele></trkpt>
   <trkpt lon="-1.549927" lat="42.894401"><ele>504.0</ele></trkpt>
   <trkpt lon="-1.550182" lat="42.894241"><ele>504.25</ele></trkpt>
   <trkpt lon="-1.550239" lat="42.894173"><ele>504.5</ele></trkpt>
   <trkpt lon="-1.550511" lat="42.893949"><ele>505.25</ele></trkpt>
   <trkpt lon="-1.550805" lat="42.893745"><ele>506.0</ele></trkpt>
   <trkpt lon="-1.550870" lat="42.893711"><ele>505.75</ele></trkpt>
   <trkpt lon="-1.551090" lat="42.893619"><ele>505.0</ele></trkpt>
   <trkpt lon="-1.551321" lat="42.893539"><ele>505.25</ele></trkpt>
   <trkpt lon="-1.551632" lat="42.893339"><ele>509.25</ele></trkpt>
   <trkpt lon="-1.551877" lat="42.893126"><ele>511.25</ele></trkpt>
   <trkpt lon="-1.551988" lat="42.893087"><ele>510.75</ele></trkpt>
   <trkpt lon="-1.552275" lat="42.892955"><ele>511.25</ele></trkpt>
   <trkpt lon="-1.552373" lat="42.892885"><ele>511.75</ele></trkpt>
   <trkpt lon="-1.552443" lat="42.892815"><ele>512.5</ele></trkpt>
   <trkpt lon="-1.552538" lat="42.892522"><ele>515.25</ele></trkpt>
   <trkpt lon="-1.552599" lat="42.892409"><ele>516.0</ele></trkpt>
   <trkpt lon="-1.553016" lat="42.891992"><ele>516.5</ele></trkpt>
   <trkpt lon="-1.553072" lat="42.891947"><ele>516.75</ele></trkpt>
   <trkpt lon="-1.553387" lat="42.891837"><ele>518.25</ele></trkpt>
   <trkpt lon="-1.553475" lat="42.891797"><ele>519.0</ele></trkpt>
   <trkpt lon="-1.553683" lat="42.891743"><ele>519.75</ele></trkpt>
   <trkpt lon="-1.553751" lat="42.891710"><ele>520.0</ele></trkpt>
   <trkpt lon="-1.553977" lat="42.891575"><ele>520.25</ele></trkpt>
   <trkpt lon="-1.554223" lat="42.891409"><ele>521.0</ele></trkpt>
   <trkpt lon="-1.554326" lat="42.891309"><ele>521.5</ele></trkpt>
   <trkpt lon="-1.554449" lat="42.891117"><ele>521.75</ele></trkpt>
   <trkpt lon="-1.554689" lat="42.890810"><ele>519.75</ele></trkpt>
   <trkpt lon="-1.554859" lat="42.890458"><ele>523.25</ele></trkpt>
   <trkpt lon="-1.555590" lat="42.889927"><ele>516.75</ele></trkpt>
   <trkpt lon="-1.555687" lat="42.889878"><ele>515.25</ele></trkpt>
   <trkpt lon="-1.555981" lat="42.889762"><ele>511.75</ele></trkpt>
   <trkpt lon="-1.556246" lat="42.889604"><ele>512.75</ele></trkpt>
   <trkpt lon="-1.556489" lat="42.889508"><ele>512.25</ele></trkpt>
   <trkpt lon="-1.556649" lat="42.889547"><ele>508.75</ele></trkpt>
   <trkpt lon="-1.556762" lat="42.889490"><ele>508.25</ele></trkpt>
   <trkpt lon="-1.556857" lat="42.889378"><ele>510.25</ele></trkpt>
   <trkpt lon="-1.557037" lat="42.889404"><ele>505.25</ele></trkpt>
   <trkpt lon="-1.557090" lat="42.889458"><ele>501.5</ele></trkpt>
   <trkpt lon="-1.557210" lat="42.889446"><ele>498.25</ele></trkpt>
   <trkpt lon="-1.557288" lat="42.889392"><ele>498.75</ele></trkpt>
   <trkpt lon="-1.557352" lat="42.889418"><ele>496.25</ele></trkpt>
   <trkpt lon="-1.557462" lat="42.889434"><ele>493.0</ele></trkpt>
   <trkpt lon="-1.557629" lat="42.889445"><ele>489.0</ele></trkpt>
   <trkpt lon="-1.557787" lat="42.889430"><ele>486.25</ele></trkpt>
   <trkpt lon="-1.557947" lat="42.889446"><ele>484.0</ele></trkpt>
   <trkpt lon="-1.558052" lat="42.889534"><ele>481.5</ele></trkpt>
   <trkpt lon="-1.558227" lat="42.889543"><ele>481.25</ele></trkpt>
   <trkpt lon="-1.558408" lat="42.889502"><ele>481.5</ele></trkpt>
   <trkpt lon="-1.558520" lat="42.889468"><ele>481.25</ele></trkpt>
   <trkpt lon="-1.558677" lat="42.889290"><ele>480.75</ele></trkpt>
   <trkpt lon="-1.558753" lat="42.889087"><ele>481.25</ele></trkpt>
   <trkpt lon="-1.559198" lat="42.888208"><ele>484.75</ele></trkpt>
   <trkpt lon="-1.559674" lat="42.887738"><ele>483.5</ele></trkpt>
   <trkpt lon="-1.560029" lat="42.887531"><ele>482.25</ele></trkpt>
   <trkpt lon="-1.560292" lat="42.887353"><ele>484.0</ele></trkpt>
   <trkpt lon="-1.560876" lat="42.886979"><ele>483.25</ele></trkpt>
   <trkpt lon="-1.561408" lat="42.886861"><ele>481.25</ele></trkpt>
   <trkpt lon="-1.561593" lat="42.886838"><ele>481.75</ele></trkpt>
   <trkpt lon="-1.561737" lat="42.886763"><ele>483.0</ele></trkpt>
   <trkpt lon="-1.562349" lat="42.886376"><ele>482.25</ele></trkpt>
   <trkpt lon="-1.562446" lat="42.886244"><ele>483.25</ele></trkpt>
   <trkpt lon="-1.562488" lat="42.886157"><ele>484.25</ele></trkpt>
   <trkpt lon="-1.562544" lat="42.885966"><ele>484.75</ele></trkpt>
   <trkpt lon="-1.562676" lat="42.885615"><ele>483.75</ele></trkpt>
   <trkpt lon="-1.562724" lat="42.885362"><ele>483.0</ele></trkpt>
   <trkpt lon="-1.562723" lat="42.885181"><ele>482.75</ele></trkpt>
   <trkpt lon="-1.562687" lat="42.884993"><ele>483.0</ele></trkpt>
   <trkpt lon="-1.562682" lat="42.884920"><ele>482.75</ele></trkpt>
   <trkpt lon="-1.562658" lat="42.884866"><ele>483.0</ele></trkpt>
   <trkpt lon="-1.562606" lat="42.884792"><ele>483.5</ele></trkpt>
   <trkpt lon="-1.562526" lat="42.884503"><ele>483.0</ele></trkpt>
   <trkpt lon="-1.562459" lat="42.884350"><ele>483.5</ele></trkpt>
   <trkpt lon="-1.562321" lat="42.884199"><ele>485.0</ele></trkpt>
   <trkpt lon="-1.562235" lat="42.883919"><ele>483.0</ele></trkpt>
   <trkpt lon="-1.562264" lat="42.883821"><ele>481.0</ele></trkpt>
   <trkpt lon="-1.562252" lat="42.883671"><ele>479.75</ele></trkpt>
   <trkpt lon="-1.562322" lat="42.882974"><ele>478.0</ele></trkpt>
   <trkpt lon="-1.562415" lat="42.882671"><ele>476.25</ele></trkpt>
   <trkpt lon="-1.562387" lat="42.882520"><ele>478.75</ele></trkpt>
   <trkpt lon="-1.562396" lat="42.882392"><ele>480.5</ele></trkpt>
   <trkpt lon="-1.562423" lat="42.882379"><ele>479.5</ele></trkpt>
   <trkpt lon="-1.562439" lat="42.882361"><ele>479.0</ele></trkpt>
   <trkpt lon="-1.562595" lat="42.881888"><ele>485.0</ele></trkpt>
   <trkpt lon="-1.562655" lat="42.881828"><ele>484.75</ele></trkpt>
   <trkpt lon="-1.562875" lat="42.881713"><ele>482.5</ele></trkpt>
   <trkpt lon="-1.562964" lat="42.881670"><ele>481.5</ele></trkpt>
   <trkpt lon="-1.562996" lat="42.881663"><ele>480.75</ele></trkpt>
   <trkpt lon="-1.563029" lat="42.881657"><ele>480.0</ele></trkpt>
   <trkpt lon="-1.563261" lat="42.881531"><ele>477.5</ele></trkpt>
   <trkpt lon="-1.563400" lat="42.881431"><ele>476.75</ele></trkpt>
   <trkpt lon="-1.563694" lat="42.881201"><ele>476.0</ele></trkpt>
   <trkpt lon="-1.563917" lat="42.881006"><ele>474.5</ele></trkpt>
   <trkpt lon="-1.563985" lat="42.880939"><ele>474.5</ele></trkpt>
   <trkpt lon="-1.564069" lat="42.880835"><ele>474.0</ele></trkpt>
   <trkpt lon="-1.564217" lat="42.880621"><ele>474.0</ele></trkpt>
   <trkpt lon="-1.564230" lat="42.880544"><ele>474.25</ele></trkpt>
   <trkpt lon="-1.564215" lat="42.880471"><ele>474.75</ele></trkpt>
   <trkpt lon="-1.564221" lat="42.880419"><ele>475.0</ele></trkpt>
   <trkpt lon="-1.564234" lat="42.880390"><ele>475.0</ele></trkpt>
   <trkpt lon="-1.564256" lat="42.880381"><ele>474.5</ele></trkpt>
   <trkpt lon="-1.564268" lat="42.880368"><ele>474.5</ele></trkpt>
   <trkpt lon="-1.564336" lat="42.880172"><ele>474.25</ele></trkpt>
   <trkpt lon="-1.564403" lat="42.880059"><ele>474.5</ele></trkpt>
   <trkpt lon="-1.564664" lat="42.879702"><ele>473.0</ele></trkpt>
   <trkpt lon="-1.564740" lat="42.879615"><ele>473.0</ele></trkpt>
   <trkpt lon="-1.564795" lat="42.879491"><ele>473.25</ele></trkpt>
   <trkpt lon="-1.564829" lat="42.879442"><ele>473.0</ele></trkpt>
   <trkpt lon="-1.564855" lat="42.879419"><ele>472.75</ele></trkpt>
   <trkpt lon="-1.564972" lat="42.879238"><ele>472.5</ele></trkpt>
   <trkpt lon="-1.565226" lat="42.878760"><ele>471.75</ele></trkpt>
   <trkpt lon="-1.565418" lat="42.878534"><ele>471.25</ele></trkpt>
   <trkpt lon="-1.565423" lat="42.878504"><ele>471.5</ele></trkpt>
   <trkpt lon="-1.565439" lat="42.878487"><ele>471.25</ele></trkpt>
   <trkpt lon="-1.565480" lat="42.878480"><ele>471.0</ele></trkpt>
   <trkpt lon="-1.565794" lat="42.878549"><ele>471.75</ele></trkpt>
   <trkpt lon="-1.565858" lat="42.878546"><ele>472.5</ele></trkpt>
   <trkpt lon="-1.565911" lat="42.878543"><ele>473.5</ele></trkpt>
   <trkpt lon="-1.566143" lat="42.878588"><ele>477.0</ele></trkpt>
   <trkpt lon="-1.566326" lat="42.878278"><ele>476.5</ele></trkpt>
   <trkpt lon="-1.566356" lat="42.878227"><ele>476.25</ele></trkpt>
   <trkpt lon="-1.566395" lat="42.878160"><ele>476.25</ele></trkpt>
   <trkpt lon="-1.566653" lat="42.877762"><ele>476.75</ele></trkpt>
   <trkpt lon="-1.566928" lat="42.877314"><ele>476.25</ele></trkpt>
   <trkpt lon="-1.567461" lat="42.876481"><ele>476.0</ele></trkpt>
   <trkpt lon="-1.567478" lat="42.876456"><ele>476.0</ele></trkpt>
   <trkpt lon="-1.567493" lat="42.876433"><ele>476.0</ele></trkpt>
   <trkpt lon="-1.568127" lat="42.875465"><ele>474.75</ele></trkpt>
   <trkpt lon="-1.569089" lat="42.873996"><ele>475.75</ele></trkpt>
   <trkpt lon="-1.569219" lat="42.873797"><ele>476.25</ele></trkpt>
   <trkpt lon="-1.569251" lat="42.873750"><ele>476.25</ele></trkpt>
   <trkpt lon="-1.569266" lat="42.873677"><ele>476.25</ele></trkpt>
   <trkpt lon="-1.569264" lat="42.873651"><ele>476.25</ele></trkpt>
   <trkpt lon="-1.569233" lat="42.873565"><ele>476.0</ele></trkpt>
   <trkpt lon="-1.569176" lat="42.873529"><ele>476.0</ele></trkpt>
   <trkpt lon="-1.569146" lat="42.873488"><ele>475.5</ele></trkpt>
   <trkpt lon="-1.569129" lat="42.873445"><ele>475.5</ele></trkpt>
   <trkpt lon="-1.569137" lat="42.873395"><ele>475.5</ele></trkpt>
   <trkpt lon="-1.569404" lat="42.873067"><ele>474.5</ele></trkpt>
   <trkpt lon="-1.569451" lat="42.872972"><ele>474.75</ele></trkpt>
   <trkpt lon="-1.569476" lat="42.872870"><ele>474.75</ele></trkpt>
   <trkpt lon="-1.569481" lat="42.872819"><ele>474.5</ele></trkpt>
   <trkpt lon="-1.569469" lat="42.872695"><ele>474.0</ele></trkpt>
   <trkpt lon="-1.569388" lat="42.872302"><ele>471.75</ele></trkpt>
   <trkpt lon="-1.569258" lat="42.871744"><ele>467.0</ele></trkpt>
   <trkpt lon="-1.569198" lat="42.871486"><ele>467.75</ele></trkpt>
   <trkpt lon="-1.569174" lat="42.871404"><ele>468.75</ele></trkpt>
   <trkpt lon="-1.569126" lat="42.871349"><ele>469.0</ele></trkpt>
   <trkpt lon="-1.569089" lat="42.871331"><ele>469.0</ele></trkpt>
   <trkpt lon="-1.569118" lat="42.871282"><ele>469.0</ele></trkpt>
   <trkpt lon="-1.569104" lat="42.871115"><ele>468.75</ele></trkpt>
   <trkpt lon="-1.569159" lat="42.870898"><ele>469.0</ele></trkpt>
   <trkpt lon="-1.569265" lat="42.870628"><ele>468.5</ele></trkpt>
   <trkpt lon="-1.569268" lat="42.870388"><ele>468.5</ele></trkpt>
   <trkpt lon="-1.569249" lat="42.870239"><ele>468.5</ele></trkpt>
   <trkpt lon="-1.569206" lat="42.870124"><ele>468.25</ele></trkpt>
   <trkpt lon="-1.568994" lat="42.869758"><ele>468.25</ele></trkpt>
   <trkpt lon="-1.568953" lat="42.869702"><ele>469.0</ele></trkpt>
   <trkpt lon="-1.568959" lat="42.869380"><ele>471.5</ele></trkpt>
   <trkpt lon="-1.568992" lat="42.869081"><ele>473.25</ele></trkpt>
   <trkpt lon="-1.568989" lat="42.869023"><ele>473.5</ele></trkpt>
   <trkpt lon="-1.568951" lat="42.868962"><ele>474.25</ele></trkpt>
   <trkpt lon="-1.568826" lat="42.868836"><ele>478.5</ele></trkpt>
   <trkpt lon="-1.568814" lat="42.868771"><ele>478.75</ele></trkpt>
   <trkpt lon="-1.568847" lat="42.868669"><ele>477.25</ele></trkpt>
   <trkpt lon="-1.568849" lat="42.868608"><ele>477.0</ele></trkpt>
   <trkpt lon="-1.568792" lat="42.868293"><ele>476.25</ele></trkpt>
   <trkpt lon="-1.568797" lat="42.867925"><ele>476.0</ele></trkpt>
   <trkpt lon="-1.568830" lat="42.867740"><ele>475.5</ele></trkpt>
   <trkpt lon="-1.568870" lat="42.867593"><ele>474.5</ele></trkpt>
   <trkpt lon="-1.568882" lat="42.867498"><ele>474.25</ele></trkpt>
   <trkpt lon="-1.568938" lat="42.867428"><ele>474.0</ele></trkpt>
   <trkpt lon="-1.569002" lat="42.867277"><ele>474.5</ele></trkpt>
   <trkpt lon="-1.569052" lat="42.867077"><ele>475.25</ele></trkpt>
   <trkpt lon="-1.569154" lat="42.866939"><ele>472.5</ele></trkpt>
   <trkpt lon="-1.569195" lat="42.866772"><ele>473.5</ele></trkpt>
   <trkpt lon="-1.569245" lat="42.866623"><ele>474.5</ele></trkpt>
   <trkpt lon="-1.569404" lat="42.866372"><ele>471.75</ele></trkpt>
   <trkpt lon="-1.569471" lat="42.866211"><ele>473.75</ele></trkpt>
   <trkpt lon="-1.569568" lat="42.866049"><ele>474.75</ele></trkpt>
   <trkpt lon="-1.569577" lat="42.866005"><ele>475.75</ele></trkpt>
   <trkpt lon="-1.569567" lat="42.865962"><ele>477.75</ele></trkpt>
   <trkpt lon="-1.569718" lat="42.865763"><ele>478.25</ele></trkpt>
   <trkpt lon="-1.569954" lat="42.865510"><ele>478.75</ele></trkpt>
   <trkpt lon="-1.569949" lat="42.865457"><ele>479.75</ele></trkpt>
   <trkpt lon="-1.569925" lat="42.865427"><ele>481.0</ele></trkpt>
   <trkpt lon="-1.569827" lat="42.865397"><ele>484.0</ele></trkpt>
   <trkpt lon="-1.569782" lat="42.865368"><ele>485.0</ele></trkpt>
   <trkpt lon="-1.569777" lat="42.865342"><ele>485.25</ele></trkpt>
   <trkpt lon="-1.569794" lat="42.865321"><ele>484.75</ele></trkpt>
   <trkpt lon="-1.569908" lat="42.865267"><ele>483.5</ele></trkpt>
   <trkpt lon="-1.570051" lat="42.865224"><ele>482.0</ele></trkpt>
   <trkpt lon="-1.570232" lat="42.865147"><ele>481.0</ele></trkpt>
   <trkpt lon="-1.570307" lat="42.865128"><ele>480.5</ele></trkpt>
   <trkpt lon="-1.570420" lat="42.865126"><ele>479.0</ele></trkpt>
   <trkpt lon="-1.570529" lat="42.865099"><ele>478.75</ele></trkpt>
   <trkpt lon="-1.570658" lat="42.865028"><ele>478.0</ele></trkpt>
   <trkpt lon="-1.570715" lat="42.864967"><ele>477.5</ele></trkpt>
   <trkpt lon="-1.570801" lat="42.864853"><ele>477.0</ele></trkpt>
   <trkpt lon="-1.570917" lat="42.864566"><ele>476.75</ele></trkpt>
   <trkpt lon="-1.570985" lat="42.864283"><ele>475.25</ele></trkpt>
   <trkpt lon="-1.570966" lat="42.864153"><ele>476.0</ele></trkpt>
   <trkpt lon="-1.571013" lat="42.863957"><ele>475.0</ele></trkpt>
   <trkpt lon="-1.571110" lat="42.863717"><ele>475.0</ele></trkpt>
   <trkpt lon="-1.571134" lat="42.863522"><ele>477.25</ele></trkpt>
   <trkpt lon="-1.571209" lat="42.863373"><ele>476.25</ele></trkpt>
   <trkpt lon="-1.571239" lat="42.863199"><ele>475.75</ele></trkpt>
   <trkpt lon="-1.571249" lat="42.862984"><ele>475.25</ele></trkpt>
   <trkpt lon="-1.571308" lat="42.862809"><ele>473.25</ele></trkpt>
   <trkpt lon="-1.571311" lat="42.862691"><ele>473.25</ele></trkpt>
   <trkpt lon="-1.571283" lat="42.862600"><ele>474.25</ele></trkpt>
   <trkpt lon="-1.571073" lat="42.862306"><ele>478.0</ele></trkpt>
   <trkpt lon="-1.571037" lat="42.862240"><ele>478.0</ele></trkpt>
   <trkpt lon="-1.570973" lat="42.862145"><ele>477.25</ele></trkpt>
   <trkpt lon="-1.570948" lat="42.862069"><ele>475.75</ele></trkpt>
   <trkpt lon="-1.570915" lat="42.862041"><ele>475.5</ele></trkpt>
   <trkpt lon="-1.570789" lat="42.861983"><ele>475.25</ele></trkpt>
   <trkpt lon="-1.570771" lat="42.861952"><ele>474.75</ele></trkpt>
   <trkpt lon="-1.570844" lat="42.861703"><ele>473.0</ele></trkpt>
   <trkpt lon="-1.570931" lat="42.861578"><ele>473.75</ele></trkpt>
   <trkpt lon="-1.571016" lat="42.861510"><ele>475.0</ele></trkpt>
   <trkpt lon="-1.571152" lat="42.861459"><ele>475.5</ele></trkpt>
   <trkpt lon="-1.571253" lat="42.861443"><ele>474.75</ele></trkpt>
   <trkpt lon="-1.571327" lat="42.861406"><ele>475.0</ele></trkpt>
   <trkpt lon="-1.571510" lat="42.861176"><ele>476.75</ele></trkpt>
   <trkpt lon="-1.572024" lat="42.860661"><ele>470.5</ele></trkpt>
   <trkpt lon="-1.572467" lat="42.860222"><ele>467.25</ele></trkpt>
   <trkpt lon="-1.572603" lat="42.860118"><ele>466.0</ele></trkpt>
   <trkpt lon="-1.572821" lat="42.859993"><ele>465.75</ele></trkpt>
   <trkpt lon="-1.573197" lat="42.859813"><ele>463.0</ele></trkpt>
   <trkpt lon="-1.573321" lat="42.859782"><ele>462.25</ele></trkpt>
   <trkpt lon="-1.573488" lat="42.859760"><ele>461.25</ele></trkpt>
   <trkpt lon="-1.573660" lat="42.859745"><ele>460.25</ele></trkpt>
   <trkpt lon="-1.573761" lat="42.859742"><ele>460.0</ele></trkpt>
   <trkpt lon="-1.573854" lat="42.859753"><ele>459.75</ele></trkpt>
   <trkpt lon="-1.574012" lat="42.859797"><ele>460.0</ele></trkpt>
   <trkpt lon="-1.574254" lat="42.859890"><ele>460.5</ele></trkpt>
   <trkpt lon="-1.574515" lat="42.860020"><ele>461.25</ele></trkpt>
   <trkpt lon="-1.574573" lat="42.859963"><ele>461.25</ele></trkpt>
   <trkpt lon="-1.574624" lat="42.859880"><ele>460.0</ele></trkpt>
   <trkpt lon="-1.574763" lat="42.859693"><ele>458.25</ele></trkpt>
   <trkpt lon="-1.575514" lat="42.859205"><ele>459.5</ele></trkpt>
   <trkpt lon="-1.576493" lat="42.858443"><ele>460.75</ele></trkpt>
   <trkpt lon="-1.576770" lat="42.858246"><ele>461.0</ele></trkpt>
   <trkpt lon="-1.576868" lat="42.858160"><ele>461.25</ele></trkpt>
   <trkpt lon="-1.577099" lat="42.857956"><ele>461.25</ele></trkpt>
   <trkpt lon="-1.577649" lat="42.857506"><ele>463.75</ele></trkpt>
   <trkpt lon="-1.577753" lat="42.857395"><ele>464.75</ele></trkpt>
   <trkpt lon="-1.577776" lat="42.857343"><ele>464.5</ele></trkpt>
   <trkpt lon="-1.577787" lat="42.857285"><ele>464.0</ele></trkpt>
   <trkpt lon="-1.577789" lat="42.856992"><ele>461.25</ele></trkpt>
   <trkpt lon="-1.577888" lat="42.856778"><ele>460.0</ele></trkpt>
   <trkpt lon="-1.577935" lat="42.856701"><ele>460.0</ele></trkpt>
   <trkpt lon="-1.578006" lat="42.856616"><ele>460.75</ele></trkpt>
   <trkpt lon="-1.578067" lat="42.856506"><ele>461.5</ele></trkpt>
   <trkpt lon="-1.578112" lat="42.855945"><ele>456.75</ele></trkpt>
   <trkpt lon="-1.578193" lat="42.855849"><ele>457.0</ele></trkpt>
   <trkpt lon="-1.578335" lat="42.855735"><ele>458.5</ele></trkpt>
   <trkpt lon="-1.578413" lat="42.855649"><ele>459.25</ele></trkpt>
   <trkpt lon="-1.578479" lat="42.855550"><ele>459.5</ele></trkpt>
   <trkpt lon="-1.578535" lat="42.855399"><ele>459.0</ele></trkpt>
   <trkpt lon="-1.578564" lat="42.855167"><ele>457.5</ele></trkpt>
   <trkpt lon="-1.578606" lat="42.855046"><ele>457.25</ele></trkpt>
   <trkpt lon="-1.578679" lat="42.854890"><ele>456.5</ele></trkpt>
   <trkpt lon="-1.578797" lat="42.854708"><ele>456.0</ele></trkpt>
   <trkpt lon="-1.578847" lat="42.854643"><ele>456.0</ele></trkpt>
   <trkpt lon="-1.578958" lat="42.854395"><ele>454.75</ele></trkpt>
   <trkpt lon="-1.579050" lat="42.854056"><ele>453.75</ele></trkpt>
   <trkpt lon="-1.579084" lat="42.853989"><ele>454.0</ele></trkpt>
   <trkpt lon="-1.579243" lat="42.853766"><ele>453.5</ele></trkpt>
   <trkpt lon="-1.579316" lat="42.853650"><ele>453.25</ele></trkpt>
   <trkpt lon="-1.579566" lat="42.853146"><ele>452.0</ele></trkpt>
   <trkpt lon="-1.579728" lat="42.852934"><ele>452.0</ele></trkpt>
   <trkpt lon="-1.579810" lat="42.852859"><ele>451.75</ele></trkpt>
   <trkpt lon="-1.579904" lat="42.852806"><ele>451.75</ele></trkpt>
   <trkpt lon="-1.580006" lat="42.852782"><ele>452.0</ele></trkpt>
   <trkpt lon="-1.580111" lat="42.852782"><ele>452.0</ele></trkpt>
   <trkpt lon="-1.580174" lat="42.852771"><ele>451.75</ele></trkpt>
   <trkpt lon="-1.580301" lat="42.852710"><ele>451.5</ele></trkpt>
   <trkpt lon="-1.580435" lat="42.852658"><ele>451.5</ele></trkpt>
   <trkpt lon="-1.580650" lat="42.852600"><ele>452.0</ele></trkpt>
   <trkpt lon="-1.580865" lat="42.852531"><ele>452.0</ele></trkpt>
   <trkpt lon="-1.580938" lat="42.852496"><ele>451.75</ele></trkpt>
   <trkpt lon="-1.581034" lat="42.852439"><ele>451.25</ele></trkpt>
   <trkpt lon="-1.581202" lat="42.852372"><ele>450.75</ele></trkpt>
   <trkpt lon="-1.581728" lat="42.852215"><ele>451.75</ele></trkpt>
   <trkpt lon="-1.582077" lat="42.852159"><ele>451.5</ele></trkpt>
   <trkpt lon="-1.582610" lat="42.852119"><ele>450.5</ele></trkpt>
   <trkpt lon="-1.582871" lat="42.852125"><ele>450.5</ele></trkpt>
   <trkpt lon="-1.583079" lat="42.852149"><ele>451.25</ele></trkpt>
   <trkpt lon="-1.583435" lat="42.852218"><ele>453.75</ele></trkpt>
   <trkpt lon="-1.583623" lat="42.852284"><ele>453.0</ele></trkpt>
   <trkpt lon="-1.583703" lat="42.852408"><ele>455.25</ele></trkpt>
   <trkpt lon="-1.583761" lat="42.852425"><ele>455.75</ele></trkpt>
   <trkpt lon="-1.583769" lat="42.852496"><ele>456.75</ele></trkpt>
   <trkpt lon="-1.583300" lat="42.852491"><ele>456.5</ele></trkpt>
   <trkpt lon="-1.583250" lat="42.852490"><ele>456.0</ele></trkpt>
   <trkpt lon="-1.583336" lat="42.852252"><ele>455.0</ele></trkpt>
   <trkpt lon="-1.583496" lat="42.851831"><ele>451.0</ele></trkpt>
   <trkpt lon="-1.583533" lat="42.851737"><ele>452.5</ele></trkpt>
   <trkpt lon="-1.583639" lat="42.851730"><ele>452.5</ele></trkpt>
   <trkpt lon="-1.583728" lat="42.851744"><ele>452.0</ele></trkpt>
   <trkpt lon="-1.583833" lat="42.851750"><ele>451.25</ele></trkpt>
   <trkpt lon="-1.583975" lat="42.851705"><ele>451.25</ele></trkpt>
   <trkpt lon="-1.584116" lat="42.851644"><ele>451.0</ele></trkpt>
   <trkpt lon="-1.584421" lat="42.851591"><ele>450.25</ele></trkpt>
   <trkpt lon="-1.584615" lat="42.851536"><ele>449.5</ele></trkpt>
   <trkpt lon="-1.584739" lat="42.851457"><ele>449.25</ele></trkpt>
   <trkpt lon="-1.584851" lat="42.851345"><ele>449.25</ele></trkpt>
   <trkpt lon="-1.584989" lat="42.851133"><ele>449.75</ele></trkpt>
   <trkpt lon="-1.585040" lat="42.850968"><ele>449.0</ele></trkpt>
   <trkpt lon="-1.585044" lat="42.850595"><ele>448.5</ele></trkpt>
   <trkpt lon="-1.584990" lat="42.850199"><ele>448.25</ele></trkpt>
   <trkpt lon="-1.584936" lat="42.849956"><ele>447.5</ele></trkpt>
   <trkpt lon="-1.584899" lat="42.849706"><ele>448.0</ele></trkpt>
   <trkpt lon="-1.584915" lat="42.849474"><ele>447.25</ele></trkpt>
   <trkpt lon="-1.584881" lat="42.849112"><ele>446.5</ele></trkpt>
   <trkpt lon="-1.584826" lat="42.849061"><ele>447.25</ele></trkpt>
   <trkpt lon="-1.584609" lat="42.848984"><ele>450.5</ele></trkpt>
   <trkpt lon="-1.584570" lat="42.848940"><ele>451.25</ele></trkpt>
   <trkpt lon="-1.584522" lat="42.848770"><ele>452.0</ele></trkpt>
   <trkpt lon="-1.584593" lat="42.848505"><ele>450.5</ele></trkpt>
   <trkpt lon="-1.584668" lat="42.848283"><ele>450.5</ele></trkpt>
   <trkpt lon="-1.584865" lat="42.847947"><ele>450.75</ele></trkpt>
   <trkpt lon="-1.584967" lat="42.847806"><ele>451.5</ele></trkpt>
   <trkpt lon="-1.585183" lat="42.847625"><ele>449.75</ele></trkpt>
   <trkpt lon="-1.585366" lat="42.847398"><ele>449.5</ele></trkpt>
   <trkpt lon="-1.585564" lat="42.847257"><ele>448.25</ele></trkpt>
   <trkpt lon="-1.585635" lat="42.847145"><ele>447.5</ele></trkpt>
   <trkpt lon="-1.585746" lat="42.846774"><ele>446.75</ele></trkpt>
   <trkpt lon="-1.585686" lat="42.846364"><ele>450.0</ele></trkpt>
   <trkpt lon="-1.585643" lat="42.846242"><ele>451.25</ele></trkpt>
   <trkpt lon="-1.585704" lat="42.846043"><ele>451.0</ele></trkpt>
   <trkpt lon="-1.585776" lat="42.845844"><ele>453.0</ele></trkpt>
   <trkpt lon="-1.585923" lat="42.845763"><ele>451.25</ele></trkpt>
   <trkpt lon="-1.586103" lat="42.845641"><ele>450.5</ele></trkpt>
   <trkpt lon="-1.586304" lat="42.845427"><ele>448.5</ele></trkpt>
   <trkpt lon="-1.586366" lat="42.845325"><ele>449.75</ele></trkpt>
   <trkpt lon="-1.586462" lat="42.845234"><ele>449.0</ele></trkpt>
   <trkpt lon="-1.586792" lat="42.844988"><ele>446.75</ele></trkpt>
   <trkpt lon="-1.587010" lat="42.844799"><ele>446.25</ele></trkpt>
   <trkpt lon="-1.587187" lat="42.844582"><ele>446.0</ele></trkpt>
   <trkpt lon="-1.587433" lat="42.844335"><ele>445.75</ele></trkpt>
   <trkpt lon="-1.587682" lat="42.844185"><ele>446.25</ele></trkpt>
   <trkpt lon="-1.587822" lat="42.844075"><ele>446.5</ele></trkpt>
   <trkpt lon="-1.587853" lat="42.844029"><ele>446.5</ele></trkpt>
   <trkpt lon="-1.587950" lat="42.843815"><ele>447.25</ele></trkpt>
   <trkpt lon="-1.588017" lat="42.843723"><ele>446.75</ele></trkpt>
   <trkpt lon="-1.588270" lat="42.843458"><ele>445.75</ele></trkpt>
   <trkpt lon="-1.588691" lat="42.842883"><ele>444.25</ele></trkpt>
   <trkpt lon="-1.588795" lat="42.842667"><ele>443.75</ele></trkpt>
   <trkpt lon="-1.589029" lat="42.842230"><ele>442.75</ele></trkpt>
   <trkpt lon="-1.589102" lat="42.841973"><ele>444.0</ele></trkpt>
   <trkpt lon="-1.589157" lat="42.841727"><ele>443.25</ele></trkpt>
   <trkpt lon="-1.589152" lat="42.841644"><ele>443.0</ele></trkpt>
   <trkpt lon="-1.589148" lat="42.841587"><ele>443.0</ele></trkpt>
   <trkpt lon="-1.589007" lat="42.841267"><ele>443.25</ele></trkpt>
   <trkpt lon="-1.588670" lat="42.840876"><ele>444.25</ele></trkpt>
   <trkpt lon="-1.588523" lat="42.840658"><ele>444.75</ele></trkpt>
   <trkpt lon="-1.588414" lat="42.840326"><ele>445.0</ele></trkpt>
   <trkpt lon="-1.588406" lat="42.840111"><ele>444.5</ele></trkpt>
   <trkpt lon="-1.588490" lat="42.839854"><ele>444.25</ele></trkpt>
   <trkpt lon="-1.588568" lat="42.839770"><ele>445.25</ele></trkpt>
   <trkpt lon="-1.588703" lat="42.839698"><ele>444.25</ele></trkpt>
   <trkpt lon="-1.588819" lat="42.839527"><ele>443.0</ele></trkpt>
   <trkpt lon="-1.588852" lat="42.839389"><ele>443.25</ele></trkpt>
   <trkpt lon="-1.588936" lat="42.839255"><ele>443.25</ele></trkpt>
   <trkpt lon="-1.589136" lat="42.839049"><ele>442.5</ele></trkpt>
   <trkpt lon="-1.589216" lat="42.838910"><ele>443.25</ele></trkpt>
   <trkpt lon="-1.589494" lat="42.838607"><ele>443.25</ele></trkpt>
   <trkpt lon="-1.590149" lat="42.837813"><ele>441.75</ele></trkpt>
   <trkpt lon="-1.590231" lat="42.837635"><ele>442.25</ele></trkpt>
   <trkpt lon="-1.590296" lat="42.837431"><ele>442.75</ele></trkpt>
   <trkpt lon="-1.590321" lat="42.837309"><ele>442.25</ele></trkpt>
   <trkpt lon="-1.590318" lat="42.837132"><ele>442.25</ele></trkpt>
   <trkpt lon="-1.590416" lat="42.836670"><ele>441.5</ele></trkpt>
   <trkpt lon="-1.590422" lat="42.836526"><ele>441.0</ele></trkpt>
   <trkpt lon="-1.590393" lat="42.836403"><ele>441.25</ele></trkpt>
   <trkpt lon="-1.590335" lat="42.836268"><ele>442.25</ele></trkpt>
   <trkpt lon="-1.590331" lat="42.836132"><ele>442.25</ele></trkpt>
   <trkpt lon="-1.590281" lat="42.835882"><ele>442.0</ele></trkpt>
   <trkpt lon="-1.590079" lat="42.835478"><ele>442.0</ele></trkpt>
   <trkpt lon="-1.589984" lat="42.835337"><ele>440.75</ele></trkpt>
   <trkpt lon="-1.589661" lat="42.835174"><ele>441.5</ele></trkpt>
   <trkpt lon="-1.589073" lat="42.834902"><ele>441.5</ele></trkpt>
   <trkpt lon="-1.588639" lat="42.834651"><ele>441.25</ele></trkpt>
   <trkpt lon="-1.588337" lat="42.834406"><ele>440.5</ele></trkpt>
   <trkpt lon="-1.588227" lat="42.834339"><ele>440.25</ele></trkpt>
   <trkpt lon="-1.588125" lat="42.834309"><ele>440.5</ele></trkpt>
   <trkpt lon="-1.587971" lat="42.834234"><ele>440.5</ele></trkpt>
   <trkpt lon="-1.587931" lat="42.834179"><ele>440.25</ele></trkpt>
   <trkpt lon="-1.587838" lat="42.834147"><ele>441.0</ele></trkpt>
   <trkpt lon="-1.587515" lat="42.833966"><ele>440.25</ele></trkpt>
   <trkpt lon="-1.587406" lat="42.833896"><ele>440.5</ele></trkpt>
   <trkpt lon="-1.587553" lat="42.833690"><ele>441.25</ele></trkpt>
   <trkpt lon="-1.587579" lat="42.833640"><ele>442.25</ele></trkpt>
   <trkpt lon="-1.587549" lat="42.833607"><ele>441.75</ele></trkpt>
   <trkpt lon="-1.587421" lat="42.833527"><ele>441.0</ele></trkpt>
   <trkpt lon="-1.587318" lat="42.833446"><ele>440.25</ele></trkpt>
   <trkpt lon="-1.587315" lat="42.833379"><ele>441.0</ele></trkpt>
   <trkpt lon="-1.587230" lat="42.833261"><ele>438.5</ele></trkpt>
   <trkpt lon="-1.587173" lat="42.833167"><ele>437.75</ele></trkpt>
   <trkpt lon="-1.587225" lat="42.833036"><ele>439.0</ele></trkpt>
   <trkpt lon="-1.587340" lat="42.832855"><ele>440.25</ele></trkpt>
   <trkpt lon="-1.587495" lat="42.832686"><ele>439.75</ele></trkpt>
   <trkpt lon="-1.587665" lat="42.832569"><ele>439.75</ele></trkpt>
   <trkpt lon="-1.587758" lat="42.832484"><ele>439.75</ele></trkpt>
   <trkpt lon="-1.587912" lat="42.832384"><ele>441.0</ele></trkpt>
   <trkpt lon="-1.588181" lat="42.832310"><ele>441.75</ele></trkpt>
   <trkpt lon="-1.588359" lat="42.832188"><ele>441.75</ele></trkpt>
   <trkpt lon="-1.588424" lat="42.832111"><ele>441.25</ele></trkpt>
   <trkpt lon="-1.588466" lat="42.832045"><ele>441.0</ele></trkpt>
   <trkpt lon="-1.588714" lat="42.831976"><ele>441.0</ele></trkpt>
   <trkpt lon="-1.589014" lat="42.831855"><ele>441.0</ele></trkpt>
   <trkpt lon="-1.589276" lat="42.831849"><ele>440.75</ele></trkpt>
   <trkpt lon="-1.589668" lat="42.831839"><ele>441.0</ele></trkpt>
   <trkpt lon="-1.589992" lat="42.831807"><ele>441.0</ele></trkpt>
   <trkpt lon="-1.590264" lat="42.831779"><ele>441.0</ele></trkpt>
   <trkpt lon="-1.590764" lat="42.831712"><ele>440.0</ele></trkpt>
   <trkpt lon="-1.591151" lat="42.831642"><ele>440.0</ele></trkpt>
   <trkpt lon="-1.591652" lat="42.831544"><ele>440.0</ele></trkpt>
   <trkpt lon="-1.592019" lat="42.831466"><ele>439.25</ele></trkpt>
   <trkpt lon="-1.592301" lat="42.831406"><ele>439.0</ele></trkpt>
   <trkpt lon="-1.593024" lat="42.831256"><ele>439.0</ele></trkpt>
   <trkpt lon="-1.593735" lat="42.831109"><ele>438.5</ele></trkpt>
   <trkpt lon="-1.593910" lat="42.831075"><ele>438.0</ele></trkpt>
   <trkpt lon="-1.594169" lat="42.831025"><ele>438.25</ele></trkpt>
   <trkpt lon="-1.594512" lat="42.830953"><ele>437.75</ele></trkpt>
   <trkpt lon="-1.594724" lat="42.830919"><ele>437.25</ele></trkpt>
   <trkpt lon="-1.595160" lat="42.830914"><ele>434.25</ele></trkpt>
   <trkpt lon="-1.595404" lat="42.830875"><ele>432.0</ele></trkpt>
   <trkpt lon="-1.595753" lat="42.830770"><ele>428.75</ele></trkpt>
   <trkpt lon="-1.595910" lat="42.830715"><ele>427.5</ele></trkpt>
   <trkpt lon="-1.596491" lat="42.830497"><ele>427.5</ele></trkpt>
   <trkpt lon="-1.596800" lat="42.830833"><ele>427.25</ele></trkpt>
   <trkpt lon="-1.596997" lat="42.831031"><ele>427.25</ele></trkpt>
   <trkpt lon="-1.597719" lat="42.831853"><ele>426.75</ele></trkpt>
   <trkpt lon="-1.597835" lat="42.832013"><ele>426.75</ele></trkpt>
   <trkpt lon="-1.597977" lat="42.832285"><ele>426.0</ele></trkpt>
   <trkpt lon="-1.598045" lat="42.832323"><ele>426.0</ele></trkpt>
   <trkpt lon="-1.599049" lat="42.832711"><ele>425.25</ele></trkpt>
   <trkpt lon="-1.599603" lat="42.832878"><ele>425.0</ele></trkpt>
   <trkpt lon="-1.599628" lat="42.833002"><ele>424.75</ele></trkpt>
   <trkpt lon="-1.599637" lat="42.833007"><ele>425.0</ele></trkpt>
   <trkpt lon="-1.600149" lat="42.832880"><ele>424.5</ele></trkpt>
   <trkpt lon="-1.600349" lat="42.832872"><ele>424.5</ele></trkpt>
   <trkpt lon="-1.600707" lat="42.832864"><ele>424.25</ele></trkpt>
   <trkpt lon="-1.600754" lat="42.832867"><ele>424.25</ele></trkpt>
   <trkpt lon="-1.600818" lat="42.832903"><ele>424.75</ele></trkpt>
   <trkpt lon="-1.600939" lat="42.832934"><ele>425.0</ele></trkpt>
   <trkpt lon="-1.601345" lat="42.832975"><ele>425.5</ele></trkpt>
   <trkpt lon="-1.602567" lat="42.831489"><ele>424.0</ele></trkpt>
   <trkpt lon="-1.603348" lat="42.830492"><ele>423.75</ele></trkpt>
   <trkpt lon="-1.603517" lat="42.830299"><ele>423.75</ele></trkpt>
   <trkpt lon="-1.603435" lat="42.830328"><ele>423.75</ele></trkpt>
   <trkpt lon="-1.603379" lat="42.830333"><ele>423.75</ele></trkpt>
   <trkpt lon="-1.603253" lat="42.830329"><ele>424.0</ele></trkpt>
   <trkpt lon="-1.603089" lat="42.830308"><ele>424.5</ele></trkpt>
   <trkpt lon="-1.603087" lat="42.830258"><ele>424.75</ele></trkpt>
   <trkpt lon="-1.603116" lat="42.830198"><ele>424.25</ele></trkpt>
   <trkpt lon="-1.603138" lat="42.830179"><ele>424.25</ele></trkpt>
   <trkpt lon="-1.603227" lat="42.830129"><ele>424.25</ele></trkpt>
   <trkpt lon="-1.603318" lat="42.830098"><ele>424.5</ele></trkpt>
   <trkpt lon="-1.603337" lat="42.830082"><ele>424.5</ele></trkpt>
   <trkpt lon="-1.603444" lat="42.829980"><ele>424.25</ele></trkpt>
   <trkpt lon="-1.603652" lat="42.829834"><ele>421.5</ele></trkpt>
   <trkpt lon="-1.603998" lat="42.829651"><ele>420.75</ele></trkpt>
   <trkpt lon="-1.604213" lat="42.829467"><ele>421.25</ele></trkpt>
   <trkpt lon="-1.604343" lat="42.829329"><ele>421.25</ele></trkpt>
   <trkpt lon="-1.604371" lat="42.829274"><ele>421.0</ele></trkpt>
   <trkpt lon="-1.604440" lat="42.829185"><ele>421.0</ele></trkpt>
   <trkpt lon="-1.604645" lat="42.828932"><ele>421.0</ele></trkpt>
   <trkpt lon="-1.604691" lat="42.828857"><ele>421.25</ele></trkpt>
   <trkpt lon="-1.604784" lat="42.828706"><ele>420.75</ele></trkpt>
   <trkpt lon="-1.604880" lat="42.828503"><ele>420.5</ele></trkpt>
   <trkpt lon="-1.604999" lat="42.828151"><ele>421.75</ele></trkpt>
   <trkpt lon="-1.605114" lat="42.827856"><ele>420.5</ele></trkpt>
   <trkpt lon="-1.605247" lat="42.827603"><ele>420.25</ele></trkpt>
   <trkpt lon="-1.605311" lat="42.827550"><ele>420.0</ele></trkpt>
   <trkpt lon="-1.605358" lat="42.827523"><ele>420.0</ele></trkpt>
   <trkpt lon="-1.605903" lat="42.827455"><ele>421.25</ele></trkpt>
   <trkpt lon="-1.606060" lat="42.827421"><ele>421.75</ele></trkpt>
   <trkpt lon="-1.606189" lat="42.827366"><ele>421.75</ele></trkpt>
   <trkpt lon="-1.606219" lat="42.827343"><ele>421.5</ele></trkpt>
   <trkpt lon="-1.606298" lat="42.827275"><ele>421.5</ele></trkpt>
   <trkpt lon="-1.606344" lat="42.827215"><ele>421.5</ele></trkpt>
   <trkpt lon="-1.606425" lat="42.827149"><ele>420.5</ele></trkpt>
   <trkpt lon="-1.606609" lat="42.827047"><ele>420.0</ele></trkpt>
   <trkpt lon="-1.607862" lat="42.826280"><ele>419.75</ele></trkpt>
   <trkpt lon="-1.607960" lat="42.826212"><ele>420.0</ele></trkpt>
   <trkpt lon="-1.608155" lat="42.826053"><ele>420.25</ele></trkpt>
   <trkpt lon="-1.609564" lat="42.824612"><ele>420.75</ele></trkpt>
   <trkpt lon="-1.609920" lat="42.824194"><ele>421.5</ele></trkpt>
   <trkpt lon="-1.610257" lat="42.823775"><ele>420.75</ele></trkpt>
   <trkpt lon="-1.610356" lat="42.823693"><ele>420.5</ele></trkpt>
   <trkpt lon="-1.610615" lat="42.823368"><ele>420.75</ele></trkpt>
   <trkpt lon="-1.611106" lat="42.822780"><ele>422.75</ele></trkpt>
   <trkpt lon="-1.611301" lat="42.822629"><ele>421.25</ele></trkpt>
   <trkpt lon="-1.611363" lat="42.822566"><ele>422.0</ele></trkpt>
   <trkpt lon="-1.611398" lat="42.822511"><ele>422.75</ele></trkpt>
   <trkpt lon="-1.611416" lat="42.822410"><ele>422.25</ele></trkpt>
   <trkpt lon="-1.611423" lat="42.822312"><ele>422.0</ele></trkpt>
   <trkpt lon="-1.611441" lat="42.822239"><ele>421.75</ele></trkpt>
   <trkpt lon="-1.611846" lat="42.821868"><ele>421.0</ele></trkpt>
   <trkpt lon="-1.612449" lat="42.821330"><ele>421.0</ele></trkpt>
   <trkpt lon="-1.612916" lat="42.820954"><ele>420.25</ele></trkpt>
   <trkpt lon="-1.613123" lat="42.820819"><ele>421.75</ele></trkpt>
   <trkpt lon="-1.613761" lat="42.820502"><ele>420.75</ele></trkpt>
   <trkpt lon="-1.615483" lat="42.819683"><ele>421.0</ele></trkpt>
   <trkpt lon="-1.615684" lat="42.819617"><ele>420.25</ele></trkpt>
   <trkpt lon="-1.615822" lat="42.819586"><ele>420.0</ele></trkpt>
   <trkpt lon="-1.615920" lat="42.819586"><ele>419.5</ele></trkpt>
   <trkpt lon="-1.616125" lat="42.819636"><ele>420.0</ele></trkpt>
   <trkpt lon="-1.616201" lat="42.819622"><ele>420.0</ele></trkpt>
   <trkpt lon="-1.616391" lat="42.819569"><ele>420.25</ele></trkpt>
   <trkpt lon="-1.616512" lat="42.819546"><ele>419.75</ele></trkpt>
   <trkpt lon="-1.616604" lat="42.819523"><ele>419.5</ele></trkpt>
   <trkpt lon="-1.616859" lat="42.819500"><ele>419.75</ele></trkpt>
   <trkpt lon="-1.617152" lat="42.819498"><ele>420.0</ele></trkpt>
   <trkpt lon="-1.617385" lat="42.819545"><ele>419.75</ele></trkpt>
   <trkpt lon="-1.617992" lat="42.819723"><ele>421.75</ele></trkpt>
   <trkpt lon="-1.618362" lat="42.819920"><ele>420.0</ele></trkpt>
   <trkpt lon="-1.618754" lat="42.820194"><ele>419.75</ele></trkpt>
   <trkpt lon="-1.619066" lat="42.820425"><ele>419.25</ele></trkpt>
   <trkpt lon="-1.619765" lat="42.820899"><ele>420.0</ele></trkpt>
   <trkpt lon="-1.620974" lat="42.821670"><ele>419.5</ele></trkpt>
   <trkpt lon="-1.621258" lat="42.821792"><ele>419.25</ele></trkpt>
   <trkpt lon="-1.621428" lat="42.821889"><ele>419.25</ele></trkpt>
   <trkpt lon="-1.621478" lat="42.821939"><ele>419.5</ele></trkpt>
   <trkpt lon="-1.621521" lat="42.821964"><ele>419.25</ele></trkpt>
   <trkpt lon="-1.621600" lat="42.821997"><ele>418.5</ele></trkpt>
   <trkpt lon="-1.621813" lat="42.822112"><ele>419.0</ele></trkpt>
   <trkpt lon="-1.621996" lat="42.822200"><ele>420.25</ele></trkpt>
   <trkpt lon="-1.622200" lat="42.822228"><ele>420.0</ele></trkpt>
   <trkpt lon="-1.622304" lat="42.822229"><ele>420.0</ele></trkpt>
   <trkpt lon="-1.622586" lat="42.822197"><ele>419.25</ele></trkpt>
   <trkpt lon="-1.622689" lat="42.822205"><ele>419.0</ele></trkpt>
   <trkpt lon="-1.622923" lat="42.822267"><ele>419.0</ele></trkpt>
   <trkpt lon="-1.623061" lat="42.822272"><ele>419.0</ele></trkpt>
   <trkpt lon="-1.623260" lat="42.822265"><ele>419.25</ele></trkpt>
   <trkpt lon="-1.624286" lat="42.822180"><ele>418.75</ele></trkpt>
   <trkpt lon="-1.624594" lat="42.822149"><ele>418.75</ele></trkpt>
   <trkpt lon="-1.624763" lat="42.822141"><ele>418.0</ele></trkpt>
   <trkpt lon="-1.624891" lat="42.822124"><ele>417.0</ele></trkpt>
   <trkpt lon="-1.625036" lat="42.822114"><ele>416.25</ele></trkpt>
   <trkpt lon="-1.625285" lat="42.822134"><ele>417.0</ele></trkpt>
   <trkpt lon="-1.626040" lat="42.822027"><ele>417.25</ele></trkpt>
   <trkpt lon="-1.626442" lat="42.821920"><ele>417.75</ele></trkpt>
   <trkpt lon="-1.626500" lat="42.821926"><ele>417.75</ele></trkpt>
   <trkpt lon="-1.626623" lat="42.822000"><ele>418.0</ele></trkpt>
   <trkpt lon="-1.626709" lat="42.822017"><ele>418.25</ele></trkpt>
   <trkpt lon="-1.626742" lat="42.822050"><ele>418.25</ele></trkpt>
   <trkpt lon="-1.627260" lat="42.821900"><ele>419.0</ele></trkpt>
   <trkpt lon="-1.627443" lat="42.821846"><ele>419.75</ele></trkpt>
   <trkpt lon="-1.629275" lat="42.821340"><ele>419.25</ele></trkpt>
   <trkpt lon="-1.629854" lat="42.821186"><ele>419.5</ele></trkpt>
   <trkpt lon="-1.630229" lat="42.821252"><ele>419.0</ele></trkpt>
   <trkpt lon="-1.630625" lat="42.821304"><ele>419.0</ele></trkpt>
   <trkpt lon="-1.631328" lat="42.821362"><ele>418.75</ele></trkpt>
   <trkpt lon="-1.633285" lat="42.821466"><ele>418.0</ele></trkpt>
   <trkpt lon="-1.634153" lat="42.821523"><ele>418.0</ele></trkpt>
   <trkpt lon="-1.634240" lat="42.821563"><ele>417.5</ele></trkpt>
   <trkpt lon="-1.634314" lat="42.821516"><ele>417.25</ele></trkpt>
   <trkpt lon="-1.634653" lat="42.821436"><ele>417.0</ele></trkpt>
   <trkpt lon="-1.634843" lat="42.821374"><ele>417.0</ele></trkpt>
   <trkpt lon="-1.635065" lat="42.821290"><ele>417.25</ele></trkpt>
   <trkpt lon="-1.635378" lat="42.821187"><ele>417.25</ele></trkpt>
   <trkpt lon="-1.636264" lat="42.820945"><ele>416.75</ele></trkpt>
   <trkpt lon="-1.636426" lat="42.820907"><ele>417.25</ele></trkpt>
   <trkpt lon="-1.637379" lat="42.820723"><ele>415.0</ele></trkpt>
   <trkpt lon="-1.637436" lat="42.820716"><ele>415.0</ele></trkpt>
   <trkpt lon="-1.637528" lat="42.820881"><ele>414.75</ele></trkpt>
   <trkpt lon="-1.637659" lat="42.821165"><ele>415.5</ele></trkpt>
   <trkpt lon="-1.637710" lat="42.821183"><ele>415.5</ele></trkpt>
   <trkpt lon="-1.637766" lat="42.821257"><ele>416.0</ele></trkpt>
   <trkpt lon="-1.637900" lat="42.821722"><ele>417.25</ele></trkpt>
   <trkpt lon="-1.637906" lat="42.821745"><ele>417.0</ele></trkpt>
   <trkpt lon="-1.637945" lat="42.821749"><ele>417.0</ele></trkpt>
   <trkpt lon="-1.637970" lat="42.821736"><ele>417.0</ele></trkpt>
   <trkpt lon="-1.638554" lat="42.821379"><ele>418.0</ele></trkpt>
   <trkpt lon="-1.638762" lat="42.821224"><ele>418.0</ele></trkpt>
   <trkpt lon="-1.638907" lat="42.821100"><ele>418.75</ele></trkpt>
   <trkpt lon="-1.639015" lat="42.820977"><ele>418.0</ele></trkpt>
   <trkpt lon="-1.639126" lat="42.820813"><ele>418.5</ele></trkpt>
   <trkpt lon="-1.639135" lat="42.820802"><ele>418.75</ele></trkpt>
   <trkpt lon="-1.639209" lat="42.820653"><ele>418.75</ele></trkpt>
   <trkpt lon="-1.639202" lat="42.820629"><ele>418.75</ele></trkpt>
   <trkpt lon="-1.639184" lat="42.820624"><ele>418.75</ele></trkpt>
   <trkpt lon="-1.639181" lat="42.820588"><ele>418.75</ele></trkpt>
   <trkpt lon="-1.639182" lat="42.820558"><ele>418.75</ele></trkpt>
   <trkpt lon="-1.639223" lat="42.820540"><ele>419.0</ele></trkpt>
   <trkpt lon="-1.639242" lat="42.820516"><ele>419.0</ele></trkpt>
   <trkpt lon="-1.639301" lat="42.820135"><ele>420.5</ele></trkpt>
   <trkpt lon="-1.639314" lat="42.819954"><ele>421.25</ele></trkpt>
   <trkpt lon="-1.639277" lat="42.819653"><ele>422.75</ele></trkpt>
   <trkpt lon="-1.639166" lat="42.819326"><ele>424.25</ele></trkpt>
   <trkpt lon="-1.639110" lat="42.819222"><ele>424.5</ele></trkpt>
   <trkpt lon="-1.639002" lat="42.819069"><ele>425.25</ele></trkpt>
   <trkpt lon="-1.638884" lat="42.818926"><ele>426.5</ele></trkpt>
   <trkpt lon="-1.638785" lat="42.818828"><ele>426.75</ele></trkpt>
   <trkpt lon="-1.638648" lat="42.818714"><ele>427.0</ele></trkpt>
   <trkpt lon="-1.638307" lat="42.818491"><ele>428.0</ele></trkpt>
   <trkpt lon="-1.637907" lat="42.818244"><ele>429.75</ele></trkpt>
   <trkpt lon="-1.637822" lat="42.818168"><ele>430.5</ele></trkpt>
   <trkpt lon="-1.637752" lat="42.818081"><ele>431.0</ele></trkpt>
   <trkpt lon="-1.637695" lat="42.817977"><ele>430.75</ele></trkpt>
   <trkpt lon="-1.637666" lat="42.817871"><ele>431.0</ele></trkpt>
   <trkpt lon="-1.637662" lat="42.817781"><ele>431.5</ele></trkpt>
   <trkpt lon="-1.637673" lat="42.817700"><ele>431.5</ele></trkpt>
   <trkpt lon="-1.637704" lat="42.817602"><ele>432.0</ele></trkpt>
   <trkpt lon="-1.637786" lat="42.817476"><ele>434.5</ele></trkpt>
   <trkpt lon="-1.637890" lat="42.817364"><ele>433.75</ele></trkpt>
   <trkpt lon="-1.637988" lat="42.817293"><ele>434.0</ele></trkpt>
   <trkpt lon="-1.638966" lat="42.816843"><ele>442.5</ele></trkpt>
   <trkpt lon="-1.639044" lat="42.816806"><ele>443.5</ele></trkpt>
   <trkpt lon="-1.639094" lat="42.816846"><ele>442.5</ele></trkpt>
   <trkpt lon="-1.639174" lat="42.816914"><ele>441.5</ele></trkpt>
   <trkpt lon="-1.639213" lat="42.816946"><ele>441.0</ele></trkpt>
   <trkpt lon="-1.639251" lat="42.816945"><ele>441.25</ele></trkpt>
   <trkpt lon="-1.639275" lat="42.816934"><ele>441.5</ele></trkpt>
   <trkpt lon="-1.639292" lat="42.816926"><ele>441.5</ele></trkpt>
   <trkpt lon="-1.639935" lat="42.816621"><ele>444.0</ele></trkpt>
   <trkpt lon="-1.639952" lat="42.816610"><ele>444.0</ele></trkpt>
   <trkpt lon="-1.639981" lat="42.816593"><ele>444.25</ele></trkpt>
   <trkpt lon="-1.639995" lat="42.816584"><ele>444.25</ele></trkpt>
   <trkpt lon="-1.640115" lat="42.816515"><ele>444.5</ele></trkpt>
   <trkpt lon="-1.640858" lat="42.816048"><ele>448.25</ele></trkpt>
   <trkpt lon="-1.640948" lat="42.816018"><ele>448.5</ele></trkpt>
   <trkpt lon="-1.640957" lat="42.816021"><ele>448.5</ele></trkpt>
   <trkpt lon="-1.640999" lat="42.816033"><ele>448.5</ele></trkpt>
   <trkpt lon="-1.641060" lat="42.815970"><ele>448.75</ele></trkpt>
   <trkpt lon="-1.641110" lat="42.815983"><ele>448.75</ele></trkpt>
   <trkpt lon="-1.641220" lat="42.815995"><ele>449.0</ele></trkpt>
   <trkpt lon="-1.641481" lat="42.816017"><ele>449.0</ele></trkpt>
   <trkpt lon="-1.641750" lat="42.816052"><ele>449.0</ele></trkpt>
   <trkpt lon="-1.641811" lat="42.816039"><ele>449.25</ele></trkpt>
   <trkpt lon="-1.642257" lat="42.815841"><ele>450.0</ele></trkpt>
   <trkpt lon="-1.642244" lat="42.815926"><ele>450.0</ele></trkpt>
   <trkpt lon="-1.642570" lat="42.816373"><ele>449.0</ele></trkpt>
   <trkpt lon="-1.642716" lat="42.816316"><ele>449.25</ele></trkpt>
   <trkpt lon="-1.642897" lat="42.816246"><ele>449.5</ele></trkpt>
   <trkpt lon="-1.643142" lat="42.816171"><ele>449.5</ele></trkpt>
   <trkpt lon="-1.643142" lat="42.816086"><ele>449.5</ele></trkpt>
   <trkpt lon="-1.643163" lat="42.816042"><ele>449.5</ele></trkpt>
   <trkpt lon="-1.643404" lat="42.815948"><ele>448.75</ele></trkpt>
   <trkpt lon="-1.643341" lat="42.815888"><ele>448.75</ele></trkpt>
   <trkpt lon="-1.643306" lat="42.815822"><ele>449.0</ele></trkpt>
   <trkpt lon="-1.643286" lat="42.815718"><ele>449.5</ele></trkpt>
   <trkpt lon="-1.643469" lat="42.815651"><ele>449.25</ele></trkpt>
   <trkpt lon="-1.643731" lat="42.815556"><ele>449.0</ele></trkpt>
   <trkpt lon="-1.644245" lat="42.815368"><ele>449.0</ele></trkpt>
   <trkpt lon="-1.644371" lat="42.815322"><ele>449.0</ele></trkpt>
   <trkpt lon="-1.644520" lat="42.815267"><ele>448.75</ele></trkpt>
   <trkpt lon="-1.644731" lat="42.815190"><ele>448.5</ele></trkpt>
   <trkpt lon="-1.645064" lat="42.815069"><ele>448.0</ele></trkpt>
   <trkpt lon="-1.645133" lat="42.815043"><ele>448.0</ele></trkpt>
   <trkpt lon="-1.645488" lat="42.814913"><ele>448.0</ele></trkpt>
   <trkpt lon="-1.645535" lat="42.814897"><ele>448.0</ele></trkpt>
   <trkpt lon="-1.646152" lat="42.814671"><ele>448.0</ele></trkpt>
   <trkpt lon="-1.646245" lat="42.814637"><ele>448.0</ele></trkpt>
   <trkpt lon="-1.646229" lat="42.814589"><ele>448.0</ele></trkpt>
   <trkpt lon="-1.645913" lat="42.813895"><ele>450.5</ele></trkpt>
   <trkpt lon="-1.645902" lat="42.813862"><ele>450.75</ele></trkpt>
   <trkpt lon="-1.645890" lat="42.813827"><ele>450.75</ele></trkpt>
   <trkpt lon="-1.645856" lat="42.813736"><ele>450.75</ele></trkpt>
   <trkpt lon="-1.645660" lat="42.813317"><ele>451.0</ele></trkpt>
   <trkpt lon="-1.645704" lat="42.813308"><ele>451.0</ele></trkpt>
   <trkpt lon="-1.645735" lat="42.813300"><ele>451.0</ele></trkpt>
   <trkpt lon="-1.645839" lat="42.813273"><ele>450.75</ele></trkpt>
   <trkpt lon="-1.645825" lat="42.813244"><ele>451.0</ele></trkpt>
   <trkpt lon="-1.645674" lat="42.812907"><ele>451.0</ele></trkpt>
   <trkpt lon="-1.645669" lat="42.812851"><ele>451.0</ele></trkpt>
   <trkpt lon="-1.645699" lat="42.812775"><ele>451.0</ele></trkpt>
   <trkpt lon="-1.645741" lat="42.812714"><ele>451.0</ele></trkpt>
   <trkpt lon="-1.645763" lat="42.812650"><ele>451.25</ele></trkpt>
   <trkpt lon="-1.645792" lat="42.812556"><ele>451.75</ele></trkpt>
   <trkpt lon="-1.645788" lat="42.812524"><ele>452.0</ele></trkpt>
   <trkpt lon="-1.645782" lat="42.812482"><ele>452.0</ele></trkpt>
   <trkpt lon="-1.645753" lat="42.812437"><ele>452.0</ele></trkpt>
   <trkpt lon="-1.645695" lat="42.812386"><ele>452.0</ele></trkpt>
   <trkpt lon="-1.645639" lat="42.812356"><ele>452.0</ele></trkpt>
   <trkpt lon="-1.645611" lat="42.812319"><ele>452.0</ele></trkpt>
   <trkpt lon="-1.645523" lat="42.812264"><ele>452.0</ele></trkpt>
   <trkpt lon="-1.645464" lat="42.812214"><ele>451.75</ele></trkpt>
   <trkpt lon="-1.645255" lat="42.811780"><ele>450.75</ele></trkpt>
   <trkpt lon="-1.644849" lat="42.810920"><ele>450.75</ele></trkpt>
   <trkpt lon="-1.644629" lat="42.810455"><ele>452.0</ele></trkpt>
   <trkpt lon="-1.644614" lat="42.810395"><ele>452.0</ele></trkpt>
   <trkpt lon="-1.644617" lat="42.810310"><ele>452.0</ele></trkpt>
   <trkpt lon="-1.644641" lat="42.810245"><ele>452.0</ele></trkpt>
   <trkpt lon="-1.644697" lat="42.810160"><ele>452.0</ele></trkpt>
   <trkpt lon="-1.644757" lat="42.810145"><ele>452.0</ele></trkpt>
   <trkpt lon="-1.644888" lat="42.810078"><ele>452.0</ele></trkpt>
   <trkpt lon="-1.644974" lat="42.810023"><ele>452.0</ele></trkpt>
   <trkpt lon="-1.645048" lat="42.809961"><ele>452.0</ele></trkpt>
   <trkpt lon="-1.645111" lat="42.809891"><ele>452.0</ele></trkpt>
   <trkpt lon="-1.645160" lat="42.809816"><ele>452.25</ele></trkpt>
   <trkpt lon="-1.645195" lat="42.809737"><ele>452.25</ele></trkpt>
   <trkpt lon="-1.645215" lat="42.809655"><ele>452.0</ele></trkpt>
   <trkpt lon="-1.645219" lat="42.809572"><ele>452.0</ele></trkpt>
   <trkpt lon="-1.645208" lat="42.809489"><ele>452.0</ele></trkpt>
   <trkpt lon="-1.645182" lat="42.809407"><ele>452.0</ele></trkpt>
   <trkpt lon="-1.645096" lat="42.809233"><ele>452.0</ele></trkpt>
   <trkpt lon="-1.645000" lat="42.809119"><ele>452.0</ele></trkpt>
   <trkpt lon="-1.644878" lat="42.809034"><ele>451.25</ele></trkpt>
   <trkpt lon="-1.644761" lat="42.808905"><ele>451.75</ele></trkpt>
   <trkpt lon="-1.644720" lat="42.808829"><ele>451.75</ele></trkpt>
   <trkpt lon="-1.644723" lat="42.808756"><ele>452.0</ele></trkpt>
   <trkpt lon="-1.644857" lat="42.808577"><ele>452.25</ele></trkpt>
   <trkpt lon="-1.644875" lat="42.808590"><ele>452.5</ele></trkpt>
   <trkpt lon="-1.644774" lat="42.808721"><ele>452.0</ele></trkpt>
   <trkpt lon="-1.644757" lat="42.808754"><ele>452.0</ele></trkpt>
   <trkpt lon="-1.644751" lat="42.808805"><ele>452.0</ele></trkpt>
   <trkpt lon="-1.644770" lat="42.808869"><ele>452.0</ele></trkpt>
   <trkpt lon="-1.644829" lat="42.808927"><ele>451.5</ele></trkpt>
   <trkpt lon="-1.644960" lat="42.809012"><ele>451.75</ele></trkpt>
   <trkpt lon="-1.645059" lat="42.809102"><ele>452.0</ele></trkpt>
   <trkpt lon="-1.645153" lat="42.809217"><ele>452.0</ele></trkpt>
   <trkpt lon="-1.645233" lat="42.809356"><ele>452.0</ele></trkpt>
   <trkpt lon="-1.645280" lat="42.809406"><ele>452.0</ele></trkpt>
   <trkpt lon="-1.645335" lat="42.809443"><ele>452.0</ele></trkpt>
   <trkpt lon="-1.645384" lat="42.809469"><ele>452.0</ele></trkpt>
   <trkpt lon="-1.645451" lat="42.809492"><ele>452.0</ele></trkpt>
   <trkpt lon="-1.645562" lat="42.809508"><ele>451.75</ele></trkpt>
   <trkpt lon="-1.645932" lat="42.809482"><ele>451.0</ele></trkpt>
   <trkpt lon="-1.645947" lat="42.809495"><ele>451.0</ele></trkpt>
   <trkpt lon="-1.645947" lat="42.809503"><ele>451.0</ele></trkpt>
   <trkpt lon="-1.645950" lat="42.809532"><ele>451.25</ele></trkpt>
   <trkpt lon="-1.645955" lat="42.809553"><ele>451.25</ele></trkpt>
   <trkpt lon="-1.645974" lat="42.809570"><ele>451.25</ele></trkpt>
   <trkpt lon="-1.646031" lat="42.809574"><ele>451.25</ele></trkpt>
   <trkpt lon="-1.646241" lat="42.809550"><ele>451.5</ele></trkpt>
   <trkpt lon="-1.646303" lat="42.809517"><ele>451.75</ele></trkpt>
   <trkpt lon="-1.646355" lat="42.809475"><ele>451.75</ele></trkpt>
   <trkpt lon="-1.647871" lat="42.808790"><ele>451.0</ele></trkpt>
   <trkpt lon="-1.648051" lat="42.808734"><ele>451.0</ele></trkpt>
   <trkpt lon="-1.648958" lat="42.808645"><ele>450.0</ele></trkpt>
   <trkpt lon="-1.649110" lat="42.808631"><ele>450.0</ele></trkpt>
   <trkpt lon="-1.649244" lat="42.808631"><ele>450.0</ele></trkpt>
   <trkpt lon="-1.650294" lat="42.808740"><ele>450.5</ele></trkpt>
   <trkpt lon="-1.650518" lat="42.808799"><ele>451.0</ele></trkpt>
   <trkpt lon="-1.650930" lat="42.808928"><ele>450.0</ele></trkpt>
   <trkpt lon="-1.651932" lat="42.809256"><ele>449.0</ele></trkpt>
   <trkpt lon="-1.652039" lat="42.809298"><ele>449.0</ele></trkpt>
   <trkpt lon="-1.652245" lat="42.809408"><ele>448.75</ele></trkpt>
   <trkpt lon="-1.652467" lat="42.809568"><ele>448.5</ele></trkpt>
   <trkpt lon="-1.652646" lat="42.809676"><ele>448.25</ele></trkpt>
   <trkpt lon="-1.652686" lat="42.809638"><ele>448.0</ele></trkpt>
   <trkpt lon="-1.652716" lat="42.809610"><ele>448.0</ele></trkpt>
   <trkpt lon="-1.652768" lat="42.809569"><ele>448.0</ele></trkpt>
   <trkpt lon="-1.652902" lat="42.809634"><ele>448.0</ele></trkpt>
   <trkpt lon="-1.652932" lat="42.809635"><ele>448.0</ele></trkpt>
   <trkpt lon="-1.652956" lat="42.809614"><ele>448.0</ele></trkpt>
   <trkpt lon="-1.653215" lat="42.809182"><ele>447.75</ele></trkpt>
   <trkpt lon="-1.653228" lat="42.809150"><ele>448.0</ele></trkpt>
   <trkpt lon="-1.653224" lat="42.809140"><ele>448.0</ele></trkpt>
   <trkpt lon="-1.653158" lat="42.809118"><ele>448.0</ele></trkpt>
   <trkpt lon="-1.653168" lat="42.809099"><ele>448.0</ele></trkpt>
   <trkpt lon="-1.653101" lat="42.809077"><ele>448.0</ele></trkpt>
   <trkpt lon="-1.653119" lat="42.809044"><ele>448.0</ele></trkpt>
   <trkpt lon="-1.653190" lat="42.808927"><ele>448.0</ele></trkpt>
   <trkpt lon="-1.653217" lat="42.808882"><ele>448.0</ele></trkpt>
   <trkpt lon="-1.653282" lat="42.808902"><ele>448.0</ele></trkpt>
   <trkpt lon="-1.653331" lat="42.808900"><ele>448.0</ele></trkpt>
   <trkpt lon="-1.653378" lat="42.808887"><ele>448.0</ele></trkpt>
   <trkpt lon="-1.653727" lat="42.808672"><ele>447.5</ele></trkpt>
   <trkpt lon="-1.654324" lat="42.808297"><ele>447.0</ele></trkpt>
   <trkpt lon="-1.654372" lat="42.808256"><ele>447.0</ele></trkpt>
   <trkpt lon="-1.654411" lat="42.808204"><ele>447.0</ele></trkpt>
   <trkpt lon="-1.654446" lat="42.808157"><ele>447.0</ele></trkpt>
   <trkpt lon="-1.654481" lat="42.808112"><ele>447.0</ele></trkpt>
   <trkpt lon="-1.654576" lat="42.808147"><ele>447.0</ele></trkpt>
   <trkpt lon="-1.654618" lat="42.808142"><ele>447.0</ele></trkpt>
   <trkpt lon="-1.655055" lat="42.807876"><ele>446.25</ele></trkpt>
   <trkpt lon="-1.655103" lat="42.807843"><ele>446.0</ele></trkpt>
   <trkpt lon="-1.655837" lat="42.807417"><ele>446.25</ele></trkpt>
   <trkpt lon="-1.656344" lat="42.807114"><ele>446.0</ele></trkpt>
   <trkpt lon="-1.656410" lat="42.807074"><ele>445.75</ele></trkpt>
   <trkpt lon="-1.656825" lat="42.806831"><ele>445.0</ele></trkpt>
   <trkpt lon="-1.656862" lat="42.806801"><ele>445.0</ele></trkpt>
   <trkpt lon="-1.656874" lat="42.806768"><ele>445.0</ele></trkpt>
   <trkpt lon="-1.656858" lat="42.806731"><ele>445.0</ele></trkpt>
   <trkpt lon="-1.656841" lat="42.806711"><ele>445.0</ele></trkpt>
   <trkpt lon="-1.656896" lat="42.806658"><ele>445.0</ele></trkpt>
   <trkpt lon="-1.656972" lat="42.806585"><ele>445.0</ele></trkpt>
   <trkpt lon="-1.657013" lat="42.806547"><ele>445.0</ele></trkpt>
   <trkpt lon="-1.657092" lat="42.806585"><ele>445.0</ele></trkpt>
   <trkpt lon="-1.657139" lat="42.806602"><ele>445.0</ele></trkpt>
   <trkpt lon="-1.657175" lat="42.806608"><ele>445.0</ele></trkpt>
   <trkpt lon="-1.657238" lat="42.806600"><ele>444.75</ele></trkpt>
   <trkpt lon="-1.657305" lat="42.806571"><ele>444.75</ele></trkpt>
   <trkpt lon="-1.657350" lat="42.806550"><ele>444.75</ele></trkpt>
   <trkpt lon="-1.657596" lat="42.806440"><ele>444.0</ele></trkpt>
   <trkpt lon="-1.657905" lat="42.806299"><ele>443.5</ele></trkpt>
   <trkpt lon="-1.657959" lat="42.806274"><ele>443.25</ele></trkpt>
   <trkpt lon="-1.657975" lat="42.806253"><ele>443.25</ele></trkpt>
   <trkpt lon="-1.657969" lat="42.806234"><ele>443.25</ele></trkpt>
   <trkpt lon="-1.658043" lat="42.806167"><ele>443.0</ele></trkpt>
   <trkpt lon="-1.658108" lat="42.806109"><ele>443.0</ele></trkpt>
   <trkpt lon="-1.658172" lat="42.806141"><ele>443.0</ele></trkpt>
   <trkpt lon="-1.658200" lat="42.806143"><ele>443.0</ele></trkpt>
   <trkpt lon="-1.658284" lat="42.806093"><ele>443.0</ele></trkpt>
   <trkpt lon="-1.658890" lat="42.805665"><ele>439.25</ele></trkpt>
   <trkpt lon="-1.659501" lat="42.805203"><ele>434.75</ele></trkpt>
   <trkpt lon="-1.659490" lat="42.805195"><ele>435.0</ele></trkpt>
   <trkpt lon="-1.659468" lat="42.805180"><ele>435.5</ele></trkpt>
   <trkpt lon="-1.659567" lat="42.805109"><ele>435.0</ele></trkpt>
   <trkpt lon="-1.659902" lat="42.804841"><ele>431.75</ele></trkpt>
   <trkpt lon="-1.659974" lat="42.804748"><ele>430.5</ele></trkpt>
   <trkpt lon="-1.660037" lat="42.804604"><ele>429.5</ele></trkpt>
   <trkpt lon="-1.660091" lat="42.804495"><ele>429.0</ele></trkpt>
   <trkpt lon="-1.660164" lat="42.804398"><ele>428.5</ele></trkpt>
   <trkpt lon="-1.660182" lat="42.804360"><ele>428.25</ele></trkpt>
   <trkpt lon="-1.660224" lat="42.804368"><ele>428.25</ele></trkpt>
   <trkpt lon="-1.660309" lat="42.804380"><ele>428.25</ele></trkpt>
   <trkpt lon="-1.660399" lat="42.804374"><ele>428.25</ele></trkpt>
   <trkpt lon="-1.660437" lat="42.804362"><ele>428.25</ele></trkpt>
   <trkpt lon="-1.660498" lat="42.804317"><ele>427.75</ele></trkpt>
   <trkpt lon="-1.660807" lat="42.803903"><ele>427.0</ele></trkpt>
   <trkpt lon="-1.661024" lat="42.803642"><ele>426.5</ele></trkpt>
   <trkpt lon="-1.661589" lat="42.803007"><ele>424.5</ele></trkpt>
   <trkpt lon="-1.661908" lat="42.802676"><ele>421.25</ele></trkpt>
   <trkpt lon="-1.662068" lat="42.802523"><ele>419.75</ele></trkpt>
   <trkpt lon="-1.662507" lat="42.802188"><ele>416.5</ele></trkpt>
   <trkpt lon="-1.662670" lat="42.802074"><ele>415.0</ele></trkpt>
   <trkpt lon="-1.662689" lat="42.802089"><ele>415.0</ele></trkpt>
   <trkpt lon="-1.662735" lat="42.802124"><ele>415.25</ele></trkpt>
   <trkpt lon="-1.662761" lat="42.802160"><ele>415.5</ele></trkpt>
   <trkpt lon="-1.662852" lat="42.802172"><ele>415.5</ele></trkpt>
   <trkpt lon="-1.663105" lat="42.802042"><ele>414.5</ele></trkpt>
   <trkpt lon="-1.663231" lat="42.801991"><ele>413.5</ele></trkpt>
   <trkpt lon="-1.663439" lat="42.801887"><ele>412.75</ele></trkpt>
   <trkpt lon="-1.663533" lat="42.801827"><ele>412.5</ele></trkpt>
   <trkpt lon="-1.663649" lat="42.801717"><ele>412.0</ele></trkpt>
   <trkpt lon="-1.663696" lat="42.801688"><ele>412.0</ele></trkpt>
   <trkpt lon="-1.663751" lat="42.801664"><ele>411.75</ele></trkpt>
   <trkpt lon="-1.663959" lat="42.801605"><ele>411.0</ele></trkpt>
   <trkpt lon="-1.664205" lat="42.801549"><ele>410.5</ele></trkpt>
   <trkpt lon="-1.664418" lat="42.801486"><ele>410.75</ele></trkpt>
   <trkpt lon="-1.664528" lat="42.801460"><ele>411.0</ele></trkpt>
   <trkpt lon="-1.664631" lat="42.801444"><ele>411.0</ele></trkpt>
   <trkpt lon="-1.664789" lat="42.801451"><ele>411.0</ele></trkpt>
   <trkpt lon="-1.664884" lat="42.801455"><ele>411.0</ele></trkpt>
   <trkpt lon="-1.664954" lat="42.801394"><ele>411.0</ele></trkpt>
   <trkpt lon="-1.665178" lat="42.801368"><ele>410.75</ele></trkpt>
   <trkpt lon="-1.665198" lat="42.801289"><ele>410.5</ele></trkpt>
   <trkpt lon="-1.665214" lat="42.801227"><ele>410.25</ele></trkpt>
   <trkpt lon="-1.665097" lat="42.801238"><ele>410.0</ele></trkpt>
   <trkpt lon="-1.665122" lat="42.801136"><ele>409.5</ele></trkpt>
   <trkpt lon="-1.665181" lat="42.800921"><ele>411.0</ele></trkpt>
   <trkpt lon="-1.665199" lat="42.800863"><ele>411.5</ele></trkpt>
   <trkpt lon="-1.665216" lat="42.800835"><ele>411.75</ele></trkpt>
   <trkpt lon="-1.665251" lat="42.800818"><ele>411.75</ele></trkpt>
   <trkpt lon="-1.665295" lat="42.800819"><ele>411.75</ele></trkpt>
   <trkpt lon="-1.665395" lat="42.800834"><ele>411.5</ele></trkpt>
   <trkpt lon="-1.665411" lat="42.800799"><ele>411.5</ele></trkpt>
   <trkpt lon="-1.665430" lat="42.800758"><ele>411.25</ele></trkpt>
   <trkpt lon="-1.665410" lat="42.800730"><ele>411.5</ele></trkpt>
   <trkpt lon="-1.665405" lat="42.800703"><ele>411.5</ele></trkpt>
   <trkpt lon="-1.665404" lat="42.800595"><ele>411.5</ele></trkpt>
   <trkpt lon="-1.665412" lat="42.800538"><ele>411.5</ele></trkpt>
   <trkpt lon="-1.665479" lat="42.800408"><ele>411.5</ele></trkpt>
   <trkpt lon="-1.665559" lat="42.800273"><ele>412.0</ele></trkpt>
   <trkpt lon="-1.665902" lat="42.799836"><ele>413.0</ele></trkpt>
   <trkpt lon="-1.665923" lat="42.799788"><ele>413.0</ele></trkpt>
   <trkpt lon="-1.665926" lat="42.799761"><ele>413.0</ele></trkpt>
   <trkpt lon="-1.665894" lat="42.799685"><ele>412.75</ele></trkpt>
   <trkpt lon="-1.665893" lat="42.799666"><ele>412.75</ele></trkpt>
   <trkpt lon="-1.666499" lat="42.798578"><ele>409.5</ele></trkpt>
   <trkpt lon="-1.666604" lat="42.798429"><ele>409.75</ele></trkpt>
   <trkpt lon="-1.666947" lat="42.798038"><ele>410.0</ele></trkpt>
   <trkpt lon="-1.667162" lat="42.797827"><ele>410.0</ele></trkpt>
   <trkpt lon="-1.667209" lat="42.797800"><ele>410.25</ele></trkpt>
   <trkpt lon="-1.667544" lat="42.797640"><ele>410.25</ele></trkpt>
   <trkpt lon="-1.667865" lat="42.797449"><ele>410.25</ele></trkpt>
   <trkpt lon="-1.668251" lat="42.797184"><ele>411.0</ele></trkpt>
   <trkpt lon="-1.668378" lat="42.797085"><ele>411.0</ele></trkpt>
   <trkpt lon="-1.668511" lat="42.796966"><ele>411.0</ele></trkpt>
   <trkpt lon="-1.668703" lat="42.796751"><ele>411.75</ele></trkpt>
   <trkpt lon="-1.669170" lat="42.796114"><ele>413.75</ele></trkpt>
   <trkpt lon="-1.669280" lat="42.796027"><ele>413.25</ele></trkpt>
   <trkpt lon="-1.669366" lat="42.795972"><ele>413.75</ele></trkpt>
   <trkpt lon="-1.669591" lat="42.795838"><ele>415.25</ele></trkpt>
   <trkpt lon="-1.669759" lat="42.795748"><ele>414.5</ele></trkpt>
   <trkpt lon="-1.670007" lat="42.795652"><ele>416.75</ele></trkpt>
   <trkpt lon="-1.670253" lat="42.795581"><ele>419.25</ele></trkpt>
   <trkpt lon="-1.670697" lat="42.795467"><ele>414.25</ele></trkpt>
   <trkpt lon="-1.671038" lat="42.795357"><ele>416.25</ele></trkpt>
   <trkpt lon="-1.671173" lat="42.795304"><ele>416.75</ele></trkpt>
   <trkpt lon="-1.671423" lat="42.795185"><ele>414.75</ele></trkpt>
   <trkpt lon="-1.671543" lat="42.795117"><ele>414.75</ele></trkpt>
   <trkpt lon="-1.671718" lat="42.795004"><ele>415.5</ele></trkpt>
   <trkpt lon="-1.671823" lat="42.794927"><ele>415.0</ele></trkpt>
   <trkpt lon="-1.671926" lat="42.794842"><ele>415.0</ele></trkpt>
   <trkpt lon="-1.672222" lat="42.794576"><ele>416.5</ele></trkpt>
   <trkpt lon="-1.672338" lat="42.794483"><ele>416.75</ele></trkpt>
   <trkpt lon="-1.672563" lat="42.794322"><ele>417.25</ele></trkpt>
   <trkpt lon="-1.672854" lat="42.794075"><ele>418.25</ele></trkpt>
   <trkpt lon="-1.672932" lat="42.794038"><ele>418.25</ele></trkpt>
   <trkpt lon="-1.673011" lat="42.794018"><ele>418.5</ele></trkpt>
   <trkpt lon="-1.673068" lat="42.794018"><ele>418.5</ele></trkpt>
   <trkpt lon="-1.673130" lat="42.794030"><ele>418.25</ele></trkpt>
   <trkpt lon="-1.673147" lat="42.794025"><ele>418.5</ele></trkpt>
   <trkpt lon="-1.673169" lat="42.794006"><ele>418.5</ele></trkpt>
   <trkpt lon="-1.673188" lat="42.793983"><ele>418.5</ele></trkpt>
   <trkpt lon="-1.673214" lat="42.793948"><ele>418.75</ele></trkpt>
   <trkpt lon="-1.673210" lat="42.793936"><ele>418.75</ele></trkpt>
   <trkpt lon="-1.673166" lat="42.793898"><ele>418.75</ele></trkpt>
   <trkpt lon="-1.673127" lat="42.793814"><ele>419.25</ele></trkpt>
   <trkpt lon="-1.673127" lat="42.793723"><ele>419.5</ele></trkpt>
   <trkpt lon="-1.673154" lat="42.793658"><ele>419.75</ele></trkpt>
   <trkpt lon="-1.673274" lat="42.793476"><ele>420.5</ele></trkpt>
   <trkpt lon="-1.673326" lat="42.793382"><ele>420.75</ele></trkpt>
   <trkpt lon="-1.673420" lat="42.793182"><ele>422.75</ele></trkpt>
   <trkpt lon="-1.673760" lat="42.792398"><ele>429.75</ele></trkpt>
   <trkpt lon="-1.673879" lat="42.792172"><ele>431.0</ele></trkpt>
   <trkpt lon="-1.674081" lat="42.791846"><ele>432.25</ele></trkpt>
   <trkpt lon="-1.674372" lat="42.791451"><ele>434.75</ele></trkpt>
   <trkpt lon="-1.674433" lat="42.791371"><ele>435.25</ele></trkpt>
   <trkpt lon="-1.674589" lat="42.791143"><ele>436.75</ele></trkpt>
   <trkpt lon="-1.674681" lat="42.790981"><ele>438.0</ele></trkpt>
   <trkpt lon="-1.674763" lat="42.790818"><ele>439.0</ele></trkpt>
   <trkpt lon="-1.674814" lat="42.790703"><ele>439.75</ele></trkpt>
   <trkpt lon="-1.674848" lat="42.790630"><ele>439.75</ele></trkpt>
   <trkpt lon="-1.674915" lat="42.790477"><ele>441.75</ele></trkpt>
   <trkpt lon="-1.674992" lat="42.790256"><ele>444.0</ele></trkpt>
   <trkpt lon="-1.675067" lat="42.789968"><ele>446.5</ele></trkpt>
   <trkpt lon="-1.675094" lat="42.789823"><ele>448.0</ele></trkpt>
   <trkpt lon="-1.675128" lat="42.789565"><ele>451.0</ele></trkpt>
   <trkpt lon="-1.675140" lat="42.789368"><ele>453.5</ele></trkpt>
   <trkpt lon="-1.675157" lat="42.788968"><ele>458.5</ele></trkpt>
   <trkpt lon="-1.675169" lat="42.788648"><ele>459.5</ele></trkpt>
   <trkpt lon="-1.675198" lat="42.788542"><ele>459.75</ele></trkpt>
   <trkpt lon="-1.675244" lat="42.788461"><ele>460.0</ele></trkpt>
   <trkpt lon="-1.675166" lat="42.788426"><ele>460.0</ele></trkpt>
   <trkpt lon="-1.675180" lat="42.788383"><ele>460.0</ele></trkpt>
   <trkpt lon="-1.675179" lat="42.788356"><ele>460.25</ele></trkpt>
   <trkpt lon="-1.675211" lat="42.788360"><ele>460.0</ele></trkpt>
   <trkpt lon="-1.675237" lat="42.788355"><ele>460.0</ele></trkpt>
   <trkpt lon="-1.675266" lat="42.788339"><ele>460.0</ele></trkpt>
   <trkpt lon="-1.675280" lat="42.788322"><ele>460.0</ele></trkpt>
   <trkpt lon="-1.675284" lat="42.788299"><ele>460.25</ele></trkpt>
   <trkpt lon="-1.675278" lat="42.788282"><ele>460.25</ele></trkpt>
   <trkpt lon="-1.675322" lat="42.788259"><ele>460.75</ele></trkpt>
   <trkpt lon="-1.675390" lat="42.788238"><ele>461.25</ele></trkpt>
   <trkpt lon="-1.675454" lat="42.788206"><ele>461.5</ele></trkpt>
   <trkpt lon="-1.675656" lat="42.788071"><ele>461.75</ele></trkpt>
   <trkpt lon="-1.675722" lat="42.788026"><ele>462.25</ele></trkpt>
   <trkpt lon="-1.675980" lat="42.787874"><ele>464.0</ele></trkpt>
   <trkpt lon="-1.676062" lat="42.787858"><ele>464.0</ele></trkpt>
   <trkpt lon="-1.676083" lat="42.787884"><ele>464.25</ele></trkpt>
   <trkpt lon="-1.676118" lat="42.787900"><ele>464.25</ele></trkpt>
   <trkpt lon="-1.676175" lat="42.787901"><ele>464.5</ele></trkpt>
   <trkpt lon="-1.676221" lat="42.787878"><ele>464.5</ele></trkpt>
   <trkpt lon="-1.676234" lat="42.787859"><ele>464.25</ele></trkpt>
   <trkpt lon="-1.676239" lat="42.787836"><ele>464.25</ele></trkpt>
   <trkpt lon="-1.676290" lat="42.787705"><ele>463.5</ele></trkpt>
   <trkpt lon="-1.676322" lat="42.787617"><ele>462.75</ele></trkpt>
   <trkpt lon="-1.676399" lat="42.787503"><ele>462.0</ele></trkpt>
   <trkpt lon="-1.676457" lat="42.787417"><ele>461.5</ele></trkpt>
   <trkpt lon="-1.676492" lat="42.787366"><ele>461.25</ele></trkpt>
   <trkpt lon="-1.676753" lat="42.786961"><ele>458.0</ele></trkpt>
   <trkpt lon="-1.677049" lat="42.786499"><ele>456.75</ele></trkpt>
   <trkpt lon="-1.677079" lat="42.786419"><ele>456.5</ele></trkpt>
   <trkpt lon="-1.677083" lat="42.786332"><ele>456.5</ele></trkpt>
   <trkpt lon="-1.677079" lat="42.786279"><ele>456.5</ele></trkpt>
   <trkpt lon="-1.677023" lat="42.786026"><ele>457.0</ele></trkpt>
   <trkpt lon="-1.677002" lat="42.785804"><ele>457.75</ele></trkpt>
   <trkpt lon="-1.677017" lat="42.785601"><ele>457.5</ele></trkpt>
   <trkpt lon="-1.677098" lat="42.785629"><ele>457.25</ele></trkpt>
   <trkpt lon="-1.677496" lat="42.785766"><ele>457.0</ele></trkpt>
   <trkpt lon="-1.678042" lat="42.785949"><ele>456.0</ele></trkpt>
   <trkpt lon="-1.678120" lat="42.785968"><ele>456.0</ele></trkpt>
   <trkpt lon="-1.678209" lat="42.785965"><ele>456.0</ele></trkpt>
   <trkpt lon="-1.678288" lat="42.785944"><ele>456.0</ele></trkpt>
   <trkpt lon="-1.678385" lat="42.785908"><ele>455.75</ele></trkpt>
   <trkpt lon="-1.678452" lat="42.785853"><ele>455.5</ele></trkpt>
   <trkpt lon="-1.678721" lat="42.785582"><ele>453.75</ele></trkpt>
   <trkpt lon="-1.678786" lat="42.785517"><ele>453.0</ele></trkpt>
   <trkpt lon="-1.678837" lat="42.785467"><ele>452.5</ele></trkpt>
   <trkpt lon="-1.678954" lat="42.785347"><ele>451.25</ele></trkpt>
   <trkpt lon="-1.679015" lat="42.785287"><ele>451.0</ele></trkpt>
   <trkpt lon="-1.679366" lat="42.784936"><ele>448.0</ele></trkpt>
   <trkpt lon="-1.679735" lat="42.784564"><ele>445.25</ele></trkpt>
   <trkpt lon="-1.679782" lat="42.784517"><ele>444.75</ele></trkpt>
   <trkpt lon="-1.679948" lat="42.784477"><ele>443.5</ele></trkpt>
   <trkpt lon="-1.680135" lat="42.784340"><ele>442.25</ele></trkpt>
   <trkpt lon="-1.680259" lat="42.784240"><ele>440.75</ele></trkpt>
   <trkpt lon="-1.680323" lat="42.784174"><ele>440.0</ele></trkpt>
   <trkpt lon="-1.680548" lat="42.783886"><ele>438.0</ele></trkpt>
   <trkpt lon="-1.680675" lat="42.783687"><ele>438.5</ele></trkpt>
   <trkpt lon="-1.680787" lat="42.783528"><ele>437.75</ele></trkpt>
   <trkpt lon="-1.680969" lat="42.783319"><ele>436.75</ele></trkpt>
   <trkpt lon="-1.681188" lat="42.783041"><ele>435.75</ele></trkpt>
   <trkpt lon="-1.681451" lat="42.782743"><ele>434.75</ele></trkpt>
   <trkpt lon="-1.681576" lat="42.782640"><ele>434.5</ele></trkpt>
   <trkpt lon="-1.681808" lat="42.782498"><ele>434.0</ele></trkpt>
   <trkpt lon="-1.682091" lat="42.782333"><ele>433.75</ele></trkpt>
   <trkpt lon="-1.682403" lat="42.782092"><ele>433.25</ele></trkpt>
   <trkpt lon="-1.682496" lat="42.782013"><ele>433.5</ele></trkpt>
   <trkpt lon="-1.682580" lat="42.781934"><ele>433.5</ele></trkpt>
   <trkpt lon="-1.682601" lat="42.781889"><ele>433.5</ele></trkpt>
   <trkpt lon="-1.682607" lat="42.781822"><ele>433.25</ele></trkpt>
   <trkpt lon="-1.682697" lat="42.781807"><ele>433.0</ele></trkpt>
   <trkpt lon="-1.683388" lat="42.781527"><ele>434.0</ele></trkpt>
   <trkpt lon="-1.683657" lat="42.781398"><ele>434.0</ele></trkpt>
   <trkpt lon="-1.685517" lat="42.780293"><ele>435.75</ele></trkpt>
   <trkpt lon="-1.685929" lat="42.780041"><ele>436.75</ele></trkpt>
   <trkpt lon="-1.686004" lat="42.780034"><ele>436.75</ele></trkpt>
   <trkpt lon="-1.686044" lat="42.780032"><ele>436.75</ele></trkpt>
   <trkpt lon="-1.686054" lat="42.780068"><ele>436.75</ele></trkpt>
   <trkpt lon="-1.686090" lat="42.780093"><ele>436.75</ele></trkpt>
   <trkpt lon="-1.686114" lat="42.780099"><ele>437.0</ele></trkpt>
   <trkpt lon="-1.686164" lat="42.780093"><ele>437.0</ele></trkpt>
   <trkpt lon="-1.686201" lat="42.780068"><ele>437.0</ele></trkpt>
   <trkpt lon="-1.686211" lat="42.780032"><ele>437.25</ele></trkpt>
   <trkpt lon="-1.686192" lat="42.779998"><ele>437.25</ele></trkpt>
   <trkpt lon="-1.686174" lat="42.779987"><ele>437.25</ele></trkpt>
   <trkpt lon="-1.686128" lat="42.779976"><ele>437.0</ele></trkpt>
   <trkpt lon="-1.686104" lat="42.779979"><ele>437.0</ele></trkpt>
   <trkpt lon="-1.686099" lat="42.779957"><ele>437.25</ele></trkpt>
   <trkpt lon="-1.686120" lat="42.779924"><ele>437.5</ele></trkpt>
   <trkpt lon="-1.686166" lat="42.779892"><ele>437.75</ele></trkpt>
   <trkpt lon="-1.686556" lat="42.779618"><ele>440.0</ele></trkpt>
   <trkpt lon="-1.687377" lat="42.778991"><ele>442.25</ele></trkpt>
   <trkpt lon="-1.687704" lat="42.778740"><ele>442.5</ele></trkpt>
   <trkpt lon="-1.687990" lat="42.778521"><ele>443.0</ele></trkpt>
   <trkpt lon="-1.688250" lat="42.778345"><ele>442.75</ele></trkpt>
   <trkpt lon="-1.688488" lat="42.778242"><ele>443.25</ele></trkpt>
   <trkpt lon="-1.688661" lat="42.778198"><ele>443.25</ele></trkpt>
   <trkpt lon="-1.688751" lat="42.778183"><ele>443.0</ele></trkpt>
   <trkpt lon="-1.688833" lat="42.778177"><ele>442.75</ele></trkpt>
   <trkpt lon="-1.688956" lat="42.778172"><ele>442.5</ele></trkpt>
   <trkpt lon="-1.689466" lat="42.778185"><ele>442.5</ele></trkpt>
   <trkpt lon="-1.689781" lat="42.778164"><ele>442.5</ele></trkpt>
   <trkpt lon="-1.691004" lat="42.778046"><ele>446.5</ele></trkpt>
   <trkpt lon="-1.691768" lat="42.777961"><ele>449.5</ele></trkpt>
   <trkpt lon="-1.692875" lat="42.777859"><ele>455.0</ele></trkpt>
   <trkpt lon="-1.693317" lat="42.777813"><ele>459.5</ele></trkpt>
   <trkpt lon="-1.693452" lat="42.777754"><ele>461.5</ele></trkpt>
   <trkpt lon="-1.693527" lat="42.777696"><ele>462.75</ele></trkpt>
   <trkpt lon="-1.693586" lat="42.777625"><ele>463.5</ele></trkpt>
   <trkpt lon="-1.693638" lat="42.777507"><ele>464.25</ele></trkpt>
   <trkpt lon="-1.693990" lat="42.776389"><ele>476.5</ele></trkpt>
   <trkpt lon="-1.694119" lat="42.776033"><ele>475.25</ele></trkpt>
   <trkpt lon="-1.694275" lat="42.775709"><ele>473.5</ele></trkpt>
   <trkpt lon="-1.694190" lat="42.775535"><ele>472.75</ele></trkpt>
   <trkpt lon="-1.694159" lat="42.775348"><ele>472.0</ele></trkpt>
   <trkpt lon="-1.694261" lat="42.773212"><ele>476.0</ele></trkpt>
   <trkpt lon="-1.694289" lat="42.772907"><ele>476.75</ele></trkpt>
   <trkpt lon="-1.694285" lat="42.772719"><ele>476.75</ele></trkpt>
   <trkpt lon="-1.694333" lat="42.772721"><ele>477.25</ele></trkpt>
   <trkpt lon="-1.694375" lat="42.772706"><ele>477.5</ele></trkpt>
   <trkpt lon="-1.694997" lat="42.772253"><ele>483.0</ele></trkpt>
   <trkpt lon="-1.695225" lat="42.772096"><ele>485.5</ele></trkpt>
   <trkpt lon="-1.695333" lat="42.772034"><ele>486.0</ele></trkpt>
   <trkpt lon="-1.695782" lat="42.771823"><ele>486.75</ele></trkpt>
   <trkpt lon="-1.695909" lat="42.771947"><ele>487.25</ele></trkpt>
   <trkpt lon="-1.696633" lat="42.772544"><ele>483.75</ele></trkpt>
   <trkpt lon="-1.696888" lat="42.772721"><ele>483.25</ele></trkpt>
   <trkpt lon="-1.697141" lat="42.772984"><ele>481.25</ele></trkpt>
   <trkpt lon="-1.697405" lat="42.773316"><ele>479.0</ele></trkpt>
   <trkpt lon="-1.698259" lat="42.774688"><ele>475.25</ele></trkpt>
   <trkpt lon="-1.698477" lat="42.774968"><ele>474.25</ele></trkpt>
   <trkpt lon="-1.698856" lat="42.775309"><ele>472.75</ele></trkpt>
   <trkpt lon="-1.699583" lat="42.775908"><ele>470.0</ele></trkpt>
   <trkpt lon="-1.701143" lat="42.777173"><ele>464.25</ele></trkpt>
   <trkpt lon="-1.703416" lat="42.779039"><ele>461.0</ele></trkpt>
   <trkpt lon="-1.703744" lat="42.779288"><ele>461.5</ele></trkpt>
   <trkpt lon="-1.704127" lat="42.779528"><ele>461.75</ele></trkpt>
   <trkpt lon="-1.704197" lat="42.779627"><ele>462.0</ele></trkpt>
   <trkpt lon="-1.704208" lat="42.779647"><ele>462.0</ele></trkpt>
   <trkpt lon="-1.704243" lat="42.779713"><ele>462.5</ele></trkpt>
   <trkpt lon="-1.704233" lat="42.779768"><ele>462.25</ele></trkpt>
   <trkpt lon="-1.704253" lat="42.779863"><ele>462.25</ele></trkpt>
   <trkpt lon="-1.704353" lat="42.779935"><ele>462.75</ele></trkpt>
   <trkpt lon="-1.704452" lat="42.779961"><ele>463.0</ele></trkpt>
   <trkpt lon="-1.704576" lat="42.779949"><ele>461.75</ele></trkpt>
   <trkpt lon="-1.704683" lat="42.779894"><ele>461.25</ele></trkpt>
   <trkpt lon="-1.704794" lat="42.779800"><ele>461.25</ele></trkpt>
   <trkpt lon="-1.704827" lat="42.779752"><ele>461.5</ele></trkpt>
   <trkpt lon="-1.704839" lat="42.779657"><ele>461.5</ele></trkpt>
   <trkpt lon="-1.704820" lat="42.779602"><ele>461.75</ele></trkpt>
   <trkpt lon="-1.704763" lat="42.779544"><ele>462.0</ele></trkpt>
   <trkpt lon="-1.704732" lat="42.779534"><ele>462.25</ele></trkpt>
   <trkpt lon="-1.704713" lat="42.779455"><ele>462.0</ele></trkpt>
   <trkpt lon="-1.704736" lat="42.779403"><ele>461.5</ele></trkpt>
   <trkpt lon="-1.704771" lat="42.779357"><ele>460.75</ele></trkpt>
   <trkpt lon="-1.705107" lat="42.779283"><ele>458.75</ele></trkpt>
   <trkpt lon="-1.705293" lat="42.779181"><ele>457.75</ele></trkpt>
   <trkpt lon="-1.706083" lat="42.778688"><ele>453.75</ele></trkpt>
   <trkpt lon="-1.706265" lat="42.778563"><ele>453.25</ele></trkpt>
   <trkpt lon="-1.706808" lat="42.778135"><ele>453.0</ele></trkpt>
   <trkpt lon="-1.706936" lat="42.777998"><ele>452.75</ele></trkpt>
   <trkpt lon="-1.706986" lat="42.777926"><ele>453.25</ele></trkpt>
   <trkpt lon="-1.707063" lat="42.777698"><ele>453.75</ele></trkpt>
   <trkpt lon="-1.707159" lat="42.777537"><ele>453.25</ele></trkpt>
   <trkpt lon="-1.707254" lat="42.777437"><ele>453.25</ele></trkpt>
   <trkpt lon="-1.707412" lat="42.777330"><ele>454.25</ele></trkpt>
   <trkpt lon="-1.707545" lat="42.777268"><ele>454.5</ele></trkpt>
   <trkpt lon="-1.707699" lat="42.777218"><ele>454.5</ele></trkpt>
   <trkpt lon="-1.707882" lat="42.777169"><ele>455.25</ele></trkpt>
   <trkpt lon="-1.708041" lat="42.777110"><ele>456.0</ele></trkpt>
   <trkpt lon="-1.708132" lat="42.777058"><ele>456.0</ele></trkpt>
   <trkpt lon="-1.708356" lat="42.776909"><ele>456.75</ele></trkpt>
   <trkpt lon="-1.708614" lat="42.776752"><ele>457.25</ele></trkpt>
   <trkpt lon="-1.708820" lat="42.776607"><ele>457.75</ele></trkpt>
   <trkpt lon="-1.709779" lat="42.775815"><ele>460.0</ele></trkpt>
   <trkpt lon="-1.711426" lat="42.774505"><ele>462.25</ele></trkpt>
   <trkpt lon="-1.711894" lat="42.774107"><ele>463.0</ele></trkpt>
   <trkpt lon="-1.712205" lat="42.773796"><ele>462.5</ele></trkpt>
   <trkpt lon="-1.712535" lat="42.773487"><ele>461.5</ele></trkpt>
   <trkpt lon="-1.713467" lat="42.772759"><ele>464.25</ele></trkpt>
   <trkpt lon="-1.714344" lat="42.772017"><ele>468.25</ele></trkpt>
   <trkpt lon="-1.715321" lat="42.771168"><ele>474.25</ele></trkpt>
   <trkpt lon="-1.716124" lat="42.770532"><ele>479.0</ele></trkpt>
   <trkpt lon="-1.716831" lat="42.770108"><ele>482.0</ele></trkpt>
   <trkpt lon="-1.717532" lat="42.769731"><ele>483.75</ele></trkpt>
   <trkpt lon="-1.720803" lat="42.768009"><ele>487.0</ele></trkpt>
   <trkpt lon="-1.721296" lat="42.767762"><ele>485.5</ele></trkpt>
   <trkpt lon="-1.721404" lat="42.767726"><ele>485.5</ele></trkpt>
   <trkpt lon="-1.721558" lat="42.767706"><ele>484.75</ele></trkpt>
   <trkpt lon="-1.721721" lat="42.767729"><ele>485.0</ele></trkpt>
   <trkpt lon="-1.721821" lat="42.767776"><ele>487.75</ele></trkpt>
   <trkpt lon="-1.722277" lat="42.768033"><ele>482.25</ele></trkpt>
   <trkpt lon="-1.722469" lat="42.768084"><ele>480.25</ele></trkpt>
   <trkpt lon="-1.722685" lat="42.768088"><ele>479.25</ele></trkpt>
   <trkpt lon="-1.722715" lat="42.768089"><ele>479.25</ele></trkpt>
   <trkpt lon="-1.722979" lat="42.768026"><ele>477.75</ele></trkpt>
   <trkpt lon="-1.723272" lat="42.767792"><ele>478.75</ele></trkpt>
   <trkpt lon="-1.725605" lat="42.765688"><ele>503.0</ele></trkpt>
   <trkpt lon="-1.725836" lat="42.765490"><ele>503.25</ele></trkpt>
   <trkpt lon="-1.726070" lat="42.765301"><ele>505.0</ele></trkpt>
   <trkpt lon="-1.726494" lat="42.765052"><ele>509.25</ele></trkpt>
   <trkpt lon="-1.727736" lat="42.764385"><ele>515.25</ele></trkpt>
   <trkpt lon="-1.727945" lat="42.764266"><ele>515.75</ele></trkpt>
   <trkpt lon="-1.728131" lat="42.764137"><ele>516.75</ele></trkpt>
   <trkpt lon="-1.728220" lat="42.764028"><ele>517.25</ele></trkpt>
   <trkpt lon="-1.728258" lat="42.763915"><ele>518.25</ele></trkpt>
   <trkpt lon="-1.728296" lat="42.763819"><ele>519.0</ele></trkpt>
   <trkpt lon="-1.728305" lat="42.763760"><ele>519.25</ele></trkpt>
   <trkpt lon="-1.728314" lat="42.763715"><ele>519.5</ele></trkpt>
   <trkpt lon="-1.728365" lat="42.763688"><ele>519.5</ele></trkpt>
   <trkpt lon="-1.728413" lat="42.763647"><ele>519.75</ele></trkpt>
   <trkpt lon="-1.728441" lat="42.763610"><ele>519.75</ele></trkpt>
   <trkpt lon="-1.728734" lat="42.763521"><ele>520.25</ele></trkpt>
   <trkpt lon="-1.729013" lat="42.763458"><ele>520.25</ele></trkpt>
   <trkpt lon="-1.729168" lat="42.763404"><ele>520.25</ele></trkpt>
   <trkpt lon="-1.729307" lat="42.763333"><ele>521.0</ele></trkpt>
   <trkpt lon="-1.729766" lat="42.762958"><ele>522.75</ele></trkpt>
   <trkpt lon="-1.730076" lat="42.762667"><ele>523.25</ele></trkpt>
   <trkpt lon="-1.730540" lat="42.762178"><ele>526.25</ele></trkpt>
   <trkpt lon="-1.731001" lat="42.761619"><ele>524.75</ele></trkpt>
   <trkpt lon="-1.731915" lat="42.760380"><ele>513.0</ele></trkpt>
   <trkpt lon="-1.732079" lat="42.760166"><ele>512.5</ele></trkpt>
   <trkpt lon="-1.732624" lat="42.759463"><ele>514.0</ele></trkpt>
   <trkpt lon="-1.732867" lat="42.759203"><ele>515.25</ele></trkpt>
   <trkpt lon="-1.733101" lat="42.758988"><ele>516.0</ele></trkpt>
   <trkpt lon="-1.733351" lat="42.758776"><ele>516.75</ele></trkpt>
   <trkpt lon="-1.733814" lat="42.758464"><ele>517.75</ele></trkpt>
   <trkpt lon="-1.737632" lat="42.756513"><ele>517.25</ele></trkpt>
   <trkpt lon="-1.737713" lat="42.756472"><ele>517.25</ele></trkpt>
   <trkpt lon="-1.737778" lat="42.756435"><ele>517.5</ele></trkpt>
   <trkpt lon="-1.738281" lat="42.756182"><ele>517.75</ele></trkpt>
   <trkpt lon="-1.738436" lat="42.756103"><ele>518.0</ele></trkpt>
   <trkpt lon="-1.738750" lat="42.755942"><ele>518.5</ele></trkpt>
   <trkpt lon="-1.739734" lat="42.755452"><ele>520.25</ele></trkpt>
   <trkpt lon="-1.740574" lat="42.755018"><ele>524.0</ele></trkpt>
   <trkpt lon="-1.740837" lat="42.754869"><ele>524.75</ele></trkpt>
   <trkpt lon="-1.740936" lat="42.754787"><ele>524.5</ele></trkpt>
   <trkpt lon="-1.741062" lat="42.754660"><ele>524.0</ele></trkpt>
   <trkpt lon="-1.741144" lat="42.754567"><ele>523.75</ele></trkpt>
   <trkpt lon="-1.741339" lat="42.754318"><ele>522.5</ele></trkpt>
   <trkpt lon="-1.741947" lat="42.753538"><ele>521.25</ele></trkpt>
   <trkpt lon="-1.743487" lat="42.751565"><ele>515.5</ele></trkpt>
   <trkpt lon="-1.743703" lat="42.751352"><ele>516.75</ele></trkpt>
   <trkpt lon="-1.743820" lat="42.751247"><ele>517.25</ele></trkpt>
   <trkpt lon="-1.744042" lat="42.751087"><ele>518.5</ele></trkpt>
   <trkpt lon="-1.744431" lat="42.750865"><ele>521.5</ele></trkpt>
   <trkpt lon="-1.744780" lat="42.750727"><ele>523.25</ele></trkpt>
   <trkpt lon="-1.745154" lat="42.750629"><ele>526.5</ele></trkpt>
   <trkpt lon="-1.745457" lat="42.750578"><ele>529.25</ele></trkpt>
   <trkpt lon="-1.746210" lat="42.750469"><ele>535.5</ele></trkpt>
   <trkpt lon="-1.746576" lat="42.750388"><ele>537.25</ele></trkpt>
   <trkpt lon="-1.747000" lat="42.750237"><ele>540.0</ele></trkpt>
   <trkpt lon="-1.747541" lat="42.749972"><ele>543.25</ele></trkpt>
   <trkpt lon="-1.747901" lat="42.749773"><ele>544.0</ele></trkpt>
   <trkpt lon="-1.748117" lat="42.749641"><ele>544.75</ele></trkpt>
   <trkpt lon="-1.748287" lat="42.749509"><ele>544.75</ele></trkpt>
   <trkpt lon="-1.748419" lat="42.749395"><ele>545.5</ele></trkpt>
   <trkpt lon="-1.748593" lat="42.749184"><ele>546.0</ele></trkpt>
   <trkpt lon="-1.748735" lat="42.748933"><ele>546.5</ele></trkpt>
   <trkpt lon="-1.748985" lat="42.748348"><ele>548.75</ele></trkpt>
   <trkpt lon="-1.749087" lat="42.748171"><ele>550.25</ele></trkpt>
   <trkpt lon="-1.749258" lat="42.747962"><ele>552.0</ele></trkpt>
   <trkpt lon="-1.749445" lat="42.747818"><ele>553.25</ele></trkpt>
   <trkpt lon="-1.749656" lat="42.747684"><ele>554.0</ele></trkpt>
   <trkpt lon="-1.749864" lat="42.747589"><ele>555.0</ele></trkpt>
   <trkpt lon="-1.750076" lat="42.747522"><ele>556.75</ele></trkpt>
   <trkpt lon="-1.750475" lat="42.747460"><ele>558.75</ele></trkpt>
   <trkpt lon="-1.750898" lat="42.747450"><ele>561.75</ele></trkpt>
   <trkpt lon="-1.751737" lat="42.747515"><ele>564.25</ele></trkpt>
   <trkpt lon="-1.752043" lat="42.747582"><ele>565.25</ele></trkpt>
   <trkpt lon="-1.752802" lat="42.747818"><ele>568.75</ele></trkpt>
   <trkpt lon="-1.753291" lat="42.747960"><ele>573.5</ele></trkpt>
   <trkpt lon="-1.753568" lat="42.748017"><ele>575.25</ele></trkpt>
   <trkpt lon="-1.753910" lat="42.748039"><ele>576.5</ele></trkpt>
   <trkpt lon="-1.754118" lat="42.748045"><ele>577.75</ele></trkpt>
   <trkpt lon="-1.754402" lat="42.748024"><ele>578.5</ele></trkpt>
   <trkpt lon="-1.754681" lat="42.747984"><ele>579.5</ele></trkpt>
   <trkpt lon="-1.754921" lat="42.747930"><ele>580.0</ele></trkpt>
   <trkpt lon="-1.755161" lat="42.747849"><ele>580.5</ele></trkpt>
   <trkpt lon="-1.755571" lat="42.747663"><ele>583.0</ele></trkpt>
   <trkpt lon="-1.755887" lat="42.747451"><ele>584.0</ele></trkpt>
   <trkpt lon="-1.756322" lat="42.747099"><ele>586.25</ele></trkpt>
   <trkpt lon="-1.756628" lat="42.746817"><ele>588.5</ele></trkpt>
   <trkpt lon="-1.756851" lat="42.746498"><ele>592.0</ele></trkpt>
   <trkpt lon="-1.756938" lat="42.746240"><ele>593.5</ele></trkpt>
   <trkpt lon="-1.757032" lat="42.745649"><ele>599.0</ele></trkpt>
   <trkpt lon="-1.757064" lat="42.745483"><ele>600.75</ele></trkpt>
   <trkpt lon="-1.757139" lat="42.745267"><ele>602.5</ele></trkpt>
   <trkpt lon="-1.757197" lat="42.745153"><ele>603.5</ele></trkpt>
   <trkpt lon="-1.757256" lat="42.745067"><ele>603.75</ele></trkpt>
   <trkpt lon="-1.757403" lat="42.744888"><ele>605.25</ele></trkpt>
   <trkpt lon="-1.757663" lat="42.744668"><ele>609.5</ele></trkpt>
   <trkpt lon="-1.757891" lat="42.744528"><ele>611.0</ele></trkpt>
   <trkpt lon="-1.758193" lat="42.744329"><ele>613.75</ele></trkpt>
   <trkpt lon="-1.758395" lat="42.744168"><ele>615.75</ele></trkpt>
   <trkpt lon="-1.759067" lat="42.743501"><ele>623.25</ele></trkpt>
   <trkpt lon="-1.759299" lat="42.743321"><ele>626.0</ele></trkpt>
   <trkpt lon="-1.759659" lat="42.743132"><ele>628.0</ele></trkpt>
   <trkpt lon="-1.759839" lat="42.743064"><ele>630.0</ele></trkpt>
   <trkpt lon="-1.760011" lat="42.743010"><ele>631.75</ele></trkpt>
   <trkpt lon="-1.760213" lat="42.742965"><ele>632.5</ele></trkpt>
   <trkpt lon="-1.760416" lat="42.742938"><ele>633.5</ele></trkpt>
   <trkpt lon="-1.761717" lat="42.742851"><ele>640.0</ele></trkpt>
   <trkpt lon="-1.761938" lat="42.742818"><ele>643.0</ele></trkpt>
   <trkpt lon="-1.763020" lat="42.742584"><ele>648.75</ele></trkpt>
   <trkpt lon="-1.763425" lat="42.742478"><ele>653.75</ele></trkpt>
   <trkpt lon="-1.763652" lat="42.742396"><ele>655.5</ele></trkpt>
   <trkpt lon="-1.763866" lat="42.742284"><ele>656.0</ele></trkpt>
   <trkpt lon="-1.764120" lat="42.742126"><ele>659.0</ele></trkpt>
   <trkpt lon="-1.764339" lat="42.741973"><ele>660.0</ele></trkpt>
   <trkpt lon="-1.764634" lat="42.741750"><ele>663.0</ele></trkpt>
   <trkpt lon="-1.764987" lat="42.741442"><ele>667.75</ele></trkpt>
   <trkpt lon="-1.765178" lat="42.741147"><ele>671.0</ele></trkpt>
   <trkpt lon="-1.765241" lat="42.740934"><ele>672.0</ele></trkpt>
   <trkpt lon="-1.765245" lat="42.740723"><ele>673.0</ele></trkpt>
   <trkpt lon="-1.765220" lat="42.740411"><ele>674.0</ele></trkpt>
   <trkpt lon="-1.765145" lat="42.740045"><ele>675.5</ele></trkpt>
   <trkpt lon="-1.764996" lat="42.739135"><ele>667.75</ele></trkpt>
   <trkpt lon="-1.764880" lat="42.738562"><ele>664.0</ele></trkpt>
   <trkpt lon="-1.764808" lat="42.738279"><ele>662.25</ele></trkpt>
   <trkpt lon="-1.764683" lat="42.738000"><ele>658.5</ele></trkpt>
   <trkpt lon="-1.764409" lat="42.737606"><ele>654.75</ele></trkpt>
   <trkpt lon="-1.764040" lat="42.737050"><ele>650.25</ele></trkpt>
   <trkpt lon="-1.763866" lat="42.736604"><ele>644.0</ele></trkpt>
   <trkpt lon="-1.763647" lat="42.735848"><ele>638.75</ele></trkpt>
   <trkpt lon="-1.763441" lat="42.735007"><ele>633.0</ele></trkpt>
   <trkpt lon="-1.763364" lat="42.734600"><ele>627.75</ele></trkpt>
   <trkpt lon="-1.763416" lat="42.733750"><ele>618.75</ele></trkpt>
   <trkpt lon="-1.763441" lat="42.733079"><ele>611.75</ele></trkpt>
   <trkpt lon="-1.763518" lat="42.732701"><ele>608.0</ele></trkpt>
   <trkpt lon="-1.763660" lat="42.732295"><ele>603.25</ele></trkpt>
   <trkpt lon="-1.763892" lat="42.731888"><ele>599.25</ele></trkpt>
   <trkpt lon="-1.764175" lat="42.731501"><ele>594.5</ele></trkpt>
   <trkpt lon="-1.764972" lat="42.730811"><ele>586.5</ele></trkpt>
   <trkpt lon="-1.765281" lat="42.730518"><ele>583.5</ele></trkpt>
   <trkpt lon="-1.765431" lat="42.730351"><ele>580.75</ele></trkpt>
   <trkpt lon="-1.765577" lat="42.730159"><ele>578.75</ele></trkpt>
   <trkpt lon="-1.765860" lat="42.729828"><ele>576.25</ele></trkpt>
   <trkpt lon="-1.766040" lat="42.729460"><ele>573.0</ele></trkpt>
   <trkpt lon="-1.766159" lat="42.729079"><ele>570.5</ele></trkpt>
   <trkpt lon="-1.766232" lat="42.728606"><ele>567.5</ele></trkpt>
   <trkpt lon="-1.766253" lat="42.727613"><ele>558.75</ele></trkpt>
   <trkpt lon="-1.766341" lat="42.727061"><ele>554.75</ele></trkpt>
   <trkpt lon="-1.766431" lat="42.726770"><ele>552.5</ele></trkpt>
   <trkpt lon="-1.766465" lat="42.726717"><ele>552.0</ele></trkpt>
   <trkpt lon="-1.766670" lat="42.726398"><ele>549.75</ele></trkpt>
   <trkpt lon="-1.766862" lat="42.726073"><ele>547.75</ele></trkpt>
   <trkpt lon="-1.767211" lat="42.725481"><ele>542.25</ele></trkpt>
   <trkpt lon="-1.767352" lat="42.725151"><ele>539.0</ele></trkpt>
   <trkpt lon="-1.767399" lat="42.724997"><ele>538.0</ele></trkpt>
   <trkpt lon="-1.767481" lat="42.724725"><ele>536.0</ele></trkpt>
   <trkpt lon="-1.768639" lat="42.720576"><ele>503.75</ele></trkpt>
   <trkpt lon="-1.768741" lat="42.720189"><ele>502.0</ele></trkpt>
   <trkpt lon="-1.768844" lat="42.719839"><ele>500.25</ele></trkpt>
   <trkpt lon="-1.768896" lat="42.719688"><ele>499.75</ele></trkpt>
   <trkpt lon="-1.768986" lat="42.719553"><ele>499.5</ele></trkpt>
   <trkpt lon="-1.769211" lat="42.719317"><ele>499.5</ele></trkpt>
   <trkpt lon="-1.769359" lat="42.719092"><ele>499.75</ele></trkpt>
   <trkpt lon="-1.769440" lat="42.718911"><ele>497.25</ele></trkpt>
   <trkpt lon="-1.769462" lat="42.718673"><ele>504.75</ele></trkpt>
   <trkpt lon="-1.769457" lat="42.718112"><ele>500.25</ele></trkpt>
   <trkpt lon="-1.769443" lat="42.717823"><ele>495.25</ele></trkpt>
   <trkpt lon="-1.769477" lat="42.717639"><ele>494.5</ele></trkpt>
   <trkpt lon="-1.769664" lat="42.716952"><ele>494.5</ele></trkpt>
   <trkpt lon="-1.769731" lat="42.716550"><ele>495.5</ele></trkpt>
   <trkpt lon="-1.769758" lat="42.716200"><ele>496.5</ele></trkpt>
   <trkpt lon="-1.769745" lat="42.715832"><ele>496.5</ele></trkpt>
   <trkpt lon="-1.769758" lat="42.715454"><ele>495.75</ele></trkpt>
   <trkpt lon="-1.769835" lat="42.715132"><ele>496.25</ele></trkpt>
   <trkpt lon="-1.769964" lat="42.714754"><ele>493.0</ele></trkpt>
   <trkpt lon="-1.770169" lat="42.714442"><ele>491.25</ele></trkpt>
   <trkpt lon="-1.770340" lat="42.714274"><ele>490.0</ele></trkpt>
   <trkpt lon="-1.771080" lat="42.713548"><ele>484.0</ele></trkpt>
   <trkpt lon="-1.771365" lat="42.713268"><ele>482.0</ele></trkpt>
   <trkpt lon="-1.771409" lat="42.713225"><ele>481.75</ele></trkpt>
   <trkpt lon="-1.771522" lat="42.713113"><ele>480.75</ele></trkpt>
   <trkpt lon="-1.772738" lat="42.711920"><ele>469.75</ele></trkpt>
   <trkpt lon="-1.773407" lat="42.711262"><ele>464.5</ele></trkpt>
   <trkpt lon="-1.773465" lat="42.711205"><ele>464.25</ele></trkpt>
   <trkpt lon="-1.774313" lat="42.710373"><ele>455.25</ele></trkpt>
   <trkpt lon="-1.775355" lat="42.709350"><ele>449.25</ele></trkpt>
   <trkpt lon="-1.776326" lat="42.708396"><ele>444.75</ele></trkpt>
   <trkpt lon="-1.777520" lat="42.707220"><ele>440.0</ele></trkpt>
   <trkpt lon="-1.785118" lat="42.699714"><ele>415.75</ele></trkpt>
   <trkpt lon="-1.787533" lat="42.697337"><ele>411.75</ele></trkpt>
   <trkpt lon="-1.789814" lat="42.694892"><ele>400.0</ele></trkpt>
   <trkpt lon="-1.790058" lat="42.694646"><ele>398.25</ele></trkpt>
   <trkpt lon="-1.790212" lat="42.694419"><ele>397.0</ele></trkpt>
   <trkpt lon="-1.790302" lat="42.694221"><ele>396.75</ele></trkpt>
   <trkpt lon="-1.790315" lat="42.694070"><ele>396.5</ele></trkpt>
   <trkpt lon="-1.790367" lat="42.693956"><ele>396.0</ele></trkpt>
   <trkpt lon="-1.790515" lat="42.693899"><ele>396.0</ele></trkpt>
   <trkpt lon="-1.790549" lat="42.693954"><ele>396.0</ele></trkpt>
   <trkpt lon="-1.790602" lat="42.693999"><ele>396.0</ele></trkpt>
   <trkpt lon="-1.790666" lat="42.694032"><ele>396.0</ele></trkpt>
   <trkpt lon="-1.790740" lat="42.694051"><ele>396.25</ele></trkpt>
   <trkpt lon="-1.790818" lat="42.694055"><ele>396.25</ele></trkpt>
   <trkpt lon="-1.790885" lat="42.694047"><ele>396.25</ele></trkpt>
   <trkpt lon="-1.790948" lat="42.694028"><ele>396.25</ele></trkpt>
   <trkpt lon="-1.791020" lat="42.693988"><ele>396.0</ele></trkpt>
   <trkpt lon="-1.791073" lat="42.693933"><ele>396.0</ele></trkpt>
   <trkpt lon="-1.791101" lat="42.693869"><ele>395.75</ele></trkpt>
   <trkpt lon="-1.791101" lat="42.693802"><ele>395.5</ele></trkpt>
   <trkpt lon="-1.791075" lat="42.693738"><ele>395.5</ele></trkpt>
   <trkpt lon="-1.791023" lat="42.693683"><ele>395.25</ele></trkpt>
   <trkpt lon="-1.790952" lat="42.693641"><ele>395.0</ele></trkpt>
   <trkpt lon="-1.791174" lat="42.693389"><ele>395.0</ele></trkpt>
   <trkpt lon="-1.792254" lat="42.692206"><ele>392.75</ele></trkpt>
   <trkpt lon="-1.792470" lat="42.691972"><ele>392.0</ele></trkpt>
   <trkpt lon="-1.797181" lat="42.686840"><ele>382.0</ele></trkpt>
   <trkpt lon="-1.801746" lat="42.681894"><ele>366.75</ele></trkpt>
   <trkpt lon="-1.801969" lat="42.681650"><ele>365.75</ele></trkpt>
   <trkpt lon="-1.802523" lat="42.680999"><ele>364.0</ele></trkpt>
   <trkpt lon="-1.803504" lat="42.679968"><ele>361.75</ele></trkpt>
   <trkpt lon="-1.803983" lat="42.679431"><ele>360.0</ele></trkpt>
   <trkpt lon="-1.804677" lat="42.678716"><ele>359.0</ele></trkpt>
   <trkpt lon="-1.804926" lat="42.678460"><ele>359.0</ele></trkpt>
   <trkpt lon="-1.805217" lat="42.678129"><ele>358.5</ele></trkpt>
   <trkpt lon="-1.805545" lat="42.677787"><ele>358.0</ele></trkpt>
   <trkpt lon="-1.805914" lat="42.677392"><ele>358.5</ele></trkpt>
   <trkpt lon="-1.806284" lat="42.676998"><ele>357.0</ele></trkpt>
   <trkpt lon="-1.806383" lat="42.676891"><ele>356.75</ele></trkpt>
   <trkpt lon="-1.806508" lat="42.676748"><ele>356.5</ele></trkpt>
   <trkpt lon="-1.806591" lat="42.676660"><ele>355.75</ele></trkpt>
   <trkpt lon="-1.807232" lat="42.675952"><ele>354.25</ele></trkpt>
   <trkpt lon="-1.807360" lat="42.675801"><ele>353.75</ele></trkpt>
   <trkpt lon="-1.807772" lat="42.675451"><ele>352.75</ele></trkpt>
   <trkpt lon="-1.807921" lat="42.675354"><ele>352.5</ele></trkpt>
   <trkpt lon="-1.808090" lat="42.675228"><ele>352.75</ele></trkpt>
   <trkpt lon="-1.808984" lat="42.674612"><ele>351.5</ele></trkpt>
   <trkpt lon="-1.809078" lat="42.674545"><ele>351.75</ele></trkpt>
   <trkpt lon="-1.809166" lat="42.674482"><ele>351.75</ele></trkpt>
   <trkpt lon="-1.809793" lat="42.674038"><ele>352.0</ele></trkpt>
   <trkpt lon="-1.810090" lat="42.673847"><ele>352.25</ele></trkpt>
   <trkpt lon="-1.810247" lat="42.673775"><ele>352.75</ele></trkpt>
   <trkpt lon="-1.810331" lat="42.673747"><ele>353.0</ele></trkpt>
   <trkpt lon="-1.810495" lat="42.673711"><ele>353.0</ele></trkpt>
   <trkpt lon="-1.812055" lat="42.673465"><ele>349.0</ele></trkpt>
   <trkpt lon="-1.812728" lat="42.673355"><ele>348.75</ele></trkpt>
   <trkpt lon="-1.812833" lat="42.673325"><ele>348.75</ele></trkpt>
   <trkpt lon="-1.812908" lat="42.673280"><ele>348.25</ele></trkpt>
   <trkpt lon="-1.812957" lat="42.673215"><ele>348.0</ele></trkpt>
   <trkpt lon="-1.812971" lat="42.673152"><ele>347.75</ele></trkpt>
   <trkpt lon="-1.812972" lat="42.673084"><ele>347.75</ele></trkpt>
   <trkpt lon="-1.812962" lat="42.673000"><ele>347.5</ele></trkpt>
   <trkpt lon="-1.812812" lat="42.672452"><ele>347.0</ele></trkpt>
   <trkpt lon="-1.812856" lat="42.672443"><ele>347.0</ele></trkpt>
   <trkpt lon="-1.813197" lat="42.672370"><ele>346.75</ele></trkpt>
   <trkpt lon="-1.813580" lat="42.672293"><ele>346.0</ele></trkpt>
   <trkpt lon="-1.813887" lat="42.672233"><ele>346.0</ele></trkpt>
   <trkpt lon="-1.814482" lat="42.672132"><ele>345.75</ele></trkpt>
   <trkpt lon="-1.814521" lat="42.672125"><ele>345.75</ele></trkpt>
   <trkpt lon="-1.815444" lat="42.671963"><ele>345.0</ele></trkpt>
   <trkpt lon="-1.815566" lat="42.671936"><ele>344.75</ele></trkpt>
   <trkpt lon="-1.815681" lat="42.671913"><ele>344.75</ele></trkpt>
   <trkpt lon="-1.815700" lat="42.671910"><ele>344.75</ele></trkpt>
   <trkpt lon="-1.815927" lat="42.671863"><ele>344.5</ele></trkpt>
   <trkpt lon="-1.816531" lat="42.671731"><ele>344.0</ele></trkpt>
   <trkpt lon="-1.817983" lat="42.671484"><ele>343.0</ele></trkpt>
   <trkpt lon="-1.818052" lat="42.671451"><ele>343.0</ele></trkpt>
   <trkpt lon="-1.818225" lat="42.671370"><ele>339.0</ele></trkpt>
   <trkpt lon="-1.819365" lat="42.670874"><ele>341.75</ele></trkpt>
   <trkpt lon="-1.819410" lat="42.670845"><ele>343.0</ele></trkpt>
   <trkpt lon="-1.819468" lat="42.670808"><ele>344.25</ele></trkpt>
   <trkpt lon="-1.819348" lat="42.670618"><ele>342.5</ele></trkpt>
   <trkpt lon="-1.819311" lat="42.670523"><ele>342.75</ele></trkpt>
   <trkpt lon="-1.819264" lat="42.670260"><ele>344.0</ele></trkpt>
   <trkpt lon="-1.819268" lat="42.670122"><ele>344.25</ele></trkpt>
   <trkpt lon="-1.819256" lat="42.669940"><ele>344.0</ele></trkpt>
   <trkpt lon="-1.819272" lat="42.669856"><ele>343.75</ele></trkpt>
   <trkpt lon="-1.819299" lat="42.669796"><ele>343.75</ele></trkpt>
   <trkpt lon="-1.819383" lat="42.669712"><ele>343.5</ele></trkpt>
   <trkpt lon="-1.819428" lat="42.669673"><ele>343.5</ele></trkpt>
   <trkpt lon="-1.819580" lat="42.669582"><ele>344.75</ele></trkpt>
   <trkpt lon="-1.821755" lat="42.668829"><ele>344.5</ele></trkpt>
   <trkpt lon="-1.821871" lat="42.668789"><ele>345.25</ele></trkpt>
   <trkpt lon="-1.822498" lat="42.668586"><ele>344.75</ele></trkpt>
   <trkpt lon="-1.822773" lat="42.668478"><ele>344.5</ele></trkpt>
   <trkpt lon="-1.823433" lat="42.668287"><ele>344.5</ele></trkpt>
   <trkpt lon="-1.823747" lat="42.668224"><ele>344.5</ele></trkpt>
   <trkpt lon="-1.823897" lat="42.668189"><ele>344.5</ele></trkpt>
   <trkpt lon="-1.824099" lat="42.668151"><ele>345.25</ele></trkpt>
   <trkpt lon="-1.824483" lat="42.668101"><ele>345.75</ele></trkpt>
   <trkpt lon="-1.824793" lat="42.668064"><ele>345.75</ele></trkpt>
   <trkpt lon="-1.825562" lat="42.667992"><ele>346.0</ele></trkpt>
   <trkpt lon="-1.826251" lat="42.667910"><ele>346.5</ele></trkpt>
   <trkpt lon="-1.826432" lat="42.667925"><ele>348.25</ele></trkpt>
   <trkpt lon="-1.826520" lat="42.667941"><ele>349.0</ele></trkpt>
   <trkpt lon="-1.826596" lat="42.667962"><ele>349.5</ele></trkpt>
   <trkpt lon="-1.826650" lat="42.668008"><ele>350.0</ele></trkpt>
   <trkpt lon="-1.826717" lat="42.668044"><ele>350.0</ele></trkpt>
   <trkpt lon="-1.826794" lat="42.668067"><ele>350.75</ele></trkpt>
   <trkpt lon="-1.826877" lat="42.668075"><ele>351.25</ele></trkpt>
   <trkpt lon="-1.826959" lat="42.668069"><ele>351.25</ele></trkpt>
   <trkpt lon="-1.827047" lat="42.668045"><ele>351.0</ele></trkpt>
   <trkpt lon="-1.827123" lat="42.668004"><ele>351.25</ele></trkpt>
   <trkpt lon="-1.827181" lat="42.667950"><ele>351.25</ele></trkpt>
   <trkpt lon="-1.827220" lat="42.667877"><ele>351.5</ele></trkpt>
   <trkpt lon="-1.827313" lat="42.667900"><ele>351.0</ele></trkpt>
   <trkpt lon="-1.827386" lat="42.667932"><ele>350.75</ele></trkpt>
   <trkpt lon="-1.827445" lat="42.667970"><ele>350.75</ele></trkpt>
   <trkpt lon="-1.827471" lat="42.668010"><ele>350.75</ele></trkpt>
   <trkpt lon="-1.827536" lat="42.668160"><ele>350.75</ele></trkpt>
   <trkpt lon="-1.827712" lat="42.668430"><ele>351.0</ele></trkpt>
   <trkpt lon="-1.827799" lat="42.668507"><ele>351.0</ele></trkpt>
   <trkpt lon="-1.827877" lat="42.668545"><ele>351.25</ele></trkpt>
   <trkpt lon="-1.827985" lat="42.668587"><ele>351.75</ele></trkpt>
   <trkpt lon="-1.828040" lat="42.668635"><ele>352.0</ele></trkpt>
   <trkpt lon="-1.828112" lat="42.668786"><ele>352.25</ele></trkpt>
   <trkpt lon="-1.828151" lat="42.669059"><ele>353.0</ele></trkpt>
   <trkpt lon="-1.828252" lat="42.669359"><ele>354.75</ele></trkpt>
   <trkpt lon="-1.828343" lat="42.669527"><ele>354.75</ele></trkpt>
   <trkpt lon="-1.828492" lat="42.669720"><ele>356.25</ele></trkpt>
   <trkpt lon="-1.828676" lat="42.669896"><ele>358.0</ele></trkpt>
   <trkpt lon="-1.828785" lat="42.669974"><ele>358.75</ele></trkpt>
   <trkpt lon="-1.829037" lat="42.670146"><ele>361.25</ele></trkpt>
   <trkpt lon="-1.829228" lat="42.670263"><ele>362.0</ele></trkpt>
   <trkpt lon="-1.829365" lat="42.670339"><ele>362.5</ele></trkpt>
   <trkpt lon="-1.829494" lat="42.670391"><ele>363.25</ele></trkpt>
   <trkpt lon="-1.829611" lat="42.670407"><ele>363.5</ele></trkpt>
   <trkpt lon="-1.829795" lat="42.670395"><ele>364.25</ele></trkpt>
   <trkpt lon="-1.829948" lat="42.670331"><ele>365.0</ele></trkpt>
   <trkpt lon="-1.830039" lat="42.670255"><ele>366.0</ele></trkpt>
   <trkpt lon="-1.830086" lat="42.670186"><ele>366.75</ele></trkpt>
   <trkpt lon="-1.830149" lat="42.669933"><ele>369.75</ele></trkpt>
   <trkpt lon="-1.830211" lat="42.669738"><ele>371.5</ele></trkpt>
   <trkpt lon="-1.830349" lat="42.669453"><ele>373.75</ele></trkpt>
   <trkpt lon="-1.830477" lat="42.669269"><ele>375.5</ele></trkpt>
   <trkpt lon="-1.830663" lat="42.669055"><ele>378.0</ele></trkpt>
   <trkpt lon="-1.830865" lat="42.668870"><ele>380.25</ele></trkpt>
   <trkpt lon="-1.831310" lat="42.668539"><ele>384.25</ele></trkpt>
   <trkpt lon="-1.832021" lat="42.668100"><ele>387.5</ele></trkpt>
   <trkpt lon="-1.832528" lat="42.667842"><ele>389.5</ele></trkpt>
   <trkpt lon="-1.832896" lat="42.667664"><ele>389.0</ele></trkpt>
   <trkpt lon="-1.833306" lat="42.667499"><ele>390.75</ele></trkpt>
   <trkpt lon="-1.833948" lat="42.667264"><ele>392.0</ele></trkpt>
   <trkpt lon="-1.834723" lat="42.667029"><ele>394.5</ele></trkpt>
   <trkpt lon="-1.835095" lat="42.666953"><ele>394.75</ele></trkpt>
   <trkpt lon="-1.836155" lat="42.666802"><ele>399.0</ele></trkpt>
   <trkpt lon="-1.836387" lat="42.666801"><ele>400.25</ele></trkpt>
   <trkpt lon="-1.836583" lat="42.666814"><ele>402.0</ele></trkpt>
   <trkpt lon="-1.836754" lat="42.666843"><ele>403.25</ele></trkpt>
   <trkpt lon="-1.837036" lat="42.666932"><ele>405.0</ele></trkpt>
   <trkpt lon="-1.839152" lat="42.668297"><ele>417.5</ele></trkpt>
   <trkpt lon="-1.839635" lat="42.668594"><ele>421.75</ele></trkpt>
   <trkpt lon="-1.839834" lat="42.668669"><ele>422.25</ele></trkpt>
   <trkpt lon="-1.840033" lat="42.668690"><ele>423.0</ele></trkpt>
   <trkpt lon="-1.840135" lat="42.668686"><ele>423.25</ele></trkpt>
   <trkpt lon="-1.840249" lat="42.668669"><ele>423.5</ele></trkpt>
   <trkpt lon="-1.840401" lat="42.668607"><ele>424.25</ele></trkpt>
   <trkpt lon="-1.840515" lat="42.668545"><ele>425.0</ele></trkpt>
   <trkpt lon="-1.840682" lat="42.668411"><ele>426.5</ele></trkpt>
   <trkpt lon="-1.840898" lat="42.668119"><ele>429.25</ele></trkpt>
   <trkpt lon="-1.841132" lat="42.667823"><ele>432.5</ele></trkpt>
   <trkpt lon="-1.841218" lat="42.667724"><ele>433.5</ele></trkpt>
   <trkpt lon="-1.841302" lat="42.667662"><ele>434.0</ele></trkpt>
   <trkpt lon="-1.841378" lat="42.667628"><ele>434.5</ele></trkpt>
   <trkpt lon="-1.841543" lat="42.667591"><ele>435.0</ele></trkpt>
   <trkpt lon="-1.842270" lat="42.667562"><ele>440.0</ele></trkpt>
   <trkpt lon="-1.842953" lat="42.667545"><ele>443.0</ele></trkpt>
   <trkpt lon="-1.843159" lat="42.667570"><ele>444.25</ele></trkpt>
   <trkpt lon="-1.843479" lat="42.667642"><ele>445.0</ele></trkpt>
   <trkpt lon="-1.843892" lat="42.667739"><ele>445.0</ele></trkpt>
   <trkpt lon="-1.844284" lat="42.667854"><ele>448.5</ele></trkpt>
   <trkpt lon="-1.844528" lat="42.667967"><ele>449.25</ele></trkpt>
   <trkpt lon="-1.844860" lat="42.668156"><ele>451.25</ele></trkpt>
   <trkpt lon="-1.845061" lat="42.668315"><ele>451.75</ele></trkpt>
   <trkpt lon="-1.845560" lat="42.668817"><ele>454.25</ele></trkpt>
   <trkpt lon="-1.845697" lat="42.668927"><ele>455.75</ele></trkpt>
   <trkpt lon="-1.845886" lat="42.669035"><ele>457.25</ele></trkpt>
   <trkpt lon="-1.846108" lat="42.669064"><ele>456.75</ele></trkpt>
   <trkpt lon="-1.846321" lat="42.669038"><ele>457.0</ele></trkpt>
   <trkpt lon="-1.846550" lat="42.668939"><ele>459.5</ele></trkpt>
   <trkpt lon="-1.846714" lat="42.668812"><ele>461.5</ele></trkpt>
   <trkpt lon="-1.847190" lat="42.668212"><ele>467.25</ele></trkpt>
   <trkpt lon="-1.847363" lat="42.668013"><ele>469.75</ele></trkpt>
   <trkpt lon="-1.847511" lat="42.667879"><ele>471.75</ele></trkpt>
   <trkpt lon="-1.847733" lat="42.667765"><ele>472.25</ele></trkpt>
   <trkpt lon="-1.847859" lat="42.667710"><ele>472.5</ele></trkpt>
   <trkpt lon="-1.848051" lat="42.667670"><ele>474.5</ele></trkpt>
   <trkpt lon="-1.848203" lat="42.667659"><ele>475.25</ele></trkpt>
   <trkpt lon="-1.848366" lat="42.667667"><ele>476.25</ele></trkpt>
   <trkpt lon="-1.848592" lat="42.667712"><ele>476.75</ele></trkpt>
   <trkpt lon="-1.849597" lat="42.668048"><ele>485.5</ele></trkpt>
   <trkpt lon="-1.850502" lat="42.668255"><ele>490.75</ele></trkpt>
   <trkpt lon="-1.850724" lat="42.668296"><ele>493.0</ele></trkpt>
   <trkpt lon="-1.850952" lat="42.668303"><ele>494.0</ele></trkpt>
   <trkpt lon="-1.851126" lat="42.668297"><ele>494.25</ele></trkpt>
   <trkpt lon="-1.851317" lat="42.668281"><ele>494.0</ele></trkpt>
   <trkpt lon="-1.851474" lat="42.668247"><ele>494.0</ele></trkpt>
   <trkpt lon="-1.852461" lat="42.668033"><ele>491.5</ele></trkpt>
   <trkpt lon="-1.852649" lat="42.668007"><ele>491.25</ele></trkpt>
   <trkpt lon="-1.852892" lat="42.667984"><ele>490.75</ele></trkpt>
   <trkpt lon="-1.853116" lat="42.667973"><ele>490.25</ele></trkpt>
   <trkpt lon="-1.853412" lat="42.667973"><ele>488.0</ele></trkpt>
   <trkpt lon="-1.853642" lat="42.667993"><ele>487.0</ele></trkpt>
   <trkpt lon="-1.854038" lat="42.668075"><ele>490.0</ele></trkpt>
   <trkpt lon="-1.854245" lat="42.668135"><ele>491.0</ele></trkpt>
   <trkpt lon="-1.854608" lat="42.668301"><ele>489.0</ele></trkpt>
   <trkpt lon="-1.855334" lat="42.668668"><ele>490.25</ele></trkpt>
   <trkpt lon="-1.855506" lat="42.668711"><ele>489.0</ele></trkpt>
   <trkpt lon="-1.855654" lat="42.668724"><ele>487.75</ele></trkpt>
   <trkpt lon="-1.855891" lat="42.668710"><ele>486.0</ele></trkpt>
   <trkpt lon="-1.856955" lat="42.668581"><ele>478.0</ele></trkpt>
   <trkpt lon="-1.857376" lat="42.668535"><ele>478.0</ele></trkpt>
   <trkpt lon="-1.857554" lat="42.668529"><ele>477.5</ele></trkpt>
   <trkpt lon="-1.857702" lat="42.668532"><ele>476.5</ele></trkpt>
   <trkpt lon="-1.857827" lat="42.668559"><ele>475.75</ele></trkpt>
   <trkpt lon="-1.857945" lat="42.668600"><ele>475.25</ele></trkpt>
   <trkpt lon="-1.858094" lat="42.668665"><ele>475.25</ele></trkpt>
   <trkpt lon="-1.858241" lat="42.668755"><ele>474.75</ele></trkpt>
   <trkpt lon="-1.858382" lat="42.668839"><ele>473.5</ele></trkpt>
   <trkpt lon="-1.858675" lat="42.669044"><ele>472.25</ele></trkpt>
   <trkpt lon="-1.858642" lat="42.669103"><ele>472.0</ele></trkpt>
   <trkpt lon="-1.858636" lat="42.669167"><ele>472.0</ele></trkpt>
   <trkpt lon="-1.858655" lat="42.669229"><ele>472.75</ele></trkpt>
   <trkpt lon="-1.858699" lat="42.669284"><ele>473.25</ele></trkpt>
   <trkpt lon="-1.858764" lat="42.669327"><ele>472.75</ele></trkpt>
   <trkpt lon="-1.858838" lat="42.669353"><ele>472.0</ele></trkpt>
   <trkpt lon="-1.858919" lat="42.669362"><ele>471.25</ele></trkpt>
   <trkpt lon="-1.859001" lat="42.669353"><ele>471.0</ele></trkpt>
   <trkpt lon="-1.859076" lat="42.669328"><ele>471.0</ele></trkpt>
   <trkpt lon="-1.859138" lat="42.669288"><ele>471.0</ele></trkpt>
   <trkpt lon="-1.859166" lat="42.669260"><ele>471.0</ele></trkpt>
   <trkpt lon="-1.859187" lat="42.669228"><ele>470.75</ele></trkpt>
   <trkpt lon="-1.859370" lat="42.669230"><ele>469.5</ele></trkpt>
   <trkpt lon="-1.859693" lat="42.669255"><ele>467.0</ele></trkpt>
   <trkpt lon="-1.859808" lat="42.669263"><ele>466.25</ele></trkpt>
   <trkpt lon="-1.859933" lat="42.669264"><ele>465.5</ele></trkpt>
   <trkpt lon="-1.860102" lat="42.669258"><ele>464.25</ele></trkpt>
   <trkpt lon="-1.860334" lat="42.669228"><ele>462.25</ele></trkpt>
   <trkpt lon="-1.860445" lat="42.669208"><ele>461.25</ele></trkpt>
   <trkpt lon="-1.860722" lat="42.669159"><ele>458.75</ele></trkpt>
   <trkpt lon="-1.861064" lat="42.669151"><ele>456.25</ele></trkpt>
   <trkpt lon="-1.861139" lat="42.669156"><ele>455.75</ele></trkpt>
   <trkpt lon="-1.861242" lat="42.669160"><ele>455.0</ele></trkpt>
   <trkpt lon="-1.861356" lat="42.669164"><ele>454.0</ele></trkpt>
   <trkpt lon="-1.861524" lat="42.669167"><ele>453.5</ele></trkpt>
   <trkpt lon="-1.861588" lat="42.669154"><ele>453.25</ele></trkpt>
   <trkpt lon="-1.861840" lat="42.669053"><ele>451.25</ele></trkpt>
   <trkpt lon="-1.861887" lat="42.669021"><ele>450.75</ele></trkpt>
   <trkpt lon="-1.861929" lat="42.668938"><ele>450.25</ele></trkpt>
   <trkpt lon="-1.861960" lat="42.668938"><ele>450.0</ele></trkpt>
   <trkpt lon="-1.861995" lat="42.668938"><ele>450.0</ele></trkpt>
   <trkpt lon="-1.862116" lat="42.668938"><ele>450.0</ele></trkpt>
   <trkpt lon="-1.862160" lat="42.668937"><ele>450.0</ele></trkpt>
   <trkpt lon="-1.862441" lat="42.668928"><ele>449.25</ele></trkpt>
   <trkpt lon="-1.862515" lat="42.668922"><ele>449.25</ele></trkpt>
   <trkpt lon="-1.862564" lat="42.668893"><ele>449.25</ele></trkpt>
   <trkpt lon="-1.862645" lat="42.668891"><ele>449.5</ele></trkpt>
   <trkpt lon="-1.863106" lat="42.668927"><ele>450.0</ele></trkpt>
   <trkpt lon="-1.863347" lat="42.668919"><ele>449.0</ele></trkpt>
   <trkpt lon="-1.863376" lat="42.668913"><ele>449.0</ele></trkpt>
   <trkpt lon="-1.863409" lat="42.668893"><ele>449.0</ele></trkpt>
   <trkpt lon="-1.863749" lat="42.668952"><ele>449.75</ele></trkpt>
   <trkpt lon="-1.863811" lat="42.668821"><ele>449.25</ele></trkpt>
   <trkpt lon="-1.863871" lat="42.668703"><ele>449.25</ele></trkpt>
   <trkpt lon="-1.863943" lat="42.668714"><ele>449.25</ele></trkpt>
   <trkpt lon="-1.863994" lat="42.668714"><ele>449.25</ele></trkpt>
   <trkpt lon="-1.864063" lat="42.668703"><ele>449.25</ele></trkpt>
   <trkpt lon="-1.864637" lat="42.668716"><ele>450.0</ele></trkpt>
   <trkpt lon="-1.865018" lat="42.668722"><ele>449.5</ele></trkpt>
   <trkpt lon="-1.865431" lat="42.668758"><ele>450.0</ele></trkpt>
   <trkpt lon="-1.866448" lat="42.668898"><ele>453.25</ele></trkpt>
   <trkpt lon="-1.866972" lat="42.668957"><ele>455.75</ele></trkpt>
   <trkpt lon="-1.867398" lat="42.669018"><ele>458.0</ele></trkpt>
   <trkpt lon="-1.868020" lat="42.669160"><ele>457.0</ele></trkpt>
   <trkpt lon="-1.868255" lat="42.669254"><ele>456.0</ele></trkpt>
   <trkpt lon="-1.868646" lat="42.669357"><ele>453.75</ele></trkpt>
   <trkpt lon="-1.868990" lat="42.669421"><ele>453.5</ele></trkpt>
   <trkpt lon="-1.869103" lat="42.669427"><ele>453.75</ele></trkpt>
   <trkpt lon="-1.869390" lat="42.669416"><ele>455.25</ele></trkpt>
   <trkpt lon="-1.869461" lat="42.669418"><ele>455.75</ele></trkpt>
   <trkpt lon="-1.869563" lat="42.669430"><ele>456.25</ele></trkpt>
   <trkpt lon="-1.869639" lat="42.669420"><ele>456.25</ele></trkpt>
   <trkpt lon="-1.869759" lat="42.669369"><ele>456.0</ele></trkpt>
   <trkpt lon="-1.869927" lat="42.669336"><ele>455.75</ele></trkpt>
   <trkpt lon="-1.869973" lat="42.669329"><ele>455.75</ele></trkpt>
   <trkpt lon="-1.870090" lat="42.669342"><ele>455.5</ele></trkpt>
   <trkpt lon="-1.870249" lat="42.669380"><ele>455.25</ele></trkpt>
   <trkpt lon="-1.870386" lat="42.669424"><ele>454.75</ele></trkpt>
   <trkpt lon="-1.870716" lat="42.669550"><ele>455.0</ele></trkpt>
   <trkpt lon="-1.871091" lat="42.669675"><ele>453.5</ele></trkpt>
   <trkpt lon="-1.871328" lat="42.669767"><ele>453.0</ele></trkpt>
   <trkpt lon="-1.871416" lat="42.669814"><ele>453.0</ele></trkpt>
   <trkpt lon="-1.871566" lat="42.669944"><ele>453.25</ele></trkpt>
   <trkpt lon="-1.871644" lat="42.669979"><ele>453.0</ele></trkpt>
   <trkpt lon="-1.871748" lat="42.669995"><ele>452.75</ele></trkpt>
   <trkpt lon="-1.872032" lat="42.670045"><ele>453.25</ele></trkpt>
   <trkpt lon="-1.872240" lat="42.670089"><ele>453.5</ele></trkpt>
   <trkpt lon="-1.872668" lat="42.670199"><ele>454.25</ele></trkpt>
   <trkpt lon="-1.872919" lat="42.670238"><ele>454.0</ele></trkpt>
   <trkpt lon="-1.873029" lat="42.670262"><ele>453.75</ele></trkpt>
   <trkpt lon="-1.873128" lat="42.670297"><ele>453.5</ele></trkpt>
   <trkpt lon="-1.873178" lat="42.670331"><ele>453.25</ele></trkpt>
   <trkpt lon="-1.873297" lat="42.670441"><ele>453.25</ele></trkpt>
   <trkpt lon="-1.873356" lat="42.670478"><ele>453.25</ele></trkpt>
   <trkpt lon="-1.873494" lat="42.670534"><ele>452.5</ele></trkpt>
   <trkpt lon="-1.873565" lat="42.670554"><ele>452.25</ele></trkpt>
   <trkpt lon="-1.874060" lat="42.670636"><ele>451.0</ele></trkpt>
   <trkpt lon="-1.874666" lat="42.670815"><ele>447.5</ele></trkpt>
   <trkpt lon="-1.874869" lat="42.670854"><ele>446.5</ele></trkpt>
   <trkpt lon="-1.875614" lat="42.670942"><ele>444.75</ele></trkpt>
   <trkpt lon="-1.875760" lat="42.670962"><ele>444.75</ele></trkpt>
   <trkpt lon="-1.875872" lat="42.671005"><ele>445.0</ele></trkpt>
   <trkpt lon="-1.876571" lat="42.671205"><ele>445.0</ele></trkpt>
   <trkpt lon="-1.876726" lat="42.671233"><ele>445.25</ele></trkpt>
   <trkpt lon="-1.876866" lat="42.671229"><ele>445.5</ele></trkpt>
   <trkpt lon="-1.876920" lat="42.671222"><ele>445.5</ele></trkpt>
   <trkpt lon="-1.877060" lat="42.671191"><ele>445.75</ele></trkpt>
   <trkpt lon="-1.877293" lat="42.671127"><ele>446.5</ele></trkpt>
   <trkpt lon="-1.877737" lat="42.670985"><ele>445.75</ele></trkpt>
   <trkpt lon="-1.877873" lat="42.670956"><ele>445.0</ele></trkpt>
   <trkpt lon="-1.878063" lat="42.670938"><ele>444.5</ele></trkpt>
   <trkpt lon="-1.878310" lat="42.670961"><ele>443.5</ele></trkpt>
   <trkpt lon="-1.878692" lat="42.671034"><ele>441.0</ele></trkpt>
   <trkpt lon="-1.879336" lat="42.671129"><ele>437.5</ele></trkpt>
   <trkpt lon="-1.879541" lat="42.671175"><ele>437.25</ele></trkpt>
   <trkpt lon="-1.879687" lat="42.671237"><ele>437.75</ele></trkpt>
   <trkpt lon="-1.879960" lat="42.671383"><ele>438.25</ele></trkpt>
   <trkpt lon="-1.880186" lat="42.671523"><ele>439.25</ele></trkpt>
   <trkpt lon="-1.880471" lat="42.671720"><ele>440.5</ele></trkpt>
   <trkpt lon="-1.880615" lat="42.671784"><ele>440.75</ele></trkpt>
   <trkpt lon="-1.880655" lat="42.671793"><ele>440.75</ele></trkpt>
   <trkpt lon="-1.880939" lat="42.671931"><ele>441.5</ele></trkpt>
   <trkpt lon="-1.881056" lat="42.672009"><ele>441.25</ele></trkpt>
   <trkpt lon="-1.881248" lat="42.672196"><ele>441.75</ele></trkpt>
   <trkpt lon="-1.881432" lat="42.672359"><ele>442.75</ele></trkpt>
   <trkpt lon="-1.881653" lat="42.672528"><ele>443.0</ele></trkpt>
   <trkpt lon="-1.882326" lat="42.672996"><ele>446.0</ele></trkpt>
   <trkpt lon="-1.882618" lat="42.673253"><ele>447.5</ele></trkpt>
   <trkpt lon="-1.882760" lat="42.673358"><ele>448.0</ele></trkpt>
   <trkpt lon="-1.882858" lat="42.673445"><ele>448.75</ele></trkpt>
   <trkpt lon="-1.883031" lat="42.673641"><ele>450.25</ele></trkpt>
   <trkpt lon="-1.883240" lat="42.673853"><ele>451.5</ele></trkpt>
   <trkpt lon="-1.883380" lat="42.673962"><ele>453.25</ele></trkpt>
   <trkpt lon="-1.883493" lat="42.674034"><ele>454.5</ele></trkpt>
   <trkpt lon="-1.883610" lat="42.674097"><ele>454.25</ele></trkpt>
   <trkpt lon="-1.883704" lat="42.674143"><ele>454.0</ele></trkpt>
   <trkpt lon="-1.883803" lat="42.674181"><ele>454.25</ele></trkpt>
   <trkpt lon="-1.884630" lat="42.674428"><ele>458.75</ele></trkpt>
   <trkpt lon="-1.884738" lat="42.674475"><ele>459.75</ele></trkpt>
   <trkpt lon="-1.884947" lat="42.674602"><ele>462.75</ele></trkpt>
   <trkpt lon="-1.885141" lat="42.674701"><ele>464.0</ele></trkpt>
   <trkpt lon="-1.885376" lat="42.674800"><ele>465.5</ele></trkpt>
   <trkpt lon="-1.885491" lat="42.674839"><ele>465.5</ele></trkpt>
   <trkpt lon="-1.885567" lat="42.674857"><ele>465.5</ele></trkpt>
   <trkpt lon="-1.885657" lat="42.674848"><ele>465.5</ele></trkpt>
   <trkpt lon="-1.885722" lat="42.674862"><ele>465.75</ele></trkpt>
   <trkpt lon="-1.885970" lat="42.674934"><ele>466.5</ele></trkpt>
   <trkpt lon="-1.886804" lat="42.675106"><ele>468.25</ele></trkpt>
   <trkpt lon="-1.887500" lat="42.675261"><ele>468.0</ele></trkpt>
   <trkpt lon="-1.887727" lat="42.675297"><ele>467.75</ele></trkpt>
   <trkpt lon="-1.887948" lat="42.675375"><ele>467.75</ele></trkpt>
   <trkpt lon="-1.888382" lat="42.675557"><ele>466.75</ele></trkpt>
   <trkpt lon="-1.888455" lat="42.675582"><ele>467.0</ele></trkpt>
   <trkpt lon="-1.888600" lat="42.675596"><ele>467.0</ele></trkpt>
   <trkpt lon="-1.888684" lat="42.675593"><ele>467.0</ele></trkpt>
   <trkpt lon="-1.888904" lat="42.675623"><ele>467.25</ele></trkpt>
   <trkpt lon="-1.888964" lat="42.675622"><ele>467.25</ele></trkpt>
   <trkpt lon="-1.889009" lat="42.675596"><ele>467.5</ele></trkpt>
   <trkpt lon="-1.889166" lat="42.675475"><ele>468.25</ele></trkpt>
   <trkpt lon="-1.889285" lat="42.675444"><ele>468.25</ele></trkpt>
   <trkpt lon="-1.889315" lat="42.675349"><ele>468.25</ele></trkpt>
   <trkpt lon="-1.889380" lat="42.675274"><ele>468.0</ele></trkpt>
   <trkpt lon="-1.889465" lat="42.675301"><ele>468.0</ele></trkpt>
   <trkpt lon="-1.889526" lat="42.675357"><ele>468.75</ele></trkpt>
   <trkpt lon="-1.889632" lat="42.675562"><ele>470.25</ele></trkpt>
   <trkpt lon="-1.889614" lat="42.675679"><ele>470.0</ele></trkpt>
   <trkpt lon="-1.889618" lat="42.675834"><ele>470.0</ele></trkpt>
   <trkpt lon="-1.889647" lat="42.675917"><ele>470.25</ele></trkpt>
   <trkpt lon="-1.889716" lat="42.675977"><ele>470.75</ele></trkpt>
   <trkpt lon="-1.889581" lat="42.676115"><ele>469.75</ele></trkpt>
   <trkpt lon="-1.889637" lat="42.676370"><ele>469.0</ele></trkpt>
   <trkpt lon="-1.889629" lat="42.676417"><ele>468.75</ele></trkpt>
   <trkpt lon="-1.889625" lat="42.676573"><ele>468.0</ele></trkpt>
   <trkpt lon="-1.889577" lat="42.676641"><ele>467.5</ele></trkpt>
   <trkpt lon="-1.889549" lat="42.676745"><ele>466.75</ele></trkpt>
   <trkpt lon="-1.889589" lat="42.677042"><ele>464.75</ele></trkpt>
   <trkpt lon="-1.889733" lat="42.677461"><ele>461.0</ele></trkpt>
   <trkpt lon="-1.889761" lat="42.677590"><ele>460.0</ele></trkpt>
   <trkpt lon="-1.889713" lat="42.677604"><ele>460.25</ele></trkpt>
   <trkpt lon="-1.889675" lat="42.677629"><ele>460.25</ele></trkpt>
   <trkpt lon="-1.889654" lat="42.677661"><ele>460.0</ele></trkpt>
   <trkpt lon="-1.889649" lat="42.677695"><ele>460.0</ele></trkpt>
   <trkpt lon="-1.889660" lat="42.677729"><ele>459.75</ele></trkpt>
   <trkpt lon="-1.889687" lat="42.677758"><ele>459.25</ele></trkpt>
   <trkpt lon="-1.889725" lat="42.677778"><ele>458.75</ele></trkpt>
   <trkpt lon="-1.889771" lat="42.677788"><ele>458.75</ele></trkpt>
   <trkpt lon="-1.889818" lat="42.677786"><ele>458.5</ele></trkpt>
   <trkpt lon="-1.889854" lat="42.677775"><ele>458.5</ele></trkpt>
   <trkpt lon="-1.889884" lat="42.677757"><ele>458.5</ele></trkpt>
   <trkpt lon="-1.889907" lat="42.677733"><ele>458.5</ele></trkpt>
   <trkpt lon="-1.890446" lat="42.677939"><ele>456.5</ele></trkpt>
   <trkpt lon="-1.890800" lat="42.678060"><ele>454.0</ele></trkpt>
   <trkpt lon="-1.891171" lat="42.678151"><ele>456.5</ele></trkpt>
   <trkpt lon="-1.891587" lat="42.678190"><ele>456.5</ele></trkpt>
   <trkpt lon="-1.891917" lat="42.678190"><ele>456.25</ele></trkpt>
   <trkpt lon="-1.892311" lat="42.678158"><ele>454.75</ele></trkpt>
   <trkpt lon="-1.895722" lat="42.677696"><ele>451.75</ele></trkpt>
   <trkpt lon="-1.896560" lat="42.677589"><ele>452.75</ele></trkpt>
   <trkpt lon="-1.896832" lat="42.677549"><ele>452.5</ele></trkpt>
   <trkpt lon="-1.898463" lat="42.677106"><ele>443.25</ele></trkpt>
   <trkpt lon="-1.899879" lat="42.676722"><ele>435.25</ele></trkpt>
   <trkpt lon="-1.902647" lat="42.675755"><ele>422.5</ele></trkpt>
   <trkpt lon="-1.903356" lat="42.675516"><ele>420.0</ele></trkpt>
   <trkpt lon="-1.903818" lat="42.675312"><ele>417.5</ele></trkpt>
   <trkpt lon="-1.904663" lat="42.674838"><ele>415.75</ele></trkpt>
   <trkpt lon="-1.905522" lat="42.674253"><ele>411.75</ele></trkpt>
   <trkpt lon="-1.906029" lat="42.673916"><ele>407.75</ele></trkpt>
   <trkpt lon="-1.906632" lat="42.673629"><ele>405.0</ele></trkpt>
   <trkpt lon="-1.907240" lat="42.673400"><ele>403.5</ele></trkpt>
   <trkpt lon="-1.907978" lat="42.673222"><ele>398.5</ele></trkpt>
   <trkpt lon="-1.908467" lat="42.673133"><ele>395.25</ele></trkpt>
   <trkpt lon="-1.908716" lat="42.673088"><ele>394.5</ele></trkpt>
   <trkpt lon="-1.909621" lat="42.673042"><ele>391.25</ele></trkpt>
   <trkpt lon="-1.910098" lat="42.673078"><ele>390.25</ele></trkpt>
   <trkpt lon="-1.910570" lat="42.673156"><ele>384.5</ele></trkpt>
   <trkpt lon="-1.910912" lat="42.673211"><ele>381.75</ele></trkpt>
   <trkpt lon="-1.911141" lat="42.673248"><ele>382.25</ele></trkpt>
   <trkpt lon="-1.912695" lat="42.673639"><ele>377.75</ele></trkpt>
   <trkpt lon="-1.915042" lat="42.674389"><ele>372.75</ele></trkpt>
   <trkpt lon="-1.915681" lat="42.674593"><ele>373.0</ele></trkpt>
   <trkpt lon="-1.922219" lat="42.676770"><ele>387.25</ele></trkpt>
   <trkpt lon="-1.922763" lat="42.676975"><ele>387.25</ele></trkpt>
   <trkpt lon="-1.923152" lat="42.677207"><ele>388.25</ele></trkpt>
   <trkpt lon="-1.923279" lat="42.677315"><ele>388.75</ele></trkpt>
   <trkpt lon="-1.923318" lat="42.677375"><ele>389.0</ele></trkpt>
   <trkpt lon="-1.923363" lat="42.677410"><ele>389.0</ele></trkpt>
   <trkpt lon="-1.923419" lat="42.677436"><ele>389.0</ele></trkpt>
   <trkpt lon="-1.923515" lat="42.677453"><ele>389.0</ele></trkpt>
   <trkpt lon="-1.923721" lat="42.677558"><ele>388.5</ele></trkpt>
   <trkpt lon="-1.923947" lat="42.677662"><ele>387.75</ele></trkpt>
   <trkpt lon="-1.924818" lat="42.678332"><ele>385.5</ele></trkpt>
   <trkpt lon="-1.925220" lat="42.678571"><ele>384.0</ele></trkpt>
   <trkpt lon="-1.925566" lat="42.678747"><ele>382.75</ele></trkpt>
   <trkpt lon="-1.925887" lat="42.678884"><ele>382.75</ele></trkpt>
   <trkpt lon="-1.926152" lat="42.678990"><ele>382.5</ele></trkpt>
   <trkpt lon="-1.926529" lat="42.679103"><ele>382.0</ele></trkpt>
   <trkpt lon="-1.926754" lat="42.679151"><ele>381.5</ele></trkpt>
   <trkpt lon="-1.927008" lat="42.679192"><ele>381.5</ele></trkpt>
   <trkpt lon="-1.927248" lat="42.679222"><ele>382.0</ele></trkpt>
   <trkpt lon="-1.927473" lat="42.679240"><ele>381.75</ele></trkpt>
   <trkpt lon="-1.927743" lat="42.679253"><ele>382.0</ele></trkpt>
   <trkpt lon="-1.928068" lat="42.679246"><ele>382.5</ele></trkpt>
   <trkpt lon="-1.928434" lat="42.679216"><ele>382.0</ele></trkpt>
   <trkpt lon="-1.929007" lat="42.679120"><ele>382.0</ele></trkpt>
   <trkpt lon="-1.929308" lat="42.679061"><ele>383.25</ele></trkpt>
   <trkpt lon="-1.929799" lat="42.678945"><ele>385.5</ele></trkpt>
   <trkpt lon="-1.930053" lat="42.678892"><ele>385.0</ele></trkpt>
   <trkpt lon="-1.930635" lat="42.678795"><ele>384.75</ele></trkpt>
   <trkpt lon="-1.930853" lat="42.678768"><ele>385.0</ele></trkpt>
   <trkpt lon="-1.931185" lat="42.678758"><ele>385.25</ele></trkpt>
   <trkpt lon="-1.931503" lat="42.678757"><ele>385.25</ele></trkpt>
   <trkpt lon="-1.931917" lat="42.678784"><ele>383.5</ele></trkpt>
   <trkpt lon="-1.931965" lat="42.678790"><ele>383.5</ele></trkpt>
   <trkpt lon="-1.932445" lat="42.678828"><ele>387.0</ele></trkpt>
   <trkpt lon="-1.933261" lat="42.678884"><ele>391.5</ele></trkpt>
   <trkpt lon="-1.933532" lat="42.678891"><ele>393.25</ele></trkpt>
   <trkpt lon="-1.933859" lat="42.678884"><ele>395.5</ele></trkpt>
   <trkpt lon="-1.935410" lat="42.678785"><ele>405.25</ele></trkpt>
   <trkpt lon="-1.936655" lat="42.678699"><ele>411.0</ele></trkpt>
   <trkpt lon="-1.936964" lat="42.678661"><ele>411.0</ele></trkpt>
   <trkpt lon="-1.937420" lat="42.678591"><ele>412.5</ele></trkpt>
   <trkpt lon="-1.938269" lat="42.678418"><ele>415.5</ele></trkpt>
   <trkpt lon="-1.938681" lat="42.678316"><ele>418.0</ele></trkpt>
   <trkpt lon="-1.938978" lat="42.678226"><ele>420.25</ele></trkpt>
   <trkpt lon="-1.939197" lat="42.678143"><ele>422.75</ele></trkpt>
   <trkpt lon="-1.939310" lat="42.678089"><ele>423.5</ele></trkpt>
   <trkpt lon="-1.939661" lat="42.677832"><ele>426.0</ele></trkpt>
   <trkpt lon="-1.939757" lat="42.677750"><ele>427.25</ele></trkpt>
   <trkpt lon="-1.939875" lat="42.677627"><ele>429.5</ele></trkpt>
   <trkpt lon="-1.940647" lat="42.676699"><ele>434.25</ele></trkpt>
   <trkpt lon="-1.940913" lat="42.676420"><ele>435.75</ele></trkpt>
   <trkpt lon="-1.941127" lat="42.676222"><ele>438.0</ele></trkpt>
   <trkpt lon="-1.941379" lat="42.676025"><ele>439.5</ele></trkpt>
   <trkpt lon="-1.941599" lat="42.675879"><ele>441.25</ele></trkpt>
   <trkpt lon="-1.941776" lat="42.675780"><ele>442.0</ele></trkpt>
   <trkpt lon="-1.942195" lat="42.675572"><ele>443.25</ele></trkpt>
   <trkpt lon="-1.942793" lat="42.675359"><ele>446.25</ele></trkpt>
   <trkpt lon="-1.943062" lat="42.675361"><ele>446.5</ele></trkpt>
   <trkpt lon="-1.943164" lat="42.675357"><ele>447.0</ele></trkpt>
   <trkpt lon="-1.943223" lat="42.675343"><ele>447.25</ele></trkpt>
   <trkpt lon="-1.943295" lat="42.675291"><ele>447.0</ele></trkpt>
   <trkpt lon="-1.943318" lat="42.675256"><ele>447.0</ele></trkpt>
   <trkpt lon="-1.943362" lat="42.675198"><ele>448.25</ele></trkpt>
   <trkpt lon="-1.943310" lat="42.675171"><ele>448.25</ele></trkpt>
   <trkpt lon="-1.943215" lat="42.675139"><ele>448.0</ele></trkpt>
   <trkpt lon="-1.943180" lat="42.675131"><ele>447.75</ele></trkpt>
   <trkpt lon="-1.943141" lat="42.675132"><ele>447.5</ele></trkpt>
   <trkpt lon="-1.943143" lat="42.675075"><ele>448.0</ele></trkpt>
   <trkpt lon="-1.943166" lat="42.675018"><ele>449.0</ele></trkpt>
   <trkpt lon="-1.943647" lat="42.673955"><ele>458.0</ele></trkpt>
   <trkpt lon="-1.943778" lat="42.673685"><ele>460.0</ele></trkpt>
   <trkpt lon="-1.943831" lat="42.673613"><ele>461.0</ele></trkpt>
   <trkpt lon="-1.944002" lat="42.673465"><ele>463.75</ele></trkpt>
   <trkpt lon="-1.944029" lat="42.673447"><ele>464.25</ele></trkpt>
   <trkpt lon="-1.944343" lat="42.673218"><ele>467.0</ele></trkpt>
   <trkpt lon="-1.944750" lat="42.672948"><ele>468.0</ele></trkpt>
   <trkpt lon="-1.945045" lat="42.672748"><ele>466.75</ele></trkpt>
   <trkpt lon="-1.945110" lat="42.672699"><ele>466.25</ele></trkpt>
   <trkpt lon="-1.945156" lat="42.672667"><ele>466.25</ele></trkpt>
   <trkpt lon="-1.945243" lat="42.672604"><ele>465.75</ele></trkpt>
   <trkpt lon="-1.945337" lat="42.672553"><ele>465.25</ele></trkpt>
   <trkpt lon="-1.945393" lat="42.672523"><ele>465.25</ele></trkpt>
   <trkpt lon="-1.945683" lat="42.672353"><ele>464.5</ele></trkpt>
   <trkpt lon="-1.945841" lat="42.672238"><ele>464.5</ele></trkpt>
   <trkpt lon="-1.946160" lat="42.671993"><ele>462.0</ele></trkpt>
   <trkpt lon="-1.946389" lat="42.671898"><ele>459.25</ele></trkpt>
   <trkpt lon="-1.946426" lat="42.671880"><ele>459.0</ele></trkpt>
   <trkpt lon="-1.946792" lat="42.671631"><ele>455.75</ele></trkpt>
   <trkpt lon="-1.947116" lat="42.671394"><ele>454.0</ele></trkpt>
   <trkpt lon="-1.947316" lat="42.671264"><ele>453.0</ele></trkpt>
   <trkpt lon="-1.947427" lat="42.671221"><ele>452.5</ele></trkpt>
   <trkpt lon="-1.947560" lat="42.671183"><ele>452.75</ele></trkpt>
   <trkpt lon="-1.947578" lat="42.671177"><ele>452.75</ele></trkpt>
   <trkpt lon="-1.948217" lat="42.670989"><ele>456.25</ele></trkpt>
   <trkpt lon="-1.948520" lat="42.670876"><ele>458.25</ele></trkpt>
   <trkpt lon="-1.948716" lat="42.670752"><ele>460.75</ele></trkpt>
   <trkpt lon="-1.949005" lat="42.670543"><ele>461.5</ele></trkpt>
   <trkpt lon="-1.949360" lat="42.670316"><ele>464.25</ele></trkpt>
   <trkpt lon="-1.949713" lat="42.670113"><ele>466.75</ele></trkpt>
   <trkpt lon="-1.950060" lat="42.669929"><ele>469.75</ele></trkpt>
   <trkpt lon="-1.950418" lat="42.669764"><ele>471.0</ele></trkpt>
   <trkpt lon="-1.950495" lat="42.669651"><ele>471.25</ele></trkpt>
   <trkpt lon="-1.950634" lat="42.669608"><ele>471.75</ele></trkpt>
   <trkpt lon="-1.950938" lat="42.669495"><ele>472.75</ele></trkpt>
   <trkpt lon="-1.951038" lat="42.669477"><ele>473.25</ele></trkpt>
   <trkpt lon="-1.951087" lat="42.669456"><ele>473.75</ele></trkpt>
   <trkpt lon="-1.951190" lat="42.669386"><ele>474.25</ele></trkpt>
   <trkpt lon="-1.951305" lat="42.669324"><ele>474.5</ele></trkpt>
   <trkpt lon="-1.951517" lat="42.669265"><ele>475.25</ele></trkpt>
   <trkpt lon="-1.951637" lat="42.669212"><ele>475.5</ele></trkpt>
   <trkpt lon="-1.952781" lat="42.668783"><ele>479.0</ele></trkpt>
   <trkpt lon="-1.953638" lat="42.668477"><ele>480.25</ele></trkpt>
   <trkpt lon="-1.954600" lat="42.668173"><ele>480.75</ele></trkpt>
   <trkpt lon="-1.954729" lat="42.668138"><ele>480.5</ele></trkpt>
   <trkpt lon="-1.955007" lat="42.668084"><ele>479.0</ele></trkpt>
   <trkpt lon="-1.955200" lat="42.667960"><ele>479.75</ele></trkpt>
   <trkpt lon="-1.955268" lat="42.667930"><ele>479.75</ele></trkpt>
   <trkpt lon="-1.956263" lat="42.667722"><ele>479.75</ele></trkpt>
   <trkpt lon="-1.957516" lat="42.667445"><ele>480.0</ele></trkpt>
   <trkpt lon="-1.957606" lat="42.667462"><ele>480.25</ele></trkpt>
   <trkpt lon="-1.957644" lat="42.667460"><ele>480.25</ele></trkpt>
   <trkpt lon="-1.957733" lat="42.667438"><ele>480.25</ele></trkpt>
   <trkpt lon="-1.957848" lat="42.667382"><ele>480.25</ele></trkpt>
   <trkpt lon="-1.957956" lat="42.667345"><ele>480.0</ele></trkpt>
   <trkpt lon="-1.958543" lat="42.667169"><ele>481.25</ele></trkpt>
   <trkpt lon="-1.958883" lat="42.667110"><ele>483.0</ele></trkpt>
   <trkpt lon="-1.959091" lat="42.667051"><ele>483.25</ele></trkpt>
   <trkpt lon="-1.959571" lat="42.666958"><ele>484.75</ele></trkpt>
   <trkpt lon="-1.959775" lat="42.666907"><ele>486.25</ele></trkpt>
   <trkpt lon="-1.960544" lat="42.666686"><ele>491.5</ele></trkpt>
   <trkpt lon="-1.960912" lat="42.666598"><ele>491.25</ele></trkpt>
   <trkpt lon="-1.960954" lat="42.666578"><ele>491.25</ele></trkpt>
   <trkpt lon="-1.960978" lat="42.666559"><ele>491.25</ele></trkpt>
   <trkpt lon="-1.960997" lat="42.666498"><ele>491.75</ele></trkpt>
   <trkpt lon="-1.961007" lat="42.666401"><ele>492.5</ele></trkpt>
   <trkpt lon="-1.960866" lat="42.666202"><ele>492.25</ele></trkpt>
   <trkpt lon="-1.960771" lat="42.666039"><ele>492.0</ele></trkpt>
   <trkpt lon="-1.960776" lat="42.665970"><ele>491.25</ele></trkpt>
   <trkpt lon="-1.960834" lat="42.665857"><ele>490.0</ele></trkpt>
   <trkpt lon="-1.960908" lat="42.665769"><ele>489.5</ele></trkpt>
   <trkpt lon="-1.961977" lat="42.665238"><ele>486.75</ele></trkpt>
   <trkpt lon="-1.962044" lat="42.665192"><ele>486.75</ele></trkpt>
   <trkpt lon="-1.962101" lat="42.665138"><ele>486.25</ele></trkpt>
   <trkpt lon="-1.962114" lat="42.665086"><ele>486.0</ele></trkpt>
   <trkpt lon="-1.962113" lat="42.665011"><ele>485.25</ele></trkpt>
   <trkpt lon="-1.962065" lat="42.664898"><ele>485.25</ele></trkpt>
   <trkpt lon="-1.961859" lat="42.664586"><ele>485.75</ele></trkpt>
   <trkpt lon="-1.961810" lat="42.664465"><ele>486.0</ele></trkpt>
   <trkpt lon="-1.961806" lat="42.664406"><ele>486.0</ele></trkpt>
   <trkpt lon="-1.961813" lat="42.664323"><ele>486.25</ele></trkpt>
   <trkpt lon="-1.962022" lat="42.663896"><ele>487.75</ele></trkpt>
   <trkpt lon="-1.962256" lat="42.663479"><ele>488.5</ele></trkpt>
   <trkpt lon="-1.962586" lat="42.663081"><ele>487.0</ele></trkpt>
   <trkpt lon="-1.962847" lat="42.662827"><ele>484.5</ele></trkpt>
   <trkpt lon="-1.963724" lat="42.662177"><ele>477.25</ele></trkpt>
   <trkpt lon="-1.964955" lat="42.661290"><ele>475.25</ele></trkpt>
   <trkpt lon="-1.965074" lat="42.661211"><ele>475.25</ele></trkpt>
   <trkpt lon="-1.965537" lat="42.660905"><ele>478.5</ele></trkpt>
   <trkpt lon="-1.965671" lat="42.660780"><ele>477.5</ele></trkpt>
   <trkpt lon="-1.965750" lat="42.660669"><ele>476.5</ele></trkpt>
   <trkpt lon="-1.966024" lat="42.660112"><ele>478.0</ele></trkpt>
   <trkpt lon="-1.966391" lat="42.659339"><ele>478.25</ele></trkpt>
   <trkpt lon="-1.966677" lat="42.658773"><ele>481.0</ele></trkpt>
   <trkpt lon="-1.966840" lat="42.658510"><ele>481.25</ele></trkpt>
   <trkpt lon="-1.966974" lat="42.658393"><ele>481.5</ele></trkpt>
   <trkpt lon="-1.968142" lat="42.657787"><ele>475.25</ele></trkpt>
   <trkpt lon="-1.968691" lat="42.657493"><ele>473.0</ele></trkpt>
   <trkpt lon="-1.968880" lat="42.657299"><ele>471.75</ele></trkpt>
   <trkpt lon="-1.970283" lat="42.655478"><ele>459.75</ele></trkpt>
   <trkpt lon="-1.972792" lat="42.652284"><ele>457.75</ele></trkpt>
   <trkpt lon="-1.973177" lat="42.651825"><ele>459.25</ele></trkpt>
   <trkpt lon="-1.974826" lat="42.652826"><ele>460.25</ele></trkpt>
   <trkpt lon="-1.975381" lat="42.653180"><ele>463.0</ele></trkpt>
   <trkpt lon="-1.975509" lat="42.653261"><ele>463.25</ele></trkpt>
   <trkpt lon="-1.975715" lat="42.653485"><ele>464.75</ele></trkpt>
   <trkpt lon="-1.976097" lat="42.653962"><ele>468.25</ele></trkpt>
   <trkpt lon="-1.976298" lat="42.654133"><ele>468.75</ele></trkpt>
   <trkpt lon="-1.976363" lat="42.654176"><ele>468.5</ele></trkpt>
   <trkpt lon="-1.976468" lat="42.654192"><ele>468.5</ele></trkpt>
   <trkpt lon="-1.978123" lat="42.654227"><ele>464.25</ele></trkpt>
   <trkpt lon="-1.978347" lat="42.654263"><ele>464.5</ele></trkpt>
   <trkpt lon="-1.978742" lat="42.654474"><ele>464.0</ele></trkpt>
   <trkpt lon="-1.979378" lat="42.654969"><ele>463.0</ele></trkpt>
   <trkpt lon="-1.979585" lat="42.655110"><ele>462.5</ele></trkpt>
   <trkpt lon="-1.979736" lat="42.655174"><ele>462.25</ele></trkpt>
   <trkpt lon="-1.980168" lat="42.655323"><ele>459.25</ele></trkpt>
   <trkpt lon="-1.980835" lat="42.655516"><ele>455.5</ele></trkpt>
   <trkpt lon="-1.981369" lat="42.655678"><ele>453.75</ele></trkpt>
   <trkpt lon="-1.981824" lat="42.655851"><ele>452.25</ele></trkpt>
   <trkpt lon="-1.982224" lat="42.656075"><ele>451.25</ele></trkpt>
   <trkpt lon="-1.983045" lat="42.656539"><ele>449.25</ele></trkpt>
   <trkpt lon="-1.983453" lat="42.656735"><ele>446.25</ele></trkpt>
   <trkpt lon="-1.983908" lat="42.656942"><ele>441.0</ele></trkpt>
   <trkpt lon="-1.985536" lat="42.657615"><ele>434.75</ele></trkpt>
   <trkpt lon="-1.986466" lat="42.658032"><ele>431.25</ele></trkpt>
   <trkpt lon="-1.988227" lat="42.658671"><ele>426.75</ele></trkpt>
   <trkpt lon="-1.989296" lat="42.659033"><ele>423.25</ele></trkpt>
   <trkpt lon="-1.989696" lat="42.659234"><ele>422.25</ele></trkpt>
   <trkpt lon="-1.990141" lat="42.659302"><ele>422.5</ele></trkpt>
   <trkpt lon="-1.990602" lat="42.659364"><ele>420.75</ele></trkpt>
   <trkpt lon="-1.990657" lat="42.659371"><ele>421.0</ele></trkpt>
   <trkpt lon="-1.990693" lat="42.659371"><ele>421.0</ele></trkpt>
   <trkpt lon="-1.991168" lat="42.659371"><ele>420.75</ele></trkpt>
   <trkpt lon="-1.991586" lat="42.659391"><ele>420.0</ele></trkpt>
   <trkpt lon="-1.991685" lat="42.659437"><ele>419.75</ele></trkpt>
   <trkpt lon="-1.991776" lat="42.659414"><ele>419.75</ele></trkpt>
   <trkpt lon="-1.992026" lat="42.659360"><ele>419.75</ele></trkpt>
   <trkpt lon="-1.992161" lat="42.659340"><ele>420.25</ele></trkpt>
   <trkpt lon="-1.992198" lat="42.659376"><ele>420.5</ele></trkpt>
   <trkpt lon="-1.992547" lat="42.659510"><ele>424.5</ele></trkpt>
   <trkpt lon="-1.992760" lat="42.659542"><ele>428.25</ele></trkpt>
   <trkpt lon="-1.992842" lat="42.659547"><ele>429.75</ele></trkpt>
   <trkpt lon="-1.992935" lat="42.659539"><ele>431.25</ele></trkpt>
   <trkpt lon="-1.992941" lat="42.660016"><ele>435.0</ele></trkpt>
   <trkpt lon="-1.992972" lat="42.660029"><ele>435.75</ele></trkpt>
   <trkpt lon="-1.993242" lat="42.660083"><ele>439.25</ele></trkpt>
   <trkpt lon="-1.993396" lat="42.660085"><ele>440.75</ele></trkpt>
   <trkpt lon="-1.993730" lat="42.660319"><ele>442.5</ele></trkpt>
   <trkpt lon="-1.993807" lat="42.660357"><ele>442.75</ele></trkpt>
   <trkpt lon="-1.994748" lat="42.660834"><ele>444.0</ele></trkpt>
   <trkpt lon="-1.995087" lat="42.660842"><ele>444.0</ele></trkpt>
   <trkpt lon="-1.995237" lat="42.660846"><ele>444.0</ele></trkpt>
   <trkpt lon="-1.995571" lat="42.660989"><ele>443.75</ele></trkpt>
   <trkpt lon="-1.995989" lat="42.661169"><ele>444.0</ele></trkpt>
   <trkpt lon="-1.996249" lat="42.661290"><ele>444.25</ele></trkpt>
   <trkpt lon="-1.996643" lat="42.661473"><ele>444.25</ele></trkpt>
   <trkpt lon="-1.997203" lat="42.661734"><ele>445.25</ele></trkpt>
   <trkpt lon="-1.997314" lat="42.661795"><ele>446.0</ele></trkpt>
   <trkpt lon="-1.997612" lat="42.661772"><ele>446.5</ele></trkpt>
   <trkpt lon="-1.997858" lat="42.661753"><ele>447.0</ele></trkpt>
   <trkpt lon="-1.998422" lat="42.661769"><ele>447.5</ele></trkpt>
   <trkpt lon="-1.998855" lat="42.661782"><ele>449.0</ele></trkpt>
   <trkpt lon="-1.999618" lat="42.661804"><ele>451.5</ele></trkpt>
   <trkpt lon="-2.000243" lat="42.661798"><ele>453.5</ele></trkpt>
   <trkpt lon="-2.000959" lat="42.661751"><ele>454.25</ele></trkpt>
   <trkpt lon="-2.002412" lat="42.661583"><ele>452.0</ele></trkpt>
   <trkpt lon="-2.003277" lat="42.661476"><ele>450.25</ele></trkpt>
   <trkpt lon="-2.003484" lat="42.661455"><ele>450.5</ele></trkpt>
   <trkpt lon="-2.003887" lat="42.661428"><ele>449.75</ele></trkpt>
   <trkpt lon="-2.004135" lat="42.661427"><ele>449.0</ele></trkpt>
   <trkpt lon="-2.004420" lat="42.661453"><ele>449.0</ele></trkpt>
   <trkpt lon="-2.004687" lat="42.661491"><ele>449.0</ele></trkpt>
   <trkpt lon="-2.005078" lat="42.661583"><ele>444.0</ele></trkpt>
   <trkpt lon="-2.005296" lat="42.661651"><ele>440.75</ele></trkpt>
   <trkpt lon="-2.005471" lat="42.661713"><ele>441.5</ele></trkpt>
   <trkpt lon="-2.005620" lat="42.661782"><ele>441.75</ele></trkpt>
   <trkpt lon="-2.005798" lat="42.661870"><ele>439.0</ele></trkpt>
   <trkpt lon="-2.005981" lat="42.661982"><ele>437.5</ele></trkpt>
   <trkpt lon="-2.006215" lat="42.662153"><ele>436.75</ele></trkpt>
   <trkpt lon="-2.006323" lat="42.662236"><ele>435.0</ele></trkpt>
   <trkpt lon="-2.006515" lat="42.662414"><ele>432.25</ele></trkpt>
   <trkpt lon="-2.006657" lat="42.662589"><ele>431.0</ele></trkpt>
   <trkpt lon="-2.006776" lat="42.662761"><ele>429.75</ele></trkpt>
   <trkpt lon="-2.006869" lat="42.662928"><ele>429.0</ele></trkpt>
   <trkpt lon="-2.006975" lat="42.663188"><ele>425.0</ele></trkpt>
   <trkpt lon="-2.007443" lat="42.664526"><ele>419.25</ele></trkpt>
   <trkpt lon="-2.007701" lat="42.664892"><ele>418.0</ele></trkpt>
   <trkpt lon="-2.007908" lat="42.665115"><ele>417.75</ele></trkpt>
   <trkpt lon="-2.008117" lat="42.665327"><ele>417.5</ele></trkpt>
   <trkpt lon="-2.008333" lat="42.665521"><ele>416.75</ele></trkpt>
   <trkpt lon="-2.008638" lat="42.665729"><ele>418.25</ele></trkpt>
   <trkpt lon="-2.008839" lat="42.665797"><ele>417.25</ele></trkpt>
   <trkpt lon="-2.009166" lat="42.665856"><ele>417.5</ele></trkpt>
   <trkpt lon="-2.009456" lat="42.665860"><ele>417.25</ele></trkpt>
   <trkpt lon="-2.011161" lat="42.665698"><ele>415.0</ele></trkpt>
   <trkpt lon="-2.013355" lat="42.665457"><ele>418.0</ele></trkpt>
   <trkpt lon="-2.013615" lat="42.665416"><ele>419.0</ele></trkpt>
   <trkpt lon="-2.013853" lat="42.665350"><ele>420.5</ele></trkpt>
   <trkpt lon="-2.014153" lat="42.665235"><ele>421.75</ele></trkpt>
   <trkpt lon="-2.014506" lat="42.665060"><ele>422.25</ele></trkpt>
   <trkpt lon="-2.014874" lat="42.664821"><ele>421.5</ele></trkpt>
   <trkpt lon="-2.015023" lat="42.664724"><ele>421.25</ele></trkpt>
   <trkpt lon="-2.015260" lat="42.664598"><ele>421.5</ele></trkpt>
   <trkpt lon="-2.015509" lat="42.664514"><ele>421.75</ele></trkpt>
   <trkpt lon="-2.016020" lat="42.664455"><ele>419.25</ele></trkpt>
   <trkpt lon="-2.017384" lat="42.664341"><ele>420.0</ele></trkpt>
   <trkpt lon="-2.017910" lat="42.664396"><ele>418.25</ele></trkpt>
   <trkpt lon="-2.018238" lat="42.664480"><ele>418.75</ele></trkpt>
   <trkpt lon="-2.018635" lat="42.664624"><ele>418.0</ele></trkpt>
   <trkpt lon="-2.019092" lat="42.664884"><ele>418.0</ele></trkpt>
   <trkpt lon="-2.019179" lat="42.664933"><ele>418.0</ele></trkpt>
   <trkpt lon="-2.019447" lat="42.665139"><ele>418.5</ele></trkpt>
   <trkpt lon="-2.019524" lat="42.665198"><ele>418.5</ele></trkpt>
   <trkpt lon="-2.019612" lat="42.665265"><ele>418.75</ele></trkpt>
   <trkpt lon="-2.020015" lat="42.665561"><ele>419.0</ele></trkpt>
   <trkpt lon="-2.020515" lat="42.665931"><ele>420.75</ele></trkpt>
   <trkpt lon="-2.020639" lat="42.666034"><ele>421.0</ele></trkpt>
   <trkpt lon="-2.020836" lat="42.666217"><ele>421.25</ele></trkpt>
   <trkpt lon="-2.020908" lat="42.666285"><ele>421.25</ele></trkpt>
   <trkpt lon="-2.021128" lat="42.666616"><ele>419.5</ele></trkpt>
   <trkpt lon="-2.021650" lat="42.667844"><ele>420.5</ele></trkpt>
   <trkpt lon="-2.021867" lat="42.668247"><ele>421.25</ele></trkpt>
   <trkpt lon="-2.022401" lat="42.669248"><ele>421.75</ele></trkpt>
   <trkpt lon="-2.022632" lat="42.669652"><ele>419.25</ele></trkpt>
   <trkpt lon="-2.022943" lat="42.670179"><ele>419.0</ele></trkpt>
   <trkpt lon="-2.023015" lat="42.670253"><ele>419.0</ele></trkpt>
   <trkpt lon="-2.023107" lat="42.670320"><ele>418.75</ele></trkpt>
   <trkpt lon="-2.023202" lat="42.670375"><ele>418.5</ele></trkpt>
   <trkpt lon="-2.023372" lat="42.670473"><ele>418.75</ele></trkpt>
   <trkpt lon="-2.023760" lat="42.670597"><ele>418.75</ele></trkpt>
   <trkpt lon="-2.023908" lat="42.670667"><ele>418.75</ele></trkpt>
   <trkpt lon="-2.023994" lat="42.670749"><ele>419.25</ele></trkpt>
   <trkpt lon="-2.023994" lat="42.670791"><ele>419.5</ele></trkpt>
   <trkpt lon="-2.024013" lat="42.670832"><ele>419.75</ele></trkpt>
   <trkpt lon="-2.024049" lat="42.670865"><ele>420.0</ele></trkpt>
   <trkpt lon="-2.024098" lat="42.670889"><ele>420.25</ele></trkpt>
   <trkpt lon="-2.024155" lat="42.670899"><ele>420.25</ele></trkpt>
   <trkpt lon="-2.024213" lat="42.670896"><ele>420.0</ele></trkpt>
   <trkpt lon="-2.024275" lat="42.670874"><ele>420.0</ele></trkpt>
   <trkpt lon="-2.024322" lat="42.670836"><ele>420.0</ele></trkpt>
   <trkpt lon="-2.024336" lat="42.670812"><ele>419.75</ele></trkpt>
   <trkpt lon="-2.024345" lat="42.670751"><ele>419.25</ele></trkpt>
   <trkpt lon="-2.024369" lat="42.670718"><ele>419.0</ele></trkpt>
   <trkpt lon="-2.024394" lat="42.670703"><ele>419.0</ele></trkpt>
   <trkpt lon="-2.024510" lat="42.670658"><ele>418.5</ele></trkpt>
   <trkpt lon="-2.024740" lat="42.670636"><ele>418.5</ele></trkpt>
   <trkpt lon="-2.024969" lat="42.670615"><ele>418.0</ele></trkpt>
   <trkpt lon="-2.025091" lat="42.670603"><ele>418.25</ele></trkpt>
   <trkpt lon="-2.025260" lat="42.670572"><ele>418.75</ele></trkpt>
   <trkpt lon="-2.025372" lat="42.670575"><ele>419.0</ele></trkpt>
   <trkpt lon="-2.025422" lat="42.670602"><ele>419.0</ele></trkpt>
   <trkpt lon="-2.025463" lat="42.670604"><ele>419.0</ele></trkpt>
   <trkpt lon="-2.025670" lat="42.670605"><ele>419.0</ele></trkpt>
   <trkpt lon="-2.025824" lat="42.670586"><ele>419.0</ele></trkpt>
   <trkpt lon="-2.027102" lat="42.670600"><ele>419.0</ele></trkpt>
   <trkpt lon="-2.027322" lat="42.670606"><ele>419.5</ele></trkpt>
   <trkpt lon="-2.027720" lat="42.670598"><ele>420.25</ele></trkpt>
   <trkpt lon="-2.027730" lat="42.670597"><ele>420.25</ele></trkpt>
   <trkpt lon="-2.028278" lat="42.670554"><ele>421.75</ele></trkpt>
   <trkpt lon="-2.028379" lat="42.670561"><ele>422.0</ele></trkpt>
   <trkpt lon="-2.028519" lat="42.670600"><ele>423.0</ele></trkpt>
   <trkpt lon="-2.028692" lat="42.670659"><ele>423.0</ele></trkpt>
   <trkpt lon="-2.028803" lat="42.670692"><ele>422.0</ele></trkpt>
   <trkpt lon="-2.028883" lat="42.670710"><ele>420.5</ele></trkpt>
   <trkpt lon="-2.029332" lat="42.670800"><ele>419.0</ele></trkpt>
   <trkpt lon="-2.029600" lat="42.670845"><ele>419.0</ele></trkpt>
   <trkpt lon="-2.029833" lat="42.670897"><ele>419.0</ele></trkpt>
   <trkpt lon="-2.029886" lat="42.670910"><ele>419.25</ele></trkpt>
   <trkpt lon="-2.030382" lat="42.671038"><ele>419.5</ele></trkpt>
   <trkpt lon="-2.030441" lat="42.671053"><ele>419.5</ele></trkpt>
   <trkpt lon="-2.030931" lat="42.671208"><ele>420.0</ele></trkpt>
   <trkpt lon="-2.031303" lat="42.671372"><ele>420.5</ele></trkpt>
   <trkpt lon="-2.032079" lat="42.671606"><ele>421.25</ele></trkpt>
   <trkpt lon="-2.031933" lat="42.671974"><ele>421.0</ele></trkpt>
   <trkpt lon="-2.032277" lat="42.672042"><ele>422.5</ele></trkpt>
   <trkpt lon="-2.032398" lat="42.672075"><ele>422.75</ele></trkpt>
   <trkpt lon="-2.032453" lat="42.672084"><ele>423.0</ele></trkpt>
  </trkseg>
 </trk>
</gpx>
