<?xml version='1.0' encoding='utf-8'?>
<TrainingCenterDatabase xmlns="http://www.garmin.com/xmlschemas/TrainingCenterDatabase/v2">
  <Courses>
    <Course>
      <Name>camino-day09-al</Name>
      <Lap>
        <TotalTimeSeconds>16533</TotalTimeSeconds>
        <DistanceMeters>68887.2</DistanceMeters>
        <BeginPosition>
          <LatitudeDegrees>42.5980500</LatitudeDegrees>
          <LongitudeDegrees>-5.5703500</LongitudeDegrees>
        </BeginPosition>
        <EndPosition>
          <LatitudeDegrees>42.4823300</LatitudeDegrees>
          <LongitudeDegrees>-6.2845600</LongitudeDegrees>
        </EndPosition>
        <Intensity>Active</Intensity>
      </Lap>
      <Track>
        <Trackpoint>
          <Time>2027-05-09T07:00:00Z</Time>
          <Position>
            <LatitudeDegrees>42.5980500</LatitudeDegrees>
            <LongitudeDegrees>-5.5703500</LongitudeDegrees>
          </Position>
          <AltitudeMeters>839.0</AltitudeMeters>
          <DistanceMeters>0.0</DistanceMeters>
        </Trackpoint>
        <Trackpoint>
          <Time>2027-05-09T07:00:11Z</Time>
          <Position>
            <LatitudeDegrees>42.5982400</LatitudeDegrees>
            <LongitudeDegrees>-5.5698300</LongitudeDegrees>
          </Position>
          <AltitudeMeters>839.9</AltitudeMeters>
          <DistanceMeters>47.5</DistanceMeters>
        </Trackpoint>
        <Trackpoint>
          <Time>2027-05-09T07:00:23Z</Time>
          <Position>
            <LatitudeDegrees>42.5983700</LatitudeDegrees>
            <LongitudeDegrees>-5.5692400</LongitudeDegrees>
          </Position>
          <AltitudeMeters>840.9</AltitudeMeters>
          <DistanceMeters>97.9</DistanceMeters>
        </Trackpoint>
        <Trackpoint>
          <Time>2027-05-09T07:00:35Z</Time>
          <Position>
            <LatitudeDegrees>42.5985000</LatitudeDegrees>
            <LongitudeDegrees>-5.5686500</LongitudeDegrees>
          </Position>
          <AltitudeMeters>842.2</AltitudeMeters>
          <DistanceMeters>148.3</DistanceMeters>
        </Trackpoint>
        <Trackpoint>
          <Time>2027-05-09T07:00:47Z</Time>
          <Position>
            <LatitudeDegrees>42.5986200</LatitudeDegrees>
            <LongitudeDegrees>-5.5680600</LongitudeDegrees>
          </Position>
          <AltitudeMeters>843.3</AltitudeMeters>
          <DistanceMeters>198.4</DistanceMeters>
        </Trackpoint>
        <Trackpoint>
          <Time>2027-05-09T07:00:59Z</Time>
          <Position>
            <LatitudeDegrees>42.5987500</LatitudeDegrees>
            <LongitudeDegrees>-5.5674700</LongitudeDegrees>
          </Position>
          <AltitudeMeters>843.7</AltitudeMeters>
          <DistanceMeters>248.9</DistanceMeters>
        </Trackpoint>
        <Trackpoint>
          <Time>2027-05-09T07:01:14Z</Time>
          <Position>
            <LatitudeDegrees>42.5992900</LatitudeDegrees>
            <LongitudeDegrees>-5.5675800</LongitudeDegrees>
          </Position>
          <AltitudeMeters>843.8</AltitudeMeters>
          <DistanceMeters>309.6</DistanceMeters>
        </Trackpoint>
        <Trackpoint>
          <Time>2027-05-09T07:01:22Z</Time>
          <Position>
            <LatitudeDegrees>42.5991600</LatitudeDegrees>
            <LongitudeDegrees>-5.5679700</LongitudeDegrees>
          </Position>
          <AltitudeMeters>843.4</AltitudeMeters>
          <DistanceMeters>344.6</DistanceMeters>
        </Trackpoint>
        <Trackpoint>
          <Time>2027-05-09T07:01:28Z</Time>
          <Position>
            <LatitudeDegrees>42.5992800</LatitudeDegrees>
            <LongitudeDegrees>-5.5682400</LongitudeDegrees>
          </Position>
          <AltitudeMeters>842.8</AltitudeMeters>
          <DistanceMeters>370.4</DistanceMeters>
        </Trackpoint>
        <Trackpoint>
          <Time>2027-05-09T07:01:48Z</Time>
          <Position>
            <LatitudeDegrees>42.5991000</LatitudeDegrees>
            <LongitudeDegrees>-5.5691900</LongitudeDegrees>
          </Position>
          <AltitudeMeters>841.6</AltitudeMeters>
          <DistanceMeters>450.7</DistanceMeters>
        </Trackpoint>
        <Trackpoint>
          <Time>2027-05-09T07:01:49Z</Time>
          <Position>
            <LatitudeDegrees>42.5991500</LatitudeDegrees>
            <LongitudeDegrees>-5.5692100</LongitudeDegrees>
          </Position>
          <AltitudeMeters>840.8</AltitudeMeters>
          <DistanceMeters>456.5</DistanceMeters>
        </Trackpoint>
        <Trackpoint>
          <Time>2027-05-09T07:02:05Z</Time>
          <Position>
            <LatitudeDegrees>42.5990300</LatitudeDegrees>
            <LongitudeDegrees>-5.5700200</LongitudeDegrees>
          </Position>
          <AltitudeMeters>840.4</AltitudeMeters>
          <DistanceMeters>524.1</DistanceMeters>
        </Trackpoint>
        <Trackpoint>
          <Time>2027-05-09T07:02:19Z</Time>
          <Position>
            <LatitudeDegrees>42.5995200</LatitudeDegrees>
            <LongitudeDegrees>-5.5702700</LongitudeDegrees>
          </Position>
          <AltitudeMeters>840.6</AltitudeMeters>
          <DistanceMeters>582.3</DistanceMeters>
        </Trackpoint>
        <Trackpoint>
          <Time>2027-05-09T07:02:33Z</Time>
          <Position>
            <LatitudeDegrees>42.6000000</LatitudeDegrees>
            <LongitudeDegrees>-5.5705200</LongitudeDegrees>
          </Position>
          <AltitudeMeters>841.0</AltitudeMeters>
          <DistanceMeters>639.5</DistanceMeters>
        </Trackpoint>
        <Trackpoint>
          <Time>2027-05-09T07:02:47Z</Time>
          <Position>
            <LatitudeDegrees>42.6004900</LatitudeDegrees>
            <LongitudeDegrees>-5.5707700</LongitudeDegrees>
          </Position>
          <AltitudeMeters>842.1</AltitudeMeters>
          <DistanceMeters>697.7</DistanceMeters>
        </Trackpoint>
        <Trackpoint>
          <Time>2027-05-09T07:02:53Z</Time>
          <Position>
            <LatitudeDegrees>42.6005700</LatitudeDegrees>
            <LongitudeDegrees>-5.5704700</LongitudeDegrees>
          </Position>
          <AltitudeMeters>842.9</AltitudeMeters>
          <DistanceMeters>723.8</DistanceMeters>
        </Trackpoint>
        <Trackpoint>
          <Time>2027-05-09T07:02:59Z</Time>
          <Position>
            <LatitudeDegrees>42.6007700</LatitudeDegrees>
            <LongitudeDegrees>-5.5704600</LongitudeDegrees>
          </Position>
          <AltitudeMeters>843.3</AltitudeMeters>
          <DistanceMeters>746.1</DistanceMeters>
        </Trackpoint>
        <Trackpoint>
          <Time>2027-05-09T07:03:18Z</Time>
          <Position>
            <LatitudeDegrees>42.6014500</LatitudeDegrees>
            <LongitudeDegrees>-5.5707800</LongitudeDegrees>
          </Position>
          <AltitudeMeters>843.4</AltitudeMeters>
          <DistanceMeters>826.1</DistanceMeters>
        </Trackpoint>
        <Trackpoint>
          <Time>2027-05-09T07:03:19Z</Time>
          <Position>
            <LatitudeDegrees>42.6014400</LatitudeDegrees>
            <LongitudeDegrees>-5.5708300</LongitudeDegrees>
          </Position>
          <AltitudeMeters>843.1</AltitudeMeters>
          <DistanceMeters>830.3</DistanceMeters>
        </Trackpoint>
        <Trackpoint>
          <Time>2027-05-09T07:03:26Z</Time>
          <Position>
            <LatitudeDegrees>42.6016800</LatitudeDegrees>
            <LongitudeDegrees>-5.5709900</LongitudeDegrees>
          </Position>
          <AltitudeMeters>842.6</AltitudeMeters>
          <DistanceMeters>860.1</DistanceMeters>
        </Trackpoint>
        <Trackpoint>
          <Time>2027-05-09T07:03:44Z</Time>
          <Position>
            <LatitudeDegrees>42.6017500</LatitudeDegrees>
            <LongitudeDegrees>-5.5718900</LongitudeDegrees>
          </Position>
          <AltitudeMeters>842.1</AltitudeMeters>
          <DistanceMeters>934.1</DistanceMeters>
        </Trackpoint>
        <Trackpoint>
          <Time>2027-05-09T07:03:48Z</Time>
          <Position>
            <LatitudeDegrees>42.6018200</LatitudeDegrees>
            <LongitudeDegrees>-5.5720800</LongitudeDegrees>
          </Position>
          <AltitudeMeters>841.8</AltitudeMeters>
          <DistanceMeters>951.5</DistanceMeters>
        </Trackpoint>
        <Trackpoint>
          <Time>2027-05-09T07:04:00Z</Time>
          <Position>
            <LatitudeDegrees>42.6018200</LatitudeDegrees>
            <LongitudeDegrees>-5.5727000</LongitudeDegrees>
          </Position>
          <AltitudeMeters>841.7</AltitudeMeters>
          <DistanceMeters>1002.3</DistanceMeters>
        </Trackpoint>
        <Trackpoint>
          <Time>2027-05-09T07:04:12Z</Time>
          <Position>
            <LatitudeDegrees>42.6018200</LatitudeDegrees>
            <LongitudeDegrees>-5.5733200</LongitudeDegrees>
          </Position>
          <AltitudeMeters>842.3</AltitudeMeters>
          <DistanceMeters>1053.0</DistanceMeters>
        </Trackpoint>
        <Trackpoint>
          <Time>2027-05-09T07:04:24Z</Time>
          <Position>
            <LatitudeDegrees>42.6018100</LatitudeDegrees>
            <LongitudeDegrees>-5.5739300</LongitudeDegrees>
          </Position>
          <AltitudeMeters>842.9</AltitudeMeters>
          <DistanceMeters>1103.0</DistanceMeters>
        </Trackpoint>
        <Trackpoint>
          <Time>2027-05-09T07:04:36Z</Time>
          <Position>
            <LatitudeDegrees>42.6018100</LatitudeDegrees>
            <LongitudeDegrees>-5.5745500</LongitudeDegrees>
          </Position>
          <AltitudeMeters>843.3</AltitudeMeters>
          <DistanceMeters>1153.7</DistanceMeters>
        </Trackpoint>
        <Trackpoint>
          <Time>2027-05-09T07:04:49Z</Time>
          <Position>
            <LatitudeDegrees>42.6018100</LatitudeDegrees>
            <LongitudeDegrees>-5.5751700</LongitudeDegrees>
          </Position>
          <AltitudeMeters>843.5</AltitudeMeters>
          <DistanceMeters>1204.5</DistanceMeters>
        </Trackpoint>
        <Trackpoint>
          <Time>2027-05-09T07:05:01Z</Time>
          <Position>
            <LatitudeDegrees>42.6018100</LatitudeDegrees>
            <LongitudeDegrees>-5.5757900</LongitudeDegrees>
          </Position>
          <AltitudeMeters>843.3</AltitudeMeters>
          <DistanceMeters>1255.2</DistanceMeters>
        </Trackpoint>
        <Trackpoint>
          <Time>2027-05-09T07:05:13Z</Time>
          <Position>
            <LatitudeDegrees>42.6018000</LatitudeDegrees>
            <LongitudeDegrees>-5.5764000</LongitudeDegrees>
          </Position>
          <AltitudeMeters>842.6</AltitudeMeters>
          <DistanceMeters>1305.1</DistanceMeters>
        </Trackpoint>
        <Trackpoint>
          <Time>2027-05-09T07:05:25Z</Time>
          <Position>
            <LatitudeDegrees>42.6018000</LatitudeDegrees>
            <LongitudeDegrees>-5.5770200</LongitudeDegrees>
          </Position>
          <AltitudeMeters>842.3</AltitudeMeters>
          <DistanceMeters>1355.9</DistanceMeters>
        </Trackpoint>
        <Trackpoint>
          <Time>2027-05-09T07:05:37Z</Time>
          <Position>
            <LatitudeDegrees>42.6018000</LatitudeDegrees>
            <LongitudeDegrees>-5.5776400</LongitudeDegrees>
          </Position>
          <AltitudeMeters>841.7</AltitudeMeters>
          <DistanceMeters>1406.6</DistanceMeters>
        </Trackpoint>
        <Trackpoint>
          <Time>2027-05-09T07:05:51Z</Time>
          <Position>
            <LatitudeDegrees>42.6018400</LatitudeDegrees>
            <LongitudeDegrees>-5.5783700</LongitudeDegrees>
          </Position>
          <AltitudeMeters>840.4</AltitudeMeters>
          <DistanceMeters>1466.5</DistanceMeters>
        </Trackpoint>
        <Trackpoint>
          <Time>2027-05-09T07:06:06Z</Time>
          <Position>
            <LatitudeDegrees>42.6018800</LatitudeDegrees>
            <LongitudeDegrees>-5.5791000</LongitudeDegrees>
          </Position>
          <AltitudeMeters>839.2</AltitudeMeters>
          <DistanceMeters>1526.5</DistanceMeters>
        </Trackpoint>
        <Trackpoint>
          <Time>2027-05-09T07:06:20Z</Time>
          <Position>
            <LatitudeDegrees>42.6019200</LatitudeDegrees>
            <LongitudeDegrees>-5.5798300</LongitudeDegrees>
          </Position>
          <AltitudeMeters>838.0</AltitudeMeters>
          <DistanceMeters>1586.4</DistanceMeters>
        </Trackpoint>
        <Trackpoint>
          <Time>2027-05-09T07:06:29Z</Time>
          <Position>
            <LatitudeDegrees>42.6017100</LatitudeDegrees>
            <LongitudeDegrees>-5.5801400</LongitudeDegrees>
          </Position>
          <AltitudeMeters>836.3</AltitudeMeters>
          <DistanceMeters>1620.9</DistanceMeters>
        </Trackpoint>
        <Trackpoint>
          <Time>2027-05-09T07:06:33Z</Time>
          <Position>
            <LatitudeDegrees>42.6018400</LatitudeDegrees>
            <LongitudeDegrees>-5.5803000</LongitudeDegrees>
          </Position>
          <AltitudeMeters>835.3</AltitudeMeters>
          <DistanceMeters>1640.4</DistanceMeters>
        </Trackpoint>
        <Trackpoint>
          <Time>2027-05-09T07:06:36Z</Time>
          <Position>
            <LatitudeDegrees>42.6017800</LatitudeDegrees>
            <LongitudeDegrees>-5.5804100</LongitudeDegrees>
          </Position>
          <AltitudeMeters>835.3</AltitudeMeters>
          <DistanceMeters>1651.6</DistanceMeters>
        </Trackpoint>
        <Trackpoint>
          <Time>2027-05-09T07:06:50Z</Time>
          <Position>
            <LatitudeDegrees>42.6016600</LatitudeDegrees>
            <LongitudeDegrees>-5.5811100</LongitudeDegrees>
          </Position>
          <AltitudeMeters>834.5</AltitudeMeters>
          <DistanceMeters>1710.4</DistanceMeters>
        </Trackpoint>
        <Trackpoint>
          <Time>2027-05-09T07:07:04Z</Time>
          <Position>
            <LatitudeDegrees>42.6015500</LatitudeDegrees>
            <LongitudeDegrees>-5.5818200</LongitudeDegrees>
          </Position>
          <AltitudeMeters>833.0</AltitudeMeters>
          <DistanceMeters>1769.8</DistanceMeters>
        </Trackpoint>
        <Trackpoint>
          <Time>2027-05-09T07:07:18Z</Time>
          <Position>
            <LatitudeDegrees>42.6014300</LatitudeDegrees>
            <LongitudeDegrees>-5.5825200</LongitudeDegrees>
          </Position>
          <AltitudeMeters>831.5</AltitudeMeters>
          <DistanceMeters>1828.6</DistanceMeters>
        </Trackpoint>
        <Trackpoint>
          <Time>2027-05-09T07:07:32Z</Time>
          <Position>
            <LatitudeDegrees>42.6011900</LatitudeDegrees>
            <LongitudeDegrees>-5.5831400</LongitudeDegrees>
          </Position>
          <AltitudeMeters>830.3</AltitudeMeters>
          <DistanceMeters>1885.9</DistanceMeters>
        </Trackpoint>
        <Trackpoint>
          <Time>2027-05-09T07:07:46Z</Time>
          <Position>
            <LatitudeDegrees>42.6009600</LatitudeDegrees>
            <LongitudeDegrees>-5.5837600</LongitudeDegrees>
          </Position>
          <AltitudeMeters>829.4</AltitudeMeters>
          <DistanceMeters>1942.8</DistanceMeters>
        </Trackpoint>
        <Trackpoint>
          <Time>2027-05-09T07:07:59Z</Time>
          <Position>
            <LatitudeDegrees>42.6007200</LatitudeDegrees>
            <LongitudeDegrees>-5.5843700</LongitudeDegrees>
          </Position>
          <AltitudeMeters>829.7</AltitudeMeters>
          <DistanceMeters>1999.4</DistanceMeters>
        </Trackpoint>
        <Trackpoint>
          <Time>2027-05-09T07:08:13Z</Time>
          <Position>
            <LatitudeDegrees>42.6004900</LatitudeDegrees>
            <LongitudeDegrees>-5.5849900</LongitudeDegrees>
          </Position>
          <AltitudeMeters>831.1</AltitudeMeters>
          <DistanceMeters>2056.2</DistanceMeters>
        </Trackpoint>
        <Trackpoint>
          <Time>2027-05-09T07:08:27Z</Time>
          <Position>
            <LatitudeDegrees>42.6002500</LatitudeDegrees>
            <LongitudeDegrees>-5.5856100</LongitudeDegrees>
          </Position>
          <AltitudeMeters>832.5</AltitudeMeters>
          <DistanceMeters>2113.5</DistanceMeters>
        </Trackpoint>
        <Trackpoint>
          <Time>2027-05-09T07:08:29Z</Time>
          <Position>
            <LatitudeDegrees>42.6001600</LatitudeDegrees>
            <LongitudeDegrees>-5.5856300</LongitudeDegrees>
          </Position>
          <AltitudeMeters>833.5</AltitudeMeters>
          <DistanceMeters>2123.7</DistanceMeters>
        </Trackpoint>
        <Trackpoint>
          <Time>2027-05-09T07:08:33Z</Time>
          <Position>
            <LatitudeDegrees>42.6000700</LatitudeDegrees>
            <LongitudeDegrees>-5.5857600</LongitudeDegrees>
          </Position>
          <AltitudeMeters>834.0</AltitudeMeters>
          <DistanceMeters>2138.3</DistanceMeters>
        </Trackpoint>
        <Trackpoint>
          <Time>2027-05-09T07:08:38Z</Time>
          <Position>
            <LatitudeDegrees>42.6000900</LatitudeDegrees>
            <LongitudeDegrees>-5.5860300</LongitudeDegrees>
          </Position>
          <AltitudeMeters>834.0</AltitudeMeters>
          <DistanceMeters>2160.5</DistanceMeters>
        </Trackpoint>
        <Trackpoint>
          <Time>2027-05-09T07:08:51Z</Time>
          <Position>
            <LatitudeDegrees>42.5998800</LatitudeDegrees>
            <LongitudeDegrees>-5.5866000</LongitudeDegrees>
          </Position>
          <AltitudeMeters>833.6</AltitudeMeters>
          <DistanceMeters>2212.7</DistanceMeters>
        </Trackpoint>
        <Trackpoint>
          <Time>2027-05-09T07:09:03Z</Time>
          <Position>
            <LatitudeDegrees>42.5996700</LatitudeDegrees>
            <LongitudeDegrees>-5.5871600</LongitudeDegrees>
          </Position>
          <AltitudeMeters>832.8</AltitudeMeters>
          <DistanceMeters>2264.1</DistanceMeters>
        </Trackpoint>
        <Trackpoint>
          <Time>2027-05-09T07:09:15Z</Time>
          <Position>
            <LatitudeDegrees>42.5994700</LatitudeDegrees>
            <LongitudeDegrees>-5.5877300</LongitudeDegrees>
          </Position>
          <AltitudeMeters>831.7</AltitudeMeters>
          <DistanceMeters>2315.8</DistanceMeters>
        </Trackpoint>
        <Trackpoint>
          <Time>2027-05-09T07:09:28Z</Time>
          <Position>
            <LatitudeDegrees>42.5992600</LatitudeDegrees>
            <LongitudeDegrees>-5.5883000</LongitudeDegrees>
          </Position>
          <AltitudeMeters>830.6</AltitudeMeters>
          <DistanceMeters>2368.0</DistanceMeters>
        </Trackpoint>
        <Trackpoint>
          <Time>2027-05-09T07:09:40Z</Time>
          <Position>
            <LatitudeDegrees>42.5990500</LatitudeDegrees>
            <LongitudeDegrees>-5.5888600</LongitudeDegrees>
          </Position>
          <AltitudeMeters>829.7</AltitudeMeters>
          <DistanceMeters>2419.4</DistanceMeters>
        </Trackpoint>
        <Trackpoint>
          <Time>2027-05-09T07:09:53Z</Time>
          <Position>
            <LatitudeDegrees>42.5988400</LatitudeDegrees>
            <LongitudeDegrees>-5.5894300</LongitudeDegrees>
          </Position>
          <AltitudeMeters>829.4</AltitudeMeters>
          <DistanceMeters>2471.6</DistanceMeters>
        </Trackpoint>
        <Trackpoint>
          <Time>2027-05-09T07:10:05Z</Time>
          <Position>
            <LatitudeDegrees>42.5986800</LatitudeDegrees>
            <LongitudeDegrees>-5.5900100</LongitudeDegrees>
          </Position>
          <AltitudeMeters>829.5</AltitudeMeters>
          <DistanceMeters>2522.3</DistanceMeters>
        </Trackpoint>
        <Trackpoint>
          <Time>2027-05-09T07:10:17Z</Time>
          <Position>
            <LatitudeDegrees>42.5986500</LatitudeDegrees>
            <LongitudeDegrees>-5.5906500</LongitudeDegrees>
          </Position>
          <AltitudeMeters>830.0</AltitudeMeters>
          <DistanceMeters>2574.8</DistanceMeters>
        </Trackpoint>
        <Trackpoint>
          <Time>2027-05-09T07:10:30Z</Time>
          <Position>
            <LatitudeDegrees>42.5986100</LatitudeDegrees>
            <LongitudeDegrees>-5.5912800</LongitudeDegrees>
          </Position>
          <AltitudeMeters>830.5</AltitudeMeters>
          <DistanceMeters>2626.5</DistanceMeters>
        </Trackpoint>
        <Trackpoint>
          <Time>2027-05-09T07:10:42Z</Time>
          <Position>
            <LatitudeDegrees>42.5985800</LatitudeDegrees>
            <LongitudeDegrees>-5.5919200</LongitudeDegrees>
          </Position>
          <AltitudeMeters>831.0</AltitudeMeters>
          <DistanceMeters>2679.0</DistanceMeters>
        </Trackpoint>
        <Trackpoint>
          <Time>2027-05-09T07:10:55Z</Time>
          <Position>
            <LatitudeDegrees>42.5985500</LatitudeDegrees>
            <LongitudeDegrees>-5.5925500</LongitudeDegrees>
          </Position>
          <AltitudeMeters>831.1</AltitudeMeters>
          <DistanceMeters>2730.7</DistanceMeters>
        </Trackpoint>
        <Trackpoint>
          <Time>2027-05-09T07:11:07Z</Time>
          <Position>
            <LatitudeDegrees>42.5985100</LatitudeDegrees>
            <LongitudeDegrees>-5.5931900</LongitudeDegrees>
          </Position>
          <AltitudeMeters>831.1</AltitudeMeters>
          <DistanceMeters>2783.3</DistanceMeters>
        </Trackpoint>
        <Trackpoint>
          <Time>2027-05-09T07:11:20Z</Time>
          <Position>
            <LatitudeDegrees>42.5984800</LatitudeDegrees>
            <LongitudeDegrees>-5.5938200</LongitudeDegrees>
          </Position>
          <AltitudeMeters>830.8</AltitudeMeters>
          <DistanceMeters>2835.0</DistanceMeters>
        </Trackpoint>
        <Trackpoint>
          <Time>2027-05-09T07:11:32Z</Time>
          <Position>
            <LatitudeDegrees>42.5984500</LatitudeDegrees>
            <LongitudeDegrees>-5.5944600</LongitudeDegrees>
          </Position>
          <AltitudeMeters>830.4</AltitudeMeters>
          <DistanceMeters>2887.4</DistanceMeters>
        </Trackpoint>
        <Trackpoint>
          <Time>2027-05-09T07:11:45Z</Time>
          <Position>
            <LatitudeDegrees>42.5984100</LatitudeDegrees>
            <LongitudeDegrees>-5.5950900</LongitudeDegrees>
          </Position>
          <AltitudeMeters>830.0</AltitudeMeters>
          <DistanceMeters>2939.2</DistanceMeters>
        </Trackpoint>
        <Trackpoint>
          <Time>2027-05-09T07:11:58Z</Time>
          <Position>
            <LatitudeDegrees>42.5983800</LatitudeDegrees>
            <LongitudeDegrees>-5.5957300</LongitudeDegrees>
          </Position>
          <AltitudeMeters>829.7</AltitudeMeters>
          <DistanceMeters>2991.7</DistanceMeters>
        </Trackpoint>
        <Trackpoint>
          <Time>2027-05-09T07:12:10Z</Time>
          <Position>
            <LatitudeDegrees>42.5983500</LatitudeDegrees>
            <LongitudeDegrees>-5.5963600</LongitudeDegrees>
          </Position>
          <AltitudeMeters>829.6</AltitudeMeters>
          <DistanceMeters>3043.4</DistanceMeters>
        </Trackpoint>
        <Trackpoint>
          <Time>2027-05-09T07:12:23Z</Time>
          <Position>
            <LatitudeDegrees>42.5983100</LatitudeDegrees>
            <LongitudeDegrees>-5.5970000</LongitudeDegrees>
          </Position>
          <AltitudeMeters>829.9</AltitudeMeters>
          <DistanceMeters>3095.9</DistanceMeters>
        </Trackpoint>
        <Trackpoint>
          <Time>2027-05-09T07:12:35Z</Time>
          <Position>
            <LatitudeDegrees>42.5982800</LatitudeDegrees>
            <LongitudeDegrees>-5.5976300</LongitudeDegrees>
          </Position>
          <AltitudeMeters>830.4</AltitudeMeters>
          <DistanceMeters>3147.6</DistanceMeters>
        </Trackpoint>
        <Trackpoint>
          <Time>2027-05-09T07:12:53Z</Time>
          <Position>
            <LatitudeDegrees>42.5982500</LatitudeDegrees>
            <LongitudeDegrees>-5.5985700</LongitudeDegrees>
          </Position>
          <AltitudeMeters>830.6</AltitudeMeters>
          <DistanceMeters>3224.6</DistanceMeters>
        </Trackpoint>
        <Trackpoint>
          <Time>2027-05-09T07:12:56Z</Time>
          <Position>
            <LatitudeDegrees>42.5983000</LatitudeDegrees>
            <LongitudeDegrees>-5.5986700</LongitudeDegrees>
          </Position>
          <AltitudeMeters>830.5</AltitudeMeters>
          <DistanceMeters>3234.5</DistanceMeters>
        </Trackpoint>
        <Trackpoint>
          <Time>2027-05-09T07:13:08Z</Time>
          <Position>
            <LatitudeDegrees>42.5982000</LatitudeDegrees>
            <LongitudeDegrees>-5.5992800</LongitudeDegrees>
          </Position>
          <AltitudeMeters>830.1</AltitudeMeters>
          <DistanceMeters>3285.7</DistanceMeters>
        </Trackpoint>
        <Trackpoint>
          <Time>2027-05-09T07:13:20Z</Time>
          <Position>
            <LatitudeDegrees>42.5981000</LatitudeDegrees>
            <LongitudeDegrees>-5.5998800</LongitudeDegrees>
          </Position>
          <AltitudeMeters>829.4</AltitudeMeters>
          <DistanceMeters>3336.0</DistanceMeters>
        </Trackpoint>
        <Trackpoint>
          <Time>2027-05-09T07:13:32Z</Time>
          <Position>
            <LatitudeDegrees>42.5979900</LatitudeDegrees>
            <LongitudeDegrees>-5.6004900</LongitudeDegrees>
          </Position>
          <AltitudeMeters>828.6</AltitudeMeters>
          <DistanceMeters>3387.4</DistanceMeters>
        </Trackpoint>
        <Trackpoint>
          <Time>2027-05-09T07:13:45Z</Time>
          <Position>
            <LatitudeDegrees>42.5978900</LatitudeDegrees>
            <LongitudeDegrees>-5.6010900</LongitudeDegrees>
          </Position>
          <AltitudeMeters>827.8</AltitudeMeters>
          <DistanceMeters>3437.8</DistanceMeters>
        </Trackpoint>
        <Trackpoint>
          <Time>2027-05-09T07:13:48Z</Time>
          <Position>
            <LatitudeDegrees>42.5979600</LatitudeDegrees>
            <LongitudeDegrees>-5.6012500</LongitudeDegrees>
          </Position>
          <AltitudeMeters>828.0</AltitudeMeters>
          <DistanceMeters>3453.0</DistanceMeters>
        </Trackpoint>
        <Trackpoint>
          <Time>2027-05-09T07:13:56Z</Time>
          <Position>
            <LatitudeDegrees>42.5977900</LatitudeDegrees>
            <LongitudeDegrees>-5.6015800</LongitudeDegrees>
          </Position>
          <AltitudeMeters>828.4</AltitudeMeters>
          <DistanceMeters>3486.0</DistanceMeters>
        </Trackpoint>
        <Trackpoint>
          <Time>2027-05-09T07:14:13Z</Time>
          <Position>
            <LatitudeDegrees>42.5975800</LatitudeDegrees>
            <LongitudeDegrees>-5.6023700</LongitudeDegrees>
          </Position>
          <AltitudeMeters>828.9</AltitudeMeters>
          <DistanceMeters>3554.8</DistanceMeters>
        </Trackpoint>
        <Trackpoint>
          <Time>2027-05-09T07:14:27Z</Time>
          <Position>
            <LatitudeDegrees>42.5973500</LatitudeDegrees>
            <LongitudeDegrees>-5.6030300</LongitudeDegrees>
          </Position>
          <AltitudeMeters>829.8</AltitudeMeters>
          <DistanceMeters>3614.5</DistanceMeters>
        </Trackpoint>
        <Trackpoint>
          <Time>2027-05-09T07:14:41Z</Time>
          <Position>
            <LatitudeDegrees>42.5971200</LatitudeDegrees>
            <LongitudeDegrees>-5.6036900</LongitudeDegrees>
          </Position>
          <AltitudeMeters>831.4</AltitudeMeters>
          <DistanceMeters>3674.3</DistanceMeters>
        </Trackpoint>
        <Trackpoint>
          <Time>2027-05-09T07:14:56Z</Time>
          <Position>
            <LatitudeDegrees>42.5969000</LatitudeDegrees>
            <LongitudeDegrees>-5.6043500</LongitudeDegrees>
          </Position>
          <AltitudeMeters>833.0</AltitudeMeters>
          <DistanceMeters>3733.6</DistanceMeters>
        </Trackpoint>
        <Trackpoint>
          <Time>2027-05-09T07:15:10Z</Time>
          <Position>
            <LatitudeDegrees>42.5966700</LatitudeDegrees>
            <LongitudeDegrees>-5.6050100</LongitudeDegrees>
          </Position>
          <AltitudeMeters>834.8</AltitudeMeters>
          <DistanceMeters>3793.4</DistanceMeters>
        </Trackpoint>
        <Trackpoint>
          <Time>2027-05-09T07:15:24Z</Time>
          <Position>
            <LatitudeDegrees>42.5964400</LatitudeDegrees>
            <LongitudeDegrees>-5.6056700</LongitudeDegrees>
          </Position>
          <AltitudeMeters>836.7</AltitudeMeters>
          <DistanceMeters>3853.1</DistanceMeters>
        </Trackpoint>
        <Trackpoint>
          <Time>2027-05-09T07:15:36Z</Time>
          <Position>
            <LatitudeDegrees>42.5963700</LatitudeDegrees>
            <LongitudeDegrees>-5.6062700</LongitudeDegrees>
          </Position>
          <AltitudeMeters>838.3</AltitudeMeters>
          <DistanceMeters>3902.9</DistanceMeters>
        </Trackpoint>
        <Trackpoint>
          <Time>2027-05-09T07:15:48Z</Time>
          <Position>
            <LatitudeDegrees>42.5963100</LatitudeDegrees>
            <LongitudeDegrees>-5.6068800</LongitudeDegrees>
          </Position>
          <AltitudeMeters>839.2</AltitudeMeters>
          <DistanceMeters>3953.2</DistanceMeters>
        </Trackpoint>
        <Trackpoint>
          <Time>2027-05-09T07:16:00Z</Time>
          <Position>
            <LatitudeDegrees>42.5962400</LatitudeDegrees>
            <LongitudeDegrees>-5.6074800</LongitudeDegrees>
          </Position>
          <AltitudeMeters>839.7</AltitudeMeters>
          <DistanceMeters>4003.0</DistanceMeters>
        </Trackpoint>
        <Trackpoint>
          <Time>2027-05-09T07:16:12Z</Time>
          <Position>
            <LatitudeDegrees>42.5961800</LatitudeDegrees>
            <LongitudeDegrees>-5.6080900</LongitudeDegrees>
          </Position>
          <AltitudeMeters>839.8</AltitudeMeters>
          <DistanceMeters>4053.3</DistanceMeters>
        </Trackpoint>
        <Trackpoint>
          <Time>2027-05-09T07:16:24Z</Time>
          <Position>
            <LatitudeDegrees>42.5961100</LatitudeDegrees>
            <LongitudeDegrees>-5.6086900</LongitudeDegrees>
          </Position>
          <AltitudeMeters>839.8</AltitudeMeters>
          <DistanceMeters>4103.1</DistanceMeters>
        </Trackpoint>
        <Trackpoint>
          <Time>2027-05-09T07:16:28Z</Time>
          <Position>
            <LatitudeDegrees>42.5959700</LatitudeDegrees>
            <LongitudeDegrees>-5.6085900</LongitudeDegrees>
          </Position>
          <AltitudeMeters>839.8</AltitudeMeters>
          <DistanceMeters>4120.7</DistanceMeters>
        </Trackpoint>
        <Trackpoint>
          <Time>2027-05-09T07:16:42Z</Time>
          <Position>
            <LatitudeDegrees>42.5957300</LatitudeDegrees>
            <LongitudeDegrees>-5.6092100</LongitudeDegrees>
          </Position>
          <AltitudeMeters>839.7</AltitudeMeters>
          <DistanceMeters>4178.0</DistanceMeters>
        </Trackpoint>
        <Trackpoint>
          <Time>2027-05-09T07:16:56Z</Time>
          <Position>
            <LatitudeDegrees>42.5954800</LatitudeDegrees>
            <LongitudeDegrees>-5.6098400</LongitudeDegrees>
          </Position>
          <AltitudeMeters>840.4</AltitudeMeters>
          <DistanceMeters>4236.6</DistanceMeters>
        </Trackpoint>
        <Trackpoint>
          <Time>2027-05-09T07:17:10Z</Time>
          <Position>
            <LatitudeDegrees>42.5952400</LatitudeDegrees>
            <LongitudeDegrees>-5.6104600</LongitudeDegrees>
          </Position>
          <AltitudeMeters>843.0</AltitudeMeters>
          <DistanceMeters>4293.9</DistanceMeters>
        </Trackpoint>
        <Trackpoint>
          <Time>2027-05-09T07:17:27Z</Time>
          <Position>
            <LatitudeDegrees>42.5949600</LatitudeDegrees>
            <LongitudeDegrees>-5.6112400</LongitudeDegrees>
          </Position>
          <AltitudeMeters>845.4</AltitudeMeters>
          <DistanceMeters>4365.0</DistanceMeters>
        </Trackpoint>
        <Trackpoint>
          <Time>2027-05-09T07:17:44Z</Time>
          <Position>
            <LatitudeDegrees>42.5946800</LatitudeDegrees>
            <LongitudeDegrees>-5.6120200</LongitudeDegrees>
          </Position>
          <AltitudeMeters>848.2</AltitudeMeters>
          <DistanceMeters>4436.0</DistanceMeters>
        </Trackpoint>
        <Trackpoint>
          <Time>2027-05-09T07:17:47Z</Time>
          <Position>
            <LatitudeDegrees>42.5948000</LatitudeDegrees>
            <LongitudeDegrees>-5.6120300</LongitudeDegrees>
          </Position>
          <AltitudeMeters>851.4</AltitudeMeters>
          <DistanceMeters>4449.4</DistanceMeters>
        </Trackpoint>
        <Trackpoint>
          <Time>2027-05-09T07:17:51Z</Time>
          <Position>
            <LatitudeDegrees>42.5947800</LatitudeDegrees>
            <LongitudeDegrees>-5.6121900</LongitudeDegrees>
          </Position>
          <AltitudeMeters>854.0</AltitudeMeters>
          <DistanceMeters>4462.6</DistanceMeters>
        </Trackpoint>
        <Trackpoint>
          <Time>2027-05-09T07:18:04Z</Time>
          <Position>
            <LatitudeDegrees>42.5942800</LatitudeDegrees>
            <LongitudeDegrees>-5.6120400</LongitudeDegrees>
          </Position>
          <AltitudeMeters>855.4</AltitudeMeters>
          <DistanceMeters>4519.6</DistanceMeters>
        </Trackpoint>
        <Trackpoint>
          <Time>2027-05-09T07:18:08Z</Time>
          <Position>
            <LatitudeDegrees>42.5942600</LatitudeDegrees>
            <LongitudeDegrees>-5.6122500</LongitudeDegrees>
          </Position>
          <AltitudeMeters>857.3</AltitudeMeters>
          <DistanceMeters>4536.9</DistanceMeters>
        </Trackpoint>
        <Trackpoint>
          <Time>2027-05-09T07:18:24Z</Time>
          <Position>
            <LatitudeDegrees>42.5943900</LatitudeDegrees>
            <LongitudeDegrees>-5.6130200</LongitudeDegrees>
          </Position>
          <AltitudeMeters>859.7</AltitudeMeters>
          <DistanceMeters>4601.6</DistanceMeters>
        </Trackpoint>
        <Trackpoint>
          <Time>2027-05-09T07:18:30Z</Time>
          <Position>
            <LatitudeDegrees>42.5943500</LatitudeDegrees>
            <LongitudeDegrees>-5.6133300</LongitudeDegrees>
          </Position>
          <AltitudeMeters>862.2</AltitudeMeters>
          <DistanceMeters>4627.3</DistanceMeters>
        </Trackpoint>
        <Trackpoint>
          <Time>2027-05-09T07:18:42Z</Time>
          <Position>
            <LatitudeDegrees>42.5940800</LatitudeDegrees>
            <LongitudeDegrees>-5.6138400</LongitudeDegrees>
          </Position>
          <AltitudeMeters>864.5</AltitudeMeters>
          <DistanceMeters>4678.8</DistanceMeters>
        </Trackpoint>
        <Trackpoint>
          <Time>2027-05-09T07:18:55Z</Time>
          <Position>
            <LatitudeDegrees>42.5938000</LatitudeDegrees>
            <LongitudeDegrees>-5.6143400</LongitudeDegrees>
          </Position>
          <AltitudeMeters>866.2</AltitudeMeters>
          <DistanceMeters>4730.2</DistanceMeters>
        </Trackpoint>
        <Trackpoint>
          <Time>2027-05-09T07:19:08Z</Time>
          <Position>
            <LatitudeDegrees>42.5935500</LatitudeDegrees>
            <LongitudeDegrees>-5.6149400</LongitudeDegrees>
          </Position>
          <AltitudeMeters>867.5</AltitudeMeters>
          <DistanceMeters>4786.6</DistanceMeters>
        </Trackpoint>
        <Trackpoint>
          <Time>2027-05-09T07:19:22Z</Time>
          <Position>
            <LatitudeDegrees>42.5933100</LatitudeDegrees>
            <LongitudeDegrees>-5.6155400</LongitudeDegrees>
          </Position>
          <AltitudeMeters>867.8</AltitudeMeters>
          <DistanceMeters>4842.5</DistanceMeters>
        </Trackpoint>
        <Trackpoint>
          <Time>2027-05-09T07:19:35Z</Time>
          <Position>
            <LatitudeDegrees>42.5930600</LatitudeDegrees>
            <LongitudeDegrees>-5.6161500</LongitudeDegrees>
          </Position>
          <AltitudeMeters>867.3</AltitudeMeters>
          <DistanceMeters>4899.7</DistanceMeters>
        </Trackpoint>
        <Trackpoint>
          <Time>2027-05-09T07:19:49Z</Time>
          <Position>
            <LatitudeDegrees>42.5928200</LatitudeDegrees>
            <LongitudeDegrees>-5.6167500</LongitudeDegrees>
          </Position>
          <AltitudeMeters>866.9</AltitudeMeters>
          <DistanceMeters>4955.6</DistanceMeters>
        </Trackpoint>
        <Trackpoint>
          <Time>2027-05-09T07:20:02Z</Time>
          <Position>
            <LatitudeDegrees>42.5925700</LatitudeDegrees>
            <LongitudeDegrees>-5.6173500</LongitudeDegrees>
          </Position>
          <AltitudeMeters>866.6</AltitudeMeters>
          <DistanceMeters>5012.0</DistanceMeters>
        </Trackpoint>
        <Trackpoint>
          <Time>2027-05-09T07:20:23Z</Time>
          <Position>
            <LatitudeDegrees>42.5921400</LatitudeDegrees>
            <LongitudeDegrees>-5.6182000</LongitudeDegrees>
          </Position>
          <AltitudeMeters>866.6</AltitudeMeters>
          <DistanceMeters>5096.4</DistanceMeters>
        </Trackpoint>
        <Trackpoint>
          <Time>2027-05-09T07:20:35Z</Time>
          <Position>
            <LatitudeDegrees>42.5919200</LatitudeDegrees>
            <LongitudeDegrees>-5.6187600</LongitudeDegrees>
          </Position>
          <AltitudeMeters>867.0</AltitudeMeters>
          <DistanceMeters>5148.4</DistanceMeters>
        </Trackpoint>
        <Trackpoint>
          <Time>2027-05-09T07:20:48Z</Time>
          <Position>
            <LatitudeDegrees>42.5917000</LatitudeDegrees>
            <LongitudeDegrees>-5.6193200</LongitudeDegrees>
          </Position>
          <AltitudeMeters>867.8</AltitudeMeters>
          <DistanceMeters>5200.4</DistanceMeters>
        </Trackpoint>
        <Trackpoint>
          <Time>2027-05-09T07:21:00Z</Time>
          <Position>
            <LatitudeDegrees>42.5914800</LatitudeDegrees>
            <LongitudeDegrees>-5.6198800</LongitudeDegrees>
          </Position>
          <AltitudeMeters>868.9</AltitudeMeters>
          <DistanceMeters>5252.3</DistanceMeters>
        </Trackpoint>
        <Trackpoint>
          <Time>2027-05-09T07:21:13Z</Time>
          <Position>
            <LatitudeDegrees>42.5912600</LatitudeDegrees>
            <LongitudeDegrees>-5.6204400</LongitudeDegrees>
          </Position>
          <AltitudeMeters>869.7</AltitudeMeters>
          <DistanceMeters>5304.3</DistanceMeters>
        </Trackpoint>
        <Trackpoint>
          <Time>2027-05-09T07:21:26Z</Time>
          <Position>
            <LatitudeDegrees>42.5909900</LatitudeDegrees>
            <LongitudeDegrees>-5.6209900</LongitudeDegrees>
          </Position>
          <AltitudeMeters>870.3</AltitudeMeters>
          <DistanceMeters>5358.4</DistanceMeters>
        </Trackpoint>
        <Trackpoint>
          <Time>2027-05-09T07:21:39Z</Time>
          <Position>
            <LatitudeDegrees>42.5907200</LatitudeDegrees>
            <LongitudeDegrees>-5.6215400</LongitudeDegrees>
          </Position>
          <AltitudeMeters>870.9</AltitudeMeters>
          <DistanceMeters>5412.5</DistanceMeters>
        </Trackpoint>
        <Trackpoint>
          <Time>2027-05-09T07:21:52Z</Time>
          <Position>
            <LatitudeDegrees>42.5904500</LatitudeDegrees>
            <LongitudeDegrees>-5.6221000</LongitudeDegrees>
          </Position>
          <AltitudeMeters>871.3</AltitudeMeters>
          <DistanceMeters>5467.3</DistanceMeters>
        </Trackpoint>
        <Trackpoint>
          <Time>2027-05-09T07:22:05Z</Time>
          <Position>
            <LatitudeDegrees>42.5901800</LatitudeDegrees>
            <LongitudeDegrees>-5.6226500</LongitudeDegrees>
          </Position>
          <AltitudeMeters>871.6</AltitudeMeters>
          <DistanceMeters>5521.4</DistanceMeters>
        </Trackpoint>
        <Trackpoint>
          <Time>2027-05-09T07:22:17Z</Time>
          <Position>
            <LatitudeDegrees>42.5899200</LatitudeDegrees>
            <LongitudeDegrees>-5.6232000</LongitudeDegrees>
          </Position>
          <AltitudeMeters>872.3</AltitudeMeters>
          <DistanceMeters>5574.9</DistanceMeters>
        </Trackpoint>
        <Trackpoint>
          <Time>2027-05-09T07:22:30Z</Time>
          <Position>
            <LatitudeDegrees>42.5896500</LatitudeDegrees>
            <LongitudeDegrees>-5.6237500</LongitudeDegrees>
          </Position>
          <AltitudeMeters>873.1</AltitudeMeters>
          <DistanceMeters>5629.1</DistanceMeters>
        </Trackpoint>
        <Trackpoint>
          <Time>2027-05-09T07:22:43Z</Time>
          <Position>
            <LatitudeDegrees>42.5893800</LatitudeDegrees>
            <LongitudeDegrees>-5.6243000</LongitudeDegrees>
          </Position>
          <AltitudeMeters>873.9</AltitudeMeters>
          <DistanceMeters>5683.2</DistanceMeters>
        </Trackpoint>
        <Trackpoint>
          <Time>2027-05-09T07:22:57Z</Time>
          <Position>
            <LatitudeDegrees>42.5891100</LatitudeDegrees>
            <LongitudeDegrees>-5.6248600</LongitudeDegrees>
          </Position>
          <AltitudeMeters>874.7</AltitudeMeters>
          <DistanceMeters>5738.0</DistanceMeters>
        </Trackpoint>
        <Trackpoint>
          <Time>2027-05-09T07:23:10Z</Time>
          <Position>
            <LatitudeDegrees>42.5888400</LatitudeDegrees>
            <LongitudeDegrees>-5.6254100</LongitudeDegrees>
          </Position>
          <AltitudeMeters>875.6</AltitudeMeters>
          <DistanceMeters>5792.1</DistanceMeters>
        </Trackpoint>
        <Trackpoint>
          <Time>2027-05-09T07:23:23Z</Time>
          <Position>
            <LatitudeDegrees>42.5885700</LatitudeDegrees>
            <LongitudeDegrees>-5.6259600</LongitudeDegrees>
          </Position>
          <AltitudeMeters>876.9</AltitudeMeters>
          <DistanceMeters>5846.2</DistanceMeters>
        </Trackpoint>
        <Trackpoint>
          <Time>2027-05-09T07:23:31Z</Time>
          <Position>
            <LatitudeDegrees>42.5883200</LatitudeDegrees>
            <LongitudeDegrees>-5.6262600</LongitudeDegrees>
          </Position>
          <AltitudeMeters>878.2</AltitudeMeters>
          <DistanceMeters>5883.3</DistanceMeters>
        </Trackpoint>
        <Trackpoint>
          <Time>2027-05-09T07:23:43Z</Time>
          <Position>
            <LatitudeDegrees>42.5879400</LatitudeDegrees>
            <LongitudeDegrees>-5.6264800</LongitudeDegrees>
          </Position>
          <AltitudeMeters>879.9</AltitudeMeters>
          <DistanceMeters>5929.2</DistanceMeters>
        </Trackpoint>
        <Trackpoint>
          <Time>2027-05-09T07:23:53Z</Time>
          <Position>
            <LatitudeDegrees>42.5876100</LatitudeDegrees>
            <LongitudeDegrees>-5.6267800</LongitudeDegrees>
          </Position>
          <AltitudeMeters>881.6</AltitudeMeters>
          <DistanceMeters>5973.4</DistanceMeters>
        </Trackpoint>
        <Trackpoint>
          <Time>2027-05-09T07:24:10Z</Time>
          <Position>
            <LatitudeDegrees>42.5871700</LatitudeDegrees>
            <LongitudeDegrees>-5.6274200</LongitudeDegrees>
          </Position>
          <AltitudeMeters>883.5</AltitudeMeters>
          <DistanceMeters>6045.1</DistanceMeters>
        </Trackpoint>
        <Trackpoint>
          <Time>2027-05-09T07:24:28Z</Time>
          <Position>
            <LatitudeDegrees>42.5867200</LatitudeDegrees>
            <LongitudeDegrees>-5.6280500</LongitudeDegrees>
          </Position>
          <AltitudeMeters>885.0</AltitudeMeters>
          <DistanceMeters>6116.9</DistanceMeters>
        </Trackpoint>
        <Trackpoint>
          <Time>2027-05-09T07:24:44Z</Time>
          <Position>
            <LatitudeDegrees>42.5864300</LatitudeDegrees>
            <LongitudeDegrees>-5.6287800</LongitudeDegrees>
          </Position>
          <AltitudeMeters>886.1</AltitudeMeters>
          <DistanceMeters>6184.8</DistanceMeters>
        </Trackpoint>
        <Trackpoint>
          <Time>2027-05-09T07:24:48Z</Time>
          <Position>
            <LatitudeDegrees>42.5862800</LatitudeDegrees>
            <LongitudeDegrees>-5.6288700</LongitudeDegrees>
          </Position>
          <AltitudeMeters>887.3</AltitudeMeters>
          <DistanceMeters>6203.1</DistanceMeters>
        </Trackpoint>
        <Trackpoint>
          <Time>2027-05-09T07:24:55Z</Time>
          <Position>
            <LatitudeDegrees>42.5860500</LatitudeDegrees>
            <LongitudeDegrees>-5.6287500</LongitudeDegrees>
          </Position>
          <AltitudeMeters>888.7</AltitudeMeters>
          <DistanceMeters>6230.5</DistanceMeters>
        </Trackpoint>
        <Trackpoint>
          <Time>2027-05-09T07:25:07Z</Time>
          <Position>
            <LatitudeDegrees>42.5858500</LatitudeDegrees>
            <LongitudeDegrees>-5.6293200</LongitudeDegrees>
          </Position>
          <AltitudeMeters>889.9</AltitudeMeters>
          <DistanceMeters>6282.2</DistanceMeters>
        </Trackpoint>
        <Trackpoint>
          <Time>2027-05-09T07:25:20Z</Time>
          <Position>
            <LatitudeDegrees>42.5856500</LatitudeDegrees>
            <LongitudeDegrees>-5.6298900</LongitudeDegrees>
          </Position>
          <AltitudeMeters>891.1</AltitudeMeters>
          <DistanceMeters>6333.9</DistanceMeters>
        </Trackpoint>
        <Trackpoint>
          <Time>2027-05-09T07:25:32Z</Time>
          <Position>
            <LatitudeDegrees>42.5854500</LatitudeDegrees>
            <LongitudeDegrees>-5.6304600</LongitudeDegrees>
          </Position>
          <AltitudeMeters>892.6</AltitudeMeters>
          <DistanceMeters>6385.6</DistanceMeters>
        </Trackpoint>
        <Trackpoint>
          <Time>2027-05-09T07:25:44Z</Time>
          <Position>
            <LatitudeDegrees>42.5852500</LatitudeDegrees>
            <LongitudeDegrees>-5.6310300</LongitudeDegrees>
          </Position>
          <AltitudeMeters>893.6</AltitudeMeters>
          <DistanceMeters>6437.3</DistanceMeters>
        </Trackpoint>
        <Trackpoint>
          <Time>2027-05-09T07:25:58Z</Time>
          <Position>
            <LatitudeDegrees>42.5849800</LatitudeDegrees>
            <LongitudeDegrees>-5.6316000</LongitudeDegrees>
          </Position>
          <AltitudeMeters>894.2</AltitudeMeters>
          <DistanceMeters>6492.7</DistanceMeters>
        </Trackpoint>
        <Trackpoint>
          <Time>2027-05-09T07:26:11Z</Time>
          <Position>
            <LatitudeDegrees>42.5847100</LatitudeDegrees>
            <LongitudeDegrees>-5.6321600</LongitudeDegrees>
          </Position>
          <AltitudeMeters>894.7</AltitudeMeters>
          <DistanceMeters>6547.5</DistanceMeters>
        </Trackpoint>
        <Trackpoint>
          <Time>2027-05-09T07:26:25Z</Time>
          <Position>
            <LatitudeDegrees>42.5844800</LatitudeDegrees>
            <LongitudeDegrees>-5.6327800</LongitudeDegrees>
          </Position>
          <AltitudeMeters>895.5</AltitudeMeters>
          <DistanceMeters>6604.4</DistanceMeters>
        </Trackpoint>
        <Trackpoint>
          <Time>2027-05-09T07:26:38Z</Time>
          <Position>
            <LatitudeDegrees>42.5842500</LatitudeDegrees>
            <LongitudeDegrees>-5.6334000</LongitudeDegrees>
          </Position>
          <AltitudeMeters>896.7</AltitudeMeters>
          <DistanceMeters>6661.2</DistanceMeters>
        </Trackpoint>
        <Trackpoint>
          <Time>2027-05-09T07:26:52Z</Time>
          <Position>
            <LatitudeDegrees>42.5840300</LatitudeDegrees>
            <LongitudeDegrees>-5.6340300</LongitudeDegrees>
          </Position>
          <AltitudeMeters>898.5</AltitudeMeters>
          <DistanceMeters>6718.3</DistanceMeters>
        </Trackpoint>
        <Trackpoint>
          <Time>2027-05-09T07:27:06Z</Time>
          <Position>
            <LatitudeDegrees>42.5838000</LatitudeDegrees>
            <LongitudeDegrees>-5.6346500</LongitudeDegrees>
          </Position>
          <AltitudeMeters>900.9</AltitudeMeters>
          <DistanceMeters>6775.1</DistanceMeters>
        </Trackpoint>
        <Trackpoint>
          <Time>2027-05-09T07:27:19Z</Time>
          <Position>
            <LatitudeDegrees>42.5835700</LatitudeDegrees>
            <LongitudeDegrees>-5.6352700</LongitudeDegrees>
          </Position>
          <AltitudeMeters>903.1</AltitudeMeters>
          <DistanceMeters>6832.0</DistanceMeters>
        </Trackpoint>
        <Trackpoint>
          <Time>2027-05-09T07:27:31Z</Time>
          <Position>
            <LatitudeDegrees>42.5833300</LatitudeDegrees>
            <LongitudeDegrees>-5.6357800</LongitudeDegrees>
          </Position>
          <AltitudeMeters>905.0</AltitudeMeters>
          <DistanceMeters>6881.5</DistanceMeters>
        </Trackpoint>
        <Trackpoint>
          <Time>2027-05-09T07:27:44Z</Time>
          <Position>
            <LatitudeDegrees>42.5830200</LatitudeDegrees>
            <LongitudeDegrees>-5.6363000</LongitudeDegrees>
          </Position>
          <AltitudeMeters>906.2</AltitudeMeters>
          <DistanceMeters>6936.3</DistanceMeters>
        </Trackpoint>
        <Trackpoint>
          <Time>2027-05-09T07:27:58Z</Time>
          <Position>
            <LatitudeDegrees>42.5827000</LatitudeDegrees>
            <LongitudeDegrees>-5.6368300</LongitudeDegrees>
          </Position>
          <AltitudeMeters>906.8</AltitudeMeters>
          <DistanceMeters>6992.4</DistanceMeters>
        </Trackpoint>
        <Trackpoint>
          <Time>2027-05-09T07:28:11Z</Time>
          <Position>
            <LatitudeDegrees>42.5823900</LatitudeDegrees>
            <LongitudeDegrees>-5.6373500</LongitudeDegrees>
          </Position>
          <AltitudeMeters>907.0</AltitudeMeters>
          <DistanceMeters>7047.2</DistanceMeters>
        </Trackpoint>
        <Trackpoint>
          <Time>2027-05-09T07:28:24Z</Time>
          <Position>
            <LatitudeDegrees>42.5820700</LatitudeDegrees>
            <LongitudeDegrees>-5.6378700</LongitudeDegrees>
          </Position>
          <AltitudeMeters>907.3</AltitudeMeters>
          <DistanceMeters>7102.7</DistanceMeters>
        </Trackpoint>
        <Trackpoint>
          <Time>2027-05-09T07:28:31Z</Time>
          <Position>
            <LatitudeDegrees>42.5819400</LatitudeDegrees>
            <LongitudeDegrees>-5.6381700</LongitudeDegrees>
          </Position>
          <AltitudeMeters>907.5</AltitudeMeters>
          <DistanceMeters>7131.2</DistanceMeters>
        </Trackpoint>
        <Trackpoint>
          <Time>2027-05-09T07:28:40Z</Time>
          <Position>
            <LatitudeDegrees>42.5817100</LatitudeDegrees>
            <LongitudeDegrees>-5.6385300</LongitudeDegrees>
          </Position>
          <AltitudeMeters>907.9</AltitudeMeters>
          <DistanceMeters>7170.2</DistanceMeters>
        </Trackpoint>
        <Trackpoint>
          <Time>2027-05-09T07:28:42Z</Time>
          <Position>
            <LatitudeDegrees>42.5816500</LatitudeDegrees>
            <LongitudeDegrees>-5.6385300</LongitudeDegrees>
          </Position>
          <AltitudeMeters>908.4</AltitudeMeters>
          <DistanceMeters>7176.9</DistanceMeters>
        </Trackpoint>
        <Trackpoint>
          <Time>2027-05-09T07:28:55Z</Time>
          <Position>
            <LatitudeDegrees>42.5813400</LatitudeDegrees>
            <LongitudeDegrees>-5.6390600</LongitudeDegrees>
          </Position>
          <AltitudeMeters>908.8</AltitudeMeters>
          <DistanceMeters>7232.3</DistanceMeters>
        </Trackpoint>
        <Trackpoint>
          <Time>2027-05-09T07:29:09Z</Time>
          <Position>
            <LatitudeDegrees>42.5810200</LatitudeDegrees>
            <LongitudeDegrees>-5.6395800</LongitudeDegrees>
          </Position>
          <AltitudeMeters>909.0</AltitudeMeters>
          <DistanceMeters>7287.8</DistanceMeters>
        </Trackpoint>
        <Trackpoint>
          <Time>2027-05-09T07:29:22Z</Time>
          <Position>
            <LatitudeDegrees>42.5807100</LatitudeDegrees>
            <LongitudeDegrees>-5.6401100</LongitudeDegrees>
          </Position>
          <AltitudeMeters>908.9</AltitudeMeters>
          <DistanceMeters>7343.2</DistanceMeters>
        </Trackpoint>
        <Trackpoint>
          <Time>2027-05-09T07:29:36Z</Time>
          <Position>
            <LatitudeDegrees>42.5803600</LatitudeDegrees>
            <LongitudeDegrees>-5.6406300</LongitudeDegrees>
          </Position>
          <AltitudeMeters>908.3</AltitudeMeters>
          <DistanceMeters>7400.9</DistanceMeters>
        </Trackpoint>
        <Trackpoint>
          <Time>2027-05-09T07:29:50Z</Time>
          <Position>
            <LatitudeDegrees>42.5800000</LatitudeDegrees>
            <LongitudeDegrees>-5.6411600</LongitudeDegrees>
          </Position>
          <AltitudeMeters>907.6</AltitudeMeters>
          <DistanceMeters>7459.9</DistanceMeters>
        </Trackpoint>
        <Trackpoint>
          <Time>2027-05-09T07:30:04Z</Time>
          <Position>
            <LatitudeDegrees>42.5796500</LatitudeDegrees>
            <LongitudeDegrees>-5.6416800</LongitudeDegrees>
          </Position>
          <AltitudeMeters>906.9</AltitudeMeters>
          <DistanceMeters>7517.6</DistanceMeters>
        </Trackpoint>
        <Trackpoint>
          <Time>2027-05-09T07:30:07Z</Time>
          <Position>
            <LatitudeDegrees>42.5795500</LatitudeDegrees>
            <LongitudeDegrees>-5.6415900</LongitudeDegrees>
          </Position>
          <AltitudeMeters>906.2</AltitudeMeters>
          <DistanceMeters>7531.0</DistanceMeters>
        </Trackpoint>
        <Trackpoint>
          <Time>2027-05-09T07:30:10Z</Time>
          <Position>
            <LatitudeDegrees>42.5794700</LatitudeDegrees>
            <LongitudeDegrees>-5.6417200</LongitudeDegrees>
          </Position>
          <AltitudeMeters>905.9</AltitudeMeters>
          <DistanceMeters>7544.8</DistanceMeters>
        </Trackpoint>
        <Trackpoint>
          <Time>2027-05-09T07:30:14Z</Time>
          <Position>
            <LatitudeDegrees>42.5793400</LatitudeDegrees>
            <LongitudeDegrees>-5.6417100</LongitudeDegrees>
          </Position>
          <AltitudeMeters>905.5</AltitudeMeters>
          <DistanceMeters>7559.3</DistanceMeters>
        </Trackpoint>
        <Trackpoint>
          <Time>2027-05-09T07:30:17Z</Time>
          <Position>
            <LatitudeDegrees>42.5792800</LatitudeDegrees>
            <LongitudeDegrees>-5.6418800</LongitudeDegrees>
          </Position>
          <AltitudeMeters>903.9</AltitudeMeters>
          <DistanceMeters>7574.7</DistanceMeters>
        </Trackpoint>
        <Trackpoint>
          <Time>2027-05-09T07:30:31Z</Time>
          <Position>
            <LatitudeDegrees>42.5789200</LatitudeDegrees>
            <LongitudeDegrees>-5.6423500</LongitudeDegrees>
          </Position>
          <AltitudeMeters>900.9</AltitudeMeters>
          <DistanceMeters>7630.3</DistanceMeters>
        </Trackpoint>
        <Trackpoint>
          <Time>2027-05-09T07:30:44Z</Time>
          <Position>
            <LatitudeDegrees>42.5785600</LatitudeDegrees>
            <LongitudeDegrees>-5.6428200</LongitudeDegrees>
          </Position>
          <AltitudeMeters>897.6</AltitudeMeters>
          <DistanceMeters>7685.8</DistanceMeters>
        </Trackpoint>
        <Trackpoint>
          <Time>2027-05-09T07:31:05Z</Time>
          <Position>
            <LatitudeDegrees>42.5781000</LatitudeDegrees>
            <LongitudeDegrees>-5.6437100</LongitudeDegrees>
          </Position>
          <AltitudeMeters>894.2</AltitudeMeters>
          <DistanceMeters>7774.8</DistanceMeters>
        </Trackpoint>
        <Trackpoint>
          <Time>2027-05-09T07:31:20Z</Time>
          <Position>
            <LatitudeDegrees>42.5778800</LatitudeDegrees>
            <LongitudeDegrees>-5.6444100</LongitudeDegrees>
          </Position>
          <AltitudeMeters>891.4</AltitudeMeters>
          <DistanceMeters>7837.2</DistanceMeters>
        </Trackpoint>
        <Trackpoint>
          <Time>2027-05-09T07:31:34Z</Time>
          <Position>
            <LatitudeDegrees>42.5777800</LatitudeDegrees>
            <LongitudeDegrees>-5.6451100</LongitudeDegrees>
          </Position>
          <AltitudeMeters>890.0</AltitudeMeters>
          <DistanceMeters>7895.5</DistanceMeters>
        </Trackpoint>
        <Trackpoint>
          <Time>2027-05-09T07:31:48Z</Time>
          <Position>
            <LatitudeDegrees>42.5776800</LatitudeDegrees>
            <LongitudeDegrees>-5.6458000</LongitudeDegrees>
          </Position>
          <AltitudeMeters>889.9</AltitudeMeters>
          <DistanceMeters>7953.1</DistanceMeters>
        </Trackpoint>
        <Trackpoint>
          <Time>2027-05-09T07:31:53Z</Time>
          <Position>
            <LatitudeDegrees>42.5775300</LatitudeDegrees>
            <LongitudeDegrees>-5.6458800</LongitudeDegrees>
          </Position>
          <AltitudeMeters>890.5</AltitudeMeters>
          <DistanceMeters>7971.0</DistanceMeters>
        </Trackpoint>
        <Trackpoint>
          <Time>2027-05-09T07:31:57Z</Time>
          <Position>
            <LatitudeDegrees>42.5774600</LatitudeDegrees>
            <LongitudeDegrees>-5.6460700</LongitudeDegrees>
          </Position>
          <AltitudeMeters>891.8</AltitudeMeters>
          <DistanceMeters>7988.4</DistanceMeters>
        </Trackpoint>
        <Trackpoint>
          <Time>2027-05-09T07:32:06Z</Time>
          <Position>
            <LatitudeDegrees>42.5775900</LatitudeDegrees>
            <LongitudeDegrees>-5.6465100</LongitudeDegrees>
          </Position>
          <AltitudeMeters>893.2</AltitudeMeters>
          <DistanceMeters>8027.3</DistanceMeters>
        </Trackpoint>
        <Trackpoint>
          <Time>2027-05-09T07:32:21Z</Time>
          <Position>
            <LatitudeDegrees>42.5774900</LatitudeDegrees>
            <LongitudeDegrees>-5.6472700</LongitudeDegrees>
          </Position>
          <AltitudeMeters>894.9</AltitudeMeters>
          <DistanceMeters>8090.5</DistanceMeters>
        </Trackpoint>
        <Trackpoint>
          <Time>2027-05-09T07:32:36Z</Time>
          <Position>
            <LatitudeDegrees>42.5773000</LatitudeDegrees>
            <LongitudeDegrees>-5.6479600</LongitudeDegrees>
          </Position>
          <AltitudeMeters>896.5</AltitudeMeters>
          <DistanceMeters>8150.8</DistanceMeters>
        </Trackpoint>
        <Trackpoint>
          <Time>2027-05-09T07:32:47Z</Time>
          <Position>
            <LatitudeDegrees>42.5769900</LatitudeDegrees>
            <LongitudeDegrees>-5.6483700</LongitudeDegrees>
          </Position>
          <AltitudeMeters>898.1</AltitudeMeters>
          <DistanceMeters>8198.9</DistanceMeters>
        </Trackpoint>
        <Trackpoint>
          <Time>2027-05-09T07:32:53Z</Time>
          <Position>
            <LatitudeDegrees>42.5768900</LatitudeDegrees>
            <LongitudeDegrees>-5.6486200</LongitudeDegrees>
          </Position>
          <AltitudeMeters>899.5</AltitudeMeters>
          <DistanceMeters>8222.2</DistanceMeters>
        </Trackpoint>
        <Trackpoint>
          <Time>2027-05-09T07:33:07Z</Time>
          <Position>
            <LatitudeDegrees>42.5768700</LatitudeDegrees>
            <LongitudeDegrees>-5.6493200</LongitudeDegrees>
          </Position>
          <AltitudeMeters>900.5</AltitudeMeters>
          <DistanceMeters>8279.6</DistanceMeters>
        </Trackpoint>
        <Trackpoint>
          <Time>2027-05-09T07:33:20Z</Time>
          <Position>
            <LatitudeDegrees>42.5767300</LatitudeDegrees>
            <LongitudeDegrees>-5.6499800</LongitudeDegrees>
          </Position>
          <AltitudeMeters>901.4</AltitudeMeters>
          <DistanceMeters>8335.8</DistanceMeters>
        </Trackpoint>
        <Trackpoint>
          <Time>2027-05-09T07:33:32Z</Time>
          <Position>
            <LatitudeDegrees>42.5764800</LatitudeDegrees>
            <LongitudeDegrees>-5.6504900</LongitudeDegrees>
          </Position>
          <AltitudeMeters>902.2</AltitudeMeters>
          <DistanceMeters>8386.0</DistanceMeters>
        </Trackpoint>
        <Trackpoint>
          <Time>2027-05-09T07:33:44Z</Time>
          <Position>
            <LatitudeDegrees>42.5762300</LatitudeDegrees>
            <LongitudeDegrees>-5.6510000</LongitudeDegrees>
          </Position>
          <AltitudeMeters>902.7</AltitudeMeters>
          <DistanceMeters>8436.1</DistanceMeters>
        </Trackpoint>
        <Trackpoint>
          <Time>2027-05-09T07:33:56Z</Time>
          <Position>
            <LatitudeDegrees>42.5759800</LatitudeDegrees>
            <LongitudeDegrees>-5.6515100</LongitudeDegrees>
          </Position>
          <AltitudeMeters>903.1</AltitudeMeters>
          <DistanceMeters>8486.3</DistanceMeters>
        </Trackpoint>
        <Trackpoint>
          <Time>2027-05-09T07:34:08Z</Time>
          <Position>
            <LatitudeDegrees>42.5757300</LatitudeDegrees>
            <LongitudeDegrees>-5.6520200</LongitudeDegrees>
          </Position>
          <AltitudeMeters>903.3</AltitudeMeters>
          <DistanceMeters>8536.5</DistanceMeters>
        </Trackpoint>
        <Trackpoint>
          <Time>2027-05-09T07:34:20Z</Time>
          <Position>
            <LatitudeDegrees>42.5754800</LatitudeDegrees>
            <LongitudeDegrees>-5.6525300</LongitudeDegrees>
          </Position>
          <AltitudeMeters>903.6</AltitudeMeters>
          <DistanceMeters>8586.6</DistanceMeters>
        </Trackpoint>
        <Trackpoint>
          <Time>2027-05-09T07:34:32Z</Time>
          <Position>
            <LatitudeDegrees>42.5752300</LatitudeDegrees>
            <LongitudeDegrees>-5.6530400</LongitudeDegrees>
          </Position>
          <AltitudeMeters>903.8</AltitudeMeters>
          <DistanceMeters>8636.8</DistanceMeters>
        </Trackpoint>
        <Trackpoint>
          <Time>2027-05-09T07:34:44Z</Time>
          <Position>
            <LatitudeDegrees>42.5749500</LatitudeDegrees>
            <LongitudeDegrees>-5.6535200</LongitudeDegrees>
          </Position>
          <AltitudeMeters>903.6</AltitudeMeters>
          <DistanceMeters>8686.9</DistanceMeters>
        </Trackpoint>
        <Trackpoint>
          <Time>2027-05-09T07:34:56Z</Time>
          <Position>
            <LatitudeDegrees>42.5746800</LatitudeDegrees>
            <LongitudeDegrees>-5.6540100</LongitudeDegrees>
          </Position>
          <AltitudeMeters>902.6</AltitudeMeters>
          <DistanceMeters>8737.0</DistanceMeters>
        </Trackpoint>
        <Trackpoint>
          <Time>2027-05-09T07:35:08Z</Time>
          <Position>
            <LatitudeDegrees>42.5744000</LatitudeDegrees>
            <LongitudeDegrees>-5.6544900</LongitudeDegrees>
          </Position>
          <AltitudeMeters>900.6</AltitudeMeters>
          <DistanceMeters>8787.2</DistanceMeters>
        </Trackpoint>
        <Trackpoint>
          <Time>2027-05-09T07:35:30Z</Time>
          <Position>
            <LatitudeDegrees>42.5740600</LatitudeDegrees>
            <LongitudeDegrees>-5.6554800</LongitudeDegrees>
          </Position>
          <AltitudeMeters>897.5</AltitudeMeters>
          <DistanceMeters>8876.6</DistanceMeters>
        </Trackpoint>
        <Trackpoint>
          <Time>2027-05-09T07:35:50Z</Time>
          <Position>
            <LatitudeDegrees>42.5738200</LatitudeDegrees>
            <LongitudeDegrees>-5.6564600</LongitudeDegrees>
          </Position>
          <AltitudeMeters>893.9</AltitudeMeters>
          <DistanceMeters>8961.2</DistanceMeters>
        </Trackpoint>
        <Trackpoint>
          <Time>2027-05-09T07:36:06Z</Time>
          <Position>
            <LatitudeDegrees>42.5736900</LatitudeDegrees>
            <LongitudeDegrees>-5.6572400</LongitudeDegrees>
          </Position>
          <AltitudeMeters>890.4</AltitudeMeters>
          <DistanceMeters>9026.7</DistanceMeters>
        </Trackpoint>
        <Trackpoint>
          <Time>2027-05-09T07:36:22Z</Time>
          <Position>
            <LatitudeDegrees>42.5735600</LatitudeDegrees>
            <LongitudeDegrees>-5.6580200</LongitudeDegrees>
          </Position>
          <AltitudeMeters>888.3</AltitudeMeters>
          <DistanceMeters>9092.2</DistanceMeters>
        </Trackpoint>
        <Trackpoint>
          <Time>2027-05-09T07:36:35Z</Time>
          <Position>
            <LatitudeDegrees>42.5733000</LatitudeDegrees>
            <LongitudeDegrees>-5.6586300</LongitudeDegrees>
          </Position>
          <AltitudeMeters>888.0</AltitudeMeters>
          <DistanceMeters>9149.9</DistanceMeters>
        </Trackpoint>
        <Trackpoint>
          <Time>2027-05-09T07:36:49Z</Time>
          <Position>
            <LatitudeDegrees>42.5730300</LatitudeDegrees>
            <LongitudeDegrees>-5.6592300</LongitudeDegrees>
          </Position>
          <AltitudeMeters>889.2</AltitudeMeters>
          <DistanceMeters>9207.5</DistanceMeters>
        </Trackpoint>
        <Trackpoint>
          <Time>2027-05-09T07:37:03Z</Time>
          <Position>
            <LatitudeDegrees>42.5727700</LatitudeDegrees>
            <LongitudeDegrees>-5.6598400</LongitudeDegrees>
          </Position>
          <AltitudeMeters>891.5</AltitudeMeters>
          <DistanceMeters>9265.2</DistanceMeters>
        </Trackpoint>
        <Trackpoint>
          <Time>2027-05-09T07:37:16Z</Time>
          <Position>
            <LatitudeDegrees>42.5726000</LatitudeDegrees>
            <LongitudeDegrees>-5.6604300</LongitudeDegrees>
          </Position>
          <AltitudeMeters>894.0</AltitudeMeters>
          <DistanceMeters>9317.1</DistanceMeters>
        </Trackpoint>
        <Trackpoint>
          <Time>2027-05-09T07:37:30Z</Time>
          <Position>
            <LatitudeDegrees>42.5725000</LatitudeDegrees>
            <LongitudeDegrees>-5.6611700</LongitudeDegrees>
          </Position>
          <AltitudeMeters>896.1</AltitudeMeters>
          <DistanceMeters>9378.7</DistanceMeters>
        </Trackpoint>
        <Trackpoint>
          <Time>2027-05-09T07:37:49Z</Time>
          <Position>
            <LatitudeDegrees>42.5725700</LatitudeDegrees>
            <LongitudeDegrees>-5.6621000</LongitudeDegrees>
          </Position>
          <AltitudeMeters>897.5</AltitudeMeters>
          <DistanceMeters>9455.2</DistanceMeters>
        </Trackpoint>
        <Trackpoint>
          <Time>2027-05-09T07:37:54Z</Time>
          <Position>
            <LatitudeDegrees>42.5724700</LatitudeDegrees>
            <LongitudeDegrees>-5.6618600</LongitudeDegrees>
          </Position>
          <AltitudeMeters>898.7</AltitudeMeters>
          <DistanceMeters>9477.8</DistanceMeters>
        </Trackpoint>
        <Trackpoint>
          <Time>2027-05-09T07:38:01Z</Time>
          <Position>
            <LatitudeDegrees>42.5722700</LatitudeDegrees>
            <LongitudeDegrees>-5.6616600</LongitudeDegrees>
          </Position>
          <AltitudeMeters>899.8</AltitudeMeters>
          <DistanceMeters>9505.4</DistanceMeters>
        </Trackpoint>
        <Trackpoint>
          <Time>2027-05-09T07:38:08Z</Time>
          <Position>
            <LatitudeDegrees>42.5720500</LatitudeDegrees>
            <LongitudeDegrees>-5.6619000</LongitudeDegrees>
          </Position>
          <AltitudeMeters>901.3</AltitudeMeters>
          <DistanceMeters>9536.8</DistanceMeters>
        </Trackpoint>
        <Trackpoint>
          <Time>2027-05-09T07:38:13Z</Time>
          <Position>
            <LatitudeDegrees>42.5719600</LatitudeDegrees>
            <LongitudeDegrees>-5.6621300</LongitudeDegrees>
          </Position>
          <AltitudeMeters>903.2</AltitudeMeters>
          <DistanceMeters>9558.1</DistanceMeters>
        </Trackpoint>
        <Trackpoint>
          <Time>2027-05-09T07:38:28Z</Time>
          <Position>
            <LatitudeDegrees>42.5718700</LatitudeDegrees>
            <LongitudeDegrees>-5.6628400</LongitudeDegrees>
          </Position>
          <AltitudeMeters>905.4</AltitudeMeters>
          <DistanceMeters>9617.1</DistanceMeters>
        </Trackpoint>
        <Trackpoint>
          <Time>2027-05-09T07:38:42Z</Time>
          <Position>
            <LatitudeDegrees>42.5717800</LatitudeDegrees>
            <LongitudeDegrees>-5.6635400</LongitudeDegrees>
          </Position>
          <AltitudeMeters>907.9</AltitudeMeters>
          <DistanceMeters>9675.3</DistanceMeters>
        </Trackpoint>
        <Trackpoint>
          <Time>2027-05-09T07:38:56Z</Time>
          <Position>
            <LatitudeDegrees>42.5716800</LatitudeDegrees>
            <LongitudeDegrees>-5.6642500</LongitudeDegrees>
          </Position>
          <AltitudeMeters>909.8</AltitudeMeters>
          <DistanceMeters>9734.5</DistanceMeters>
        </Trackpoint>
        <Trackpoint>
          <Time>2027-05-09T07:39:10Z</Time>
          <Position>
            <LatitudeDegrees>42.5715900</LatitudeDegrees>
            <LongitudeDegrees>-5.6649500</LongitudeDegrees>
          </Position>
          <AltitudeMeters>910.9</AltitudeMeters>
          <DistanceMeters>9792.7</DistanceMeters>
        </Trackpoint>
        <Trackpoint>
          <Time>2027-05-09T07:39:24Z</Time>
          <Position>
            <LatitudeDegrees>42.5715000</LatitudeDegrees>
            <LongitudeDegrees>-5.6656600</LongitudeDegrees>
          </Position>
          <AltitudeMeters>910.9</AltitudeMeters>
          <DistanceMeters>9851.7</DistanceMeters>
        </Trackpoint>
        <Trackpoint>
          <Time>2027-05-09T07:39:37Z</Time>
          <Position>
            <LatitudeDegrees>42.5715100</LatitudeDegrees>
            <LongitudeDegrees>-5.6663200</LongitudeDegrees>
          </Position>
          <AltitudeMeters>909.8</AltitudeMeters>
          <DistanceMeters>9905.7</DistanceMeters>
        </Trackpoint>
        <Trackpoint>
          <Time>2027-05-09T07:39:50Z</Time>
          <Position>
            <LatitudeDegrees>42.5715200</LatitudeDegrees>
            <LongitudeDegrees>-5.6669800</LongitudeDegrees>
          </Position>
          <AltitudeMeters>907.5</AltitudeMeters>
          <DistanceMeters>9959.8</DistanceMeters>
        </Trackpoint>
        <Trackpoint>
          <Time>2027-05-09T07:40:02Z</Time>
          <Position>
            <LatitudeDegrees>42.5714800</LatitudeDegrees>
            <LongitudeDegrees>-5.6676200</LongitudeDegrees>
          </Position>
          <AltitudeMeters>905.4</AltitudeMeters>
          <DistanceMeters>10012.4</DistanceMeters>
        </Trackpoint>
        <Trackpoint>
          <Time>2027-05-09T07:40:15Z</Time>
          <Position>
            <LatitudeDegrees>42.5714300</LatitudeDegrees>
            <LongitudeDegrees>-5.6682600</LongitudeDegrees>
          </Position>
          <AltitudeMeters>903.3</AltitudeMeters>
          <DistanceMeters>10065.1</DistanceMeters>
        </Trackpoint>
        <Trackpoint>
          <Time>2027-05-09T07:40:19Z</Time>
          <Position>
            <LatitudeDegrees>42.5715500</LatitudeDegrees>
            <LongitudeDegrees>-5.6683200</LongitudeDegrees>
          </Position>
          <AltitudeMeters>901.3</AltitudeMeters>
          <DistanceMeters>10079.3</DistanceMeters>
        </Trackpoint>
        <Trackpoint>
          <Time>2027-05-09T07:40:36Z</Time>
          <Position>
            <LatitudeDegrees>42.5714600</LatitudeDegrees>
            <LongitudeDegrees>-5.6692000</LongitudeDegrees>
          </Position>
          <AltitudeMeters>899.7</AltitudeMeters>
          <DistanceMeters>10152.1</DistanceMeters>
        </Trackpoint>
        <Trackpoint>
          <Time>2027-05-09T07:40:49Z</Time>
          <Position>
            <LatitudeDegrees>42.5714600</LatitudeDegrees>
            <LongitudeDegrees>-5.6698500</LongitudeDegrees>
          </Position>
          <AltitudeMeters>898.9</AltitudeMeters>
          <DistanceMeters>10205.3</DistanceMeters>
        </Trackpoint>
        <Trackpoint>
          <Time>2027-05-09T07:41:02Z</Time>
          <Position>
            <LatitudeDegrees>42.5714700</LatitudeDegrees>
            <LongitudeDegrees>-5.6705100</LongitudeDegrees>
          </Position>
          <AltitudeMeters>898.5</AltitudeMeters>
          <DistanceMeters>10259.4</DistanceMeters>
        </Trackpoint>
        <Trackpoint>
          <Time>2027-05-09T07:41:15Z</Time>
          <Position>
            <LatitudeDegrees>42.5714700</LatitudeDegrees>
            <LongitudeDegrees>-5.6711600</LongitudeDegrees>
          </Position>
          <AltitudeMeters>898.3</AltitudeMeters>
          <DistanceMeters>10312.6</DistanceMeters>
        </Trackpoint>
        <Trackpoint>
          <Time>2027-05-09T07:41:27Z</Time>
          <Position>
            <LatitudeDegrees>42.5714800</LatitudeDegrees>
            <LongitudeDegrees>-5.6718100</LongitudeDegrees>
          </Position>
          <AltitudeMeters>898.4</AltitudeMeters>
          <DistanceMeters>10365.8</DistanceMeters>
        </Trackpoint>
        <Trackpoint>
          <Time>2027-05-09T07:41:40Z</Time>
          <Position>
            <LatitudeDegrees>42.5714800</LatitudeDegrees>
            <LongitudeDegrees>-5.6724600</LongitudeDegrees>
          </Position>
          <AltitudeMeters>898.6</AltitudeMeters>
          <DistanceMeters>10419.0</DistanceMeters>
        </Trackpoint>
        <Trackpoint>
          <Time>2027-05-09T07:41:53Z</Time>
          <Position>
            <LatitudeDegrees>42.5714800</LatitudeDegrees>
            <LongitudeDegrees>-5.6731100</LongitudeDegrees>
          </Position>
          <AltitudeMeters>898.7</AltitudeMeters>
          <DistanceMeters>10472.3</DistanceMeters>
        </Trackpoint>
        <Trackpoint>
          <Time>2027-05-09T07:42:06Z</Time>
          <Position>
            <LatitudeDegrees>42.5714900</LatitudeDegrees>
            <LongitudeDegrees>-5.6737700</LongitudeDegrees>
          </Position>
          <AltitudeMeters>898.3</AltitudeMeters>
          <DistanceMeters>10526.3</DistanceMeters>
        </Trackpoint>
        <Trackpoint>
          <Time>2027-05-09T07:42:19Z</Time>
          <Position>
            <LatitudeDegrees>42.5714900</LatitudeDegrees>
            <LongitudeDegrees>-5.6744200</LongitudeDegrees>
          </Position>
          <AltitudeMeters>898.2</AltitudeMeters>
          <DistanceMeters>10579.6</DistanceMeters>
        </Trackpoint>
        <Trackpoint>
          <Time>2027-05-09T07:42:31Z</Time>
          <Position>
            <LatitudeDegrees>42.5713200</LatitudeDegrees>
            <LongitudeDegrees>-5.6750300</LongitudeDegrees>
          </Position>
          <AltitudeMeters>898.5</AltitudeMeters>
          <DistanceMeters>10633.0</DistanceMeters>
        </Trackpoint>
        <Trackpoint>
          <Time>2027-05-09T07:42:44Z</Time>
          <Position>
            <LatitudeDegrees>42.5711500</LatitudeDegrees>
            <LongitudeDegrees>-5.6756500</LongitudeDegrees>
          </Position>
          <AltitudeMeters>898.9</AltitudeMeters>
          <DistanceMeters>10687.1</DistanceMeters>
        </Trackpoint>
        <Trackpoint>
          <Time>2027-05-09T07:42:57Z</Time>
          <Position>
            <LatitudeDegrees>42.5709900</LatitudeDegrees>
            <LongitudeDegrees>-5.6762600</LongitudeDegrees>
          </Position>
          <AltitudeMeters>899.5</AltitudeMeters>
          <DistanceMeters>10740.2</DistanceMeters>
        </Trackpoint>
        <Trackpoint>
          <Time>2027-05-09T07:43:10Z</Time>
          <Position>
            <LatitudeDegrees>42.5708200</LatitudeDegrees>
            <LongitudeDegrees>-5.6768800</LongitudeDegrees>
          </Position>
          <AltitudeMeters>900.0</AltitudeMeters>
          <DistanceMeters>10794.3</DistanceMeters>
        </Trackpoint>
        <Trackpoint>
          <Time>2027-05-09T07:43:23Z</Time>
          <Position>
            <LatitudeDegrees>42.5706500</LatitudeDegrees>
            <LongitudeDegrees>-5.6774900</LongitudeDegrees>
          </Position>
          <AltitudeMeters>900.4</AltitudeMeters>
          <DistanceMeters>10847.8</DistanceMeters>
        </Trackpoint>
        <Trackpoint>
          <Time>2027-05-09T07:43:36Z</Time>
          <Position>
            <LatitudeDegrees>42.5704800</LatitudeDegrees>
            <LongitudeDegrees>-5.6781100</LongitudeDegrees>
          </Position>
          <AltitudeMeters>899.8</AltitudeMeters>
          <DistanceMeters>10901.9</DistanceMeters>
        </Trackpoint>
        <Trackpoint>
          <Time>2027-05-09T07:43:49Z</Time>
          <Position>
            <LatitudeDegrees>42.5703100</LatitudeDegrees>
            <LongitudeDegrees>-5.6787200</LongitudeDegrees>
          </Position>
          <AltitudeMeters>898.4</AltitudeMeters>
          <DistanceMeters>10955.3</DistanceMeters>
        </Trackpoint>
        <Trackpoint>
          <Time>2027-05-09T07:44:02Z</Time>
          <Position>
            <LatitudeDegrees>42.5701400</LatitudeDegrees>
            <LongitudeDegrees>-5.6793400</LongitudeDegrees>
          </Position>
          <AltitudeMeters>896.2</AltitudeMeters>
          <DistanceMeters>11009.5</DistanceMeters>
        </Trackpoint>
        <Trackpoint>
          <Time>2027-05-09T07:44:15Z</Time>
          <Position>
            <LatitudeDegrees>42.5699800</LatitudeDegrees>
            <LongitudeDegrees>-5.6799500</LongitudeDegrees>
          </Position>
          <AltitudeMeters>893.9</AltitudeMeters>
          <DistanceMeters>11062.5</DistanceMeters>
        </Trackpoint>
        <Trackpoint>
          <Time>2027-05-09T07:44:28Z</Time>
          <Position>
            <LatitudeDegrees>42.5698100</LatitudeDegrees>
            <LongitudeDegrees>-5.6805700</LongitudeDegrees>
          </Position>
          <AltitudeMeters>891.4</AltitudeMeters>
          <DistanceMeters>11116.7</DistanceMeters>
        </Trackpoint>
        <Trackpoint>
          <Time>2027-05-09T07:44:40Z</Time>
          <Position>
            <LatitudeDegrees>42.5696400</LatitudeDegrees>
            <LongitudeDegrees>-5.6811800</LongitudeDegrees>
          </Position>
          <AltitudeMeters>889.4</AltitudeMeters>
          <DistanceMeters>11170.1</DistanceMeters>
        </Trackpoint>
        <Trackpoint>
          <Time>2027-05-09T07:44:52Z</Time>
          <Position>
            <LatitudeDegrees>42.5694100</LatitudeDegrees>
            <LongitudeDegrees>-5.6817100</LongitudeDegrees>
          </Position>
          <AltitudeMeters>888.1</AltitudeMeters>
          <DistanceMeters>11220.5</DistanceMeters>
        </Trackpoint>
        <Trackpoint>
          <Time>2027-05-09T07:45:05Z</Time>
          <Position>
            <LatitudeDegrees>42.5691900</LatitudeDegrees>
            <LongitudeDegrees>-5.6822500</LongitudeDegrees>
          </Position>
          <AltitudeMeters>887.7</AltitudeMeters>
          <DistanceMeters>11271.0</DistanceMeters>
        </Trackpoint>
        <Trackpoint>
          <Time>2027-05-09T07:45:17Z</Time>
          <Position>
            <LatitudeDegrees>42.5689600</LatitudeDegrees>
            <LongitudeDegrees>-5.6827800</LongitudeDegrees>
          </Position>
          <AltitudeMeters>887.8</AltitudeMeters>
          <DistanceMeters>11321.4</DistanceMeters>
        </Trackpoint>
        <Trackpoint>
          <Time>2027-05-09T07:45:29Z</Time>
          <Position>
            <LatitudeDegrees>42.5687300</LatitudeDegrees>
            <LongitudeDegrees>-5.6833200</LongitudeDegrees>
          </Position>
          <AltitudeMeters>888.7</AltitudeMeters>
          <DistanceMeters>11372.5</DistanceMeters>
        </Trackpoint>
        <Trackpoint>
          <Time>2027-05-09T07:45:41Z</Time>
          <Position>
            <LatitudeDegrees>42.5685000</LatitudeDegrees>
            <LongitudeDegrees>-5.6838500</LongitudeDegrees>
          </Position>
          <AltitudeMeters>890.0</AltitudeMeters>
          <DistanceMeters>11422.9</DistanceMeters>
        </Trackpoint>
        <Trackpoint>
          <Time>2027-05-09T07:45:53Z</Time>
          <Position>
            <LatitudeDegrees>42.5682800</LatitudeDegrees>
            <LongitudeDegrees>-5.6843900</LongitudeDegrees>
          </Position>
          <AltitudeMeters>891.7</AltitudeMeters>
          <DistanceMeters>11473.4</DistanceMeters>
        </Trackpoint>
        <Trackpoint>
          <Time>2027-05-09T07:46:05Z</Time>
          <Position>
            <LatitudeDegrees>42.5680500</LatitudeDegrees>
            <LongitudeDegrees>-5.6849200</LongitudeDegrees>
          </Position>
          <AltitudeMeters>893.4</AltitudeMeters>
          <DistanceMeters>11523.8</DistanceMeters>
        </Trackpoint>
        <Trackpoint>
          <Time>2027-05-09T07:46:17Z</Time>
          <Position>
            <LatitudeDegrees>42.5678200</LatitudeDegrees>
            <LongitudeDegrees>-5.6854600</LongitudeDegrees>
          </Position>
          <AltitudeMeters>895.3</AltitudeMeters>
          <DistanceMeters>11574.9</DistanceMeters>
        </Trackpoint>
        <Trackpoint>
          <Time>2027-05-09T07:46:30Z</Time>
          <Position>
            <LatitudeDegrees>42.5675900</LatitudeDegrees>
            <LongitudeDegrees>-5.6859900</LongitudeDegrees>
          </Position>
          <AltitudeMeters>897.0</AltitudeMeters>
          <DistanceMeters>11625.3</DistanceMeters>
        </Trackpoint>
        <Trackpoint>
          <Time>2027-05-09T07:46:42Z</Time>
          <Position>
            <LatitudeDegrees>42.5673700</LatitudeDegrees>
            <LongitudeDegrees>-5.6865300</LongitudeDegrees>
          </Position>
          <AltitudeMeters>898.9</AltitudeMeters>
          <DistanceMeters>11675.8</DistanceMeters>
        </Trackpoint>
        <Trackpoint>
          <Time>2027-05-09T07:46:54Z</Time>
          <Position>
            <LatitudeDegrees>42.5671400</LatitudeDegrees>
            <LongitudeDegrees>-5.6870600</LongitudeDegrees>
          </Position>
          <AltitudeMeters>901.0</AltitudeMeters>
          <DistanceMeters>11726.2</DistanceMeters>
        </Trackpoint>
        <Trackpoint>
          <Time>2027-05-09T07:47:07Z</Time>
          <Position>
            <LatitudeDegrees>42.5668400</LatitudeDegrees>
            <LongitudeDegrees>-5.6876200</LongitudeDegrees>
          </Position>
          <AltitudeMeters>902.6</AltitudeMeters>
          <DistanceMeters>11782.9</DistanceMeters>
        </Trackpoint>
        <Trackpoint>
          <Time>2027-05-09T07:47:21Z</Time>
          <Position>
            <LatitudeDegrees>42.5665300</LatitudeDegrees>
            <LongitudeDegrees>-5.6881800</LongitudeDegrees>
          </Position>
          <AltitudeMeters>903.8</AltitudeMeters>
          <DistanceMeters>11840.3</DistanceMeters>
        </Trackpoint>
        <Trackpoint>
          <Time>2027-05-09T07:47:35Z</Time>
          <Position>
            <LatitudeDegrees>42.5662300</LatitudeDegrees>
            <LongitudeDegrees>-5.6887500</LongitudeDegrees>
          </Position>
          <AltitudeMeters>904.6</AltitudeMeters>
          <DistanceMeters>11897.6</DistanceMeters>
        </Trackpoint>
        <Trackpoint>
          <Time>2027-05-09T07:47:49Z</Time>
          <Position>
            <LatitudeDegrees>42.5659300</LatitudeDegrees>
            <LongitudeDegrees>-5.6893100</LongitudeDegrees>
          </Position>
          <AltitudeMeters>904.8</AltitudeMeters>
          <DistanceMeters>11954.3</DistanceMeters>
        </Trackpoint>
        <Trackpoint>
          <Time>2027-05-09T07:48:02Z</Time>
          <Position>
            <LatitudeDegrees>42.5656200</LatitudeDegrees>
            <LongitudeDegrees>-5.6898700</LongitudeDegrees>
          </Position>
          <AltitudeMeters>904.5</AltitudeMeters>
          <DistanceMeters>12011.7</DistanceMeters>
        </Trackpoint>
        <Trackpoint>
          <Time>2027-05-09T07:48:16Z</Time>
          <Position>
            <LatitudeDegrees>42.5653200</LatitudeDegrees>
            <LongitudeDegrees>-5.6904300</LongitudeDegrees>
          </Position>
          <AltitudeMeters>903.7</AltitudeMeters>
          <DistanceMeters>12068.4</DistanceMeters>
        </Trackpoint>
        <Trackpoint>
          <Time>2027-05-09T07:48:28Z</Time>
          <Position>
            <LatitudeDegrees>42.5650600</LatitudeDegrees>
            <LongitudeDegrees>-5.6909600</LongitudeDegrees>
          </Position>
          <AltitudeMeters>902.5</AltitudeMeters>
          <DistanceMeters>12120.6</DistanceMeters>
        </Trackpoint>
        <Trackpoint>
          <Time>2027-05-09T07:48:41Z</Time>
          <Position>
            <LatitudeDegrees>42.5648000</LatitudeDegrees>
            <LongitudeDegrees>-5.6914900</LongitudeDegrees>
          </Position>
          <AltitudeMeters>901.1</AltitudeMeters>
          <DistanceMeters>12172.7</DistanceMeters>
        </Trackpoint>
        <Trackpoint>
          <Time>2027-05-09T07:48:53Z</Time>
          <Position>
            <LatitudeDegrees>42.5645400</LatitudeDegrees>
            <LongitudeDegrees>-5.6920200</LongitudeDegrees>
          </Position>
          <AltitudeMeters>899.8</AltitudeMeters>
          <DistanceMeters>12224.9</DistanceMeters>
        </Trackpoint>
        <Trackpoint>
          <Time>2027-05-09T07:49:06Z</Time>
          <Position>
            <LatitudeDegrees>42.5642600</LatitudeDegrees>
            <LongitudeDegrees>-5.6925400</LongitudeDegrees>
          </Position>
          <AltitudeMeters>899.0</AltitudeMeters>
          <DistanceMeters>12277.6</DistanceMeters>
        </Trackpoint>
        <Trackpoint>
          <Time>2027-05-09T07:49:19Z</Time>
          <Position>
            <LatitudeDegrees>42.5639900</LatitudeDegrees>
            <LongitudeDegrees>-5.6930700</LongitudeDegrees>
          </Position>
          <AltitudeMeters>899.2</AltitudeMeters>
          <DistanceMeters>12330.4</DistanceMeters>
        </Trackpoint>
        <Trackpoint>
          <Time>2027-05-09T07:49:31Z</Time>
          <Position>
            <LatitudeDegrees>42.5637100</LatitudeDegrees>
            <LongitudeDegrees>-5.6935900</LongitudeDegrees>
          </Position>
          <AltitudeMeters>899.7</AltitudeMeters>
          <DistanceMeters>12383.2</DistanceMeters>
        </Trackpoint>
        <Trackpoint>
          <Time>2027-05-09T07:49:44Z</Time>
          <Position>
            <LatitudeDegrees>42.5634300</LatitudeDegrees>
            <LongitudeDegrees>-5.6941100</LongitudeDegrees>
          </Position>
          <AltitudeMeters>900.1</AltitudeMeters>
          <DistanceMeters>12435.9</DistanceMeters>
        </Trackpoint>
        <Trackpoint>
          <Time>2027-05-09T07:49:57Z</Time>
          <Position>
            <LatitudeDegrees>42.5631600</LatitudeDegrees>
            <LongitudeDegrees>-5.6946300</LongitudeDegrees>
          </Position>
          <AltitudeMeters>900.2</AltitudeMeters>
          <DistanceMeters>12488.0</DistanceMeters>
        </Trackpoint>
        <Trackpoint>
          <Time>2027-05-09T07:50:09Z</Time>
          <Position>
            <LatitudeDegrees>42.5628800</LatitudeDegrees>
            <LongitudeDegrees>-5.6951600</LongitudeDegrees>
          </Position>
          <AltitudeMeters>899.6</AltitudeMeters>
          <DistanceMeters>12541.4</DistanceMeters>
        </Trackpoint>
        <Trackpoint>
          <Time>2027-05-09T07:50:22Z</Time>
          <Position>
            <LatitudeDegrees>42.5626000</LatitudeDegrees>
            <LongitudeDegrees>-5.6956800</LongitudeDegrees>
          </Position>
          <AltitudeMeters>898.6</AltitudeMeters>
          <DistanceMeters>12594.2</DistanceMeters>
        </Trackpoint>
        <Trackpoint>
          <Time>2027-05-09T07:50:35Z</Time>
          <Position>
            <LatitudeDegrees>42.5623300</LatitudeDegrees>
            <LongitudeDegrees>-5.6962000</LongitudeDegrees>
          </Position>
          <AltitudeMeters>897.6</AltitudeMeters>
          <DistanceMeters>12646.3</DistanceMeters>
        </Trackpoint>
        <Trackpoint>
          <Time>2027-05-09T07:50:47Z</Time>
          <Position>
            <LatitudeDegrees>42.5620500</LatitudeDegrees>
            <LongitudeDegrees>-5.6967200</LongitudeDegrees>
          </Position>
          <AltitudeMeters>897.0</AltitudeMeters>
          <DistanceMeters>12699.1</DistanceMeters>
        </Trackpoint>
        <Trackpoint>
          <Time>2027-05-09T07:51:00Z</Time>
          <Position>
            <LatitudeDegrees>42.5617700</LatitudeDegrees>
            <LongitudeDegrees>-5.6972500</LongitudeDegrees>
          </Position>
          <AltitudeMeters>896.8</AltitudeMeters>
          <DistanceMeters>12752.5</DistanceMeters>
        </Trackpoint>
        <Trackpoint>
          <Time>2027-05-09T07:51:13Z</Time>
          <Position>
            <LatitudeDegrees>42.5614900</LatitudeDegrees>
            <LongitudeDegrees>-5.6977700</LongitudeDegrees>
          </Position>
          <AltitudeMeters>896.9</AltitudeMeters>
          <DistanceMeters>12805.2</DistanceMeters>
        </Trackpoint>
        <Trackpoint>
          <Time>2027-05-09T07:51:25Z</Time>
          <Position>
            <LatitudeDegrees>42.5612200</LatitudeDegrees>
            <LongitudeDegrees>-5.6982900</LongitudeDegrees>
          </Position>
          <AltitudeMeters>897.1</AltitudeMeters>
          <DistanceMeters>12857.3</DistanceMeters>
        </Trackpoint>
        <Trackpoint>
          <Time>2027-05-09T07:51:38Z</Time>
          <Position>
            <LatitudeDegrees>42.5609400</LatitudeDegrees>
            <LongitudeDegrees>-5.6988100</LongitudeDegrees>
          </Position>
          <AltitudeMeters>897.3</AltitudeMeters>
          <DistanceMeters>12910.1</DistanceMeters>
        </Trackpoint>
        <Trackpoint>
          <Time>2027-05-09T07:51:51Z</Time>
          <Position>
            <LatitudeDegrees>42.5606600</LatitudeDegrees>
            <LongitudeDegrees>-5.6993400</LongitudeDegrees>
          </Position>
          <AltitudeMeters>897.4</AltitudeMeters>
          <DistanceMeters>12963.5</DistanceMeters>
        </Trackpoint>
        <Trackpoint>
          <Time>2027-05-09T07:52:03Z</Time>
          <Position>
            <LatitudeDegrees>42.5603900</LatitudeDegrees>
            <LongitudeDegrees>-5.6998600</LongitudeDegrees>
          </Position>
          <AltitudeMeters>897.5</AltitudeMeters>
          <DistanceMeters>13015.6</DistanceMeters>
        </Trackpoint>
        <Trackpoint>
          <Time>2027-05-09T07:52:16Z</Time>
          <Position>
            <LatitudeDegrees>42.5601100</LatitudeDegrees>
            <LongitudeDegrees>-5.7003800</LongitudeDegrees>
          </Position>
          <AltitudeMeters>897.5</AltitudeMeters>
          <DistanceMeters>13068.4</DistanceMeters>
        </Trackpoint>
        <Trackpoint>
          <Time>2027-05-09T07:52:27Z</Time>
          <Position>
            <LatitudeDegrees>42.5598300</LatitudeDegrees>
            <LongitudeDegrees>-5.7007800</LongitudeDegrees>
          </Position>
          <AltitudeMeters>897.6</AltitudeMeters>
          <DistanceMeters>13113.6</DistanceMeters>
        </Trackpoint>
        <Trackpoint>
          <Time>2027-05-09T07:52:33Z</Time>
          <Position>
            <LatitudeDegrees>42.5596000</LatitudeDegrees>
            <LongitudeDegrees>-5.7008900</LongitudeDegrees>
          </Position>
          <AltitudeMeters>897.7</AltitudeMeters>
          <DistanceMeters>13140.7</DistanceMeters>
        </Trackpoint>
        <Trackpoint>
          <Time>2027-05-09T07:52:36Z</Time>
          <Position>
            <LatitudeDegrees>42.5595500</LatitudeDegrees>
            <LongitudeDegrees>-5.7010200</LongitudeDegrees>
          </Position>
          <AltitudeMeters>897.9</AltitudeMeters>
          <DistanceMeters>13152.7</DistanceMeters>
        </Trackpoint>
        <Trackpoint>
          <Time>2027-05-09T07:52:38Z</Time>
          <Position>
            <LatitudeDegrees>42.5596000</LatitudeDegrees>
            <LongitudeDegrees>-5.7010800</LongitudeDegrees>
          </Position>
          <AltitudeMeters>898.4</AltitudeMeters>
          <DistanceMeters>13160.1</DistanceMeters>
        </Trackpoint>
        <Trackpoint>
          <Time>2027-05-09T07:52:41Z</Time>
          <Position>
            <LatitudeDegrees>42.5595900</LatitudeDegrees>
            <LongitudeDegrees>-5.7012600</LongitudeDegrees>
          </Position>
          <AltitudeMeters>899.3</AltitudeMeters>
          <DistanceMeters>13174.9</DistanceMeters>
        </Trackpoint>
        <Trackpoint>
          <Time>2027-05-09T07:52:59Z</Time>
          <Position>
            <LatitudeDegrees>42.5592200</LatitudeDegrees>
            <LongitudeDegrees>-5.7019700</LongitudeDegrees>
          </Position>
          <AltitudeMeters>900.8</AltitudeMeters>
          <DistanceMeters>13246.1</DistanceMeters>
        </Trackpoint>
        <Trackpoint>
          <Time>2027-05-09T07:53:16Z</Time>
          <Position>
            <LatitudeDegrees>42.5588500</LatitudeDegrees>
            <LongitudeDegrees>-5.7026700</LongitudeDegrees>
          </Position>
          <AltitudeMeters>902.8</AltitudeMeters>
          <DistanceMeters>13316.7</DistanceMeters>
        </Trackpoint>
        <Trackpoint>
          <Time>2027-05-09T07:53:39Z</Time>
          <Position>
            <LatitudeDegrees>42.5582100</LatitudeDegrees>
            <LongitudeDegrees>-5.7035000</LongitudeDegrees>
          </Position>
          <AltitudeMeters>905.2</AltitudeMeters>
          <DistanceMeters>13415.1</DistanceMeters>
        </Trackpoint>
        <Trackpoint>
          <Time>2027-05-09T07:53:53Z</Time>
          <Position>
            <LatitudeDegrees>42.5578900</LatitudeDegrees>
            <LongitudeDegrees>-5.7040600</LongitudeDegrees>
          </Position>
          <AltitudeMeters>907.6</AltitudeMeters>
          <DistanceMeters>13473.2</DistanceMeters>
        </Trackpoint>
        <Trackpoint>
          <Time>2027-05-09T07:54:07Z</Time>
          <Position>
            <LatitudeDegrees>42.5575700</LatitudeDegrees>
            <LongitudeDegrees>-5.7046200</LongitudeDegrees>
          </Position>
          <AltitudeMeters>909.7</AltitudeMeters>
          <DistanceMeters>13531.2</DistanceMeters>
        </Trackpoint>
        <Trackpoint>
          <Time>2027-05-09T07:54:21Z</Time>
          <Position>
            <LatitudeDegrees>42.5572400</LatitudeDegrees>
            <LongitudeDegrees>-5.7051800</LongitudeDegrees>
          </Position>
          <AltitudeMeters>911.2</AltitudeMeters>
          <DistanceMeters>13590.0</DistanceMeters>
        </Trackpoint>
        <Trackpoint>
          <Time>2027-05-09T07:54:35Z</Time>
          <Position>
            <LatitudeDegrees>42.5569200</LatitudeDegrees>
            <LongitudeDegrees>-5.7057400</LongitudeDegrees>
          </Position>
          <AltitudeMeters>912.2</AltitudeMeters>
          <DistanceMeters>13648.0</DistanceMeters>
        </Trackpoint>
        <Trackpoint>
          <Time>2027-05-09T07:54:37Z</Time>
          <Position>
            <LatitudeDegrees>42.5568800</LatitudeDegrees>
            <LongitudeDegrees>-5.7058200</LongitudeDegrees>
          </Position>
          <AltitudeMeters>912.9</AltitudeMeters>
          <DistanceMeters>13655.9</DistanceMeters>
        </Trackpoint>
        <Trackpoint>
          <Time>2027-05-09T07:54:39Z</Time>
          <Position>
            <LatitudeDegrees>42.5569600</LatitudeDegrees>
            <LongitudeDegrees>-5.7058300</LongitudeDegrees>
          </Position>
          <AltitudeMeters>913.3</AltitudeMeters>
          <DistanceMeters>13664.9</DistanceMeters>
        </Trackpoint>
        <Trackpoint>
          <Time>2027-05-09T07:54:46Z</Time>
          <Position>
            <LatitudeDegrees>42.5572000</LatitudeDegrees>
            <LongitudeDegrees>-5.7057600</LongitudeDegrees>
          </Position>
          <AltitudeMeters>914.0</AltitudeMeters>
          <DistanceMeters>13692.2</DistanceMeters>
        </Trackpoint>
        <Trackpoint>
          <Time>2027-05-09T07:54:48Z</Time>
          <Position>
            <LatitudeDegrees>42.5571300</LatitudeDegrees>
            <LongitudeDegrees>-5.7058100</LongitudeDegrees>
          </Position>
          <AltitudeMeters>915.0</AltitudeMeters>
          <DistanceMeters>13701.0</DistanceMeters>
        </Trackpoint>
        <Trackpoint>
          <Time>2027-05-09T07:55:02Z</Time>
          <Position>
            <LatitudeDegrees>42.5568400</LatitudeDegrees>
            <LongitudeDegrees>-5.7064200</LongitudeDegrees>
          </Position>
          <AltitudeMeters>916.1</AltitudeMeters>
          <DistanceMeters>13760.4</DistanceMeters>
        </Trackpoint>
        <Trackpoint>
          <Time>2027-05-09T07:55:16Z</Time>
          <Position>
            <LatitudeDegrees>42.5565500</LatitudeDegrees>
            <LongitudeDegrees>-5.7070300</LongitudeDegrees>
          </Position>
          <AltitudeMeters>917.1</AltitudeMeters>
          <DistanceMeters>13819.9</DistanceMeters>
        </Trackpoint>
        <Trackpoint>
          <Time>2027-05-09T07:55:29Z</Time>
          <Position>
            <LatitudeDegrees>42.5563100</LatitudeDegrees>
            <LongitudeDegrees>-5.7075600</LongitudeDegrees>
          </Position>
          <AltitudeMeters>917.9</AltitudeMeters>
          <DistanceMeters>13870.8</DistanceMeters>
        </Trackpoint>
        <Trackpoint>
          <Time>2027-05-09T07:55:41Z</Time>
          <Position>
            <LatitudeDegrees>42.5560700</LatitudeDegrees>
            <LongitudeDegrees>-5.7080900</LongitudeDegrees>
          </Position>
          <AltitudeMeters>918.1</AltitudeMeters>
          <DistanceMeters>13921.8</DistanceMeters>
        </Trackpoint>
        <Trackpoint>
          <Time>2027-05-09T07:55:53Z</Time>
          <Position>
            <LatitudeDegrees>42.5558300</LatitudeDegrees>
            <LongitudeDegrees>-5.7086200</LongitudeDegrees>
          </Position>
          <AltitudeMeters>917.8</AltitudeMeters>
          <DistanceMeters>13972.8</DistanceMeters>
        </Trackpoint>
        <Trackpoint>
          <Time>2027-05-09T07:56:05Z</Time>
          <Position>
            <LatitudeDegrees>42.5555900</LatitudeDegrees>
            <LongitudeDegrees>-5.7091600</LongitudeDegrees>
          </Position>
          <AltitudeMeters>917.0</AltitudeMeters>
          <DistanceMeters>14024.4</DistanceMeters>
        </Trackpoint>
        <Trackpoint>
          <Time>2027-05-09T07:56:18Z</Time>
          <Position>
            <LatitudeDegrees>42.5553500</LatitudeDegrees>
            <LongitudeDegrees>-5.7096900</LongitudeDegrees>
          </Position>
          <AltitudeMeters>915.9</AltitudeMeters>
          <DistanceMeters>14075.4</DistanceMeters>
        </Trackpoint>
        <Trackpoint>
          <Time>2027-05-09T07:56:30Z</Time>
          <Position>
            <LatitudeDegrees>42.5551100</LatitudeDegrees>
            <LongitudeDegrees>-5.7102200</LongitudeDegrees>
          </Position>
          <AltitudeMeters>914.8</AltitudeMeters>
          <DistanceMeters>14126.3</DistanceMeters>
        </Trackpoint>
        <Trackpoint>
          <Time>2027-05-09T07:56:42Z</Time>
          <Position>
            <LatitudeDegrees>42.5548800</LatitudeDegrees>
            <LongitudeDegrees>-5.7107500</LongitudeDegrees>
          </Position>
          <AltitudeMeters>913.5</AltitudeMeters>
          <DistanceMeters>14176.7</DistanceMeters>
        </Trackpoint>
        <Trackpoint>
          <Time>2027-05-09T07:56:54Z</Time>
          <Position>
            <LatitudeDegrees>42.5546400</LatitudeDegrees>
            <LongitudeDegrees>-5.7112800</LongitudeDegrees>
          </Position>
          <AltitudeMeters>912.2</AltitudeMeters>
          <DistanceMeters>14227.7</DistanceMeters>
        </Trackpoint>
        <Trackpoint>
          <Time>2027-05-09T07:57:06Z</Time>
          <Position>
            <LatitudeDegrees>42.5544000</LatitudeDegrees>
            <LongitudeDegrees>-5.7118100</LongitudeDegrees>
          </Position>
          <AltitudeMeters>911.4</AltitudeMeters>
          <DistanceMeters>14278.6</DistanceMeters>
        </Trackpoint>
        <Trackpoint>
          <Time>2027-05-09T07:57:19Z</Time>
          <Position>
            <LatitudeDegrees>42.5541600</LatitudeDegrees>
            <LongitudeDegrees>-5.7123400</LongitudeDegrees>
          </Position>
          <AltitudeMeters>911.2</AltitudeMeters>
          <DistanceMeters>14329.6</DistanceMeters>
        </Trackpoint>
        <Trackpoint>
          <Time>2027-05-09T07:57:31Z</Time>
          <Position>
            <LatitudeDegrees>42.5539200</LatitudeDegrees>
            <LongitudeDegrees>-5.7128800</LongitudeDegrees>
          </Position>
          <AltitudeMeters>911.4</AltitudeMeters>
          <DistanceMeters>14381.3</DistanceMeters>
        </Trackpoint>
        <Trackpoint>
          <Time>2027-05-09T07:57:43Z</Time>
          <Position>
            <LatitudeDegrees>42.5536800</LatitudeDegrees>
            <LongitudeDegrees>-5.7134100</LongitudeDegrees>
          </Position>
          <AltitudeMeters>912.0</AltitudeMeters>
          <DistanceMeters>14432.2</DistanceMeters>
        </Trackpoint>
        <Trackpoint>
          <Time>2027-05-09T07:57:55Z</Time>
          <Position>
            <LatitudeDegrees>42.5534400</LatitudeDegrees>
            <LongitudeDegrees>-5.7139400</LongitudeDegrees>
          </Position>
          <AltitudeMeters>912.6</AltitudeMeters>
          <DistanceMeters>14483.2</DistanceMeters>
        </Trackpoint>
        <Trackpoint>
          <Time>2027-05-09T07:58:08Z</Time>
          <Position>
            <LatitudeDegrees>42.5532000</LatitudeDegrees>
            <LongitudeDegrees>-5.7144700</LongitudeDegrees>
          </Position>
          <AltitudeMeters>913.2</AltitudeMeters>
          <DistanceMeters>14534.1</DistanceMeters>
        </Trackpoint>
        <Trackpoint>
          <Time>2027-05-09T07:58:11Z</Time>
          <Position>
            <LatitudeDegrees>42.5531000</LatitudeDegrees>
            <LongitudeDegrees>-5.7145200</LongitudeDegrees>
          </Position>
          <AltitudeMeters>913.8</AltitudeMeters>
          <DistanceMeters>14546.0</DistanceMeters>
        </Trackpoint>
        <Trackpoint>
          <Time>2027-05-09T07:58:25Z</Time>
          <Position>
            <LatitudeDegrees>42.5528500</LatitudeDegrees>
            <LongitudeDegrees>-5.7151500</LongitudeDegrees>
          </Position>
          <AltitudeMeters>914.4</AltitudeMeters>
          <DistanceMeters>14604.6</DistanceMeters>
        </Trackpoint>
        <Trackpoint>
          <Time>2027-05-09T07:58:39Z</Time>
          <Position>
            <LatitudeDegrees>42.5525900</LatitudeDegrees>
            <LongitudeDegrees>-5.7157800</LongitudeDegrees>
          </Position>
          <AltitudeMeters>915.3</AltitudeMeters>
          <DistanceMeters>14663.8</DistanceMeters>
        </Trackpoint>
        <Trackpoint>
          <Time>2027-05-09T07:58:52Z</Time>
          <Position>
            <LatitudeDegrees>42.5523200</LatitudeDegrees>
            <LongitudeDegrees>-5.7163500</LongitudeDegrees>
          </Position>
          <AltitudeMeters>916.4</AltitudeMeters>
          <DistanceMeters>14719.3</DistanceMeters>
        </Trackpoint>
        <Trackpoint>
          <Time>2027-05-09T07:59:05Z</Time>
          <Position>
            <LatitudeDegrees>42.5520500</LatitudeDegrees>
            <LongitudeDegrees>-5.7169200</LongitudeDegrees>
          </Position>
          <AltitudeMeters>917.4</AltitudeMeters>
          <DistanceMeters>14774.8</DistanceMeters>
        </Trackpoint>
        <Trackpoint>
          <Time>2027-05-09T07:59:19Z</Time>
          <Position>
            <LatitudeDegrees>42.5517800</LatitudeDegrees>
            <LongitudeDegrees>-5.7174900</LongitudeDegrees>
          </Position>
          <AltitudeMeters>918.3</AltitudeMeters>
          <DistanceMeters>14830.3</DistanceMeters>
        </Trackpoint>
        <Trackpoint>
          <Time>2027-05-09T07:59:32Z</Time>
          <Position>
            <LatitudeDegrees>42.5515100</LatitudeDegrees>
            <LongitudeDegrees>-5.7180600</LongitudeDegrees>
          </Position>
          <AltitudeMeters>918.9</AltitudeMeters>
          <DistanceMeters>14885.8</DistanceMeters>
        </Trackpoint>
        <Trackpoint>
          <Time>2027-05-09T07:59:46Z</Time>
          <Position>
            <LatitudeDegrees>42.5512300</LatitudeDegrees>
            <LongitudeDegrees>-5.7186400</LongitudeDegrees>
          </Position>
          <AltitudeMeters>918.9</AltitudeMeters>
          <DistanceMeters>14942.6</DistanceMeters>
        </Trackpoint>
        <Trackpoint>
          <Time>2027-05-09T07:59:59Z</Time>
          <Position>
            <LatitudeDegrees>42.5509600</LatitudeDegrees>
            <LongitudeDegrees>-5.7192100</LongitudeDegrees>
          </Position>
          <AltitudeMeters>918.2</AltitudeMeters>
          <DistanceMeters>14998.1</DistanceMeters>
        </Trackpoint>
        <Trackpoint>
          <Time>2027-05-09T08:00:12Z</Time>
          <Position>
            <LatitudeDegrees>42.5506900</LatitudeDegrees>
            <LongitudeDegrees>-5.7197800</LongitudeDegrees>
          </Position>
          <AltitudeMeters>917.0</AltitudeMeters>
          <DistanceMeters>15053.6</DistanceMeters>
        </Trackpoint>
        <Trackpoint>
          <Time>2027-05-09T08:00:26Z</Time>
          <Position>
            <LatitudeDegrees>42.5504200</LatitudeDegrees>
            <LongitudeDegrees>-5.7203500</LongitudeDegrees>
          </Position>
          <AltitudeMeters>915.2</AltitudeMeters>
          <DistanceMeters>15109.1</DistanceMeters>
        </Trackpoint>
        <Trackpoint>
          <Time>2027-05-09T08:00:41Z</Time>
          <Position>
            <LatitudeDegrees>42.5500300</LatitudeDegrees>
            <LongitudeDegrees>-5.7208900</LongitudeDegrees>
          </Position>
          <AltitudeMeters>913.5</AltitudeMeters>
          <DistanceMeters>15171.1</DistanceMeters>
        </Trackpoint>
        <Trackpoint>
          <Time>2027-05-09T08:00:55Z</Time>
          <Position>
            <LatitudeDegrees>42.5496400</LatitudeDegrees>
            <LongitudeDegrees>-5.7214300</LongitudeDegrees>
          </Position>
          <AltitudeMeters>912.0</AltitudeMeters>
          <DistanceMeters>15233.0</DistanceMeters>
        </Trackpoint>
        <Trackpoint>
          <Time>2027-05-09T08:01:10Z</Time>
          <Position>
            <LatitudeDegrees>42.5492500</LatitudeDegrees>
            <LongitudeDegrees>-5.7219700</LongitudeDegrees>
          </Position>
          <AltitudeMeters>911.3</AltitudeMeters>
          <DistanceMeters>15295.0</DistanceMeters>
        </Trackpoint>
        <Trackpoint>
          <Time>2027-05-09T08:01:20Z</Time>
          <Position>
            <LatitudeDegrees>42.5489300</LatitudeDegrees>
            <LongitudeDegrees>-5.7222100</LongitudeDegrees>
          </Position>
          <AltitudeMeters>911.3</AltitudeMeters>
          <DistanceMeters>15335.6</DistanceMeters>
        </Trackpoint>
        <Trackpoint>
          <Time>2027-05-09T08:01:34Z</Time>
          <Position>
            <LatitudeDegrees>42.5485300</LatitudeDegrees>
            <LongitudeDegrees>-5.7226500</LongitudeDegrees>
          </Position>
          <AltitudeMeters>912.0</AltitudeMeters>
          <DistanceMeters>15392.9</DistanceMeters>
        </Trackpoint>
        <Trackpoint>
          <Time>2027-05-09T08:01:50Z</Time>
          <Position>
            <LatitudeDegrees>42.5481400</LatitudeDegrees>
            <LongitudeDegrees>-5.7233000</LongitudeDegrees>
          </Position>
          <AltitudeMeters>912.5</AltitudeMeters>
          <DistanceMeters>15461.5</DistanceMeters>
        </Trackpoint>
        <Trackpoint>
          <Time>2027-05-09T08:02:07Z</Time>
          <Position>
            <LatitudeDegrees>42.5477500</LatitudeDegrees>
            <LongitudeDegrees>-5.7239500</LongitudeDegrees>
          </Position>
          <AltitudeMeters>912.9</AltitudeMeters>
          <DistanceMeters>15530.2</DistanceMeters>
        </Trackpoint>
        <Trackpoint>
          <Time>2027-05-09T08:02:19Z</Time>
          <Position>
            <LatitudeDegrees>42.5474200</LatitudeDegrees>
            <LongitudeDegrees>-5.7244100</LongitudeDegrees>
          </Position>
          <AltitudeMeters>913.2</AltitudeMeters>
          <DistanceMeters>15582.8</DistanceMeters>
        </Trackpoint>
        <Trackpoint>
          <Time>2027-05-09T08:02:32Z</Time>
          <Position>
            <LatitudeDegrees>42.5470900</LatitudeDegrees>
            <LongitudeDegrees>-5.7248600</LongitudeDegrees>
          </Position>
          <AltitudeMeters>913.0</AltitudeMeters>
          <DistanceMeters>15634.8</DistanceMeters>
        </Trackpoint>
        <Trackpoint>
          <Time>2027-05-09T08:02:45Z</Time>
          <Position>
            <LatitudeDegrees>42.5467500</LatitudeDegrees>
            <LongitudeDegrees>-5.7253200</LongitudeDegrees>
          </Position>
          <AltitudeMeters>912.6</AltitudeMeters>
          <DistanceMeters>15688.2</DistanceMeters>
        </Trackpoint>
        <Trackpoint>
          <Time>2027-05-09T08:02:57Z</Time>
          <Position>
            <LatitudeDegrees>42.5464200</LatitudeDegrees>
            <LongitudeDegrees>-5.7257800</LongitudeDegrees>
          </Position>
          <AltitudeMeters>912.2</AltitudeMeters>
          <DistanceMeters>15740.8</DistanceMeters>
        </Trackpoint>
        <Trackpoint>
          <Time>2027-05-09T08:03:10Z</Time>
          <Position>
            <LatitudeDegrees>42.5460900</LatitudeDegrees>
            <LongitudeDegrees>-5.7262300</LongitudeDegrees>
          </Position>
          <AltitudeMeters>911.9</AltitudeMeters>
          <DistanceMeters>15792.8</DistanceMeters>
        </Trackpoint>
        <Trackpoint>
          <Time>2027-05-09T08:03:22Z</Time>
          <Position>
            <LatitudeDegrees>42.5457600</LatitudeDegrees>
            <LongitudeDegrees>-5.7266900</LongitudeDegrees>
          </Position>
          <AltitudeMeters>911.3</AltitudeMeters>
          <DistanceMeters>15845.4</DistanceMeters>
        </Trackpoint>
        <Trackpoint>
          <Time>2027-05-09T08:03:35Z</Time>
          <Position>
            <LatitudeDegrees>42.5454300</LatitudeDegrees>
            <LongitudeDegrees>-5.7271500</LongitudeDegrees>
          </Position>
          <AltitudeMeters>910.6</AltitudeMeters>
          <DistanceMeters>15898.0</DistanceMeters>
        </Trackpoint>
        <Trackpoint>
          <Time>2027-05-09T08:03:48Z</Time>
          <Position>
            <LatitudeDegrees>42.5451000</LatitudeDegrees>
            <LongitudeDegrees>-5.7276100</LongitudeDegrees>
          </Position>
          <AltitudeMeters>910.0</AltitudeMeters>
          <DistanceMeters>15950.6</DistanceMeters>
        </Trackpoint>
        <Trackpoint>
          <Time>2027-05-09T08:04:00Z</Time>
          <Position>
            <LatitudeDegrees>42.5447600</LatitudeDegrees>
            <LongitudeDegrees>-5.7280600</LongitudeDegrees>
          </Position>
          <AltitudeMeters>909.5</AltitudeMeters>
          <DistanceMeters>16003.4</DistanceMeters>
        </Trackpoint>
        <Trackpoint>
          <Time>2027-05-09T08:04:13Z</Time>
          <Position>
            <LatitudeDegrees>42.5444300</LatitudeDegrees>
            <LongitudeDegrees>-5.7285200</LongitudeDegrees>
          </Position>
          <AltitudeMeters>909.1</AltitudeMeters>
          <DistanceMeters>16056.0</DistanceMeters>
        </Trackpoint>
        <Trackpoint>
          <Time>2027-05-09T08:04:26Z</Time>
          <Position>
            <LatitudeDegrees>42.5441000</LatitudeDegrees>
            <LongitudeDegrees>-5.7289800</LongitudeDegrees>
          </Position>
          <AltitudeMeters>908.9</AltitudeMeters>
          <DistanceMeters>16108.6</DistanceMeters>
        </Trackpoint>
        <Trackpoint>
          <Time>2027-05-09T08:04:38Z</Time>
          <Position>
            <LatitudeDegrees>42.5437700</LatitudeDegrees>
            <LongitudeDegrees>-5.7294300</LongitudeDegrees>
          </Position>
          <AltitudeMeters>908.5</AltitudeMeters>
          <DistanceMeters>16160.6</DistanceMeters>
        </Trackpoint>
        <Trackpoint>
          <Time>2027-05-09T08:04:51Z</Time>
          <Position>
            <LatitudeDegrees>42.5434400</LatitudeDegrees>
            <LongitudeDegrees>-5.7298900</LongitudeDegrees>
          </Position>
          <AltitudeMeters>908.3</AltitudeMeters>
          <DistanceMeters>16213.2</DistanceMeters>
        </Trackpoint>
        <Trackpoint>
          <Time>2027-05-09T08:05:03Z</Time>
          <Position>
            <LatitudeDegrees>42.5431000</LatitudeDegrees>
            <LongitudeDegrees>-5.7303500</LongitudeDegrees>
          </Position>
          <AltitudeMeters>908.2</AltitudeMeters>
          <DistanceMeters>16266.6</DistanceMeters>
        </Trackpoint>
        <Trackpoint>
          <Time>2027-05-09T08:05:16Z</Time>
          <Position>
            <LatitudeDegrees>42.5427700</LatitudeDegrees>
            <LongitudeDegrees>-5.7308000</LongitudeDegrees>
          </Position>
          <AltitudeMeters>908.1</AltitudeMeters>
          <DistanceMeters>16318.6</DistanceMeters>
        </Trackpoint>
        <Trackpoint>
          <Time>2027-05-09T08:05:29Z</Time>
          <Position>
            <LatitudeDegrees>42.5424400</LatitudeDegrees>
            <LongitudeDegrees>-5.7312600</LongitudeDegrees>
          </Position>
          <AltitudeMeters>907.7</AltitudeMeters>
          <DistanceMeters>16371.2</DistanceMeters>
        </Trackpoint>
        <Trackpoint>
          <Time>2027-05-09T08:05:43Z</Time>
          <Position>
            <LatitudeDegrees>42.5420800</LatitudeDegrees>
            <LongitudeDegrees>-5.7317900</LongitudeDegrees>
          </Position>
          <AltitudeMeters>907.1</AltitudeMeters>
          <DistanceMeters>16430.3</DistanceMeters>
        </Trackpoint>
        <Trackpoint>
          <Time>2027-05-09T08:05:57Z</Time>
          <Position>
            <LatitudeDegrees>42.5417300</LatitudeDegrees>
            <LongitudeDegrees>-5.7323200</LongitudeDegrees>
          </Position>
          <AltitudeMeters>906.0</AltitudeMeters>
          <DistanceMeters>16488.6</DistanceMeters>
        </Trackpoint>
        <Trackpoint>
          <Time>2027-05-09T08:06:11Z</Time>
          <Position>
            <LatitudeDegrees>42.5413700</LatitudeDegrees>
            <LongitudeDegrees>-5.7328500</LongitudeDegrees>
          </Position>
          <AltitudeMeters>904.7</AltitudeMeters>
          <DistanceMeters>16547.6</DistanceMeters>
        </Trackpoint>
        <Trackpoint>
          <Time>2027-05-09T08:06:26Z</Time>
          <Position>
            <LatitudeDegrees>42.5409300</LatitudeDegrees>
            <LongitudeDegrees>-5.7333600</LongitudeDegrees>
          </Position>
          <AltitudeMeters>903.3</AltitudeMeters>
          <DistanceMeters>16612.0</DistanceMeters>
        </Trackpoint>
        <Trackpoint>
          <Time>2027-05-09T08:06:42Z</Time>
          <Position>
            <LatitudeDegrees>42.5404800</LatitudeDegrees>
            <LongitudeDegrees>-5.7338600</LongitudeDegrees>
          </Position>
          <AltitudeMeters>902.2</AltitudeMeters>
          <DistanceMeters>16676.7</DistanceMeters>
        </Trackpoint>
        <Trackpoint>
          <Time>2027-05-09T08:06:57Z</Time>
          <Position>
            <LatitudeDegrees>42.5400400</LatitudeDegrees>
            <LongitudeDegrees>-5.7343700</LongitudeDegrees>
          </Position>
          <AltitudeMeters>901.6</AltitudeMeters>
          <DistanceMeters>16741.0</DistanceMeters>
        </Trackpoint>
        <Trackpoint>
          <Time>2027-05-09T08:07:13Z</Time>
          <Position>
            <LatitudeDegrees>42.5396500</LatitudeDegrees>
            <LongitudeDegrees>-5.7349600</LongitudeDegrees>
          </Position>
          <AltitudeMeters>901.7</AltitudeMeters>
          <DistanceMeters>16805.9</DistanceMeters>
        </Trackpoint>
        <Trackpoint>
          <Time>2027-05-09T08:07:29Z</Time>
          <Position>
            <LatitudeDegrees>42.5393700</LatitudeDegrees>
            <LongitudeDegrees>-5.7356800</LongitudeDegrees>
          </Position>
          <AltitudeMeters>901.7</AltitudeMeters>
          <DistanceMeters>16872.6</DistanceMeters>
        </Trackpoint>
        <Trackpoint>
          <Time>2027-05-09T08:07:44Z</Time>
          <Position>
            <LatitudeDegrees>42.5390200</LatitudeDegrees>
            <LongitudeDegrees>-5.7362800</LongitudeDegrees>
          </Position>
          <AltitudeMeters>901.5</AltitudeMeters>
          <DistanceMeters>16935.3</DistanceMeters>
        </Trackpoint>
        <Trackpoint>
          <Time>2027-05-09T08:07:59Z</Time>
          <Position>
            <LatitudeDegrees>42.5386800</LatitudeDegrees>
            <LongitudeDegrees>-5.7368700</LongitudeDegrees>
          </Position>
          <AltitudeMeters>901.6</AltitudeMeters>
          <DistanceMeters>16996.7</DistanceMeters>
        </Trackpoint>
        <Trackpoint>
          <Time>2027-05-09T08:08:14Z</Time>
          <Position>
            <LatitudeDegrees>42.5382200</LatitudeDegrees>
            <LongitudeDegrees>-5.7373400</LongitudeDegrees>
          </Position>
          <AltitudeMeters>901.6</AltitudeMeters>
          <DistanceMeters>17060.7</DistanceMeters>
        </Trackpoint>
        <Trackpoint>
          <Time>2027-05-09T08:08:27Z</Time>
          <Position>
            <LatitudeDegrees>42.5378800</LatitudeDegrees>
            <LongitudeDegrees>-5.7378300</LongitudeDegrees>
          </Position>
          <AltitudeMeters>901.3</AltitudeMeters>
          <DistanceMeters>17115.9</DistanceMeters>
        </Trackpoint>
        <Trackpoint>
          <Time>2027-05-09T08:08:41Z</Time>
          <Position>
            <LatitudeDegrees>42.5375300</LatitudeDegrees>
            <LongitudeDegrees>-5.7383300</LongitudeDegrees>
          </Position>
          <AltitudeMeters>901.0</AltitudeMeters>
          <DistanceMeters>17172.4</DistanceMeters>
        </Trackpoint>
        <Trackpoint>
          <Time>2027-05-09T08:08:54Z</Time>
          <Position>
            <LatitudeDegrees>42.5371900</LatitudeDegrees>
            <LongitudeDegrees>-5.7388200</LongitudeDegrees>
          </Position>
          <AltitudeMeters>901.0</AltitudeMeters>
          <DistanceMeters>17227.5</DistanceMeters>
        </Trackpoint>
        <Trackpoint>
          <Time>2027-05-09T08:09:08Z</Time>
          <Position>
            <LatitudeDegrees>42.5368400</LatitudeDegrees>
            <LongitudeDegrees>-5.7393200</LongitudeDegrees>
          </Position>
          <AltitudeMeters>900.9</AltitudeMeters>
          <DistanceMeters>17284.0</DistanceMeters>
        </Trackpoint>
        <Trackpoint>
          <Time>2027-05-09T08:09:21Z</Time>
          <Position>
            <LatitudeDegrees>42.5365000</LatitudeDegrees>
            <LongitudeDegrees>-5.7398100</LongitudeDegrees>
          </Position>
          <AltitudeMeters>900.8</AltitudeMeters>
          <DistanceMeters>17339.2</DistanceMeters>
        </Trackpoint>
        <Trackpoint>
          <Time>2027-05-09T08:09:34Z</Time>
          <Position>
            <LatitudeDegrees>42.5361500</LatitudeDegrees>
            <LongitudeDegrees>-5.7403100</LongitudeDegrees>
          </Position>
          <AltitudeMeters>900.5</AltitudeMeters>
          <DistanceMeters>17395.7</DistanceMeters>
        </Trackpoint>
        <Trackpoint>
          <Time>2027-05-09T08:09:48Z</Time>
          <Position>
            <LatitudeDegrees>42.5358100</LatitudeDegrees>
            <LongitudeDegrees>-5.7408000</LongitudeDegrees>
          </Position>
          <AltitudeMeters>900.3</AltitudeMeters>
          <DistanceMeters>17450.8</DistanceMeters>
        </Trackpoint>
        <Trackpoint>
          <Time>2027-05-09T08:10:01Z</Time>
          <Position>
            <LatitudeDegrees>42.5355000</LatitudeDegrees>
            <LongitudeDegrees>-5.7413100</LongitudeDegrees>
          </Position>
          <AltitudeMeters>900.1</AltitudeMeters>
          <DistanceMeters>17505.0</DistanceMeters>
        </Trackpoint>
        <Trackpoint>
          <Time>2027-05-09T08:10:14Z</Time>
          <Position>
            <LatitudeDegrees>42.5351900</LatitudeDegrees>
            <LongitudeDegrees>-5.7418100</LongitudeDegrees>
          </Position>
          <AltitudeMeters>899.9</AltitudeMeters>
          <DistanceMeters>17558.5</DistanceMeters>
        </Trackpoint>
        <Trackpoint>
          <Time>2027-05-09T08:10:28Z</Time>
          <Position>
            <LatitudeDegrees>42.5348100</LatitudeDegrees>
            <LongitudeDegrees>-5.7423400</LongitudeDegrees>
          </Position>
          <AltitudeMeters>899.8</AltitudeMeters>
          <DistanceMeters>17619.1</DistanceMeters>
        </Trackpoint>
        <Trackpoint>
          <Time>2027-05-09T08:10:43Z</Time>
          <Position>
            <LatitudeDegrees>42.5344300</LatitudeDegrees>
            <LongitudeDegrees>-5.7428700</LongitudeDegrees>
          </Position>
          <AltitudeMeters>899.8</AltitudeMeters>
          <DistanceMeters>17679.7</DistanceMeters>
        </Trackpoint>
        <Trackpoint>
          <Time>2027-05-09T08:10:57Z</Time>
          <Position>
            <LatitudeDegrees>42.5340500</LatitudeDegrees>
            <LongitudeDegrees>-5.7433900</LongitudeDegrees>
          </Position>
          <AltitudeMeters>899.8</AltitudeMeters>
          <DistanceMeters>17739.7</DistanceMeters>
        </Trackpoint>
        <Trackpoint>
          <Time>2027-05-09T08:11:12Z</Time>
          <Position>
            <LatitudeDegrees>42.5336700</LatitudeDegrees>
            <LongitudeDegrees>-5.7439200</LongitudeDegrees>
          </Position>
          <AltitudeMeters>899.8</AltitudeMeters>
          <DistanceMeters>17800.3</DistanceMeters>
        </Trackpoint>
        <Trackpoint>
          <Time>2027-05-09T08:11:25Z</Time>
          <Position>
            <LatitudeDegrees>42.5332900</LatitudeDegrees>
            <LongitudeDegrees>-5.7444000</LongitudeDegrees>
          </Position>
          <AltitudeMeters>899.6</AltitudeMeters>
          <DistanceMeters>17858.0</DistanceMeters>
        </Trackpoint>
        <Trackpoint>
          <Time>2027-05-09T08:11:39Z</Time>
          <Position>
            <LatitudeDegrees>42.5329100</LatitudeDegrees>
            <LongitudeDegrees>-5.7448800</LongitudeDegrees>
          </Position>
          <AltitudeMeters>899.1</AltitudeMeters>
          <DistanceMeters>17915.8</DistanceMeters>
        </Trackpoint>
        <Trackpoint>
          <Time>2027-05-09T08:11:53Z</Time>
          <Position>
            <LatitudeDegrees>42.5325300</LatitudeDegrees>
            <LongitudeDegrees>-5.7453600</LongitudeDegrees>
          </Position>
          <AltitudeMeters>898.7</AltitudeMeters>
          <DistanceMeters>17973.5</DistanceMeters>
        </Trackpoint>
        <Trackpoint>
          <Time>2027-05-09T08:12:07Z</Time>
          <Position>
            <LatitudeDegrees>42.5321500</LatitudeDegrees>
            <LongitudeDegrees>-5.7458300</LongitudeDegrees>
          </Position>
          <AltitudeMeters>898.2</AltitudeMeters>
          <DistanceMeters>18030.7</DistanceMeters>
        </Trackpoint>
        <Trackpoint>
          <Time>2027-05-09T08:12:21Z</Time>
          <Position>
            <LatitudeDegrees>42.5317700</LatitudeDegrees>
            <LongitudeDegrees>-5.7463100</LongitudeDegrees>
          </Position>
          <AltitudeMeters>897.7</AltitudeMeters>
          <DistanceMeters>18088.4</DistanceMeters>
        </Trackpoint>
        <Trackpoint>
          <Time>2027-05-09T08:12:35Z</Time>
          <Position>
            <LatitudeDegrees>42.5313900</LatitudeDegrees>
            <LongitudeDegrees>-5.7467900</LongitudeDegrees>
          </Position>
          <AltitudeMeters>897.5</AltitudeMeters>
          <DistanceMeters>18146.1</DistanceMeters>
        </Trackpoint>
        <Trackpoint>
          <Time>2027-05-09T08:12:47Z</Time>
          <Position>
            <LatitudeDegrees>42.5310900</LatitudeDegrees>
            <LongitudeDegrees>-5.7472500</LongitudeDegrees>
          </Position>
          <AltitudeMeters>897.5</AltitudeMeters>
          <DistanceMeters>18196.5</DistanceMeters>
        </Trackpoint>
        <Trackpoint>
          <Time>2027-05-09T08:12:59Z</Time>
          <Position>
            <LatitudeDegrees>42.5307800</LatitudeDegrees>
            <LongitudeDegrees>-5.7477100</LongitudeDegrees>
          </Position>
          <AltitudeMeters>897.6</AltitudeMeters>
          <DistanceMeters>18247.5</DistanceMeters>
        </Trackpoint>
        <Trackpoint>
          <Time>2027-05-09T08:13:11Z</Time>
          <Position>
            <LatitudeDegrees>42.5304800</LatitudeDegrees>
            <LongitudeDegrees>-5.7481700</LongitudeDegrees>
          </Position>
          <AltitudeMeters>897.7</AltitudeMeters>
          <DistanceMeters>18297.9</DistanceMeters>
        </Trackpoint>
        <Trackpoint>
          <Time>2027-05-09T08:13:23Z</Time>
          <Position>
            <LatitudeDegrees>42.5301800</LatitudeDegrees>
            <LongitudeDegrees>-5.7486200</LongitudeDegrees>
          </Position>
          <AltitudeMeters>897.9</AltitudeMeters>
          <DistanceMeters>18347.6</DistanceMeters>
        </Trackpoint>
        <Trackpoint>
          <Time>2027-05-09T08:13:35Z</Time>
          <Position>
            <LatitudeDegrees>42.5298700</LatitudeDegrees>
            <LongitudeDegrees>-5.7490800</LongitudeDegrees>
          </Position>
          <AltitudeMeters>898.1</AltitudeMeters>
          <DistanceMeters>18398.7</DistanceMeters>
        </Trackpoint>
        <Trackpoint>
          <Time>2027-05-09T08:13:47Z</Time>
          <Position>
            <LatitudeDegrees>42.5295700</LatitudeDegrees>
            <LongitudeDegrees>-5.7495400</LongitudeDegrees>
          </Position>
          <AltitudeMeters>898.0</AltitudeMeters>
          <DistanceMeters>18449.0</DistanceMeters>
        </Trackpoint>
        <Trackpoint>
          <Time>2027-05-09T08:13:59Z</Time>
          <Position>
            <LatitudeDegrees>42.5292400</LatitudeDegrees>
            <LongitudeDegrees>-5.7499700</LongitudeDegrees>
          </Position>
          <AltitudeMeters>898.1</AltitudeMeters>
          <DistanceMeters>18499.9</DistanceMeters>
        </Trackpoint>
        <Trackpoint>
          <Time>2027-05-09T08:14:12Z</Time>
          <Position>
            <LatitudeDegrees>42.5289000</LatitudeDegrees>
            <LongitudeDegrees>-5.7504100</LongitudeDegrees>
          </Position>
          <AltitudeMeters>898.1</AltitudeMeters>
          <DistanceMeters>18552.1</DistanceMeters>
        </Trackpoint>
        <Trackpoint>
          <Time>2027-05-09T08:14:24Z</Time>
          <Position>
            <LatitudeDegrees>42.5285700</LatitudeDegrees>
            <LongitudeDegrees>-5.7508400</LongitudeDegrees>
          </Position>
          <AltitudeMeters>897.9</AltitudeMeters>
          <DistanceMeters>18603.0</DistanceMeters>
        </Trackpoint>
        <Trackpoint>
          <Time>2027-05-09T08:14:35Z</Time>
          <Position>
            <LatitudeDegrees>42.5282500</LatitudeDegrees>
            <LongitudeDegrees>-5.7511400</LongitudeDegrees>
          </Position>
          <AltitudeMeters>897.7</AltitudeMeters>
          <DistanceMeters>18646.2</DistanceMeters>
        </Trackpoint>
        <Trackpoint>
          <Time>2027-05-09T08:14:47Z</Time>
          <Position>
            <LatitudeDegrees>42.5279700</LatitudeDegrees>
            <LongitudeDegrees>-5.7516600</LongitudeDegrees>
          </Position>
          <AltitudeMeters>897.7</AltitudeMeters>
          <DistanceMeters>18699.0</DistanceMeters>
        </Trackpoint>
        <Trackpoint>
          <Time>2027-05-09T08:15:00Z</Time>
          <Position>
            <LatitudeDegrees>42.5276900</LatitudeDegrees>
            <LongitudeDegrees>-5.7521800</LongitudeDegrees>
          </Position>
          <AltitudeMeters>897.7</AltitudeMeters>
          <DistanceMeters>18751.8</DistanceMeters>
        </Trackpoint>
        <Trackpoint>
          <Time>2027-05-09T08:15:13Z</Time>
          <Position>
            <LatitudeDegrees>42.5273300</LatitudeDegrees>
            <LongitudeDegrees>-5.7526500</LongitudeDegrees>
          </Position>
          <AltitudeMeters>897.7</AltitudeMeters>
          <DistanceMeters>18807.3</DistanceMeters>
        </Trackpoint>
        <Trackpoint>
          <Time>2027-05-09T08:15:27Z</Time>
          <Position>
            <LatitudeDegrees>42.5269700</LatitudeDegrees>
            <LongitudeDegrees>-5.7531300</LongitudeDegrees>
          </Position>
          <AltitudeMeters>897.9</AltitudeMeters>
          <DistanceMeters>18863.5</DistanceMeters>
        </Trackpoint>
        <Trackpoint>
          <Time>2027-05-09T08:15:40Z</Time>
          <Position>
            <LatitudeDegrees>42.5266100</LatitudeDegrees>
            <LongitudeDegrees>-5.7536000</LongitudeDegrees>
          </Position>
          <AltitudeMeters>898.0</AltitudeMeters>
          <DistanceMeters>18919.0</DistanceMeters>
        </Trackpoint>
        <Trackpoint>
          <Time>2027-05-09T08:15:53Z</Time>
          <Position>
            <LatitudeDegrees>42.5262900</LatitudeDegrees>
            <LongitudeDegrees>-5.7540700</LongitudeDegrees>
          </Position>
          <AltitudeMeters>897.9</AltitudeMeters>
          <DistanceMeters>18971.4</DistanceMeters>
        </Trackpoint>
        <Trackpoint>
          <Time>2027-05-09T08:16:05Z</Time>
          <Position>
            <LatitudeDegrees>42.5259700</LatitudeDegrees>
            <LongitudeDegrees>-5.7545400</LongitudeDegrees>
          </Position>
          <AltitudeMeters>898.0</AltitudeMeters>
          <DistanceMeters>19023.9</DistanceMeters>
        </Trackpoint>
        <Trackpoint>
          <Time>2027-05-09T08:16:18Z</Time>
          <Position>
            <LatitudeDegrees>42.5256400</LatitudeDegrees>
            <LongitudeDegrees>-5.7550200</LongitudeDegrees>
          </Position>
          <AltitudeMeters>898.2</AltitudeMeters>
          <DistanceMeters>19077.7</DistanceMeters>
        </Trackpoint>
        <Trackpoint>
          <Time>2027-05-09T08:16:31Z</Time>
          <Position>
            <LatitudeDegrees>42.5253200</LatitudeDegrees>
            <LongitudeDegrees>-5.7554900</LongitudeDegrees>
          </Position>
          <AltitudeMeters>898.2</AltitudeMeters>
          <DistanceMeters>19130.1</DistanceMeters>
        </Trackpoint>
        <Trackpoint>
          <Time>2027-05-09T08:16:43Z</Time>
          <Position>
            <LatitudeDegrees>42.5250000</LatitudeDegrees>
            <LongitudeDegrees>-5.7559600</LongitudeDegrees>
          </Position>
          <AltitudeMeters>898.1</AltitudeMeters>
          <DistanceMeters>19182.5</DistanceMeters>
        </Trackpoint>
        <Trackpoint>
          <Time>2027-05-09T08:16:56Z</Time>
          <Position>
            <LatitudeDegrees>42.5246500</LatitudeDegrees>
            <LongitudeDegrees>-5.7563700</LongitudeDegrees>
          </Position>
          <AltitudeMeters>898.1</AltitudeMeters>
          <DistanceMeters>19234.0</DistanceMeters>
        </Trackpoint>
        <Trackpoint>
          <Time>2027-05-09T08:17:09Z</Time>
          <Position>
            <LatitudeDegrees>42.5243400</LatitudeDegrees>
            <LongitudeDegrees>-5.7568700</LongitudeDegrees>
          </Position>
          <AltitudeMeters>897.9</AltitudeMeters>
          <DistanceMeters>19287.5</DistanceMeters>
        </Trackpoint>
        <Trackpoint>
          <Time>2027-05-09T08:17:21Z</Time>
          <Position>
            <LatitudeDegrees>42.5240200</LatitudeDegrees>
            <LongitudeDegrees>-5.7573600</LongitudeDegrees>
          </Position>
          <AltitudeMeters>897.6</AltitudeMeters>
          <DistanceMeters>19341.2</DistanceMeters>
        </Trackpoint>
        <Trackpoint>
          <Time>2027-05-09T08:17:34Z</Time>
          <Position>
            <LatitudeDegrees>42.5237100</LatitudeDegrees>
            <LongitudeDegrees>-5.7578600</LongitudeDegrees>
          </Position>
          <AltitudeMeters>897.2</AltitudeMeters>
          <DistanceMeters>19394.7</DistanceMeters>
        </Trackpoint>
        <Trackpoint>
          <Time>2027-05-09T08:17:48Z</Time>
          <Position>
            <LatitudeDegrees>42.5233600</LatitudeDegrees>
            <LongitudeDegrees>-5.7583600</LongitudeDegrees>
          </Position>
          <AltitudeMeters>896.8</AltitudeMeters>
          <DistanceMeters>19451.2</DistanceMeters>
        </Trackpoint>
        <Trackpoint>
          <Time>2027-05-09T08:18:02Z</Time>
          <Position>
            <LatitudeDegrees>42.5230000</LatitudeDegrees>
            <LongitudeDegrees>-5.7588700</LongitudeDegrees>
          </Position>
          <AltitudeMeters>896.5</AltitudeMeters>
          <DistanceMeters>19509.1</DistanceMeters>
        </Trackpoint>
        <Trackpoint>
          <Time>2027-05-09T08:18:15Z</Time>
          <Position>
            <LatitudeDegrees>42.5226500</LatitudeDegrees>
            <LongitudeDegrees>-5.7593700</LongitudeDegrees>
          </Position>
          <AltitudeMeters>896.2</AltitudeMeters>
          <DistanceMeters>19565.6</DistanceMeters>
        </Trackpoint>
        <Trackpoint>
          <Time>2027-05-09T08:18:29Z</Time>
          <Position>
            <LatitudeDegrees>42.5222900</LatitudeDegrees>
            <LongitudeDegrees>-5.7598700</LongitudeDegrees>
          </Position>
          <AltitudeMeters>896.0</AltitudeMeters>
          <DistanceMeters>19622.9</DistanceMeters>
        </Trackpoint>
        <Trackpoint>
          <Time>2027-05-09T08:18:43Z</Time>
          <Position>
            <LatitudeDegrees>42.5219400</LatitudeDegrees>
            <LongitudeDegrees>-5.7603700</LongitudeDegrees>
          </Position>
          <AltitudeMeters>895.9</AltitudeMeters>
          <DistanceMeters>19679.4</DistanceMeters>
        </Trackpoint>
        <Trackpoint>
          <Time>2027-05-09T08:18:56Z</Time>
          <Position>
            <LatitudeDegrees>42.5215800</LatitudeDegrees>
            <LongitudeDegrees>-5.7608800</LongitudeDegrees>
          </Position>
          <AltitudeMeters>895.8</AltitudeMeters>
          <DistanceMeters>19737.3</DistanceMeters>
        </Trackpoint>
        <Trackpoint>
          <Time>2027-05-09T08:19:10Z</Time>
          <Position>
            <LatitudeDegrees>42.5212300</LatitudeDegrees>
            <LongitudeDegrees>-5.7613800</LongitudeDegrees>
          </Position>
          <AltitudeMeters>895.3</AltitudeMeters>
          <DistanceMeters>19793.8</DistanceMeters>
        </Trackpoint>
        <Trackpoint>
          <Time>2027-05-09T08:19:17Z</Time>
          <Position>
            <LatitudeDegrees>42.5210600</LatitudeDegrees>
            <LongitudeDegrees>-5.7616500</LongitudeDegrees>
          </Position>
          <AltitudeMeters>894.5</AltitudeMeters>
          <DistanceMeters>19822.9</DistanceMeters>
        </Trackpoint>
        <Trackpoint>
          <Time>2027-05-09T08:19:32Z</Time>
          <Position>
            <LatitudeDegrees>42.5207900</LatitudeDegrees>
            <LongitudeDegrees>-5.7623300</LongitudeDegrees>
          </Position>
          <AltitudeMeters>893.3</AltitudeMeters>
          <DistanceMeters>19886.2</DistanceMeters>
        </Trackpoint>
        <Trackpoint>
          <Time>2027-05-09T08:19:48Z</Time>
          <Position>
            <LatitudeDegrees>42.5205100</LatitudeDegrees>
            <LongitudeDegrees>-5.7630100</LongitudeDegrees>
          </Position>
          <AltitudeMeters>892.0</AltitudeMeters>
          <DistanceMeters>19950.0</DistanceMeters>
        </Trackpoint>
        <Trackpoint>
          <Time>2027-05-09T08:20:01Z</Time>
          <Position>
            <LatitudeDegrees>42.5203200</LatitudeDegrees>
            <LongitudeDegrees>-5.7636200</LongitudeDegrees>
          </Position>
          <AltitudeMeters>891.2</AltitudeMeters>
          <DistanceMeters>20004.3</DistanceMeters>
        </Trackpoint>
        <Trackpoint>
          <Time>2027-05-09T08:20:12Z</Time>
          <Position>
            <LatitudeDegrees>42.5200700</LatitudeDegrees>
            <LongitudeDegrees>-5.7641000</LongitudeDegrees>
          </Position>
          <AltitudeMeters>891.1</AltitudeMeters>
          <DistanceMeters>20052.5</DistanceMeters>
        </Trackpoint>
        <Trackpoint>
          <Time>2027-05-09T08:20:25Z</Time>
          <Position>
            <LatitudeDegrees>42.5196700</LatitudeDegrees>
            <LongitudeDegrees>-5.7644900</LongitudeDegrees>
          </Position>
          <AltitudeMeters>891.2</AltitudeMeters>
          <DistanceMeters>20107.2</DistanceMeters>
        </Trackpoint>
        <Trackpoint>
          <Time>2027-05-09T08:20:39Z</Time>
          <Position>
            <LatitudeDegrees>42.5192600</LatitudeDegrees>
            <LongitudeDegrees>-5.7648800</LongitudeDegrees>
          </Position>
          <AltitudeMeters>891.9</AltitudeMeters>
          <DistanceMeters>20162.9</DistanceMeters>
        </Trackpoint>
        <Trackpoint>
          <Time>2027-05-09T08:20:54Z</Time>
          <Position>
            <LatitudeDegrees>42.5187200</LatitudeDegrees>
            <LongitudeDegrees>-5.7651500</LongitudeDegrees>
          </Position>
          <AltitudeMeters>893.0</AltitudeMeters>
          <DistanceMeters>20226.9</DistanceMeters>
        </Trackpoint>
        <Trackpoint>
          <Time>2027-05-09T08:21:10Z</Time>
          <Position>
            <LatitudeDegrees>42.5181700</LatitudeDegrees>
            <LongitudeDegrees>-5.7654100</LongitudeDegrees>
          </Position>
          <AltitudeMeters>894.4</AltitudeMeters>
          <DistanceMeters>20291.7</DistanceMeters>
        </Trackpoint>
        <Trackpoint>
          <Time>2027-05-09T08:21:16Z</Time>
          <Position>
            <LatitudeDegrees>42.5179900</LatitudeDegrees>
            <LongitudeDegrees>-5.7656200</LongitudeDegrees>
          </Position>
          <AltitudeMeters>895.7</AltitudeMeters>
          <DistanceMeters>20318.1</DistanceMeters>
        </Trackpoint>
        <Trackpoint>
          <Time>2027-05-09T08:21:31Z</Time>
          <Position>
            <LatitudeDegrees>42.5174800</LatitudeDegrees>
            <LongitudeDegrees>-5.7659800</LongitudeDegrees>
          </Position>
          <AltitudeMeters>896.7</AltitudeMeters>
          <DistanceMeters>20382.0</DistanceMeters>
        </Trackpoint>
        <Trackpoint>
          <Time>2027-05-09T08:21:44Z</Time>
          <Position>
            <LatitudeDegrees>42.5171400</LatitudeDegrees>
            <LongitudeDegrees>-5.7664200</LongitudeDegrees>
          </Position>
          <AltitudeMeters>897.2</AltitudeMeters>
          <DistanceMeters>20434.2</DistanceMeters>
        </Trackpoint>
        <Trackpoint>
          <Time>2027-05-09T08:21:56Z</Time>
          <Position>
            <LatitudeDegrees>42.5168100</LatitudeDegrees>
            <LongitudeDegrees>-5.7668600</LongitudeDegrees>
          </Position>
          <AltitudeMeters>896.7</AltitudeMeters>
          <DistanceMeters>20485.7</DistanceMeters>
        </Trackpoint>
        <Trackpoint>
          <Time>2027-05-09T08:22:09Z</Time>
          <Position>
            <LatitudeDegrees>42.5164700</LatitudeDegrees>
            <LongitudeDegrees>-5.7673000</LongitudeDegrees>
          </Position>
          <AltitudeMeters>894.7</AltitudeMeters>
          <DistanceMeters>20537.9</DistanceMeters>
        </Trackpoint>
        <Trackpoint>
          <Time>2027-05-09T08:22:21Z</Time>
          <Position>
            <LatitudeDegrees>42.5161400</LatitudeDegrees>
            <LongitudeDegrees>-5.7677500</LongitudeDegrees>
          </Position>
          <AltitudeMeters>891.6</AltitudeMeters>
          <DistanceMeters>20590.0</DistanceMeters>
        </Trackpoint>
        <Trackpoint>
          <Time>2027-05-09T08:22:34Z</Time>
          <Position>
            <LatitudeDegrees>42.5158000</LatitudeDegrees>
            <LongitudeDegrees>-5.7681900</LongitudeDegrees>
          </Position>
          <AltitudeMeters>888.0</AltitudeMeters>
          <DistanceMeters>20642.2</DistanceMeters>
        </Trackpoint>
        <Trackpoint>
          <Time>2027-05-09T08:22:46Z</Time>
          <Position>
            <LatitudeDegrees>42.5154700</LatitudeDegrees>
            <LongitudeDegrees>-5.7686300</LongitudeDegrees>
          </Position>
          <AltitudeMeters>884.7</AltitudeMeters>
          <DistanceMeters>20693.7</DistanceMeters>
        </Trackpoint>
        <Trackpoint>
          <Time>2027-05-09T08:22:59Z</Time>
          <Position>
            <LatitudeDegrees>42.5151300</LatitudeDegrees>
            <LongitudeDegrees>-5.7690700</LongitudeDegrees>
          </Position>
          <AltitudeMeters>882.3</AltitudeMeters>
          <DistanceMeters>20745.9</DistanceMeters>
        </Trackpoint>
        <Trackpoint>
          <Time>2027-05-09T08:23:11Z</Time>
          <Position>
            <LatitudeDegrees>42.5146800</LatitudeDegrees>
            <LongitudeDegrees>-5.7691800</LongitudeDegrees>
          </Position>
          <AltitudeMeters>880.9</AltitudeMeters>
          <DistanceMeters>20796.8</DistanceMeters>
        </Trackpoint>
        <Trackpoint>
          <Time>2027-05-09T08:23:28Z</Time>
          <Position>
            <LatitudeDegrees>42.5141500</LatitudeDegrees>
            <LongitudeDegrees>-5.7696700</LongitudeDegrees>
          </Position>
          <AltitudeMeters>880.2</AltitudeMeters>
          <DistanceMeters>20868.1</DistanceMeters>
        </Trackpoint>
        <Trackpoint>
          <Time>2027-05-09T08:23:34Z</Time>
          <Position>
            <LatitudeDegrees>42.5140000</LatitudeDegrees>
            <LongitudeDegrees>-5.7698800</LongitudeDegrees>
          </Position>
          <AltitudeMeters>880.3</AltitudeMeters>
          <DistanceMeters>20892.0</DistanceMeters>
        </Trackpoint>
        <Trackpoint>
          <Time>2027-05-09T08:23:45Z</Time>
          <Position>
            <LatitudeDegrees>42.5138000</LatitudeDegrees>
            <LongitudeDegrees>-5.7703900</LongitudeDegrees>
          </Position>
          <AltitudeMeters>880.4</AltitudeMeters>
          <DistanceMeters>20939.4</DistanceMeters>
        </Trackpoint>
        <Trackpoint>
          <Time>2027-05-09T08:23:52Z</Time>
          <Position>
            <LatitudeDegrees>42.5137300</LatitudeDegrees>
            <LongitudeDegrees>-5.7707600</LongitudeDegrees>
          </Position>
          <AltitudeMeters>880.0</AltitudeMeters>
          <DistanceMeters>20970.7</DistanceMeters>
        </Trackpoint>
        <Trackpoint>
          <Time>2027-05-09T08:24:02Z</Time>
          <Position>
            <LatitudeDegrees>42.5137400</LatitudeDegrees>
            <LongitudeDegrees>-5.7712300</LongitudeDegrees>
          </Position>
          <AltitudeMeters>879.4</AltitudeMeters>
          <DistanceMeters>21009.2</DistanceMeters>
        </Trackpoint>
        <Trackpoint>
          <Time>2027-05-09T08:24:25Z</Time>
          <Position>
            <LatitudeDegrees>42.5134400</LatitudeDegrees>
            <LongitudeDegrees>-5.7723600</LongitudeDegrees>
          </Position>
          <AltitudeMeters>878.7</AltitudeMeters>
          <DistanceMeters>21107.7</DistanceMeters>
        </Trackpoint>
        <Trackpoint>
          <Time>2027-05-09T08:24:46Z</Time>
          <Position>
            <LatitudeDegrees>42.5133500</LatitudeDegrees>
            <LongitudeDegrees>-5.7734100</LongitudeDegrees>
          </Position>
          <AltitudeMeters>878.2</AltitudeMeters>
          <DistanceMeters>21194.3</DistanceMeters>
        </Trackpoint>
        <Trackpoint>
          <Time>2027-05-09T08:24:48Z</Time>
          <Position>
            <LatitudeDegrees>42.5133600</LatitudeDegrees>
            <LongitudeDegrees>-5.7735000</LongitudeDegrees>
          </Position>
          <AltitudeMeters>877.5</AltitudeMeters>
          <DistanceMeters>21201.8</DistanceMeters>
        </Trackpoint>
        <Trackpoint>
          <Time>2027-05-09T08:24:51Z</Time>
          <Position>
            <LatitudeDegrees>42.5134700</LatitudeDegrees>
            <LongitudeDegrees>-5.7735700</LongitudeDegrees>
          </Position>
          <AltitudeMeters>877.2</AltitudeMeters>
          <DistanceMeters>21215.3</DistanceMeters>
        </Trackpoint>
        <Trackpoint>
          <Time>2027-05-09T08:25:05Z</Time>
          <Position>
            <LatitudeDegrees>42.5132500</LatitudeDegrees>
            <LongitudeDegrees>-5.7742000</LongitudeDegrees>
          </Position>
          <AltitudeMeters>877.0</AltitudeMeters>
          <DistanceMeters>21272.4</DistanceMeters>
        </Trackpoint>
        <Trackpoint>
          <Time>2027-05-09T08:25:19Z</Time>
          <Position>
            <LatitudeDegrees>42.5130300</LatitudeDegrees>
            <LongitudeDegrees>-5.7748300</LongitudeDegrees>
          </Position>
          <AltitudeMeters>876.8</AltitudeMeters>
          <DistanceMeters>21329.6</DistanceMeters>
        </Trackpoint>
        <Trackpoint>
          <Time>2027-05-09T08:25:32Z</Time>
          <Position>
            <LatitudeDegrees>42.5128200</LatitudeDegrees>
            <LongitudeDegrees>-5.7754700</LongitudeDegrees>
          </Position>
          <AltitudeMeters>876.6</AltitudeMeters>
          <DistanceMeters>21387.0</DistanceMeters>
        </Trackpoint>
        <Trackpoint>
          <Time>2027-05-09T08:25:46Z</Time>
          <Position>
            <LatitudeDegrees>42.5126000</LatitudeDegrees>
            <LongitudeDegrees>-5.7761000</LongitudeDegrees>
          </Position>
          <AltitudeMeters>876.5</AltitudeMeters>
          <DistanceMeters>21444.1</DistanceMeters>
        </Trackpoint>
        <Trackpoint>
          <Time>2027-05-09T08:26:00Z</Time>
          <Position>
            <LatitudeDegrees>42.5123800</LatitudeDegrees>
            <LongitudeDegrees>-5.7767300</LongitudeDegrees>
          </Position>
          <AltitudeMeters>876.0</AltitudeMeters>
          <DistanceMeters>21501.3</DistanceMeters>
        </Trackpoint>
        <Trackpoint>
          <Time>2027-05-09T08:26:14Z</Time>
          <Position>
            <LatitudeDegrees>42.5121600</LatitudeDegrees>
            <LongitudeDegrees>-5.7773600</LongitudeDegrees>
          </Position>
          <AltitudeMeters>875.6</AltitudeMeters>
          <DistanceMeters>21558.4</DistanceMeters>
        </Trackpoint>
        <Trackpoint>
          <Time>2027-05-09T08:26:26Z</Time>
          <Position>
            <LatitudeDegrees>42.5118900</LatitudeDegrees>
            <LongitudeDegrees>-5.7778600</LongitudeDegrees>
          </Position>
          <AltitudeMeters>875.1</AltitudeMeters>
          <DistanceMeters>21609.2</DistanceMeters>
        </Trackpoint>
        <Trackpoint>
          <Time>2027-05-09T08:26:38Z</Time>
          <Position>
            <LatitudeDegrees>42.5116200</LatitudeDegrees>
            <LongitudeDegrees>-5.7783500</LongitudeDegrees>
          </Position>
          <AltitudeMeters>874.4</AltitudeMeters>
          <DistanceMeters>21659.4</DistanceMeters>
        </Trackpoint>
        <Trackpoint>
          <Time>2027-05-09T08:26:50Z</Time>
          <Position>
            <LatitudeDegrees>42.5113500</LatitudeDegrees>
            <LongitudeDegrees>-5.7788500</LongitudeDegrees>
          </Position>
          <AltitudeMeters>873.7</AltitudeMeters>
          <DistanceMeters>21710.2</DistanceMeters>
        </Trackpoint>
        <Trackpoint>
          <Time>2027-05-09T08:27:02Z</Time>
          <Position>
            <LatitudeDegrees>42.5110900</LatitudeDegrees>
            <LongitudeDegrees>-5.7793400</LongitudeDegrees>
          </Position>
          <AltitudeMeters>873.3</AltitudeMeters>
          <DistanceMeters>21759.7</DistanceMeters>
        </Trackpoint>
        <Trackpoint>
          <Time>2027-05-09T08:27:14Z</Time>
          <Position>
            <LatitudeDegrees>42.5108200</LatitudeDegrees>
            <LongitudeDegrees>-5.7798400</LongitudeDegrees>
          </Position>
          <AltitudeMeters>873.1</AltitudeMeters>
          <DistanceMeters>21810.5</DistanceMeters>
        </Trackpoint>
        <Trackpoint>
          <Time>2027-05-09T08:27:26Z</Time>
          <Position>
            <LatitudeDegrees>42.5105500</LatitudeDegrees>
            <LongitudeDegrees>-5.7803400</LongitudeDegrees>
          </Position>
          <AltitudeMeters>873.1</AltitudeMeters>
          <DistanceMeters>21861.3</DistanceMeters>
        </Trackpoint>
        <Trackpoint>
          <Time>2027-05-09T08:27:38Z</Time>
          <Position>
            <LatitudeDegrees>42.5102800</LatitudeDegrees>
            <LongitudeDegrees>-5.7808300</LongitudeDegrees>
          </Position>
          <AltitudeMeters>873.4</AltitudeMeters>
          <DistanceMeters>21911.4</DistanceMeters>
        </Trackpoint>
        <Trackpoint>
          <Time>2027-05-09T08:27:50Z</Time>
          <Position>
            <LatitudeDegrees>42.5100100</LatitudeDegrees>
            <LongitudeDegrees>-5.7813300</LongitudeDegrees>
          </Position>
          <AltitudeMeters>873.7</AltitudeMeters>
          <DistanceMeters>21962.2</DistanceMeters>
        </Trackpoint>
        <Trackpoint>
          <Time>2027-05-09T08:28:03Z</Time>
          <Position>
            <LatitudeDegrees>42.5097400</LatitudeDegrees>
            <LongitudeDegrees>-5.7818300</LongitudeDegrees>
          </Position>
          <AltitudeMeters>873.8</AltitudeMeters>
          <DistanceMeters>22013.0</DistanceMeters>
        </Trackpoint>
        <Trackpoint>
          <Time>2027-05-09T08:28:15Z</Time>
          <Position>
            <LatitudeDegrees>42.5094800</LatitudeDegrees>
            <LongitudeDegrees>-5.7823200</LongitudeDegrees>
          </Position>
          <AltitudeMeters>873.5</AltitudeMeters>
          <DistanceMeters>22062.5</DistanceMeters>
        </Trackpoint>
        <Trackpoint>
          <Time>2027-05-09T08:28:27Z</Time>
          <Position>
            <LatitudeDegrees>42.5092100</LatitudeDegrees>
            <LongitudeDegrees>-5.7828200</LongitudeDegrees>
          </Position>
          <AltitudeMeters>872.9</AltitudeMeters>
          <DistanceMeters>22113.3</DistanceMeters>
        </Trackpoint>
        <Trackpoint>
          <Time>2027-05-09T08:28:39Z</Time>
          <Position>
            <LatitudeDegrees>42.5089400</LatitudeDegrees>
            <LongitudeDegrees>-5.7833100</LongitudeDegrees>
          </Position>
          <AltitudeMeters>872.2</AltitudeMeters>
          <DistanceMeters>22163.5</DistanceMeters>
        </Trackpoint>
        <Trackpoint>
          <Time>2027-05-09T08:28:51Z</Time>
          <Position>
            <LatitudeDegrees>42.5086700</LatitudeDegrees>
            <LongitudeDegrees>-5.7838100</LongitudeDegrees>
          </Position>
          <AltitudeMeters>871.5</AltitudeMeters>
          <DistanceMeters>22214.3</DistanceMeters>
        </Trackpoint>
        <Trackpoint>
          <Time>2027-05-09T08:29:03Z</Time>
          <Position>
            <LatitudeDegrees>42.5084000</LatitudeDegrees>
            <LongitudeDegrees>-5.7843100</LongitudeDegrees>
          </Position>
          <AltitudeMeters>871.0</AltitudeMeters>
          <DistanceMeters>22265.1</DistanceMeters>
        </Trackpoint>
        <Trackpoint>
          <Time>2027-05-09T08:29:15Z</Time>
          <Position>
            <LatitudeDegrees>42.5081300</LatitudeDegrees>
            <LongitudeDegrees>-5.7848000</LongitudeDegrees>
          </Position>
          <AltitudeMeters>870.7</AltitudeMeters>
          <DistanceMeters>22315.2</DistanceMeters>
        </Trackpoint>
        <Trackpoint>
          <Time>2027-05-09T08:29:27Z</Time>
          <Position>
            <LatitudeDegrees>42.5078600</LatitudeDegrees>
            <LongitudeDegrees>-5.7853000</LongitudeDegrees>
          </Position>
          <AltitudeMeters>870.5</AltitudeMeters>
          <DistanceMeters>22366.0</DistanceMeters>
        </Trackpoint>
        <Trackpoint>
          <Time>2027-05-09T08:29:39Z</Time>
          <Position>
            <LatitudeDegrees>42.5076000</LatitudeDegrees>
            <LongitudeDegrees>-5.7857900</LongitudeDegrees>
          </Position>
          <AltitudeMeters>870.4</AltitudeMeters>
          <DistanceMeters>22415.5</DistanceMeters>
        </Trackpoint>
        <Trackpoint>
          <Time>2027-05-09T08:29:51Z</Time>
          <Position>
            <LatitudeDegrees>42.5073300</LatitudeDegrees>
            <LongitudeDegrees>-5.7862900</LongitudeDegrees>
          </Position>
          <AltitudeMeters>870.3</AltitudeMeters>
          <DistanceMeters>22466.3</DistanceMeters>
        </Trackpoint>
        <Trackpoint>
          <Time>2027-05-09T08:30:04Z</Time>
          <Position>
            <LatitudeDegrees>42.5070600</LatitudeDegrees>
            <LongitudeDegrees>-5.7867900</LongitudeDegrees>
          </Position>
          <AltitudeMeters>870.1</AltitudeMeters>
          <DistanceMeters>22517.1</DistanceMeters>
        </Trackpoint>
        <Trackpoint>
          <Time>2027-05-09T08:30:16Z</Time>
          <Position>
            <LatitudeDegrees>42.5067900</LatitudeDegrees>
            <LongitudeDegrees>-5.7872800</LongitudeDegrees>
          </Position>
          <AltitudeMeters>869.9</AltitudeMeters>
          <DistanceMeters>22567.3</DistanceMeters>
        </Trackpoint>
        <Trackpoint>
          <Time>2027-05-09T08:30:28Z</Time>
          <Position>
            <LatitudeDegrees>42.5065200</LatitudeDegrees>
            <LongitudeDegrees>-5.7877800</LongitudeDegrees>
          </Position>
          <AltitudeMeters>869.6</AltitudeMeters>
          <DistanceMeters>22618.1</DistanceMeters>
        </Trackpoint>
        <Trackpoint>
          <Time>2027-05-09T08:30:40Z</Time>
          <Position>
            <LatitudeDegrees>42.5062500</LatitudeDegrees>
            <LongitudeDegrees>-5.7882800</LongitudeDegrees>
          </Position>
          <AltitudeMeters>869.4</AltitudeMeters>
          <DistanceMeters>22668.9</DistanceMeters>
        </Trackpoint>
        <Trackpoint>
          <Time>2027-05-09T08:30:52Z</Time>
          <Position>
            <LatitudeDegrees>42.5059900</LatitudeDegrees>
            <LongitudeDegrees>-5.7887700</LongitudeDegrees>
          </Position>
          <AltitudeMeters>869.1</AltitudeMeters>
          <DistanceMeters>22718.4</DistanceMeters>
        </Trackpoint>
        <Trackpoint>
          <Time>2027-05-09T08:31:04Z</Time>
          <Position>
            <LatitudeDegrees>42.5057200</LatitudeDegrees>
            <LongitudeDegrees>-5.7892700</LongitudeDegrees>
          </Position>
          <AltitudeMeters>869.0</AltitudeMeters>
          <DistanceMeters>22769.2</DistanceMeters>
        </Trackpoint>
        <Trackpoint>
          <Time>2027-05-09T08:31:16Z</Time>
          <Position>
            <LatitudeDegrees>42.5054500</LatitudeDegrees>
            <LongitudeDegrees>-5.7897600</LongitudeDegrees>
          </Position>
          <AltitudeMeters>869.2</AltitudeMeters>
          <DistanceMeters>22819.3</DistanceMeters>
        </Trackpoint>
        <Trackpoint>
          <Time>2027-05-09T08:31:28Z</Time>
          <Position>
            <LatitudeDegrees>42.5051800</LatitudeDegrees>
            <LongitudeDegrees>-5.7902600</LongitudeDegrees>
          </Position>
          <AltitudeMeters>869.3</AltitudeMeters>
          <DistanceMeters>22870.1</DistanceMeters>
        </Trackpoint>
        <Trackpoint>
          <Time>2027-05-09T08:31:41Z</Time>
          <Position>
            <LatitudeDegrees>42.5049100</LatitudeDegrees>
            <LongitudeDegrees>-5.7907600</LongitudeDegrees>
          </Position>
          <AltitudeMeters>869.4</AltitudeMeters>
          <DistanceMeters>22920.9</DistanceMeters>
        </Trackpoint>
        <Trackpoint>
          <Time>2027-05-09T08:31:53Z</Time>
          <Position>
            <LatitudeDegrees>42.5046400</LatitudeDegrees>
            <LongitudeDegrees>-5.7912500</LongitudeDegrees>
          </Position>
          <AltitudeMeters>869.4</AltitudeMeters>
          <DistanceMeters>22971.1</DistanceMeters>
        </Trackpoint>
        <Trackpoint>
          <Time>2027-05-09T08:32:05Z</Time>
          <Position>
            <LatitudeDegrees>42.5043700</LatitudeDegrees>
            <LongitudeDegrees>-5.7917500</LongitudeDegrees>
          </Position>
          <AltitudeMeters>869.1</AltitudeMeters>
          <DistanceMeters>23021.9</DistanceMeters>
        </Trackpoint>
        <Trackpoint>
          <Time>2027-05-09T08:32:17Z</Time>
          <Position>
            <LatitudeDegrees>42.5041100</LatitudeDegrees>
            <LongitudeDegrees>-5.7922400</LongitudeDegrees>
          </Position>
          <AltitudeMeters>868.6</AltitudeMeters>
          <DistanceMeters>23071.4</DistanceMeters>
        </Trackpoint>
        <Trackpoint>
          <Time>2027-05-09T08:32:29Z</Time>
          <Position>
            <LatitudeDegrees>42.5038400</LatitudeDegrees>
            <LongitudeDegrees>-5.7927400</LongitudeDegrees>
          </Position>
          <AltitudeMeters>868.3</AltitudeMeters>
          <DistanceMeters>23122.2</DistanceMeters>
        </Trackpoint>
        <Trackpoint>
          <Time>2027-05-09T08:32:41Z</Time>
          <Position>
            <LatitudeDegrees>42.5035700</LatitudeDegrees>
            <LongitudeDegrees>-5.7932400</LongitudeDegrees>
          </Position>
          <AltitudeMeters>868.2</AltitudeMeters>
          <DistanceMeters>23173.0</DistanceMeters>
        </Trackpoint>
        <Trackpoint>
          <Time>2027-05-09T08:32:53Z</Time>
          <Position>
            <LatitudeDegrees>42.5033000</LatitudeDegrees>
            <LongitudeDegrees>-5.7937300</LongitudeDegrees>
          </Position>
          <AltitudeMeters>868.1</AltitudeMeters>
          <DistanceMeters>23223.1</DistanceMeters>
        </Trackpoint>
        <Trackpoint>
          <Time>2027-05-09T08:33:05Z</Time>
          <Position>
            <LatitudeDegrees>42.5030300</LatitudeDegrees>
            <LongitudeDegrees>-5.7942300</LongitudeDegrees>
          </Position>
          <AltitudeMeters>868.2</AltitudeMeters>
          <DistanceMeters>23273.9</DistanceMeters>
        </Trackpoint>
        <Trackpoint>
          <Time>2027-05-09T08:33:17Z</Time>
          <Position>
            <LatitudeDegrees>42.5027600</LatitudeDegrees>
            <LongitudeDegrees>-5.7947300</LongitudeDegrees>
          </Position>
          <AltitudeMeters>868.3</AltitudeMeters>
          <DistanceMeters>23324.8</DistanceMeters>
        </Trackpoint>
        <Trackpoint>
          <Time>2027-05-09T08:33:29Z</Time>
          <Position>
            <LatitudeDegrees>42.5025000</LatitudeDegrees>
            <LongitudeDegrees>-5.7952200</LongitudeDegrees>
          </Position>
          <AltitudeMeters>868.3</AltitudeMeters>
          <DistanceMeters>23374.2</DistanceMeters>
        </Trackpoint>
        <Trackpoint>
          <Time>2027-05-09T08:33:42Z</Time>
          <Position>
            <LatitudeDegrees>42.5022300</LatitudeDegrees>
            <LongitudeDegrees>-5.7957200</LongitudeDegrees>
          </Position>
          <AltitudeMeters>867.9</AltitudeMeters>
          <DistanceMeters>23425.1</DistanceMeters>
        </Trackpoint>
        <Trackpoint>
          <Time>2027-05-09T08:33:54Z</Time>
          <Position>
            <LatitudeDegrees>42.5019600</LatitudeDegrees>
            <LongitudeDegrees>-5.7962100</LongitudeDegrees>
          </Position>
          <AltitudeMeters>867.5</AltitudeMeters>
          <DistanceMeters>23475.2</DistanceMeters>
        </Trackpoint>
        <Trackpoint>
          <Time>2027-05-09T08:34:06Z</Time>
          <Position>
            <LatitudeDegrees>42.5016900</LatitudeDegrees>
            <LongitudeDegrees>-5.7967100</LongitudeDegrees>
          </Position>
          <AltitudeMeters>867.1</AltitudeMeters>
          <DistanceMeters>23526.0</DistanceMeters>
        </Trackpoint>
        <Trackpoint>
          <Time>2027-05-09T08:34:18Z</Time>
          <Position>
            <LatitudeDegrees>42.5014200</LatitudeDegrees>
            <LongitudeDegrees>-5.7972100</LongitudeDegrees>
          </Position>
          <AltitudeMeters>866.8</AltitudeMeters>
          <DistanceMeters>23576.8</DistanceMeters>
        </Trackpoint>
        <Trackpoint>
          <Time>2027-05-09T08:34:30Z</Time>
          <Position>
            <LatitudeDegrees>42.5011500</LatitudeDegrees>
            <LongitudeDegrees>-5.7977000</LongitudeDegrees>
          </Position>
          <AltitudeMeters>866.3</AltitudeMeters>
          <DistanceMeters>23627.0</DistanceMeters>
        </Trackpoint>
        <Trackpoint>
          <Time>2027-05-09T08:34:42Z</Time>
          <Position>
            <LatitudeDegrees>42.5008800</LatitudeDegrees>
            <LongitudeDegrees>-5.7982000</LongitudeDegrees>
          </Position>
          <AltitudeMeters>865.9</AltitudeMeters>
          <DistanceMeters>23677.8</DistanceMeters>
        </Trackpoint>
        <Trackpoint>
          <Time>2027-05-09T08:34:54Z</Time>
          <Position>
            <LatitudeDegrees>42.5006200</LatitudeDegrees>
            <LongitudeDegrees>-5.7986900</LongitudeDegrees>
          </Position>
          <AltitudeMeters>865.6</AltitudeMeters>
          <DistanceMeters>23727.3</DistanceMeters>
        </Trackpoint>
        <Trackpoint>
          <Time>2027-05-09T08:35:06Z</Time>
          <Position>
            <LatitudeDegrees>42.5003500</LatitudeDegrees>
            <LongitudeDegrees>-5.7991900</LongitudeDegrees>
          </Position>
          <AltitudeMeters>865.3</AltitudeMeters>
          <DistanceMeters>23778.1</DistanceMeters>
        </Trackpoint>
        <Trackpoint>
          <Time>2027-05-09T08:35:18Z</Time>
          <Position>
            <LatitudeDegrees>42.5000800</LatitudeDegrees>
            <LongitudeDegrees>-5.7996900</LongitudeDegrees>
          </Position>
          <AltitudeMeters>865.1</AltitudeMeters>
          <DistanceMeters>23828.9</DistanceMeters>
        </Trackpoint>
        <Trackpoint>
          <Time>2027-05-09T08:35:30Z</Time>
          <Position>
            <LatitudeDegrees>42.4998100</LatitudeDegrees>
            <LongitudeDegrees>-5.8001800</LongitudeDegrees>
          </Position>
          <AltitudeMeters>865.4</AltitudeMeters>
          <DistanceMeters>23879.0</DistanceMeters>
        </Trackpoint>
        <Trackpoint>
          <Time>2027-05-09T08:35:43Z</Time>
          <Position>
            <LatitudeDegrees>42.4995400</LatitudeDegrees>
            <LongitudeDegrees>-5.8006800</LongitudeDegrees>
          </Position>
          <AltitudeMeters>865.9</AltitudeMeters>
          <DistanceMeters>23929.9</DistanceMeters>
        </Trackpoint>
        <Trackpoint>
          <Time>2027-05-09T08:35:55Z</Time>
          <Position>
            <LatitudeDegrees>42.4992700</LatitudeDegrees>
            <LongitudeDegrees>-5.8011800</LongitudeDegrees>
          </Position>
          <AltitudeMeters>866.6</AltitudeMeters>
          <DistanceMeters>23980.7</DistanceMeters>
        </Trackpoint>
        <Trackpoint>
          <Time>2027-05-09T08:36:07Z</Time>
          <Position>
            <LatitudeDegrees>42.4990100</LatitudeDegrees>
            <LongitudeDegrees>-5.8016700</LongitudeDegrees>
          </Position>
          <AltitudeMeters>867.0</AltitudeMeters>
          <DistanceMeters>24030.2</DistanceMeters>
        </Trackpoint>
        <Trackpoint>
          <Time>2027-05-09T08:36:19Z</Time>
          <Position>
            <LatitudeDegrees>42.4987400</LatitudeDegrees>
            <LongitudeDegrees>-5.8021700</LongitudeDegrees>
          </Position>
          <AltitudeMeters>867.0</AltitudeMeters>
          <DistanceMeters>24081.0</DistanceMeters>
        </Trackpoint>
        <Trackpoint>
          <Time>2027-05-09T08:36:31Z</Time>
          <Position>
            <LatitudeDegrees>42.4984700</LatitudeDegrees>
            <LongitudeDegrees>-5.8026600</LongitudeDegrees>
          </Position>
          <AltitudeMeters>866.9</AltitudeMeters>
          <DistanceMeters>24131.1</DistanceMeters>
        </Trackpoint>
        <Trackpoint>
          <Time>2027-05-09T08:36:43Z</Time>
          <Position>
            <LatitudeDegrees>42.4982000</LatitudeDegrees>
            <LongitudeDegrees>-5.8031600</LongitudeDegrees>
          </Position>
          <AltitudeMeters>866.8</AltitudeMeters>
          <DistanceMeters>24181.9</DistanceMeters>
        </Trackpoint>
        <Trackpoint>
          <Time>2027-05-09T08:36:58Z</Time>
          <Position>
            <LatitudeDegrees>42.4978600</LatitudeDegrees>
            <LongitudeDegrees>-5.8037800</LongitudeDegrees>
          </Position>
          <AltitudeMeters>866.6</AltitudeMeters>
          <DistanceMeters>24245.3</DistanceMeters>
        </Trackpoint>
        <Trackpoint>
          <Time>2027-05-09T08:37:13Z</Time>
          <Position>
            <LatitudeDegrees>42.4975200</LatitudeDegrees>
            <LongitudeDegrees>-5.8043900</LongitudeDegrees>
          </Position>
          <AltitudeMeters>866.6</AltitudeMeters>
          <DistanceMeters>24308.0</DistanceMeters>
        </Trackpoint>
        <Trackpoint>
          <Time>2027-05-09T08:37:27Z</Time>
          <Position>
            <LatitudeDegrees>42.4972000</LatitudeDegrees>
            <LongitudeDegrees>-5.8049100</LongitudeDegrees>
          </Position>
          <AltitudeMeters>866.8</AltitudeMeters>
          <DistanceMeters>24363.5</DistanceMeters>
        </Trackpoint>
        <Trackpoint>
          <Time>2027-05-09T08:37:40Z</Time>
          <Position>
            <LatitudeDegrees>42.4968900</LatitudeDegrees>
            <LongitudeDegrees>-5.8054300</LongitudeDegrees>
          </Position>
          <AltitudeMeters>867.0</AltitudeMeters>
          <DistanceMeters>24418.3</DistanceMeters>
        </Trackpoint>
        <Trackpoint>
          <Time>2027-05-09T08:37:53Z</Time>
          <Position>
            <LatitudeDegrees>42.4965700</LatitudeDegrees>
            <LongitudeDegrees>-5.8059500</LongitudeDegrees>
          </Position>
          <AltitudeMeters>867.0</AltitudeMeters>
          <DistanceMeters>24473.9</DistanceMeters>
        </Trackpoint>
        <Trackpoint>
          <Time>2027-05-09T08:38:07Z</Time>
          <Position>
            <LatitudeDegrees>42.4962500</LatitudeDegrees>
            <LongitudeDegrees>-5.8064800</LongitudeDegrees>
          </Position>
          <AltitudeMeters>866.8</AltitudeMeters>
          <DistanceMeters>24530.0</DistanceMeters>
        </Trackpoint>
        <Trackpoint>
          <Time>2027-05-09T08:38:20Z</Time>
          <Position>
            <LatitudeDegrees>42.4959300</LatitudeDegrees>
            <LongitudeDegrees>-5.8070000</LongitudeDegrees>
          </Position>
          <AltitudeMeters>866.9</AltitudeMeters>
          <DistanceMeters>24585.5</DistanceMeters>
        </Trackpoint>
        <Trackpoint>
          <Time>2027-05-09T08:38:33Z</Time>
          <Position>
            <LatitudeDegrees>42.4956200</LatitudeDegrees>
            <LongitudeDegrees>-5.8075200</LongitudeDegrees>
          </Position>
          <AltitudeMeters>867.0</AltitudeMeters>
          <DistanceMeters>24640.4</DistanceMeters>
        </Trackpoint>
        <Trackpoint>
          <Time>2027-05-09T08:38:47Z</Time>
          <Position>
            <LatitudeDegrees>42.4953000</LatitudeDegrees>
            <LongitudeDegrees>-5.8080400</LongitudeDegrees>
          </Position>
          <AltitudeMeters>867.2</AltitudeMeters>
          <DistanceMeters>24695.9</DistanceMeters>
        </Trackpoint>
        <Trackpoint>
          <Time>2027-05-09T08:38:53Z</Time>
          <Position>
            <LatitudeDegrees>42.4952200</LatitudeDegrees>
            <LongitudeDegrees>-5.8083300</LongitudeDegrees>
          </Position>
          <AltitudeMeters>867.4</AltitudeMeters>
          <DistanceMeters>24721.3</DistanceMeters>
        </Trackpoint>
        <Trackpoint>
          <Time>2027-05-09T08:39:05Z</Time>
          <Position>
            <LatitudeDegrees>42.4949300</LatitudeDegrees>
            <LongitudeDegrees>-5.8088000</LongitudeDegrees>
          </Position>
          <AltitudeMeters>867.5</AltitudeMeters>
          <DistanceMeters>24771.5</DistanceMeters>
        </Trackpoint>
        <Trackpoint>
          <Time>2027-05-09T08:39:17Z</Time>
          <Position>
            <LatitudeDegrees>42.4946400</LatitudeDegrees>
            <LongitudeDegrees>-5.8092700</LongitudeDegrees>
          </Position>
          <AltitudeMeters>867.3</AltitudeMeters>
          <DistanceMeters>24821.8</DistanceMeters>
        </Trackpoint>
        <Trackpoint>
          <Time>2027-05-09T08:39:29Z</Time>
          <Position>
            <LatitudeDegrees>42.4943500</LatitudeDegrees>
            <LongitudeDegrees>-5.8097300</LongitudeDegrees>
          </Position>
          <AltitudeMeters>866.6</AltitudeMeters>
          <DistanceMeters>24871.4</DistanceMeters>
        </Trackpoint>
        <Trackpoint>
          <Time>2027-05-09T08:39:41Z</Time>
          <Position>
            <LatitudeDegrees>42.4940600</LatitudeDegrees>
            <LongitudeDegrees>-5.8102000</LongitudeDegrees>
          </Position>
          <AltitudeMeters>865.0</AltitudeMeters>
          <DistanceMeters>24921.7</DistanceMeters>
        </Trackpoint>
        <Trackpoint>
          <Time>2027-05-09T08:39:53Z</Time>
          <Position>
            <LatitudeDegrees>42.4938000</LatitudeDegrees>
            <LongitudeDegrees>-5.8107200</LongitudeDegrees>
          </Position>
          <AltitudeMeters>862.8</AltitudeMeters>
          <DistanceMeters>24973.2</DistanceMeters>
        </Trackpoint>
        <Trackpoint>
          <Time>2027-05-09T08:40:05Z</Time>
          <Position>
            <LatitudeDegrees>42.4935500</LatitudeDegrees>
            <LongitudeDegrees>-5.8112500</LongitudeDegrees>
          </Position>
          <AltitudeMeters>860.2</AltitudeMeters>
          <DistanceMeters>25024.7</DistanceMeters>
        </Trackpoint>
        <Trackpoint>
          <Time>2027-05-09T08:40:18Z</Time>
          <Position>
            <LatitudeDegrees>42.4932900</LatitudeDegrees>
            <LongitudeDegrees>-5.8117700</LongitudeDegrees>
          </Position>
          <AltitudeMeters>857.4</AltitudeMeters>
          <DistanceMeters>25076.3</DistanceMeters>
        </Trackpoint>
        <Trackpoint>
          <Time>2027-05-09T08:40:30Z</Time>
          <Position>
            <LatitudeDegrees>42.4930300</LatitudeDegrees>
            <LongitudeDegrees>-5.8122900</LongitudeDegrees>
          </Position>
          <AltitudeMeters>854.8</AltitudeMeters>
          <DistanceMeters>25127.8</DistanceMeters>
        </Trackpoint>
        <Trackpoint>
          <Time>2027-05-09T08:40:43Z</Time>
          <Position>
            <LatitudeDegrees>42.4927800</LatitudeDegrees>
            <LongitudeDegrees>-5.8128200</LongitudeDegrees>
          </Position>
          <AltitudeMeters>853.1</AltitudeMeters>
          <DistanceMeters>25179.4</DistanceMeters>
        </Trackpoint>
        <Trackpoint>
          <Time>2027-05-09T08:40:55Z</Time>
          <Position>
            <LatitudeDegrees>42.4925200</LatitudeDegrees>
            <LongitudeDegrees>-5.8133400</LongitudeDegrees>
          </Position>
          <AltitudeMeters>852.3</AltitudeMeters>
          <DistanceMeters>25230.9</DistanceMeters>
        </Trackpoint>
        <Trackpoint>
          <Time>2027-05-09T08:41:07Z</Time>
          <Position>
            <LatitudeDegrees>42.4928500</LatitudeDegrees>
            <LongitudeDegrees>-5.8137500</LongitudeDegrees>
          </Position>
          <AltitudeMeters>851.8</AltitudeMeters>
          <DistanceMeters>25280.6</DistanceMeters>
        </Trackpoint>
        <Trackpoint>
          <Time>2027-05-09T08:41:19Z</Time>
          <Position>
            <LatitudeDegrees>42.4925900</LatitudeDegrees>
            <LongitudeDegrees>-5.8142500</LongitudeDegrees>
          </Position>
          <AltitudeMeters>851.4</AltitudeMeters>
          <DistanceMeters>25330.8</DistanceMeters>
        </Trackpoint>
        <Trackpoint>
          <Time>2027-05-09T08:41:31Z</Time>
          <Position>
            <LatitudeDegrees>42.4923200</LatitudeDegrees>
            <LongitudeDegrees>-5.8147400</LongitudeDegrees>
          </Position>
          <AltitudeMeters>851.0</AltitudeMeters>
          <DistanceMeters>25381.0</DistanceMeters>
        </Trackpoint>
        <Trackpoint>
          <Time>2027-05-09T08:41:43Z</Time>
          <Position>
            <LatitudeDegrees>42.4920600</LatitudeDegrees>
            <LongitudeDegrees>-5.8152400</LongitudeDegrees>
          </Position>
          <AltitudeMeters>850.4</AltitudeMeters>
          <DistanceMeters>25431.1</DistanceMeters>
        </Trackpoint>
        <Trackpoint>
          <Time>2027-05-09T08:41:55Z</Time>
          <Position>
            <LatitudeDegrees>42.4918000</LatitudeDegrees>
            <LongitudeDegrees>-5.8157300</LongitudeDegrees>
          </Position>
          <AltitudeMeters>849.4</AltitudeMeters>
          <DistanceMeters>25480.6</DistanceMeters>
        </Trackpoint>
        <Trackpoint>
          <Time>2027-05-09T08:42:07Z</Time>
          <Position>
            <LatitudeDegrees>42.4913900</LatitudeDegrees>
            <LongitudeDegrees>-5.8160400</LongitudeDegrees>
          </Position>
          <AltitudeMeters>848.4</AltitudeMeters>
          <DistanceMeters>25532.8</DistanceMeters>
        </Trackpoint>
        <Trackpoint>
          <Time>2027-05-09T08:42:14Z</Time>
          <Position>
            <LatitudeDegrees>42.4912400</LatitudeDegrees>
            <LongitudeDegrees>-5.8162800</LongitudeDegrees>
          </Position>
          <AltitudeMeters>847.3</AltitudeMeters>
          <DistanceMeters>25558.6</DistanceMeters>
        </Trackpoint>
        <Trackpoint>
          <Time>2027-05-09T08:42:26Z</Time>
          <Position>
            <LatitudeDegrees>42.4909700</LatitudeDegrees>
            <LongitudeDegrees>-5.8167900</LongitudeDegrees>
          </Position>
          <AltitudeMeters>846.4</AltitudeMeters>
          <DistanceMeters>25610.1</DistanceMeters>
        </Trackpoint>
        <Trackpoint>
          <Time>2027-05-09T08:42:38Z</Time>
          <Position>
            <LatitudeDegrees>42.4907000</LatitudeDegrees>
            <LongitudeDegrees>-5.8173000</LongitudeDegrees>
          </Position>
          <AltitudeMeters>845.9</AltitudeMeters>
          <DistanceMeters>25661.6</DistanceMeters>
        </Trackpoint>
        <Trackpoint>
          <Time>2027-05-09T08:42:51Z</Time>
          <Position>
            <LatitudeDegrees>42.4904300</LatitudeDegrees>
            <LongitudeDegrees>-5.8178100</LongitudeDegrees>
          </Position>
          <AltitudeMeters>845.6</AltitudeMeters>
          <DistanceMeters>25713.0</DistanceMeters>
        </Trackpoint>
        <Trackpoint>
          <Time>2027-05-09T08:43:03Z</Time>
          <Position>
            <LatitudeDegrees>42.4901600</LatitudeDegrees>
            <LongitudeDegrees>-5.8183200</LongitudeDegrees>
          </Position>
          <AltitudeMeters>845.8</AltitudeMeters>
          <DistanceMeters>25764.5</DistanceMeters>
        </Trackpoint>
        <Trackpoint>
          <Time>2027-05-09T08:43:15Z</Time>
          <Position>
            <LatitudeDegrees>42.4898900</LatitudeDegrees>
            <LongitudeDegrees>-5.8188200</LongitudeDegrees>
          </Position>
          <AltitudeMeters>846.2</AltitudeMeters>
          <DistanceMeters>25815.3</DistanceMeters>
        </Trackpoint>
        <Trackpoint>
          <Time>2027-05-09T08:43:28Z</Time>
          <Position>
            <LatitudeDegrees>42.4896200</LatitudeDegrees>
            <LongitudeDegrees>-5.8193300</LongitudeDegrees>
          </Position>
          <AltitudeMeters>846.6</AltitudeMeters>
          <DistanceMeters>25866.8</DistanceMeters>
        </Trackpoint>
        <Trackpoint>
          <Time>2027-05-09T08:43:40Z</Time>
          <Position>
            <LatitudeDegrees>42.4893500</LatitudeDegrees>
            <LongitudeDegrees>-5.8198400</LongitudeDegrees>
          </Position>
          <AltitudeMeters>846.8</AltitudeMeters>
          <DistanceMeters>25918.3</DistanceMeters>
        </Trackpoint>
        <Trackpoint>
          <Time>2027-05-09T08:43:52Z</Time>
          <Position>
            <LatitudeDegrees>42.4890800</LatitudeDegrees>
            <LongitudeDegrees>-5.8203500</LongitudeDegrees>
          </Position>
          <AltitudeMeters>846.5</AltitudeMeters>
          <DistanceMeters>25969.8</DistanceMeters>
        </Trackpoint>
        <Trackpoint>
          <Time>2027-05-09T08:44:05Z</Time>
          <Position>
            <LatitudeDegrees>42.4888100</LatitudeDegrees>
            <LongitudeDegrees>-5.8208600</LongitudeDegrees>
          </Position>
          <AltitudeMeters>846.2</AltitudeMeters>
          <DistanceMeters>26021.3</DistanceMeters>
        </Trackpoint>
        <Trackpoint>
          <Time>2027-05-09T08:44:17Z</Time>
          <Position>
            <LatitudeDegrees>42.4885300</LatitudeDegrees>
            <LongitudeDegrees>-5.8213700</LongitudeDegrees>
          </Position>
          <AltitudeMeters>846.1</AltitudeMeters>
          <DistanceMeters>26073.4</DistanceMeters>
        </Trackpoint>
        <Trackpoint>
          <Time>2027-05-09T08:44:29Z</Time>
          <Position>
            <LatitudeDegrees>42.4882600</LatitudeDegrees>
            <LongitudeDegrees>-5.8218800</LongitudeDegrees>
          </Position>
          <AltitudeMeters>846.1</AltitudeMeters>
          <DistanceMeters>26124.9</DistanceMeters>
        </Trackpoint>
        <Trackpoint>
          <Time>2027-05-09T08:44:42Z</Time>
          <Position>
            <LatitudeDegrees>42.4879900</LatitudeDegrees>
            <LongitudeDegrees>-5.8223900</LongitudeDegrees>
          </Position>
          <AltitudeMeters>846.1</AltitudeMeters>
          <DistanceMeters>26176.4</DistanceMeters>
        </Trackpoint>
        <Trackpoint>
          <Time>2027-05-09T08:44:54Z</Time>
          <Position>
            <LatitudeDegrees>42.4877200</LatitudeDegrees>
            <LongitudeDegrees>-5.8229000</LongitudeDegrees>
          </Position>
          <AltitudeMeters>846.1</AltitudeMeters>
          <DistanceMeters>26227.8</DistanceMeters>
        </Trackpoint>
        <Trackpoint>
          <Time>2027-05-09T08:45:06Z</Time>
          <Position>
            <LatitudeDegrees>42.4874500</LatitudeDegrees>
            <LongitudeDegrees>-5.8234000</LongitudeDegrees>
          </Position>
          <AltitudeMeters>846.2</AltitudeMeters>
          <DistanceMeters>26278.6</DistanceMeters>
        </Trackpoint>
        <Trackpoint>
          <Time>2027-05-09T08:45:19Z</Time>
          <Position>
            <LatitudeDegrees>42.4871800</LatitudeDegrees>
            <LongitudeDegrees>-5.8239100</LongitudeDegrees>
          </Position>
          <AltitudeMeters>846.1</AltitudeMeters>
          <DistanceMeters>26330.1</DistanceMeters>
        </Trackpoint>
        <Trackpoint>
          <Time>2027-05-09T08:45:31Z</Time>
          <Position>
            <LatitudeDegrees>42.4869100</LatitudeDegrees>
            <LongitudeDegrees>-5.8244200</LongitudeDegrees>
          </Position>
          <AltitudeMeters>845.7</AltitudeMeters>
          <DistanceMeters>26381.6</DistanceMeters>
        </Trackpoint>
        <Trackpoint>
          <Time>2027-05-09T08:45:43Z</Time>
          <Position>
            <LatitudeDegrees>42.4866400</LatitudeDegrees>
            <LongitudeDegrees>-5.8249300</LongitudeDegrees>
          </Position>
          <AltitudeMeters>845.4</AltitudeMeters>
          <DistanceMeters>26433.1</DistanceMeters>
        </Trackpoint>
        <Trackpoint>
          <Time>2027-05-09T08:45:56Z</Time>
          <Position>
            <LatitudeDegrees>42.4863700</LatitudeDegrees>
            <LongitudeDegrees>-5.8254400</LongitudeDegrees>
          </Position>
          <AltitudeMeters>845.2</AltitudeMeters>
          <DistanceMeters>26484.6</DistanceMeters>
        </Trackpoint>
        <Trackpoint>
          <Time>2027-05-09T08:46:03Z</Time>
          <Position>
            <LatitudeDegrees>42.4863400</LatitudeDegrees>
            <LongitudeDegrees>-5.8258200</LongitudeDegrees>
          </Position>
          <AltitudeMeters>845.1</AltitudeMeters>
          <DistanceMeters>26515.9</DistanceMeters>
        </Trackpoint>
        <Trackpoint>
          <Time>2027-05-09T08:46:16Z</Time>
          <Position>
            <LatitudeDegrees>42.4860600</LatitudeDegrees>
            <LongitudeDegrees>-5.8263400</LongitudeDegrees>
          </Position>
          <AltitudeMeters>845.0</AltitudeMeters>
          <DistanceMeters>26568.7</DistanceMeters>
        </Trackpoint>
        <Trackpoint>
          <Time>2027-05-09T08:46:31Z</Time>
          <Position>
            <LatitudeDegrees>42.4858100</LatitudeDegrees>
            <LongitudeDegrees>-5.8270000</LongitudeDegrees>
          </Position>
          <AltitudeMeters>845.0</AltitudeMeters>
          <DistanceMeters>26629.5</DistanceMeters>
        </Trackpoint>
        <Trackpoint>
          <Time>2027-05-09T08:46:45Z</Time>
          <Position>
            <LatitudeDegrees>42.4856200</LatitudeDegrees>
            <LongitudeDegrees>-5.8277000</LongitudeDegrees>
          </Position>
          <AltitudeMeters>844.7</AltitudeMeters>
          <DistanceMeters>26690.7</DistanceMeters>
        </Trackpoint>
        <Trackpoint>
          <Time>2027-05-09T08:47:00Z</Time>
          <Position>
            <LatitudeDegrees>42.4854200</LatitudeDegrees>
            <LongitudeDegrees>-5.8284000</LongitudeDegrees>
          </Position>
          <AltitudeMeters>844.5</AltitudeMeters>
          <DistanceMeters>26752.3</DistanceMeters>
        </Trackpoint>
        <Trackpoint>
          <Time>2027-05-09T08:47:19Z</Time>
          <Position>
            <LatitudeDegrees>42.4852400</LatitudeDegrees>
            <LongitudeDegrees>-5.8293200</LongitudeDegrees>
          </Position>
          <AltitudeMeters>844.1</AltitudeMeters>
          <DistanceMeters>26830.3</DistanceMeters>
        </Trackpoint>
        <Trackpoint>
          <Time>2027-05-09T08:47:40Z</Time>
          <Position>
            <LatitudeDegrees>42.4844900</LatitudeDegrees>
            <LongitudeDegrees>-5.8289700</LongitudeDegrees>
          </Position>
          <AltitudeMeters>843.7</AltitudeMeters>
          <DistanceMeters>26918.5</DistanceMeters>
        </Trackpoint>
        <Trackpoint>
          <Time>2027-05-09T08:47:53Z</Time>
          <Position>
            <LatitudeDegrees>42.4842100</LatitudeDegrees>
            <LongitudeDegrees>-5.8294900</LongitudeDegrees>
          </Position>
          <AltitudeMeters>843.4</AltitudeMeters>
          <DistanceMeters>26971.3</DistanceMeters>
        </Trackpoint>
        <Trackpoint>
          <Time>2027-05-09T08:48:05Z</Time>
          <Position>
            <LatitudeDegrees>42.4839300</LatitudeDegrees>
            <LongitudeDegrees>-5.8300200</LongitudeDegrees>
          </Position>
          <AltitudeMeters>843.4</AltitudeMeters>
          <DistanceMeters>27024.8</DistanceMeters>
        </Trackpoint>
        <Trackpoint>
          <Time>2027-05-09T08:48:18Z</Time>
          <Position>
            <LatitudeDegrees>42.4836500</LatitudeDegrees>
            <LongitudeDegrees>-5.8305400</LongitudeDegrees>
          </Position>
          <AltitudeMeters>843.1</AltitudeMeters>
          <DistanceMeters>27077.6</DistanceMeters>
        </Trackpoint>
        <Trackpoint>
          <Time>2027-05-09T08:48:31Z</Time>
          <Position>
            <LatitudeDegrees>42.4833600</LatitudeDegrees>
            <LongitudeDegrees>-5.8310700</LongitudeDegrees>
          </Position>
          <AltitudeMeters>842.5</AltitudeMeters>
          <DistanceMeters>27131.7</DistanceMeters>
        </Trackpoint>
        <Trackpoint>
          <Time>2027-05-09T08:48:44Z</Time>
          <Position>
            <LatitudeDegrees>42.4830800</LatitudeDegrees>
            <LongitudeDegrees>-5.8315900</LongitudeDegrees>
          </Position>
          <AltitudeMeters>841.6</AltitudeMeters>
          <DistanceMeters>27184.5</DistanceMeters>
        </Trackpoint>
        <Trackpoint>
          <Time>2027-05-09T08:48:57Z</Time>
          <Position>
            <LatitudeDegrees>42.4828000</LatitudeDegrees>
            <LongitudeDegrees>-5.8321200</LongitudeDegrees>
          </Position>
          <AltitudeMeters>840.5</AltitudeMeters>
          <DistanceMeters>27238.0</DistanceMeters>
        </Trackpoint>
        <Trackpoint>
          <Time>2027-05-09T08:49:09Z</Time>
          <Position>
            <LatitudeDegrees>42.4825200</LatitudeDegrees>
            <LongitudeDegrees>-5.8326400</LongitudeDegrees>
          </Position>
          <AltitudeMeters>839.6</AltitudeMeters>
          <DistanceMeters>27290.8</DistanceMeters>
        </Trackpoint>
        <Trackpoint>
          <Time>2027-05-09T08:49:22Z</Time>
          <Position>
            <LatitudeDegrees>42.4822400</LatitudeDegrees>
            <LongitudeDegrees>-5.8331700</LongitudeDegrees>
          </Position>
          <AltitudeMeters>839.1</AltitudeMeters>
          <DistanceMeters>27344.2</DistanceMeters>
        </Trackpoint>
        <Trackpoint>
          <Time>2027-05-09T08:49:35Z</Time>
          <Position>
            <LatitudeDegrees>42.4819600</LatitudeDegrees>
            <LongitudeDegrees>-5.8336900</LongitudeDegrees>
          </Position>
          <AltitudeMeters>839.1</AltitudeMeters>
          <DistanceMeters>27397.0</DistanceMeters>
        </Trackpoint>
        <Trackpoint>
          <Time>2027-05-09T08:49:48Z</Time>
          <Position>
            <LatitudeDegrees>42.4816700</LatitudeDegrees>
            <LongitudeDegrees>-5.8342200</LongitudeDegrees>
          </Position>
          <AltitudeMeters>839.3</AltitudeMeters>
          <DistanceMeters>27451.1</DistanceMeters>
        </Trackpoint>
        <Trackpoint>
          <Time>2027-05-09T08:50:00Z</Time>
          <Position>
            <LatitudeDegrees>42.4813900</LatitudeDegrees>
            <LongitudeDegrees>-5.8347400</LongitudeDegrees>
          </Position>
          <AltitudeMeters>839.6</AltitudeMeters>
          <DistanceMeters>27503.9</DistanceMeters>
        </Trackpoint>
        <Trackpoint>
          <Time>2027-05-09T08:50:13Z</Time>
          <Position>
            <LatitudeDegrees>42.4811100</LatitudeDegrees>
            <LongitudeDegrees>-5.8352700</LongitudeDegrees>
          </Position>
          <AltitudeMeters>840.1</AltitudeMeters>
          <DistanceMeters>27557.4</DistanceMeters>
        </Trackpoint>
        <Trackpoint>
          <Time>2027-05-09T08:50:26Z</Time>
          <Position>
            <LatitudeDegrees>42.4808300</LatitudeDegrees>
            <LongitudeDegrees>-5.8357900</LongitudeDegrees>
          </Position>
          <AltitudeMeters>840.4</AltitudeMeters>
          <DistanceMeters>27610.2</DistanceMeters>
        </Trackpoint>
        <Trackpoint>
          <Time>2027-05-09T08:50:37Z</Time>
          <Position>
            <LatitudeDegrees>42.4806300</LatitudeDegrees>
            <LongitudeDegrees>-5.8362900</LongitudeDegrees>
          </Position>
          <AltitudeMeters>840.6</AltitudeMeters>
          <DistanceMeters>27656.8</DistanceMeters>
        </Trackpoint>
        <Trackpoint>
          <Time>2027-05-09T08:50:40Z</Time>
          <Position>
            <LatitudeDegrees>42.4805400</LatitudeDegrees>
            <LongitudeDegrees>-5.8363800</LongitudeDegrees>
          </Position>
          <AltitudeMeters>840.9</AltitudeMeters>
          <DistanceMeters>27669.3</DistanceMeters>
        </Trackpoint>
        <Trackpoint>
          <Time>2027-05-09T08:50:52Z</Time>
          <Position>
            <LatitudeDegrees>42.4802700</LatitudeDegrees>
            <LongitudeDegrees>-5.8368800</LongitudeDegrees>
          </Position>
          <AltitudeMeters>841.2</AltitudeMeters>
          <DistanceMeters>27720.1</DistanceMeters>
        </Trackpoint>
        <Trackpoint>
          <Time>2027-05-09T08:51:05Z</Time>
          <Position>
            <LatitudeDegrees>42.4800000</LatitudeDegrees>
            <LongitudeDegrees>-5.8373800</LongitudeDegrees>
          </Position>
          <AltitudeMeters>841.1</AltitudeMeters>
          <DistanceMeters>27770.9</DistanceMeters>
        </Trackpoint>
        <Trackpoint>
          <Time>2027-05-09T08:51:17Z</Time>
          <Position>
            <LatitudeDegrees>42.4797400</LatitudeDegrees>
            <LongitudeDegrees>-5.8378800</LongitudeDegrees>
          </Position>
          <AltitudeMeters>840.9</AltitudeMeters>
          <DistanceMeters>27821.1</DistanceMeters>
        </Trackpoint>
        <Trackpoint>
          <Time>2027-05-09T08:51:29Z</Time>
          <Position>
            <LatitudeDegrees>42.4794700</LatitudeDegrees>
            <LongitudeDegrees>-5.8383700</LongitudeDegrees>
          </Position>
          <AltitudeMeters>840.7</AltitudeMeters>
          <DistanceMeters>27871.3</DistanceMeters>
        </Trackpoint>
        <Trackpoint>
          <Time>2027-05-09T08:51:41Z</Time>
          <Position>
            <LatitudeDegrees>42.4792000</LatitudeDegrees>
            <LongitudeDegrees>-5.8388700</LongitudeDegrees>
          </Position>
          <AltitudeMeters>840.3</AltitudeMeters>
          <DistanceMeters>27922.1</DistanceMeters>
        </Trackpoint>
        <Trackpoint>
          <Time>2027-05-09T08:51:53Z</Time>
          <Position>
            <LatitudeDegrees>42.4789300</LatitudeDegrees>
            <LongitudeDegrees>-5.8393700</LongitudeDegrees>
          </Position>
          <AltitudeMeters>839.8</AltitudeMeters>
          <DistanceMeters>27972.9</DistanceMeters>
        </Trackpoint>
        <Trackpoint>
          <Time>2027-05-09T08:52:05Z</Time>
          <Position>
            <LatitudeDegrees>42.4786600</LatitudeDegrees>
            <LongitudeDegrees>-5.8398700</LongitudeDegrees>
          </Position>
          <AltitudeMeters>839.4</AltitudeMeters>
          <DistanceMeters>28023.7</DistanceMeters>
        </Trackpoint>
        <Trackpoint>
          <Time>2027-05-09T08:52:17Z</Time>
          <Position>
            <LatitudeDegrees>42.4784000</LatitudeDegrees>
            <LongitudeDegrees>-5.8403700</LongitudeDegrees>
          </Position>
          <AltitudeMeters>839.1</AltitudeMeters>
          <DistanceMeters>28073.9</DistanceMeters>
        </Trackpoint>
        <Trackpoint>
          <Time>2027-05-09T08:52:29Z</Time>
          <Position>
            <LatitudeDegrees>42.4781300</LatitudeDegrees>
            <LongitudeDegrees>-5.8408700</LongitudeDegrees>
          </Position>
          <AltitudeMeters>839.0</AltitudeMeters>
          <DistanceMeters>28124.7</DistanceMeters>
        </Trackpoint>
        <Trackpoint>
          <Time>2027-05-09T08:52:42Z</Time>
          <Position>
            <LatitudeDegrees>42.4778600</LatitudeDegrees>
            <LongitudeDegrees>-5.8413700</LongitudeDegrees>
          </Position>
          <AltitudeMeters>839.1</AltitudeMeters>
          <DistanceMeters>28175.5</DistanceMeters>
        </Trackpoint>
        <Trackpoint>
          <Time>2027-05-09T08:52:54Z</Time>
          <Position>
            <LatitudeDegrees>42.4775900</LatitudeDegrees>
            <LongitudeDegrees>-5.8418700</LongitudeDegrees>
          </Position>
          <AltitudeMeters>838.9</AltitudeMeters>
          <DistanceMeters>28226.3</DistanceMeters>
        </Trackpoint>
        <Trackpoint>
          <Time>2027-05-09T08:53:06Z</Time>
          <Position>
            <LatitudeDegrees>42.4773200</LatitudeDegrees>
            <LongitudeDegrees>-5.8423600</LongitudeDegrees>
          </Position>
          <AltitudeMeters>838.4</AltitudeMeters>
          <DistanceMeters>28276.5</DistanceMeters>
        </Trackpoint>
        <Trackpoint>
          <Time>2027-05-09T08:53:18Z</Time>
          <Position>
            <LatitudeDegrees>42.4770600</LatitudeDegrees>
            <LongitudeDegrees>-5.8428600</LongitudeDegrees>
          </Position>
          <AltitudeMeters>837.5</AltitudeMeters>
          <DistanceMeters>28326.7</DistanceMeters>
        </Trackpoint>
        <Trackpoint>
          <Time>2027-05-09T08:53:30Z</Time>
          <Position>
            <LatitudeDegrees>42.4767900</LatitudeDegrees>
            <LongitudeDegrees>-5.8433600</LongitudeDegrees>
          </Position>
          <AltitudeMeters>836.3</AltitudeMeters>
          <DistanceMeters>28377.5</DistanceMeters>
        </Trackpoint>
        <Trackpoint>
          <Time>2027-05-09T08:53:42Z</Time>
          <Position>
            <LatitudeDegrees>42.4765200</LatitudeDegrees>
            <LongitudeDegrees>-5.8438600</LongitudeDegrees>
          </Position>
          <AltitudeMeters>834.9</AltitudeMeters>
          <DistanceMeters>28428.3</DistanceMeters>
        </Trackpoint>
        <Trackpoint>
          <Time>2027-05-09T08:53:54Z</Time>
          <Position>
            <LatitudeDegrees>42.4762500</LatitudeDegrees>
            <LongitudeDegrees>-5.8443600</LongitudeDegrees>
          </Position>
          <AltitudeMeters>833.6</AltitudeMeters>
          <DistanceMeters>28479.1</DistanceMeters>
        </Trackpoint>
        <Trackpoint>
          <Time>2027-05-09T08:54:07Z</Time>
          <Position>
            <LatitudeDegrees>42.4759900</LatitudeDegrees>
            <LongitudeDegrees>-5.8448600</LongitudeDegrees>
          </Position>
          <AltitudeMeters>832.7</AltitudeMeters>
          <DistanceMeters>28529.3</DistanceMeters>
        </Trackpoint>
        <Trackpoint>
          <Time>2027-05-09T08:54:19Z</Time>
          <Position>
            <LatitudeDegrees>42.4757200</LatitudeDegrees>
            <LongitudeDegrees>-5.8453600</LongitudeDegrees>
          </Position>
          <AltitudeMeters>832.3</AltitudeMeters>
          <DistanceMeters>28580.1</DistanceMeters>
        </Trackpoint>
        <Trackpoint>
          <Time>2027-05-09T08:54:31Z</Time>
          <Position>
            <LatitudeDegrees>42.4754500</LatitudeDegrees>
            <LongitudeDegrees>-5.8458500</LongitudeDegrees>
          </Position>
          <AltitudeMeters>832.1</AltitudeMeters>
          <DistanceMeters>28630.3</DistanceMeters>
        </Trackpoint>
        <Trackpoint>
          <Time>2027-05-09T08:54:43Z</Time>
          <Position>
            <LatitudeDegrees>42.4751800</LatitudeDegrees>
            <LongitudeDegrees>-5.8463500</LongitudeDegrees>
          </Position>
          <AltitudeMeters>832.2</AltitudeMeters>
          <DistanceMeters>28681.1</DistanceMeters>
        </Trackpoint>
        <Trackpoint>
          <Time>2027-05-09T08:54:55Z</Time>
          <Position>
            <LatitudeDegrees>42.4749100</LatitudeDegrees>
            <LongitudeDegrees>-5.8468500</LongitudeDegrees>
          </Position>
          <AltitudeMeters>832.3</AltitudeMeters>
          <DistanceMeters>28732.0</DistanceMeters>
        </Trackpoint>
        <Trackpoint>
          <Time>2027-05-09T08:55:07Z</Time>
          <Position>
            <LatitudeDegrees>42.4746500</LatitudeDegrees>
            <LongitudeDegrees>-5.8473500</LongitudeDegrees>
          </Position>
          <AltitudeMeters>832.3</AltitudeMeters>
          <DistanceMeters>28782.1</DistanceMeters>
        </Trackpoint>
        <Trackpoint>
          <Time>2027-05-09T08:55:19Z</Time>
          <Position>
            <LatitudeDegrees>42.4743800</LatitudeDegrees>
            <LongitudeDegrees>-5.8478500</LongitudeDegrees>
          </Position>
          <AltitudeMeters>832.1</AltitudeMeters>
          <DistanceMeters>28832.9</DistanceMeters>
        </Trackpoint>
        <Trackpoint>
          <Time>2027-05-09T08:55:32Z</Time>
          <Position>
            <LatitudeDegrees>42.4741100</LatitudeDegrees>
            <LongitudeDegrees>-5.8483500</LongitudeDegrees>
          </Position>
          <AltitudeMeters>831.7</AltitudeMeters>
          <DistanceMeters>28883.8</DistanceMeters>
        </Trackpoint>
        <Trackpoint>
          <Time>2027-05-09T08:55:44Z</Time>
          <Position>
            <LatitudeDegrees>42.4738400</LatitudeDegrees>
            <LongitudeDegrees>-5.8488500</LongitudeDegrees>
          </Position>
          <AltitudeMeters>831.1</AltitudeMeters>
          <DistanceMeters>28934.6</DistanceMeters>
        </Trackpoint>
        <Trackpoint>
          <Time>2027-05-09T08:55:56Z</Time>
          <Position>
            <LatitudeDegrees>42.4735700</LatitudeDegrees>
            <LongitudeDegrees>-5.8493500</LongitudeDegrees>
          </Position>
          <AltitudeMeters>830.5</AltitudeMeters>
          <DistanceMeters>28985.4</DistanceMeters>
        </Trackpoint>
        <Trackpoint>
          <Time>2027-05-09T08:56:08Z</Time>
          <Position>
            <LatitudeDegrees>42.4733100</LatitudeDegrees>
            <LongitudeDegrees>-5.8498400</LongitudeDegrees>
          </Position>
          <AltitudeMeters>830.0</AltitudeMeters>
          <DistanceMeters>29034.9</DistanceMeters>
        </Trackpoint>
        <Trackpoint>
          <Time>2027-05-09T08:56:20Z</Time>
          <Position>
            <LatitudeDegrees>42.4730400</LatitudeDegrees>
            <LongitudeDegrees>-5.8503400</LongitudeDegrees>
          </Position>
          <AltitudeMeters>829.6</AltitudeMeters>
          <DistanceMeters>29085.7</DistanceMeters>
        </Trackpoint>
        <Trackpoint>
          <Time>2027-05-09T08:56:32Z</Time>
          <Position>
            <LatitudeDegrees>42.4727700</LatitudeDegrees>
            <LongitudeDegrees>-5.8508400</LongitudeDegrees>
          </Position>
          <AltitudeMeters>829.4</AltitudeMeters>
          <DistanceMeters>29136.6</DistanceMeters>
        </Trackpoint>
        <Trackpoint>
          <Time>2027-05-09T08:56:44Z</Time>
          <Position>
            <LatitudeDegrees>42.4725000</LatitudeDegrees>
            <LongitudeDegrees>-5.8513400</LongitudeDegrees>
          </Position>
          <AltitudeMeters>829.2</AltitudeMeters>
          <DistanceMeters>29187.4</DistanceMeters>
        </Trackpoint>
        <Trackpoint>
          <Time>2027-05-09T08:56:57Z</Time>
          <Position>
            <LatitudeDegrees>42.4722300</LatitudeDegrees>
            <LongitudeDegrees>-5.8518400</LongitudeDegrees>
          </Position>
          <AltitudeMeters>829.0</AltitudeMeters>
          <DistanceMeters>29238.2</DistanceMeters>
        </Trackpoint>
        <Trackpoint>
          <Time>2027-05-09T08:57:09Z</Time>
          <Position>
            <LatitudeDegrees>42.4719700</LatitudeDegrees>
            <LongitudeDegrees>-5.8523400</LongitudeDegrees>
          </Position>
          <AltitudeMeters>828.9</AltitudeMeters>
          <DistanceMeters>29288.4</DistanceMeters>
        </Trackpoint>
        <Trackpoint>
          <Time>2027-05-09T08:57:21Z</Time>
          <Position>
            <LatitudeDegrees>42.4717000</LatitudeDegrees>
            <LongitudeDegrees>-5.8528400</LongitudeDegrees>
          </Position>
          <AltitudeMeters>828.7</AltitudeMeters>
          <DistanceMeters>29339.2</DistanceMeters>
        </Trackpoint>
        <Trackpoint>
          <Time>2027-05-09T08:57:33Z</Time>
          <Position>
            <LatitudeDegrees>42.4714300</LatitudeDegrees>
            <LongitudeDegrees>-5.8533400</LongitudeDegrees>
          </Position>
          <AltitudeMeters>828.5</AltitudeMeters>
          <DistanceMeters>29390.0</DistanceMeters>
        </Trackpoint>
        <Trackpoint>
          <Time>2027-05-09T08:57:45Z</Time>
          <Position>
            <LatitudeDegrees>42.4711600</LatitudeDegrees>
            <LongitudeDegrees>-5.8538300</LongitudeDegrees>
          </Position>
          <AltitudeMeters>828.6</AltitudeMeters>
          <DistanceMeters>29440.2</DistanceMeters>
        </Trackpoint>
        <Trackpoint>
          <Time>2027-05-09T08:57:57Z</Time>
          <Position>
            <LatitudeDegrees>42.4708900</LatitudeDegrees>
            <LongitudeDegrees>-5.8543300</LongitudeDegrees>
          </Position>
          <AltitudeMeters>828.6</AltitudeMeters>
          <DistanceMeters>29491.0</DistanceMeters>
        </Trackpoint>
        <Trackpoint>
          <Time>2027-05-09T08:58:09Z</Time>
          <Position>
            <LatitudeDegrees>42.4706300</LatitudeDegrees>
            <LongitudeDegrees>-5.8548300</LongitudeDegrees>
          </Position>
          <AltitudeMeters>828.5</AltitudeMeters>
          <DistanceMeters>29541.2</DistanceMeters>
        </Trackpoint>
        <Trackpoint>
          <Time>2027-05-09T08:58:22Z</Time>
          <Position>
            <LatitudeDegrees>42.4703600</LatitudeDegrees>
            <LongitudeDegrees>-5.8553300</LongitudeDegrees>
          </Position>
          <AltitudeMeters>828.4</AltitudeMeters>
          <DistanceMeters>29592.0</DistanceMeters>
        </Trackpoint>
        <Trackpoint>
          <Time>2027-05-09T08:58:34Z</Time>
          <Position>
            <LatitudeDegrees>42.4700900</LatitudeDegrees>
            <LongitudeDegrees>-5.8558300</LongitudeDegrees>
          </Position>
          <AltitudeMeters>828.2</AltitudeMeters>
          <DistanceMeters>29642.9</DistanceMeters>
        </Trackpoint>
        <Trackpoint>
          <Time>2027-05-09T08:58:46Z</Time>
          <Position>
            <LatitudeDegrees>42.4698200</LatitudeDegrees>
            <LongitudeDegrees>-5.8563300</LongitudeDegrees>
          </Position>
          <AltitudeMeters>828.0</AltitudeMeters>
          <DistanceMeters>29693.7</DistanceMeters>
        </Trackpoint>
        <Trackpoint>
          <Time>2027-05-09T08:58:58Z</Time>
          <Position>
            <LatitudeDegrees>42.4695600</LatitudeDegrees>
            <LongitudeDegrees>-5.8568300</LongitudeDegrees>
          </Position>
          <AltitudeMeters>828.0</AltitudeMeters>
          <DistanceMeters>29743.9</DistanceMeters>
        </Trackpoint>
        <Trackpoint>
          <Time>2027-05-09T08:59:10Z</Time>
          <Position>
            <LatitudeDegrees>42.4692900</LatitudeDegrees>
            <LongitudeDegrees>-5.8573200</LongitudeDegrees>
          </Position>
          <AltitudeMeters>828.0</AltitudeMeters>
          <DistanceMeters>29794.0</DistanceMeters>
        </Trackpoint>
        <Trackpoint>
          <Time>2027-05-09T08:59:22Z</Time>
          <Position>
            <LatitudeDegrees>42.4690200</LatitudeDegrees>
            <LongitudeDegrees>-5.8578200</LongitudeDegrees>
          </Position>
          <AltitudeMeters>828.2</AltitudeMeters>
          <DistanceMeters>29844.9</DistanceMeters>
        </Trackpoint>
        <Trackpoint>
          <Time>2027-05-09T08:59:34Z</Time>
          <Position>
            <LatitudeDegrees>42.4687500</LatitudeDegrees>
            <LongitudeDegrees>-5.8583200</LongitudeDegrees>
          </Position>
          <AltitudeMeters>828.2</AltitudeMeters>
          <DistanceMeters>29895.7</DistanceMeters>
        </Trackpoint>
        <Trackpoint>
          <Time>2027-05-09T08:59:47Z</Time>
          <Position>
            <LatitudeDegrees>42.4684800</LatitudeDegrees>
            <LongitudeDegrees>-5.8588200</LongitudeDegrees>
          </Position>
          <AltitudeMeters>828.0</AltitudeMeters>
          <DistanceMeters>29946.5</DistanceMeters>
        </Trackpoint>
        <Trackpoint>
          <Time>2027-05-09T08:59:59Z</Time>
          <Position>
            <LatitudeDegrees>42.4682200</LatitudeDegrees>
            <LongitudeDegrees>-5.8593200</LongitudeDegrees>
          </Position>
          <AltitudeMeters>827.8</AltitudeMeters>
          <DistanceMeters>29996.7</DistanceMeters>
        </Trackpoint>
        <Trackpoint>
          <Time>2027-05-09T09:00:11Z</Time>
          <Position>
            <LatitudeDegrees>42.4679500</LatitudeDegrees>
            <LongitudeDegrees>-5.8598200</LongitudeDegrees>
          </Position>
          <AltitudeMeters>828.0</AltitudeMeters>
          <DistanceMeters>30047.5</DistanceMeters>
        </Trackpoint>
        <Trackpoint>
          <Time>2027-05-09T09:00:23Z</Time>
          <Position>
            <LatitudeDegrees>42.4676800</LatitudeDegrees>
            <LongitudeDegrees>-5.8603200</LongitudeDegrees>
          </Position>
          <AltitudeMeters>828.3</AltitudeMeters>
          <DistanceMeters>30098.3</DistanceMeters>
        </Trackpoint>
        <Trackpoint>
          <Time>2027-05-09T09:00:35Z</Time>
          <Position>
            <LatitudeDegrees>42.4674100</LatitudeDegrees>
            <LongitudeDegrees>-5.8608200</LongitudeDegrees>
          </Position>
          <AltitudeMeters>828.6</AltitudeMeters>
          <DistanceMeters>30149.2</DistanceMeters>
        </Trackpoint>
        <Trackpoint>
          <Time>2027-05-09T09:00:47Z</Time>
          <Position>
            <LatitudeDegrees>42.4671400</LatitudeDegrees>
            <LongitudeDegrees>-5.8613100</LongitudeDegrees>
          </Position>
          <AltitudeMeters>829.0</AltitudeMeters>
          <DistanceMeters>30199.3</DistanceMeters>
        </Trackpoint>
        <Trackpoint>
          <Time>2027-05-09T09:00:59Z</Time>
          <Position>
            <LatitudeDegrees>42.4668800</LatitudeDegrees>
            <LongitudeDegrees>-5.8618100</LongitudeDegrees>
          </Position>
          <AltitudeMeters>829.1</AltitudeMeters>
          <DistanceMeters>30249.5</DistanceMeters>
        </Trackpoint>
        <Trackpoint>
          <Time>2027-05-09T09:01:12Z</Time>
          <Position>
            <LatitudeDegrees>42.4666100</LatitudeDegrees>
            <LongitudeDegrees>-5.8623100</LongitudeDegrees>
          </Position>
          <AltitudeMeters>828.9</AltitudeMeters>
          <DistanceMeters>30300.3</DistanceMeters>
        </Trackpoint>
        <Trackpoint>
          <Time>2027-05-09T09:01:24Z</Time>
          <Position>
            <LatitudeDegrees>42.4663400</LatitudeDegrees>
            <LongitudeDegrees>-5.8628100</LongitudeDegrees>
          </Position>
          <AltitudeMeters>828.7</AltitudeMeters>
          <DistanceMeters>30351.2</DistanceMeters>
        </Trackpoint>
        <Trackpoint>
          <Time>2027-05-09T09:01:38Z</Time>
          <Position>
            <LatitudeDegrees>42.4660400</LatitudeDegrees>
            <LongitudeDegrees>-5.8633800</LongitudeDegrees>
          </Position>
          <AltitudeMeters>828.5</AltitudeMeters>
          <DistanceMeters>30408.6</DistanceMeters>
        </Trackpoint>
        <Trackpoint>
          <Time>2027-05-09T09:01:51Z</Time>
          <Position>
            <LatitudeDegrees>42.4657500</LatitudeDegrees>
            <LongitudeDegrees>-5.8639500</LongitudeDegrees>
          </Position>
          <AltitudeMeters>828.6</AltitudeMeters>
          <DistanceMeters>30465.4</DistanceMeters>
        </Trackpoint>
        <Trackpoint>
          <Time>2027-05-09T09:02:05Z</Time>
          <Position>
            <LatitudeDegrees>42.4654500</LatitudeDegrees>
            <LongitudeDegrees>-5.8645300</LongitudeDegrees>
          </Position>
          <AltitudeMeters>828.6</AltitudeMeters>
          <DistanceMeters>30523.5</DistanceMeters>
        </Trackpoint>
        <Trackpoint>
          <Time>2027-05-09T09:02:19Z</Time>
          <Position>
            <LatitudeDegrees>42.4651500</LatitudeDegrees>
            <LongitudeDegrees>-5.8651000</LongitudeDegrees>
          </Position>
          <AltitudeMeters>828.3</AltitudeMeters>
          <DistanceMeters>30580.9</DistanceMeters>
        </Trackpoint>
        <Trackpoint>
          <Time>2027-05-09T09:02:33Z</Time>
          <Position>
            <LatitudeDegrees>42.4648600</LatitudeDegrees>
            <LongitudeDegrees>-5.8656700</LongitudeDegrees>
          </Position>
          <AltitudeMeters>828.1</AltitudeMeters>
          <DistanceMeters>30637.7</DistanceMeters>
        </Trackpoint>
        <Trackpoint>
          <Time>2027-05-09T09:02:46Z</Time>
          <Position>
            <LatitudeDegrees>42.4645600</LatitudeDegrees>
            <LongitudeDegrees>-5.8662400</LongitudeDegrees>
          </Position>
          <AltitudeMeters>828.0</AltitudeMeters>
          <DistanceMeters>30695.2</DistanceMeters>
        </Trackpoint>
        <Trackpoint>
          <Time>2027-05-09T09:03:08Z</Time>
          <Position>
            <LatitudeDegrees>42.4647100</LatitudeDegrees>
            <LongitudeDegrees>-5.8673100</LongitudeDegrees>
          </Position>
          <AltitudeMeters>827.6</AltitudeMeters>
          <DistanceMeters>30784.5</DistanceMeters>
        </Trackpoint>
        <Trackpoint>
          <Time>2027-05-09T09:03:21Z</Time>
          <Position>
            <LatitudeDegrees>42.4646300</LatitudeDegrees>
            <LongitudeDegrees>-5.8679500</LongitudeDegrees>
          </Position>
          <AltitudeMeters>827.4</AltitudeMeters>
          <DistanceMeters>30837.8</DistanceMeters>
        </Trackpoint>
        <Trackpoint>
          <Time>2027-05-09T09:03:33Z</Time>
          <Position>
            <LatitudeDegrees>42.4645600</LatitudeDegrees>
            <LongitudeDegrees>-5.8685800</LongitudeDegrees>
          </Position>
          <AltitudeMeters>827.7</AltitudeMeters>
          <DistanceMeters>30890.0</DistanceMeters>
        </Trackpoint>
        <Trackpoint>
          <Time>2027-05-09T09:03:46Z</Time>
          <Position>
            <LatitudeDegrees>42.4644800</LatitudeDegrees>
            <LongitudeDegrees>-5.8692200</LongitudeDegrees>
          </Position>
          <AltitudeMeters>827.7</AltitudeMeters>
          <DistanceMeters>30943.3</DistanceMeters>
        </Trackpoint>
        <Trackpoint>
          <Time>2027-05-09T09:03:58Z</Time>
          <Position>
            <LatitudeDegrees>42.4644000</LatitudeDegrees>
            <LongitudeDegrees>-5.8698500</LongitudeDegrees>
          </Position>
          <AltitudeMeters>827.4</AltitudeMeters>
          <DistanceMeters>30995.7</DistanceMeters>
        </Trackpoint>
        <Trackpoint>
          <Time>2027-05-09T09:04:11Z</Time>
          <Position>
            <LatitudeDegrees>42.4643200</LatitudeDegrees>
            <LongitudeDegrees>-5.8704900</LongitudeDegrees>
          </Position>
          <AltitudeMeters>827.1</AltitudeMeters>
          <DistanceMeters>31048.9</DistanceMeters>
        </Trackpoint>
        <Trackpoint>
          <Time>2027-05-09T09:04:24Z</Time>
          <Position>
            <LatitudeDegrees>42.4642500</LatitudeDegrees>
            <LongitudeDegrees>-5.8711200</LongitudeDegrees>
          </Position>
          <AltitudeMeters>826.6</AltitudeMeters>
          <DistanceMeters>31101.2</DistanceMeters>
        </Trackpoint>
        <Trackpoint>
          <Time>2027-05-09T09:04:37Z</Time>
          <Position>
            <LatitudeDegrees>42.4641700</LatitudeDegrees>
            <LongitudeDegrees>-5.8717600</LongitudeDegrees>
          </Position>
          <AltitudeMeters>825.9</AltitudeMeters>
          <DistanceMeters>31154.5</DistanceMeters>
        </Trackpoint>
        <Trackpoint>
          <Time>2027-05-09T09:04:49Z</Time>
          <Position>
            <LatitudeDegrees>42.4640900</LatitudeDegrees>
            <LongitudeDegrees>-5.8723900</LongitudeDegrees>
          </Position>
          <AltitudeMeters>825.1</AltitudeMeters>
          <DistanceMeters>31206.9</DistanceMeters>
        </Trackpoint>
        <Trackpoint>
          <Time>2027-05-09T09:04:53Z</Time>
          <Position>
            <LatitudeDegrees>42.4640300</LatitudeDegrees>
            <LongitudeDegrees>-5.8725500</LongitudeDegrees>
          </Position>
          <AltitudeMeters>824.5</AltitudeMeters>
          <DistanceMeters>31221.6</DistanceMeters>
        </Trackpoint>
        <Trackpoint>
          <Time>2027-05-09T09:05:06Z</Time>
          <Position>
            <LatitudeDegrees>42.4639700</LatitudeDegrees>
            <LongitudeDegrees>-5.8732100</LongitudeDegrees>
          </Position>
          <AltitudeMeters>824.2</AltitudeMeters>
          <DistanceMeters>31276.2</DistanceMeters>
        </Trackpoint>
        <Trackpoint>
          <Time>2027-05-09T09:05:19Z</Time>
          <Position>
            <LatitudeDegrees>42.4639100</LatitudeDegrees>
            <LongitudeDegrees>-5.8738600</LongitudeDegrees>
          </Position>
          <AltitudeMeters>824.2</AltitudeMeters>
          <DistanceMeters>31329.9</DistanceMeters>
        </Trackpoint>
        <Trackpoint>
          <Time>2027-05-09T09:05:33Z</Time>
          <Position>
            <LatitudeDegrees>42.4639100</LatitudeDegrees>
            <LongitudeDegrees>-5.8745800</LongitudeDegrees>
          </Position>
          <AltitudeMeters>824.2</AltitudeMeters>
          <DistanceMeters>31389.0</DistanceMeters>
        </Trackpoint>
        <Trackpoint>
          <Time>2027-05-09T09:05:47Z</Time>
          <Position>
            <LatitudeDegrees>42.4639100</LatitudeDegrees>
            <LongitudeDegrees>-5.8753000</LongitudeDegrees>
          </Position>
          <AltitudeMeters>824.2</AltitudeMeters>
          <DistanceMeters>31448.0</DistanceMeters>
        </Trackpoint>
        <Trackpoint>
          <Time>2027-05-09T09:06:01Z</Time>
          <Position>
            <LatitudeDegrees>42.4639100</LatitudeDegrees>
            <LongitudeDegrees>-5.8760100</LongitudeDegrees>
          </Position>
          <AltitudeMeters>822.9</AltitudeMeters>
          <DistanceMeters>31506.3</DistanceMeters>
        </Trackpoint>
        <Trackpoint>
          <Time>2027-05-09T09:06:15Z</Time>
          <Position>
            <LatitudeDegrees>42.4639100</LatitudeDegrees>
            <LongitudeDegrees>-5.8767300</LongitudeDegrees>
          </Position>
          <AltitudeMeters>821.6</AltitudeMeters>
          <DistanceMeters>31565.3</DistanceMeters>
        </Trackpoint>
        <Trackpoint>
          <Time>2027-05-09T09:06:29Z</Time>
          <Position>
            <LatitudeDegrees>42.4639100</LatitudeDegrees>
            <LongitudeDegrees>-5.8774500</LongitudeDegrees>
          </Position>
          <AltitudeMeters>820.6</AltitudeMeters>
          <DistanceMeters>31624.4</DistanceMeters>
        </Trackpoint>
        <Trackpoint>
          <Time>2027-05-09T09:06:52Z</Time>
          <Position>
            <LatitudeDegrees>42.4640300</LatitudeDegrees>
            <LongitudeDegrees>-5.8785900</LongitudeDegrees>
          </Position>
          <AltitudeMeters>819.8</AltitudeMeters>
          <DistanceMeters>31718.8</DistanceMeters>
        </Trackpoint>
        <Trackpoint>
          <Time>2027-05-09T09:07:06Z</Time>
          <Position>
            <LatitudeDegrees>42.4640400</LatitudeDegrees>
            <LongitudeDegrees>-5.8793100</LongitudeDegrees>
          </Position>
          <AltitudeMeters>819.1</AltitudeMeters>
          <DistanceMeters>31777.9</DistanceMeters>
        </Trackpoint>
        <Trackpoint>
          <Time>2027-05-09T09:07:20Z</Time>
          <Position>
            <LatitudeDegrees>42.4639300</LatitudeDegrees>
            <LongitudeDegrees>-5.8799900</LongitudeDegrees>
          </Position>
          <AltitudeMeters>819.9</AltitudeMeters>
          <DistanceMeters>31835.0</DistanceMeters>
        </Trackpoint>
        <Trackpoint>
          <Time>2027-05-09T09:07:34Z</Time>
          <Position>
            <LatitudeDegrees>42.4638200</LatitudeDegrees>
            <LongitudeDegrees>-5.8806700</LongitudeDegrees>
          </Position>
          <AltitudeMeters>820.6</AltitudeMeters>
          <DistanceMeters>31892.1</DistanceMeters>
        </Trackpoint>
        <Trackpoint>
          <Time>2027-05-09T09:07:47Z</Time>
          <Position>
            <LatitudeDegrees>42.4637100</LatitudeDegrees>
            <LongitudeDegrees>-5.8813400</LongitudeDegrees>
          </Position>
          <AltitudeMeters>821.0</AltitudeMeters>
          <DistanceMeters>31948.4</DistanceMeters>
        </Trackpoint>
        <Trackpoint>
          <Time>2027-05-09T09:08:01Z</Time>
          <Position>
            <LatitudeDegrees>42.4636000</LatitudeDegrees>
            <LongitudeDegrees>-5.8820200</LongitudeDegrees>
          </Position>
          <AltitudeMeters>821.1</AltitudeMeters>
          <DistanceMeters>32005.5</DistanceMeters>
        </Trackpoint>
        <Trackpoint>
          <Time>2027-05-09T09:08:16Z</Time>
          <Position>
            <LatitudeDegrees>42.4635600</LatitudeDegrees>
            <LongitudeDegrees>-5.8827700</LongitudeDegrees>
          </Position>
          <AltitudeMeters>821.3</AltitudeMeters>
          <DistanceMeters>32067.2</DistanceMeters>
        </Trackpoint>
        <Trackpoint>
          <Time>2027-05-09T09:08:31Z</Time>
          <Position>
            <LatitudeDegrees>42.4635200</LatitudeDegrees>
            <LongitudeDegrees>-5.8835300</LongitudeDegrees>
          </Position>
          <AltitudeMeters>821.5</AltitudeMeters>
          <DistanceMeters>32129.7</DistanceMeters>
        </Trackpoint>
        <Trackpoint>
          <Time>2027-05-09T09:08:45Z</Time>
          <Position>
            <LatitudeDegrees>42.4634800</LatitudeDegrees>
            <LongitudeDegrees>-5.8842800</LongitudeDegrees>
          </Position>
          <AltitudeMeters>821.7</AltitudeMeters>
          <DistanceMeters>32191.4</DistanceMeters>
        </Trackpoint>
        <Trackpoint>
          <Time>2027-05-09T09:09:00Z</Time>
          <Position>
            <LatitudeDegrees>42.4634400</LatitudeDegrees>
            <LongitudeDegrees>-5.8850300</LongitudeDegrees>
          </Position>
          <AltitudeMeters>821.7</AltitudeMeters>
          <DistanceMeters>32253.1</DistanceMeters>
        </Trackpoint>
        <Trackpoint>
          <Time>2027-05-09T09:09:17Z</Time>
          <Position>
            <LatitudeDegrees>42.4633200</LatitudeDegrees>
            <LongitudeDegrees>-5.8858800</LongitudeDegrees>
          </Position>
          <AltitudeMeters>821.6</AltitudeMeters>
          <DistanceMeters>32324.1</DistanceMeters>
        </Trackpoint>
        <Trackpoint>
          <Time>2027-05-09T09:09:36Z</Time>
          <Position>
            <LatitudeDegrees>42.4632800</LatitudeDegrees>
            <LongitudeDegrees>-5.8868200</LongitudeDegrees>
          </Position>
          <AltitudeMeters>820.9</AltitudeMeters>
          <DistanceMeters>32401.3</DistanceMeters>
        </Trackpoint>
        <Trackpoint>
          <Time>2027-05-09T09:09:49Z</Time>
          <Position>
            <LatitudeDegrees>42.4631400</LatitudeDegrees>
            <LongitudeDegrees>-5.8874500</LongitudeDegrees>
          </Position>
          <AltitudeMeters>820.0</AltitudeMeters>
          <DistanceMeters>32455.3</DistanceMeters>
        </Trackpoint>
        <Trackpoint>
          <Time>2027-05-09T09:10:02Z</Time>
          <Position>
            <LatitudeDegrees>42.4630000</LatitudeDegrees>
            <LongitudeDegrees>-5.8880700</LongitudeDegrees>
          </Position>
          <AltitudeMeters>819.1</AltitudeMeters>
          <DistanceMeters>32508.5</DistanceMeters>
        </Trackpoint>
        <Trackpoint>
          <Time>2027-05-09T09:10:25Z</Time>
          <Position>
            <LatitudeDegrees>42.4638100</LatitudeDegrees>
            <LongitudeDegrees>-5.8884800</LongitudeDegrees>
          </Position>
          <AltitudeMeters>818.3</AltitudeMeters>
          <DistanceMeters>32604.6</DistanceMeters>
        </Trackpoint>
        <Trackpoint>
          <Time>2027-05-09T09:10:31Z</Time>
          <Position>
            <LatitudeDegrees>42.4639900</LatitudeDegrees>
            <LongitudeDegrees>-5.8886800</LongitudeDegrees>
          </Position>
          <AltitudeMeters>817.8</AltitudeMeters>
          <DistanceMeters>32630.5</DistanceMeters>
        </Trackpoint>
        <Trackpoint>
          <Time>2027-05-09T09:10:43Z</Time>
          <Position>
            <LatitudeDegrees>42.4642800</LatitudeDegrees>
            <LongitudeDegrees>-5.8891700</LongitudeDegrees>
          </Position>
          <AltitudeMeters>817.9</AltitudeMeters>
          <DistanceMeters>32682.0</DistanceMeters>
        </Trackpoint>
        <Trackpoint>
          <Time>2027-05-09T09:10:55Z</Time>
          <Position>
            <LatitudeDegrees>42.4645600</LatitudeDegrees>
            <LongitudeDegrees>-5.8896600</LongitudeDegrees>
          </Position>
          <AltitudeMeters>817.9</AltitudeMeters>
          <DistanceMeters>32732.9</DistanceMeters>
        </Trackpoint>
        <Trackpoint>
          <Time>2027-05-09T09:11:08Z</Time>
          <Position>
            <LatitudeDegrees>42.4648500</LatitudeDegrees>
            <LongitudeDegrees>-5.8901500</LongitudeDegrees>
          </Position>
          <AltitudeMeters>818.0</AltitudeMeters>
          <DistanceMeters>32784.4</DistanceMeters>
        </Trackpoint>
        <Trackpoint>
          <Time>2027-05-09T09:11:20Z</Time>
          <Position>
            <LatitudeDegrees>42.4651300</LatitudeDegrees>
            <LongitudeDegrees>-5.8906400</LongitudeDegrees>
          </Position>
          <AltitudeMeters>818.0</AltitudeMeters>
          <DistanceMeters>32835.2</DistanceMeters>
        </Trackpoint>
        <Trackpoint>
          <Time>2027-05-09T09:11:32Z</Time>
          <Position>
            <LatitudeDegrees>42.4654200</LatitudeDegrees>
            <LongitudeDegrees>-5.8911300</LongitudeDegrees>
          </Position>
          <AltitudeMeters>818.1</AltitudeMeters>
          <DistanceMeters>32886.8</DistanceMeters>
        </Trackpoint>
        <Trackpoint>
          <Time>2027-05-09T09:11:45Z</Time>
          <Position>
            <LatitudeDegrees>42.4657000</LatitudeDegrees>
            <LongitudeDegrees>-5.8916200</LongitudeDegrees>
          </Position>
          <AltitudeMeters>818.2</AltitudeMeters>
          <DistanceMeters>32937.6</DistanceMeters>
        </Trackpoint>
        <Trackpoint>
          <Time>2027-05-09T09:11:57Z</Time>
          <Position>
            <LatitudeDegrees>42.4659900</LatitudeDegrees>
            <LongitudeDegrees>-5.8921100</LongitudeDegrees>
          </Position>
          <AltitudeMeters>818.9</AltitudeMeters>
          <DistanceMeters>32989.1</DistanceMeters>
        </Trackpoint>
        <Trackpoint>
          <Time>2027-05-09T09:12:09Z</Time>
          <Position>
            <LatitudeDegrees>42.4662700</LatitudeDegrees>
            <LongitudeDegrees>-5.8926000</LongitudeDegrees>
          </Position>
          <AltitudeMeters>819.3</AltitudeMeters>
          <DistanceMeters>33040.0</DistanceMeters>
        </Trackpoint>
        <Trackpoint>
          <Time>2027-05-09T09:12:24Z</Time>
          <Position>
            <LatitudeDegrees>42.4665800</LatitudeDegrees>
            <LongitudeDegrees>-5.8932000</LongitudeDegrees>
          </Position>
          <AltitudeMeters>819.8</AltitudeMeters>
          <DistanceMeters>33100.1</DistanceMeters>
        </Trackpoint>
        <Trackpoint>
          <Time>2027-05-09T09:12:38Z</Time>
          <Position>
            <LatitudeDegrees>42.4668800</LatitudeDegrees>
            <LongitudeDegrees>-5.8938100</LongitudeDegrees>
          </Position>
          <AltitudeMeters>820.1</AltitudeMeters>
          <DistanceMeters>33160.2</DistanceMeters>
        </Trackpoint>
        <Trackpoint>
          <Time>2027-05-09T09:12:52Z</Time>
          <Position>
            <LatitudeDegrees>42.4671900</LatitudeDegrees>
            <LongitudeDegrees>-5.8944100</LongitudeDegrees>
          </Position>
          <AltitudeMeters>820.3</AltitudeMeters>
          <DistanceMeters>33220.3</DistanceMeters>
        </Trackpoint>
        <Trackpoint>
          <Time>2027-05-09T09:12:59Z</Time>
          <Position>
            <LatitudeDegrees>42.4672300</LatitudeDegrees>
            <LongitudeDegrees>-5.8947200</LongitudeDegrees>
          </Position>
          <AltitudeMeters>820.1</AltitudeMeters>
          <DistanceMeters>33246.1</DistanceMeters>
        </Trackpoint>
        <Trackpoint>
          <Time>2027-05-09T09:13:11Z</Time>
          <Position>
            <LatitudeDegrees>42.4671800</LatitudeDegrees>
            <LongitudeDegrees>-5.8953500</LongitudeDegrees>
          </Position>
          <AltitudeMeters>820.0</AltitudeMeters>
          <DistanceMeters>33298.1</DistanceMeters>
        </Trackpoint>
        <Trackpoint>
          <Time>2027-05-09T09:13:23Z</Time>
          <Position>
            <LatitudeDegrees>42.4671200</LatitudeDegrees>
            <LongitudeDegrees>-5.8959700</LongitudeDegrees>
          </Position>
          <AltitudeMeters>819.9</AltitudeMeters>
          <DistanceMeters>33349.4</DistanceMeters>
        </Trackpoint>
        <Trackpoint>
          <Time>2027-05-09T09:13:36Z</Time>
          <Position>
            <LatitudeDegrees>42.4671900</LatitudeDegrees>
            <LongitudeDegrees>-5.8965800</LongitudeDegrees>
          </Position>
          <AltitudeMeters>819.9</AltitudeMeters>
          <DistanceMeters>33400.0</DistanceMeters>
        </Trackpoint>
        <Trackpoint>
          <Time>2027-05-09T09:13:48Z</Time>
          <Position>
            <LatitudeDegrees>42.4672600</LatitudeDegrees>
            <LongitudeDegrees>-5.8971900</LongitudeDegrees>
          </Position>
          <AltitudeMeters>819.9</AltitudeMeters>
          <DistanceMeters>33450.6</DistanceMeters>
        </Trackpoint>
        <Trackpoint>
          <Time>2027-05-09T09:14:00Z</Time>
          <Position>
            <LatitudeDegrees>42.4673400</LatitudeDegrees>
            <LongitudeDegrees>-5.8978000</LongitudeDegrees>
          </Position>
          <AltitudeMeters>819.9</AltitudeMeters>
          <DistanceMeters>33501.5</DistanceMeters>
        </Trackpoint>
        <Trackpoint>
          <Time>2027-05-09T09:14:12Z</Time>
          <Position>
            <LatitudeDegrees>42.4674100</LatitudeDegrees>
            <LongitudeDegrees>-5.8984100</LongitudeDegrees>
          </Position>
          <AltitudeMeters>820.1</AltitudeMeters>
          <DistanceMeters>33552.1</DistanceMeters>
        </Trackpoint>
        <Trackpoint>
          <Time>2027-05-09T09:14:24Z</Time>
          <Position>
            <LatitudeDegrees>42.4674800</LatitudeDegrees>
            <LongitudeDegrees>-5.8990200</LongitudeDegrees>
          </Position>
          <AltitudeMeters>820.3</AltitudeMeters>
          <DistanceMeters>33602.7</DistanceMeters>
        </Trackpoint>
        <Trackpoint>
          <Time>2027-05-09T09:14:36Z</Time>
          <Position>
            <LatitudeDegrees>42.4675500</LatitudeDegrees>
            <LongitudeDegrees>-5.8996300</LongitudeDegrees>
          </Position>
          <AltitudeMeters>820.5</AltitudeMeters>
          <DistanceMeters>33653.4</DistanceMeters>
        </Trackpoint>
        <Trackpoint>
          <Time>2027-05-09T09:14:49Z</Time>
          <Position>
            <LatitudeDegrees>42.4676300</LatitudeDegrees>
            <LongitudeDegrees>-5.9002500</LongitudeDegrees>
          </Position>
          <AltitudeMeters>820.6</AltitudeMeters>
          <DistanceMeters>33705.0</DistanceMeters>
        </Trackpoint>
        <Trackpoint>
          <Time>2027-05-09T09:15:01Z</Time>
          <Position>
            <LatitudeDegrees>42.4677000</LatitudeDegrees>
            <LongitudeDegrees>-5.9008600</LongitudeDegrees>
          </Position>
          <AltitudeMeters>820.5</AltitudeMeters>
          <DistanceMeters>33755.6</DistanceMeters>
        </Trackpoint>
        <Trackpoint>
          <Time>2027-05-09T09:15:13Z</Time>
          <Position>
            <LatitudeDegrees>42.4677700</LatitudeDegrees>
            <LongitudeDegrees>-5.9014700</LongitudeDegrees>
          </Position>
          <AltitudeMeters>820.5</AltitudeMeters>
          <DistanceMeters>33806.3</DistanceMeters>
        </Trackpoint>
        <Trackpoint>
          <Time>2027-05-09T09:15:25Z</Time>
          <Position>
            <LatitudeDegrees>42.4678400</LatitudeDegrees>
            <LongitudeDegrees>-5.9020800</LongitudeDegrees>
          </Position>
          <AltitudeMeters>820.6</AltitudeMeters>
          <DistanceMeters>33856.9</DistanceMeters>
        </Trackpoint>
        <Trackpoint>
          <Time>2027-05-09T09:15:37Z</Time>
          <Position>
            <LatitudeDegrees>42.4679200</LatitudeDegrees>
            <LongitudeDegrees>-5.9026900</LongitudeDegrees>
          </Position>
          <AltitudeMeters>821.0</AltitudeMeters>
          <DistanceMeters>33907.7</DistanceMeters>
        </Trackpoint>
        <Trackpoint>
          <Time>2027-05-09T09:15:50Z</Time>
          <Position>
            <LatitudeDegrees>42.4679900</LatitudeDegrees>
            <LongitudeDegrees>-5.9033000</LongitudeDegrees>
          </Position>
          <AltitudeMeters>821.8</AltitudeMeters>
          <DistanceMeters>33958.4</DistanceMeters>
        </Trackpoint>
        <Trackpoint>
          <Time>2027-05-09T09:16:02Z</Time>
          <Position>
            <LatitudeDegrees>42.4680600</LatitudeDegrees>
            <LongitudeDegrees>-5.9039100</LongitudeDegrees>
          </Position>
          <AltitudeMeters>822.7</AltitudeMeters>
          <DistanceMeters>34009.0</DistanceMeters>
        </Trackpoint>
        <Trackpoint>
          <Time>2027-05-09T09:16:14Z</Time>
          <Position>
            <LatitudeDegrees>42.4681100</LatitudeDegrees>
            <LongitudeDegrees>-5.9045500</LongitudeDegrees>
          </Position>
          <AltitudeMeters>823.3</AltitudeMeters>
          <DistanceMeters>34061.8</DistanceMeters>
        </Trackpoint>
        <Trackpoint>
          <Time>2027-05-09T09:16:27Z</Time>
          <Position>
            <LatitudeDegrees>42.4681600</LatitudeDegrees>
            <LongitudeDegrees>-5.9052000</LongitudeDegrees>
          </Position>
          <AltitudeMeters>823.6</AltitudeMeters>
          <DistanceMeters>34115.4</DistanceMeters>
        </Trackpoint>
        <Trackpoint>
          <Time>2027-05-09T09:16:40Z</Time>
          <Position>
            <LatitudeDegrees>42.4682100</LatitudeDegrees>
            <LongitudeDegrees>-5.9058400</LongitudeDegrees>
          </Position>
          <AltitudeMeters>823.7</AltitudeMeters>
          <DistanceMeters>34168.2</DistanceMeters>
        </Trackpoint>
        <Trackpoint>
          <Time>2027-05-09T09:16:53Z</Time>
          <Position>
            <LatitudeDegrees>42.4682600</LatitudeDegrees>
            <LongitudeDegrees>-5.9064800</LongitudeDegrees>
          </Position>
          <AltitudeMeters>823.5</AltitudeMeters>
          <DistanceMeters>34221.0</DistanceMeters>
        </Trackpoint>
        <Trackpoint>
          <Time>2027-05-09T09:17:05Z</Time>
          <Position>
            <LatitudeDegrees>42.4683100</LatitudeDegrees>
            <LongitudeDegrees>-5.9071200</LongitudeDegrees>
          </Position>
          <AltitudeMeters>823.4</AltitudeMeters>
          <DistanceMeters>34273.8</DistanceMeters>
        </Trackpoint>
        <Trackpoint>
          <Time>2027-05-09T09:17:18Z</Time>
          <Position>
            <LatitudeDegrees>42.4683600</LatitudeDegrees>
            <LongitudeDegrees>-5.9077700</LongitudeDegrees>
          </Position>
          <AltitudeMeters>823.9</AltitudeMeters>
          <DistanceMeters>34327.4</DistanceMeters>
        </Trackpoint>
        <Trackpoint>
          <Time>2027-05-09T09:17:31Z</Time>
          <Position>
            <LatitudeDegrees>42.4684100</LatitudeDegrees>
            <LongitudeDegrees>-5.9084100</LongitudeDegrees>
          </Position>
          <AltitudeMeters>824.8</AltitudeMeters>
          <DistanceMeters>34380.1</DistanceMeters>
        </Trackpoint>
        <Trackpoint>
          <Time>2027-05-09T09:17:45Z</Time>
          <Position>
            <LatitudeDegrees>42.4685900</LatitudeDegrees>
            <LongitudeDegrees>-5.9091100</LongitudeDegrees>
          </Position>
          <AltitudeMeters>825.7</AltitudeMeters>
          <DistanceMeters>34441.0</DistanceMeters>
        </Trackpoint>
        <Trackpoint>
          <Time>2027-05-09T09:18:00Z</Time>
          <Position>
            <LatitudeDegrees>42.4687700</LatitudeDegrees>
            <LongitudeDegrees>-5.9098000</LongitudeDegrees>
          </Position>
          <AltitudeMeters>826.6</AltitudeMeters>
          <DistanceMeters>34501.0</DistanceMeters>
        </Trackpoint>
        <Trackpoint>
          <Time>2027-05-09T09:18:10Z</Time>
          <Position>
            <LatitudeDegrees>42.4689600</LatitudeDegrees>
            <LongitudeDegrees>-5.9102300</LongitudeDegrees>
          </Position>
          <AltitudeMeters>827.4</AltitudeMeters>
          <DistanceMeters>34542.1</DistanceMeters>
        </Trackpoint>
        <Trackpoint>
          <Time>2027-05-09T09:18:19Z</Time>
          <Position>
            <LatitudeDegrees>42.4692700</LatitudeDegrees>
            <LongitudeDegrees>-5.9104600</LongitudeDegrees>
          </Position>
          <AltitudeMeters>827.9</AltitudeMeters>
          <DistanceMeters>34581.4</DistanceMeters>
        </Trackpoint>
        <Trackpoint>
          <Time>2027-05-09T09:18:30Z</Time>
          <Position>
            <LatitudeDegrees>42.4696600</LatitudeDegrees>
            <LongitudeDegrees>-5.9105300</LongitudeDegrees>
          </Position>
          <AltitudeMeters>828.1</AltitudeMeters>
          <DistanceMeters>34625.1</DistanceMeters>
        </Trackpoint>
        <Trackpoint>
          <Time>2027-05-09T09:18:37Z</Time>
          <Position>
            <LatitudeDegrees>42.4698600</LatitudeDegrees>
            <LongitudeDegrees>-5.9107700</LongitudeDegrees>
          </Position>
          <AltitudeMeters>828.1</AltitudeMeters>
          <DistanceMeters>34654.8</DistanceMeters>
        </Trackpoint>
        <Trackpoint>
          <Time>2027-05-09T09:18:43Z</Time>
          <Position>
            <LatitudeDegrees>42.4699300</LatitudeDegrees>
            <LongitudeDegrees>-5.9110700</LongitudeDegrees>
          </Position>
          <AltitudeMeters>828.2</AltitudeMeters>
          <DistanceMeters>34680.6</DistanceMeters>
        </Trackpoint>
        <Trackpoint>
          <Time>2027-05-09T09:18:48Z</Time>
          <Position>
            <LatitudeDegrees>42.4700400</LatitudeDegrees>
            <LongitudeDegrees>-5.9112600</LongitudeDegrees>
          </Position>
          <AltitudeMeters>828.3</AltitudeMeters>
          <DistanceMeters>34700.5</DistanceMeters>
        </Trackpoint>
        <Trackpoint>
          <Time>2027-05-09T09:18:54Z</Time>
          <Position>
            <LatitudeDegrees>42.4702200</LatitudeDegrees>
            <LongitudeDegrees>-5.9114800</LongitudeDegrees>
          </Position>
          <AltitudeMeters>828.3</AltitudeMeters>
          <DistanceMeters>34727.4</DistanceMeters>
        </Trackpoint>
        <Trackpoint>
          <Time>2027-05-09T09:18:59Z</Time>
          <Position>
            <LatitudeDegrees>42.4703900</LatitudeDegrees>
            <LongitudeDegrees>-5.9115800</LongitudeDegrees>
          </Position>
          <AltitudeMeters>828.4</AltitudeMeters>
          <DistanceMeters>34748.0</DistanceMeters>
        </Trackpoint>
        <Trackpoint>
          <Time>2027-05-09T09:19:13Z</Time>
          <Position>
            <LatitudeDegrees>42.4701800</LatitudeDegrees>
            <LongitudeDegrees>-5.9122100</LongitudeDegrees>
          </Position>
          <AltitudeMeters>828.7</AltitudeMeters>
          <DistanceMeters>34804.7</DistanceMeters>
        </Trackpoint>
        <Trackpoint>
          <Time>2027-05-09T09:19:28Z</Time>
          <Position>
            <LatitudeDegrees>42.4705100</LatitudeDegrees>
            <LongitudeDegrees>-5.9128200</LongitudeDegrees>
          </Position>
          <AltitudeMeters>829.1</AltitudeMeters>
          <DistanceMeters>34866.8</DistanceMeters>
        </Trackpoint>
        <Trackpoint>
          <Time>2027-05-09T09:19:42Z</Time>
          <Position>
            <LatitudeDegrees>42.4708400</LatitudeDegrees>
            <LongitudeDegrees>-5.9134200</LongitudeDegrees>
          </Position>
          <AltitudeMeters>829.4</AltitudeMeters>
          <DistanceMeters>34928.1</DistanceMeters>
        </Trackpoint>
        <Trackpoint>
          <Time>2027-05-09T09:19:53Z</Time>
          <Position>
            <LatitudeDegrees>42.4706100</LatitudeDegrees>
            <LongitudeDegrees>-5.9138800</LongitudeDegrees>
          </Position>
          <AltitudeMeters>830.4</AltitudeMeters>
          <DistanceMeters>34973.7</DistanceMeters>
        </Trackpoint>
        <Trackpoint>
          <Time>2027-05-09T09:20:01Z</Time>
          <Position>
            <LatitudeDegrees>42.4705400</LatitudeDegrees>
            <LongitudeDegrees>-5.9142400</LongitudeDegrees>
          </Position>
          <AltitudeMeters>831.3</AltitudeMeters>
          <DistanceMeters>35004.3</DistanceMeters>
        </Trackpoint>
        <Trackpoint>
          <Time>2027-05-09T09:20:19Z</Time>
          <Position>
            <LatitudeDegrees>42.4708100</LatitudeDegrees>
            <LongitudeDegrees>-5.9151100</LongitudeDegrees>
          </Position>
          <AltitudeMeters>832.2</AltitudeMeters>
          <DistanceMeters>35081.7</DistanceMeters>
        </Trackpoint>
        <Trackpoint>
          <Time>2027-05-09T09:20:21Z</Time>
          <Position>
            <LatitudeDegrees>42.4707500</LatitudeDegrees>
            <LongitudeDegrees>-5.9152000</LongitudeDegrees>
          </Position>
          <AltitudeMeters>833.5</AltitudeMeters>
          <DistanceMeters>35091.6</DistanceMeters>
        </Trackpoint>
        <Trackpoint>
          <Time>2027-05-09T09:20:30Z</Time>
          <Position>
            <LatitudeDegrees>42.4704300</LatitudeDegrees>
            <LongitudeDegrees>-5.9153400</LongitudeDegrees>
          </Position>
          <AltitudeMeters>834.6</AltitudeMeters>
          <DistanceMeters>35129.0</DistanceMeters>
        </Trackpoint>
        <Trackpoint>
          <Time>2027-05-09T09:20:48Z</Time>
          <Position>
            <LatitudeDegrees>42.4700400</LatitudeDegrees>
            <LongitudeDegrees>-5.9160300</LongitudeDegrees>
          </Position>
          <AltitudeMeters>835.5</AltitudeMeters>
          <DistanceMeters>35200.3</DistanceMeters>
        </Trackpoint>
        <Trackpoint>
          <Time>2027-05-09T09:20:57Z</Time>
          <Position>
            <LatitudeDegrees>42.4697100</LatitudeDegrees>
            <LongitudeDegrees>-5.9162100</LongitudeDegrees>
          </Position>
          <AltitudeMeters>836.6</AltitudeMeters>
          <DistanceMeters>35239.9</DistanceMeters>
        </Trackpoint>
        <Trackpoint>
          <Time>2027-05-09T09:21:12Z</Time>
          <Position>
            <LatitudeDegrees>42.4692800</LatitudeDegrees>
            <LongitudeDegrees>-5.9167200</LongitudeDegrees>
          </Position>
          <AltitudeMeters>837.9</AltitudeMeters>
          <DistanceMeters>35303.4</DistanceMeters>
        </Trackpoint>
        <Trackpoint>
          <Time>2027-05-09T09:21:28Z</Time>
          <Position>
            <LatitudeDegrees>42.4688000</LatitudeDegrees>
            <LongitudeDegrees>-5.9172000</LongitudeDegrees>
          </Position>
          <AltitudeMeters>838.9</AltitudeMeters>
          <DistanceMeters>35369.7</DistanceMeters>
        </Trackpoint>
        <Trackpoint>
          <Time>2027-05-09T09:21:44Z</Time>
          <Position>
            <LatitudeDegrees>42.4683200</LatitudeDegrees>
            <LongitudeDegrees>-5.9176700</LongitudeDegrees>
          </Position>
          <AltitudeMeters>841.1</AltitudeMeters>
          <DistanceMeters>35435.6</DistanceMeters>
        </Trackpoint>
        <Trackpoint>
          <Time>2027-05-09T09:21:51Z</Time>
          <Position>
            <LatitudeDegrees>42.4681200</LatitudeDegrees>
            <LongitudeDegrees>-5.9179200</LongitudeDegrees>
          </Position>
          <AltitudeMeters>843.0</AltitudeMeters>
          <DistanceMeters>35465.8</DistanceMeters>
        </Trackpoint>
        <Trackpoint>
          <Time>2027-05-09T09:22:10Z</Time>
          <Position>
            <LatitudeDegrees>42.4677000</LatitudeDegrees>
            <LongitudeDegrees>-5.9186600</LongitudeDegrees>
          </Position>
          <AltitudeMeters>844.3</AltitudeMeters>
          <DistanceMeters>35542.4</DistanceMeters>
        </Trackpoint>
        <Trackpoint>
          <Time>2027-05-09T09:22:14Z</Time>
          <Position>
            <LatitudeDegrees>42.4675600</LatitudeDegrees>
            <LongitudeDegrees>-5.9187700</LongitudeDegrees>
          </Position>
          <AltitudeMeters>845.6</AltitudeMeters>
          <DistanceMeters>35560.4</DistanceMeters>
        </Trackpoint>
        <Trackpoint>
          <Time>2027-05-09T09:22:20Z</Time>
          <Position>
            <LatitudeDegrees>42.4673300</LatitudeDegrees>
            <LongitudeDegrees>-5.9187700</LongitudeDegrees>
          </Position>
          <AltitudeMeters>847.2</AltitudeMeters>
          <DistanceMeters>35586.0</DistanceMeters>
        </Trackpoint>
        <Trackpoint>
          <Time>2027-05-09T09:22:42Z</Time>
          <Position>
            <LatitudeDegrees>42.4666200</LatitudeDegrees>
            <LongitudeDegrees>-5.9192800</LongitudeDegrees>
          </Position>
          <AltitudeMeters>849.0</AltitudeMeters>
          <DistanceMeters>35675.3</DistanceMeters>
        </Trackpoint>
        <Trackpoint>
          <Time>2027-05-09T09:22:53Z</Time>
          <Position>
            <LatitudeDegrees>42.4663500</LatitudeDegrees>
            <LongitudeDegrees>-5.9197500</LongitudeDegrees>
          </Position>
          <AltitudeMeters>851.0</AltitudeMeters>
          <DistanceMeters>35724.2</DistanceMeters>
        </Trackpoint>
        <Trackpoint>
          <Time>2027-05-09T09:23:16Z</Time>
          <Position>
            <LatitudeDegrees>42.4659300</LatitudeDegrees>
            <LongitudeDegrees>-5.9207400</LongitudeDegrees>
          </Position>
          <AltitudeMeters>853.6</AltitudeMeters>
          <DistanceMeters>35817.9</DistanceMeters>
        </Trackpoint>
        <Trackpoint>
          <Time>2027-05-09T09:23:28Z</Time>
          <Position>
            <LatitudeDegrees>42.4655900</LatitudeDegrees>
            <LongitudeDegrees>-5.9211900</LongitudeDegrees>
          </Position>
          <AltitudeMeters>856.6</AltitudeMeters>
          <DistanceMeters>35870.7</DistanceMeters>
        </Trackpoint>
        <Trackpoint>
          <Time>2027-05-09T09:23:41Z</Time>
          <Position>
            <LatitudeDegrees>42.4652400</LatitudeDegrees>
            <LongitudeDegrees>-5.9216400</LongitudeDegrees>
          </Position>
          <AltitudeMeters>860.6</AltitudeMeters>
          <DistanceMeters>35924.3</DistanceMeters>
        </Trackpoint>
        <Trackpoint>
          <Time>2027-05-09T09:23:55Z</Time>
          <Position>
            <LatitudeDegrees>42.4648300</LatitudeDegrees>
            <LongitudeDegrees>-5.9220500</LongitudeDegrees>
          </Position>
          <AltitudeMeters>863.8</AltitudeMeters>
          <DistanceMeters>35981.0</DistanceMeters>
        </Trackpoint>
        <Trackpoint>
          <Time>2027-05-09T09:24:18Z</Time>
          <Position>
            <LatitudeDegrees>42.4645800</LatitudeDegrees>
            <LongitudeDegrees>-5.9231600</LongitudeDegrees>
          </Position>
          <AltitudeMeters>865.9</AltitudeMeters>
          <DistanceMeters>36076.2</DistanceMeters>
        </Trackpoint>
        <Trackpoint>
          <Time>2027-05-09T09:24:36Z</Time>
          <Position>
            <LatitudeDegrees>42.4645100</LatitudeDegrees>
            <LongitudeDegrees>-5.9240900</LongitudeDegrees>
          </Position>
          <AltitudeMeters>866.7</AltitudeMeters>
          <DistanceMeters>36152.9</DistanceMeters>
        </Trackpoint>
        <Trackpoint>
          <Time>2027-05-09T09:24:52Z</Time>
          <Position>
            <LatitudeDegrees>42.4642600</LatitudeDegrees>
            <LongitudeDegrees>-5.9248400</LongitudeDegrees>
          </Position>
          <AltitudeMeters>865.8</AltitudeMeters>
          <DistanceMeters>36220.4</DistanceMeters>
        </Trackpoint>
        <Trackpoint>
          <Time>2027-05-09T09:25:08Z</Time>
          <Position>
            <LatitudeDegrees>42.4640100</LatitudeDegrees>
            <LongitudeDegrees>-5.9255800</LongitudeDegrees>
          </Position>
          <AltitudeMeters>862.7</AltitudeMeters>
          <DistanceMeters>36287.1</DistanceMeters>
        </Trackpoint>
        <Trackpoint>
          <Time>2027-05-09T09:25:25Z</Time>
          <Position>
            <LatitudeDegrees>42.4636800</LatitudeDegrees>
            <LongitudeDegrees>-5.9263100</LongitudeDegrees>
          </Position>
          <AltitudeMeters>858.5</AltitudeMeters>
          <DistanceMeters>36357.4</DistanceMeters>
        </Trackpoint>
        <Trackpoint>
          <Time>2027-05-09T09:25:42Z</Time>
          <Position>
            <LatitudeDegrees>42.4633400</LatitudeDegrees>
            <LongitudeDegrees>-5.9270300</LongitudeDegrees>
          </Position>
          <AltitudeMeters>854.6</AltitudeMeters>
          <DistanceMeters>36427.5</DistanceMeters>
        </Trackpoint>
        <Trackpoint>
          <Time>2027-05-09T09:25:54Z</Time>
          <Position>
            <LatitudeDegrees>42.4630700</LatitudeDegrees>
            <LongitudeDegrees>-5.9275400</LongitudeDegrees>
          </Position>
          <AltitudeMeters>851.5</AltitudeMeters>
          <DistanceMeters>36479.0</DistanceMeters>
        </Trackpoint>
        <Trackpoint>
          <Time>2027-05-09T09:26:07Z</Time>
          <Position>
            <LatitudeDegrees>42.4627900</LatitudeDegrees>
            <LongitudeDegrees>-5.9280600</LongitudeDegrees>
          </Position>
          <AltitudeMeters>849.4</AltitudeMeters>
          <DistanceMeters>36531.8</DistanceMeters>
        </Trackpoint>
        <Trackpoint>
          <Time>2027-05-09T09:26:19Z</Time>
          <Position>
            <LatitudeDegrees>42.4625200</LatitudeDegrees>
            <LongitudeDegrees>-5.9285700</LongitudeDegrees>
          </Position>
          <AltitudeMeters>847.9</AltitudeMeters>
          <DistanceMeters>36583.3</DistanceMeters>
        </Trackpoint>
        <Trackpoint>
          <Time>2027-05-09T09:26:27Z</Time>
          <Position>
            <LatitudeDegrees>42.4622500</LatitudeDegrees>
            <LongitudeDegrees>-5.9287100</LongitudeDegrees>
          </Position>
          <AltitudeMeters>846.8</AltitudeMeters>
          <DistanceMeters>36615.4</DistanceMeters>
        </Trackpoint>
        <Trackpoint>
          <Time>2027-05-09T09:26:39Z</Time>
          <Position>
            <LatitudeDegrees>42.4618100</LatitudeDegrees>
            <LongitudeDegrees>-5.9287600</LongitudeDegrees>
          </Position>
          <AltitudeMeters>846.0</AltitudeMeters>
          <DistanceMeters>36664.5</DistanceMeters>
        </Trackpoint>
        <Trackpoint>
          <Time>2027-05-09T09:26:55Z</Time>
          <Position>
            <LatitudeDegrees>42.4612200</LatitudeDegrees>
            <LongitudeDegrees>-5.9289300</LongitudeDegrees>
          </Position>
          <AltitudeMeters>845.8</AltitudeMeters>
          <DistanceMeters>36731.6</DistanceMeters>
        </Trackpoint>
        <Trackpoint>
          <Time>2027-05-09T09:27:11Z</Time>
          <Position>
            <LatitudeDegrees>42.4606300</LatitudeDegrees>
            <LongitudeDegrees>-5.9290900</LongitudeDegrees>
          </Position>
          <AltitudeMeters>846.1</AltitudeMeters>
          <DistanceMeters>36798.5</DistanceMeters>
        </Trackpoint>
        <Trackpoint>
          <Time>2027-05-09T09:27:22Z</Time>
          <Position>
            <LatitudeDegrees>42.4603500</LatitudeDegrees>
            <LongitudeDegrees>-5.9295100</LongitudeDegrees>
          </Position>
          <AltitudeMeters>846.6</AltitudeMeters>
          <DistanceMeters>36844.9</DistanceMeters>
        </Trackpoint>
        <Trackpoint>
          <Time>2027-05-09T09:27:45Z</Time>
          <Position>
            <LatitudeDegrees>42.4596500</LatitudeDegrees>
            <LongitudeDegrees>-5.9301300</LongitudeDegrees>
          </Position>
          <AltitudeMeters>847.2</AltitudeMeters>
          <DistanceMeters>36937.9</DistanceMeters>
        </Trackpoint>
        <Trackpoint>
          <Time>2027-05-09T09:27:52Z</Time>
          <Position>
            <LatitudeDegrees>42.4593700</LatitudeDegrees>
            <LongitudeDegrees>-5.9302100</LongitudeDegrees>
          </Position>
          <AltitudeMeters>847.9</AltitudeMeters>
          <DistanceMeters>36969.7</DistanceMeters>
        </Trackpoint>
        <Trackpoint>
          <Time>2027-05-09T09:28:07Z</Time>
          <Position>
            <LatitudeDegrees>42.4588100</LatitudeDegrees>
            <LongitudeDegrees>-5.9301800</LongitudeDegrees>
          </Position>
          <AltitudeMeters>849.1</AltitudeMeters>
          <DistanceMeters>37032.1</DistanceMeters>
        </Trackpoint>
        <Trackpoint>
          <Time>2027-05-09T09:28:09Z</Time>
          <Position>
            <LatitudeDegrees>42.4587600</LatitudeDegrees>
            <LongitudeDegrees>-5.9302600</LongitudeDegrees>
          </Position>
          <AltitudeMeters>850.3</AltitudeMeters>
          <DistanceMeters>37040.7</DistanceMeters>
        </Trackpoint>
        <Trackpoint>
          <Time>2027-05-09T09:28:31Z</Time>
          <Position>
            <LatitudeDegrees>42.4587500</LatitudeDegrees>
            <LongitudeDegrees>-5.9313500</LongitudeDegrees>
          </Position>
          <AltitudeMeters>852.0</AltitudeMeters>
          <DistanceMeters>37130.1</DistanceMeters>
        </Trackpoint>
        <Trackpoint>
          <Time>2027-05-09T09:28:46Z</Time>
          <Position>
            <LatitudeDegrees>42.4590000</LatitudeDegrees>
            <LongitudeDegrees>-5.9320700</LongitudeDegrees>
          </Position>
          <AltitudeMeters>854.4</AltitudeMeters>
          <DistanceMeters>37195.4</DistanceMeters>
        </Trackpoint>
        <Trackpoint>
          <Time>2027-05-09T09:29:04Z</Time>
          <Position>
            <LatitudeDegrees>42.4594200</LatitudeDegrees>
            <LongitudeDegrees>-5.9327700</LongitudeDegrees>
          </Position>
          <AltitudeMeters>857.0</AltitudeMeters>
          <DistanceMeters>37269.4</DistanceMeters>
        </Trackpoint>
        <Trackpoint>
          <Time>2027-05-09T09:29:22Z</Time>
          <Position>
            <LatitudeDegrees>42.4598400</LatitudeDegrees>
            <LongitudeDegrees>-5.9334600</LongitudeDegrees>
          </Position>
          <AltitudeMeters>859.1</AltitudeMeters>
          <DistanceMeters>37342.8</DistanceMeters>
        </Trackpoint>
        <Trackpoint>
          <Time>2027-05-09T09:29:34Z</Time>
          <Position>
            <LatitudeDegrees>42.4600600</LatitudeDegrees>
            <LongitudeDegrees>-5.9340300</LongitudeDegrees>
          </Position>
          <AltitudeMeters>861.1</AltitudeMeters>
          <DistanceMeters>37395.5</DistanceMeters>
        </Trackpoint>
        <Trackpoint>
          <Time>2027-05-09T09:29:47Z</Time>
          <Position>
            <LatitudeDegrees>42.4602700</LatitudeDegrees>
            <LongitudeDegrees>-5.9345900</LongitudeDegrees>
          </Position>
          <AltitudeMeters>862.8</AltitudeMeters>
          <DistanceMeters>37447.1</DistanceMeters>
        </Trackpoint>
        <Trackpoint>
          <Time>2027-05-09T09:30:05Z</Time>
          <Position>
            <LatitudeDegrees>42.4607900</LatitudeDegrees>
            <LongitudeDegrees>-5.9352200</LongitudeDegrees>
          </Position>
          <AltitudeMeters>864.3</AltitudeMeters>
          <DistanceMeters>37524.6</DistanceMeters>
        </Trackpoint>
        <Trackpoint>
          <Time>2027-05-09T09:30:19Z</Time>
          <Position>
            <LatitudeDegrees>42.4611100</LatitudeDegrees>
            <LongitudeDegrees>-5.9357500</LongitudeDegrees>
          </Position>
          <AltitudeMeters>865.8</AltitudeMeters>
          <DistanceMeters>37580.8</DistanceMeters>
        </Trackpoint>
        <Trackpoint>
          <Time>2027-05-09T09:30:32Z</Time>
          <Position>
            <LatitudeDegrees>42.4614200</LatitudeDegrees>
            <LongitudeDegrees>-5.9362700</LongitudeDegrees>
          </Position>
          <AltitudeMeters>867.6</AltitudeMeters>
          <DistanceMeters>37635.7</DistanceMeters>
        </Trackpoint>
        <Trackpoint>
          <Time>2027-05-09T09:30:50Z</Time>
          <Position>
            <LatitudeDegrees>42.4617700</LatitudeDegrees>
            <LongitudeDegrees>-5.9370500</LongitudeDegrees>
          </Position>
          <AltitudeMeters>869.5</AltitudeMeters>
          <DistanceMeters>37710.5</DistanceMeters>
        </Trackpoint>
        <Trackpoint>
          <Time>2027-05-09T09:31:08Z</Time>
          <Position>
            <LatitudeDegrees>42.4621100</LatitudeDegrees>
            <LongitudeDegrees>-5.9378300</LongitudeDegrees>
          </Position>
          <AltitudeMeters>871.3</AltitudeMeters>
          <DistanceMeters>37784.9</DistanceMeters>
        </Trackpoint>
        <Trackpoint>
          <Time>2027-05-09T09:31:21Z</Time>
          <Position>
            <LatitudeDegrees>42.4624600</LatitudeDegrees>
            <LongitudeDegrees>-5.9382900</LongitudeDegrees>
          </Position>
          <AltitudeMeters>873.0</AltitudeMeters>
          <DistanceMeters>37839.1</DistanceMeters>
        </Trackpoint>
        <Trackpoint>
          <Time>2027-05-09T09:31:34Z</Time>
          <Position>
            <LatitudeDegrees>42.4628100</LatitudeDegrees>
            <LongitudeDegrees>-5.9387400</LongitudeDegrees>
          </Position>
          <AltitudeMeters>874.5</AltitudeMeters>
          <DistanceMeters>37892.7</DistanceMeters>
        </Trackpoint>
        <Trackpoint>
          <Time>2027-05-09T09:31:47Z</Time>
          <Position>
            <LatitudeDegrees>42.4632100</LatitudeDegrees>
            <LongitudeDegrees>-5.9391200</LongitudeDegrees>
          </Position>
          <AltitudeMeters>875.9</AltitudeMeters>
          <DistanceMeters>37947.0</DistanceMeters>
        </Trackpoint>
        <Trackpoint>
          <Time>2027-05-09T09:32:00Z</Time>
          <Position>
            <LatitudeDegrees>42.4636100</LatitudeDegrees>
            <LongitudeDegrees>-5.9394900</LongitudeDegrees>
          </Position>
          <AltitudeMeters>877.6</AltitudeMeters>
          <DistanceMeters>38000.9</DistanceMeters>
        </Trackpoint>
        <Trackpoint>
          <Time>2027-05-09T09:32:15Z</Time>
          <Position>
            <LatitudeDegrees>42.4640000</LatitudeDegrees>
            <LongitudeDegrees>-5.9400700</LongitudeDegrees>
          </Position>
          <AltitudeMeters>879.5</AltitudeMeters>
          <DistanceMeters>38065.2</DistanceMeters>
        </Trackpoint>
        <Trackpoint>
          <Time>2027-05-09T09:32:36Z</Time>
          <Position>
            <LatitudeDegrees>42.4644100</LatitudeDegrees>
            <LongitudeDegrees>-5.9409900</LongitudeDegrees>
          </Position>
          <AltitudeMeters>881.6</AltitudeMeters>
          <DistanceMeters>38153.4</DistanceMeters>
        </Trackpoint>
        <Trackpoint>
          <Time>2027-05-09T09:32:49Z</Time>
          <Position>
            <LatitudeDegrees>42.4645000</LatitudeDegrees>
            <LongitudeDegrees>-5.9416100</LongitudeDegrees>
          </Position>
          <AltitudeMeters>883.7</AltitudeMeters>
          <DistanceMeters>38205.2</DistanceMeters>
        </Trackpoint>
        <Trackpoint>
          <Time>2027-05-09T09:33:01Z</Time>
          <Position>
            <LatitudeDegrees>42.4647800</LatitudeDegrees>
            <LongitudeDegrees>-5.9420800</LongitudeDegrees>
          </Position>
          <AltitudeMeters>885.7</AltitudeMeters>
          <DistanceMeters>38254.8</DistanceMeters>
        </Trackpoint>
        <Trackpoint>
          <Time>2027-05-09T09:33:13Z</Time>
          <Position>
            <LatitudeDegrees>42.4650700</LatitudeDegrees>
            <LongitudeDegrees>-5.9425600</LongitudeDegrees>
          </Position>
          <AltitudeMeters>886.9</AltitudeMeters>
          <DistanceMeters>38305.7</DistanceMeters>
        </Trackpoint>
        <Trackpoint>
          <Time>2027-05-09T09:33:25Z</Time>
          <Position>
            <LatitudeDegrees>42.4653500</LatitudeDegrees>
            <LongitudeDegrees>-5.9430300</LongitudeDegrees>
          </Position>
          <AltitudeMeters>887.4</AltitudeMeters>
          <DistanceMeters>38355.3</DistanceMeters>
        </Trackpoint>
        <Trackpoint>
          <Time>2027-05-09T09:33:43Z</Time>
          <Position>
            <LatitudeDegrees>42.4656100</LatitudeDegrees>
            <LongitudeDegrees>-5.9438700</LongitudeDegrees>
          </Position>
          <AltitudeMeters>887.5</AltitudeMeters>
          <DistanceMeters>38430.0</DistanceMeters>
        </Trackpoint>
        <Trackpoint>
          <Time>2027-05-09T09:34:01Z</Time>
          <Position>
            <LatitudeDegrees>42.4658700</LatitudeDegrees>
            <LongitudeDegrees>-5.9447100</LongitudeDegrees>
          </Position>
          <AltitudeMeters>886.3</AltitudeMeters>
          <DistanceMeters>38504.7</DistanceMeters>
        </Trackpoint>
        <Trackpoint>
          <Time>2027-05-09T09:34:07Z</Time>
          <Position>
            <LatitudeDegrees>42.4659300</LatitudeDegrees>
            <LongitudeDegrees>-5.9450200</LongitudeDegrees>
          </Position>
          <AltitudeMeters>884.0</AltitudeMeters>
          <DistanceMeters>38531.0</DistanceMeters>
        </Trackpoint>
        <Trackpoint>
          <Time>2027-05-09T09:34:24Z</Time>
          <Position>
            <LatitudeDegrees>42.4659200</LatitudeDegrees>
            <LongitudeDegrees>-5.9459100</LongitudeDegrees>
          </Position>
          <AltitudeMeters>880.9</AltitudeMeters>
          <DistanceMeters>38604.0</DistanceMeters>
        </Trackpoint>
        <Trackpoint>
          <Time>2027-05-09T09:34:39Z</Time>
          <Position>
            <LatitudeDegrees>42.4658200</LatitudeDegrees>
            <LongitudeDegrees>-5.9466300</LongitudeDegrees>
          </Position>
          <AltitudeMeters>877.6</AltitudeMeters>
          <DistanceMeters>38664.1</DistanceMeters>
        </Trackpoint>
        <Trackpoint>
          <Time>2027-05-09T09:34:53Z</Time>
          <Position>
            <LatitudeDegrees>42.4657200</LatitudeDegrees>
            <LongitudeDegrees>-5.9473500</LongitudeDegrees>
          </Position>
          <AltitudeMeters>873.9</AltitudeMeters>
          <DistanceMeters>38724.2</DistanceMeters>
        </Trackpoint>
        <Trackpoint>
          <Time>2027-05-09T09:35:08Z</Time>
          <Position>
            <LatitudeDegrees>42.4656100</LatitudeDegrees>
            <LongitudeDegrees>-5.9480700</LongitudeDegrees>
          </Position>
          <AltitudeMeters>871.0</AltitudeMeters>
          <DistanceMeters>38784.5</DistanceMeters>
        </Trackpoint>
        <Trackpoint>
          <Time>2027-05-09T09:35:22Z</Time>
          <Position>
            <LatitudeDegrees>42.4655100</LatitudeDegrees>
            <LongitudeDegrees>-5.9487900</LongitudeDegrees>
          </Position>
          <AltitudeMeters>868.9</AltitudeMeters>
          <DistanceMeters>38844.6</DistanceMeters>
        </Trackpoint>
        <Trackpoint>
          <Time>2027-05-09T09:35:33Z</Time>
          <Position>
            <LatitudeDegrees>42.4655300</LatitudeDegrees>
            <LongitudeDegrees>-5.9493400</LongitudeDegrees>
          </Position>
          <AltitudeMeters>868.0</AltitudeMeters>
          <DistanceMeters>38889.8</DistanceMeters>
        </Trackpoint>
        <Trackpoint>
          <Time>2027-05-09T09:35:42Z</Time>
          <Position>
            <LatitudeDegrees>42.4654500</LatitudeDegrees>
            <LongitudeDegrees>-5.9497600</LongitudeDegrees>
          </Position>
          <AltitudeMeters>867.8</AltitudeMeters>
          <DistanceMeters>38925.3</DistanceMeters>
        </Trackpoint>
        <Trackpoint>
          <Time>2027-05-09T09:35:58Z</Time>
          <Position>
            <LatitudeDegrees>42.4652000</LatitudeDegrees>
            <LongitudeDegrees>-5.9505100</LongitudeDegrees>
          </Position>
          <AltitudeMeters>868.4</AltitudeMeters>
          <DistanceMeters>38992.9</DistanceMeters>
        </Trackpoint>
        <Trackpoint>
          <Time>2027-05-09T09:36:10Z</Time>
          <Position>
            <LatitudeDegrees>42.4651900</LatitudeDegrees>
            <LongitudeDegrees>-5.9511300</LongitudeDegrees>
          </Position>
          <AltitudeMeters>869.7</AltitudeMeters>
          <DistanceMeters>39043.7</DistanceMeters>
        </Trackpoint>
        <Trackpoint>
          <Time>2027-05-09T09:36:22Z</Time>
          <Position>
            <LatitudeDegrees>42.4651800</LatitudeDegrees>
            <LongitudeDegrees>-5.9517400</LongitudeDegrees>
          </Position>
          <AltitudeMeters>871.5</AltitudeMeters>
          <DistanceMeters>39093.8</DistanceMeters>
        </Trackpoint>
        <Trackpoint>
          <Time>2027-05-09T09:36:34Z</Time>
          <Position>
            <LatitudeDegrees>42.4651600</LatitudeDegrees>
            <LongitudeDegrees>-5.9523600</LongitudeDegrees>
          </Position>
          <AltitudeMeters>873.5</AltitudeMeters>
          <DistanceMeters>39144.7</DistanceMeters>
        </Trackpoint>
        <Trackpoint>
          <Time>2027-05-09T09:36:46Z</Time>
          <Position>
            <LatitudeDegrees>42.4651500</LatitudeDegrees>
            <LongitudeDegrees>-5.9529700</LongitudeDegrees>
          </Position>
          <AltitudeMeters>875.6</AltitudeMeters>
          <DistanceMeters>39194.7</DistanceMeters>
        </Trackpoint>
        <Trackpoint>
          <Time>2027-05-09T09:36:58Z</Time>
          <Position>
            <LatitudeDegrees>42.4651400</LatitudeDegrees>
            <LongitudeDegrees>-5.9535900</LongitudeDegrees>
          </Position>
          <AltitudeMeters>877.8</AltitudeMeters>
          <DistanceMeters>39245.6</DistanceMeters>
        </Trackpoint>
        <Trackpoint>
          <Time>2027-05-09T09:37:13Z</Time>
          <Position>
            <LatitudeDegrees>42.4653300</LatitudeDegrees>
            <LongitudeDegrees>-5.9543100</LongitudeDegrees>
          </Position>
          <AltitudeMeters>879.8</AltitudeMeters>
          <DistanceMeters>39308.3</DistanceMeters>
        </Trackpoint>
        <Trackpoint>
          <Time>2027-05-09T09:37:28Z</Time>
          <Position>
            <LatitudeDegrees>42.4655100</LatitudeDegrees>
            <LongitudeDegrees>-5.9550300</LongitudeDegrees>
          </Position>
          <AltitudeMeters>881.4</AltitudeMeters>
          <DistanceMeters>39370.7</DistanceMeters>
        </Trackpoint>
        <Trackpoint>
          <Time>2027-05-09T09:37:41Z</Time>
          <Position>
            <LatitudeDegrees>42.4656300</LatitudeDegrees>
            <LongitudeDegrees>-5.9556600</LongitudeDegrees>
          </Position>
          <AltitudeMeters>882.8</AltitudeMeters>
          <DistanceMeters>39424.1</DistanceMeters>
        </Trackpoint>
        <Trackpoint>
          <Time>2027-05-09T09:37:54Z</Time>
          <Position>
            <LatitudeDegrees>42.4657500</LatitudeDegrees>
            <LongitudeDegrees>-5.9562900</LongitudeDegrees>
          </Position>
          <AltitudeMeters>884.1</AltitudeMeters>
          <DistanceMeters>39477.4</DistanceMeters>
        </Trackpoint>
        <Trackpoint>
          <Time>2027-05-09T09:38:07Z</Time>
          <Position>
            <LatitudeDegrees>42.4658600</LatitudeDegrees>
            <LongitudeDegrees>-5.9569300</LongitudeDegrees>
          </Position>
          <AltitudeMeters>885.2</AltitudeMeters>
          <DistanceMeters>39531.3</DistanceMeters>
        </Trackpoint>
        <Trackpoint>
          <Time>2027-05-09T09:38:20Z</Time>
          <Position>
            <LatitudeDegrees>42.4659800</LatitudeDegrees>
            <LongitudeDegrees>-5.9575600</LongitudeDegrees>
          </Position>
          <AltitudeMeters>886.2</AltitudeMeters>
          <DistanceMeters>39584.7</DistanceMeters>
        </Trackpoint>
        <Trackpoint>
          <Time>2027-05-09T09:38:33Z</Time>
          <Position>
            <LatitudeDegrees>42.4661000</LatitudeDegrees>
            <LongitudeDegrees>-5.9581900</LongitudeDegrees>
          </Position>
          <AltitudeMeters>887.7</AltitudeMeters>
          <DistanceMeters>39638.1</DistanceMeters>
        </Trackpoint>
        <Trackpoint>
          <Time>2027-05-09T09:38:46Z</Time>
          <Position>
            <LatitudeDegrees>42.4662900</LatitudeDegrees>
            <LongitudeDegrees>-5.9588400</LongitudeDegrees>
          </Position>
          <AltitudeMeters>889.6</AltitudeMeters>
          <DistanceMeters>39695.4</DistanceMeters>
        </Trackpoint>
        <Trackpoint>
          <Time>2027-05-09T09:39:00Z</Time>
          <Position>
            <LatitudeDegrees>42.4664800</LatitudeDegrees>
            <LongitudeDegrees>-5.9594900</LongitudeDegrees>
          </Position>
          <AltitudeMeters>891.8</AltitudeMeters>
          <DistanceMeters>39752.8</DistanceMeters>
        </Trackpoint>
        <Trackpoint>
          <Time>2027-05-09T09:39:16Z</Time>
          <Position>
            <LatitudeDegrees>42.4665900</LatitudeDegrees>
            <LongitudeDegrees>-5.9602800</LongitudeDegrees>
          </Position>
          <AltitudeMeters>894.2</AltitudeMeters>
          <DistanceMeters>39818.7</DistanceMeters>
        </Trackpoint>
        <Trackpoint>
          <Time>2027-05-09T09:39:32Z</Time>
          <Position>
            <LatitudeDegrees>42.4667000</LatitudeDegrees>
            <LongitudeDegrees>-5.9610700</LongitudeDegrees>
          </Position>
          <AltitudeMeters>897.2</AltitudeMeters>
          <DistanceMeters>39884.7</DistanceMeters>
        </Trackpoint>
        <Trackpoint>
          <Time>2027-05-09T09:39:48Z</Time>
          <Position>
            <LatitudeDegrees>42.4668100</LatitudeDegrees>
            <LongitudeDegrees>-5.9618600</LongitudeDegrees>
          </Position>
          <AltitudeMeters>900.1</AltitudeMeters>
          <DistanceMeters>39950.6</DistanceMeters>
        </Trackpoint>
        <Trackpoint>
          <Time>2027-05-09T09:40:03Z</Time>
          <Position>
            <LatitudeDegrees>42.4670900</LatitudeDegrees>
            <LongitudeDegrees>-5.9625600</LongitudeDegrees>
          </Position>
          <AltitudeMeters>902.7</AltitudeMeters>
          <DistanceMeters>40015.9</DistanceMeters>
        </Trackpoint>
        <Trackpoint>
          <Time>2027-05-09T09:40:19Z</Time>
          <Position>
            <LatitudeDegrees>42.4672400</LatitudeDegrees>
            <LongitudeDegrees>-5.9633200</LongitudeDegrees>
          </Position>
          <AltitudeMeters>905.6</AltitudeMeters>
          <DistanceMeters>40080.5</DistanceMeters>
        </Trackpoint>
        <Trackpoint>
          <Time>2027-05-09T09:40:34Z</Time>
          <Position>
            <LatitudeDegrees>42.4673200</LatitudeDegrees>
            <LongitudeDegrees>-5.9640900</LongitudeDegrees>
          </Position>
          <AltitudeMeters>908.3</AltitudeMeters>
          <DistanceMeters>40144.2</DistanceMeters>
        </Trackpoint>
        <Trackpoint>
          <Time>2027-05-09T09:40:49Z</Time>
          <Position>
            <LatitudeDegrees>42.4672100</LatitudeDegrees>
            <LongitudeDegrees>-5.9648500</LongitudeDegrees>
          </Position>
          <AltitudeMeters>910.7</AltitudeMeters>
          <DistanceMeters>40207.8</DistanceMeters>
        </Trackpoint>
        <Trackpoint>
          <Time>2027-05-09T09:40:59Z</Time>
          <Position>
            <LatitudeDegrees>42.4672400</LatitudeDegrees>
            <LongitudeDegrees>-5.9653400</LongitudeDegrees>
          </Position>
          <AltitudeMeters>913.2</AltitudeMeters>
          <DistanceMeters>40248.1</DistanceMeters>
        </Trackpoint>
        <Trackpoint>
          <Time>2027-05-09T09:41:11Z</Time>
          <Position>
            <LatitudeDegrees>42.4673200</LatitudeDegrees>
            <LongitudeDegrees>-5.9659600</LongitudeDegrees>
          </Position>
          <AltitudeMeters>915.5</AltitudeMeters>
          <DistanceMeters>40299.7</DistanceMeters>
        </Trackpoint>
        <Trackpoint>
          <Time>2027-05-09T09:41:32Z</Time>
          <Position>
            <LatitudeDegrees>42.4676000</LatitudeDegrees>
            <LongitudeDegrees>-5.9669600</LongitudeDegrees>
          </Position>
          <AltitudeMeters>916.9</AltitudeMeters>
          <DistanceMeters>40387.5</DistanceMeters>
        </Trackpoint>
        <Trackpoint>
          <Time>2027-05-09T09:41:35Z</Time>
          <Position>
            <LatitudeDegrees>42.4675900</LatitudeDegrees>
            <LongitudeDegrees>-5.9670700</LongitudeDegrees>
          </Position>
          <AltitudeMeters>917.8</AltitudeMeters>
          <DistanceMeters>40396.5</DistanceMeters>
        </Trackpoint>
        <Trackpoint>
          <Time>2027-05-09T09:41:40Z</Time>
          <Position>
            <LatitudeDegrees>42.4674500</LatitudeDegrees>
            <LongitudeDegrees>-5.9672500</LongitudeDegrees>
          </Position>
          <AltitudeMeters>917.8</AltitudeMeters>
          <DistanceMeters>40418.0</DistanceMeters>
        </Trackpoint>
        <Trackpoint>
          <Time>2027-05-09T09:41:52Z</Time>
          <Position>
            <LatitudeDegrees>42.4673800</LatitudeDegrees>
            <LongitudeDegrees>-5.9678500</LongitudeDegrees>
          </Position>
          <AltitudeMeters>916.7</AltitudeMeters>
          <DistanceMeters>40467.8</DistanceMeters>
        </Trackpoint>
        <Trackpoint>
          <Time>2027-05-09T09:42:04Z</Time>
          <Position>
            <LatitudeDegrees>42.4673000</LatitudeDegrees>
            <LongitudeDegrees>-5.9684500</LongitudeDegrees>
          </Position>
          <AltitudeMeters>915.4</AltitudeMeters>
          <DistanceMeters>40517.8</DistanceMeters>
        </Trackpoint>
        <Trackpoint>
          <Time>2027-05-09T09:42:16Z</Time>
          <Position>
            <LatitudeDegrees>42.4672300</LatitudeDegrees>
            <LongitudeDegrees>-5.9690500</LongitudeDegrees>
          </Position>
          <AltitudeMeters>914.1</AltitudeMeters>
          <DistanceMeters>40567.7</DistanceMeters>
        </Trackpoint>
        <Trackpoint>
          <Time>2027-05-09T09:42:31Z</Time>
          <Position>
            <LatitudeDegrees>42.4669400</LatitudeDegrees>
            <LongitudeDegrees>-5.9697100</LongitudeDegrees>
          </Position>
          <AltitudeMeters>913.0</AltitudeMeters>
          <DistanceMeters>40630.7</DistanceMeters>
        </Trackpoint>
        <Trackpoint>
          <Time>2027-05-09T09:42:34Z</Time>
          <Position>
            <LatitudeDegrees>42.4669700</LatitudeDegrees>
            <LongitudeDegrees>-5.9698400</LongitudeDegrees>
          </Position>
          <AltitudeMeters>912.4</AltitudeMeters>
          <DistanceMeters>40641.9</DistanceMeters>
        </Trackpoint>
        <Trackpoint>
          <Time>2027-05-09T09:42:37Z</Time>
          <Position>
            <LatitudeDegrees>42.4670700</LatitudeDegrees>
            <LongitudeDegrees>-5.9699300</LongitudeDegrees>
          </Position>
          <AltitudeMeters>912.9</AltitudeMeters>
          <DistanceMeters>40655.2</DistanceMeters>
        </Trackpoint>
        <Trackpoint>
          <Time>2027-05-09T09:42:47Z</Time>
          <Position>
            <LatitudeDegrees>42.4670100</LatitudeDegrees>
            <LongitudeDegrees>-5.9704400</LongitudeDegrees>
          </Position>
          <AltitudeMeters>914.1</AltitudeMeters>
          <DistanceMeters>40697.6</DistanceMeters>
        </Trackpoint>
        <Trackpoint>
          <Time>2027-05-09T09:43:07Z</Time>
          <Position>
            <LatitudeDegrees>42.4666300</LatitudeDegrees>
            <LongitudeDegrees>-5.9713500</LongitudeDegrees>
          </Position>
          <AltitudeMeters>915.4</AltitudeMeters>
          <DistanceMeters>40783.3</DistanceMeters>
        </Trackpoint>
        <Trackpoint>
          <Time>2027-05-09T09:43:22Z</Time>
          <Position>
            <LatitudeDegrees>42.4662500</LatitudeDegrees>
            <LongitudeDegrees>-5.9718500</LongitudeDegrees>
          </Position>
          <AltitudeMeters>916.8</AltitudeMeters>
          <DistanceMeters>40842.2</DistanceMeters>
        </Trackpoint>
        <Trackpoint>
          <Time>2027-05-09T09:43:34Z</Time>
          <Position>
            <LatitudeDegrees>42.4660800</LatitudeDegrees>
            <LongitudeDegrees>-5.9724300</LongitudeDegrees>
          </Position>
          <AltitudeMeters>918.1</AltitudeMeters>
          <DistanceMeters>40893.4</DistanceMeters>
        </Trackpoint>
        <Trackpoint>
          <Time>2027-05-09T09:43:47Z</Time>
          <Position>
            <LatitudeDegrees>42.4657900</LatitudeDegrees>
            <LongitudeDegrees>-5.9729900</LongitudeDegrees>
          </Position>
          <AltitudeMeters>918.6</AltitudeMeters>
          <DistanceMeters>40949.5</DistanceMeters>
        </Trackpoint>
        <Trackpoint>
          <Time>2027-05-09T09:44:01Z</Time>
          <Position>
            <LatitudeDegrees>42.4655000</LatitudeDegrees>
            <LongitudeDegrees>-5.9735400</LongitudeDegrees>
          </Position>
          <AltitudeMeters>918.4</AltitudeMeters>
          <DistanceMeters>41005.0</DistanceMeters>
        </Trackpoint>
        <Trackpoint>
          <Time>2027-05-09T09:44:14Z</Time>
          <Position>
            <LatitudeDegrees>42.4652000</LatitudeDegrees>
            <LongitudeDegrees>-5.9741000</LongitudeDegrees>
          </Position>
          <AltitudeMeters>917.6</AltitudeMeters>
          <DistanceMeters>41061.8</DistanceMeters>
        </Trackpoint>
        <Trackpoint>
          <Time>2027-05-09T09:44:28Z</Time>
          <Position>
            <LatitudeDegrees>42.4649100</LatitudeDegrees>
            <LongitudeDegrees>-5.9746500</LongitudeDegrees>
          </Position>
          <AltitudeMeters>915.5</AltitudeMeters>
          <DistanceMeters>41117.2</DistanceMeters>
        </Trackpoint>
        <Trackpoint>
          <Time>2027-05-09T09:44:41Z</Time>
          <Position>
            <LatitudeDegrees>42.4645600</LatitudeDegrees>
            <LongitudeDegrees>-5.9751300</LongitudeDegrees>
          </Position>
          <AltitudeMeters>911.5</AltitudeMeters>
          <DistanceMeters>41172.6</DistanceMeters>
        </Trackpoint>
        <Trackpoint>
          <Time>2027-05-09T09:44:54Z</Time>
          <Position>
            <LatitudeDegrees>42.4641500</LatitudeDegrees>
            <LongitudeDegrees>-5.9754600</LongitudeDegrees>
          </Position>
          <AltitudeMeters>906.3</AltitudeMeters>
          <DistanceMeters>41225.6</DistanceMeters>
        </Trackpoint>
        <Trackpoint>
          <Time>2027-05-09T09:45:07Z</Time>
          <Position>
            <LatitudeDegrees>42.4637300</LatitudeDegrees>
            <LongitudeDegrees>-5.9757900</LongitudeDegrees>
          </Position>
          <AltitudeMeters>900.6</AltitudeMeters>
          <DistanceMeters>41279.6</DistanceMeters>
        </Trackpoint>
        <Trackpoint>
          <Time>2027-05-09T09:45:18Z</Time>
          <Position>
            <LatitudeDegrees>42.4634300</LatitudeDegrees>
            <LongitudeDegrees>-5.9762200</LongitudeDegrees>
          </Position>
          <AltitudeMeters>895.6</AltitudeMeters>
          <DistanceMeters>41328.1</DistanceMeters>
        </Trackpoint>
        <Trackpoint>
          <Time>2027-05-09T09:45:36Z</Time>
          <Position>
            <LatitudeDegrees>42.4631700</LatitudeDegrees>
            <LongitudeDegrees>-5.9770600</LongitudeDegrees>
          </Position>
          <AltitudeMeters>892.6</AltitudeMeters>
          <DistanceMeters>41402.8</DistanceMeters>
        </Trackpoint>
        <Trackpoint>
          <Time>2027-05-09T09:45:54Z</Time>
          <Position>
            <LatitudeDegrees>42.4629000</LatitudeDegrees>
            <LongitudeDegrees>-5.9778900</LongitudeDegrees>
          </Position>
          <AltitudeMeters>892.6</AltitudeMeters>
          <DistanceMeters>41477.3</DistanceMeters>
        </Trackpoint>
        <Trackpoint>
          <Time>2027-05-09T09:46:08Z</Time>
          <Position>
            <LatitudeDegrees>42.4626400</LatitudeDegrees>
            <LongitudeDegrees>-5.9784900</LongitudeDegrees>
          </Position>
          <AltitudeMeters>894.7</AltitudeMeters>
          <DistanceMeters>41534.3</DistanceMeters>
        </Trackpoint>
        <Trackpoint>
          <Time>2027-05-09T09:46:24Z</Time>
          <Position>
            <LatitudeDegrees>42.4622700</LatitudeDegrees>
            <LongitudeDegrees>-5.9791700</LongitudeDegrees>
          </Position>
          <AltitudeMeters>898.1</AltitudeMeters>
          <DistanceMeters>41603.7</DistanceMeters>
        </Trackpoint>
        <Trackpoint>
          <Time>2027-05-09T09:46:41Z</Time>
          <Position>
            <LatitudeDegrees>42.4618900</LatitudeDegrees>
            <LongitudeDegrees>-5.9798400</LongitudeDegrees>
          </Position>
          <AltitudeMeters>901.8</AltitudeMeters>
          <DistanceMeters>41673.0</DistanceMeters>
        </Trackpoint>
        <Trackpoint>
          <Time>2027-05-09T09:46:57Z</Time>
          <Position>
            <LatitudeDegrees>42.4615100</LatitudeDegrees>
            <LongitudeDegrees>-5.9804500</LongitudeDegrees>
          </Position>
          <AltitudeMeters>905.9</AltitudeMeters>
          <DistanceMeters>41738.5</DistanceMeters>
        </Trackpoint>
        <Trackpoint>
          <Time>2027-05-09T09:47:12Z</Time>
          <Position>
            <LatitudeDegrees>42.4611200</LatitudeDegrees>
            <LongitudeDegrees>-5.9810500</LongitudeDegrees>
          </Position>
          <AltitudeMeters>909.4</AltitudeMeters>
          <DistanceMeters>41804.1</DistanceMeters>
        </Trackpoint>
        <Trackpoint>
          <Time>2027-05-09T09:47:26Z</Time>
          <Position>
            <LatitudeDegrees>42.4608600</LatitudeDegrees>
            <LongitudeDegrees>-5.9816300</LongitudeDegrees>
          </Position>
          <AltitudeMeters>912.0</AltitudeMeters>
          <DistanceMeters>41859.7</DistanceMeters>
        </Trackpoint>
        <Trackpoint>
          <Time>2027-05-09T09:47:39Z</Time>
          <Position>
            <LatitudeDegrees>42.4607100</LatitudeDegrees>
            <LongitudeDegrees>-5.9822800</LongitudeDegrees>
          </Position>
          <AltitudeMeters>914.3</AltitudeMeters>
          <DistanceMeters>41915.6</DistanceMeters>
        </Trackpoint>
        <Trackpoint>
          <Time>2027-05-09T09:47:52Z</Time>
          <Position>
            <LatitudeDegrees>42.4605600</LatitudeDegrees>
            <LongitudeDegrees>-5.9829200</LongitudeDegrees>
          </Position>
          <AltitudeMeters>916.1</AltitudeMeters>
          <DistanceMeters>41970.7</DistanceMeters>
        </Trackpoint>
        <Trackpoint>
          <Time>2027-05-09T09:48:06Z</Time>
          <Position>
            <LatitudeDegrees>42.4604100</LatitudeDegrees>
            <LongitudeDegrees>-5.9835700</LongitudeDegrees>
          </Position>
          <AltitudeMeters>916.7</AltitudeMeters>
          <DistanceMeters>42026.6</DistanceMeters>
        </Trackpoint>
        <Trackpoint>
          <Time>2027-05-09T09:48:19Z</Time>
          <Position>
            <LatitudeDegrees>42.4602700</LatitudeDegrees>
            <LongitudeDegrees>-5.9842100</LongitudeDegrees>
          </Position>
          <AltitudeMeters>917.1</AltitudeMeters>
          <DistanceMeters>42081.3</DistanceMeters>
        </Trackpoint>
        <Trackpoint>
          <Time>2027-05-09T09:48:32Z</Time>
          <Position>
            <LatitudeDegrees>42.4601200</LatitudeDegrees>
            <LongitudeDegrees>-5.9848600</LongitudeDegrees>
          </Position>
          <AltitudeMeters>917.5</AltitudeMeters>
          <DistanceMeters>42137.2</DistanceMeters>
        </Trackpoint>
        <Trackpoint>
          <Time>2027-05-09T09:48:46Z</Time>
          <Position>
            <LatitudeDegrees>42.4599700</LatitudeDegrees>
            <LongitudeDegrees>-5.9855000</LongitudeDegrees>
          </Position>
          <AltitudeMeters>917.6</AltitudeMeters>
          <DistanceMeters>42192.3</DistanceMeters>
        </Trackpoint>
        <Trackpoint>
          <Time>2027-05-09T09:48:59Z</Time>
          <Position>
            <LatitudeDegrees>42.4598200</LatitudeDegrees>
            <LongitudeDegrees>-5.9861500</LongitudeDegrees>
          </Position>
          <AltitudeMeters>917.7</AltitudeMeters>
          <DistanceMeters>42248.2</DistanceMeters>
        </Trackpoint>
        <Trackpoint>
          <Time>2027-05-09T09:49:12Z</Time>
          <Position>
            <LatitudeDegrees>42.4597100</LatitudeDegrees>
            <LongitudeDegrees>-5.9868000</LongitudeDegrees>
          </Position>
          <AltitudeMeters>918.0</AltitudeMeters>
          <DistanceMeters>42302.9</DistanceMeters>
        </Trackpoint>
        <Trackpoint>
          <Time>2027-05-09T09:49:25Z</Time>
          <Position>
            <LatitudeDegrees>42.4596100</LatitudeDegrees>
            <LongitudeDegrees>-5.9874500</LongitudeDegrees>
          </Position>
          <AltitudeMeters>918.1</AltitudeMeters>
          <DistanceMeters>42357.3</DistanceMeters>
        </Trackpoint>
        <Trackpoint>
          <Time>2027-05-09T09:49:38Z</Time>
          <Position>
            <LatitudeDegrees>42.4595000</LatitudeDegrees>
            <LongitudeDegrees>-5.9881000</LongitudeDegrees>
          </Position>
          <AltitudeMeters>918.3</AltitudeMeters>
          <DistanceMeters>42412.0</DistanceMeters>
        </Trackpoint>
        <Trackpoint>
          <Time>2027-05-09T09:49:52Z</Time>
          <Position>
            <LatitudeDegrees>42.4593900</LatitudeDegrees>
            <LongitudeDegrees>-5.9887500</LongitudeDegrees>
          </Position>
          <AltitudeMeters>918.4</AltitudeMeters>
          <DistanceMeters>42466.7</DistanceMeters>
        </Trackpoint>
        <Trackpoint>
          <Time>2027-05-09T09:50:04Z</Time>
          <Position>
            <LatitudeDegrees>42.4592900</LatitudeDegrees>
            <LongitudeDegrees>-5.9893900</LongitudeDegrees>
          </Position>
          <AltitudeMeters>918.5</AltitudeMeters>
          <DistanceMeters>42520.4</DistanceMeters>
        </Trackpoint>
        <Trackpoint>
          <Time>2027-05-09T09:50:18Z</Time>
          <Position>
            <LatitudeDegrees>42.4591800</LatitudeDegrees>
            <LongitudeDegrees>-5.9900400</LongitudeDegrees>
          </Position>
          <AltitudeMeters>918.4</AltitudeMeters>
          <DistanceMeters>42575.1</DistanceMeters>
        </Trackpoint>
        <Trackpoint>
          <Time>2027-05-09T09:50:31Z</Time>
          <Position>
            <LatitudeDegrees>42.4590700</LatitudeDegrees>
            <LongitudeDegrees>-5.9906900</LongitudeDegrees>
          </Position>
          <AltitudeMeters>918.2</AltitudeMeters>
          <DistanceMeters>42629.8</DistanceMeters>
        </Trackpoint>
        <Trackpoint>
          <Time>2027-05-09T09:50:44Z</Time>
          <Position>
            <LatitudeDegrees>42.4589700</LatitudeDegrees>
            <LongitudeDegrees>-5.9913400</LongitudeDegrees>
          </Position>
          <AltitudeMeters>917.8</AltitudeMeters>
          <DistanceMeters>42684.3</DistanceMeters>
        </Trackpoint>
        <Trackpoint>
          <Time>2027-05-09T09:50:57Z</Time>
          <Position>
            <LatitudeDegrees>42.4588600</LatitudeDegrees>
            <LongitudeDegrees>-5.9919900</LongitudeDegrees>
          </Position>
          <AltitudeMeters>917.4</AltitudeMeters>
          <DistanceMeters>42739.0</DistanceMeters>
        </Trackpoint>
        <Trackpoint>
          <Time>2027-05-09T09:51:10Z</Time>
          <Position>
            <LatitudeDegrees>42.4585000</LatitudeDegrees>
            <LongitudeDegrees>-5.9924400</LongitudeDegrees>
          </Position>
          <AltitudeMeters>917.1</AltitudeMeters>
          <DistanceMeters>42793.5</DistanceMeters>
        </Trackpoint>
        <Trackpoint>
          <Time>2027-05-09T09:51:23Z</Time>
          <Position>
            <LatitudeDegrees>42.4581400</LatitudeDegrees>
            <LongitudeDegrees>-5.9929000</LongitudeDegrees>
          </Position>
          <AltitudeMeters>916.8</AltitudeMeters>
          <DistanceMeters>42848.5</DistanceMeters>
        </Trackpoint>
        <Trackpoint>
          <Time>2027-05-09T09:51:36Z</Time>
          <Position>
            <LatitudeDegrees>42.4577800</LatitudeDegrees>
            <LongitudeDegrees>-5.9933500</LongitudeDegrees>
          </Position>
          <AltitudeMeters>916.5</AltitudeMeters>
          <DistanceMeters>42902.9</DistanceMeters>
        </Trackpoint>
        <Trackpoint>
          <Time>2027-05-09T09:51:49Z</Time>
          <Position>
            <LatitudeDegrees>42.4574200</LatitudeDegrees>
            <LongitudeDegrees>-5.9938000</LongitudeDegrees>
          </Position>
          <AltitudeMeters>916.4</AltitudeMeters>
          <DistanceMeters>42957.4</DistanceMeters>
        </Trackpoint>
        <Trackpoint>
          <Time>2027-05-09T09:52:02Z</Time>
          <Position>
            <LatitudeDegrees>42.4570600</LatitudeDegrees>
            <LongitudeDegrees>-5.9942500</LongitudeDegrees>
          </Position>
          <AltitudeMeters>916.4</AltitudeMeters>
          <DistanceMeters>43011.8</DistanceMeters>
        </Trackpoint>
        <Trackpoint>
          <Time>2027-05-09T09:52:16Z</Time>
          <Position>
            <LatitudeDegrees>42.4567000</LatitudeDegrees>
            <LongitudeDegrees>-5.9947100</LongitudeDegrees>
          </Position>
          <AltitudeMeters>916.4</AltitudeMeters>
          <DistanceMeters>43066.9</DistanceMeters>
        </Trackpoint>
        <Trackpoint>
          <Time>2027-05-09T09:52:29Z</Time>
          <Position>
            <LatitudeDegrees>42.4563400</LatitudeDegrees>
            <LongitudeDegrees>-5.9951600</LongitudeDegrees>
          </Position>
          <AltitudeMeters>916.3</AltitudeMeters>
          <DistanceMeters>43121.3</DistanceMeters>
        </Trackpoint>
        <Trackpoint>
          <Time>2027-05-09T09:52:42Z</Time>
          <Position>
            <LatitudeDegrees>42.4560200</LatitudeDegrees>
            <LongitudeDegrees>-5.9956900</LongitudeDegrees>
          </Position>
          <AltitudeMeters>916.1</AltitudeMeters>
          <DistanceMeters>43177.5</DistanceMeters>
        </Trackpoint>
        <Trackpoint>
          <Time>2027-05-09T09:52:56Z</Time>
          <Position>
            <LatitudeDegrees>42.4556900</LatitudeDegrees>
            <LongitudeDegrees>-5.9962200</LongitudeDegrees>
          </Position>
          <AltitudeMeters>915.7</AltitudeMeters>
          <DistanceMeters>43234.4</DistanceMeters>
        </Trackpoint>
        <Trackpoint>
          <Time>2027-05-09T09:53:09Z</Time>
          <Position>
            <LatitudeDegrees>42.4553700</LatitudeDegrees>
            <LongitudeDegrees>-5.9967500</LongitudeDegrees>
          </Position>
          <AltitudeMeters>915.4</AltitudeMeters>
          <DistanceMeters>43290.6</DistanceMeters>
        </Trackpoint>
        <Trackpoint>
          <Time>2027-05-09T09:53:23Z</Time>
          <Position>
            <LatitudeDegrees>42.4550500</LatitudeDegrees>
            <LongitudeDegrees>-5.9972900</LongitudeDegrees>
          </Position>
          <AltitudeMeters>915.3</AltitudeMeters>
          <DistanceMeters>43347.4</DistanceMeters>
        </Trackpoint>
        <Trackpoint>
          <Time>2027-05-09T09:53:36Z</Time>
          <Position>
            <LatitudeDegrees>42.4547300</LatitudeDegrees>
            <LongitudeDegrees>-5.9978200</LongitudeDegrees>
          </Position>
          <AltitudeMeters>915.1</AltitudeMeters>
          <DistanceMeters>43403.6</DistanceMeters>
        </Trackpoint>
        <Trackpoint>
          <Time>2027-05-09T09:53:50Z</Time>
          <Position>
            <LatitudeDegrees>42.4544000</LatitudeDegrees>
            <LongitudeDegrees>-5.9983500</LongitudeDegrees>
          </Position>
          <AltitudeMeters>914.7</AltitudeMeters>
          <DistanceMeters>43460.5</DistanceMeters>
        </Trackpoint>
        <Trackpoint>
          <Time>2027-05-09T09:54:03Z</Time>
          <Position>
            <LatitudeDegrees>42.4540800</LatitudeDegrees>
            <LongitudeDegrees>-5.9988800</LongitudeDegrees>
          </Position>
          <AltitudeMeters>913.2</AltitudeMeters>
          <DistanceMeters>43516.7</DistanceMeters>
        </Trackpoint>
        <Trackpoint>
          <Time>2027-05-09T09:54:24Z</Time>
          <Position>
            <LatitudeDegrees>42.4538600</LatitudeDegrees>
            <LongitudeDegrees>-5.9998600</LongitudeDegrees>
          </Position>
          <AltitudeMeters>909.7</AltitudeMeters>
          <DistanceMeters>43600.7</DistanceMeters>
        </Trackpoint>
        <Trackpoint>
          <Time>2027-05-09T09:54:40Z</Time>
          <Position>
            <LatitudeDegrees>42.4539700</LatitudeDegrees>
            <LongitudeDegrees>-6.0006900</LongitudeDegrees>
          </Position>
          <AltitudeMeters>905.0</AltitudeMeters>
          <DistanceMeters>43669.9</DistanceMeters>
        </Trackpoint>
        <Trackpoint>
          <Time>2027-05-09T09:55:00Z</Time>
          <Position>
            <LatitudeDegrees>42.4542600</LatitudeDegrees>
            <LongitudeDegrees>-6.0016000</LongitudeDegrees>
          </Position>
          <AltitudeMeters>899.1</AltitudeMeters>
          <DistanceMeters>43751.2</DistanceMeters>
        </Trackpoint>
        <Trackpoint>
          <Time>2027-05-09T09:55:09Z</Time>
          <Position>
            <LatitudeDegrees>42.4542900</LatitudeDegrees>
            <LongitudeDegrees>-6.0020600</LongitudeDegrees>
          </Position>
          <AltitudeMeters>892.1</AltitudeMeters>
          <DistanceMeters>43789.1</DistanceMeters>
        </Trackpoint>
        <Trackpoint>
          <Time>2027-05-09T09:55:22Z</Time>
          <Position>
            <LatitudeDegrees>42.4544200</LatitudeDegrees>
            <LongitudeDegrees>-6.0027100</LongitudeDegrees>
          </Position>
          <AltitudeMeters>885.6</AltitudeMeters>
          <DistanceMeters>43844.3</DistanceMeters>
        </Trackpoint>
        <Trackpoint>
          <Time>2027-05-09T09:55:35Z</Time>
          <Position>
            <LatitudeDegrees>42.4545400</LatitudeDegrees>
            <LongitudeDegrees>-6.0033600</LongitudeDegrees>
          </Position>
          <AltitudeMeters>880.2</AltitudeMeters>
          <DistanceMeters>43899.3</DistanceMeters>
        </Trackpoint>
        <Trackpoint>
          <Time>2027-05-09T09:55:49Z</Time>
          <Position>
            <LatitudeDegrees>42.4544700</LatitudeDegrees>
            <LongitudeDegrees>-6.0040300</LongitudeDegrees>
          </Position>
          <AltitudeMeters>875.2</AltitudeMeters>
          <DistanceMeters>43954.8</DistanceMeters>
        </Trackpoint>
        <Trackpoint>
          <Time>2027-05-09T09:56:02Z</Time>
          <Position>
            <LatitudeDegrees>42.4544000</LatitudeDegrees>
            <LongitudeDegrees>-6.0047000</LongitudeDegrees>
          </Position>
          <AltitudeMeters>871.0</AltitudeMeters>
          <DistanceMeters>44010.3</DistanceMeters>
        </Trackpoint>
        <Trackpoint>
          <Time>2027-05-09T09:56:15Z</Time>
          <Position>
            <LatitudeDegrees>42.4543300</LatitudeDegrees>
            <LongitudeDegrees>-6.0053600</LongitudeDegrees>
          </Position>
          <AltitudeMeters>867.6</AltitudeMeters>
          <DistanceMeters>44065.1</DistanceMeters>
        </Trackpoint>
        <Trackpoint>
          <Time>2027-05-09T09:56:28Z</Time>
          <Position>
            <LatitudeDegrees>42.4542600</LatitudeDegrees>
            <LongitudeDegrees>-6.0060300</LongitudeDegrees>
          </Position>
          <AltitudeMeters>864.6</AltitudeMeters>
          <DistanceMeters>44120.6</DistanceMeters>
        </Trackpoint>
        <Trackpoint>
          <Time>2027-05-09T09:56:35Z</Time>
          <Position>
            <LatitudeDegrees>42.4543300</LatitudeDegrees>
            <LongitudeDegrees>-6.0063300</LongitudeDegrees>
          </Position>
          <AltitudeMeters>862.4</AltitudeMeters>
          <DistanceMeters>44146.4</DistanceMeters>
        </Trackpoint>
        <Trackpoint>
          <Time>2027-05-09T09:56:57Z</Time>
          <Position>
            <LatitudeDegrees>42.4543600</LatitudeDegrees>
            <LongitudeDegrees>-6.0074400</LongitudeDegrees>
          </Position>
          <AltitudeMeters>860.6</AltitudeMeters>
          <DistanceMeters>44237.5</DistanceMeters>
        </Trackpoint>
        <Trackpoint>
          <Time>2027-05-09T09:56:59Z</Time>
          <Position>
            <LatitudeDegrees>42.4542900</LatitudeDegrees>
            <LongitudeDegrees>-6.0075100</LongitudeDegrees>
          </Position>
          <AltitudeMeters>859.2</AltitudeMeters>
          <DistanceMeters>44247.2</DistanceMeters>
        </Trackpoint>
        <Trackpoint>
          <Time>2027-05-09T09:57:11Z</Time>
          <Position>
            <LatitudeDegrees>42.4542800</LatitudeDegrees>
            <LongitudeDegrees>-6.0081200</LongitudeDegrees>
          </Position>
          <AltitudeMeters>857.9</AltitudeMeters>
          <DistanceMeters>44297.2</DistanceMeters>
        </Trackpoint>
        <Trackpoint>
          <Time>2027-05-09T09:57:23Z</Time>
          <Position>
            <LatitudeDegrees>42.4542700</LatitudeDegrees>
            <LongitudeDegrees>-6.0087300</LongitudeDegrees>
          </Position>
          <AltitudeMeters>857.1</AltitudeMeters>
          <DistanceMeters>44347.3</DistanceMeters>
        </Trackpoint>
        <Trackpoint>
          <Time>2027-05-09T09:57:35Z</Time>
          <Position>
            <LatitudeDegrees>42.4542600</LatitudeDegrees>
            <LongitudeDegrees>-6.0093400</LongitudeDegrees>
          </Position>
          <AltitudeMeters>856.1</AltitudeMeters>
          <DistanceMeters>44397.4</DistanceMeters>
        </Trackpoint>
        <Trackpoint>
          <Time>2027-05-09T09:57:47Z</Time>
          <Position>
            <LatitudeDegrees>42.4542500</LatitudeDegrees>
            <LongitudeDegrees>-6.0099400</LongitudeDegrees>
          </Position>
          <AltitudeMeters>855.4</AltitudeMeters>
          <DistanceMeters>44446.6</DistanceMeters>
        </Trackpoint>
        <Trackpoint>
          <Time>2027-05-09T09:57:59Z</Time>
          <Position>
            <LatitudeDegrees>42.4542400</LatitudeDegrees>
            <LongitudeDegrees>-6.0105500</LongitudeDegrees>
          </Position>
          <AltitudeMeters>854.9</AltitudeMeters>
          <DistanceMeters>44496.7</DistanceMeters>
        </Trackpoint>
        <Trackpoint>
          <Time>2027-05-09T09:58:11Z</Time>
          <Position>
            <LatitudeDegrees>42.4542400</LatitudeDegrees>
            <LongitudeDegrees>-6.0111600</LongitudeDegrees>
          </Position>
          <AltitudeMeters>854.7</AltitudeMeters>
          <DistanceMeters>44546.7</DistanceMeters>
        </Trackpoint>
        <Trackpoint>
          <Time>2027-05-09T09:58:23Z</Time>
          <Position>
            <LatitudeDegrees>42.4542300</LatitudeDegrees>
            <LongitudeDegrees>-6.0117700</LongitudeDegrees>
          </Position>
          <AltitudeMeters>854.4</AltitudeMeters>
          <DistanceMeters>44596.8</DistanceMeters>
        </Trackpoint>
        <Trackpoint>
          <Time>2027-05-09T09:58:35Z</Time>
          <Position>
            <LatitudeDegrees>42.4542200</LatitudeDegrees>
            <LongitudeDegrees>-6.0123800</LongitudeDegrees>
          </Position>
          <AltitudeMeters>854.1</AltitudeMeters>
          <DistanceMeters>44646.8</DistanceMeters>
        </Trackpoint>
        <Trackpoint>
          <Time>2027-05-09T09:58:47Z</Time>
          <Position>
            <LatitudeDegrees>42.4542100</LatitudeDegrees>
            <LongitudeDegrees>-6.0129900</LongitudeDegrees>
          </Position>
          <AltitudeMeters>853.7</AltitudeMeters>
          <DistanceMeters>44696.9</DistanceMeters>
        </Trackpoint>
        <Trackpoint>
          <Time>2027-05-09T09:58:59Z</Time>
          <Position>
            <LatitudeDegrees>42.4542000</LatitudeDegrees>
            <LongitudeDegrees>-6.0135900</LongitudeDegrees>
          </Position>
          <AltitudeMeters>853.0</AltitudeMeters>
          <DistanceMeters>44746.1</DistanceMeters>
        </Trackpoint>
        <Trackpoint>
          <Time>2027-05-09T09:59:11Z</Time>
          <Position>
            <LatitudeDegrees>42.4541900</LatitudeDegrees>
            <LongitudeDegrees>-6.0142000</LongitudeDegrees>
          </Position>
          <AltitudeMeters>852.1</AltitudeMeters>
          <DistanceMeters>44796.2</DistanceMeters>
        </Trackpoint>
        <Trackpoint>
          <Time>2027-05-09T09:59:23Z</Time>
          <Position>
            <LatitudeDegrees>42.4541800</LatitudeDegrees>
            <LongitudeDegrees>-6.0148100</LongitudeDegrees>
          </Position>
          <AltitudeMeters>851.1</AltitudeMeters>
          <DistanceMeters>44846.2</DistanceMeters>
        </Trackpoint>
        <Trackpoint>
          <Time>2027-05-09T09:59:35Z</Time>
          <Position>
            <LatitudeDegrees>42.4542600</LatitudeDegrees>
            <LongitudeDegrees>-6.0154500</LongitudeDegrees>
          </Position>
          <AltitudeMeters>849.9</AltitudeMeters>
          <DistanceMeters>44899.5</DistanceMeters>
        </Trackpoint>
        <Trackpoint>
          <Time>2027-05-09T09:59:48Z</Time>
          <Position>
            <LatitudeDegrees>42.4543300</LatitudeDegrees>
            <LongitudeDegrees>-6.0160900</LongitudeDegrees>
          </Position>
          <AltitudeMeters>848.2</AltitudeMeters>
          <DistanceMeters>44952.6</DistanceMeters>
        </Trackpoint>
        <Trackpoint>
          <Time>2027-05-09T10:00:04Z</Time>
          <Position>
            <LatitudeDegrees>42.4543500</LatitudeDegrees>
            <LongitudeDegrees>-6.0169200</LongitudeDegrees>
          </Position>
          <AltitudeMeters>846.2</AltitudeMeters>
          <DistanceMeters>45020.7</DistanceMeters>
        </Trackpoint>
        <Trackpoint>
          <Time>2027-05-09T10:00:21Z</Time>
          <Position>
            <LatitudeDegrees>42.4543600</LatitudeDegrees>
            <LongitudeDegrees>-6.0177400</LongitudeDegrees>
          </Position>
          <AltitudeMeters>844.0</AltitudeMeters>
          <DistanceMeters>45088.0</DistanceMeters>
        </Trackpoint>
        <Trackpoint>
          <Time>2027-05-09T10:00:33Z</Time>
          <Position>
            <LatitudeDegrees>42.4544000</LatitudeDegrees>
            <LongitudeDegrees>-6.0183800</LongitudeDegrees>
          </Position>
          <AltitudeMeters>841.8</AltitudeMeters>
          <DistanceMeters>45140.7</DistanceMeters>
        </Trackpoint>
        <Trackpoint>
          <Time>2027-05-09T10:00:46Z</Time>
          <Position>
            <LatitudeDegrees>42.4544400</LatitudeDegrees>
            <LongitudeDegrees>-6.0190300</LongitudeDegrees>
          </Position>
          <AltitudeMeters>839.9</AltitudeMeters>
          <DistanceMeters>45194.2</DistanceMeters>
        </Trackpoint>
        <Trackpoint>
          <Time>2027-05-09T10:00:59Z</Time>
          <Position>
            <LatitudeDegrees>42.4544800</LatitudeDegrees>
            <LongitudeDegrees>-6.0196700</LongitudeDegrees>
          </Position>
          <AltitudeMeters>838.9</AltitudeMeters>
          <DistanceMeters>45246.9</DistanceMeters>
        </Trackpoint>
        <Trackpoint>
          <Time>2027-05-09T10:01:12Z</Time>
          <Position>
            <LatitudeDegrees>42.4545300</LatitudeDegrees>
            <LongitudeDegrees>-6.0203200</LongitudeDegrees>
          </Position>
          <AltitudeMeters>838.4</AltitudeMeters>
          <DistanceMeters>45300.5</DistanceMeters>
        </Trackpoint>
        <Trackpoint>
          <Time>2027-05-09T10:01:24Z</Time>
          <Position>
            <LatitudeDegrees>42.4545700</LatitudeDegrees>
            <LongitudeDegrees>-6.0209600</LongitudeDegrees>
          </Position>
          <AltitudeMeters>838.3</AltitudeMeters>
          <DistanceMeters>45353.2</DistanceMeters>
        </Trackpoint>
        <Trackpoint>
          <Time>2027-05-09T10:01:37Z</Time>
          <Position>
            <LatitudeDegrees>42.4546100</LatitudeDegrees>
            <LongitudeDegrees>-6.0216100</LongitudeDegrees>
          </Position>
          <AltitudeMeters>838.2</AltitudeMeters>
          <DistanceMeters>45406.7</DistanceMeters>
        </Trackpoint>
        <Trackpoint>
          <Time>2027-05-09T10:01:50Z</Time>
          <Position>
            <LatitudeDegrees>42.4546500</LatitudeDegrees>
            <LongitudeDegrees>-6.0222500</LongitudeDegrees>
          </Position>
          <AltitudeMeters>838.2</AltitudeMeters>
          <DistanceMeters>45459.4</DistanceMeters>
        </Trackpoint>
        <Trackpoint>
          <Time>2027-05-09T10:01:56Z</Time>
          <Position>
            <LatitudeDegrees>42.4546200</LatitudeDegrees>
            <LongitudeDegrees>-6.0225900</LongitudeDegrees>
          </Position>
          <AltitudeMeters>838.2</AltitudeMeters>
          <DistanceMeters>45487.5</DistanceMeters>
        </Trackpoint>
        <Trackpoint>
          <Time>2027-05-09T10:02:04Z</Time>
          <Position>
            <LatitudeDegrees>42.4544800</LatitudeDegrees>
            <LongitudeDegrees>-6.0229000</LongitudeDegrees>
          </Position>
          <AltitudeMeters>838.3</AltitudeMeters>
          <DistanceMeters>45517.3</DistanceMeters>
        </Trackpoint>
        <Trackpoint>
          <Time>2027-05-09T10:02:24Z</Time>
          <Position>
            <LatitudeDegrees>42.4538800</LatitudeDegrees>
            <LongitudeDegrees>-6.0235700</LongitudeDegrees>
          </Position>
          <AltitudeMeters>838.3</AltitudeMeters>
          <DistanceMeters>45603.7</DistanceMeters>
        </Trackpoint>
        <Trackpoint>
          <Time>2027-05-09T10:02:36Z</Time>
          <Position>
            <LatitudeDegrees>42.4538300</LatitudeDegrees>
            <LongitudeDegrees>-6.0241300</LongitudeDegrees>
          </Position>
          <AltitudeMeters>838.4</AltitudeMeters>
          <DistanceMeters>45650.0</DistanceMeters>
        </Trackpoint>
        <Trackpoint>
          <Time>2027-05-09T10:02:49Z</Time>
          <Position>
            <LatitudeDegrees>42.4538700</LatitudeDegrees>
            <LongitudeDegrees>-6.0248300</LongitudeDegrees>
          </Position>
          <AltitudeMeters>838.7</AltitudeMeters>
          <DistanceMeters>45707.6</DistanceMeters>
        </Trackpoint>
        <Trackpoint>
          <Time>2027-05-09T10:03:03Z</Time>
          <Position>
            <LatitudeDegrees>42.4539000</LatitudeDegrees>
            <LongitudeDegrees>-6.0255200</LongitudeDegrees>
          </Position>
          <AltitudeMeters>839.0</AltitudeMeters>
          <DistanceMeters>45764.3</DistanceMeters>
        </Trackpoint>
        <Trackpoint>
          <Time>2027-05-09T10:03:13Z</Time>
          <Position>
            <LatitudeDegrees>42.4542700</LatitudeDegrees>
            <LongitudeDegrees>-6.0255500</LongitudeDegrees>
          </Position>
          <AltitudeMeters>839.0</AltitudeMeters>
          <DistanceMeters>45805.5</DistanceMeters>
        </Trackpoint>
        <Trackpoint>
          <Time>2027-05-09T10:03:16Z</Time>
          <Position>
            <LatitudeDegrees>42.4543100</LatitudeDegrees>
            <LongitudeDegrees>-6.0257000</LongitudeDegrees>
          </Position>
          <AltitudeMeters>838.9</AltitudeMeters>
          <DistanceMeters>45818.6</DistanceMeters>
        </Trackpoint>
        <Trackpoint>
          <Time>2027-05-09T10:03:29Z</Time>
          <Position>
            <LatitudeDegrees>42.4543400</LatitudeDegrees>
            <LongitudeDegrees>-6.0263400</LongitudeDegrees>
          </Position>
          <AltitudeMeters>838.7</AltitudeMeters>
          <DistanceMeters>45871.2</DistanceMeters>
        </Trackpoint>
        <Trackpoint>
          <Time>2027-05-09T10:03:41Z</Time>
          <Position>
            <LatitudeDegrees>42.4543800</LatitudeDegrees>
            <LongitudeDegrees>-6.0269700</LongitudeDegrees>
          </Position>
          <AltitudeMeters>838.1</AltitudeMeters>
          <DistanceMeters>45923.1</DistanceMeters>
        </Trackpoint>
        <Trackpoint>
          <Time>2027-05-09T10:03:54Z</Time>
          <Position>
            <LatitudeDegrees>42.4544100</LatitudeDegrees>
            <LongitudeDegrees>-6.0276100</LongitudeDegrees>
          </Position>
          <AltitudeMeters>837.6</AltitudeMeters>
          <DistanceMeters>45975.7</DistanceMeters>
        </Trackpoint>
        <Trackpoint>
          <Time>2027-05-09T10:04:06Z</Time>
          <Position>
            <LatitudeDegrees>42.4544400</LatitudeDegrees>
            <LongitudeDegrees>-6.0282400</LongitudeDegrees>
          </Position>
          <AltitudeMeters>837.1</AltitudeMeters>
          <DistanceMeters>46027.5</DistanceMeters>
        </Trackpoint>
        <Trackpoint>
          <Time>2027-05-09T10:04:19Z</Time>
          <Position>
            <LatitudeDegrees>42.4544700</LatitudeDegrees>
            <LongitudeDegrees>-6.0288700</LongitudeDegrees>
          </Position>
          <AltitudeMeters>836.7</AltitudeMeters>
          <DistanceMeters>46079.3</DistanceMeters>
        </Trackpoint>
        <Trackpoint>
          <Time>2027-05-09T10:04:31Z</Time>
          <Position>
            <LatitudeDegrees>42.4545100</LatitudeDegrees>
            <LongitudeDegrees>-6.0295100</LongitudeDegrees>
          </Position>
          <AltitudeMeters>836.6</AltitudeMeters>
          <DistanceMeters>46132.0</DistanceMeters>
        </Trackpoint>
        <Trackpoint>
          <Time>2027-05-09T10:04:44Z</Time>
          <Position>
            <LatitudeDegrees>42.4545400</LatitudeDegrees>
            <LongitudeDegrees>-6.0301500</LongitudeDegrees>
          </Position>
          <AltitudeMeters>836.7</AltitudeMeters>
          <DistanceMeters>46184.6</DistanceMeters>
        </Trackpoint>
        <Trackpoint>
          <Time>2027-05-09T10:04:56Z</Time>
          <Position>
            <LatitudeDegrees>42.4545700</LatitudeDegrees>
            <LongitudeDegrees>-6.0307800</LongitudeDegrees>
          </Position>
          <AltitudeMeters>837.1</AltitudeMeters>
          <DistanceMeters>46236.4</DistanceMeters>
        </Trackpoint>
        <Trackpoint>
          <Time>2027-05-09T10:05:09Z</Time>
          <Position>
            <LatitudeDegrees>42.4546000</LatitudeDegrees>
            <LongitudeDegrees>-6.0314200</LongitudeDegrees>
          </Position>
          <AltitudeMeters>837.7</AltitudeMeters>
          <DistanceMeters>46289.0</DistanceMeters>
        </Trackpoint>
        <Trackpoint>
          <Time>2027-05-09T10:05:21Z</Time>
          <Position>
            <LatitudeDegrees>42.4546400</LatitudeDegrees>
            <LongitudeDegrees>-6.0320500</LongitudeDegrees>
          </Position>
          <AltitudeMeters>838.6</AltitudeMeters>
          <DistanceMeters>46340.9</DistanceMeters>
        </Trackpoint>
        <Trackpoint>
          <Time>2027-05-09T10:05:34Z</Time>
          <Position>
            <LatitudeDegrees>42.4546700</LatitudeDegrees>
            <LongitudeDegrees>-6.0326900</LongitudeDegrees>
          </Position>
          <AltitudeMeters>839.8</AltitudeMeters>
          <DistanceMeters>46393.5</DistanceMeters>
        </Trackpoint>
        <Trackpoint>
          <Time>2027-05-09T10:05:46Z</Time>
          <Position>
            <LatitudeDegrees>42.4547000</LatitudeDegrees>
            <LongitudeDegrees>-6.0333200</LongitudeDegrees>
          </Position>
          <AltitudeMeters>840.6</AltitudeMeters>
          <DistanceMeters>46445.3</DistanceMeters>
        </Trackpoint>
        <Trackpoint>
          <Time>2027-05-09T10:06:00Z</Time>
          <Position>
            <LatitudeDegrees>42.4547800</LatitudeDegrees>
            <LongitudeDegrees>-6.0339800</LongitudeDegrees>
          </Position>
          <AltitudeMeters>841.0</AltitudeMeters>
          <DistanceMeters>46500.2</DistanceMeters>
        </Trackpoint>
        <Trackpoint>
          <Time>2027-05-09T10:06:13Z</Time>
          <Position>
            <LatitudeDegrees>42.4548600</LatitudeDegrees>
            <LongitudeDegrees>-6.0346500</LongitudeDegrees>
          </Position>
          <AltitudeMeters>841.1</AltitudeMeters>
          <DistanceMeters>46555.9</DistanceMeters>
        </Trackpoint>
        <Trackpoint>
          <Time>2027-05-09T10:06:26Z</Time>
          <Position>
            <LatitudeDegrees>42.4549300</LatitudeDegrees>
            <LongitudeDegrees>-6.0353100</LongitudeDegrees>
          </Position>
          <AltitudeMeters>841.1</AltitudeMeters>
          <DistanceMeters>46610.6</DistanceMeters>
        </Trackpoint>
        <Trackpoint>
          <Time>2027-05-09T10:06:39Z</Time>
          <Position>
            <LatitudeDegrees>42.4550100</LatitudeDegrees>
            <LongitudeDegrees>-6.0359800</LongitudeDegrees>
          </Position>
          <AltitudeMeters>840.4</AltitudeMeters>
          <DistanceMeters>46666.3</DistanceMeters>
        </Trackpoint>
        <Trackpoint>
          <Time>2027-05-09T10:06:53Z</Time>
          <Position>
            <LatitudeDegrees>42.4550900</LatitudeDegrees>
            <LongitudeDegrees>-6.0366400</LongitudeDegrees>
          </Position>
          <AltitudeMeters>839.9</AltitudeMeters>
          <DistanceMeters>46721.1</DistanceMeters>
        </Trackpoint>
        <Trackpoint>
          <Time>2027-05-09T10:07:06Z</Time>
          <Position>
            <LatitudeDegrees>42.4551800</LatitudeDegrees>
            <LongitudeDegrees>-6.0373000</LongitudeDegrees>
          </Position>
          <AltitudeMeters>839.6</AltitudeMeters>
          <DistanceMeters>46776.2</DistanceMeters>
        </Trackpoint>
        <Trackpoint>
          <Time>2027-05-09T10:07:19Z</Time>
          <Position>
            <LatitudeDegrees>42.4552700</LatitudeDegrees>
            <LongitudeDegrees>-6.0379600</LongitudeDegrees>
          </Position>
          <AltitudeMeters>839.7</AltitudeMeters>
          <DistanceMeters>46831.3</DistanceMeters>
        </Trackpoint>
        <Trackpoint>
          <Time>2027-05-09T10:07:32Z</Time>
          <Position>
            <LatitudeDegrees>42.4553700</LatitudeDegrees>
            <LongitudeDegrees>-6.0386100</LongitudeDegrees>
          </Position>
          <AltitudeMeters>839.8</AltitudeMeters>
          <DistanceMeters>46885.7</DistanceMeters>
        </Trackpoint>
        <Trackpoint>
          <Time>2027-05-09T10:07:45Z</Time>
          <Position>
            <LatitudeDegrees>42.4554600</LatitudeDegrees>
            <LongitudeDegrees>-6.0392700</LongitudeDegrees>
          </Position>
          <AltitudeMeters>840.1</AltitudeMeters>
          <DistanceMeters>46940.8</DistanceMeters>
        </Trackpoint>
        <Trackpoint>
          <Time>2027-05-09T10:07:59Z</Time>
          <Position>
            <LatitudeDegrees>42.4555500</LatitudeDegrees>
            <LongitudeDegrees>-6.0399300</LongitudeDegrees>
          </Position>
          <AltitudeMeters>840.5</AltitudeMeters>
          <DistanceMeters>46995.9</DistanceMeters>
        </Trackpoint>
        <Trackpoint>
          <Time>2027-05-09T10:08:12Z</Time>
          <Position>
            <LatitudeDegrees>42.4556400</LatitudeDegrees>
            <LongitudeDegrees>-6.0405900</LongitudeDegrees>
          </Position>
          <AltitudeMeters>840.6</AltitudeMeters>
          <DistanceMeters>47050.9</DistanceMeters>
        </Trackpoint>
        <Trackpoint>
          <Time>2027-05-09T10:08:25Z</Time>
          <Position>
            <LatitudeDegrees>42.4557400</LatitudeDegrees>
            <LongitudeDegrees>-6.0412400</LongitudeDegrees>
          </Position>
          <AltitudeMeters>840.5</AltitudeMeters>
          <DistanceMeters>47105.4</DistanceMeters>
        </Trackpoint>
        <Trackpoint>
          <Time>2027-05-09T10:08:38Z</Time>
          <Position>
            <LatitudeDegrees>42.4558300</LatitudeDegrees>
            <LongitudeDegrees>-6.0419000</LongitudeDegrees>
          </Position>
          <AltitudeMeters>840.4</AltitudeMeters>
          <DistanceMeters>47160.5</DistanceMeters>
        </Trackpoint>
        <Trackpoint>
          <Time>2027-05-09T10:08:51Z</Time>
          <Position>
            <LatitudeDegrees>42.4559200</LatitudeDegrees>
            <LongitudeDegrees>-6.0425600</LongitudeDegrees>
          </Position>
          <AltitudeMeters>840.3</AltitudeMeters>
          <DistanceMeters>47215.5</DistanceMeters>
        </Trackpoint>
        <Trackpoint>
          <Time>2027-05-09T10:09:08Z</Time>
          <Position>
            <LatitudeDegrees>42.4557600</LatitudeDegrees>
            <LongitudeDegrees>-6.0434000</LongitudeDegrees>
          </Position>
          <AltitudeMeters>840.1</AltitudeMeters>
          <DistanceMeters>47286.7</DistanceMeters>
        </Trackpoint>
        <Trackpoint>
          <Time>2027-05-09T10:09:20Z</Time>
          <Position>
            <LatitudeDegrees>42.4559200</LatitudeDegrees>
            <LongitudeDegrees>-6.0439400</LongitudeDegrees>
          </Position>
          <AltitudeMeters>840.0</AltitudeMeters>
          <DistanceMeters>47334.4</DistanceMeters>
        </Trackpoint>
        <Trackpoint>
          <Time>2027-05-09T10:09:40Z</Time>
          <Position>
            <LatitudeDegrees>42.4552500</LatitudeDegrees>
            <LongitudeDegrees>-6.0444200</LongitudeDegrees>
          </Position>
          <AltitudeMeters>839.9</AltitudeMeters>
          <DistanceMeters>47418.7</DistanceMeters>
        </Trackpoint>
        <Trackpoint>
          <Time>2027-05-09T10:10:02Z</Time>
          <Position>
            <LatitudeDegrees>42.4544300</LatitudeDegrees>
            <LongitudeDegrees>-6.0443700</LongitudeDegrees>
          </Position>
          <AltitudeMeters>839.7</AltitudeMeters>
          <DistanceMeters>47510.0</DistanceMeters>
        </Trackpoint>
        <Trackpoint>
          <Time>2027-05-09T10:10:08Z</Time>
          <Position>
            <LatitudeDegrees>42.4546000</LatitudeDegrees>
            <LongitudeDegrees>-6.0445700</LongitudeDegrees>
          </Position>
          <AltitudeMeters>839.7</AltitudeMeters>
          <DistanceMeters>47535.0</DistanceMeters>
        </Trackpoint>
        <Trackpoint>
          <Time>2027-05-09T10:10:11Z</Time>
          <Position>
            <LatitudeDegrees>42.4545000</LatitudeDegrees>
            <LongitudeDegrees>-6.0445000</LongitudeDegrees>
          </Position>
          <AltitudeMeters>839.7</AltitudeMeters>
          <DistanceMeters>47547.5</DistanceMeters>
        </Trackpoint>
        <Trackpoint>
          <Time>2027-05-09T10:10:15Z</Time>
          <Position>
            <LatitudeDegrees>42.4544100</LatitudeDegrees>
            <LongitudeDegrees>-6.0446600</LongitudeDegrees>
          </Position>
          <AltitudeMeters>839.8</AltitudeMeters>
          <DistanceMeters>47564.0</DistanceMeters>
        </Trackpoint>
        <Trackpoint>
          <Time>2027-05-09T10:10:17Z</Time>
          <Position>
            <LatitudeDegrees>42.4543200</LatitudeDegrees>
            <LongitudeDegrees>-6.0446100</LongitudeDegrees>
          </Position>
          <AltitudeMeters>839.8</AltitudeMeters>
          <DistanceMeters>47574.8</DistanceMeters>
        </Trackpoint>
        <Trackpoint>
          <Time>2027-05-09T10:10:26Z</Time>
          <Position>
            <LatitudeDegrees>42.4545600</LatitudeDegrees>
            <LongitudeDegrees>-6.0448800</LongitudeDegrees>
          </Position>
          <AltitudeMeters>839.9</AltitudeMeters>
          <DistanceMeters>47609.5</DistanceMeters>
        </Trackpoint>
        <Trackpoint>
          <Time>2027-05-09T10:10:30Z</Time>
          <Position>
            <LatitudeDegrees>42.4544700</LatitudeDegrees>
            <LongitudeDegrees>-6.0447200</LongitudeDegrees>
          </Position>
          <AltitudeMeters>840.0</AltitudeMeters>
          <DistanceMeters>47626.0</DistanceMeters>
        </Trackpoint>
        <Trackpoint>
          <Time>2027-05-09T10:10:33Z</Time>
          <Position>
            <LatitudeDegrees>42.4545700</LatitudeDegrees>
            <LongitudeDegrees>-6.0448200</LongitudeDegrees>
          </Position>
          <AltitudeMeters>840.5</AltitudeMeters>
          <DistanceMeters>47639.8</DistanceMeters>
        </Trackpoint>
        <Trackpoint>
          <Time>2027-05-09T10:10:40Z</Time>
          <Position>
            <LatitudeDegrees>42.4546800</LatitudeDegrees>
            <LongitudeDegrees>-6.0451400</LongitudeDegrees>
          </Position>
          <AltitudeMeters>840.9</AltitudeMeters>
          <DistanceMeters>47668.8</DistanceMeters>
        </Trackpoint>
        <Trackpoint>
          <Time>2027-05-09T10:10:53Z</Time>
          <Position>
            <LatitudeDegrees>42.4547100</LatitudeDegrees>
            <LongitudeDegrees>-6.0457800</LongitudeDegrees>
          </Position>
          <AltitudeMeters>841.3</AltitudeMeters>
          <DistanceMeters>47721.4</DistanceMeters>
        </Trackpoint>
        <Trackpoint>
          <Time>2027-05-09T10:11:05Z</Time>
          <Position>
            <LatitudeDegrees>42.4547400</LatitudeDegrees>
            <LongitudeDegrees>-6.0464200</LongitudeDegrees>
          </Position>
          <AltitudeMeters>841.6</AltitudeMeters>
          <DistanceMeters>47774.0</DistanceMeters>
        </Trackpoint>
        <Trackpoint>
          <Time>2027-05-09T10:11:18Z</Time>
          <Position>
            <LatitudeDegrees>42.4547600</LatitudeDegrees>
            <LongitudeDegrees>-6.0470500</LongitudeDegrees>
          </Position>
          <AltitudeMeters>841.7</AltitudeMeters>
          <DistanceMeters>47825.8</DistanceMeters>
        </Trackpoint>
        <Trackpoint>
          <Time>2027-05-09T10:11:30Z</Time>
          <Position>
            <LatitudeDegrees>42.4547900</LatitudeDegrees>
            <LongitudeDegrees>-6.0476900</LongitudeDegrees>
          </Position>
          <AltitudeMeters>841.6</AltitudeMeters>
          <DistanceMeters>47878.4</DistanceMeters>
        </Trackpoint>
        <Trackpoint>
          <Time>2027-05-09T10:11:36Z</Time>
          <Position>
            <LatitudeDegrees>42.4546800</LatitudeDegrees>
            <LongitudeDegrees>-6.0479600</LongitudeDegrees>
          </Position>
          <AltitudeMeters>841.4</AltitudeMeters>
          <DistanceMeters>47903.7</DistanceMeters>
        </Trackpoint>
        <Trackpoint>
          <Time>2027-05-09T10:11:41Z</Time>
          <Position>
            <LatitudeDegrees>42.4547100</LatitudeDegrees>
            <LongitudeDegrees>-6.0482100</LongitudeDegrees>
          </Position>
          <AltitudeMeters>841.2</AltitudeMeters>
          <DistanceMeters>47924.5</DistanceMeters>
        </Trackpoint>
        <Trackpoint>
          <Time>2027-05-09T10:11:46Z</Time>
          <Position>
            <LatitudeDegrees>42.4545600</LatitudeDegrees>
            <LongitudeDegrees>-6.0483700</LongitudeDegrees>
          </Position>
          <AltitudeMeters>841.4</AltitudeMeters>
          <DistanceMeters>47945.7</DistanceMeters>
        </Trackpoint>
        <Trackpoint>
          <Time>2027-05-09T10:11:51Z</Time>
          <Position>
            <LatitudeDegrees>42.4544100</LatitudeDegrees>
            <LongitudeDegrees>-6.0482900</LongitudeDegrees>
          </Position>
          <AltitudeMeters>841.9</AltitudeMeters>
          <DistanceMeters>47963.6</DistanceMeters>
        </Trackpoint>
        <Trackpoint>
          <Time>2027-05-09T10:12:05Z</Time>
          <Position>
            <LatitudeDegrees>42.4539900</LatitudeDegrees>
            <LongitudeDegrees>-6.0487700</LongitudeDegrees>
          </Position>
          <AltitudeMeters>844.8</AltitudeMeters>
          <DistanceMeters>48024.7</DistanceMeters>
        </Trackpoint>
        <Trackpoint>
          <Time>2027-05-09T10:12:16Z</Time>
          <Position>
            <LatitudeDegrees>42.4537800</LatitudeDegrees>
            <LongitudeDegrees>-6.0492200</LongitudeDegrees>
          </Position>
          <AltitudeMeters>847.5</AltitudeMeters>
          <DistanceMeters>48068.4</DistanceMeters>
        </Trackpoint>
        <Trackpoint>
          <Time>2027-05-09T10:12:40Z</Time>
          <Position>
            <LatitudeDegrees>42.4534900</LatitudeDegrees>
            <LongitudeDegrees>-6.0503600</LongitudeDegrees>
          </Position>
          <AltitudeMeters>850.6</AltitudeMeters>
          <DistanceMeters>48167.3</DistanceMeters>
        </Trackpoint>
        <Trackpoint>
          <Time>2027-05-09T10:12:55Z</Time>
          <Position>
            <LatitudeDegrees>42.4529100</LatitudeDegrees>
            <LongitudeDegrees>-6.0502200</LongitudeDegrees>
          </Position>
          <AltitudeMeters>854.0</AltitudeMeters>
          <DistanceMeters>48232.8</DistanceMeters>
        </Trackpoint>
        <Trackpoint>
          <Time>2027-05-09T10:12:58Z</Time>
          <Position>
            <LatitudeDegrees>42.4529300</LatitudeDegrees>
            <LongitudeDegrees>-6.0503300</LongitudeDegrees>
          </Position>
          <AltitudeMeters>858.2</AltitudeMeters>
          <DistanceMeters>48242.1</DistanceMeters>
        </Trackpoint>
        <Trackpoint>
          <Time>2027-05-09T10:13:06Z</Time>
          <Position>
            <LatitudeDegrees>42.4532000</LatitudeDegrees>
            <LongitudeDegrees>-6.0505500</LongitudeDegrees>
          </Position>
          <AltitudeMeters>860.1</AltitudeMeters>
          <DistanceMeters>48277.2</DistanceMeters>
        </Trackpoint>
        <Trackpoint>
          <Time>2027-05-09T10:13:20Z</Time>
          <Position>
            <LatitudeDegrees>42.4530500</LatitudeDegrees>
            <LongitudeDegrees>-6.0512500</LongitudeDegrees>
          </Position>
          <AltitudeMeters>862.6</AltitudeMeters>
          <DistanceMeters>48337.0</DistanceMeters>
        </Trackpoint>
        <Trackpoint>
          <Time>2027-05-09T10:13:24Z</Time>
          <Position>
            <LatitudeDegrees>42.4530700</LatitudeDegrees>
            <LongitudeDegrees>-6.0514500</LongitudeDegrees>
          </Position>
          <AltitudeMeters>865.4</AltitudeMeters>
          <DistanceMeters>48353.5</DistanceMeters>
        </Trackpoint>
        <Trackpoint>
          <Time>2027-05-09T10:13:40Z</Time>
          <Position>
            <LatitudeDegrees>42.4535800</LatitudeDegrees>
            <LongitudeDegrees>-6.0518300</LongitudeDegrees>
          </Position>
          <AltitudeMeters>867.6</AltitudeMeters>
          <DistanceMeters>48418.2</DistanceMeters>
        </Trackpoint>
        <Trackpoint>
          <Time>2027-05-09T10:13:58Z</Time>
          <Position>
            <LatitudeDegrees>42.4541100</LatitudeDegrees>
            <LongitudeDegrees>-6.0524000</LongitudeDegrees>
          </Position>
          <AltitudeMeters>869.0</AltitudeMeters>
          <DistanceMeters>48493.5</DistanceMeters>
        </Trackpoint>
        <Trackpoint>
          <Time>2027-05-09T10:14:01Z</Time>
          <Position>
            <LatitudeDegrees>42.4541400</LatitudeDegrees>
            <LongitudeDegrees>-6.0525500</LongitudeDegrees>
          </Position>
          <AltitudeMeters>870.3</AltitudeMeters>
          <DistanceMeters>48506.2</DistanceMeters>
        </Trackpoint>
        <Trackpoint>
          <Time>2027-05-09T10:14:10Z</Time>
          <Position>
            <LatitudeDegrees>42.4543900</LatitudeDegrees>
            <LongitudeDegrees>-6.0528800</LongitudeDegrees>
          </Position>
          <AltitudeMeters>871.5</AltitudeMeters>
          <DistanceMeters>48545.0</DistanceMeters>
        </Trackpoint>
        <Trackpoint>
          <Time>2027-05-09T10:14:16Z</Time>
          <Position>
            <LatitudeDegrees>42.4543300</LatitudeDegrees>
            <LongitudeDegrees>-6.0531400</LongitudeDegrees>
          </Position>
          <AltitudeMeters>872.1</AltitudeMeters>
          <DistanceMeters>48567.4</DistanceMeters>
        </Trackpoint>
        <Trackpoint>
          <Time>2027-05-09T10:14:24Z</Time>
          <Position>
            <LatitudeDegrees>42.4546200</LatitudeDegrees>
            <LongitudeDegrees>-6.0532500</LongitudeDegrees>
          </Position>
          <AltitudeMeters>872.7</AltitudeMeters>
          <DistanceMeters>48600.9</DistanceMeters>
        </Trackpoint>
        <Trackpoint>
          <Time>2027-05-09T10:14:29Z</Time>
          <Position>
            <LatitudeDegrees>42.4547700</LatitudeDegrees>
            <LongitudeDegrees>-6.0534600</LongitudeDegrees>
          </Position>
          <AltitudeMeters>873.0</AltitudeMeters>
          <DistanceMeters>48624.8</DistanceMeters>
        </Trackpoint>
        <Trackpoint>
          <Time>2027-05-09T10:14:44Z</Time>
          <Position>
            <LatitudeDegrees>42.4552600</LatitudeDegrees>
            <LongitudeDegrees>-6.0537700</LongitudeDegrees>
          </Position>
          <AltitudeMeters>873.0</AltitudeMeters>
          <DistanceMeters>48685.0</DistanceMeters>
        </Trackpoint>
        <Trackpoint>
          <Time>2027-05-09T10:14:58Z</Time>
          <Position>
            <LatitudeDegrees>42.4557400</LatitudeDegrees>
            <LongitudeDegrees>-6.0540900</LongitudeDegrees>
          </Position>
          <AltitudeMeters>872.7</AltitudeMeters>
          <DistanceMeters>48744.4</DistanceMeters>
        </Trackpoint>
        <Trackpoint>
          <Time>2027-05-09T10:15:13Z</Time>
          <Position>
            <LatitudeDegrees>42.4562300</LatitudeDegrees>
            <LongitudeDegrees>-6.0544000</LongitudeDegrees>
          </Position>
          <AltitudeMeters>872.2</AltitudeMeters>
          <DistanceMeters>48804.6</DistanceMeters>
        </Trackpoint>
        <Trackpoint>
          <Time>2027-05-09T10:15:20Z</Time>
          <Position>
            <LatitudeDegrees>42.4563500</LatitudeDegrees>
            <LongitudeDegrees>-6.0547600</LongitudeDegrees>
          </Position>
          <AltitudeMeters>871.6</AltitudeMeters>
          <DistanceMeters>48837.0</DistanceMeters>
        </Trackpoint>
        <Trackpoint>
          <Time>2027-05-09T10:15:30Z</Time>
          <Position>
            <LatitudeDegrees>42.4563500</LatitudeDegrees>
            <LongitudeDegrees>-6.0552300</LongitudeDegrees>
          </Position>
          <AltitudeMeters>871.2</AltitudeMeters>
          <DistanceMeters>48875.5</DistanceMeters>
        </Trackpoint>
        <Trackpoint>
          <Time>2027-05-09T10:15:34Z</Time>
          <Position>
            <LatitudeDegrees>42.4564300</LatitudeDegrees>
            <LongitudeDegrees>-6.0554400</LongitudeDegrees>
          </Position>
          <AltitudeMeters>870.6</AltitudeMeters>
          <DistanceMeters>48894.9</DistanceMeters>
        </Trackpoint>
        <Trackpoint>
          <Time>2027-05-09T10:15:47Z</Time>
          <Position>
            <LatitudeDegrees>42.4568200</LatitudeDegrees>
            <LongitudeDegrees>-6.0558400</LongitudeDegrees>
          </Position>
          <AltitudeMeters>870.7</AltitudeMeters>
          <DistanceMeters>48949.3</DistanceMeters>
        </Trackpoint>
        <Trackpoint>
          <Time>2027-05-09T10:16:01Z</Time>
          <Position>
            <LatitudeDegrees>42.4572700</LatitudeDegrees>
            <LongitudeDegrees>-6.0555300</LongitudeDegrees>
          </Position>
          <AltitudeMeters>870.9</AltitudeMeters>
          <DistanceMeters>49005.4</DistanceMeters>
        </Trackpoint>
        <Trackpoint>
          <Time>2027-05-09T10:16:19Z</Time>
          <Position>
            <LatitudeDegrees>42.4573600</LatitudeDegrees>
            <LongitudeDegrees>-6.0564500</LongitudeDegrees>
          </Position>
          <AltitudeMeters>871.3</AltitudeMeters>
          <DistanceMeters>49081.6</DistanceMeters>
        </Trackpoint>
        <Trackpoint>
          <Time>2027-05-09T10:16:26Z</Time>
          <Position>
            <LatitudeDegrees>42.4574800</LatitudeDegrees>
            <LongitudeDegrees>-6.0567700</LongitudeDegrees>
          </Position>
          <AltitudeMeters>871.7</AltitudeMeters>
          <DistanceMeters>49111.0</DistanceMeters>
        </Trackpoint>
        <Trackpoint>
          <Time>2027-05-09T10:16:32Z</Time>
          <Position>
            <LatitudeDegrees>42.4573300</LatitudeDegrees>
            <LongitudeDegrees>-6.0569700</LongitudeDegrees>
          </Position>
          <AltitudeMeters>872.3</AltitudeMeters>
          <DistanceMeters>49134.4</DistanceMeters>
        </Trackpoint>
        <Trackpoint>
          <Time>2027-05-09T10:16:44Z</Time>
          <Position>
            <LatitudeDegrees>42.4575500</LatitudeDegrees>
            <LongitudeDegrees>-6.0574900</LongitudeDegrees>
          </Position>
          <AltitudeMeters>872.7</AltitudeMeters>
          <DistanceMeters>49183.6</DistanceMeters>
        </Trackpoint>
        <Trackpoint>
          <Time>2027-05-09T10:17:01Z</Time>
          <Position>
            <LatitudeDegrees>42.4571800</LatitudeDegrees>
            <LongitudeDegrees>-6.0582300</LongitudeDegrees>
          </Position>
          <AltitudeMeters>873.0</AltitudeMeters>
          <DistanceMeters>49256.9</DistanceMeters>
        </Trackpoint>
        <Trackpoint>
          <Time>2027-05-09T10:17:19Z</Time>
          <Position>
            <LatitudeDegrees>42.4568000</LatitudeDegrees>
            <LongitudeDegrees>-6.0589700</LongitudeDegrees>
          </Position>
          <AltitudeMeters>873.5</AltitudeMeters>
          <DistanceMeters>49330.9</DistanceMeters>
        </Trackpoint>
        <Trackpoint>
          <Time>2027-05-09T10:17:32Z</Time>
          <Position>
            <LatitudeDegrees>42.4571100</LatitudeDegrees>
            <LongitudeDegrees>-6.0594700</LongitudeDegrees>
          </Position>
          <AltitudeMeters>874.2</AltitudeMeters>
          <DistanceMeters>49384.5</DistanceMeters>
        </Trackpoint>
        <Trackpoint>
          <Time>2027-05-09T10:17:44Z</Time>
          <Position>
            <LatitudeDegrees>42.4574200</LatitudeDegrees>
            <LongitudeDegrees>-6.0599600</LongitudeDegrees>
          </Position>
          <AltitudeMeters>874.7</AltitudeMeters>
          <DistanceMeters>49437.4</DistanceMeters>
        </Trackpoint>
        <Trackpoint>
          <Time>2027-05-09T10:17:57Z</Time>
          <Position>
            <LatitudeDegrees>42.4577300</LatitudeDegrees>
            <LongitudeDegrees>-6.0604600</LongitudeDegrees>
          </Position>
          <AltitudeMeters>875.0</AltitudeMeters>
          <DistanceMeters>49491.0</DistanceMeters>
        </Trackpoint>
        <Trackpoint>
          <Time>2027-05-09T10:18:10Z</Time>
          <Position>
            <LatitudeDegrees>42.4580400</LatitudeDegrees>
            <LongitudeDegrees>-6.0609500</LongitudeDegrees>
          </Position>
          <AltitudeMeters>875.3</AltitudeMeters>
          <DistanceMeters>49544.0</DistanceMeters>
        </Trackpoint>
        <Trackpoint>
          <Time>2027-05-09T10:18:23Z</Time>
          <Position>
            <LatitudeDegrees>42.4583500</LatitudeDegrees>
            <LongitudeDegrees>-6.0614500</LongitudeDegrees>
          </Position>
          <AltitudeMeters>875.6</AltitudeMeters>
          <DistanceMeters>49597.5</DistanceMeters>
        </Trackpoint>
        <Trackpoint>
          <Time>2027-05-09T10:18:36Z</Time>
          <Position>
            <LatitudeDegrees>42.4586600</LatitudeDegrees>
            <LongitudeDegrees>-6.0619400</LongitudeDegrees>
          </Position>
          <AltitudeMeters>876.0</AltitudeMeters>
          <DistanceMeters>49650.5</DistanceMeters>
        </Trackpoint>
        <Trackpoint>
          <Time>2027-05-09T10:18:51Z</Time>
          <Position>
            <LatitudeDegrees>42.4589300</LatitudeDegrees>
            <LongitudeDegrees>-6.0626300</LongitudeDegrees>
          </Position>
          <AltitudeMeters>876.4</AltitudeMeters>
          <DistanceMeters>49714.6</DistanceMeters>
        </Trackpoint>
        <Trackpoint>
          <Time>2027-05-09T10:19:01Z</Time>
          <Position>
            <LatitudeDegrees>42.4589200</LatitudeDegrees>
            <LongitudeDegrees>-6.0631300</LongitudeDegrees>
          </Position>
          <AltitudeMeters>876.8</AltitudeMeters>
          <DistanceMeters>49755.6</DistanceMeters>
        </Trackpoint>
        <Trackpoint>
          <Time>2027-05-09T10:19:17Z</Time>
          <Position>
            <LatitudeDegrees>42.4587600</LatitudeDegrees>
            <LongitudeDegrees>-6.0639200</LongitudeDegrees>
          </Position>
          <AltitudeMeters>876.8</AltitudeMeters>
          <DistanceMeters>49822.8</DistanceMeters>
        </Trackpoint>
        <Trackpoint>
          <Time>2027-05-09T10:19:33Z</Time>
          <Position>
            <LatitudeDegrees>42.4586000</LatitudeDegrees>
            <LongitudeDegrees>-6.0647100</LongitudeDegrees>
          </Position>
          <AltitudeMeters>875.9</AltitudeMeters>
          <DistanceMeters>49890.0</DistanceMeters>
        </Trackpoint>
        <Trackpoint>
          <Time>2027-05-09T10:19:46Z</Time>
          <Position>
            <LatitudeDegrees>42.4586100</LatitudeDegrees>
            <LongitudeDegrees>-6.0653600</LongitudeDegrees>
          </Position>
          <AltitudeMeters>874.5</AltitudeMeters>
          <DistanceMeters>49943.3</DistanceMeters>
        </Trackpoint>
        <Trackpoint>
          <Time>2027-05-09T10:19:59Z</Time>
          <Position>
            <LatitudeDegrees>42.4586200</LatitudeDegrees>
            <LongitudeDegrees>-6.0660000</LongitudeDegrees>
          </Position>
          <AltitudeMeters>872.5</AltitudeMeters>
          <DistanceMeters>49995.9</DistanceMeters>
        </Trackpoint>
        <Trackpoint>
          <Time>2027-05-09T10:20:11Z</Time>
          <Position>
            <LatitudeDegrees>42.4586400</LatitudeDegrees>
            <LongitudeDegrees>-6.0666500</LongitudeDegrees>
          </Position>
          <AltitudeMeters>870.5</AltitudeMeters>
          <DistanceMeters>50049.2</DistanceMeters>
        </Trackpoint>
        <Trackpoint>
          <Time>2027-05-09T10:20:24Z</Time>
          <Position>
            <LatitudeDegrees>42.4586500</LatitudeDegrees>
            <LongitudeDegrees>-6.0672900</LongitudeDegrees>
          </Position>
          <AltitudeMeters>868.6</AltitudeMeters>
          <DistanceMeters>50101.7</DistanceMeters>
        </Trackpoint>
        <Trackpoint>
          <Time>2027-05-09T10:20:37Z</Time>
          <Position>
            <LatitudeDegrees>42.4586600</LatitudeDegrees>
            <LongitudeDegrees>-6.0679400</LongitudeDegrees>
          </Position>
          <AltitudeMeters>866.8</AltitudeMeters>
          <DistanceMeters>50155.1</DistanceMeters>
        </Trackpoint>
        <Trackpoint>
          <Time>2027-05-09T10:20:51Z</Time>
          <Position>
            <LatitudeDegrees>42.4587400</LatitudeDegrees>
            <LongitudeDegrees>-6.0686600</LongitudeDegrees>
          </Position>
          <AltitudeMeters>865.5</AltitudeMeters>
          <DistanceMeters>50214.8</DistanceMeters>
        </Trackpoint>
        <Trackpoint>
          <Time>2027-05-09T10:21:05Z</Time>
          <Position>
            <LatitudeDegrees>42.4588300</LatitudeDegrees>
            <LongitudeDegrees>-6.0693800</LongitudeDegrees>
          </Position>
          <AltitudeMeters>864.5</AltitudeMeters>
          <DistanceMeters>50274.7</DistanceMeters>
        </Trackpoint>
        <Trackpoint>
          <Time>2027-05-09T10:21:20Z</Time>
          <Position>
            <LatitudeDegrees>42.4589100</LatitudeDegrees>
            <LongitudeDegrees>-6.0701000</LongitudeDegrees>
          </Position>
          <AltitudeMeters>863.5</AltitudeMeters>
          <DistanceMeters>50334.5</DistanceMeters>
        </Trackpoint>
        <Trackpoint>
          <Time>2027-05-09T10:21:34Z</Time>
          <Position>
            <LatitudeDegrees>42.4589900</LatitudeDegrees>
            <LongitudeDegrees>-6.0708200</LongitudeDegrees>
          </Position>
          <AltitudeMeters>862.5</AltitudeMeters>
          <DistanceMeters>50394.2</DistanceMeters>
        </Trackpoint>
        <Trackpoint>
          <Time>2027-05-09T10:21:47Z</Time>
          <Position>
            <LatitudeDegrees>42.4590900</LatitudeDegrees>
            <LongitudeDegrees>-6.0714700</LongitudeDegrees>
          </Position>
          <AltitudeMeters>861.6</AltitudeMeters>
          <DistanceMeters>50448.7</DistanceMeters>
        </Trackpoint>
        <Trackpoint>
          <Time>2027-05-09T10:22:00Z</Time>
          <Position>
            <LatitudeDegrees>42.4591900</LatitudeDegrees>
            <LongitudeDegrees>-6.0721100</LongitudeDegrees>
          </Position>
          <AltitudeMeters>860.4</AltitudeMeters>
          <DistanceMeters>50502.3</DistanceMeters>
        </Trackpoint>
        <Trackpoint>
          <Time>2027-05-09T10:22:13Z</Time>
          <Position>
            <LatitudeDegrees>42.4592900</LatitudeDegrees>
            <LongitudeDegrees>-6.0727600</LongitudeDegrees>
          </Position>
          <AltitudeMeters>859.1</AltitudeMeters>
          <DistanceMeters>50556.8</DistanceMeters>
        </Trackpoint>
        <Trackpoint>
          <Time>2027-05-09T10:22:26Z</Time>
          <Position>
            <LatitudeDegrees>42.4593900</LatitudeDegrees>
            <LongitudeDegrees>-6.0734000</LongitudeDegrees>
          </Position>
          <AltitudeMeters>857.9</AltitudeMeters>
          <DistanceMeters>50610.5</DistanceMeters>
        </Trackpoint>
        <Trackpoint>
          <Time>2027-05-09T10:22:40Z</Time>
          <Position>
            <LatitudeDegrees>42.4593300</LatitudeDegrees>
            <LongitudeDegrees>-6.0741000</LongitudeDegrees>
          </Position>
          <AltitudeMeters>857.1</AltitudeMeters>
          <DistanceMeters>50668.3</DistanceMeters>
        </Trackpoint>
        <Trackpoint>
          <Time>2027-05-09T10:22:54Z</Time>
          <Position>
            <LatitudeDegrees>42.4592800</LatitudeDegrees>
            <LongitudeDegrees>-6.0748000</LongitudeDegrees>
          </Position>
          <AltitudeMeters>856.5</AltitudeMeters>
          <DistanceMeters>50726.0</DistanceMeters>
        </Trackpoint>
        <Trackpoint>
          <Time>2027-05-09T10:23:08Z</Time>
          <Position>
            <LatitudeDegrees>42.4592200</LatitudeDegrees>
            <LongitudeDegrees>-6.0755000</LongitudeDegrees>
          </Position>
          <AltitudeMeters>856.6</AltitudeMeters>
          <DistanceMeters>50783.8</DistanceMeters>
        </Trackpoint>
        <Trackpoint>
          <Time>2027-05-09T10:23:21Z</Time>
          <Position>
            <LatitudeDegrees>42.4591600</LatitudeDegrees>
            <LongitudeDegrees>-6.0762000</LongitudeDegrees>
          </Position>
          <AltitudeMeters>857.1</AltitudeMeters>
          <DistanceMeters>50841.6</DistanceMeters>
        </Trackpoint>
        <Trackpoint>
          <Time>2027-05-09T10:23:35Z</Time>
          <Position>
            <LatitudeDegrees>42.4591800</LatitudeDegrees>
            <LongitudeDegrees>-6.0768800</LongitudeDegrees>
          </Position>
          <AltitudeMeters>857.6</AltitudeMeters>
          <DistanceMeters>50897.4</DistanceMeters>
        </Trackpoint>
        <Trackpoint>
          <Time>2027-05-09T10:23:48Z</Time>
          <Position>
            <LatitudeDegrees>42.4592000</LatitudeDegrees>
            <LongitudeDegrees>-6.0775500</LongitudeDegrees>
          </Position>
          <AltitudeMeters>858.2</AltitudeMeters>
          <DistanceMeters>50952.4</DistanceMeters>
        </Trackpoint>
        <Trackpoint>
          <Time>2027-05-09T10:24:01Z</Time>
          <Position>
            <LatitudeDegrees>42.4592200</LatitudeDegrees>
            <LongitudeDegrees>-6.0782300</LongitudeDegrees>
          </Position>
          <AltitudeMeters>858.8</AltitudeMeters>
          <DistanceMeters>51008.2</DistanceMeters>
        </Trackpoint>
        <Trackpoint>
          <Time>2027-05-09T10:24:15Z</Time>
          <Position>
            <LatitudeDegrees>42.4592300</LatitudeDegrees>
            <LongitudeDegrees>-6.0789000</LongitudeDegrees>
          </Position>
          <AltitudeMeters>859.2</AltitudeMeters>
          <DistanceMeters>51063.2</DistanceMeters>
        </Trackpoint>
        <Trackpoint>
          <Time>2027-05-09T10:24:28Z</Time>
          <Position>
            <LatitudeDegrees>42.4592500</LatitudeDegrees>
            <LongitudeDegrees>-6.0795800</LongitudeDegrees>
          </Position>
          <AltitudeMeters>859.3</AltitudeMeters>
          <DistanceMeters>51119.1</DistanceMeters>
        </Trackpoint>
        <Trackpoint>
          <Time>2027-05-09T10:24:41Z</Time>
          <Position>
            <LatitudeDegrees>42.4592700</LatitudeDegrees>
            <LongitudeDegrees>-6.0802500</LongitudeDegrees>
          </Position>
          <AltitudeMeters>859.5</AltitudeMeters>
          <DistanceMeters>51174.1</DistanceMeters>
        </Trackpoint>
        <Trackpoint>
          <Time>2027-05-09T10:24:55Z</Time>
          <Position>
            <LatitudeDegrees>42.4592900</LatitudeDegrees>
            <LongitudeDegrees>-6.0809300</LongitudeDegrees>
          </Position>
          <AltitudeMeters>859.5</AltitudeMeters>
          <DistanceMeters>51229.9</DistanceMeters>
        </Trackpoint>
        <Trackpoint>
          <Time>2027-05-09T10:25:07Z</Time>
          <Position>
            <LatitudeDegrees>42.4594100</LatitudeDegrees>
            <LongitudeDegrees>-6.0815300</LongitudeDegrees>
          </Position>
          <AltitudeMeters>859.4</AltitudeMeters>
          <DistanceMeters>51280.9</DistanceMeters>
        </Trackpoint>
        <Trackpoint>
          <Time>2027-05-09T10:25:19Z</Time>
          <Position>
            <LatitudeDegrees>42.4595400</LatitudeDegrees>
            <LongitudeDegrees>-6.0821400</LongitudeDegrees>
          </Position>
          <AltitudeMeters>859.6</AltitudeMeters>
          <DistanceMeters>51333.0</DistanceMeters>
        </Trackpoint>
        <Trackpoint>
          <Time>2027-05-09T10:25:32Z</Time>
          <Position>
            <LatitudeDegrees>42.4596600</LatitudeDegrees>
            <LongitudeDegrees>-6.0827400</LongitudeDegrees>
          </Position>
          <AltitudeMeters>860.0</AltitudeMeters>
          <DistanceMeters>51384.0</DistanceMeters>
        </Trackpoint>
        <Trackpoint>
          <Time>2027-05-09T10:25:44Z</Time>
          <Position>
            <LatitudeDegrees>42.4597800</LatitudeDegrees>
            <LongitudeDegrees>-6.0833400</LongitudeDegrees>
          </Position>
          <AltitudeMeters>860.7</AltitudeMeters>
          <DistanceMeters>51435.0</DistanceMeters>
        </Trackpoint>
        <Trackpoint>
          <Time>2027-05-09T10:25:56Z</Time>
          <Position>
            <LatitudeDegrees>42.4599100</LatitudeDegrees>
            <LongitudeDegrees>-6.0839500</LongitudeDegrees>
          </Position>
          <AltitudeMeters>861.4</AltitudeMeters>
          <DistanceMeters>51487.1</DistanceMeters>
        </Trackpoint>
        <Trackpoint>
          <Time>2027-05-09T10:26:09Z</Time>
          <Position>
            <LatitudeDegrees>42.4600300</LatitudeDegrees>
            <LongitudeDegrees>-6.0845500</LongitudeDegrees>
          </Position>
          <AltitudeMeters>861.9</AltitudeMeters>
          <DistanceMeters>51538.0</DistanceMeters>
        </Trackpoint>
        <Trackpoint>
          <Time>2027-05-09T10:26:21Z</Time>
          <Position>
            <LatitudeDegrees>42.4601500</LatitudeDegrees>
            <LongitudeDegrees>-6.0851500</LongitudeDegrees>
          </Position>
          <AltitudeMeters>862.4</AltitudeMeters>
          <DistanceMeters>51589.0</DistanceMeters>
        </Trackpoint>
        <Trackpoint>
          <Time>2027-05-09T10:26:33Z</Time>
          <Position>
            <LatitudeDegrees>42.4602700</LatitudeDegrees>
            <LongitudeDegrees>-6.0857500</LongitudeDegrees>
          </Position>
          <AltitudeMeters>862.6</AltitudeMeters>
          <DistanceMeters>51640.0</DistanceMeters>
        </Trackpoint>
        <Trackpoint>
          <Time>2027-05-09T10:26:46Z</Time>
          <Position>
            <LatitudeDegrees>42.4604000</LatitudeDegrees>
            <LongitudeDegrees>-6.0863600</LongitudeDegrees>
          </Position>
          <AltitudeMeters>862.6</AltitudeMeters>
          <DistanceMeters>51692.1</DistanceMeters>
        </Trackpoint>
        <Trackpoint>
          <Time>2027-05-09T10:26:58Z</Time>
          <Position>
            <LatitudeDegrees>42.4605200</LatitudeDegrees>
            <LongitudeDegrees>-6.0869600</LongitudeDegrees>
          </Position>
          <AltitudeMeters>862.6</AltitudeMeters>
          <DistanceMeters>51743.1</DistanceMeters>
        </Trackpoint>
        <Trackpoint>
          <Time>2027-05-09T10:27:03Z</Time>
          <Position>
            <LatitudeDegrees>42.4606300</LatitudeDegrees>
            <LongitudeDegrees>-6.0871700</LongitudeDegrees>
          </Position>
          <AltitudeMeters>863.0</AltitudeMeters>
          <DistanceMeters>51764.3</DistanceMeters>
        </Trackpoint>
        <Trackpoint>
          <Time>2027-05-09T10:27:15Z</Time>
          <Position>
            <LatitudeDegrees>42.4607600</LatitudeDegrees>
            <LongitudeDegrees>-6.0877800</LongitudeDegrees>
          </Position>
          <AltitudeMeters>863.2</AltitudeMeters>
          <DistanceMeters>51816.3</DistanceMeters>
        </Trackpoint>
        <Trackpoint>
          <Time>2027-05-09T10:27:28Z</Time>
          <Position>
            <LatitudeDegrees>42.4608900</LatitudeDegrees>
            <LongitudeDegrees>-6.0883800</LongitudeDegrees>
          </Position>
          <AltitudeMeters>863.5</AltitudeMeters>
          <DistanceMeters>51867.6</DistanceMeters>
        </Trackpoint>
        <Trackpoint>
          <Time>2027-05-09T10:27:40Z</Time>
          <Position>
            <LatitudeDegrees>42.4610200</LatitudeDegrees>
            <LongitudeDegrees>-6.0889900</LongitudeDegrees>
          </Position>
          <AltitudeMeters>864.0</AltitudeMeters>
          <DistanceMeters>51919.7</DistanceMeters>
        </Trackpoint>
        <Trackpoint>
          <Time>2027-05-09T10:27:53Z</Time>
          <Position>
            <LatitudeDegrees>42.4611600</LatitudeDegrees>
            <LongitudeDegrees>-6.0896000</LongitudeDegrees>
          </Position>
          <AltitudeMeters>864.6</AltitudeMeters>
          <DistanceMeters>51972.1</DistanceMeters>
        </Trackpoint>
        <Trackpoint>
          <Time>2027-05-09T10:28:05Z</Time>
          <Position>
            <LatitudeDegrees>42.4612900</LatitudeDegrees>
            <LongitudeDegrees>-6.0902100</LongitudeDegrees>
          </Position>
          <AltitudeMeters>865.2</AltitudeMeters>
          <DistanceMeters>52024.2</DistanceMeters>
        </Trackpoint>
        <Trackpoint>
          <Time>2027-05-09T10:28:18Z</Time>
          <Position>
            <LatitudeDegrees>42.4614200</LatitudeDegrees>
            <LongitudeDegrees>-6.0908100</LongitudeDegrees>
          </Position>
          <AltitudeMeters>865.9</AltitudeMeters>
          <DistanceMeters>52075.5</DistanceMeters>
        </Trackpoint>
        <Trackpoint>
          <Time>2027-05-09T10:28:30Z</Time>
          <Position>
            <LatitudeDegrees>42.4615500</LatitudeDegrees>
            <LongitudeDegrees>-6.0914200</LongitudeDegrees>
          </Position>
          <AltitudeMeters>866.2</AltitudeMeters>
          <DistanceMeters>52127.6</DistanceMeters>
        </Trackpoint>
        <Trackpoint>
          <Time>2027-05-09T10:28:48Z</Time>
          <Position>
            <LatitudeDegrees>42.4616100</LatitudeDegrees>
            <LongitudeDegrees>-6.0923100</LongitudeDegrees>
          </Position>
          <AltitudeMeters>866.4</AltitudeMeters>
          <DistanceMeters>52200.9</DistanceMeters>
        </Trackpoint>
        <Trackpoint>
          <Time>2027-05-09T10:29:05Z</Time>
          <Position>
            <LatitudeDegrees>42.4616700</LatitudeDegrees>
            <LongitudeDegrees>-6.0932000</LongitudeDegrees>
          </Position>
          <AltitudeMeters>866.8</AltitudeMeters>
          <DistanceMeters>52274.2</DistanceMeters>
        </Trackpoint>
        <Trackpoint>
          <Time>2027-05-09T10:29:18Z</Time>
          <Position>
            <LatitudeDegrees>42.4616900</LatitudeDegrees>
            <LongitudeDegrees>-6.0938400</LongitudeDegrees>
          </Position>
          <AltitudeMeters>867.3</AltitudeMeters>
          <DistanceMeters>52326.8</DistanceMeters>
        </Trackpoint>
        <Trackpoint>
          <Time>2027-05-09T10:29:31Z</Time>
          <Position>
            <LatitudeDegrees>42.4617000</LatitudeDegrees>
            <LongitudeDegrees>-6.0944800</LongitudeDegrees>
          </Position>
          <AltitudeMeters>867.5</AltitudeMeters>
          <DistanceMeters>52379.3</DistanceMeters>
        </Trackpoint>
        <Trackpoint>
          <Time>2027-05-09T10:29:43Z</Time>
          <Position>
            <LatitudeDegrees>42.4617200</LatitudeDegrees>
            <LongitudeDegrees>-6.0951100</LongitudeDegrees>
          </Position>
          <AltitudeMeters>868.1</AltitudeMeters>
          <DistanceMeters>52431.0</DistanceMeters>
        </Trackpoint>
        <Trackpoint>
          <Time>2027-05-09T10:29:56Z</Time>
          <Position>
            <LatitudeDegrees>42.4617400</LatitudeDegrees>
            <LongitudeDegrees>-6.0957500</LongitudeDegrees>
          </Position>
          <AltitudeMeters>868.5</AltitudeMeters>
          <DistanceMeters>52483.6</DistanceMeters>
        </Trackpoint>
        <Trackpoint>
          <Time>2027-05-09T10:30:08Z</Time>
          <Position>
            <LatitudeDegrees>42.4617400</LatitudeDegrees>
            <LongitudeDegrees>-6.0963800</LongitudeDegrees>
          </Position>
          <AltitudeMeters>868.7</AltitudeMeters>
          <DistanceMeters>52535.2</DistanceMeters>
        </Trackpoint>
        <Trackpoint>
          <Time>2027-05-09T10:30:14Z</Time>
          <Position>
            <LatitudeDegrees>42.4615200</LatitudeDegrees>
            <LongitudeDegrees>-6.0964600</LongitudeDegrees>
          </Position>
          <AltitudeMeters>868.8</AltitudeMeters>
          <DistanceMeters>52560.6</DistanceMeters>
        </Trackpoint>
        <Trackpoint>
          <Time>2027-05-09T10:30:29Z</Time>
          <Position>
            <LatitudeDegrees>42.4612100</LatitudeDegrees>
            <LongitudeDegrees>-6.0971200</LongitudeDegrees>
          </Position>
          <AltitudeMeters>869.0</AltitudeMeters>
          <DistanceMeters>52624.8</DistanceMeters>
        </Trackpoint>
        <Trackpoint>
          <Time>2027-05-09T10:30:45Z</Time>
          <Position>
            <LatitudeDegrees>42.4608900</LatitudeDegrees>
            <LongitudeDegrees>-6.0977800</LongitudeDegrees>
          </Position>
          <AltitudeMeters>869.3</AltitudeMeters>
          <DistanceMeters>52689.5</DistanceMeters>
        </Trackpoint>
        <Trackpoint>
          <Time>2027-05-09T10:31:00Z</Time>
          <Position>
            <LatitudeDegrees>42.4605800</LatitudeDegrees>
            <LongitudeDegrees>-6.0984400</LongitudeDegrees>
          </Position>
          <AltitudeMeters>869.9</AltitudeMeters>
          <DistanceMeters>52753.7</DistanceMeters>
        </Trackpoint>
        <Trackpoint>
          <Time>2027-05-09T10:31:07Z</Time>
          <Position>
            <LatitudeDegrees>42.4605100</LatitudeDegrees>
            <LongitudeDegrees>-6.0987700</LongitudeDegrees>
          </Position>
          <AltitudeMeters>870.6</AltitudeMeters>
          <DistanceMeters>52781.9</DistanceMeters>
        </Trackpoint>
        <Trackpoint>
          <Time>2027-05-09T10:31:20Z</Time>
          <Position>
            <LatitudeDegrees>42.4604800</LatitudeDegrees>
            <LongitudeDegrees>-6.0994200</LongitudeDegrees>
          </Position>
          <AltitudeMeters>871.3</AltitudeMeters>
          <DistanceMeters>52835.3</DistanceMeters>
        </Trackpoint>
        <Trackpoint>
          <Time>2027-05-09T10:31:33Z</Time>
          <Position>
            <LatitudeDegrees>42.4604500</LatitudeDegrees>
            <LongitudeDegrees>-6.1000800</LongitudeDegrees>
          </Position>
          <AltitudeMeters>871.9</AltitudeMeters>
          <DistanceMeters>52889.6</DistanceMeters>
        </Trackpoint>
        <Trackpoint>
          <Time>2027-05-09T10:31:46Z</Time>
          <Position>
            <LatitudeDegrees>42.4604100</LatitudeDegrees>
            <LongitudeDegrees>-6.1007300</LongitudeDegrees>
          </Position>
          <AltitudeMeters>872.6</AltitudeMeters>
          <DistanceMeters>52943.1</DistanceMeters>
        </Trackpoint>
        <Trackpoint>
          <Time>2027-05-09T10:31:59Z</Time>
          <Position>
            <LatitudeDegrees>42.4603800</LatitudeDegrees>
            <LongitudeDegrees>-6.1013900</LongitudeDegrees>
          </Position>
          <AltitudeMeters>873.1</AltitudeMeters>
          <DistanceMeters>52997.3</DistanceMeters>
        </Trackpoint>
        <Trackpoint>
          <Time>2027-05-09T10:32:12Z</Time>
          <Position>
            <LatitudeDegrees>42.4603500</LatitudeDegrees>
            <LongitudeDegrees>-6.1020400</LongitudeDegrees>
          </Position>
          <AltitudeMeters>873.7</AltitudeMeters>
          <DistanceMeters>53050.7</DistanceMeters>
        </Trackpoint>
        <Trackpoint>
          <Time>2027-05-09T10:32:16Z</Time>
          <Position>
            <LatitudeDegrees>42.4602500</LatitudeDegrees>
            <LongitudeDegrees>-6.1021900</LongitudeDegrees>
          </Position>
          <AltitudeMeters>874.5</AltitudeMeters>
          <DistanceMeters>53067.3</DistanceMeters>
        </Trackpoint>
        <Trackpoint>
          <Time>2027-05-09T10:32:28Z</Time>
          <Position>
            <LatitudeDegrees>42.4601200</LatitudeDegrees>
            <LongitudeDegrees>-6.1027800</LongitudeDegrees>
          </Position>
          <AltitudeMeters>875.7</AltitudeMeters>
          <DistanceMeters>53117.8</DistanceMeters>
        </Trackpoint>
        <Trackpoint>
          <Time>2027-05-09T10:32:40Z</Time>
          <Position>
            <LatitudeDegrees>42.4600000</LatitudeDegrees>
            <LongitudeDegrees>-6.1033700</LongitudeDegrees>
          </Position>
          <AltitudeMeters>877.0</AltitudeMeters>
          <DistanceMeters>53168.0</DistanceMeters>
        </Trackpoint>
        <Trackpoint>
          <Time>2027-05-09T10:32:52Z</Time>
          <Position>
            <LatitudeDegrees>42.4598700</LatitudeDegrees>
            <LongitudeDegrees>-6.1039600</LongitudeDegrees>
          </Position>
          <AltitudeMeters>878.5</AltitudeMeters>
          <DistanceMeters>53218.6</DistanceMeters>
        </Trackpoint>
        <Trackpoint>
          <Time>2027-05-09T10:33:04Z</Time>
          <Position>
            <LatitudeDegrees>42.4597400</LatitudeDegrees>
            <LongitudeDegrees>-6.1045500</LongitudeDegrees>
          </Position>
          <AltitudeMeters>879.9</AltitudeMeters>
          <DistanceMeters>53269.1</DistanceMeters>
        </Trackpoint>
        <Trackpoint>
          <Time>2027-05-09T10:33:16Z</Time>
          <Position>
            <LatitudeDegrees>42.4596100</LatitudeDegrees>
            <LongitudeDegrees>-6.1051400</LongitudeDegrees>
          </Position>
          <AltitudeMeters>881.3</AltitudeMeters>
          <DistanceMeters>53319.6</DistanceMeters>
        </Trackpoint>
        <Trackpoint>
          <Time>2027-05-09T10:33:28Z</Time>
          <Position>
            <LatitudeDegrees>42.4594900</LatitudeDegrees>
            <LongitudeDegrees>-6.1057300</LongitudeDegrees>
          </Position>
          <AltitudeMeters>882.3</AltitudeMeters>
          <DistanceMeters>53369.8</DistanceMeters>
        </Trackpoint>
        <Trackpoint>
          <Time>2027-05-09T10:33:40Z</Time>
          <Position>
            <LatitudeDegrees>42.4593600</LatitudeDegrees>
            <LongitudeDegrees>-6.1063200</LongitudeDegrees>
          </Position>
          <AltitudeMeters>883.0</AltitudeMeters>
          <DistanceMeters>53420.3</DistanceMeters>
        </Trackpoint>
        <Trackpoint>
          <Time>2027-05-09T10:33:53Z</Time>
          <Position>
            <LatitudeDegrees>42.4592600</LatitudeDegrees>
            <LongitudeDegrees>-6.1069300</LongitudeDegrees>
          </Position>
          <AltitudeMeters>883.6</AltitudeMeters>
          <DistanceMeters>53471.6</DistanceMeters>
        </Trackpoint>
        <Trackpoint>
          <Time>2027-05-09T10:34:05Z</Time>
          <Position>
            <LatitudeDegrees>42.4591500</LatitudeDegrees>
            <LongitudeDegrees>-6.1075400</LongitudeDegrees>
          </Position>
          <AltitudeMeters>884.1</AltitudeMeters>
          <DistanceMeters>53523.1</DistanceMeters>
        </Trackpoint>
        <Trackpoint>
          <Time>2027-05-09T10:34:18Z</Time>
          <Position>
            <LatitudeDegrees>42.4590500</LatitudeDegrees>
            <LongitudeDegrees>-6.1081600</LongitudeDegrees>
          </Position>
          <AltitudeMeters>884.6</AltitudeMeters>
          <DistanceMeters>53575.1</DistanceMeters>
        </Trackpoint>
        <Trackpoint>
          <Time>2027-05-09T10:34:30Z</Time>
          <Position>
            <LatitudeDegrees>42.4589400</LatitudeDegrees>
            <LongitudeDegrees>-6.1087700</LongitudeDegrees>
          </Position>
          <AltitudeMeters>885.3</AltitudeMeters>
          <DistanceMeters>53626.7</DistanceMeters>
        </Trackpoint>
        <Trackpoint>
          <Time>2027-05-09T10:34:42Z</Time>
          <Position>
            <LatitudeDegrees>42.4588400</LatitudeDegrees>
            <LongitudeDegrees>-6.1093800</LongitudeDegrees>
          </Position>
          <AltitudeMeters>886.2</AltitudeMeters>
          <DistanceMeters>53677.9</DistanceMeters>
        </Trackpoint>
        <Trackpoint>
          <Time>2027-05-09T10:34:55Z</Time>
          <Position>
            <LatitudeDegrees>42.4587400</LatitudeDegrees>
            <LongitudeDegrees>-6.1099900</LongitudeDegrees>
          </Position>
          <AltitudeMeters>887.1</AltitudeMeters>
          <DistanceMeters>53729.2</DistanceMeters>
        </Trackpoint>
        <Trackpoint>
          <Time>2027-05-09T10:35:07Z</Time>
          <Position>
            <LatitudeDegrees>42.4586300</LatitudeDegrees>
            <LongitudeDegrees>-6.1106000</LongitudeDegrees>
          </Position>
          <AltitudeMeters>887.9</AltitudeMeters>
          <DistanceMeters>53780.7</DistanceMeters>
        </Trackpoint>
        <Trackpoint>
          <Time>2027-05-09T10:35:19Z</Time>
          <Position>
            <LatitudeDegrees>42.4585300</LatitudeDegrees>
            <LongitudeDegrees>-6.1112100</LongitudeDegrees>
          </Position>
          <AltitudeMeters>888.6</AltitudeMeters>
          <DistanceMeters>53832.0</DistanceMeters>
        </Trackpoint>
        <Trackpoint>
          <Time>2027-05-09T10:35:32Z</Time>
          <Position>
            <LatitudeDegrees>42.4584200</LatitudeDegrees>
            <LongitudeDegrees>-6.1118300</LongitudeDegrees>
          </Position>
          <AltitudeMeters>889.3</AltitudeMeters>
          <DistanceMeters>53884.3</DistanceMeters>
        </Trackpoint>
        <Trackpoint>
          <Time>2027-05-09T10:35:44Z</Time>
          <Position>
            <LatitudeDegrees>42.4583200</LatitudeDegrees>
            <LongitudeDegrees>-6.1124400</LongitudeDegrees>
          </Position>
          <AltitudeMeters>890.0</AltitudeMeters>
          <DistanceMeters>53935.5</DistanceMeters>
        </Trackpoint>
        <Trackpoint>
          <Time>2027-05-09T10:35:56Z</Time>
          <Position>
            <LatitudeDegrees>42.4582200</LatitudeDegrees>
            <LongitudeDegrees>-6.1130500</LongitudeDegrees>
          </Position>
          <AltitudeMeters>890.8</AltitudeMeters>
          <DistanceMeters>53986.8</DistanceMeters>
        </Trackpoint>
        <Trackpoint>
          <Time>2027-05-09T10:36:09Z</Time>
          <Position>
            <LatitudeDegrees>42.4581100</LatitudeDegrees>
            <LongitudeDegrees>-6.1136600</LongitudeDegrees>
          </Position>
          <AltitudeMeters>891.9</AltitudeMeters>
          <DistanceMeters>54038.3</DistanceMeters>
        </Trackpoint>
        <Trackpoint>
          <Time>2027-05-09T10:36:21Z</Time>
          <Position>
            <LatitudeDegrees>42.4580100</LatitudeDegrees>
            <LongitudeDegrees>-6.1142700</LongitudeDegrees>
          </Position>
          <AltitudeMeters>893.1</AltitudeMeters>
          <DistanceMeters>54089.6</DistanceMeters>
        </Trackpoint>
        <Trackpoint>
          <Time>2027-05-09T10:36:34Z</Time>
          <Position>
            <LatitudeDegrees>42.4579000</LatitudeDegrees>
            <LongitudeDegrees>-6.1148900</LongitudeDegrees>
          </Position>
          <AltitudeMeters>894.1</AltitudeMeters>
          <DistanceMeters>54141.9</DistanceMeters>
        </Trackpoint>
        <Trackpoint>
          <Time>2027-05-09T10:36:46Z</Time>
          <Position>
            <LatitudeDegrees>42.4578000</LatitudeDegrees>
            <LongitudeDegrees>-6.1155000</LongitudeDegrees>
          </Position>
          <AltitudeMeters>895.3</AltitudeMeters>
          <DistanceMeters>54193.1</DistanceMeters>
        </Trackpoint>
        <Trackpoint>
          <Time>2027-05-09T10:36:58Z</Time>
          <Position>
            <LatitudeDegrees>42.4576900</LatitudeDegrees>
            <LongitudeDegrees>-6.1161100</LongitudeDegrees>
          </Position>
          <AltitudeMeters>896.7</AltitudeMeters>
          <DistanceMeters>54244.7</DistanceMeters>
        </Trackpoint>
        <Trackpoint>
          <Time>2027-05-09T10:37:11Z</Time>
          <Position>
            <LatitudeDegrees>42.4575900</LatitudeDegrees>
            <LongitudeDegrees>-6.1167200</LongitudeDegrees>
          </Position>
          <AltitudeMeters>897.6</AltitudeMeters>
          <DistanceMeters>54295.9</DistanceMeters>
        </Trackpoint>
        <Trackpoint>
          <Time>2027-05-09T10:37:23Z</Time>
          <Position>
            <LatitudeDegrees>42.4574900</LatitudeDegrees>
            <LongitudeDegrees>-6.1173300</LongitudeDegrees>
          </Position>
          <AltitudeMeters>898.4</AltitudeMeters>
          <DistanceMeters>54347.2</DistanceMeters>
        </Trackpoint>
        <Trackpoint>
          <Time>2027-05-09T10:37:35Z</Time>
          <Position>
            <LatitudeDegrees>42.4573800</LatitudeDegrees>
            <LongitudeDegrees>-6.1179400</LongitudeDegrees>
          </Position>
          <AltitudeMeters>899.4</AltitudeMeters>
          <DistanceMeters>54398.7</DistanceMeters>
        </Trackpoint>
        <Trackpoint>
          <Time>2027-05-09T10:37:48Z</Time>
          <Position>
            <LatitudeDegrees>42.4572800</LatitudeDegrees>
            <LongitudeDegrees>-6.1185600</LongitudeDegrees>
          </Position>
          <AltitudeMeters>900.7</AltitudeMeters>
          <DistanceMeters>54450.8</DistanceMeters>
        </Trackpoint>
        <Trackpoint>
          <Time>2027-05-09T10:38:00Z</Time>
          <Position>
            <LatitudeDegrees>42.4571700</LatitudeDegrees>
            <LongitudeDegrees>-6.1191700</LongitudeDegrees>
          </Position>
          <AltitudeMeters>901.9</AltitudeMeters>
          <DistanceMeters>54502.3</DistanceMeters>
        </Trackpoint>
        <Trackpoint>
          <Time>2027-05-09T10:38:12Z</Time>
          <Position>
            <LatitudeDegrees>42.4570700</LatitudeDegrees>
            <LongitudeDegrees>-6.1197800</LongitudeDegrees>
          </Position>
          <AltitudeMeters>903.5</AltitudeMeters>
          <DistanceMeters>54553.5</DistanceMeters>
        </Trackpoint>
        <Trackpoint>
          <Time>2027-05-09T10:38:24Z</Time>
          <Position>
            <LatitudeDegrees>42.4569400</LatitudeDegrees>
            <LongitudeDegrees>-6.1203700</LongitudeDegrees>
          </Position>
          <AltitudeMeters>905.3</AltitudeMeters>
          <DistanceMeters>54604.1</DistanceMeters>
        </Trackpoint>
        <Trackpoint>
          <Time>2027-05-09T10:38:36Z</Time>
          <Position>
            <LatitudeDegrees>42.4568100</LatitudeDegrees>
            <LongitudeDegrees>-6.1209500</LongitudeDegrees>
          </Position>
          <AltitudeMeters>906.9</AltitudeMeters>
          <DistanceMeters>54653.8</DistanceMeters>
        </Trackpoint>
        <Trackpoint>
          <Time>2027-05-09T10:38:49Z</Time>
          <Position>
            <LatitudeDegrees>42.4566800</LatitudeDegrees>
            <LongitudeDegrees>-6.1215400</LongitudeDegrees>
          </Position>
          <AltitudeMeters>907.9</AltitudeMeters>
          <DistanceMeters>54704.3</DistanceMeters>
        </Trackpoint>
        <Trackpoint>
          <Time>2027-05-09T10:39:01Z</Time>
          <Position>
            <LatitudeDegrees>42.4565400</LatitudeDegrees>
            <LongitudeDegrees>-6.1221200</LongitudeDegrees>
          </Position>
          <AltitudeMeters>908.4</AltitudeMeters>
          <DistanceMeters>54754.4</DistanceMeters>
        </Trackpoint>
        <Trackpoint>
          <Time>2027-05-09T10:39:13Z</Time>
          <Position>
            <LatitudeDegrees>42.4564100</LatitudeDegrees>
            <LongitudeDegrees>-6.1227100</LongitudeDegrees>
          </Position>
          <AltitudeMeters>908.8</AltitudeMeters>
          <DistanceMeters>54804.9</DistanceMeters>
        </Trackpoint>
        <Trackpoint>
          <Time>2027-05-09T10:39:25Z</Time>
          <Position>
            <LatitudeDegrees>42.4562800</LatitudeDegrees>
            <LongitudeDegrees>-6.1232900</LongitudeDegrees>
          </Position>
          <AltitudeMeters>909.2</AltitudeMeters>
          <DistanceMeters>54854.6</DistanceMeters>
        </Trackpoint>
        <Trackpoint>
          <Time>2027-05-09T10:39:37Z</Time>
          <Position>
            <LatitudeDegrees>42.4561500</LatitudeDegrees>
            <LongitudeDegrees>-6.1238800</LongitudeDegrees>
          </Position>
          <AltitudeMeters>909.6</AltitudeMeters>
          <DistanceMeters>54905.1</DistanceMeters>
        </Trackpoint>
        <Trackpoint>
          <Time>2027-05-09T10:39:49Z</Time>
          <Position>
            <LatitudeDegrees>42.4560200</LatitudeDegrees>
            <LongitudeDegrees>-6.1244600</LongitudeDegrees>
          </Position>
          <AltitudeMeters>910.1</AltitudeMeters>
          <DistanceMeters>54954.9</DistanceMeters>
        </Trackpoint>
        <Trackpoint>
          <Time>2027-05-09T10:40:01Z</Time>
          <Position>
            <LatitudeDegrees>42.4558800</LatitudeDegrees>
            <LongitudeDegrees>-6.1250500</LongitudeDegrees>
          </Position>
          <AltitudeMeters>911.1</AltitudeMeters>
          <DistanceMeters>55005.7</DistanceMeters>
        </Trackpoint>
        <Trackpoint>
          <Time>2027-05-09T10:40:13Z</Time>
          <Position>
            <LatitudeDegrees>42.4557500</LatitudeDegrees>
            <LongitudeDegrees>-6.1256300</LongitudeDegrees>
          </Position>
          <AltitudeMeters>912.0</AltitudeMeters>
          <DistanceMeters>55055.4</DistanceMeters>
        </Trackpoint>
        <Trackpoint>
          <Time>2027-05-09T10:40:25Z</Time>
          <Position>
            <LatitudeDegrees>42.4556200</LatitudeDegrees>
            <LongitudeDegrees>-6.1262200</LongitudeDegrees>
          </Position>
          <AltitudeMeters>912.9</AltitudeMeters>
          <DistanceMeters>55106.0</DistanceMeters>
        </Trackpoint>
        <Trackpoint>
          <Time>2027-05-09T10:40:37Z</Time>
          <Position>
            <LatitudeDegrees>42.4554900</LatitudeDegrees>
            <LongitudeDegrees>-6.1268000</LongitudeDegrees>
          </Position>
          <AltitudeMeters>914.0</AltitudeMeters>
          <DistanceMeters>55155.7</DistanceMeters>
        </Trackpoint>
        <Trackpoint>
          <Time>2027-05-09T10:40:50Z</Time>
          <Position>
            <LatitudeDegrees>42.4554100</LatitudeDegrees>
            <LongitudeDegrees>-6.1274500</LongitudeDegrees>
          </Position>
          <AltitudeMeters>915.1</AltitudeMeters>
          <DistanceMeters>55209.7</DistanceMeters>
        </Trackpoint>
        <Trackpoint>
          <Time>2027-05-09T10:41:03Z</Time>
          <Position>
            <LatitudeDegrees>42.4553400</LatitudeDegrees>
            <LongitudeDegrees>-6.1281000</LongitudeDegrees>
          </Position>
          <AltitudeMeters>916.2</AltitudeMeters>
          <DistanceMeters>55263.6</DistanceMeters>
        </Trackpoint>
        <Trackpoint>
          <Time>2027-05-09T10:41:16Z</Time>
          <Position>
            <LatitudeDegrees>42.4552600</LatitudeDegrees>
            <LongitudeDegrees>-6.1287400</LongitudeDegrees>
          </Position>
          <AltitudeMeters>917.5</AltitudeMeters>
          <DistanceMeters>55316.9</DistanceMeters>
        </Trackpoint>
        <Trackpoint>
          <Time>2027-05-09T10:41:29Z</Time>
          <Position>
            <LatitudeDegrees>42.4551800</LatitudeDegrees>
            <LongitudeDegrees>-6.1293900</LongitudeDegrees>
          </Position>
          <AltitudeMeters>919.0</AltitudeMeters>
          <DistanceMeters>55371.0</DistanceMeters>
        </Trackpoint>
        <Trackpoint>
          <Time>2027-05-09T10:41:42Z</Time>
          <Position>
            <LatitudeDegrees>42.4551000</LatitudeDegrees>
            <LongitudeDegrees>-6.1300400</LongitudeDegrees>
          </Position>
          <AltitudeMeters>920.5</AltitudeMeters>
          <DistanceMeters>55425.0</DistanceMeters>
        </Trackpoint>
        <Trackpoint>
          <Time>2027-05-09T10:41:54Z</Time>
          <Position>
            <LatitudeDegrees>42.4550300</LatitudeDegrees>
            <LongitudeDegrees>-6.1306900</LongitudeDegrees>
          </Position>
          <AltitudeMeters>922.1</AltitudeMeters>
          <DistanceMeters>55478.9</DistanceMeters>
        </Trackpoint>
        <Trackpoint>
          <Time>2027-05-09T10:42:07Z</Time>
          <Position>
            <LatitudeDegrees>42.4549500</LatitudeDegrees>
            <LongitudeDegrees>-6.1313300</LongitudeDegrees>
          </Position>
          <AltitudeMeters>923.8</AltitudeMeters>
          <DistanceMeters>55532.2</DistanceMeters>
        </Trackpoint>
        <Trackpoint>
          <Time>2027-05-09T10:42:20Z</Time>
          <Position>
            <LatitudeDegrees>42.4548700</LatitudeDegrees>
            <LongitudeDegrees>-6.1319800</LongitudeDegrees>
          </Position>
          <AltitudeMeters>925.3</AltitudeMeters>
          <DistanceMeters>55586.2</DistanceMeters>
        </Trackpoint>
        <Trackpoint>
          <Time>2027-05-09T10:42:33Z</Time>
          <Position>
            <LatitudeDegrees>42.4548800</LatitudeDegrees>
            <LongitudeDegrees>-6.1326200</LongitudeDegrees>
          </Position>
          <AltitudeMeters>926.7</AltitudeMeters>
          <DistanceMeters>55638.7</DistanceMeters>
        </Trackpoint>
        <Trackpoint>
          <Time>2027-05-09T10:42:45Z</Time>
          <Position>
            <LatitudeDegrees>42.4548800</LatitudeDegrees>
            <LongitudeDegrees>-6.1332600</LongitudeDegrees>
          </Position>
          <AltitudeMeters>928.0</AltitudeMeters>
          <DistanceMeters>55691.3</DistanceMeters>
        </Trackpoint>
        <Trackpoint>
          <Time>2027-05-09T10:42:58Z</Time>
          <Position>
            <LatitudeDegrees>42.4548900</LatitudeDegrees>
            <LongitudeDegrees>-6.1338900</LongitudeDegrees>
          </Position>
          <AltitudeMeters>929.5</AltitudeMeters>
          <DistanceMeters>55742.9</DistanceMeters>
        </Trackpoint>
        <Trackpoint>
          <Time>2027-05-09T10:43:10Z</Time>
          <Position>
            <LatitudeDegrees>42.4549000</LatitudeDegrees>
            <LongitudeDegrees>-6.1345300</LongitudeDegrees>
          </Position>
          <AltitudeMeters>931.2</AltitudeMeters>
          <DistanceMeters>55795.5</DistanceMeters>
        </Trackpoint>
        <Trackpoint>
          <Time>2027-05-09T10:43:23Z</Time>
          <Position>
            <LatitudeDegrees>42.4549000</LatitudeDegrees>
            <LongitudeDegrees>-6.1351700</LongitudeDegrees>
          </Position>
          <AltitudeMeters>933.0</AltitudeMeters>
          <DistanceMeters>55848.0</DistanceMeters>
        </Trackpoint>
        <Trackpoint>
          <Time>2027-05-09T10:43:36Z</Time>
          <Position>
            <LatitudeDegrees>42.4549100</LatitudeDegrees>
            <LongitudeDegrees>-6.1358100</LongitudeDegrees>
          </Position>
          <AltitudeMeters>935.0</AltitudeMeters>
          <DistanceMeters>55900.5</DistanceMeters>
        </Trackpoint>
        <Trackpoint>
          <Time>2027-05-09T10:43:48Z</Time>
          <Position>
            <LatitudeDegrees>42.4549200</LatitudeDegrees>
            <LongitudeDegrees>-6.1364500</LongitudeDegrees>
          </Position>
          <AltitudeMeters>937.4</AltitudeMeters>
          <DistanceMeters>55953.0</DistanceMeters>
        </Trackpoint>
        <Trackpoint>
          <Time>2027-05-09T10:44:01Z</Time>
          <Position>
            <LatitudeDegrees>42.4549300</LatitudeDegrees>
            <LongitudeDegrees>-6.1370900</LongitudeDegrees>
          </Position>
          <AltitudeMeters>939.8</AltitudeMeters>
          <DistanceMeters>56005.5</DistanceMeters>
        </Trackpoint>
        <Trackpoint>
          <Time>2027-05-09T10:44:13Z</Time>
          <Position>
            <LatitudeDegrees>42.4549300</LatitudeDegrees>
            <LongitudeDegrees>-6.1377200</LongitudeDegrees>
          </Position>
          <AltitudeMeters>942.1</AltitudeMeters>
          <DistanceMeters>56057.2</DistanceMeters>
        </Trackpoint>
        <Trackpoint>
          <Time>2027-05-09T10:44:26Z</Time>
          <Position>
            <LatitudeDegrees>42.4549400</LatitudeDegrees>
            <LongitudeDegrees>-6.1383600</LongitudeDegrees>
          </Position>
          <AltitudeMeters>944.3</AltitudeMeters>
          <DistanceMeters>56109.7</DistanceMeters>
        </Trackpoint>
        <Trackpoint>
          <Time>2027-05-09T10:44:38Z</Time>
          <Position>
            <LatitudeDegrees>42.4549500</LatitudeDegrees>
            <LongitudeDegrees>-6.1390000</LongitudeDegrees>
          </Position>
          <AltitudeMeters>946.3</AltitudeMeters>
          <DistanceMeters>56162.2</DistanceMeters>
        </Trackpoint>
        <Trackpoint>
          <Time>2027-05-09T10:44:51Z</Time>
          <Position>
            <LatitudeDegrees>42.4549500</LatitudeDegrees>
            <LongitudeDegrees>-6.1396400</LongitudeDegrees>
          </Position>
          <AltitudeMeters>947.9</AltitudeMeters>
          <DistanceMeters>56214.8</DistanceMeters>
        </Trackpoint>
        <Trackpoint>
          <Time>2027-05-09T10:45:04Z</Time>
          <Position>
            <LatitudeDegrees>42.4549600</LatitudeDegrees>
            <LongitudeDegrees>-6.1402800</LongitudeDegrees>
          </Position>
          <AltitudeMeters>949.3</AltitudeMeters>
          <DistanceMeters>56267.3</DistanceMeters>
        </Trackpoint>
        <Trackpoint>
          <Time>2027-05-09T10:45:16Z</Time>
          <Position>
            <LatitudeDegrees>42.4549700</LatitudeDegrees>
            <LongitudeDegrees>-6.1409100</LongitudeDegrees>
          </Position>
          <AltitudeMeters>950.6</AltitudeMeters>
          <DistanceMeters>56319.0</DistanceMeters>
        </Trackpoint>
        <Trackpoint>
          <Time>2027-05-09T10:45:29Z</Time>
          <Position>
            <LatitudeDegrees>42.4549700</LatitudeDegrees>
            <LongitudeDegrees>-6.1415500</LongitudeDegrees>
          </Position>
          <AltitudeMeters>952.0</AltitudeMeters>
          <DistanceMeters>56371.5</DistanceMeters>
        </Trackpoint>
        <Trackpoint>
          <Time>2027-05-09T10:45:41Z</Time>
          <Position>
            <LatitudeDegrees>42.4549800</LatitudeDegrees>
            <LongitudeDegrees>-6.1421900</LongitudeDegrees>
          </Position>
          <AltitudeMeters>953.6</AltitudeMeters>
          <DistanceMeters>56424.0</DistanceMeters>
        </Trackpoint>
        <Trackpoint>
          <Time>2027-05-09T10:45:55Z</Time>
          <Position>
            <LatitudeDegrees>42.4549400</LatitudeDegrees>
            <LongitudeDegrees>-6.1429000</LongitudeDegrees>
          </Position>
          <AltitudeMeters>955.4</AltitudeMeters>
          <DistanceMeters>56482.4</DistanceMeters>
        </Trackpoint>
        <Trackpoint>
          <Time>2027-05-09T10:46:09Z</Time>
          <Position>
            <LatitudeDegrees>42.4549000</LatitudeDegrees>
            <LongitudeDegrees>-6.1436200</LongitudeDegrees>
          </Position>
          <AltitudeMeters>957.4</AltitudeMeters>
          <DistanceMeters>56541.6</DistanceMeters>
        </Trackpoint>
        <Trackpoint>
          <Time>2027-05-09T10:46:24Z</Time>
          <Position>
            <LatitudeDegrees>42.4548500</LatitudeDegrees>
            <LongitudeDegrees>-6.1443300</LongitudeDegrees>
          </Position>
          <AltitudeMeters>959.2</AltitudeMeters>
          <DistanceMeters>56600.2</DistanceMeters>
        </Trackpoint>
        <Trackpoint>
          <Time>2027-05-09T10:46:38Z</Time>
          <Position>
            <LatitudeDegrees>42.4548100</LatitudeDegrees>
            <LongitudeDegrees>-6.1450400</LongitudeDegrees>
          </Position>
          <AltitudeMeters>960.9</AltitudeMeters>
          <DistanceMeters>56658.6</DistanceMeters>
        </Trackpoint>
        <Trackpoint>
          <Time>2027-05-09T10:46:50Z</Time>
          <Position>
            <LatitudeDegrees>42.4549300</LatitudeDegrees>
            <LongitudeDegrees>-6.1456700</LongitudeDegrees>
          </Position>
          <AltitudeMeters>962.6</AltitudeMeters>
          <DistanceMeters>56712.0</DistanceMeters>
        </Trackpoint>
        <Trackpoint>
          <Time>2027-05-09T10:47:03Z</Time>
          <Position>
            <LatitudeDegrees>42.4550500</LatitudeDegrees>
            <LongitudeDegrees>-6.1463000</LongitudeDegrees>
          </Position>
          <AltitudeMeters>964.3</AltitudeMeters>
          <DistanceMeters>56765.3</DistanceMeters>
        </Trackpoint>
        <Trackpoint>
          <Time>2027-05-09T10:47:16Z</Time>
          <Position>
            <LatitudeDegrees>42.4551700</LatitudeDegrees>
            <LongitudeDegrees>-6.1469200</LongitudeDegrees>
          </Position>
          <AltitudeMeters>965.7</AltitudeMeters>
          <DistanceMeters>56817.9</DistanceMeters>
        </Trackpoint>
        <Trackpoint>
          <Time>2027-05-09T10:47:29Z</Time>
          <Position>
            <LatitudeDegrees>42.4552900</LatitudeDegrees>
            <LongitudeDegrees>-6.1475500</LongitudeDegrees>
          </Position>
          <AltitudeMeters>966.8</AltitudeMeters>
          <DistanceMeters>56871.3</DistanceMeters>
        </Trackpoint>
        <Trackpoint>
          <Time>2027-05-09T10:47:43Z</Time>
          <Position>
            <LatitudeDegrees>42.4553400</LatitudeDegrees>
            <LongitudeDegrees>-6.1482600</LongitudeDegrees>
          </Position>
          <AltitudeMeters>967.5</AltitudeMeters>
          <DistanceMeters>56929.8</DistanceMeters>
        </Trackpoint>
        <Trackpoint>
          <Time>2027-05-09T10:47:57Z</Time>
          <Position>
            <LatitudeDegrees>42.4554000</LatitudeDegrees>
            <LongitudeDegrees>-6.1489700</LongitudeDegrees>
          </Position>
          <AltitudeMeters>967.9</AltitudeMeters>
          <DistanceMeters>56988.4</DistanceMeters>
        </Trackpoint>
        <Trackpoint>
          <Time>2027-05-09T10:48:09Z</Time>
          <Position>
            <LatitudeDegrees>42.4553700</LatitudeDegrees>
            <LongitudeDegrees>-6.1496000</LongitudeDegrees>
          </Position>
          <AltitudeMeters>968.4</AltitudeMeters>
          <DistanceMeters>57040.2</DistanceMeters>
        </Trackpoint>
        <Trackpoint>
          <Time>2027-05-09T10:48:21Z</Time>
          <Position>
            <LatitudeDegrees>42.4553300</LatitudeDegrees>
            <LongitudeDegrees>-6.1502200</LongitudeDegrees>
          </Position>
          <AltitudeMeters>969.2</AltitudeMeters>
          <DistanceMeters>57091.3</DistanceMeters>
        </Trackpoint>
        <Trackpoint>
          <Time>2027-05-09T10:48:34Z</Time>
          <Position>
            <LatitudeDegrees>42.4553000</LatitudeDegrees>
            <LongitudeDegrees>-6.1508500</LongitudeDegrees>
          </Position>
          <AltitudeMeters>970.2</AltitudeMeters>
          <DistanceMeters>57143.1</DistanceMeters>
        </Trackpoint>
        <Trackpoint>
          <Time>2027-05-09T10:48:46Z</Time>
          <Position>
            <LatitudeDegrees>42.4552900</LatitudeDegrees>
            <LongitudeDegrees>-6.1514700</LongitudeDegrees>
          </Position>
          <AltitudeMeters>971.4</AltitudeMeters>
          <DistanceMeters>57194.0</DistanceMeters>
        </Trackpoint>
        <Trackpoint>
          <Time>2027-05-09T10:48:58Z</Time>
          <Position>
            <LatitudeDegrees>42.4552800</LatitudeDegrees>
            <LongitudeDegrees>-6.1520900</LongitudeDegrees>
          </Position>
          <AltitudeMeters>972.6</AltitudeMeters>
          <DistanceMeters>57244.8</DistanceMeters>
        </Trackpoint>
        <Trackpoint>
          <Time>2027-05-09T10:49:10Z</Time>
          <Position>
            <LatitudeDegrees>42.4552700</LatitudeDegrees>
            <LongitudeDegrees>-6.1527100</LongitudeDegrees>
          </Position>
          <AltitudeMeters>973.3</AltitudeMeters>
          <DistanceMeters>57295.7</DistanceMeters>
        </Trackpoint>
        <Trackpoint>
          <Time>2027-05-09T10:49:23Z</Time>
          <Position>
            <LatitudeDegrees>42.4552500</LatitudeDegrees>
            <LongitudeDegrees>-6.1533300</LongitudeDegrees>
          </Position>
          <AltitudeMeters>973.5</AltitudeMeters>
          <DistanceMeters>57346.6</DistanceMeters>
        </Trackpoint>
        <Trackpoint>
          <Time>2027-05-09T10:49:35Z</Time>
          <Position>
            <LatitudeDegrees>42.4552400</LatitudeDegrees>
            <LongitudeDegrees>-6.1539500</LongitudeDegrees>
          </Position>
          <AltitudeMeters>974.1</AltitudeMeters>
          <DistanceMeters>57397.5</DistanceMeters>
        </Trackpoint>
        <Trackpoint>
          <Time>2027-05-09T10:49:47Z</Time>
          <Position>
            <LatitudeDegrees>42.4552300</LatitudeDegrees>
            <LongitudeDegrees>-6.1545700</LongitudeDegrees>
          </Position>
          <AltitudeMeters>974.6</AltitudeMeters>
          <DistanceMeters>57448.4</DistanceMeters>
        </Trackpoint>
        <Trackpoint>
          <Time>2027-05-09T10:50:10Z</Time>
          <Position>
            <LatitudeDegrees>42.4551600</LatitudeDegrees>
            <LongitudeDegrees>-6.1557200</LongitudeDegrees>
          </Position>
          <AltitudeMeters>975.2</AltitudeMeters>
          <DistanceMeters>57543.1</DistanceMeters>
        </Trackpoint>
        <Trackpoint>
          <Time>2027-05-09T10:50:22Z</Time>
          <Position>
            <LatitudeDegrees>42.4550300</LatitudeDegrees>
            <LongitudeDegrees>-6.1563100</LongitudeDegrees>
          </Position>
          <AltitudeMeters>976.3</AltitudeMeters>
          <DistanceMeters>57593.6</DistanceMeters>
        </Trackpoint>
        <Trackpoint>
          <Time>2027-05-09T10:50:37Z</Time>
          <Position>
            <LatitudeDegrees>42.4550700</LatitudeDegrees>
            <LongitudeDegrees>-6.1570800</LongitudeDegrees>
          </Position>
          <AltitudeMeters>977.8</AltitudeMeters>
          <DistanceMeters>57656.9</DistanceMeters>
        </Trackpoint>
        <Trackpoint>
          <Time>2027-05-09T10:50:52Z</Time>
          <Position>
            <LatitudeDegrees>42.4551000</LatitudeDegrees>
            <LongitudeDegrees>-6.1578500</LongitudeDegrees>
          </Position>
          <AltitudeMeters>979.4</AltitudeMeters>
          <DistanceMeters>57720.2</DistanceMeters>
        </Trackpoint>
        <Trackpoint>
          <Time>2027-05-09T10:51:06Z</Time>
          <Position>
            <LatitudeDegrees>42.4551900</LatitudeDegrees>
            <LongitudeDegrees>-6.1585100</LongitudeDegrees>
          </Position>
          <AltitudeMeters>981.0</AltitudeMeters>
          <DistanceMeters>57775.2</DistanceMeters>
        </Trackpoint>
        <Trackpoint>
          <Time>2027-05-09T10:51:19Z</Time>
          <Position>
            <LatitudeDegrees>42.4552800</LatitudeDegrees>
            <LongitudeDegrees>-6.1591700</LongitudeDegrees>
          </Position>
          <AltitudeMeters>982.5</AltitudeMeters>
          <DistanceMeters>57830.3</DistanceMeters>
        </Trackpoint>
        <Trackpoint>
          <Time>2027-05-09T10:51:32Z</Time>
          <Position>
            <LatitudeDegrees>42.4553600</LatitudeDegrees>
            <LongitudeDegrees>-6.1598400</LongitudeDegrees>
          </Position>
          <AltitudeMeters>983.6</AltitudeMeters>
          <DistanceMeters>57886.0</DistanceMeters>
        </Trackpoint>
        <Trackpoint>
          <Time>2027-05-09T10:51:45Z</Time>
          <Position>
            <LatitudeDegrees>42.4554500</LatitudeDegrees>
            <LongitudeDegrees>-6.1605000</LongitudeDegrees>
          </Position>
          <AltitudeMeters>984.2</AltitudeMeters>
          <DistanceMeters>57941.0</DistanceMeters>
        </Trackpoint>
        <Trackpoint>
          <Time>2027-05-09T10:51:59Z</Time>
          <Position>
            <LatitudeDegrees>42.4555400</LatitudeDegrees>
            <LongitudeDegrees>-6.1611600</LongitudeDegrees>
          </Position>
          <AltitudeMeters>984.2</AltitudeMeters>
          <DistanceMeters>57996.1</DistanceMeters>
        </Trackpoint>
        <Trackpoint>
          <Time>2027-05-09T10:52:11Z</Time>
          <Position>
            <LatitudeDegrees>42.4555400</LatitudeDegrees>
            <LongitudeDegrees>-6.1617800</LongitudeDegrees>
          </Position>
          <AltitudeMeters>984.0</AltitudeMeters>
          <DistanceMeters>58047.0</DistanceMeters>
        </Trackpoint>
        <Trackpoint>
          <Time>2027-05-09T10:52:23Z</Time>
          <Position>
            <LatitudeDegrees>42.4555300</LatitudeDegrees>
            <LongitudeDegrees>-6.1624000</LongitudeDegrees>
          </Position>
          <AltitudeMeters>983.7</AltitudeMeters>
          <DistanceMeters>58097.8</DistanceMeters>
        </Trackpoint>
        <Trackpoint>
          <Time>2027-05-09T10:52:36Z</Time>
          <Position>
            <LatitudeDegrees>42.4556500</LatitudeDegrees>
            <LongitudeDegrees>-6.1630500</LongitudeDegrees>
          </Position>
          <AltitudeMeters>983.5</AltitudeMeters>
          <DistanceMeters>58152.8</DistanceMeters>
        </Trackpoint>
        <Trackpoint>
          <Time>2027-05-09T10:52:49Z</Time>
          <Position>
            <LatitudeDegrees>42.4557800</LatitudeDegrees>
            <LongitudeDegrees>-6.1636900</LongitudeDegrees>
          </Position>
          <AltitudeMeters>983.6</AltitudeMeters>
          <DistanceMeters>58207.3</DistanceMeters>
        </Trackpoint>
        <Trackpoint>
          <Time>2027-05-09T10:53:02Z</Time>
          <Position>
            <LatitudeDegrees>42.4559000</LatitudeDegrees>
            <LongitudeDegrees>-6.1643400</LongitudeDegrees>
          </Position>
          <AltitudeMeters>984.1</AltitudeMeters>
          <DistanceMeters>58262.2</DistanceMeters>
        </Trackpoint>
        <Trackpoint>
          <Time>2027-05-09T10:53:16Z</Time>
          <Position>
            <LatitudeDegrees>42.4560300</LatitudeDegrees>
            <LongitudeDegrees>-6.1649800</LongitudeDegrees>
          </Position>
          <AltitudeMeters>984.9</AltitudeMeters>
          <DistanceMeters>58316.7</DistanceMeters>
        </Trackpoint>
        <Trackpoint>
          <Time>2027-05-09T10:53:29Z</Time>
          <Position>
            <LatitudeDegrees>42.4561500</LatitudeDegrees>
            <LongitudeDegrees>-6.1656300</LongitudeDegrees>
          </Position>
          <AltitudeMeters>985.9</AltitudeMeters>
          <DistanceMeters>58371.7</DistanceMeters>
        </Trackpoint>
        <Trackpoint>
          <Time>2027-05-09T10:53:32Z</Time>
          <Position>
            <LatitudeDegrees>42.4562500</LatitudeDegrees>
            <LongitudeDegrees>-6.1656800</LongitudeDegrees>
          </Position>
          <AltitudeMeters>986.8</AltitudeMeters>
          <DistanceMeters>58383.5</DistanceMeters>
        </Trackpoint>
        <Trackpoint>
          <Time>2027-05-09T10:53:54Z</Time>
          <Position>
            <LatitudeDegrees>42.4564700</LatitudeDegrees>
            <LongitudeDegrees>-6.1667700</LongitudeDegrees>
          </Position>
          <AltitudeMeters>987.4</AltitudeMeters>
          <DistanceMeters>58476.2</DistanceMeters>
        </Trackpoint>
        <Trackpoint>
          <Time>2027-05-09T10:54:06Z</Time>
          <Position>
            <LatitudeDegrees>42.4565900</LatitudeDegrees>
            <LongitudeDegrees>-6.1673900</LongitudeDegrees>
          </Position>
          <AltitudeMeters>987.8</AltitudeMeters>
          <DistanceMeters>58528.8</DistanceMeters>
        </Trackpoint>
        <Trackpoint>
          <Time>2027-05-09T10:54:19Z</Time>
          <Position>
            <LatitudeDegrees>42.4567100</LatitudeDegrees>
            <LongitudeDegrees>-6.1680100</LongitudeDegrees>
          </Position>
          <AltitudeMeters>988.1</AltitudeMeters>
          <DistanceMeters>58581.4</DistanceMeters>
        </Trackpoint>
        <Trackpoint>
          <Time>2027-05-09T10:54:32Z</Time>
          <Position>
            <LatitudeDegrees>42.4568300</LatitudeDegrees>
            <LongitudeDegrees>-6.1686300</LongitudeDegrees>
          </Position>
          <AltitudeMeters>988.3</AltitudeMeters>
          <DistanceMeters>58634.0</DistanceMeters>
        </Trackpoint>
        <Trackpoint>
          <Time>2027-05-09T10:54:45Z</Time>
          <Position>
            <LatitudeDegrees>42.4569600</LatitudeDegrees>
            <LongitudeDegrees>-6.1692600</LongitudeDegrees>
          </Position>
          <AltitudeMeters>988.6</AltitudeMeters>
          <DistanceMeters>58687.7</DistanceMeters>
        </Trackpoint>
        <Trackpoint>
          <Time>2027-05-09T10:54:57Z</Time>
          <Position>
            <LatitudeDegrees>42.4570800</LatitudeDegrees>
            <LongitudeDegrees>-6.1698800</LongitudeDegrees>
          </Position>
          <AltitudeMeters>988.9</AltitudeMeters>
          <DistanceMeters>58740.2</DistanceMeters>
        </Trackpoint>
        <Trackpoint>
          <Time>2027-05-09T10:55:10Z</Time>
          <Position>
            <LatitudeDegrees>42.4572000</LatitudeDegrees>
            <LongitudeDegrees>-6.1705000</LongitudeDegrees>
          </Position>
          <AltitudeMeters>989.3</AltitudeMeters>
          <DistanceMeters>58792.8</DistanceMeters>
        </Trackpoint>
        <Trackpoint>
          <Time>2027-05-09T10:55:22Z</Time>
          <Position>
            <LatitudeDegrees>42.4573200</LatitudeDegrees>
            <LongitudeDegrees>-6.1711200</LongitudeDegrees>
          </Position>
          <AltitudeMeters>989.9</AltitudeMeters>
          <DistanceMeters>58845.4</DistanceMeters>
        </Trackpoint>
        <Trackpoint>
          <Time>2027-05-09T10:55:35Z</Time>
          <Position>
            <LatitudeDegrees>42.4574400</LatitudeDegrees>
            <LongitudeDegrees>-6.1717400</LongitudeDegrees>
          </Position>
          <AltitudeMeters>990.4</AltitudeMeters>
          <DistanceMeters>58898.0</DistanceMeters>
        </Trackpoint>
        <Trackpoint>
          <Time>2027-05-09T10:55:48Z</Time>
          <Position>
            <LatitudeDegrees>42.4575600</LatitudeDegrees>
            <LongitudeDegrees>-6.1723600</LongitudeDegrees>
          </Position>
          <AltitudeMeters>991.0</AltitudeMeters>
          <DistanceMeters>58950.6</DistanceMeters>
        </Trackpoint>
        <Trackpoint>
          <Time>2027-05-09T10:56:00Z</Time>
          <Position>
            <LatitudeDegrees>42.4576800</LatitudeDegrees>
            <LongitudeDegrees>-6.1729800</LongitudeDegrees>
          </Position>
          <AltitudeMeters>991.9</AltitudeMeters>
          <DistanceMeters>59003.2</DistanceMeters>
        </Trackpoint>
        <Trackpoint>
          <Time>2027-05-09T10:56:13Z</Time>
          <Position>
            <LatitudeDegrees>42.4578000</LatitudeDegrees>
            <LongitudeDegrees>-6.1736000</LongitudeDegrees>
          </Position>
          <AltitudeMeters>992.9</AltitudeMeters>
          <DistanceMeters>59055.7</DistanceMeters>
        </Trackpoint>
        <Trackpoint>
          <Time>2027-05-09T10:56:26Z</Time>
          <Position>
            <LatitudeDegrees>42.4579300</LatitudeDegrees>
            <LongitudeDegrees>-6.1742300</LongitudeDegrees>
          </Position>
          <AltitudeMeters>994.0</AltitudeMeters>
          <DistanceMeters>59109.4</DistanceMeters>
        </Trackpoint>
        <Trackpoint>
          <Time>2027-05-09T10:56:38Z</Time>
          <Position>
            <LatitudeDegrees>42.4580500</LatitudeDegrees>
            <LongitudeDegrees>-6.1748500</LongitudeDegrees>
          </Position>
          <AltitudeMeters>995.2</AltitudeMeters>
          <DistanceMeters>59162.0</DistanceMeters>
        </Trackpoint>
        <Trackpoint>
          <Time>2027-05-09T10:56:51Z</Time>
          <Position>
            <LatitudeDegrees>42.4581700</LatitudeDegrees>
            <LongitudeDegrees>-6.1754700</LongitudeDegrees>
          </Position>
          <AltitudeMeters>996.3</AltitudeMeters>
          <DistanceMeters>59214.6</DistanceMeters>
        </Trackpoint>
        <Trackpoint>
          <Time>2027-05-09T10:57:04Z</Time>
          <Position>
            <LatitudeDegrees>42.4582900</LatitudeDegrees>
            <LongitudeDegrees>-6.1760900</LongitudeDegrees>
          </Position>
          <AltitudeMeters>997.1</AltitudeMeters>
          <DistanceMeters>59267.2</DistanceMeters>
        </Trackpoint>
        <Trackpoint>
          <Time>2027-05-09T10:57:16Z</Time>
          <Position>
            <LatitudeDegrees>42.4583800</LatitudeDegrees>
            <LongitudeDegrees>-6.1766900</LongitudeDegrees>
          </Position>
          <AltitudeMeters>997.8</AltitudeMeters>
          <DistanceMeters>59317.4</DistanceMeters>
        </Trackpoint>
        <Trackpoint>
          <Time>2027-05-09T10:57:28Z</Time>
          <Position>
            <LatitudeDegrees>42.4584800</LatitudeDegrees>
            <LongitudeDegrees>-6.1772900</LongitudeDegrees>
          </Position>
          <AltitudeMeters>998.4</AltitudeMeters>
          <DistanceMeters>59367.8</DistanceMeters>
        </Trackpoint>
        <Trackpoint>
          <Time>2027-05-09T10:57:40Z</Time>
          <Position>
            <LatitudeDegrees>42.4585700</LatitudeDegrees>
            <LongitudeDegrees>-6.1778900</LongitudeDegrees>
          </Position>
          <AltitudeMeters>998.9</AltitudeMeters>
          <DistanceMeters>59418.1</DistanceMeters>
        </Trackpoint>
        <Trackpoint>
          <Time>2027-05-09T10:57:52Z</Time>
          <Position>
            <LatitudeDegrees>42.4586600</LatitudeDegrees>
            <LongitudeDegrees>-6.1784800</LongitudeDegrees>
          </Position>
          <AltitudeMeters>999.6</AltitudeMeters>
          <DistanceMeters>59467.5</DistanceMeters>
        </Trackpoint>
        <Trackpoint>
          <Time>2027-05-09T10:58:04Z</Time>
          <Position>
            <LatitudeDegrees>42.4587600</LatitudeDegrees>
            <LongitudeDegrees>-6.1790800</LongitudeDegrees>
          </Position>
          <AltitudeMeters>1000.4</AltitudeMeters>
          <DistanceMeters>59518.0</DistanceMeters>
        </Trackpoint>
        <Trackpoint>
          <Time>2027-05-09T10:58:16Z</Time>
          <Position>
            <LatitudeDegrees>42.4588500</LatitudeDegrees>
            <LongitudeDegrees>-6.1796800</LongitudeDegrees>
          </Position>
          <AltitudeMeters>1001.0</AltitudeMeters>
          <DistanceMeters>59568.2</DistanceMeters>
        </Trackpoint>
        <Trackpoint>
          <Time>2027-05-09T10:58:28Z</Time>
          <Position>
            <LatitudeDegrees>42.4589400</LatitudeDegrees>
            <LongitudeDegrees>-6.1802800</LongitudeDegrees>
          </Position>
          <AltitudeMeters>1001.4</AltitudeMeters>
          <DistanceMeters>59618.4</DistanceMeters>
        </Trackpoint>
        <Trackpoint>
          <Time>2027-05-09T10:58:40Z</Time>
          <Position>
            <LatitudeDegrees>42.4590400</LatitudeDegrees>
            <LongitudeDegrees>-6.1808800</LongitudeDegrees>
          </Position>
          <AltitudeMeters>1001.7</AltitudeMeters>
          <DistanceMeters>59668.9</DistanceMeters>
        </Trackpoint>
        <Trackpoint>
          <Time>2027-05-09T10:58:52Z</Time>
          <Position>
            <LatitudeDegrees>42.4591300</LatitudeDegrees>
            <LongitudeDegrees>-6.1814800</LongitudeDegrees>
          </Position>
          <AltitudeMeters>1001.8</AltitudeMeters>
          <DistanceMeters>59719.1</DistanceMeters>
        </Trackpoint>
        <Trackpoint>
          <Time>2027-05-09T10:59:04Z</Time>
          <Position>
            <LatitudeDegrees>42.4592200</LatitudeDegrees>
            <LongitudeDegrees>-6.1820700</LongitudeDegrees>
          </Position>
          <AltitudeMeters>1001.7</AltitudeMeters>
          <DistanceMeters>59768.5</DistanceMeters>
        </Trackpoint>
        <Trackpoint>
          <Time>2027-05-09T10:59:16Z</Time>
          <Position>
            <LatitudeDegrees>42.4593200</LatitudeDegrees>
            <LongitudeDegrees>-6.1826700</LongitudeDegrees>
          </Position>
          <AltitudeMeters>1001.5</AltitudeMeters>
          <DistanceMeters>59819.0</DistanceMeters>
        </Trackpoint>
        <Trackpoint>
          <Time>2027-05-09T10:59:28Z</Time>
          <Position>
            <LatitudeDegrees>42.4594100</LatitudeDegrees>
            <LongitudeDegrees>-6.1832700</LongitudeDegrees>
          </Position>
          <AltitudeMeters>1001.1</AltitudeMeters>
          <DistanceMeters>59869.2</DistanceMeters>
        </Trackpoint>
        <Trackpoint>
          <Time>2027-05-09T10:59:44Z</Time>
          <Position>
            <LatitudeDegrees>42.4596800</LatitudeDegrees>
            <LongitudeDegrees>-6.1840000</LongitudeDegrees>
          </Position>
          <AltitudeMeters>1001.0</AltitudeMeters>
          <DistanceMeters>59936.2</DistanceMeters>
        </Trackpoint>
        <Trackpoint>
          <Time>2027-05-09T11:00:00Z</Time>
          <Position>
            <LatitudeDegrees>42.4599400</LatitudeDegrees>
            <LongitudeDegrees>-6.1847300</LongitudeDegrees>
          </Position>
          <AltitudeMeters>1001.1</AltitudeMeters>
          <DistanceMeters>60002.7</DistanceMeters>
        </Trackpoint>
        <Trackpoint>
          <Time>2027-05-09T11:00:11Z</Time>
          <Position>
            <LatitudeDegrees>42.4600500</LatitudeDegrees>
            <LongitudeDegrees>-6.1852600</LongitudeDegrees>
          </Position>
          <AltitudeMeters>1001.8</AltitudeMeters>
          <DistanceMeters>60047.9</DistanceMeters>
        </Trackpoint>
        <Trackpoint>
          <Time>2027-05-09T11:00:24Z</Time>
          <Position>
            <LatitudeDegrees>42.4601400</LatitudeDegrees>
            <LongitudeDegrees>-6.1859000</LongitudeDegrees>
          </Position>
          <AltitudeMeters>1002.7</AltitudeMeters>
          <DistanceMeters>60101.3</DistanceMeters>
        </Trackpoint>
        <Trackpoint>
          <Time>2027-05-09T11:00:37Z</Time>
          <Position>
            <LatitudeDegrees>42.4602400</LatitudeDegrees>
            <LongitudeDegrees>-6.1865500</LongitudeDegrees>
          </Position>
          <AltitudeMeters>1003.7</AltitudeMeters>
          <DistanceMeters>60155.8</DistanceMeters>
        </Trackpoint>
        <Trackpoint>
          <Time>2027-05-09T11:00:50Z</Time>
          <Position>
            <LatitudeDegrees>42.4603300</LatitudeDegrees>
            <LongitudeDegrees>-6.1871900</LongitudeDegrees>
          </Position>
          <AltitudeMeters>1004.8</AltitudeMeters>
          <DistanceMeters>60209.2</DistanceMeters>
        </Trackpoint>
        <Trackpoint>
          <Time>2027-05-09T11:01:03Z</Time>
          <Position>
            <LatitudeDegrees>42.4604200</LatitudeDegrees>
            <LongitudeDegrees>-6.1878300</LongitudeDegrees>
          </Position>
          <AltitudeMeters>1005.9</AltitudeMeters>
          <DistanceMeters>60262.7</DistanceMeters>
        </Trackpoint>
        <Trackpoint>
          <Time>2027-05-09T11:01:15Z</Time>
          <Position>
            <LatitudeDegrees>42.4605200</LatitudeDegrees>
            <LongitudeDegrees>-6.1884700</LongitudeDegrees>
          </Position>
          <AltitudeMeters>1006.9</AltitudeMeters>
          <DistanceMeters>60316.4</DistanceMeters>
        </Trackpoint>
        <Trackpoint>
          <Time>2027-05-09T11:01:28Z</Time>
          <Position>
            <LatitudeDegrees>42.4606100</LatitudeDegrees>
            <LongitudeDegrees>-6.1891200</LongitudeDegrees>
          </Position>
          <AltitudeMeters>1007.9</AltitudeMeters>
          <DistanceMeters>60370.6</DistanceMeters>
        </Trackpoint>
        <Trackpoint>
          <Time>2027-05-09T11:01:41Z</Time>
          <Position>
            <LatitudeDegrees>42.4607100</LatitudeDegrees>
            <LongitudeDegrees>-6.1897600</LongitudeDegrees>
          </Position>
          <AltitudeMeters>1009.0</AltitudeMeters>
          <DistanceMeters>60424.3</DistanceMeters>
        </Trackpoint>
        <Trackpoint>
          <Time>2027-05-09T11:01:54Z</Time>
          <Position>
            <LatitudeDegrees>42.4608000</LatitudeDegrees>
            <LongitudeDegrees>-6.1904000</LongitudeDegrees>
          </Position>
          <AltitudeMeters>1009.8</AltitudeMeters>
          <DistanceMeters>60477.7</DistanceMeters>
        </Trackpoint>
        <Trackpoint>
          <Time>2027-05-09T11:02:07Z</Time>
          <Position>
            <LatitudeDegrees>42.4608900</LatitudeDegrees>
            <LongitudeDegrees>-6.1910400</LongitudeDegrees>
          </Position>
          <AltitudeMeters>1010.3</AltitudeMeters>
          <DistanceMeters>60531.2</DistanceMeters>
        </Trackpoint>
        <Trackpoint>
          <Time>2027-05-09T11:02:20Z</Time>
          <Position>
            <LatitudeDegrees>42.4609900</LatitudeDegrees>
            <LongitudeDegrees>-6.1916900</LongitudeDegrees>
          </Position>
          <AltitudeMeters>1010.6</AltitudeMeters>
          <DistanceMeters>60585.6</DistanceMeters>
        </Trackpoint>
        <Trackpoint>
          <Time>2027-05-09T11:02:33Z</Time>
          <Position>
            <LatitudeDegrees>42.4610800</LatitudeDegrees>
            <LongitudeDegrees>-6.1923300</LongitudeDegrees>
          </Position>
          <AltitudeMeters>1011.0</AltitudeMeters>
          <DistanceMeters>60639.1</DistanceMeters>
        </Trackpoint>
        <Trackpoint>
          <Time>2027-05-09T11:02:46Z</Time>
          <Position>
            <LatitudeDegrees>42.4610900</LatitudeDegrees>
            <LongitudeDegrees>-6.1929900</LongitudeDegrees>
          </Position>
          <AltitudeMeters>1011.5</AltitudeMeters>
          <DistanceMeters>60693.2</DistanceMeters>
        </Trackpoint>
        <Trackpoint>
          <Time>2027-05-09T11:02:59Z</Time>
          <Position>
            <LatitudeDegrees>42.4610900</LatitudeDegrees>
            <LongitudeDegrees>-6.1936500</LongitudeDegrees>
          </Position>
          <AltitudeMeters>1012.0</AltitudeMeters>
          <DistanceMeters>60747.4</DistanceMeters>
        </Trackpoint>
        <Trackpoint>
          <Time>2027-05-09T11:03:12Z</Time>
          <Position>
            <LatitudeDegrees>42.4611000</LatitudeDegrees>
            <LongitudeDegrees>-6.1943000</LongitudeDegrees>
          </Position>
          <AltitudeMeters>1012.5</AltitudeMeters>
          <DistanceMeters>60800.7</DistanceMeters>
        </Trackpoint>
        <Trackpoint>
          <Time>2027-05-09T11:03:25Z</Time>
          <Position>
            <LatitudeDegrees>42.4611000</LatitudeDegrees>
            <LongitudeDegrees>-6.1949600</LongitudeDegrees>
          </Position>
          <AltitudeMeters>1013.2</AltitudeMeters>
          <DistanceMeters>60854.8</DistanceMeters>
        </Trackpoint>
        <Trackpoint>
          <Time>2027-05-09T11:03:39Z</Time>
          <Position>
            <LatitudeDegrees>42.4610900</LatitudeDegrees>
            <LongitudeDegrees>-6.1956800</LongitudeDegrees>
          </Position>
          <AltitudeMeters>1013.9</AltitudeMeters>
          <DistanceMeters>60913.9</DistanceMeters>
        </Trackpoint>
        <Trackpoint>
          <Time>2027-05-09T11:03:53Z</Time>
          <Position>
            <LatitudeDegrees>42.4610800</LatitudeDegrees>
            <LongitudeDegrees>-6.1964000</LongitudeDegrees>
          </Position>
          <AltitudeMeters>1014.8</AltitudeMeters>
          <DistanceMeters>60973.0</DistanceMeters>
        </Trackpoint>
        <Trackpoint>
          <Time>2027-05-09T11:04:07Z</Time>
          <Position>
            <LatitudeDegrees>42.4610600</LatitudeDegrees>
            <LongitudeDegrees>-6.1971200</LongitudeDegrees>
          </Position>
          <AltitudeMeters>1015.8</AltitudeMeters>
          <DistanceMeters>61032.1</DistanceMeters>
        </Trackpoint>
        <Trackpoint>
          <Time>2027-05-09T11:04:21Z</Time>
          <Position>
            <LatitudeDegrees>42.4610500</LatitudeDegrees>
            <LongitudeDegrees>-6.1978400</LongitudeDegrees>
          </Position>
          <AltitudeMeters>1016.6</AltitudeMeters>
          <DistanceMeters>61091.2</DistanceMeters>
        </Trackpoint>
        <Trackpoint>
          <Time>2027-05-09T11:04:36Z</Time>
          <Position>
            <LatitudeDegrees>42.4610400</LatitudeDegrees>
            <LongitudeDegrees>-6.1985600</LongitudeDegrees>
          </Position>
          <AltitudeMeters>1017.1</AltitudeMeters>
          <DistanceMeters>61150.3</DistanceMeters>
        </Trackpoint>
        <Trackpoint>
          <Time>2027-05-09T11:04:49Z</Time>
          <Position>
            <LatitudeDegrees>42.4611600</LatitudeDegrees>
            <LongitudeDegrees>-6.1992000</LongitudeDegrees>
          </Position>
          <AltitudeMeters>1017.4</AltitudeMeters>
          <DistanceMeters>61204.4</DistanceMeters>
        </Trackpoint>
        <Trackpoint>
          <Time>2027-05-09T11:05:01Z</Time>
          <Position>
            <LatitudeDegrees>42.4612900</LatitudeDegrees>
            <LongitudeDegrees>-6.1998300</LongitudeDegrees>
          </Position>
          <AltitudeMeters>1017.1</AltitudeMeters>
          <DistanceMeters>61258.1</DistanceMeters>
        </Trackpoint>
        <Trackpoint>
          <Time>2027-05-09T11:05:14Z</Time>
          <Position>
            <LatitudeDegrees>42.4614100</LatitudeDegrees>
            <LongitudeDegrees>-6.2004700</LongitudeDegrees>
          </Position>
          <AltitudeMeters>1016.9</AltitudeMeters>
          <DistanceMeters>61312.3</DistanceMeters>
        </Trackpoint>
        <Trackpoint>
          <Time>2027-05-09T11:05:37Z</Time>
          <Position>
            <LatitudeDegrees>42.4614700</LatitudeDegrees>
            <LongitudeDegrees>-6.2016300</LongitudeDegrees>
          </Position>
          <AltitudeMeters>1016.6</AltitudeMeters>
          <DistanceMeters>61407.6</DistanceMeters>
        </Trackpoint>
        <Trackpoint>
          <Time>2027-05-09T11:05:50Z</Time>
          <Position>
            <LatitudeDegrees>42.4616000</LatitudeDegrees>
            <LongitudeDegrees>-6.2022500</LongitudeDegrees>
          </Position>
          <AltitudeMeters>1016.3</AltitudeMeters>
          <DistanceMeters>61460.5</DistanceMeters>
        </Trackpoint>
        <Trackpoint>
          <Time>2027-05-09T11:06:03Z</Time>
          <Position>
            <LatitudeDegrees>42.4617300</LatitudeDegrees>
            <LongitudeDegrees>-6.2028700</LongitudeDegrees>
          </Position>
          <AltitudeMeters>1016.0</AltitudeMeters>
          <DistanceMeters>61513.4</DistanceMeters>
        </Trackpoint>
        <Trackpoint>
          <Time>2027-05-09T11:06:06Z</Time>
          <Position>
            <LatitudeDegrees>42.4616200</LatitudeDegrees>
            <LongitudeDegrees>-6.2029100</LongitudeDegrees>
          </Position>
          <AltitudeMeters>1015.8</AltitudeMeters>
          <DistanceMeters>61526.1</DistanceMeters>
        </Trackpoint>
        <Trackpoint>
          <Time>2027-05-09T11:06:20Z</Time>
          <Position>
            <LatitudeDegrees>42.4617800</LatitudeDegrees>
            <LongitudeDegrees>-6.2036200</LongitudeDegrees>
          </Position>
          <AltitudeMeters>1015.6</AltitudeMeters>
          <DistanceMeters>61587.0</DistanceMeters>
        </Trackpoint>
        <Trackpoint>
          <Time>2027-05-09T11:06:35Z</Time>
          <Position>
            <LatitudeDegrees>42.4619300</LatitudeDegrees>
            <LongitudeDegrees>-6.2043300</LongitudeDegrees>
          </Position>
          <AltitudeMeters>1015.7</AltitudeMeters>
          <DistanceMeters>61647.5</DistanceMeters>
        </Trackpoint>
        <Trackpoint>
          <Time>2027-05-09T11:06:54Z</Time>
          <Position>
            <LatitudeDegrees>42.4623900</LatitudeDegrees>
            <LongitudeDegrees>-6.2050400</LongitudeDegrees>
          </Position>
          <AltitudeMeters>1016.0</AltitudeMeters>
          <DistanceMeters>61725.1</DistanceMeters>
        </Trackpoint>
        <Trackpoint>
          <Time>2027-05-09T11:07:09Z</Time>
          <Position>
            <LatitudeDegrees>42.4626800</LatitudeDegrees>
            <LongitudeDegrees>-6.2057000</LongitudeDegrees>
          </Position>
          <AltitudeMeters>1016.4</AltitudeMeters>
          <DistanceMeters>61788.1</DistanceMeters>
        </Trackpoint>
        <Trackpoint>
          <Time>2027-05-09T11:07:22Z</Time>
          <Position>
            <LatitudeDegrees>42.4628100</LatitudeDegrees>
            <LongitudeDegrees>-6.2063600</LongitudeDegrees>
          </Position>
          <AltitudeMeters>1017.1</AltitudeMeters>
          <DistanceMeters>61844.1</DistanceMeters>
        </Trackpoint>
        <Trackpoint>
          <Time>2027-05-09T11:07:32Z</Time>
          <Position>
            <LatitudeDegrees>42.4627600</LatitudeDegrees>
            <LongitudeDegrees>-6.2068600</LongitudeDegrees>
          </Position>
          <AltitudeMeters>1017.7</AltitudeMeters>
          <DistanceMeters>61885.5</DistanceMeters>
        </Trackpoint>
        <Trackpoint>
          <Time>2027-05-09T11:07:47Z</Time>
          <Position>
            <LatitudeDegrees>42.4630200</LatitudeDegrees>
            <LongitudeDegrees>-6.2075600</LongitudeDegrees>
          </Position>
          <AltitudeMeters>1017.7</AltitudeMeters>
          <DistanceMeters>61949.8</DistanceMeters>
        </Trackpoint>
        <Trackpoint>
          <Time>2027-05-09T11:07:58Z</Time>
          <Position>
            <LatitudeDegrees>42.4630200</LatitudeDegrees>
            <LongitudeDegrees>-6.2080800</LongitudeDegrees>
          </Position>
          <AltitudeMeters>1017.4</AltitudeMeters>
          <DistanceMeters>61992.4</DistanceMeters>
        </Trackpoint>
        <Trackpoint>
          <Time>2027-05-09T11:08:05Z</Time>
          <Position>
            <LatitudeDegrees>42.4628300</LatitudeDegrees>
            <LongitudeDegrees>-6.2083500</LongitudeDegrees>
          </Position>
          <AltitudeMeters>1017.0</AltitudeMeters>
          <DistanceMeters>62023.1</DistanceMeters>
        </Trackpoint>
        <Trackpoint>
          <Time>2027-05-09T11:08:13Z</Time>
          <Position>
            <LatitudeDegrees>42.4625500</LatitudeDegrees>
            <LongitudeDegrees>-6.2083900</LongitudeDegrees>
          </Position>
          <AltitudeMeters>1016.5</AltitudeMeters>
          <DistanceMeters>62054.4</DistanceMeters>
        </Trackpoint>
        <Trackpoint>
          <Time>2027-05-09T11:08:25Z</Time>
          <Position>
            <LatitudeDegrees>42.4626100</LatitudeDegrees>
            <LongitudeDegrees>-6.2090000</LongitudeDegrees>
          </Position>
          <AltitudeMeters>1015.9</AltitudeMeters>
          <DistanceMeters>62104.8</DistanceMeters>
        </Trackpoint>
        <Trackpoint>
          <Time>2027-05-09T11:08:37Z</Time>
          <Position>
            <LatitudeDegrees>42.4626700</LatitudeDegrees>
            <LongitudeDegrees>-6.2096100</LongitudeDegrees>
          </Position>
          <AltitudeMeters>1015.3</AltitudeMeters>
          <DistanceMeters>62155.3</DistanceMeters>
        </Trackpoint>
        <Trackpoint>
          <Time>2027-05-09T11:08:49Z</Time>
          <Position>
            <LatitudeDegrees>42.4627300</LatitudeDegrees>
            <LongitudeDegrees>-6.2102200</LongitudeDegrees>
          </Position>
          <AltitudeMeters>1015.0</AltitudeMeters>
          <DistanceMeters>62205.8</DistanceMeters>
        </Trackpoint>
        <Trackpoint>
          <Time>2027-05-09T11:09:01Z</Time>
          <Position>
            <LatitudeDegrees>42.4627900</LatitudeDegrees>
            <LongitudeDegrees>-6.2108300</LongitudeDegrees>
          </Position>
          <AltitudeMeters>1014.7</AltitudeMeters>
          <DistanceMeters>62256.3</DistanceMeters>
        </Trackpoint>
        <Trackpoint>
          <Time>2027-05-09T11:09:04Z</Time>
          <Position>
            <LatitudeDegrees>42.4628700</LatitudeDegrees>
            <LongitudeDegrees>-6.2109600</LongitudeDegrees>
          </Position>
          <AltitudeMeters>1014.2</AltitudeMeters>
          <DistanceMeters>62270.2</DistanceMeters>
        </Trackpoint>
        <Trackpoint>
          <Time>2027-05-09T11:09:17Z</Time>
          <Position>
            <LatitudeDegrees>42.4629100</LatitudeDegrees>
            <LongitudeDegrees>-6.2115800</LongitudeDegrees>
          </Position>
          <AltitudeMeters>1013.8</AltitudeMeters>
          <DistanceMeters>62321.2</DistanceMeters>
        </Trackpoint>
        <Trackpoint>
          <Time>2027-05-09T11:09:29Z</Time>
          <Position>
            <LatitudeDegrees>42.4629500</LatitudeDegrees>
            <LongitudeDegrees>-6.2121900</LongitudeDegrees>
          </Position>
          <AltitudeMeters>1013.4</AltitudeMeters>
          <DistanceMeters>62371.5</DistanceMeters>
        </Trackpoint>
        <Trackpoint>
          <Time>2027-05-09T11:09:41Z</Time>
          <Position>
            <LatitudeDegrees>42.4629900</LatitudeDegrees>
            <LongitudeDegrees>-6.2128100</LongitudeDegrees>
          </Position>
          <AltitudeMeters>1013.0</AltitudeMeters>
          <DistanceMeters>62422.5</DistanceMeters>
        </Trackpoint>
        <Trackpoint>
          <Time>2027-05-09T11:09:53Z</Time>
          <Position>
            <LatitudeDegrees>42.4630200</LatitudeDegrees>
            <LongitudeDegrees>-6.2134200</LongitudeDegrees>
          </Position>
          <AltitudeMeters>1012.8</AltitudeMeters>
          <DistanceMeters>62472.7</DistanceMeters>
        </Trackpoint>
        <Trackpoint>
          <Time>2027-05-09T11:10:05Z</Time>
          <Position>
            <LatitudeDegrees>42.4630600</LatitudeDegrees>
            <LongitudeDegrees>-6.2140400</LongitudeDegrees>
          </Position>
          <AltitudeMeters>1013.0</AltitudeMeters>
          <DistanceMeters>62523.7</DistanceMeters>
        </Trackpoint>
        <Trackpoint>
          <Time>2027-05-09T11:10:17Z</Time>
          <Position>
            <LatitudeDegrees>42.4631000</LatitudeDegrees>
            <LongitudeDegrees>-6.2146500</LongitudeDegrees>
          </Position>
          <AltitudeMeters>1013.5</AltitudeMeters>
          <DistanceMeters>62573.9</DistanceMeters>
        </Trackpoint>
        <Trackpoint>
          <Time>2027-05-09T11:10:33Z</Time>
          <Position>
            <LatitudeDegrees>42.4632000</LatitudeDegrees>
            <LongitudeDegrees>-6.2154200</LongitudeDegrees>
          </Position>
          <AltitudeMeters>1014.1</AltitudeMeters>
          <DistanceMeters>62638.1</DistanceMeters>
        </Trackpoint>
        <Trackpoint>
          <Time>2027-05-09T11:10:46Z</Time>
          <Position>
            <LatitudeDegrees>42.4633300</LatitudeDegrees>
            <LongitudeDegrees>-6.2160700</LongitudeDegrees>
          </Position>
          <AltitudeMeters>1014.6</AltitudeMeters>
          <DistanceMeters>62693.3</DistanceMeters>
        </Trackpoint>
        <Trackpoint>
          <Time>2027-05-09T11:10:59Z</Time>
          <Position>
            <LatitudeDegrees>42.4634600</LatitudeDegrees>
            <LongitudeDegrees>-6.2167100</LongitudeDegrees>
          </Position>
          <AltitudeMeters>1014.8</AltitudeMeters>
          <DistanceMeters>62747.8</DistanceMeters>
        </Trackpoint>
        <Trackpoint>
          <Time>2027-05-09T11:11:15Z</Time>
          <Position>
            <LatitudeDegrees>42.4637500</LatitudeDegrees>
            <LongitudeDegrees>-6.2174400</LongitudeDegrees>
          </Position>
          <AltitudeMeters>1015.1</AltitudeMeters>
          <DistanceMeters>62815.8</DistanceMeters>
        </Trackpoint>
        <Trackpoint>
          <Time>2027-05-09T11:11:28Z</Time>
          <Position>
            <LatitudeDegrees>42.4640900</LatitudeDegrees>
            <LongitudeDegrees>-6.2178700</LongitudeDegrees>
          </Position>
          <AltitudeMeters>1015.1</AltitudeMeters>
          <DistanceMeters>62867.5</DistanceMeters>
        </Trackpoint>
        <Trackpoint>
          <Time>2027-05-09T11:11:40Z</Time>
          <Position>
            <LatitudeDegrees>42.4644200</LatitudeDegrees>
            <LongitudeDegrees>-6.2183000</LongitudeDegrees>
          </Position>
          <AltitudeMeters>1015.2</AltitudeMeters>
          <DistanceMeters>62918.4</DistanceMeters>
        </Trackpoint>
        <Trackpoint>
          <Time>2027-05-09T11:11:47Z</Time>
          <Position>
            <LatitudeDegrees>42.4645300</LatitudeDegrees>
            <LongitudeDegrees>-6.2186100</LongitudeDegrees>
          </Position>
          <AltitudeMeters>1015.8</AltitudeMeters>
          <DistanceMeters>62946.6</DistanceMeters>
        </Trackpoint>
        <Trackpoint>
          <Time>2027-05-09T11:11:59Z</Time>
          <Position>
            <LatitudeDegrees>42.4644200</LatitudeDegrees>
            <LongitudeDegrees>-6.2192400</LongitudeDegrees>
          </Position>
          <AltitudeMeters>1016.7</AltitudeMeters>
          <DistanceMeters>62999.7</DistanceMeters>
        </Trackpoint>
        <Trackpoint>
          <Time>2027-05-09T11:12:12Z</Time>
          <Position>
            <LatitudeDegrees>42.4643200</LatitudeDegrees>
            <LongitudeDegrees>-6.2198800</LongitudeDegrees>
          </Position>
          <AltitudeMeters>1018.0</AltitudeMeters>
          <DistanceMeters>63053.4</DistanceMeters>
        </Trackpoint>
        <Trackpoint>
          <Time>2027-05-09T11:12:25Z</Time>
          <Position>
            <LatitudeDegrees>42.4642100</LatitudeDegrees>
            <LongitudeDegrees>-6.2205100</LongitudeDegrees>
          </Position>
          <AltitudeMeters>1020.0</AltitudeMeters>
          <DistanceMeters>63106.5</DistanceMeters>
        </Trackpoint>
        <Trackpoint>
          <Time>2027-05-09T11:12:38Z</Time>
          <Position>
            <LatitudeDegrees>42.4641000</LatitudeDegrees>
            <LongitudeDegrees>-6.2211400</LongitudeDegrees>
          </Position>
          <AltitudeMeters>1022.0</AltitudeMeters>
          <DistanceMeters>63159.6</DistanceMeters>
        </Trackpoint>
        <Trackpoint>
          <Time>2027-05-09T11:12:53Z</Time>
          <Position>
            <LatitudeDegrees>42.4640200</LatitudeDegrees>
            <LongitudeDegrees>-6.2219200</LongitudeDegrees>
          </Position>
          <AltitudeMeters>1023.8</AltitudeMeters>
          <DistanceMeters>63224.2</DistanceMeters>
        </Trackpoint>
        <Trackpoint>
          <Time>2027-05-09T11:13:06Z</Time>
          <Position>
            <LatitudeDegrees>42.4640300</LatitudeDegrees>
            <LongitudeDegrees>-6.2225900</LongitudeDegrees>
          </Position>
          <AltitudeMeters>1025.4</AltitudeMeters>
          <DistanceMeters>63279.2</DistanceMeters>
        </Trackpoint>
        <Trackpoint>
          <Time>2027-05-09T11:13:20Z</Time>
          <Position>
            <LatitudeDegrees>42.4640400</LatitudeDegrees>
            <LongitudeDegrees>-6.2232600</LongitudeDegrees>
          </Position>
          <AltitudeMeters>1026.6</AltitudeMeters>
          <DistanceMeters>63334.1</DistanceMeters>
        </Trackpoint>
        <Trackpoint>
          <Time>2027-05-09T11:13:33Z</Time>
          <Position>
            <LatitudeDegrees>42.4641100</LatitudeDegrees>
            <LongitudeDegrees>-6.2239100</LongitudeDegrees>
          </Position>
          <AltitudeMeters>1027.7</AltitudeMeters>
          <DistanceMeters>63388.0</DistanceMeters>
        </Trackpoint>
        <Trackpoint>
          <Time>2027-05-09T11:13:45Z</Time>
          <Position>
            <LatitudeDegrees>42.4641700</LatitudeDegrees>
            <LongitudeDegrees>-6.2245500</LongitudeDegrees>
          </Position>
          <AltitudeMeters>1028.7</AltitudeMeters>
          <DistanceMeters>63440.9</DistanceMeters>
        </Trackpoint>
        <Trackpoint>
          <Time>2027-05-09T11:14:02Z</Time>
          <Position>
            <LatitudeDegrees>42.4644200</LatitudeDegrees>
            <LongitudeDegrees>-6.2253400</LongitudeDegrees>
          </Position>
          <AltitudeMeters>1029.9</AltitudeMeters>
          <DistanceMeters>63511.5</DistanceMeters>
        </Trackpoint>
        <Trackpoint>
          <Time>2027-05-09T11:14:06Z</Time>
          <Position>
            <LatitudeDegrees>42.4644300</LatitudeDegrees>
            <LongitudeDegrees>-6.2255500</LongitudeDegrees>
          </Position>
          <AltitudeMeters>1031.1</AltitudeMeters>
          <DistanceMeters>63528.7</DistanceMeters>
        </Trackpoint>
        <Trackpoint>
          <Time>2027-05-09T11:14:19Z</Time>
          <Position>
            <LatitudeDegrees>42.4646300</LatitudeDegrees>
            <LongitudeDegrees>-6.2261100</LongitudeDegrees>
          </Position>
          <AltitudeMeters>1032.3</AltitudeMeters>
          <DistanceMeters>63579.7</DistanceMeters>
        </Trackpoint>
        <Trackpoint>
          <Time>2027-05-09T11:14:31Z</Time>
          <Position>
            <LatitudeDegrees>42.4648400</LatitudeDegrees>
            <LongitudeDegrees>-6.2266700</LongitudeDegrees>
          </Position>
          <AltitudeMeters>1033.1</AltitudeMeters>
          <DistanceMeters>63631.3</DistanceMeters>
        </Trackpoint>
        <Trackpoint>
          <Time>2027-05-09T11:14:43Z</Time>
          <Position>
            <LatitudeDegrees>42.4650400</LatitudeDegrees>
            <LongitudeDegrees>-6.2272400</LongitudeDegrees>
          </Position>
          <AltitudeMeters>1034.2</AltitudeMeters>
          <DistanceMeters>63683.1</DistanceMeters>
        </Trackpoint>
        <Trackpoint>
          <Time>2027-05-09T11:14:56Z</Time>
          <Position>
            <LatitudeDegrees>42.4652400</LatitudeDegrees>
            <LongitudeDegrees>-6.2278000</LongitudeDegrees>
          </Position>
          <AltitudeMeters>1035.1</AltitudeMeters>
          <DistanceMeters>63734.1</DistanceMeters>
        </Trackpoint>
        <Trackpoint>
          <Time>2027-05-09T11:15:08Z</Time>
          <Position>
            <LatitudeDegrees>42.4654400</LatitudeDegrees>
            <LongitudeDegrees>-6.2283600</LongitudeDegrees>
          </Position>
          <AltitudeMeters>1036.1</AltitudeMeters>
          <DistanceMeters>63785.1</DistanceMeters>
        </Trackpoint>
        <Trackpoint>
          <Time>2027-05-09T11:15:20Z</Time>
          <Position>
            <LatitudeDegrees>42.4656500</LatitudeDegrees>
            <LongitudeDegrees>-6.2289200</LongitudeDegrees>
          </Position>
          <AltitudeMeters>1037.3</AltitudeMeters>
          <DistanceMeters>63836.7</DistanceMeters>
        </Trackpoint>
        <Trackpoint>
          <Time>2027-05-09T11:15:33Z</Time>
          <Position>
            <LatitudeDegrees>42.4658500</LatitudeDegrees>
            <LongitudeDegrees>-6.2294800</LongitudeDegrees>
          </Position>
          <AltitudeMeters>1038.8</AltitudeMeters>
          <DistanceMeters>63887.7</DistanceMeters>
        </Trackpoint>
        <Trackpoint>
          <Time>2027-05-09T11:15:45Z</Time>
          <Position>
            <LatitudeDegrees>42.4660500</LatitudeDegrees>
            <LongitudeDegrees>-6.2300500</LongitudeDegrees>
          </Position>
          <AltitudeMeters>1040.5</AltitudeMeters>
          <DistanceMeters>63939.5</DistanceMeters>
        </Trackpoint>
        <Trackpoint>
          <Time>2027-05-09T11:15:57Z</Time>
          <Position>
            <LatitudeDegrees>42.4662600</LatitudeDegrees>
            <LongitudeDegrees>-6.2306100</LongitudeDegrees>
          </Position>
          <AltitudeMeters>1042.4</AltitudeMeters>
          <DistanceMeters>63991.0</DistanceMeters>
        </Trackpoint>
        <Trackpoint>
          <Time>2027-05-09T11:16:10Z</Time>
          <Position>
            <LatitudeDegrees>42.4664600</LatitudeDegrees>
            <LongitudeDegrees>-6.2311700</LongitudeDegrees>
          </Position>
          <AltitudeMeters>1044.2</AltitudeMeters>
          <DistanceMeters>64042.0</DistanceMeters>
        </Trackpoint>
        <Trackpoint>
          <Time>2027-05-09T11:16:22Z</Time>
          <Position>
            <LatitudeDegrees>42.4666600</LatitudeDegrees>
            <LongitudeDegrees>-6.2317300</LongitudeDegrees>
          </Position>
          <AltitudeMeters>1045.7</AltitudeMeters>
          <DistanceMeters>64093.1</DistanceMeters>
        </Trackpoint>
        <Trackpoint>
          <Time>2027-05-09T11:16:34Z</Time>
          <Position>
            <LatitudeDegrees>42.4668600</LatitudeDegrees>
            <LongitudeDegrees>-6.2322900</LongitudeDegrees>
          </Position>
          <AltitudeMeters>1047.0</AltitudeMeters>
          <DistanceMeters>64144.1</DistanceMeters>
        </Trackpoint>
        <Trackpoint>
          <Time>2027-05-09T11:16:46Z</Time>
          <Position>
            <LatitudeDegrees>42.4670700</LatitudeDegrees>
            <LongitudeDegrees>-6.2328500</LongitudeDegrees>
          </Position>
          <AltitudeMeters>1048.2</AltitudeMeters>
          <DistanceMeters>64195.6</DistanceMeters>
        </Trackpoint>
        <Trackpoint>
          <Time>2027-05-09T11:16:59Z</Time>
          <Position>
            <LatitudeDegrees>42.4672700</LatitudeDegrees>
            <LongitudeDegrees>-6.2334200</LongitudeDegrees>
          </Position>
          <AltitudeMeters>1049.4</AltitudeMeters>
          <DistanceMeters>64247.4</DistanceMeters>
        </Trackpoint>
        <Trackpoint>
          <Time>2027-05-09T11:17:11Z</Time>
          <Position>
            <LatitudeDegrees>42.4674700</LatitudeDegrees>
            <LongitudeDegrees>-6.2339800</LongitudeDegrees>
          </Position>
          <AltitudeMeters>1050.6</AltitudeMeters>
          <DistanceMeters>64298.4</DistanceMeters>
        </Trackpoint>
        <Trackpoint>
          <Time>2027-05-09T11:17:23Z</Time>
          <Position>
            <LatitudeDegrees>42.4676800</LatitudeDegrees>
            <LongitudeDegrees>-6.2345400</LongitudeDegrees>
          </Position>
          <AltitudeMeters>1052.1</AltitudeMeters>
          <DistanceMeters>64350.0</DistanceMeters>
        </Trackpoint>
        <Trackpoint>
          <Time>2027-05-09T11:17:36Z</Time>
          <Position>
            <LatitudeDegrees>42.4678800</LatitudeDegrees>
            <LongitudeDegrees>-6.2351000</LongitudeDegrees>
          </Position>
          <AltitudeMeters>1053.7</AltitudeMeters>
          <DistanceMeters>64401.0</DistanceMeters>
        </Trackpoint>
        <Trackpoint>
          <Time>2027-05-09T11:17:48Z</Time>
          <Position>
            <LatitudeDegrees>42.4680800</LatitudeDegrees>
            <LongitudeDegrees>-6.2356600</LongitudeDegrees>
          </Position>
          <AltitudeMeters>1055.2</AltitudeMeters>
          <DistanceMeters>64452.0</DistanceMeters>
        </Trackpoint>
        <Trackpoint>
          <Time>2027-05-09T11:18:00Z</Time>
          <Position>
            <LatitudeDegrees>42.4682800</LatitudeDegrees>
            <LongitudeDegrees>-6.2362300</LongitudeDegrees>
          </Position>
          <AltitudeMeters>1056.5</AltitudeMeters>
          <DistanceMeters>64503.8</DistanceMeters>
        </Trackpoint>
        <Trackpoint>
          <Time>2027-05-09T11:18:13Z</Time>
          <Position>
            <LatitudeDegrees>42.4684900</LatitudeDegrees>
            <LongitudeDegrees>-6.2367900</LongitudeDegrees>
          </Position>
          <AltitudeMeters>1057.7</AltitudeMeters>
          <DistanceMeters>64555.3</DistanceMeters>
        </Trackpoint>
        <Trackpoint>
          <Time>2027-05-09T11:18:25Z</Time>
          <Position>
            <LatitudeDegrees>42.4686900</LatitudeDegrees>
            <LongitudeDegrees>-6.2373500</LongitudeDegrees>
          </Position>
          <AltitudeMeters>1058.6</AltitudeMeters>
          <DistanceMeters>64606.4</DistanceMeters>
        </Trackpoint>
        <Trackpoint>
          <Time>2027-05-09T11:18:31Z</Time>
          <Position>
            <LatitudeDegrees>42.4688000</LatitudeDegrees>
            <LongitudeDegrees>-6.2376000</LongitudeDegrees>
          </Position>
          <AltitudeMeters>1059.3</AltitudeMeters>
          <DistanceMeters>64630.2</DistanceMeters>
        </Trackpoint>
        <Trackpoint>
          <Time>2027-05-09T11:18:34Z</Time>
          <Position>
            <LatitudeDegrees>42.4689000</LatitudeDegrees>
            <LongitudeDegrees>-6.2376800</LongitudeDegrees>
          </Position>
          <AltitudeMeters>1059.9</AltitudeMeters>
          <DistanceMeters>64643.1</DistanceMeters>
        </Trackpoint>
        <Trackpoint>
          <Time>2027-05-09T11:18:47Z</Time>
          <Position>
            <LatitudeDegrees>42.4691500</LatitudeDegrees>
            <LongitudeDegrees>-6.2382700</LongitudeDegrees>
          </Position>
          <AltitudeMeters>1060.6</AltitudeMeters>
          <DistanceMeters>64699.0</DistanceMeters>
        </Trackpoint>
        <Trackpoint>
          <Time>2027-05-09T11:19:00Z</Time>
          <Position>
            <LatitudeDegrees>42.4693900</LatitudeDegrees>
            <LongitudeDegrees>-6.2388500</LongitudeDegrees>
          </Position>
          <AltitudeMeters>1061.4</AltitudeMeters>
          <DistanceMeters>64753.5</DistanceMeters>
        </Trackpoint>
        <Trackpoint>
          <Time>2027-05-09T11:19:13Z</Time>
          <Position>
            <LatitudeDegrees>42.4696000</LatitudeDegrees>
            <LongitudeDegrees>-6.2394100</LongitudeDegrees>
          </Position>
          <AltitudeMeters>1062.2</AltitudeMeters>
          <DistanceMeters>64805.0</DistanceMeters>
        </Trackpoint>
        <Trackpoint>
          <Time>2027-05-09T11:19:25Z</Time>
          <Position>
            <LatitudeDegrees>42.4698100</LatitudeDegrees>
            <LongitudeDegrees>-6.2399700</LongitudeDegrees>
          </Position>
          <AltitudeMeters>1063.0</AltitudeMeters>
          <DistanceMeters>64856.6</DistanceMeters>
        </Trackpoint>
        <Trackpoint>
          <Time>2027-05-09T11:19:37Z</Time>
          <Position>
            <LatitudeDegrees>42.4700300</LatitudeDegrees>
            <LongitudeDegrees>-6.2405200</LongitudeDegrees>
          </Position>
          <AltitudeMeters>1063.9</AltitudeMeters>
          <DistanceMeters>64907.9</DistanceMeters>
        </Trackpoint>
        <Trackpoint>
          <Time>2027-05-09T11:19:50Z</Time>
          <Position>
            <LatitudeDegrees>42.4702400</LatitudeDegrees>
            <LongitudeDegrees>-6.2410800</LongitudeDegrees>
          </Position>
          <AltitudeMeters>1064.6</AltitudeMeters>
          <DistanceMeters>64959.4</DistanceMeters>
        </Trackpoint>
        <Trackpoint>
          <Time>2027-05-09T11:20:02Z</Time>
          <Position>
            <LatitudeDegrees>42.4704500</LatitudeDegrees>
            <LongitudeDegrees>-6.2416400</LongitudeDegrees>
          </Position>
          <AltitudeMeters>1065.0</AltitudeMeters>
          <DistanceMeters>65010.9</DistanceMeters>
        </Trackpoint>
        <Trackpoint>
          <Time>2027-05-09T11:20:14Z</Time>
          <Position>
            <LatitudeDegrees>42.4706600</LatitudeDegrees>
            <LongitudeDegrees>-6.2422000</LongitudeDegrees>
          </Position>
          <AltitudeMeters>1065.1</AltitudeMeters>
          <DistanceMeters>65062.5</DistanceMeters>
        </Trackpoint>
        <Trackpoint>
          <Time>2027-05-09T11:20:27Z</Time>
          <Position>
            <LatitudeDegrees>42.4708800</LatitudeDegrees>
            <LongitudeDegrees>-6.2427500</LongitudeDegrees>
          </Position>
          <AltitudeMeters>1065.2</AltitudeMeters>
          <DistanceMeters>65113.8</DistanceMeters>
        </Trackpoint>
        <Trackpoint>
          <Time>2027-05-09T11:20:39Z</Time>
          <Position>
            <LatitudeDegrees>42.4710900</LatitudeDegrees>
            <LongitudeDegrees>-6.2433100</LongitudeDegrees>
          </Position>
          <AltitudeMeters>1065.3</AltitudeMeters>
          <DistanceMeters>65165.3</DistanceMeters>
        </Trackpoint>
        <Trackpoint>
          <Time>2027-05-09T11:20:52Z</Time>
          <Position>
            <LatitudeDegrees>42.4713000</LatitudeDegrees>
            <LongitudeDegrees>-6.2438700</LongitudeDegrees>
          </Position>
          <AltitudeMeters>1065.3</AltitudeMeters>
          <DistanceMeters>65216.8</DistanceMeters>
        </Trackpoint>
        <Trackpoint>
          <Time>2027-05-09T11:21:04Z</Time>
          <Position>
            <LatitudeDegrees>42.4715700</LatitudeDegrees>
            <LongitudeDegrees>-6.2443700</LongitudeDegrees>
          </Position>
          <AltitudeMeters>1065.2</AltitudeMeters>
          <DistanceMeters>65267.6</DistanceMeters>
        </Trackpoint>
        <Trackpoint>
          <Time>2027-05-09T11:21:17Z</Time>
          <Position>
            <LatitudeDegrees>42.4717400</LatitudeDegrees>
            <LongitudeDegrees>-6.2449900</LongitudeDegrees>
          </Position>
          <AltitudeMeters>1064.9</AltitudeMeters>
          <DistanceMeters>65321.9</DistanceMeters>
        </Trackpoint>
        <Trackpoint>
          <Time>2027-05-09T11:21:30Z</Time>
          <Position>
            <LatitudeDegrees>42.4719100</LatitudeDegrees>
            <LongitudeDegrees>-6.2456100</LongitudeDegrees>
          </Position>
          <AltitudeMeters>1064.2</AltitudeMeters>
          <DistanceMeters>65376.2</DistanceMeters>
        </Trackpoint>
        <Trackpoint>
          <Time>2027-05-09T11:21:43Z</Time>
          <Position>
            <LatitudeDegrees>42.4720800</LatitudeDegrees>
            <LongitudeDegrees>-6.2462200</LongitudeDegrees>
          </Position>
          <AltitudeMeters>1063.5</AltitudeMeters>
          <DistanceMeters>65429.6</DistanceMeters>
        </Trackpoint>
        <Trackpoint>
          <Time>2027-05-09T11:21:56Z</Time>
          <Position>
            <LatitudeDegrees>42.4722500</LatitudeDegrees>
            <LongitudeDegrees>-6.2468400</LongitudeDegrees>
          </Position>
          <AltitudeMeters>1062.9</AltitudeMeters>
          <DistanceMeters>65483.9</DistanceMeters>
        </Trackpoint>
        <Trackpoint>
          <Time>2027-05-09T11:22:09Z</Time>
          <Position>
            <LatitudeDegrees>42.4724200</LatitudeDegrees>
            <LongitudeDegrees>-6.2474600</LongitudeDegrees>
          </Position>
          <AltitudeMeters>1062.5</AltitudeMeters>
          <DistanceMeters>65538.1</DistanceMeters>
        </Trackpoint>
        <Trackpoint>
          <Time>2027-05-09T11:22:14Z</Time>
          <Position>
            <LatitudeDegrees>42.4725300</LatitudeDegrees>
            <LongitudeDegrees>-6.2476600</LongitudeDegrees>
          </Position>
          <AltitudeMeters>1062.6</AltitudeMeters>
          <DistanceMeters>65558.6</DistanceMeters>
        </Trackpoint>
        <Trackpoint>
          <Time>2027-05-09T11:22:26Z</Time>
          <Position>
            <LatitudeDegrees>42.4726200</LatitudeDegrees>
            <LongitudeDegrees>-6.2482600</LongitudeDegrees>
          </Position>
          <AltitudeMeters>1062.8</AltitudeMeters>
          <DistanceMeters>65608.8</DistanceMeters>
        </Trackpoint>
        <Trackpoint>
          <Time>2027-05-09T11:22:41Z</Time>
          <Position>
            <LatitudeDegrees>42.4728000</LatitudeDegrees>
            <LongitudeDegrees>-6.2490000</LongitudeDegrees>
          </Position>
          <AltitudeMeters>1062.3</AltitudeMeters>
          <DistanceMeters>65672.7</DistanceMeters>
        </Trackpoint>
        <Trackpoint>
          <Time>2027-05-09T11:22:56Z</Time>
          <Position>
            <LatitudeDegrees>42.4729700</LatitudeDegrees>
            <LongitudeDegrees>-6.2497300</LongitudeDegrees>
          </Position>
          <AltitudeMeters>1061.8</AltitudeMeters>
          <DistanceMeters>65735.5</DistanceMeters>
        </Trackpoint>
        <Trackpoint>
          <Time>2027-05-09T11:23:11Z</Time>
          <Position>
            <LatitudeDegrees>42.4731500</LatitudeDegrees>
            <LongitudeDegrees>-6.2504700</LongitudeDegrees>
          </Position>
          <AltitudeMeters>1062.2</AltitudeMeters>
          <DistanceMeters>65799.4</DistanceMeters>
        </Trackpoint>
        <Trackpoint>
          <Time>2027-05-09T11:23:33Z</Time>
          <Position>
            <LatitudeDegrees>42.4735600</LatitudeDegrees>
            <LongitudeDegrees>-6.2514100</LongitudeDegrees>
          </Position>
          <AltitudeMeters>1062.8</AltitudeMeters>
          <DistanceMeters>65889.0</DistanceMeters>
        </Trackpoint>
        <Trackpoint>
          <Time>2027-05-09T11:23:48Z</Time>
          <Position>
            <LatitudeDegrees>42.4738800</LatitudeDegrees>
            <LongitudeDegrees>-6.2520300</LongitudeDegrees>
          </Position>
          <AltitudeMeters>1063.3</AltitudeMeters>
          <DistanceMeters>65951.0</DistanceMeters>
        </Trackpoint>
        <Trackpoint>
          <Time>2027-05-09T11:24:03Z</Time>
          <Position>
            <LatitudeDegrees>42.4742000</LatitudeDegrees>
            <LongitudeDegrees>-6.2526500</LongitudeDegrees>
          </Position>
          <AltitudeMeters>1063.7</AltitudeMeters>
          <DistanceMeters>66013.1</DistanceMeters>
        </Trackpoint>
        <Trackpoint>
          <Time>2027-05-09T11:24:10Z</Time>
          <Position>
            <LatitudeDegrees>42.4741500</LatitudeDegrees>
            <LongitudeDegrees>-6.2530100</LongitudeDegrees>
          </Position>
          <AltitudeMeters>1064.3</AltitudeMeters>
          <DistanceMeters>66043.2</DistanceMeters>
        </Trackpoint>
        <Trackpoint>
          <Time>2027-05-09T11:24:23Z</Time>
          <Position>
            <LatitudeDegrees>42.4741700</LatitudeDegrees>
            <LongitudeDegrees>-6.2536800</LongitudeDegrees>
          </Position>
          <AltitudeMeters>1064.5</AltitudeMeters>
          <DistanceMeters>66098.2</DistanceMeters>
        </Trackpoint>
        <Trackpoint>
          <Time>2027-05-09T11:24:36Z</Time>
          <Position>
            <LatitudeDegrees>42.4741900</LatitudeDegrees>
            <LongitudeDegrees>-6.2543400</LongitudeDegrees>
          </Position>
          <AltitudeMeters>1064.4</AltitudeMeters>
          <DistanceMeters>66152.3</DistanceMeters>
        </Trackpoint>
        <Trackpoint>
          <Time>2027-05-09T11:24:46Z</Time>
          <Position>
            <LatitudeDegrees>42.4744900</LatitudeDegrees>
            <LongitudeDegrees>-6.2546700</LongitudeDegrees>
          </Position>
          <AltitudeMeters>1065.0</AltitudeMeters>
          <DistanceMeters>66195.3</DistanceMeters>
        </Trackpoint>
        <Trackpoint>
          <Time>2027-05-09T11:24:48Z</Time>
          <Position>
            <LatitudeDegrees>42.4745000</LatitudeDegrees>
            <LongitudeDegrees>-6.2547700</LongitudeDegrees>
          </Position>
          <AltitudeMeters>1066.6</AltitudeMeters>
          <DistanceMeters>66203.6</DistanceMeters>
        </Trackpoint>
        <Trackpoint>
          <Time>2027-05-09T11:24:53Z</Time>
          <Position>
            <LatitudeDegrees>42.4746600</LatitudeDegrees>
            <LongitudeDegrees>-6.2548800</LongitudeDegrees>
          </Position>
          <AltitudeMeters>1068.6</AltitudeMeters>
          <DistanceMeters>66223.5</DistanceMeters>
        </Trackpoint>
        <Trackpoint>
          <Time>2027-05-09T11:25:05Z</Time>
          <Position>
            <LatitudeDegrees>42.4749300</LatitudeDegrees>
            <LongitudeDegrees>-6.2553900</LongitudeDegrees>
          </Position>
          <AltitudeMeters>1072.3</AltitudeMeters>
          <DistanceMeters>66275.0</DistanceMeters>
        </Trackpoint>
        <Trackpoint>
          <Time>2027-05-09T11:25:18Z</Time>
          <Position>
            <LatitudeDegrees>42.4751000</LatitudeDegrees>
            <LongitudeDegrees>-6.2559700</LongitudeDegrees>
          </Position>
          <AltitudeMeters>1076.0</AltitudeMeters>
          <DistanceMeters>66326.2</DistanceMeters>
        </Trackpoint>
        <Trackpoint>
          <Time>2027-05-09T11:25:40Z</Time>
          <Position>
            <LatitudeDegrees>42.4752700</LatitudeDegrees>
            <LongitudeDegrees>-6.2570900</LongitudeDegrees>
          </Position>
          <AltitudeMeters>1081.0</AltitudeMeters>
          <DistanceMeters>66420.0</DistanceMeters>
        </Trackpoint>
        <Trackpoint>
          <Time>2027-05-09T11:25:48Z</Time>
          <Position>
            <LatitudeDegrees>42.4754700</LatitudeDegrees>
            <LongitudeDegrees>-6.2573500</LongitudeDegrees>
          </Position>
          <AltitudeMeters>1086.3</AltitudeMeters>
          <DistanceMeters>66450.8</DistanceMeters>
        </Trackpoint>
        <Trackpoint>
          <Time>2027-05-09T11:26:10Z</Time>
          <Position>
            <LatitudeDegrees>42.4759200</LatitudeDegrees>
            <LongitudeDegrees>-6.2583200</LongitudeDegrees>
          </Position>
          <AltitudeMeters>1091.3</AltitudeMeters>
          <DistanceMeters>66544.8</DistanceMeters>
        </Trackpoint>
        <Trackpoint>
          <Time>2027-05-09T11:26:26Z</Time>
          <Position>
            <LatitudeDegrees>42.4763500</LatitudeDegrees>
            <LongitudeDegrees>-6.2588400</LongitudeDegrees>
          </Position>
          <AltitudeMeters>1094.8</AltitudeMeters>
          <DistanceMeters>66608.8</DistanceMeters>
        </Trackpoint>
        <Trackpoint>
          <Time>2027-05-09T11:26:38Z</Time>
          <Position>
            <LatitudeDegrees>42.4766600</LatitudeDegrees>
            <LongitudeDegrees>-6.2593300</LongitudeDegrees>
          </Position>
          <AltitudeMeters>1098.2</AltitudeMeters>
          <DistanceMeters>66661.8</DistanceMeters>
        </Trackpoint>
        <Trackpoint>
          <Time>2027-05-09T11:26:51Z</Time>
          <Position>
            <LatitudeDegrees>42.4769600</LatitudeDegrees>
            <LongitudeDegrees>-6.2598100</LongitudeDegrees>
          </Position>
          <AltitudeMeters>1100.5</AltitudeMeters>
          <DistanceMeters>66713.4</DistanceMeters>
        </Trackpoint>
        <Trackpoint>
          <Time>2027-05-09T11:27:03Z</Time>
          <Position>
            <LatitudeDegrees>42.4772700</LatitudeDegrees>
            <LongitudeDegrees>-6.2603000</LongitudeDegrees>
          </Position>
          <AltitudeMeters>1102.1</AltitudeMeters>
          <DistanceMeters>66766.3</DistanceMeters>
        </Trackpoint>
        <Trackpoint>
          <Time>2027-05-09T11:27:16Z</Time>
          <Position>
            <LatitudeDegrees>42.4776500</LatitudeDegrees>
            <LongitudeDegrees>-6.2607200</LongitudeDegrees>
          </Position>
          <AltitudeMeters>1102.9</AltitudeMeters>
          <DistanceMeters>66820.8</DistanceMeters>
        </Trackpoint>
        <Trackpoint>
          <Time>2027-05-09T11:27:31Z</Time>
          <Position>
            <LatitudeDegrees>42.4779500</LatitudeDegrees>
            <LongitudeDegrees>-6.2613500</LongitudeDegrees>
          </Position>
          <AltitudeMeters>1103.2</AltitudeMeters>
          <DistanceMeters>66882.3</DistanceMeters>
        </Trackpoint>
        <Trackpoint>
          <Time>2027-05-09T11:27:44Z</Time>
          <Position>
            <LatitudeDegrees>42.4780300</LatitudeDegrees>
            <LongitudeDegrees>-6.2620000</LongitudeDegrees>
          </Position>
          <AltitudeMeters>1103.1</AltitudeMeters>
          <DistanceMeters>66936.4</DistanceMeters>
        </Trackpoint>
        <Trackpoint>
          <Time>2027-05-09T11:27:57Z</Time>
          <Position>
            <LatitudeDegrees>42.4781000</LatitudeDegrees>
            <LongitudeDegrees>-6.2626500</LongitudeDegrees>
          </Position>
          <AltitudeMeters>1103.1</AltitudeMeters>
          <DistanceMeters>66990.2</DistanceMeters>
        </Trackpoint>
        <Trackpoint>
          <Time>2027-05-09T11:28:13Z</Time>
          <Position>
            <LatitudeDegrees>42.4782500</LatitudeDegrees>
            <LongitudeDegrees>-6.2634200</LongitudeDegrees>
          </Position>
          <AltitudeMeters>1102.7</AltitudeMeters>
          <DistanceMeters>67055.6</DistanceMeters>
        </Trackpoint>
        <Trackpoint>
          <Time>2027-05-09T11:28:26Z</Time>
          <Position>
            <LatitudeDegrees>42.4783200</LatitudeDegrees>
            <LongitudeDegrees>-6.2640800</LongitudeDegrees>
          </Position>
          <AltitudeMeters>1102.2</AltitudeMeters>
          <DistanceMeters>67110.2</DistanceMeters>
        </Trackpoint>
        <Trackpoint>
          <Time>2027-05-09T11:28:39Z</Time>
          <Position>
            <LatitudeDegrees>42.4783800</LatitudeDegrees>
            <LongitudeDegrees>-6.2647400</LongitudeDegrees>
          </Position>
          <AltitudeMeters>1101.7</AltitudeMeters>
          <DistanceMeters>67164.8</DistanceMeters>
        </Trackpoint>
        <Trackpoint>
          <Time>2027-05-09T11:28:57Z</Time>
          <Position>
            <LatitudeDegrees>42.4785500</LatitudeDegrees>
            <LongitudeDegrees>-6.2656400</LongitudeDegrees>
          </Position>
          <AltitudeMeters>1101.2</AltitudeMeters>
          <DistanceMeters>67241.0</DistanceMeters>
        </Trackpoint>
        <Trackpoint>
          <Time>2027-05-09T11:29:06Z</Time>
          <Position>
            <LatitudeDegrees>42.4785200</LatitudeDegrees>
            <LongitudeDegrees>-6.2660700</LongitudeDegrees>
          </Position>
          <AltitudeMeters>1100.5</AltitudeMeters>
          <DistanceMeters>67276.4</DistanceMeters>
        </Trackpoint>
        <Trackpoint>
          <Time>2027-05-09T11:29:20Z</Time>
          <Position>
            <LatitudeDegrees>42.4786100</LatitudeDegrees>
            <LongitudeDegrees>-6.2667800</LongitudeDegrees>
          </Position>
          <AltitudeMeters>1099.9</AltitudeMeters>
          <DistanceMeters>67335.5</DistanceMeters>
        </Trackpoint>
        <Trackpoint>
          <Time>2027-05-09T11:29:34Z</Time>
          <Position>
            <LatitudeDegrees>42.4787100</LatitudeDegrees>
            <LongitudeDegrees>-6.2674800</LongitudeDegrees>
          </Position>
          <AltitudeMeters>1099.6</AltitudeMeters>
          <DistanceMeters>67393.9</DistanceMeters>
        </Trackpoint>
        <Trackpoint>
          <Time>2027-05-09T11:29:48Z</Time>
          <Position>
            <LatitudeDegrees>42.4788000</LatitudeDegrees>
            <LongitudeDegrees>-6.2681900</LongitudeDegrees>
          </Position>
          <AltitudeMeters>1100.0</AltitudeMeters>
          <DistanceMeters>67453.0</DistanceMeters>
        </Trackpoint>
        <Trackpoint>
          <Time>2027-05-09T11:30:02Z</Time>
          <Position>
            <LatitudeDegrees>42.4789000</LatitudeDegrees>
            <LongitudeDegrees>-6.2688900</LongitudeDegrees>
          </Position>
          <AltitudeMeters>1100.7</AltitudeMeters>
          <DistanceMeters>67511.5</DistanceMeters>
        </Trackpoint>
        <Trackpoint>
          <Time>2027-05-09T11:30:16Z</Time>
          <Position>
            <LatitudeDegrees>42.4789900</LatitudeDegrees>
            <LongitudeDegrees>-6.2696000</LongitudeDegrees>
          </Position>
          <AltitudeMeters>1101.5</AltitudeMeters>
          <DistanceMeters>67570.6</DistanceMeters>
        </Trackpoint>
        <Trackpoint>
          <Time>2027-05-09T11:30:21Z</Time>
          <Position>
            <LatitudeDegrees>42.4789300</LatitudeDegrees>
            <LongitudeDegrees>-6.2698000</LongitudeDegrees>
          </Position>
          <AltitudeMeters>1102.5</AltitudeMeters>
          <DistanceMeters>67588.3</DistanceMeters>
        </Trackpoint>
        <Trackpoint>
          <Time>2027-05-09T11:30:43Z</Time>
          <Position>
            <LatitudeDegrees>42.4790500</LatitudeDegrees>
            <LongitudeDegrees>-6.2709400</LongitudeDegrees>
          </Position>
          <AltitudeMeters>1103.6</AltitudeMeters>
          <DistanceMeters>67682.7</DistanceMeters>
        </Trackpoint>
        <Trackpoint>
          <Time>2027-05-09T11:30:58Z</Time>
          <Position>
            <LatitudeDegrees>42.4789500</LatitudeDegrees>
            <LongitudeDegrees>-6.2716800</LongitudeDegrees>
          </Position>
          <AltitudeMeters>1104.6</AltitudeMeters>
          <DistanceMeters>67744.4</DistanceMeters>
        </Trackpoint>
        <Trackpoint>
          <Time>2027-05-09T11:31:01Z</Time>
          <Position>
            <LatitudeDegrees>42.4790300</LatitudeDegrees>
            <LongitudeDegrees>-6.2717500</LongitudeDegrees>
          </Position>
          <AltitudeMeters>1105.6</AltitudeMeters>
          <DistanceMeters>67755.0</DistanceMeters>
        </Trackpoint>
        <Trackpoint>
          <Time>2027-05-09T11:31:21Z</Time>
          <Position>
            <LatitudeDegrees>42.4789400</LatitudeDegrees>
            <LongitudeDegrees>-6.2727500</LongitudeDegrees>
          </Position>
          <AltitudeMeters>1106.8</AltitudeMeters>
          <DistanceMeters>67837.6</DistanceMeters>
        </Trackpoint>
        <Trackpoint>
          <Time>2027-05-09T11:31:26Z</Time>
          <Position>
            <LatitudeDegrees>42.4789900</LatitudeDegrees>
            <LongitudeDegrees>-6.2730300</LongitudeDegrees>
          </Position>
          <AltitudeMeters>1108.4</AltitudeMeters>
          <DistanceMeters>67861.2</DistanceMeters>
        </Trackpoint>
        <Trackpoint>
          <Time>2027-05-09T11:31:38Z</Time>
          <Position>
            <LatitudeDegrees>42.4791600</LatitudeDegrees>
            <LongitudeDegrees>-6.2735900</LongitudeDegrees>
          </Position>
          <AltitudeMeters>1110.4</AltitudeMeters>
          <DistanceMeters>67910.9</DistanceMeters>
        </Trackpoint>
        <Trackpoint>
          <Time>2027-05-09T11:31:50Z</Time>
          <Position>
            <LatitudeDegrees>42.4793400</LatitudeDegrees>
            <LongitudeDegrees>-6.2741600</LongitudeDegrees>
          </Position>
          <AltitudeMeters>1112.2</AltitudeMeters>
          <DistanceMeters>67961.8</DistanceMeters>
        </Trackpoint>
        <Trackpoint>
          <Time>2027-05-09T11:32:02Z</Time>
          <Position>
            <LatitudeDegrees>42.4795100</LatitudeDegrees>
            <LongitudeDegrees>-6.2747200</LongitudeDegrees>
          </Position>
          <AltitudeMeters>1113.9</AltitudeMeters>
          <DistanceMeters>68011.4</DistanceMeters>
        </Trackpoint>
        <Trackpoint>
          <Time>2027-05-09T11:32:16Z</Time>
          <Position>
            <LatitudeDegrees>42.4796400</LatitudeDegrees>
            <LongitudeDegrees>-6.2753900</LongitudeDegrees>
          </Position>
          <AltitudeMeters>1115.6</AltitudeMeters>
          <DistanceMeters>68068.2</DistanceMeters>
        </Trackpoint>
        <Trackpoint>
          <Time>2027-05-09T11:32:29Z</Time>
          <Position>
            <LatitudeDegrees>42.4797800</LatitudeDegrees>
            <LongitudeDegrees>-6.2760500</LongitudeDegrees>
          </Position>
          <AltitudeMeters>1117.3</AltitudeMeters>
          <DistanceMeters>68124.6</DistanceMeters>
        </Trackpoint>
        <Trackpoint>
          <Time>2027-05-09T11:32:43Z</Time>
          <Position>
            <LatitudeDegrees>42.4799100</LatitudeDegrees>
            <LongitudeDegrees>-6.2767200</LongitudeDegrees>
          </Position>
          <AltitudeMeters>1119.0</AltitudeMeters>
          <DistanceMeters>68181.4</DistanceMeters>
        </Trackpoint>
        <Trackpoint>
          <Time>2027-05-09T11:32:56Z</Time>
          <Position>
            <LatitudeDegrees>42.4800400</LatitudeDegrees>
            <LongitudeDegrees>-6.2773800</LongitudeDegrees>
          </Position>
          <AltitudeMeters>1120.6</AltitudeMeters>
          <DistanceMeters>68237.4</DistanceMeters>
        </Trackpoint>
        <Trackpoint>
          <Time>2027-05-09T11:33:10Z</Time>
          <Position>
            <LatitudeDegrees>42.4801800</LatitudeDegrees>
            <LongitudeDegrees>-6.2780500</LongitudeDegrees>
          </Position>
          <AltitudeMeters>1122.4</AltitudeMeters>
          <DistanceMeters>68294.5</DistanceMeters>
        </Trackpoint>
        <Trackpoint>
          <Time>2027-05-09T11:33:24Z</Time>
          <Position>
            <LatitudeDegrees>42.4803100</LatitudeDegrees>
            <LongitudeDegrees>-6.2787100</LongitudeDegrees>
          </Position>
          <AltitudeMeters>1124.2</AltitudeMeters>
          <DistanceMeters>68350.5</DistanceMeters>
        </Trackpoint>
        <Trackpoint>
          <Time>2027-05-09T11:33:41Z</Time>
          <Position>
            <LatitudeDegrees>42.4807000</LatitudeDegrees>
            <LongitudeDegrees>-6.2793900</LongitudeDegrees>
          </Position>
          <AltitudeMeters>1125.8</AltitudeMeters>
          <DistanceMeters>68421.2</DistanceMeters>
        </Trackpoint>
        <Trackpoint>
          <Time>2027-05-09T11:33:55Z</Time>
          <Position>
            <LatitudeDegrees>42.4809300</LatitudeDegrees>
            <LongitudeDegrees>-6.2800400</LongitudeDegrees>
          </Position>
          <AltitudeMeters>1127.8</AltitudeMeters>
          <DistanceMeters>68480.3</DistanceMeters>
        </Trackpoint>
        <Trackpoint>
          <Time>2027-05-09T11:34:09Z</Time>
          <Position>
            <LatitudeDegrees>42.4812400</LatitudeDegrees>
            <LongitudeDegrees>-6.2806400</LongitudeDegrees>
          </Position>
          <AltitudeMeters>1129.8</AltitudeMeters>
          <DistanceMeters>68540.4</DistanceMeters>
        </Trackpoint>
        <Trackpoint>
          <Time>2027-05-09T11:34:23Z</Time>
          <Position>
            <LatitudeDegrees>42.4815400</LatitudeDegrees>
            <LongitudeDegrees>-6.2812400</LongitudeDegrees>
          </Position>
          <AltitudeMeters>1132.5</AltitudeMeters>
          <DistanceMeters>68599.8</DistanceMeters>
        </Trackpoint>
        <Trackpoint>
          <Time>2027-05-09T11:34:30Z</Time>
          <Position>
            <LatitudeDegrees>42.4815700</LatitudeDegrees>
            <LongitudeDegrees>-6.2815800</LongitudeDegrees>
          </Position>
          <AltitudeMeters>1136.0</AltitudeMeters>
          <DistanceMeters>68627.9</DistanceMeters>
        </Trackpoint>
        <Trackpoint>
          <Time>2027-05-09T11:34:46Z</Time>
          <Position>
            <LatitudeDegrees>42.4818100</LatitudeDegrees>
            <LongitudeDegrees>-6.2823400</LongitudeDegrees>
          </Position>
          <AltitudeMeters>1140.0</AltitudeMeters>
          <DistanceMeters>68695.7</DistanceMeters>
        </Trackpoint>
        <Trackpoint>
          <Time>2027-05-09T11:35:03Z</Time>
          <Position>
            <LatitudeDegrees>42.4820500</LatitudeDegrees>
            <LongitudeDegrees>-6.2831100</LongitudeDegrees>
          </Position>
          <AltitudeMeters>1144.5</AltitudeMeters>
          <DistanceMeters>68764.2</DistanceMeters>
        </Trackpoint>
        <Trackpoint>
          <Time>2027-05-09T11:35:18Z</Time>
          <Position>
            <LatitudeDegrees>42.4821900</LatitudeDegrees>
            <LongitudeDegrees>-6.2838400</LongitudeDegrees>
          </Position>
          <AltitudeMeters>1149.3</AltitudeMeters>
          <DistanceMeters>68826.1</DistanceMeters>
        </Trackpoint>
        <Trackpoint>
          <Time>2027-05-09T11:35:32Z</Time>
          <Position>
            <LatitudeDegrees>42.4823300</LatitudeDegrees>
            <LongitudeDegrees>-6.2845600</LongitudeDegrees>
          </Position>
          <AltitudeMeters>1153.6</AltitudeMeters>
          <DistanceMeters>68887.2</DistanceMeters>
        </Trackpoint>
      </Track>
      <CoursePoint>
        <Name>Monasterio</Name>
        <Time>2027-05-09T07:00:00Z</Time>
        <Position>
          <LatitudeDegrees>42.5980500</LatitudeDegrees>
          <LongitudeDegrees>-5.5703500</LongitudeDegrees>
        </Position>
        <PointType>Generic</PointType>
        <Notes>Monasterio de Benedictinas (Carbajalas) León | Tel: +34 680 </Notes>
      </CoursePoint>
      <CoursePoint>
        <Name>Hospedería</Name>
        <Time>2027-05-09T07:00:47Z</Time>
        <Position>
          <LatitudeDegrees>42.5986200</LatitudeDegrees>
          <LongitudeDegrees>-5.5680600</LongitudeDegrees>
        </Position>
        <PointType>Generic</PointType>
        <Notes>Hospedería Rincón de León León | Tel: +34 987 033 282  | Tel</Notes>
      </CoursePoint>
      <CoursePoint>
        <Name>Catedral d</Name>
        <Time>2027-05-09T07:01:14Z</Time>
        <Position>
          <LatitudeDegrees>42.5992900</LatitudeDegrees>
          <LongitudeDegrees>-5.5675800</LongitudeDegrees>
        </Position>
        <PointType>Generic</PointType>
        <Notes>Catedral de Santa Maria de Leon 레온 대성당</Notes>
      </CoursePoint>
      <CoursePoint>
        <Name>Real Coleg</Name>
        <Time>2027-05-09T07:02:59Z</Time>
        <Position>
          <LatitudeDegrees>42.6007700</LatitudeDegrees>
          <LongitudeDegrees>-5.5704600</LongitudeDegrees>
        </Position>
        <PointType>Generic</PointType>
        <Notes>Real Colegiata de San Isidoro de Leon 산 이시도로 성당</Notes>
      </CoursePoint>
      <CoursePoint>
        <Name>Albergue M</Name>
        <Time>2027-05-09T07:29:36Z</Time>
        <Position>
          <LatitudeDegrees>42.5803600</LatitudeDegrees>
          <LongitudeDegrees>-5.6406300</LongitudeDegrees>
        </Position>
        <PointType>Generic</PointType>
        <Notes>Albergue Municipal Don Antonino y Doña Cinia La Virgen del C</Notes>
      </CoursePoint>
      <CoursePoint>
        <Name>Albergue d</Name>
        <Time>2027-05-09T08:20:39Z</Time>
        <Position>
          <LatitudeDegrees>42.5192600</LatitudeDegrees>
          <LongitudeDegrees>-5.7648800</LongitudeDegrees>
        </Position>
        <PointType>Generic</PointType>
        <Notes>Albergue de peregrinos de Villadangosdel Páramo Villadangos </Notes>
      </CoursePoint>
      <CoursePoint>
        <Name>Albergue L</Name>
        <Time>2027-05-09T08:37:13Z</Time>
        <Position>
          <LatitudeDegrees>42.4975200</LatitudeDegrees>
          <LongitudeDegrees>-5.8043900</LongitudeDegrees>
        </Position>
        <PointType>Generic</PointType>
        <Notes>Albergue La Huella San Martin del Camino | Tel: +34 6540 846</Notes>
      </CoursePoint>
      <CoursePoint>
        <Name>Municipal </Name>
        <Time>2027-05-09T08:38:53Z</Time>
        <Position>
          <LatitudeDegrees>42.4952200</LatitudeDegrees>
          <LongitudeDegrees>-5.8083300</LongitudeDegrees>
        </Position>
        <PointType>Generic</PointType>
        <Notes>Municipal San Martín del Camino San Martin del Camino | Tel:</Notes>
      </CoursePoint>
      <CoursePoint>
        <Name>Puente de </Name>
        <Time>2027-05-09T09:06:15Z</Time>
        <Position>
          <LatitudeDegrees>42.4639100</LatitudeDegrees>
          <LongitudeDegrees>-5.8767300</LongitudeDegrees>
        </Position>
        <PointType>Generic</PointType>
        <Notes>Puente de Orbigo 오르비고 다리 (명예로운 통행)</Notes>
      </CoursePoint>
      <CoursePoint>
        <Name>Albergue L</Name>
        <Time>2027-05-09T09:07:34Z</Time>
        <Position>
          <LatitudeDegrees>42.4638200</LatitudeDegrees>
          <LongitudeDegrees>-5.8806700</LongitudeDegrees>
        </Position>
        <PointType>Generic</PointType>
        <Notes>Albergue La Encina Hospital de Orbigo | Tel: +34 987 361 087</Notes>
      </CoursePoint>
      <CoursePoint>
        <Name>Albergue S</Name>
        <Time>2027-05-09T09:08:45Z</Time>
        <Position>
          <LatitudeDegrees>42.4634800</LatitudeDegrees>
          <LongitudeDegrees>-5.8842800</LongitudeDegrees>
        </Position>
        <PointType>Generic</PointType>
        <Notes>Albergue San Miguel Hospital de Orbigo | Tel: +34 987 388 28</Notes>
      </CoursePoint>
      <CoursePoint>
        <Name>Albergue V</Name>
        <Time>2027-05-09T09:09:17Z</Time>
        <Position>
          <LatitudeDegrees>42.4633200</LatitudeDegrees>
          <LongitudeDegrees>-5.8858800</LongitudeDegrees>
        </Position>
        <PointType>Generic</PointType>
        <Notes>Albergue Verde Hospital de Orbigo | Tel: +34 689 927 926 | W</Notes>
      </CoursePoint>
      <CoursePoint>
        <Name>Albergue V</Name>
        <Time>2027-05-09T09:18:30Z</Time>
        <Position>
          <LatitudeDegrees>42.4696600</LatitudeDegrees>
          <LongitudeDegrees>-5.9105300</LongitudeDegrees>
        </Position>
        <PointType>Generic</PointType>
        <Notes>Albergue Villares de Orbigo Villares de Orbigo | Tel: +34 98</Notes>
      </CoursePoint>
      <CoursePoint>
        <Name>Albergue C</Name>
        <Time>2027-05-09T09:28:09Z</Time>
        <Position>
          <LatitudeDegrees>42.4587600</LatitudeDegrees>
          <LongitudeDegrees>-5.9302600</LongitudeDegrees>
        </Position>
        <PointType>Generic</PointType>
        <Notes>Albergue Camino Francés Santibañez de Valdeiglesia | Tel: +3</Notes>
      </CoursePoint>
      <CoursePoint>
        <Name>Crucero de</Name>
        <Time>2027-05-09T09:54:24Z</Time>
        <Position>
          <LatitudeDegrees>42.4538600</LatitudeDegrees>
          <LongitudeDegrees>-5.9998600</LongitudeDegrees>
        </Position>
        <PointType>Generic</PointType>
        <Notes>Crucero de Santo Toribio 산토 토리비오 십자가</Notes>
      </CoursePoint>
      <CoursePoint>
        <Name>Albergue M</Name>
        <Time>2027-05-09T10:12:55Z</Time>
        <Position>
          <LatitudeDegrees>42.4529100</LatitudeDegrees>
          <LongitudeDegrees>-6.0502200</LongitudeDegrees>
        </Position>
        <PointType>Generic</PointType>
        <Notes>Albergue MyWay Astorga | Tel: +34 640 176 338  | Tel:  +34 9</Notes>
      </CoursePoint>
      <CoursePoint>
        <Name>Albergue S</Name>
        <Time>2027-05-09T10:14:44Z</Time>
        <Position>
          <LatitudeDegrees>42.4552600</LatitudeDegrees>
          <LongitudeDegrees>-6.0537700</LongitudeDegrees>
        </Position>
        <PointType>Generic</PointType>
        <Notes>Albergue Só Por Hoje Astorga | Tel: +34 690 749 853 | Websit</Notes>
      </CoursePoint>
      <CoursePoint>
        <Name>Palacio de</Name>
        <Time>2027-05-09T10:16:19Z</Time>
        <Position>
          <LatitudeDegrees>42.4573600</LatitudeDegrees>
          <LongitudeDegrees>-6.0564500</LongitudeDegrees>
        </Position>
        <PointType>Generic</PointType>
        <Notes>Palacio de Gaudi, Astorga 가우디 궁전</Notes>
      </CoursePoint>
      <CoursePoint>
        <Name>Catedral d</Name>
        <Time>2027-05-09T10:16:44Z</Time>
        <Position>
          <LatitudeDegrees>42.4575500</LatitudeDegrees>
          <LongitudeDegrees>-6.0574900</LongitudeDegrees>
        </Position>
        <PointType>Generic</PointType>
        <Notes>Catedral de Santa Maria de Astorga 아스토르가 대성당</Notes>
      </CoursePoint>
      <CoursePoint>
        <Name>Albergue d</Name>
        <Time>2027-05-09T10:24:55Z</Time>
        <Position>
          <LatitudeDegrees>42.4592900</LatitudeDegrees>
          <LongitudeDegrees>-6.0809300</LongitudeDegrees>
        </Position>
        <PointType>Generic</PointType>
        <Notes>Albergue de peregrinos Ecce Homo Valde viejas | Tel: +34 618</Notes>
      </CoursePoint>
      <CoursePoint>
        <Name>Albergue C</Name>
        <Time>2027-05-09T10:33:53Z</Time>
        <Position>
          <LatitudeDegrees>42.4592600</LatitudeDegrees>
          <LongitudeDegrees>-6.1069300</LongitudeDegrees>
        </Position>
        <PointType>Generic</PointType>
        <Notes>Albergue Casa Flor Murias de Rechivaldo | Tel: +34 644 695 8</Notes>
      </CoursePoint>
      <CoursePoint>
        <Name>Albergue L</Name>
        <Time>2027-05-09T10:51:06Z</Time>
        <Position>
          <LatitudeDegrees>42.4551900</LatitudeDegrees>
          <LongitudeDegrees>-6.1585100</LongitudeDegrees>
        </Position>
        <PointType>Generic</PointType>
        <Notes>Albergue La Bohème Santa Catalina de Somoza | Tel: +34 722 2</Notes>
      </CoursePoint>
      <CoursePoint>
        <Name>Albergue I</Name>
        <Time>2027-05-09T11:07:09Z</Time>
        <Position>
          <LatitudeDegrees>42.4626800</LatitudeDegrees>
          <LongitudeDegrees>-6.2057000</LongitudeDegrees>
        </Position>
        <PointType>Generic</PointType>
        <Notes>Albergue Indain Way El Ganso | Tel: +34 691 545 004 | E-mail</Notes>
      </CoursePoint>
      <CoursePoint>
        <Name>Albergue E</Name>
        <Time>2027-05-09T11:08:25Z</Time>
        <Position>
          <LatitudeDegrees>42.4626100</LatitudeDegrees>
          <LongitudeDegrees>-6.2090000</LongitudeDegrees>
        </Position>
        <PointType>Generic</PointType>
        <Notes>Albergue El Gabino El Ganso | Tel: +34 660 912 823 | E-mail </Notes>
      </CoursePoint>
      <CoursePoint>
        <Name>Albergue m</Name>
        <Time>2027-05-09T11:35:18Z</Time>
        <Position>
          <LatitudeDegrees>42.4821900</LatitudeDegrees>
          <LongitudeDegrees>-6.2838400</LongitudeDegrees>
        </Position>
        <PointType>Generic</PointType>
        <Notes>Albergue municipal de Rabanal del Camino Rabanal del Camino </Notes>
      </CoursePoint>
    </Course>
  </Courses>
</TrainingCenterDatabase>