<?xml version="1.0" encoding="UTF-8"?>
<!-- track-length = 63843 filtered ascend = 830 plain-ascend = 101 cost=87334 energy=.4kwh time=4h 1m 42s -->
<gpx 
 xmlns="http://www.topografix.com/GPX/1/1" 
 xmlns:xsi="http://www.w3.org/2001/XMLSchema-instance" 
 xsi:schemaLocation="http://www.topografix.com/GPX/1/1 http://www.topografix.com/GPX/1/1/gpx.xsd" 
 creator="BRouter-1.7.10" version="1.1">
 <trk>
  <name>brouter_trekking_0</name>
  <trkseg>
   <trkpt lon="-2.032453" lat="42.672084"><ele>422.75</ele></trkpt>
   <trkpt lon="-2.032398" lat="42.672075"><ele>422.75</ele></trkpt>
   <trkpt lon="-2.032277" lat="42.672042"><ele>422.5</ele></trkpt>
   <trkpt lon="-2.031933" lat="42.671974"><ele>421.0</ele></trkpt>
   <trkpt lon="-2.032079" lat="42.671606"><ele>421.25</ele></trkpt>
   <trkpt lon="-2.032297" lat="42.671269"><ele>421.0</ele></trkpt>
   <trkpt lon="-2.032310" lat="42.671251"><ele>421.0</ele></trkpt>
   <trkpt lon="-2.031650" lat="42.671035"><ele>421.0</ele></trkpt>
   <trkpt lon="-2.030775" lat="42.670730"><ele>420.25</ele></trkpt>
   <trkpt lon="-2.030579" lat="42.670658"><ele>420.0</ele></trkpt>
   <trkpt lon="-2.030358" lat="42.670587"><ele>420.0</ele></trkpt>
   <trkpt lon="-2.030297" lat="42.670546"><ele>419.75</ele></trkpt>
   <trkpt lon="-2.030201" lat="42.670576"><ele>419.5</ele></trkpt>
   <trkpt lon="-2.029997" lat="42.670589"><ele>419.0</ele></trkpt>
   <trkpt lon="-2.029948" lat="42.670583"><ele>419.0</ele></trkpt>
   <trkpt lon="-2.029809" lat="42.670555"><ele>419.5</ele></trkpt>
   <trkpt lon="-2.029721" lat="42.670526"><ele>419.5</ele></trkpt>
   <trkpt lon="-2.029645" lat="42.670486"><ele>419.25</ele></trkpt>
   <trkpt lon="-2.029614" lat="42.670435"><ele>419.25</ele></trkpt>
   <trkpt lon="-2.029587" lat="42.670005"><ele>419.0</ele></trkpt>
   <trkpt lon="-2.029595" lat="42.669913"><ele>419.0</ele></trkpt>
   <trkpt lon="-2.029720" lat="42.669770"><ele>419.75</ele></trkpt>
   <trkpt lon="-2.029779" lat="42.669702"><ele>420.0</ele></trkpt>
   <trkpt lon="-2.029733" lat="42.669675"><ele>420.0</ele></trkpt>
   <trkpt lon="-2.029534" lat="42.669548"><ele>419.5</ele></trkpt>
   <trkpt lon="-2.029395" lat="42.669433"><ele>420.25</ele></trkpt>
   <trkpt lon="-2.029359" lat="42.669404"><ele>420.75</ele></trkpt>
   <trkpt lon="-2.029413" lat="42.669361"><ele>420.5</ele></trkpt>
   <trkpt lon="-2.029632" lat="42.669156"><ele>421.0</ele></trkpt>
   <trkpt lon="-2.029953" lat="42.668844"><ele>421.75</ele></trkpt>
   <trkpt lon="-2.030649" lat="42.668229"><ele>422.0</ele></trkpt>
   <trkpt lon="-2.030722" lat="42.668164"><ele>422.0</ele></trkpt>
   <trkpt lon="-2.030764" lat="42.668080"><ele>422.0</ele></trkpt>
   <trkpt lon="-2.030817" lat="42.667988"><ele>422.75</ele></trkpt>
   <trkpt lon="-2.030831" lat="42.667963"><ele>423.0</ele></trkpt>
   <trkpt lon="-2.030842" lat="42.667945"><ele>423.0</ele></trkpt>
   <trkpt lon="-2.031293" lat="42.667347"><ele>426.5</ele></trkpt>
   <trkpt lon="-2.031428" lat="42.667205"><ele>426.5</ele></trkpt>
   <trkpt lon="-2.031704" lat="42.666835"><ele>428.0</ele></trkpt>
   <trkpt lon="-2.031666" lat="42.666814"><ele>428.25</ele></trkpt>
   <trkpt lon="-2.031612" lat="42.666792"><ele>429.5</ele></trkpt>
   <trkpt lon="-2.031715" lat="42.666657"><ele>428.5</ele></trkpt>
   <trkpt lon="-2.031792" lat="42.666612"><ele>428.25</ele></trkpt>
   <trkpt lon="-2.031834" lat="42.666599"><ele>428.0</ele></trkpt>
   <trkpt lon="-2.031894" lat="42.666596"><ele>427.5</ele></trkpt>
   <trkpt lon="-2.031966" lat="42.666616"><ele>427.0</ele></trkpt>
   <trkpt lon="-2.032033" lat="42.666611"><ele>427.25</ele></trkpt>
   <trkpt lon="-2.032093" lat="42.666584"><ele>427.25</ele></trkpt>
   <trkpt lon="-2.032109" lat="42.666570"><ele>427.5</ele></trkpt>
   <trkpt lon="-2.032128" lat="42.666542"><ele>427.5</ele></trkpt>
   <trkpt lon="-2.032137" lat="42.666508"><ele>427.75</ele></trkpt>
   <trkpt lon="-2.032131" lat="42.666474"><ele>428.0</ele></trkpt>
   <trkpt lon="-2.032104" lat="42.666435"><ele>428.25</ele></trkpt>
   <trkpt lon="-2.032037" lat="42.666179"><ele>428.75</ele></trkpt>
   <trkpt lon="-2.032002" lat="42.665806"><ele>430.25</ele></trkpt>
   <trkpt lon="-2.032000" lat="42.665711"><ele>430.75</ele></trkpt>
   <trkpt lon="-2.032004" lat="42.665594"><ele>431.25</ele></trkpt>
   <trkpt lon="-2.032006" lat="42.665488"><ele>431.75</ele></trkpt>
   <trkpt lon="-2.032048" lat="42.665152"><ele>433.0</ele></trkpt>
   <trkpt lon="-2.032155" lat="42.664850"><ele>434.25</ele></trkpt>
   <trkpt lon="-2.032278" lat="42.664520"><ele>435.75</ele></trkpt>
   <trkpt lon="-2.032362" lat="42.664318"><ele>437.0</ele></trkpt>
   <trkpt lon="-2.032546" lat="42.664192"><ele>437.75</ele></trkpt>
   <trkpt lon="-2.032642" lat="42.664127"><ele>438.0</ele></trkpt>
   <trkpt lon="-2.032717" lat="42.664119"><ele>438.0</ele></trkpt>
   <trkpt lon="-2.032786" lat="42.664095"><ele>438.25</ele></trkpt>
   <trkpt lon="-2.032963" lat="42.664109"><ele>438.0</ele></trkpt>
   <trkpt lon="-2.033169" lat="42.664133"><ele>438.0</ele></trkpt>
   <trkpt lon="-2.033214" lat="42.664150"><ele>438.0</ele></trkpt>
   <trkpt lon="-2.033469" lat="42.664246"><ele>443.5</ele></trkpt>
   <trkpt lon="-2.033619" lat="42.664274"><ele>446.0</ele></trkpt>
   <trkpt lon="-2.033775" lat="42.664278"><ele>446.0</ele></trkpt>
   <trkpt lon="-2.033932" lat="42.664269"><ele>445.75</ele></trkpt>
   <trkpt lon="-2.034127" lat="42.664223"><ele>444.25</ele></trkpt>
   <trkpt lon="-2.034288" lat="42.664159"><ele>444.5</ele></trkpt>
   <trkpt lon="-2.034423" lat="42.664083"><ele>446.5</ele></trkpt>
   <trkpt lon="-2.034551" lat="42.663976"><ele>448.0</ele></trkpt>
   <trkpt lon="-2.034650" lat="42.663868"><ele>447.75</ele></trkpt>
   <trkpt lon="-2.034697" lat="42.663794"><ele>448.0</ele></trkpt>
   <trkpt lon="-2.034841" lat="42.663497"><ele>449.5</ele></trkpt>
   <trkpt lon="-2.034884" lat="42.663407"><ele>450.0</ele></trkpt>
   <trkpt lon="-2.035269" lat="42.662633"><ele>453.75</ele></trkpt>
   <trkpt lon="-2.035394" lat="42.662382"><ele>457.0</ele></trkpt>
   <trkpt lon="-2.035401" lat="42.662327"><ele>457.0</ele></trkpt>
   <trkpt lon="-2.035342" lat="42.662279"><ele>455.75</ele></trkpt>
   <trkpt lon="-2.035301" lat="42.662268"><ele>455.0</ele></trkpt>
   <trkpt lon="-2.035003" lat="42.662186"><ele>455.0</ele></trkpt>
   <trkpt lon="-2.034952" lat="42.662171"><ele>454.5</ele></trkpt>
   <trkpt lon="-2.034966" lat="42.662150"><ele>454.5</ele></trkpt>
   <trkpt lon="-2.035164" lat="42.661898"><ele>456.75</ele></trkpt>
   <trkpt lon="-2.035221" lat="42.661765"><ele>457.75</ele></trkpt>
   <trkpt lon="-2.035358" lat="42.661335"><ele>461.75</ele></trkpt>
   <trkpt lon="-2.035390" lat="42.661224"><ele>463.0</ele></trkpt>
   <trkpt lon="-2.035417" lat="42.661126"><ele>463.75</ele></trkpt>
   <trkpt lon="-2.035475" lat="42.661055"><ele>464.25</ele></trkpt>
   <trkpt lon="-2.035631" lat="42.660977"><ele>465.75</ele></trkpt>
   <trkpt lon="-2.035861" lat="42.660887"><ele>468.5</ele></trkpt>
   <trkpt lon="-2.035956" lat="42.660841"><ele>470.5</ele></trkpt>
   <trkpt lon="-2.036043" lat="42.660788"><ele>471.5</ele></trkpt>
   <trkpt lon="-2.036203" lat="42.660738"><ele>472.75</ele></trkpt>
   <trkpt lon="-2.036281" lat="42.660700"><ele>472.5</ele></trkpt>
   <trkpt lon="-2.036605" lat="42.660482"><ele>474.0</ele></trkpt>
   <trkpt lon="-2.036637" lat="42.660444"><ele>474.25</ele></trkpt>
   <trkpt lon="-2.036671" lat="42.660366"><ele>474.0</ele></trkpt>
   <trkpt lon="-2.036696" lat="42.660142"><ele>473.25</ele></trkpt>
   <trkpt lon="-2.036733" lat="42.660074"><ele>473.75</ele></trkpt>
   <trkpt lon="-2.037016" lat="42.659863"><ele>478.5</ele></trkpt>
   <trkpt lon="-2.037402" lat="42.659471"><ele>479.5</ele></trkpt>
   <trkpt lon="-2.037571" lat="42.659248"><ele>483.0</ele></trkpt>
   <trkpt lon="-2.037968" lat="42.658434"><ele>487.25</ele></trkpt>
   <trkpt lon="-2.038057" lat="42.658336"><ele>487.0</ele></trkpt>
   <trkpt lon="-2.038259" lat="42.658178"><ele>489.5</ele></trkpt>
   <trkpt lon="-2.038446" lat="42.658046"><ele>490.75</ele></trkpt>
   <trkpt lon="-2.038599" lat="42.657949"><ele>491.75</ele></trkpt>
   <trkpt lon="-2.038662" lat="42.657920"><ele>492.25</ele></trkpt>
   <trkpt lon="-2.038903" lat="42.657740"><ele>495.0</ele></trkpt>
   <trkpt lon="-2.039150" lat="42.657524"><ele>495.0</ele></trkpt>
   <trkpt lon="-2.039087" lat="42.657432"><ele>494.25</ele></trkpt>
   <trkpt lon="-2.039130" lat="42.657323"><ele>494.0</ele></trkpt>
   <trkpt lon="-2.039282" lat="42.657088"><ele>494.5</ele></trkpt>
   <trkpt lon="-2.039394" lat="42.656890"><ele>494.5</ele></trkpt>
   <trkpt lon="-2.039471" lat="42.656693"><ele>495.25</ele></trkpt>
   <trkpt lon="-2.039576" lat="42.656357"><ele>496.25</ele></trkpt>
   <trkpt lon="-2.039681" lat="42.656064"><ele>497.25</ele></trkpt>
   <trkpt lon="-2.039711" lat="42.655972"><ele>497.25</ele></trkpt>
   <trkpt lon="-2.039721" lat="42.655862"><ele>497.0</ele></trkpt>
   <trkpt lon="-2.039717" lat="42.655793"><ele>496.75</ele></trkpt>
   <trkpt lon="-2.039728" lat="42.655697"><ele>496.5</ele></trkpt>
   <trkpt lon="-2.039790" lat="42.655562"><ele>496.75</ele></trkpt>
   <trkpt lon="-2.039922" lat="42.655104"><ele>492.5</ele></trkpt>
   <trkpt lon="-2.039847" lat="42.655051"><ele>492.0</ele></trkpt>
   <trkpt lon="-2.039799" lat="42.655018"><ele>491.25</ele></trkpt>
   <trkpt lon="-2.039853" lat="42.654985"><ele>491.25</ele></trkpt>
   <trkpt lon="-2.040569" lat="42.654523"><ele>488.75</ele></trkpt>
   <trkpt lon="-2.041176" lat="42.654140"><ele>487.5</ele></trkpt>
   <trkpt lon="-2.041322" lat="42.654050"><ele>487.25</ele></trkpt>
   <trkpt lon="-2.041576" lat="42.653892"><ele>487.75</ele></trkpt>
   <trkpt lon="-2.041573" lat="42.653847"><ele>488.25</ele></trkpt>
   <trkpt lon="-2.041570" lat="42.653816"><ele>488.25</ele></trkpt>
   <trkpt lon="-2.041580" lat="42.653655"><ele>489.25</ele></trkpt>
   <trkpt lon="-2.041602" lat="42.653579"><ele>489.75</ele></trkpt>
   <trkpt lon="-2.041622" lat="42.653443"><ele>490.25</ele></trkpt>
   <trkpt lon="-2.041688" lat="42.653206"><ele>491.5</ele></trkpt>
   <trkpt lon="-2.041845" lat="42.652922"><ele>493.5</ele></trkpt>
   <trkpt lon="-2.041971" lat="42.652763"><ele>494.25</ele></trkpt>
   <trkpt lon="-2.042099" lat="42.652586"><ele>497.25</ele></trkpt>
   <trkpt lon="-2.042138" lat="42.652533"><ele>497.5</ele></trkpt>
   <trkpt lon="-2.042249" lat="42.652248"><ele>501.25</ele></trkpt>
   <trkpt lon="-2.042469" lat="42.651950"><ele>502.25</ele></trkpt>
   <trkpt lon="-2.042671" lat="42.651715"><ele>504.0</ele></trkpt>
   <trkpt lon="-2.042894" lat="42.651527"><ele>505.5</ele></trkpt>
   <trkpt lon="-2.042973" lat="42.651478"><ele>505.5</ele></trkpt>
   <trkpt lon="-2.043414" lat="42.651070"><ele>509.75</ele></trkpt>
   <trkpt lon="-2.043573" lat="42.650858"><ele>511.5</ele></trkpt>
   <trkpt lon="-2.043595" lat="42.650821"><ele>511.5</ele></trkpt>
   <trkpt lon="-2.043932" lat="42.650479"><ele>515.0</ele></trkpt>
   <trkpt lon="-2.044032" lat="42.650389"><ele>515.75</ele></trkpt>
   <trkpt lon="-2.044072" lat="42.650353"><ele>516.0</ele></trkpt>
   <trkpt lon="-2.044178" lat="42.650260"><ele>516.0</ele></trkpt>
   <trkpt lon="-2.044206" lat="42.650236"><ele>516.25</ele></trkpt>
   <trkpt lon="-2.044536" lat="42.650001"><ele>517.75</ele></trkpt>
   <trkpt lon="-2.044593" lat="42.649960"><ele>518.25</ele></trkpt>
   <trkpt lon="-2.044948" lat="42.649703"><ele>521.0</ele></trkpt>
   <trkpt lon="-2.045499" lat="42.649367"><ele>523.25</ele></trkpt>
   <trkpt lon="-2.046537" lat="42.648759"><ele>529.25</ele></trkpt>
   <trkpt lon="-2.047120" lat="42.648379"><ele>532.5</ele></trkpt>
   <trkpt lon="-2.047242" lat="42.648272"><ele>533.25</ele></trkpt>
   <trkpt lon="-2.047337" lat="42.648142"><ele>534.5</ele></trkpt>
   <trkpt lon="-2.047734" lat="42.647435"><ele>540.25</ele></trkpt>
   <trkpt lon="-2.047774" lat="42.646816"><ele>545.75</ele></trkpt>
   <trkpt lon="-2.047846" lat="42.646478"><ele>548.5</ele></trkpt>
   <trkpt lon="-2.047900" lat="42.646332"><ele>549.75</ele></trkpt>
   <trkpt lon="-2.047982" lat="42.646299"><ele>550.25</ele></trkpt>
   <trkpt lon="-2.048093" lat="42.646336"><ele>550.25</ele></trkpt>
   <trkpt lon="-2.048291" lat="42.646386"><ele>550.0</ele></trkpt>
   <trkpt lon="-2.048940" lat="42.646515"><ele>549.75</ele></trkpt>
   <trkpt lon="-2.049203" lat="42.646557"><ele>550.25</ele></trkpt>
   <trkpt lon="-2.049753" lat="42.646589"><ele>550.75</ele></trkpt>
   <trkpt lon="-2.049918" lat="42.646612"><ele>551.0</ele></trkpt>
   <trkpt lon="-2.050487" lat="42.646705"><ele>552.25</ele></trkpt>
   <trkpt lon="-2.050950" lat="42.646773"><ele>553.25</ele></trkpt>
   <trkpt lon="-2.051685" lat="42.646907"><ele>554.25</ele></trkpt>
   <trkpt lon="-2.052190" lat="42.647011"><ele>554.5</ele></trkpt>
   <trkpt lon="-2.052561" lat="42.647074"><ele>556.25</ele></trkpt>
   <trkpt lon="-2.052712" lat="42.647081"><ele>556.75</ele></trkpt>
   <trkpt lon="-2.053022" lat="42.647087"><ele>556.75</ele></trkpt>
   <trkpt lon="-2.053114" lat="42.647129"><ele>556.75</ele></trkpt>
   <trkpt lon="-2.052897" lat="42.647226"><ele>555.75</ele></trkpt>
   <trkpt lon="-2.052941" lat="42.647247"><ele>555.75</ele></trkpt>
   <trkpt lon="-2.052984" lat="42.647251"><ele>555.75</ele></trkpt>
   <trkpt lon="-2.053045" lat="42.647256"><ele>555.75</ele></trkpt>
   <trkpt lon="-2.053177" lat="42.647244"><ele>556.0</ele></trkpt>
   <trkpt lon="-2.055402" lat="42.646993"><ele>561.5</ele></trkpt>
   <trkpt lon="-2.055789" lat="42.646913"><ele>562.0</ele></trkpt>
   <trkpt lon="-2.056349" lat="42.646679"><ele>563.75</ele></trkpt>
   <trkpt lon="-2.057091" lat="42.646314"><ele>566.5</ele></trkpt>
   <trkpt lon="-2.057313" lat="42.646223"><ele>567.5</ele></trkpt>
   <trkpt lon="-2.057714" lat="42.646034"><ele>567.75</ele></trkpt>
   <trkpt lon="-2.058367" lat="42.645923"><ele>569.0</ele></trkpt>
   <trkpt lon="-2.059779" lat="42.645590"><ele>570.5</ele></trkpt>
   <trkpt lon="-2.059994" lat="42.645531"><ele>571.25</ele></trkpt>
   <trkpt lon="-2.060200" lat="42.645486"><ele>571.0</ele></trkpt>
   <trkpt lon="-2.060504" lat="42.645382"><ele>570.75</ele></trkpt>
   <trkpt lon="-2.060864" lat="42.645269"><ele>569.0</ele></trkpt>
   <trkpt lon="-2.061128" lat="42.645214"><ele>569.75</ele></trkpt>
   <trkpt lon="-2.061354" lat="42.645194"><ele>570.5</ele></trkpt>
   <trkpt lon="-2.061480" lat="42.645168"><ele>571.25</ele></trkpt>
   <trkpt lon="-2.062377" lat="42.644899"><ele>573.75</ele></trkpt>
   <trkpt lon="-2.062512" lat="42.644840"><ele>575.75</ele></trkpt>
   <trkpt lon="-2.062629" lat="42.644789"><ele>575.0</ele></trkpt>
   <trkpt lon="-2.063132" lat="42.644552"><ele>573.5</ele></trkpt>
   <trkpt lon="-2.063553" lat="42.644390"><ele>574.0</ele></trkpt>
   <trkpt lon="-2.064609" lat="42.643916"><ele>578.0</ele></trkpt>
   <trkpt lon="-2.064970" lat="42.643673"><ele>579.75</ele></trkpt>
   <trkpt lon="-2.065640" lat="42.643283"><ele>578.25</ele></trkpt>
   <trkpt lon="-2.065735" lat="42.643187"><ele>578.0</ele></trkpt>
   <trkpt lon="-2.066840" lat="42.642668"><ele>580.25</ele></trkpt>
   <trkpt lon="-2.067353" lat="42.642506"><ele>580.75</ele></trkpt>
   <trkpt lon="-2.067979" lat="42.642205"><ele>585.75</ele></trkpt>
   <trkpt lon="-2.068122" lat="42.642135"><ele>587.25</ele></trkpt>
   <trkpt lon="-2.068371" lat="42.642025"><ele>588.75</ele></trkpt>
   <trkpt lon="-2.068596" lat="42.641960"><ele>589.0</ele></trkpt>
   <trkpt lon="-2.068970" lat="42.641916"><ele>590.75</ele></trkpt>
   <trkpt lon="-2.069063" lat="42.641906"><ele>590.5</ele></trkpt>
   <trkpt lon="-2.069168" lat="42.641923"><ele>590.0</ele></trkpt>
   <trkpt lon="-2.069371" lat="42.641923"><ele>587.75</ele></trkpt>
   <trkpt lon="-2.069526" lat="42.641897"><ele>586.25</ele></trkpt>
   <trkpt lon="-2.069848" lat="42.641861"><ele>583.75</ele></trkpt>
   <trkpt lon="-2.070112" lat="42.641864"><ele>582.25</ele></trkpt>
   <trkpt lon="-2.070261" lat="42.641893"><ele>581.5</ele></trkpt>
   <trkpt lon="-2.070377" lat="42.641894"><ele>581.25</ele></trkpt>
   <trkpt lon="-2.070546" lat="42.641860"><ele>580.25</ele></trkpt>
   <trkpt lon="-2.070708" lat="42.641802"><ele>579.0</ele></trkpt>
   <trkpt lon="-2.071160" lat="42.641641"><ele>577.75</ele></trkpt>
   <trkpt lon="-2.071786" lat="42.641355"><ele>576.0</ele></trkpt>
   <trkpt lon="-2.072405" lat="42.641000"><ele>574.5</ele></trkpt>
   <trkpt lon="-2.072518" lat="42.640936"><ele>576.0</ele></trkpt>
   <trkpt lon="-2.072658" lat="42.640901"><ele>577.75</ele></trkpt>
   <trkpt lon="-2.073066" lat="42.640854"><ele>579.0</ele></trkpt>
   <trkpt lon="-2.073185" lat="42.640808"><ele>579.25</ele></trkpt>
   <trkpt lon="-2.073230" lat="42.640776"><ele>579.5</ele></trkpt>
   <trkpt lon="-2.073236" lat="42.640722"><ele>580.25</ele></trkpt>
   <trkpt lon="-2.073005" lat="42.640615"><ele>582.25</ele></trkpt>
   <trkpt lon="-2.072975" lat="42.640580"><ele>582.75</ele></trkpt>
   <trkpt lon="-2.072966" lat="42.640547"><ele>583.25</ele></trkpt>
   <trkpt lon="-2.072983" lat="42.640501"><ele>583.75</ele></trkpt>
   <trkpt lon="-2.072973" lat="42.640476"><ele>584.25</ele></trkpt>
   <trkpt lon="-2.072944" lat="42.640430"><ele>585.0</ele></trkpt>
   <trkpt lon="-2.072904" lat="42.640402"><ele>585.25</ele></trkpt>
   <trkpt lon="-2.072888" lat="42.640379"><ele>585.75</ele></trkpt>
   <trkpt lon="-2.072907" lat="42.640189"><ele>587.5</ele></trkpt>
   <trkpt lon="-2.072898" lat="42.640169"><ele>587.75</ele></trkpt>
   <trkpt lon="-2.072813" lat="42.640082"><ele>588.25</ele></trkpt>
   <trkpt lon="-2.072800" lat="42.640058"><ele>588.5</ele></trkpt>
   <trkpt lon="-2.072778" lat="42.639957"><ele>589.25</ele></trkpt>
   <trkpt lon="-2.072777" lat="42.639852"><ele>590.0</ele></trkpt>
   <trkpt lon="-2.072809" lat="42.639760"><ele>590.75</ele></trkpt>
   <trkpt lon="-2.072752" lat="42.639715"><ele>590.5</ele></trkpt>
   <trkpt lon="-2.072720" lat="42.639659"><ele>590.25</ele></trkpt>
   <trkpt lon="-2.072711" lat="42.639567"><ele>591.0</ele></trkpt>
   <trkpt lon="-2.072697" lat="42.639508"><ele>591.25</ele></trkpt>
   <trkpt lon="-2.072633" lat="42.639333"><ele>591.75</ele></trkpt>
   <trkpt lon="-2.072617" lat="42.639232"><ele>592.75</ele></trkpt>
   <trkpt lon="-2.072637" lat="42.639201"><ele>593.5</ele></trkpt>
   <trkpt lon="-2.072670" lat="42.639177"><ele>594.25</ele></trkpt>
   <trkpt lon="-2.073168" lat="42.639115"><ele>598.5</ele></trkpt>
   <trkpt lon="-2.073389" lat="42.639105"><ele>599.25</ele></trkpt>
   <trkpt lon="-2.073575" lat="42.639089"><ele>599.5</ele></trkpt>
   <trkpt lon="-2.074124" lat="42.638996"><ele>598.25</ele></trkpt>
   <trkpt lon="-2.074485" lat="42.638975"><ele>596.75</ele></trkpt>
   <trkpt lon="-2.074814" lat="42.638934"><ele>595.75</ele></trkpt>
   <trkpt lon="-2.074976" lat="42.638902"><ele>594.0</ele></trkpt>
   <trkpt lon="-2.075559" lat="42.638529"><ele>590.5</ele></trkpt>
   <trkpt lon="-2.075734" lat="42.638479"><ele>590.25</ele></trkpt>
   <trkpt lon="-2.077099" lat="42.638199"><ele>588.5</ele></trkpt>
   <trkpt lon="-2.077683" lat="42.638045"><ele>586.5</ele></trkpt>
   <trkpt lon="-2.077951" lat="42.637974"><ele>585.5</ele></trkpt>
   <trkpt lon="-2.078171" lat="42.637952"><ele>585.75</ele></trkpt>
   <trkpt lon="-2.078409" lat="42.637950"><ele>586.0</ele></trkpt>
   <trkpt lon="-2.078250" lat="42.637794"><ele>587.75</ele></trkpt>
   <trkpt lon="-2.078072" lat="42.637702"><ele>588.5</ele></trkpt>
   <trkpt lon="-2.077947" lat="42.637656"><ele>588.25</ele></trkpt>
   <trkpt lon="-2.077769" lat="42.637573"><ele>588.5</ele></trkpt>
   <trkpt lon="-2.077677" lat="42.637485"><ele>589.25</ele></trkpt>
   <trkpt lon="-2.078001" lat="42.637404"><ele>589.75</ele></trkpt>
   <trkpt lon="-2.078513" lat="42.637297"><ele>586.5</ele></trkpt>
   <trkpt lon="-2.078866" lat="42.637255"><ele>583.5</ele></trkpt>
   <trkpt lon="-2.080448" lat="42.637066"><ele>576.25</ele></trkpt>
   <trkpt lon="-2.082173" lat="42.636859"><ele>573.5</ele></trkpt>
   <trkpt lon="-2.082587" lat="42.636799"><ele>575.5</ele></trkpt>
   <trkpt lon="-2.082901" lat="42.636710"><ele>572.75</ele></trkpt>
   <trkpt lon="-2.083165" lat="42.636584"><ele>571.25</ele></trkpt>
   <trkpt lon="-2.083583" lat="42.636324"><ele>571.0</ele></trkpt>
   <trkpt lon="-2.084249" lat="42.635896"><ele>570.0</ele></trkpt>
   <trkpt lon="-2.084443" lat="42.635743"><ele>570.25</ele></trkpt>
   <trkpt lon="-2.084960" lat="42.635295"><ele>569.5</ele></trkpt>
   <trkpt lon="-2.085108" lat="42.635183"><ele>569.25</ele></trkpt>
   <trkpt lon="-2.085265" lat="42.635083"><ele>569.0</ele></trkpt>
   <trkpt lon="-2.085605" lat="42.634948"><ele>574.0</ele></trkpt>
   <trkpt lon="-2.085911" lat="42.634872"><ele>582.75</ele></trkpt>
   <trkpt lon="-2.086868" lat="42.634604"><ele>584.25</ele></trkpt>
   <trkpt lon="-2.087102" lat="42.634530"><ele>578.5</ele></trkpt>
   <trkpt lon="-2.087267" lat="42.634459"><ele>575.75</ele></trkpt>
   <trkpt lon="-2.087543" lat="42.634263"><ele>575.5</ele></trkpt>
   <trkpt lon="-2.087987" lat="42.633771"><ele>573.75</ele></trkpt>
   <trkpt lon="-2.088947" lat="42.632610"><ele>581.25</ele></trkpt>
   <trkpt lon="-2.089260" lat="42.632093"><ele>582.25</ele></trkpt>
   <trkpt lon="-2.089506" lat="42.631568"><ele>582.75</ele></trkpt>
   <trkpt lon="-2.089635" lat="42.631272"><ele>582.75</ele></trkpt>
   <trkpt lon="-2.090086" lat="42.630370"><ele>583.25</ele></trkpt>
   <trkpt lon="-2.090158" lat="42.630239"><ele>584.0</ele></trkpt>
   <trkpt lon="-2.090266" lat="42.630082"><ele>585.75</ele></trkpt>
   <trkpt lon="-2.090398" lat="42.629966"><ele>587.5</ele></trkpt>
   <trkpt lon="-2.092146" lat="42.628837"><ele>594.25</ele></trkpt>
   <trkpt lon="-2.093775" lat="42.627768"><ele>600.5</ele></trkpt>
   <trkpt lon="-2.095488" lat="42.626688"><ele>607.25</ele></trkpt>
   <trkpt lon="-2.096137" lat="42.626317"><ele>609.75</ele></trkpt>
   <trkpt lon="-2.096471" lat="42.626156"><ele>612.5</ele></trkpt>
   <trkpt lon="-2.096829" lat="42.626004"><ele>613.25</ele></trkpt>
   <trkpt lon="-2.097319" lat="42.625835"><ele>614.0</ele></trkpt>
   <trkpt lon="-2.097671" lat="42.625738"><ele>615.25</ele></trkpt>
   <trkpt lon="-2.098014" lat="42.625690"><ele>616.0</ele></trkpt>
   <trkpt lon="-2.098330" lat="42.625657"><ele>615.25</ele></trkpt>
   <trkpt lon="-2.098495" lat="42.625610"><ele>615.75</ele></trkpt>
   <trkpt lon="-2.098596" lat="42.625490"><ele>615.75</ele></trkpt>
   <trkpt lon="-2.098633" lat="42.625275"><ele>616.0</ele></trkpt>
   <trkpt lon="-2.098638" lat="42.625229"><ele>616.0</ele></trkpt>
   <trkpt lon="-2.098728" lat="42.625224"><ele>616.25</ele></trkpt>
   <trkpt lon="-2.098812" lat="42.625198"><ele>616.5</ele></trkpt>
   <trkpt lon="-2.098881" lat="42.625155"><ele>616.5</ele></trkpt>
   <trkpt lon="-2.098926" lat="42.625102"><ele>616.25</ele></trkpt>
   <trkpt lon="-2.098949" lat="42.625041"><ele>615.75</ele></trkpt>
   <trkpt lon="-2.098946" lat="42.624978"><ele>615.5</ele></trkpt>
   <trkpt lon="-2.098918" lat="42.624918"><ele>615.25</ele></trkpt>
   <trkpt lon="-2.098868" lat="42.624867"><ele>615.0</ele></trkpt>
   <trkpt lon="-2.098800" lat="42.624828"><ele>615.0</ele></trkpt>
   <trkpt lon="-2.098719" lat="42.624806"><ele>615.0</ele></trkpt>
   <trkpt lon="-2.098634" lat="42.624803"><ele>615.25</ele></trkpt>
   <trkpt lon="-2.098550" lat="42.624818"><ele>615.5</ele></trkpt>
   <trkpt lon="-2.098476" lat="42.624850"><ele>615.5</ele></trkpt>
   <trkpt lon="-2.098419" lat="42.624897"><ele>615.75</ele></trkpt>
   <trkpt lon="-2.098374" lat="42.624871"><ele>615.5</ele></trkpt>
   <trkpt lon="-2.098035" lat="42.624685"><ele>614.75</ele></trkpt>
   <trkpt lon="-2.097295" lat="42.624295"><ele>615.5</ele></trkpt>
   <trkpt lon="-2.097016" lat="42.624136"><ele>618.5</ele></trkpt>
   <trkpt lon="-2.097056" lat="42.624069"><ele>618.25</ele></trkpt>
   <trkpt lon="-2.097063" lat="42.623995"><ele>618.25</ele></trkpt>
   <trkpt lon="-2.097038" lat="42.623924"><ele>618.25</ele></trkpt>
   <trkpt lon="-2.096984" lat="42.623862"><ele>618.5</ele></trkpt>
   <trkpt lon="-2.096915" lat="42.623820"><ele>618.5</ele></trkpt>
   <trkpt lon="-2.096832" lat="42.623795"><ele>618.75</ele></trkpt>
   <trkpt lon="-2.096744" lat="42.623789"><ele>619.25</ele></trkpt>
   <trkpt lon="-2.096656" lat="42.623801"><ele>619.5</ele></trkpt>
   <trkpt lon="-2.096643" lat="42.623632"><ele>619.0</ele></trkpt>
   <trkpt lon="-2.096682" lat="42.623508"><ele>618.75</ele></trkpt>
   <trkpt lon="-2.096773" lat="42.623352"><ele>618.0</ele></trkpt>
   <trkpt lon="-2.096904" lat="42.623241"><ele>617.5</ele></trkpt>
   <trkpt lon="-2.097073" lat="42.623126"><ele>616.0</ele></trkpt>
   <trkpt lon="-2.097465" lat="42.622920"><ele>615.25</ele></trkpt>
   <trkpt lon="-2.097965" lat="42.622634"><ele>610.75</ele></trkpt>
   <trkpt lon="-2.098153" lat="42.622494"><ele>607.5</ele></trkpt>
   <trkpt lon="-2.098338" lat="42.622340"><ele>606.25</ele></trkpt>
   <trkpt lon="-2.098567" lat="42.622086"><ele>605.0</ele></trkpt>
   <trkpt lon="-2.098776" lat="42.621788"><ele>601.0</ele></trkpt>
   <trkpt lon="-2.099424" lat="42.620736"><ele>594.0</ele></trkpt>
   <trkpt lon="-2.101130" lat="42.618005"><ele>604.75</ele></trkpt>
   <trkpt lon="-2.101741" lat="42.617189"><ele>600.5</ele></trkpt>
   <trkpt lon="-2.102018" lat="42.616843"><ele>598.0</ele></trkpt>
   <trkpt lon="-2.102487" lat="42.616259"><ele>594.0</ele></trkpt>
   <trkpt lon="-2.102085" lat="42.615955"><ele>591.0</ele></trkpt>
   <trkpt lon="-2.101537" lat="42.615525"><ele>587.5</ele></trkpt>
   <trkpt lon="-2.101417" lat="42.615420"><ele>586.75</ele></trkpt>
   <trkpt lon="-2.101332" lat="42.615329"><ele>586.75</ele></trkpt>
   <trkpt lon="-2.101072" lat="42.615018"><ele>587.75</ele></trkpt>
   <trkpt lon="-2.100262" lat="42.613963"><ele>590.5</ele></trkpt>
   <trkpt lon="-2.100135" lat="42.613760"><ele>591.25</ele></trkpt>
   <trkpt lon="-2.100068" lat="42.613633"><ele>591.5</ele></trkpt>
   <trkpt lon="-2.100015" lat="42.613482"><ele>591.25</ele></trkpt>
   <trkpt lon="-2.100042" lat="42.613279"><ele>590.5</ele></trkpt>
   <trkpt lon="-2.100351" lat="42.612408"><ele>593.0</ele></trkpt>
   <trkpt lon="-2.100351" lat="42.612247"><ele>594.0</ele></trkpt>
   <trkpt lon="-2.100496" lat="42.612126"><ele>592.25</ele></trkpt>
   <trkpt lon="-2.100575" lat="42.612078"><ele>591.0</ele></trkpt>
   <trkpt lon="-2.100741" lat="42.611794"><ele>587.0</ele></trkpt>
   <trkpt lon="-2.101044" lat="42.611481"><ele>580.75</ele></trkpt>
   <trkpt lon="-2.101261" lat="42.611308"><ele>578.25</ele></trkpt>
   <trkpt lon="-2.101345" lat="42.611258"><ele>577.75</ele></trkpt>
   <trkpt lon="-2.101394" lat="42.611201"><ele>577.25</ele></trkpt>
   <trkpt lon="-2.101435" lat="42.611087"><ele>576.5</ele></trkpt>
   <trkpt lon="-2.101444" lat="42.610964"><ele>576.75</ele></trkpt>
   <trkpt lon="-2.101508" lat="42.610539"><ele>577.0</ele></trkpt>
   <trkpt lon="-2.102124" lat="42.610456"><ele>574.75</ele></trkpt>
   <trkpt lon="-2.102406" lat="42.610388"><ele>573.25</ele></trkpt>
   <trkpt lon="-2.102748" lat="42.610297"><ele>572.0</ele></trkpt>
   <trkpt lon="-2.103312" lat="42.610119"><ele>569.5</ele></trkpt>
   <trkpt lon="-2.103578" lat="42.609970"><ele>568.25</ele></trkpt>
   <trkpt lon="-2.103818" lat="42.609747"><ele>567.25</ele></trkpt>
   <trkpt lon="-2.103949" lat="42.609657"><ele>567.75</ele></trkpt>
   <trkpt lon="-2.104050" lat="42.609612"><ele>568.0</ele></trkpt>
   <trkpt lon="-2.104436" lat="42.609478"><ele>565.0</ele></trkpt>
   <trkpt lon="-2.104621" lat="42.609401"><ele>564.75</ele></trkpt>
   <trkpt lon="-2.104840" lat="42.609286"><ele>564.5</ele></trkpt>
   <trkpt lon="-2.105459" lat="42.608890"><ele>562.25</ele></trkpt>
   <trkpt lon="-2.105761" lat="42.608676"><ele>560.5</ele></trkpt>
   <trkpt lon="-2.105987" lat="42.608498"><ele>559.25</ele></trkpt>
   <trkpt lon="-2.106208" lat="42.608305"><ele>557.25</ele></trkpt>
   <trkpt lon="-2.106546" lat="42.607896"><ele>554.5</ele></trkpt>
   <trkpt lon="-2.106847" lat="42.607606"><ele>549.0</ele></trkpt>
   <trkpt lon="-2.108200" lat="42.606545"><ele>541.0</ele></trkpt>
   <trkpt lon="-2.108282" lat="42.606468"><ele>541.0</ele></trkpt>
   <trkpt lon="-2.108339" lat="42.606362"><ele>540.75</ele></trkpt>
   <trkpt lon="-2.108359" lat="42.606202"><ele>540.25</ele></trkpt>
   <trkpt lon="-2.108260" lat="42.605423"><ele>537.75</ele></trkpt>
   <trkpt lon="-2.108279" lat="42.605306"><ele>537.25</ele></trkpt>
   <trkpt lon="-2.108319" lat="42.605225"><ele>536.75</ele></trkpt>
   <trkpt lon="-2.108384" lat="42.605147"><ele>536.25</ele></trkpt>
   <trkpt lon="-2.108912" lat="42.604709"><ele>534.75</ele></trkpt>
   <trkpt lon="-2.110409" lat="42.603416"><ele>530.5</ele></trkpt>
   <trkpt lon="-2.110895" lat="42.603025"><ele>530.25</ele></trkpt>
   <trkpt lon="-2.111439" lat="42.602766"><ele>527.75</ele></trkpt>
   <trkpt lon="-2.112695" lat="42.602218"><ele>523.25</ele></trkpt>
   <trkpt lon="-2.113411" lat="42.602226"><ele>520.5</ele></trkpt>
   <trkpt lon="-2.114461" lat="42.602221"><ele>518.75</ele></trkpt>
   <trkpt lon="-2.114813" lat="42.602194"><ele>519.0</ele></trkpt>
   <trkpt lon="-2.115007" lat="42.602262"><ele>519.75</ele></trkpt>
   <trkpt lon="-2.115188" lat="42.602384"><ele>520.5</ele></trkpt>
   <trkpt lon="-2.115268" lat="42.602477"><ele>521.5</ele></trkpt>
   <trkpt lon="-2.115765" lat="42.602861"><ele>522.25</ele></trkpt>
   <trkpt lon="-2.116085" lat="42.603137"><ele>523.25</ele></trkpt>
   <trkpt lon="-2.116145" lat="42.603221"><ele>523.75</ele></trkpt>
   <trkpt lon="-2.116181" lat="42.603299"><ele>524.5</ele></trkpt>
   <trkpt lon="-2.116200" lat="42.603493"><ele>527.25</ele></trkpt>
   <trkpt lon="-2.116216" lat="42.603526"><ele>528.0</ele></trkpt>
   <trkpt lon="-2.116300" lat="42.603565"><ele>529.75</ele></trkpt>
   <trkpt lon="-2.116698" lat="42.603762"><ele>529.5</ele></trkpt>
   <trkpt lon="-2.117595" lat="42.604209"><ele>529.5</ele></trkpt>
   <trkpt lon="-2.117805" lat="42.604353"><ele>530.75</ele></trkpt>
   <trkpt lon="-2.117853" lat="42.604439"><ele>531.25</ele></trkpt>
   <trkpt lon="-2.117874" lat="42.604509"><ele>531.5</ele></trkpt>
   <trkpt lon="-2.118121" lat="42.604467"><ele>532.25</ele></trkpt>
   <trkpt lon="-2.118364" lat="42.604400"><ele>533.25</ele></trkpt>
   <trkpt lon="-2.118629" lat="42.604270"><ele>535.25</ele></trkpt>
   <trkpt lon="-2.119061" lat="42.603913"><ele>541.0</ele></trkpt>
   <trkpt lon="-2.119208" lat="42.603814"><ele>542.75</ele></trkpt>
   <trkpt lon="-2.119330" lat="42.603746"><ele>543.75</ele></trkpt>
   <trkpt lon="-2.119460" lat="42.603697"><ele>544.25</ele></trkpt>
   <trkpt lon="-2.119632" lat="42.603666"><ele>544.25</ele></trkpt>
   <trkpt lon="-2.120627" lat="42.603632"><ele>545.25</ele></trkpt>
   <trkpt lon="-2.123017" lat="42.603522"><ele>546.0</ele></trkpt>
   <trkpt lon="-2.123246" lat="42.603516"><ele>547.0</ele></trkpt>
   <trkpt lon="-2.123432" lat="42.603490"><ele>547.0</ele></trkpt>
   <trkpt lon="-2.123659" lat="42.603424"><ele>546.25</ele></trkpt>
   <trkpt lon="-2.124271" lat="42.603190"><ele>544.5</ele></trkpt>
   <trkpt lon="-2.124379" lat="42.603132"><ele>544.75</ele></trkpt>
   <trkpt lon="-2.124474" lat="42.603066"><ele>545.0</ele></trkpt>
   <trkpt lon="-2.124538" lat="42.602987"><ele>545.5</ele></trkpt>
   <trkpt lon="-2.124573" lat="42.602900"><ele>545.5</ele></trkpt>
   <trkpt lon="-2.124607" lat="42.602675"><ele>545.5</ele></trkpt>
   <trkpt lon="-2.124634" lat="42.602588"><ele>545.75</ele></trkpt>
   <trkpt lon="-2.124667" lat="42.602517"><ele>545.75</ele></trkpt>
   <trkpt lon="-2.124683" lat="42.602489"><ele>545.75</ele></trkpt>
   <trkpt lon="-2.124708" lat="42.602459"><ele>545.5</ele></trkpt>
   <trkpt lon="-2.125135" lat="42.601987"><ele>542.75</ele></trkpt>
   <trkpt lon="-2.125427" lat="42.601666"><ele>541.5</ele></trkpt>
   <trkpt lon="-2.125869" lat="42.601232"><ele>538.0</ele></trkpt>
   <trkpt lon="-2.126413" lat="42.600679"><ele>532.75</ele></trkpt>
   <trkpt lon="-2.126571" lat="42.600563"><ele>532.0</ele></trkpt>
   <trkpt lon="-2.126687" lat="42.600509"><ele>531.5</ele></trkpt>
   <trkpt lon="-2.126756" lat="42.600487"><ele>531.25</ele></trkpt>
   <trkpt lon="-2.126897" lat="42.600460"><ele>531.0</ele></trkpt>
   <trkpt lon="-2.127024" lat="42.600444"><ele>530.5</ele></trkpt>
   <trkpt lon="-2.129731" lat="42.600275"><ele>527.75</ele></trkpt>
   <trkpt lon="-2.131075" lat="42.600194"><ele>524.75</ele></trkpt>
   <trkpt lon="-2.133127" lat="42.600070"><ele>532.5</ele></trkpt>
   <trkpt lon="-2.133364" lat="42.600045"><ele>533.0</ele></trkpt>
   <trkpt lon="-2.135361" lat="42.599841"><ele>520.75</ele></trkpt>
   <trkpt lon="-2.136663" lat="42.599683"><ele>515.5</ele></trkpt>
   <trkpt lon="-2.137366" lat="42.599617"><ele>515.25</ele></trkpt>
   <trkpt lon="-2.139605" lat="42.599376"><ele>518.0</ele></trkpt>
   <trkpt lon="-2.139830" lat="42.599332"><ele>518.0</ele></trkpt>
   <trkpt lon="-2.140027" lat="42.599265"><ele>517.5</ele></trkpt>
   <trkpt lon="-2.142458" lat="42.598336"><ele>514.5</ele></trkpt>
   <trkpt lon="-2.142735" lat="42.598227"><ele>516.75</ele></trkpt>
   <trkpt lon="-2.143316" lat="42.598085"><ele>516.0</ele></trkpt>
   <trkpt lon="-2.143912" lat="42.597975"><ele>516.5</ele></trkpt>
   <trkpt lon="-2.144250" lat="42.597906"><ele>517.5</ele></trkpt>
   <trkpt lon="-2.144408" lat="42.597862"><ele>517.5</ele></trkpt>
   <trkpt lon="-2.144490" lat="42.597815"><ele>516.75</ele></trkpt>
   <trkpt lon="-2.144572" lat="42.597753"><ele>516.0</ele></trkpt>
   <trkpt lon="-2.145468" lat="42.596584"><ele>510.0</ele></trkpt>
   <trkpt lon="-2.145523" lat="42.596515"><ele>509.75</ele></trkpt>
   <trkpt lon="-2.145554" lat="42.596495"><ele>509.75</ele></trkpt>
   <trkpt lon="-2.145601" lat="42.596479"><ele>509.75</ele></trkpt>
   <trkpt lon="-2.145841" lat="42.596493"><ele>511.25</ele></trkpt>
   <trkpt lon="-2.146114" lat="42.596523"><ele>513.25</ele></trkpt>
   <trkpt lon="-2.146226" lat="42.596542"><ele>513.75</ele></trkpt>
   <trkpt lon="-2.146470" lat="42.596621"><ele>515.75</ele></trkpt>
   <trkpt lon="-2.146711" lat="42.596733"><ele>516.5</ele></trkpt>
   <trkpt lon="-2.146861" lat="42.596774"><ele>517.0</ele></trkpt>
   <trkpt lon="-2.147420" lat="42.596837"><ele>517.5</ele></trkpt>
   <trkpt lon="-2.148201" lat="42.596846"><ele>516.25</ele></trkpt>
   <trkpt lon="-2.148328" lat="42.596833"><ele>515.75</ele></trkpt>
   <trkpt lon="-2.148443" lat="42.596807"><ele>515.5</ele></trkpt>
   <trkpt lon="-2.148673" lat="42.596719"><ele>515.0</ele></trkpt>
   <trkpt lon="-2.148841" lat="42.596677"><ele>515.75</ele></trkpt>
   <trkpt lon="-2.149112" lat="42.596644"><ele>516.25</ele></trkpt>
   <trkpt lon="-2.149542" lat="42.596616"><ele>517.25</ele></trkpt>
   <trkpt lon="-2.150394" lat="42.596625"><ele>518.75</ele></trkpt>
   <trkpt lon="-2.150513" lat="42.596652"><ele>518.25</ele></trkpt>
   <trkpt lon="-2.150636" lat="42.596694"><ele>518.25</ele></trkpt>
   <trkpt lon="-2.150748" lat="42.596711"><ele>518.0</ele></trkpt>
   <trkpt lon="-2.150857" lat="42.596710"><ele>517.5</ele></trkpt>
   <trkpt lon="-2.150957" lat="42.596687"><ele>517.5</ele></trkpt>
   <trkpt lon="-2.151206" lat="42.596589"><ele>517.75</ele></trkpt>
   <trkpt lon="-2.151375" lat="42.596513"><ele>517.75</ele></trkpt>
   <trkpt lon="-2.151439" lat="42.596467"><ele>517.75</ele></trkpt>
   <trkpt lon="-2.151504" lat="42.596404"><ele>517.5</ele></trkpt>
   <trkpt lon="-2.151875" lat="42.596367"><ele>519.25</ele></trkpt>
   <trkpt lon="-2.153214" lat="42.596188"><ele>526.5</ele></trkpt>
   <trkpt lon="-2.153334" lat="42.596175"><ele>527.0</ele></trkpt>
   <trkpt lon="-2.153455" lat="42.596171"><ele>527.5</ele></trkpt>
   <trkpt lon="-2.153708" lat="42.596172"><ele>528.5</ele></trkpt>
   <trkpt lon="-2.155046" lat="42.596204"><ele>535.25</ele></trkpt>
   <trkpt lon="-2.155717" lat="42.596222"><ele>539.5</ele></trkpt>
   <trkpt lon="-2.156376" lat="42.596247"><ele>541.5</ele></trkpt>
   <trkpt lon="-2.156672" lat="42.593318"><ele>534.0</ele></trkpt>
   <trkpt lon="-2.156684" lat="42.593161"><ele>534.5</ele></trkpt>
   <trkpt lon="-2.156707" lat="42.593111"><ele>534.75</ele></trkpt>
   <trkpt lon="-2.156760" lat="42.593070"><ele>534.75</ele></trkpt>
   <trkpt lon="-2.156884" lat="42.593052"><ele>535.0</ele></trkpt>
   <trkpt lon="-2.157655" lat="42.593011"><ele>533.5</ele></trkpt>
   <trkpt lon="-2.158559" lat="42.592910"><ele>532.0</ele></trkpt>
   <trkpt lon="-2.158921" lat="42.592892"><ele>531.0</ele></trkpt>
   <trkpt lon="-2.161657" lat="42.592930"><ele>525.75</ele></trkpt>
   <trkpt lon="-2.169377" lat="42.593016"><ele>509.0</ele></trkpt>
   <trkpt lon="-2.169487" lat="42.593030"><ele>508.75</ele></trkpt>
   <trkpt lon="-2.169580" lat="42.593057"><ele>508.5</ele></trkpt>
   <trkpt lon="-2.169664" lat="42.593096"><ele>508.0</ele></trkpt>
   <trkpt lon="-2.169729" lat="42.593142"><ele>508.0</ele></trkpt>
   <trkpt lon="-2.169788" lat="42.593216"><ele>508.0</ele></trkpt>
   <trkpt lon="-2.169824" lat="42.593316"><ele>508.0</ele></trkpt>
   <trkpt lon="-2.169854" lat="42.593465"><ele>508.0</ele></trkpt>
   <trkpt lon="-2.169947" lat="42.593658"><ele>508.0</ele></trkpt>
   <trkpt lon="-2.170002" lat="42.593706"><ele>507.75</ele></trkpt>
   <trkpt lon="-2.170080" lat="42.593739"><ele>507.75</ele></trkpt>
   <trkpt lon="-2.170820" lat="42.593744"><ele>506.5</ele></trkpt>
   <trkpt lon="-2.172467" lat="42.593722"><ele>504.0</ele></trkpt>
   <trkpt lon="-2.173567" lat="42.593679"><ele>503.0</ele></trkpt>
   <trkpt lon="-2.173985" lat="42.593671"><ele>502.75</ele></trkpt>
   <trkpt lon="-2.174188" lat="42.593641"><ele>502.0</ele></trkpt>
   <trkpt lon="-2.174440" lat="42.593577"><ele>501.75</ele></trkpt>
   <trkpt lon="-2.176726" lat="42.592906"><ele>498.25</ele></trkpt>
   <trkpt lon="-2.176816" lat="42.592875"><ele>498.25</ele></trkpt>
   <trkpt lon="-2.176904" lat="42.592833"><ele>498.0</ele></trkpt>
   <trkpt lon="-2.177032" lat="42.592759"><ele>497.75</ele></trkpt>
   <trkpt lon="-2.177186" lat="42.592608"><ele>497.25</ele></trkpt>
   <trkpt lon="-2.177568" lat="42.592184"><ele>497.0</ele></trkpt>
   <trkpt lon="-2.177656" lat="42.591883"><ele>496.75</ele></trkpt>
   <trkpt lon="-2.177658" lat="42.591840"><ele>496.75</ele></trkpt>
   <trkpt lon="-2.177614" lat="42.591751"><ele>496.5</ele></trkpt>
   <trkpt lon="-2.177628" lat="42.591656"><ele>496.5</ele></trkpt>
   <trkpt lon="-2.177666" lat="42.591568"><ele>497.0</ele></trkpt>
   <trkpt lon="-2.177751" lat="42.591426"><ele>496.5</ele></trkpt>
   <trkpt lon="-2.177787" lat="42.591393"><ele>495.75</ele></trkpt>
   <trkpt lon="-2.177862" lat="42.591346"><ele>496.5</ele></trkpt>
   <trkpt lon="-2.178696" lat="42.591108"><ele>497.0</ele></trkpt>
   <trkpt lon="-2.178774" lat="42.591081"><ele>497.0</ele></trkpt>
   <trkpt lon="-2.178844" lat="42.591042"><ele>496.75</ele></trkpt>
   <trkpt lon="-2.179056" lat="42.590844"><ele>496.25</ele></trkpt>
   <trkpt lon="-2.179357" lat="42.590595"><ele>494.5</ele></trkpt>
   <trkpt lon="-2.179476" lat="42.590460"><ele>493.0</ele></trkpt>
   <trkpt lon="-2.179549" lat="42.590343"><ele>492.5</ele></trkpt>
   <trkpt lon="-2.179603" lat="42.590221"><ele>492.25</ele></trkpt>
   <trkpt lon="-2.179950" lat="42.589942"><ele>490.0</ele></trkpt>
   <trkpt lon="-2.180007" lat="42.589904"><ele>489.75</ele></trkpt>
   <trkpt lon="-2.180077" lat="42.589868"><ele>489.75</ele></trkpt>
   <trkpt lon="-2.180498" lat="42.589725"><ele>489.0</ele></trkpt>
   <trkpt lon="-2.180739" lat="42.589330"><ele>489.75</ele></trkpt>
   <trkpt lon="-2.180857" lat="42.589040"><ele>489.5</ele></trkpt>
   <trkpt lon="-2.180957" lat="42.588750"><ele>488.5</ele></trkpt>
   <trkpt lon="-2.181020" lat="42.588421"><ele>488.0</ele></trkpt>
   <trkpt lon="-2.181144" lat="42.588123"><ele>488.0</ele></trkpt>
   <trkpt lon="-2.181189" lat="42.588033"><ele>487.75</ele></trkpt>
   <trkpt lon="-2.181237" lat="42.587988"><ele>487.75</ele></trkpt>
   <trkpt lon="-2.181286" lat="42.587957"><ele>487.75</ele></trkpt>
   <trkpt lon="-2.181386" lat="42.587877"><ele>487.75</ele></trkpt>
   <trkpt lon="-2.181423" lat="42.587834"><ele>488.0</ele></trkpt>
   <trkpt lon="-2.181447" lat="42.587623"><ele>487.75</ele></trkpt>
   <trkpt lon="-2.181510" lat="42.587422"><ele>487.25</ele></trkpt>
   <trkpt lon="-2.181754" lat="42.586958"><ele>488.0</ele></trkpt>
   <trkpt lon="-2.181983" lat="42.586508"><ele>488.5</ele></trkpt>
   <trkpt lon="-2.182045" lat="42.586349"><ele>488.75</ele></trkpt>
   <trkpt lon="-2.182173" lat="42.585736"><ele>489.0</ele></trkpt>
   <trkpt lon="-2.182244" lat="42.585169"><ele>489.0</ele></trkpt>
   <trkpt lon="-2.182300" lat="42.584996"><ele>489.25</ele></trkpt>
   <trkpt lon="-2.182385" lat="42.584818"><ele>489.5</ele></trkpt>
   <trkpt lon="-2.182468" lat="42.584752"><ele>489.75</ele></trkpt>
   <trkpt lon="-2.182831" lat="42.584582"><ele>495.0</ele></trkpt>
   <trkpt lon="-2.182976" lat="42.584508"><ele>494.75</ele></trkpt>
   <trkpt lon="-2.183066" lat="42.584436"><ele>493.25</ele></trkpt>
   <trkpt lon="-2.183158" lat="42.584312"><ele>495.0</ele></trkpt>
   <trkpt lon="-2.183329" lat="42.584034"><ele>493.5</ele></trkpt>
   <trkpt lon="-2.183495" lat="42.583830"><ele>491.25</ele></trkpt>
   <trkpt lon="-2.183634" lat="42.583722"><ele>490.5</ele></trkpt>
   <trkpt lon="-2.184370" lat="42.583244"><ele>489.0</ele></trkpt>
   <trkpt lon="-2.187031" lat="42.581584"><ele>495.75</ele></trkpt>
   <trkpt lon="-2.187242" lat="42.581425"><ele>497.0</ele></trkpt>
   <trkpt lon="-2.187319" lat="42.581343"><ele>498.5</ele></trkpt>
   <trkpt lon="-2.187361" lat="42.581269"><ele>499.0</ele></trkpt>
   <trkpt lon="-2.187392" lat="42.581177"><ele>499.0</ele></trkpt>
   <trkpt lon="-2.187468" lat="42.581019"><ele>497.0</ele></trkpt>
   <trkpt lon="-2.187539" lat="42.580897"><ele>495.25</ele></trkpt>
   <trkpt lon="-2.187659" lat="42.580748"><ele>494.75</ele></trkpt>
   <trkpt lon="-2.187912" lat="42.580482"><ele>491.25</ele></trkpt>
   <trkpt lon="-2.188396" lat="42.579940"><ele>485.0</ele></trkpt>
   <trkpt lon="-2.188506" lat="42.579782"><ele>484.0</ele></trkpt>
   <trkpt lon="-2.188522" lat="42.579734"><ele>483.5</ele></trkpt>
   <trkpt lon="-2.188533" lat="42.579605"><ele>482.0</ele></trkpt>
   <trkpt lon="-2.188539" lat="42.579394"><ele>479.0</ele></trkpt>
   <trkpt lon="-2.188557" lat="42.579298"><ele>477.0</ele></trkpt>
   <trkpt lon="-2.188589" lat="42.579237"><ele>475.5</ele></trkpt>
   <trkpt lon="-2.189101" lat="42.578439"><ele>469.0</ele></trkpt>
   <trkpt lon="-2.189464" lat="42.577832"><ele>464.25</ele></trkpt>
   <trkpt lon="-2.189884" lat="42.577069"><ele>462.0</ele></trkpt>
   <trkpt lon="-2.190257" lat="42.576414"><ele>459.25</ele></trkpt>
   <trkpt lon="-2.190358" lat="42.576289"><ele>459.25</ele></trkpt>
   <trkpt lon="-2.191118" lat="42.575600"><ele>456.0</ele></trkpt>
   <trkpt lon="-2.191901" lat="42.574918"><ele>455.0</ele></trkpt>
   <trkpt lon="-2.192349" lat="42.574572"><ele>455.0</ele></trkpt>
   <trkpt lon="-2.192533" lat="42.574447"><ele>454.75</ele></trkpt>
   <trkpt lon="-2.192660" lat="42.574345"><ele>454.75</ele></trkpt>
   <trkpt lon="-2.193066" lat="42.573973"><ele>454.5</ele></trkpt>
   <trkpt lon="-2.193264" lat="42.573758"><ele>454.25</ele></trkpt>
   <trkpt lon="-2.193378" lat="42.573545"><ele>453.75</ele></trkpt>
   <trkpt lon="-2.193389" lat="42.573459"><ele>453.5</ele></trkpt>
   <trkpt lon="-2.193407" lat="42.573094"><ele>452.5</ele></trkpt>
   <trkpt lon="-2.193380" lat="42.572740"><ele>451.5</ele></trkpt>
   <trkpt lon="-2.193230" lat="42.572180"><ele>450.0</ele></trkpt>
   <trkpt lon="-2.193107" lat="42.571884"><ele>449.5</ele></trkpt>
   <trkpt lon="-2.192643" lat="42.571062"><ele>448.25</ele></trkpt>
   <trkpt lon="-2.192201" lat="42.570327"><ele>449.25</ele></trkpt>
   <trkpt lon="-2.192097" lat="42.570131"><ele>449.25</ele></trkpt>
   <trkpt lon="-2.192053" lat="42.569908"><ele>448.25</ele></trkpt>
   <trkpt lon="-2.191966" lat="42.569778"><ele>448.0</ele></trkpt>
   <trkpt lon="-2.191775" lat="42.569583"><ele>447.75</ele></trkpt>
   <trkpt lon="-2.191824" lat="42.569509"><ele>447.25</ele></trkpt>
   <trkpt lon="-2.192229" lat="42.569330"><ele>445.75</ele></trkpt>
   <trkpt lon="-2.192374" lat="42.569243"><ele>445.5</ele></trkpt>
   <trkpt lon="-2.192171" lat="42.568776"><ele>445.5</ele></trkpt>
   <trkpt lon="-2.192070" lat="42.568680"><ele>445.0</ele></trkpt>
   <trkpt lon="-2.191885" lat="42.568716"><ele>445.25</ele></trkpt>
   <trkpt lon="-2.191827" lat="42.568707"><ele>445.25</ele></trkpt>
   <trkpt lon="-2.191781" lat="42.568686"><ele>445.25</ele></trkpt>
   <trkpt lon="-2.191727" lat="42.568592"><ele>445.0</ele></trkpt>
   <trkpt lon="-2.191688" lat="42.568480"><ele>444.75</ele></trkpt>
   <trkpt lon="-2.191727" lat="42.568592"><ele>445.0</ele></trkpt>
   <trkpt lon="-2.191781" lat="42.568686"><ele>445.25</ele></trkpt>
   <trkpt lon="-2.191827" lat="42.568707"><ele>445.25</ele></trkpt>
   <trkpt lon="-2.191885" lat="42.568716"><ele>445.25</ele></trkpt>
   <trkpt lon="-2.192070" lat="42.568680"><ele>445.0</ele></trkpt>
   <trkpt lon="-2.192171" lat="42.568776"><ele>445.5</ele></trkpt>
   <trkpt lon="-2.192374" lat="42.569243"><ele>445.5</ele></trkpt>
   <trkpt lon="-2.192404" lat="42.569228"><ele>445.25</ele></trkpt>
   <trkpt lon="-2.192477" lat="42.569188"><ele>445.0</ele></trkpt>
   <trkpt lon="-2.192681" lat="42.569100"><ele>445.0</ele></trkpt>
   <trkpt lon="-2.193129" lat="42.568945"><ele>443.0</ele></trkpt>
   <trkpt lon="-2.193336" lat="42.568896"><ele>441.0</ele></trkpt>
   <trkpt lon="-2.193450" lat="42.568867"><ele>442.25</ele></trkpt>
   <trkpt lon="-2.193677" lat="42.568801"><ele>443.75</ele></trkpt>
   <trkpt lon="-2.193844" lat="42.568742"><ele>444.25</ele></trkpt>
   <trkpt lon="-2.193920" lat="42.568717"><ele>444.25</ele></trkpt>
   <trkpt lon="-2.194371" lat="42.568578"><ele>445.0</ele></trkpt>
   <trkpt lon="-2.194539" lat="42.568537"><ele>445.75</ele></trkpt>
   <trkpt lon="-2.195965" lat="42.568202"><ele>452.75</ele></trkpt>
   <trkpt lon="-2.196496" lat="42.568050"><ele>455.25</ele></trkpt>
   <trkpt lon="-2.197893" lat="42.567638"><ele>461.0</ele></trkpt>
   <trkpt lon="-2.197938" lat="42.567596"><ele>461.75</ele></trkpt>
   <trkpt lon="-2.197990" lat="42.567563"><ele>462.25</ele></trkpt>
   <trkpt lon="-2.198036" lat="42.567535"><ele>462.5</ele></trkpt>
   <trkpt lon="-2.198281" lat="42.567464"><ele>464.25</ele></trkpt>
   <trkpt lon="-2.198890" lat="42.567257"><ele>466.75</ele></trkpt>
   <trkpt lon="-2.199017" lat="42.567226"><ele>467.25</ele></trkpt>
   <trkpt lon="-2.199573" lat="42.567160"><ele>468.25</ele></trkpt>
   <trkpt lon="-2.199826" lat="42.567136"><ele>469.25</ele></trkpt>
   <trkpt lon="-2.200345" lat="42.567122"><ele>470.5</ele></trkpt>
   <trkpt lon="-2.200788" lat="42.567084"><ele>471.25</ele></trkpt>
   <trkpt lon="-2.201111" lat="42.567039"><ele>471.5</ele></trkpt>
   <trkpt lon="-2.202466" lat="42.566819"><ele>467.0</ele></trkpt>
   <trkpt lon="-2.202528" lat="42.566803"><ele>467.0</ele></trkpt>
   <trkpt lon="-2.202586" lat="42.566767"><ele>466.75</ele></trkpt>
   <trkpt lon="-2.202676" lat="42.566741"><ele>466.75</ele></trkpt>
   <trkpt lon="-2.203198" lat="42.566630"><ele>467.0</ele></trkpt>
   <trkpt lon="-2.203456" lat="42.566591"><ele>467.5</ele></trkpt>
   <trkpt lon="-2.203658" lat="42.566574"><ele>467.25</ele></trkpt>
   <trkpt lon="-2.204304" lat="42.566545"><ele>465.5</ele></trkpt>
   <trkpt lon="-2.205327" lat="42.566487"><ele>465.75</ele></trkpt>
   <trkpt lon="-2.205701" lat="42.566441"><ele>466.25</ele></trkpt>
   <trkpt lon="-2.205908" lat="42.566406"><ele>466.25</ele></trkpt>
   <trkpt lon="-2.206595" lat="42.566310"><ele>465.75</ele></trkpt>
   <trkpt lon="-2.207502" lat="42.566168"><ele>465.5</ele></trkpt>
   <trkpt lon="-2.207851" lat="42.566124"><ele>466.25</ele></trkpt>
   <trkpt lon="-2.208162" lat="42.566093"><ele>467.0</ele></trkpt>
   <trkpt lon="-2.209428" lat="42.566026"><ele>467.0</ele></trkpt>
   <trkpt lon="-2.210985" lat="42.565931"><ele>467.75</ele></trkpt>
   <trkpt lon="-2.212521" lat="42.565827"><ele>467.75</ele></trkpt>
   <trkpt lon="-2.213853" lat="42.565757"><ele>467.0</ele></trkpt>
   <trkpt lon="-2.214901" lat="42.565678"><ele>465.5</ele></trkpt>
   <trkpt lon="-2.216739" lat="42.565479"><ele>467.25</ele></trkpt>
   <trkpt lon="-2.217697" lat="42.565405"><ele>467.0</ele></trkpt>
   <trkpt lon="-2.223293" lat="42.565005"><ele>466.0</ele></trkpt>
   <trkpt lon="-2.223609" lat="42.564969"><ele>466.75</ele></trkpt>
   <trkpt lon="-2.224044" lat="42.564905"><ele>466.25</ele></trkpt>
   <trkpt lon="-2.228131" lat="42.564192"><ele>461.75</ele></trkpt>
   <trkpt lon="-2.231270" lat="42.563664"><ele>451.0</ele></trkpt>
   <trkpt lon="-2.232044" lat="42.563518"><ele>457.0</ele></trkpt>
   <trkpt lon="-2.234354" lat="42.563129"><ele>452.0</ele></trkpt>
   <trkpt lon="-2.235680" lat="42.562865"><ele>451.75</ele></trkpt>
   <trkpt lon="-2.235710" lat="42.562935"><ele>452.25</ele></trkpt>
   <trkpt lon="-2.235765" lat="42.562991"><ele>452.5</ele></trkpt>
   <trkpt lon="-2.235829" lat="42.563012"><ele>452.75</ele></trkpt>
   <trkpt lon="-2.236050" lat="42.563045"><ele>453.5</ele></trkpt>
   <trkpt lon="-2.236226" lat="42.563094"><ele>454.5</ele></trkpt>
   <trkpt lon="-2.236397" lat="42.563189"><ele>455.5</ele></trkpt>
   <trkpt lon="-2.236656" lat="42.563457"><ele>456.75</ele></trkpt>
   <trkpt lon="-2.236718" lat="42.563500"><ele>457.0</ele></trkpt>
   <trkpt lon="-2.236825" lat="42.563540"><ele>457.25</ele></trkpt>
   <trkpt lon="-2.236895" lat="42.563548"><ele>457.5</ele></trkpt>
   <trkpt lon="-2.237048" lat="42.563570"><ele>458.0</ele></trkpt>
   <trkpt lon="-2.237283" lat="42.563567"><ele>458.5</ele></trkpt>
   <trkpt lon="-2.237769" lat="42.563607"><ele>458.75</ele></trkpt>
   <trkpt lon="-2.238624" lat="42.563623"><ele>460.0</ele></trkpt>
   <trkpt lon="-2.238988" lat="42.563655"><ele>460.0</ele></trkpt>
   <trkpt lon="-2.239191" lat="42.563667"><ele>460.0</ele></trkpt>
   <trkpt lon="-2.239561" lat="42.563660"><ele>460.5</ele></trkpt>
   <trkpt lon="-2.239813" lat="42.563663"><ele>461.0</ele></trkpt>
   <trkpt lon="-2.240673" lat="42.563761"><ele>462.5</ele></trkpt>
   <trkpt lon="-2.241029" lat="42.563795"><ele>462.75</ele></trkpt>
   <trkpt lon="-2.241624" lat="42.563819"><ele>463.25</ele></trkpt>
   <trkpt lon="-2.242914" lat="42.563789"><ele>465.75</ele></trkpt>
   <trkpt lon="-2.243629" lat="42.563710"><ele>465.0</ele></trkpt>
   <trkpt lon="-2.244256" lat="42.563610"><ele>464.75</ele></trkpt>
   <trkpt lon="-2.244723" lat="42.563562"><ele>465.25</ele></trkpt>
   <trkpt lon="-2.244932" lat="42.563534"><ele>465.0</ele></trkpt>
   <trkpt lon="-2.245236" lat="42.563476"><ele>464.5</ele></trkpt>
   <trkpt lon="-2.245427" lat="42.563457"><ele>463.75</ele></trkpt>
   <trkpt lon="-2.245666" lat="42.563459"><ele>463.5</ele></trkpt>
   <trkpt lon="-2.245854" lat="42.563476"><ele>463.5</ele></trkpt>
   <trkpt lon="-2.246152" lat="42.563525"><ele>463.25</ele></trkpt>
   <trkpt lon="-2.246811" lat="42.563617"><ele>465.0</ele></trkpt>
   <trkpt lon="-2.247304" lat="42.563650"><ele>467.0</ele></trkpt>
   <trkpt lon="-2.247505" lat="42.563653"><ele>467.0</ele></trkpt>
   <trkpt lon="-2.247799" lat="42.563712"><ele>466.5</ele></trkpt>
   <trkpt lon="-2.248026" lat="42.563769"><ele>465.25</ele></trkpt>
   <trkpt lon="-2.248222" lat="42.563808"><ele>464.0</ele></trkpt>
   <trkpt lon="-2.248387" lat="42.563855"><ele>463.5</ele></trkpt>
   <trkpt lon="-2.248640" lat="42.563961"><ele>463.5</ele></trkpt>
   <trkpt lon="-2.248787" lat="42.564063"><ele>463.5</ele></trkpt>
   <trkpt lon="-2.248980" lat="42.564185"><ele>463.25</ele></trkpt>
   <trkpt lon="-2.249112" lat="42.564246"><ele>462.5</ele></trkpt>
   <trkpt lon="-2.249221" lat="42.564280"><ele>462.25</ele></trkpt>
   <trkpt lon="-2.249367" lat="42.564311"><ele>462.25</ele></trkpt>
   <trkpt lon="-2.249529" lat="42.564326"><ele>462.0</ele></trkpt>
   <trkpt lon="-2.249661" lat="42.564323"><ele>461.75</ele></trkpt>
   <trkpt lon="-2.250300" lat="42.564226"><ele>460.25</ele></trkpt>
   <trkpt lon="-2.250553" lat="42.564147"><ele>460.75</ele></trkpt>
   <trkpt lon="-2.250756" lat="42.564098"><ele>460.75</ele></trkpt>
   <trkpt lon="-2.250950" lat="42.564069"><ele>461.0</ele></trkpt>
   <trkpt lon="-2.251275" lat="42.564058"><ele>461.75</ele></trkpt>
   <trkpt lon="-2.251758" lat="42.564023"><ele>462.0</ele></trkpt>
   <trkpt lon="-2.252157" lat="42.564008"><ele>461.75</ele></trkpt>
   <trkpt lon="-2.252308" lat="42.563985"><ele>461.0</ele></trkpt>
   <trkpt lon="-2.252377" lat="42.563969"><ele>460.75</ele></trkpt>
   <trkpt lon="-2.252512" lat="42.563937"><ele>459.75</ele></trkpt>
   <trkpt lon="-2.252704" lat="42.563882"><ele>458.75</ele></trkpt>
   <trkpt lon="-2.252975" lat="42.563824"><ele>458.5</ele></trkpt>
   <trkpt lon="-2.253277" lat="42.563777"><ele>458.75</ele></trkpt>
   <trkpt lon="-2.253695" lat="42.563649"><ele>457.25</ele></trkpt>
   <trkpt lon="-2.254004" lat="42.563570"><ele>456.25</ele></trkpt>
   <trkpt lon="-2.254108" lat="42.563555"><ele>455.75</ele></trkpt>
   <trkpt lon="-2.254195" lat="42.563558"><ele>455.75</ele></trkpt>
   <trkpt lon="-2.254292" lat="42.563583"><ele>455.25</ele></trkpt>
   <trkpt lon="-2.254634" lat="42.563742"><ele>455.25</ele></trkpt>
   <trkpt lon="-2.254718" lat="42.563772"><ele>454.75</ele></trkpt>
   <trkpt lon="-2.254809" lat="42.563782"><ele>454.25</ele></trkpt>
   <trkpt lon="-2.254943" lat="42.563769"><ele>453.25</ele></trkpt>
   <trkpt lon="-2.255077" lat="42.563729"><ele>452.75</ele></trkpt>
   <trkpt lon="-2.255192" lat="42.563679"><ele>452.75</ele></trkpt>
   <trkpt lon="-2.255495" lat="42.563508"><ele>453.25</ele></trkpt>
   <trkpt lon="-2.255656" lat="42.563404"><ele>453.75</ele></trkpt>
   <trkpt lon="-2.255796" lat="42.563298"><ele>454.5</ele></trkpt>
   <trkpt lon="-2.255861" lat="42.563222"><ele>454.75</ele></trkpt>
   <trkpt lon="-2.256007" lat="42.563025"><ele>456.75</ele></trkpt>
   <trkpt lon="-2.256099" lat="42.562956"><ele>457.75</ele></trkpt>
   <trkpt lon="-2.256335" lat="42.562829"><ele>458.75</ele></trkpt>
   <trkpt lon="-2.256467" lat="42.562794"><ele>459.5</ele></trkpt>
   <trkpt lon="-2.256585" lat="42.562789"><ele>460.5</ele></trkpt>
   <trkpt lon="-2.256716" lat="42.562803"><ele>461.5</ele></trkpt>
   <trkpt lon="-2.256959" lat="42.562871"><ele>464.0</ele></trkpt>
   <trkpt lon="-2.257214" lat="42.562906"><ele>464.25</ele></trkpt>
   <trkpt lon="-2.257307" lat="42.562909"><ele>464.75</ele></trkpt>
   <trkpt lon="-2.257715" lat="42.562469"><ele>464.75</ele></trkpt>
   <trkpt lon="-2.258262" lat="42.561859"><ele>465.75</ele></trkpt>
   <trkpt lon="-2.259225" lat="42.560782"><ele>470.0</ele></trkpt>
   <trkpt lon="-2.259583" lat="42.560498"><ele>469.25</ele></trkpt>
   <trkpt lon="-2.261070" lat="42.559425"><ele>465.75</ele></trkpt>
   <trkpt lon="-2.261364" lat="42.559227"><ele>465.25</ele></trkpt>
   <trkpt lon="-2.261713" lat="42.559034"><ele>464.5</ele></trkpt>
   <trkpt lon="-2.262290" lat="42.558767"><ele>464.75</ele></trkpt>
   <trkpt lon="-2.263871" lat="42.558076"><ele>466.75</ele></trkpt>
   <trkpt lon="-2.264762" lat="42.557679"><ele>470.25</ele></trkpt>
   <trkpt lon="-2.264863" lat="42.557622"><ele>470.5</ele></trkpt>
   <trkpt lon="-2.264952" lat="42.557547"><ele>470.75</ele></trkpt>
   <trkpt lon="-2.264993" lat="42.557482"><ele>471.0</ele></trkpt>
   <trkpt lon="-2.265014" lat="42.557397"><ele>471.75</ele></trkpt>
   <trkpt lon="-2.265016" lat="42.557323"><ele>472.25</ele></trkpt>
   <trkpt lon="-2.264905" lat="42.556786"><ele>475.25</ele></trkpt>
   <trkpt lon="-2.264904" lat="42.556687"><ele>475.75</ele></trkpt>
   <trkpt lon="-2.264914" lat="42.556602"><ele>476.25</ele></trkpt>
   <trkpt lon="-2.264940" lat="42.556516"><ele>476.75</ele></trkpt>
   <trkpt lon="-2.264972" lat="42.556439"><ele>477.5</ele></trkpt>
   <trkpt lon="-2.265017" lat="42.556363"><ele>478.0</ele></trkpt>
   <trkpt lon="-2.265116" lat="42.556255"><ele>478.75</ele></trkpt>
   <trkpt lon="-2.266073" lat="42.555475"><ele>485.25</ele></trkpt>
   <trkpt lon="-2.266157" lat="42.555404"><ele>486.0</ele></trkpt>
   <trkpt lon="-2.266212" lat="42.555347"><ele>486.25</ele></trkpt>
   <trkpt lon="-2.266274" lat="42.555267"><ele>486.25</ele></trkpt>
   <trkpt lon="-2.266317" lat="42.555189"><ele>486.75</ele></trkpt>
   <trkpt lon="-2.266353" lat="42.555104"><ele>487.25</ele></trkpt>
   <trkpt lon="-2.266415" lat="42.554918"><ele>488.5</ele></trkpt>
   <trkpt lon="-2.266504" lat="42.554489"><ele>492.5</ele></trkpt>
   <trkpt lon="-2.266511" lat="42.554313"><ele>492.5</ele></trkpt>
   <trkpt lon="-2.266445" lat="42.554178"><ele>492.0</ele></trkpt>
   <trkpt lon="-2.266362" lat="42.554077"><ele>491.0</ele></trkpt>
   <trkpt lon="-2.266152" lat="42.553826"><ele>488.5</ele></trkpt>
   <trkpt lon="-2.266046" lat="42.553676"><ele>488.25</ele></trkpt>
   <trkpt lon="-2.266020" lat="42.553613"><ele>488.25</ele></trkpt>
   <trkpt lon="-2.265989" lat="42.553460"><ele>488.0</ele></trkpt>
   <trkpt lon="-2.265938" lat="42.553085"><ele>487.0</ele></trkpt>
   <trkpt lon="-2.265917" lat="42.553037"><ele>486.75</ele></trkpt>
   <trkpt lon="-2.265868" lat="42.553002"><ele>486.25</ele></trkpt>
   <trkpt lon="-2.265933" lat="42.552934"><ele>486.25</ele></trkpt>
   <trkpt lon="-2.266406" lat="42.552452"><ele>482.25</ele></trkpt>
   <trkpt lon="-2.266524" lat="42.552360"><ele>481.25</ele></trkpt>
   <trkpt lon="-2.266632" lat="42.552296"><ele>480.75</ele></trkpt>
   <trkpt lon="-2.266720" lat="42.552258"><ele>480.0</ele></trkpt>
   <trkpt lon="-2.266827" lat="42.552235"><ele>479.0</ele></trkpt>
   <trkpt lon="-2.266919" lat="42.552237"><ele>478.25</ele></trkpt>
   <trkpt lon="-2.267021" lat="42.552256"><ele>478.0</ele></trkpt>
   <trkpt lon="-2.267155" lat="42.552308"><ele>478.0</ele></trkpt>
   <trkpt lon="-2.267366" lat="42.552438"><ele>475.5</ele></trkpt>
   <trkpt lon="-2.269614" lat="42.553946"><ele>457.75</ele></trkpt>
   <trkpt lon="-2.269939" lat="42.554181"><ele>456.0</ele></trkpt>
   <trkpt lon="-2.270099" lat="42.554271"><ele>455.0</ele></trkpt>
   <trkpt lon="-2.270210" lat="42.554309"><ele>453.75</ele></trkpt>
   <trkpt lon="-2.270381" lat="42.554349"><ele>452.5</ele></trkpt>
   <trkpt lon="-2.270627" lat="42.554364"><ele>452.0</ele></trkpt>
   <trkpt lon="-2.270836" lat="42.554334"><ele>451.75</ele></trkpt>
   <trkpt lon="-2.270983" lat="42.554293"><ele>451.5</ele></trkpt>
   <trkpt lon="-2.271151" lat="42.554213"><ele>451.25</ele></trkpt>
   <trkpt lon="-2.271731" lat="42.553880"><ele>451.25</ele></trkpt>
   <trkpt lon="-2.272096" lat="42.553673"><ele>451.0</ele></trkpt>
   <trkpt lon="-2.272219" lat="42.553597"><ele>451.75</ele></trkpt>
   <trkpt lon="-2.272346" lat="42.553537"><ele>452.75</ele></trkpt>
   <trkpt lon="-2.272475" lat="42.553475"><ele>453.25</ele></trkpt>
   <trkpt lon="-2.272537" lat="42.553457"><ele>453.5</ele></trkpt>
   <trkpt lon="-2.272805" lat="42.553380"><ele>454.25</ele></trkpt>
   <trkpt lon="-2.275704" lat="42.552844"><ele>459.25</ele></trkpt>
   <trkpt lon="-2.276029" lat="42.552772"><ele>459.5</ele></trkpt>
   <trkpt lon="-2.276193" lat="42.552715"><ele>460.0</ele></trkpt>
   <trkpt lon="-2.276402" lat="42.552597"><ele>460.75</ele></trkpt>
   <trkpt lon="-2.277287" lat="42.552008"><ele>465.0</ele></trkpt>
   <trkpt lon="-2.277464" lat="42.551907"><ele>465.25</ele></trkpt>
   <trkpt lon="-2.277717" lat="42.551811"><ele>465.25</ele></trkpt>
   <trkpt lon="-2.278585" lat="42.551576"><ele>466.75</ele></trkpt>
   <trkpt lon="-2.278803" lat="42.551537"><ele>467.5</ele></trkpt>
   <trkpt lon="-2.279115" lat="42.551503"><ele>469.0</ele></trkpt>
   <trkpt lon="-2.280035" lat="42.551461"><ele>475.25</ele></trkpt>
   <trkpt lon="-2.280296" lat="42.551469"><ele>476.0</ele></trkpt>
   <trkpt lon="-2.280534" lat="42.551501"><ele>477.5</ele></trkpt>
   <trkpt lon="-2.280782" lat="42.551560"><ele>479.25</ele></trkpt>
   <trkpt lon="-2.281275" lat="42.551704"><ele>482.25</ele></trkpt>
   <trkpt lon="-2.281510" lat="42.551774"><ele>482.5</ele></trkpt>
   <trkpt lon="-2.281730" lat="42.551802"><ele>484.0</ele></trkpt>
   <trkpt lon="-2.281920" lat="42.551800"><ele>485.5</ele></trkpt>
   <trkpt lon="-2.282128" lat="42.551773"><ele>486.25</ele></trkpt>
   <trkpt lon="-2.282332" lat="42.551726"><ele>487.75</ele></trkpt>
   <trkpt lon="-2.283348" lat="42.551394"><ele>494.5</ele></trkpt>
   <trkpt lon="-2.283483" lat="42.551324"><ele>495.5</ele></trkpt>
   <trkpt lon="-2.283580" lat="42.551251"><ele>496.25</ele></trkpt>
   <trkpt lon="-2.283663" lat="42.551170"><ele>496.5</ele></trkpt>
   <trkpt lon="-2.283768" lat="42.551053"><ele>497.25</ele></trkpt>
   <trkpt lon="-2.283842" lat="42.550983"><ele>497.5</ele></trkpt>
   <trkpt lon="-2.283915" lat="42.550912"><ele>498.25</ele></trkpt>
   <trkpt lon="-2.284049" lat="42.550802"><ele>500.25</ele></trkpt>
   <trkpt lon="-2.284225" lat="42.550684"><ele>502.0</ele></trkpt>
   <trkpt lon="-2.284431" lat="42.550565"><ele>502.75</ele></trkpt>
   <trkpt lon="-2.284667" lat="42.550442"><ele>505.25</ele></trkpt>
   <trkpt lon="-2.284778" lat="42.550358"><ele>506.5</ele></trkpt>
   <trkpt lon="-2.284817" lat="42.550308"><ele>507.25</ele></trkpt>
   <trkpt lon="-2.284857" lat="42.550258"><ele>507.75</ele></trkpt>
   <trkpt lon="-2.284979" lat="42.550009"><ele>506.25</ele></trkpt>
   <trkpt lon="-2.285015" lat="42.549925"><ele>505.0</ele></trkpt>
   <trkpt lon="-2.285198" lat="42.549507"><ele>502.0</ele></trkpt>
   <trkpt lon="-2.285219" lat="42.549371"><ele>501.75</ele></trkpt>
   <trkpt lon="-2.285215" lat="42.549247"><ele>501.25</ele></trkpt>
   <trkpt lon="-2.285019" lat="42.548030"><ele>506.0</ele></trkpt>
   <trkpt lon="-2.285038" lat="42.547941"><ele>505.75</ele></trkpt>
   <trkpt lon="-2.285091" lat="42.547858"><ele>505.75</ele></trkpt>
   <trkpt lon="-2.285164" lat="42.547790"><ele>505.5</ele></trkpt>
   <trkpt lon="-2.285255" lat="42.547751"><ele>505.25</ele></trkpt>
   <trkpt lon="-2.285369" lat="42.547721"><ele>505.0</ele></trkpt>
   <trkpt lon="-2.285540" lat="42.547719"><ele>505.25</ele></trkpt>
   <trkpt lon="-2.286490" lat="42.547760"><ele>503.5</ele></trkpt>
   <trkpt lon="-2.286902" lat="42.547787"><ele>503.25</ele></trkpt>
   <trkpt lon="-2.287035" lat="42.547807"><ele>503.5</ele></trkpt>
   <trkpt lon="-2.287190" lat="42.547840"><ele>503.5</ele></trkpt>
   <trkpt lon="-2.287348" lat="42.547885"><ele>503.0</ele></trkpt>
   <trkpt lon="-2.287880" lat="42.548055"><ele>500.5</ele></trkpt>
   <trkpt lon="-2.288044" lat="42.548101"><ele>500.5</ele></trkpt>
   <trkpt lon="-2.288168" lat="42.548120"><ele>500.0</ele></trkpt>
   <trkpt lon="-2.288319" lat="42.548119"><ele>499.25</ele></trkpt>
   <trkpt lon="-2.288448" lat="42.548095"><ele>499.25</ele></trkpt>
   <trkpt lon="-2.288699" lat="42.548001"><ele>500.25</ele></trkpt>
   <trkpt lon="-2.288968" lat="42.547870"><ele>503.0</ele></trkpt>
   <trkpt lon="-2.289179" lat="42.547794"><ele>504.25</ele></trkpt>
   <trkpt lon="-2.289368" lat="42.547755"><ele>504.0</ele></trkpt>
   <trkpt lon="-2.289546" lat="42.547734"><ele>503.5</ele></trkpt>
   <trkpt lon="-2.290243" lat="42.547741"><ele>504.0</ele></trkpt>
   <trkpt lon="-2.290286" lat="42.547742"><ele>504.0</ele></trkpt>
   <trkpt lon="-2.290433" lat="42.547722"><ele>503.25</ele></trkpt>
   <trkpt lon="-2.290577" lat="42.547667"><ele>502.25</ele></trkpt>
   <trkpt lon="-2.290693" lat="42.547577"><ele>502.0</ele></trkpt>
   <trkpt lon="-2.290759" lat="42.547481"><ele>502.0</ele></trkpt>
   <trkpt lon="-2.290768" lat="42.547367"><ele>502.25</ele></trkpt>
   <trkpt lon="-2.290725" lat="42.547243"><ele>502.0</ele></trkpt>
   <trkpt lon="-2.290515" lat="42.547027"><ele>504.75</ele></trkpt>
   <trkpt lon="-2.288966" lat="42.545636"><ele>517.0</ele></trkpt>
   <trkpt lon="-2.288324" lat="42.545082"><ele>522.25</ele></trkpt>
   <trkpt lon="-2.288252" lat="42.544994"><ele>523.25</ele></trkpt>
   <trkpt lon="-2.288244" lat="42.544937"><ele>523.75</ele></trkpt>
   <trkpt lon="-2.288249" lat="42.544881"><ele>524.0</ele></trkpt>
   <trkpt lon="-2.288287" lat="42.544824"><ele>524.75</ele></trkpt>
   <trkpt lon="-2.288329" lat="42.544797"><ele>525.25</ele></trkpt>
   <trkpt lon="-2.288400" lat="42.544774"><ele>525.75</ele></trkpt>
   <trkpt lon="-2.288684" lat="42.544743"><ele>527.25</ele></trkpt>
   <trkpt lon="-2.289415" lat="42.544664"><ele>530.75</ele></trkpt>
   <trkpt lon="-2.290721" lat="42.544493"><ele>539.0</ele></trkpt>
   <trkpt lon="-2.291415" lat="42.544410"><ele>541.25</ele></trkpt>
   <trkpt lon="-2.291592" lat="42.544368"><ele>542.0</ele></trkpt>
   <trkpt lon="-2.291751" lat="42.544308"><ele>542.5</ele></trkpt>
   <trkpt lon="-2.292029" lat="42.544169"><ele>544.75</ele></trkpt>
   <trkpt lon="-2.293169" lat="42.543542"><ele>552.75</ele></trkpt>
   <trkpt lon="-2.293946" lat="42.543152"><ele>555.25</ele></trkpt>
   <trkpt lon="-2.296243" lat="42.542044"><ele>557.0</ele></trkpt>
   <trkpt lon="-2.296746" lat="42.541809"><ele>560.5</ele></trkpt>
   <trkpt lon="-2.297108" lat="42.541638"><ele>561.0</ele></trkpt>
   <trkpt lon="-2.297235" lat="42.541594"><ele>561.0</ele></trkpt>
   <trkpt lon="-2.297370" lat="42.541565"><ele>560.75</ele></trkpt>
   <trkpt lon="-2.297432" lat="42.541556"><ele>560.75</ele></trkpt>
   <trkpt lon="-2.297552" lat="42.541551"><ele>559.75</ele></trkpt>
   <trkpt lon="-2.297746" lat="42.541564"><ele>557.0</ele></trkpt>
   <trkpt lon="-2.297908" lat="42.541597"><ele>555.5</ele></trkpt>
   <trkpt lon="-2.298067" lat="42.541651"><ele>554.25</ele></trkpt>
   <trkpt lon="-2.298230" lat="42.541744"><ele>551.75</ele></trkpt>
   <trkpt lon="-2.298651" lat="42.542023"><ele>549.0</ele></trkpt>
   <trkpt lon="-2.298756" lat="42.542084"><ele>548.0</ele></trkpt>
   <trkpt lon="-2.299243" lat="42.542361"><ele>543.25</ele></trkpt>
   <trkpt lon="-2.299372" lat="42.542421"><ele>542.0</ele></trkpt>
   <trkpt lon="-2.299443" lat="42.542446"><ele>541.75</ele></trkpt>
   <trkpt lon="-2.299576" lat="42.542471"><ele>541.75</ele></trkpt>
   <trkpt lon="-2.299643" lat="42.542472"><ele>541.75</ele></trkpt>
   <trkpt lon="-2.299750" lat="42.542458"><ele>540.75</ele></trkpt>
   <trkpt lon="-2.299828" lat="42.542441"><ele>539.75</ele></trkpt>
   <trkpt lon="-2.299939" lat="42.542389"><ele>539.0</ele></trkpt>
   <trkpt lon="-2.299989" lat="42.542351"><ele>539.0</ele></trkpt>
   <trkpt lon="-2.300054" lat="42.542280"><ele>539.25</ele></trkpt>
   <trkpt lon="-2.300092" lat="42.542194"><ele>539.25</ele></trkpt>
   <trkpt lon="-2.300102" lat="42.542114"><ele>539.0</ele></trkpt>
   <trkpt lon="-2.300104" lat="42.541804"><ele>539.75</ele></trkpt>
   <trkpt lon="-2.300079" lat="42.541543"><ele>542.0</ele></trkpt>
   <trkpt lon="-2.299963" lat="42.540612"><ele>546.75</ele></trkpt>
   <trkpt lon="-2.299968" lat="42.540450"><ele>547.5</ele></trkpt>
   <trkpt lon="-2.300009" lat="42.540336"><ele>548.75</ele></trkpt>
   <trkpt lon="-2.300088" lat="42.540235"><ele>548.0</ele></trkpt>
   <trkpt lon="-2.300184" lat="42.540162"><ele>547.25</ele></trkpt>
   <trkpt lon="-2.300280" lat="42.540123"><ele>548.25</ele></trkpt>
   <trkpt lon="-2.300413" lat="42.540091"><ele>547.75</ele></trkpt>
   <trkpt lon="-2.300573" lat="42.540088"><ele>547.25</ele></trkpt>
   <trkpt lon="-2.300804" lat="42.540113"><ele>546.25</ele></trkpt>
   <trkpt lon="-2.301754" lat="42.540294"><ele>540.0</ele></trkpt>
   <trkpt lon="-2.301889" lat="42.540310"><ele>540.0</ele></trkpt>
   <trkpt lon="-2.302073" lat="42.540298"><ele>539.5</ele></trkpt>
   <trkpt lon="-2.302180" lat="42.540267"><ele>538.75</ele></trkpt>
   <trkpt lon="-2.302311" lat="42.540185"><ele>537.5</ele></trkpt>
   <trkpt lon="-2.302372" lat="42.540071"><ele>536.5</ele></trkpt>
   <trkpt lon="-2.302392" lat="42.539947"><ele>537.25</ele></trkpt>
   <trkpt lon="-2.302384" lat="42.539790"><ele>540.0</ele></trkpt>
   <trkpt lon="-2.302347" lat="42.539628"><ele>541.25</ele></trkpt>
   <trkpt lon="-2.302302" lat="42.539504"><ele>541.25</ele></trkpt>
   <trkpt lon="-2.302214" lat="42.539378"><ele>541.5</ele></trkpt>
   <trkpt lon="-2.302108" lat="42.539269"><ele>541.75</ele></trkpt>
   <trkpt lon="-2.301817" lat="42.539037"><ele>546.25</ele></trkpt>
   <trkpt lon="-2.301691" lat="42.538918"><ele>546.75</ele></trkpt>
   <trkpt lon="-2.301609" lat="42.538797"><ele>547.5</ele></trkpt>
   <trkpt lon="-2.301555" lat="42.538678"><ele>549.0</ele></trkpt>
   <trkpt lon="-2.301524" lat="42.538546"><ele>550.75</ele></trkpt>
   <trkpt lon="-2.301519" lat="42.538418"><ele>552.5</ele></trkpt>
   <trkpt lon="-2.301549" lat="42.538281"><ele>554.0</ele></trkpt>
   <trkpt lon="-2.301600" lat="42.538163"><ele>554.25</ele></trkpt>
   <trkpt lon="-2.301675" lat="42.538050"><ele>555.0</ele></trkpt>
   <trkpt lon="-2.301815" lat="42.537914"><ele>555.0</ele></trkpt>
   <trkpt lon="-2.301978" lat="42.537811"><ele>557.5</ele></trkpt>
   <trkpt lon="-2.302167" lat="42.537723"><ele>557.25</ele></trkpt>
   <trkpt lon="-2.302638" lat="42.537601"><ele>559.5</ele></trkpt>
   <trkpt lon="-2.302859" lat="42.537535"><ele>561.25</ele></trkpt>
   <trkpt lon="-2.303034" lat="42.537451"><ele>560.5</ele></trkpt>
   <trkpt lon="-2.303147" lat="42.537356"><ele>561.25</ele></trkpt>
   <trkpt lon="-2.303258" lat="42.537235"><ele>562.0</ele></trkpt>
   <trkpt lon="-2.303423" lat="42.536894"><ele>565.25</ele></trkpt>
   <trkpt lon="-2.303496" lat="42.536770"><ele>565.75</ele></trkpt>
   <trkpt lon="-2.303596" lat="42.536639"><ele>565.75</ele></trkpt>
   <trkpt lon="-2.303721" lat="42.536541"><ele>567.0</ele></trkpt>
   <trkpt lon="-2.303880" lat="42.536459"><ele>567.5</ele></trkpt>
   <trkpt lon="-2.304071" lat="42.536404"><ele>567.0</ele></trkpt>
   <trkpt lon="-2.304292" lat="42.536378"><ele>567.25</ele></trkpt>
   <trkpt lon="-2.306190" lat="42.536295"><ele>561.75</ele></trkpt>
   <trkpt lon="-2.306700" lat="42.536263"><ele>561.25</ele></trkpt>
   <trkpt lon="-2.306953" lat="42.536223"><ele>561.25</ele></trkpt>
   <trkpt lon="-2.307212" lat="42.536158"><ele>561.25</ele></trkpt>
   <trkpt lon="-2.307570" lat="42.536036"><ele>559.25</ele></trkpt>
   <trkpt lon="-2.309182" lat="42.535459"><ele>556.5</ele></trkpt>
   <trkpt lon="-2.310863" lat="42.534879"><ele>548.5</ele></trkpt>
   <trkpt lon="-2.311195" lat="42.534788"><ele>546.25</ele></trkpt>
   <trkpt lon="-2.311566" lat="42.534726"><ele>544.75</ele></trkpt>
   <trkpt lon="-2.311818" lat="42.534697"><ele>543.5</ele></trkpt>
   <trkpt lon="-2.312037" lat="42.534707"><ele>542.25</ele></trkpt>
   <trkpt lon="-2.312305" lat="42.534759"><ele>541.0</ele></trkpt>
   <trkpt lon="-2.312594" lat="42.534849"><ele>539.25</ele></trkpt>
   <trkpt lon="-2.312819" lat="42.534939"><ele>538.25</ele></trkpt>
   <trkpt lon="-2.314296" lat="42.535755"><ele>527.5</ele></trkpt>
   <trkpt lon="-2.314461" lat="42.535834"><ele>527.75</ele></trkpt>
   <trkpt lon="-2.314577" lat="42.535867"><ele>526.25</ele></trkpt>
   <trkpt lon="-2.314699" lat="42.535865"><ele>526.0</ele></trkpt>
   <trkpt lon="-2.314787" lat="42.535829"><ele>526.25</ele></trkpt>
   <trkpt lon="-2.314854" lat="42.535737"><ele>524.75</ele></trkpt>
   <trkpt lon="-2.315004" lat="42.535046"><ele>521.0</ele></trkpt>
   <trkpt lon="-2.315007" lat="42.534943"><ele>519.75</ele></trkpt>
   <trkpt lon="-2.314964" lat="42.534847"><ele>519.25</ele></trkpt>
   <trkpt lon="-2.314888" lat="42.534732"><ele>518.75</ele></trkpt>
   <trkpt lon="-2.314604" lat="42.534451"><ele>516.25</ele></trkpt>
   <trkpt lon="-2.314418" lat="42.534293"><ele>514.75</ele></trkpt>
   <trkpt lon="-2.314357" lat="42.534206"><ele>513.25</ele></trkpt>
   <trkpt lon="-2.314348" lat="42.534139"><ele>512.75</ele></trkpt>
   <trkpt lon="-2.314386" lat="42.534055"><ele>513.25</ele></trkpt>
   <trkpt lon="-2.314458" lat="42.533999"><ele>513.0</ele></trkpt>
   <trkpt lon="-2.314568" lat="42.533968"><ele>512.5</ele></trkpt>
   <trkpt lon="-2.314715" lat="42.533972"><ele>511.75</ele></trkpt>
   <trkpt lon="-2.315190" lat="42.534033"><ele>509.5</ele></trkpt>
   <trkpt lon="-2.315409" lat="42.534084"><ele>508.25</ele></trkpt>
   <trkpt lon="-2.315602" lat="42.534150"><ele>506.25</ele></trkpt>
   <trkpt lon="-2.315815" lat="42.534248"><ele>505.0</ele></trkpt>
   <trkpt lon="-2.316626" lat="42.534713"><ele>499.75</ele></trkpt>
   <trkpt lon="-2.316814" lat="42.534812"><ele>498.0</ele></trkpt>
   <trkpt lon="-2.316908" lat="42.534841"><ele>497.25</ele></trkpt>
   <trkpt lon="-2.317024" lat="42.534847"><ele>496.5</ele></trkpt>
   <trkpt lon="-2.317206" lat="42.534822"><ele>495.25</ele></trkpt>
   <trkpt lon="-2.318291" lat="42.534621"><ele>491.5</ele></trkpt>
   <trkpt lon="-2.318450" lat="42.534583"><ele>489.5</ele></trkpt>
   <trkpt lon="-2.318572" lat="42.534532"><ele>488.0</ele></trkpt>
   <trkpt lon="-2.318788" lat="42.534390"><ele>486.75</ele></trkpt>
   <trkpt lon="-2.319462" lat="42.533820"><ele>482.75</ele></trkpt>
   <trkpt lon="-2.319603" lat="42.533720"><ele>481.25</ele></trkpt>
   <trkpt lon="-2.319896" lat="42.533565"><ele>479.25</ele></trkpt>
   <trkpt lon="-2.320280" lat="42.533383"><ele>476.5</ele></trkpt>
   <trkpt lon="-2.320461" lat="42.533259"><ele>475.25</ele></trkpt>
   <trkpt lon="-2.320573" lat="42.533150"><ele>474.25</ele></trkpt>
   <trkpt lon="-2.320673" lat="42.533041"><ele>473.5</ele></trkpt>
   <trkpt lon="-2.320785" lat="42.532876"><ele>473.25</ele></trkpt>
   <trkpt lon="-2.320866" lat="42.532715"><ele>471.75</ele></trkpt>
   <trkpt lon="-2.320978" lat="42.532411"><ele>468.75</ele></trkpt>
   <trkpt lon="-2.321008" lat="42.532279"><ele>468.5</ele></trkpt>
   <trkpt lon="-2.320977" lat="42.531833"><ele>465.0</ele></trkpt>
   <trkpt lon="-2.320981" lat="42.531703"><ele>463.75</ele></trkpt>
   <trkpt lon="-2.321011" lat="42.531577"><ele>463.0</ele></trkpt>
   <trkpt lon="-2.321102" lat="42.531350"><ele>463.0</ele></trkpt>
   <trkpt lon="-2.321592" lat="42.530279"><ele>460.25</ele></trkpt>
   <trkpt lon="-2.322751" lat="42.527688"><ele>452.0</ele></trkpt>
   <trkpt lon="-2.322794" lat="42.527594"><ele>451.75</ele></trkpt>
   <trkpt lon="-2.322842" lat="42.527518"><ele>451.75</ele></trkpt>
   <trkpt lon="-2.322914" lat="42.527433"><ele>451.5</ele></trkpt>
   <trkpt lon="-2.323007" lat="42.527362"><ele>451.5</ele></trkpt>
   <trkpt lon="-2.323255" lat="42.527212"><ele>451.25</ele></trkpt>
   <trkpt lon="-2.323290" lat="42.527192"><ele>451.5</ele></trkpt>
   <trkpt lon="-2.323747" lat="42.526942"><ele>452.25</ele></trkpt>
   <trkpt lon="-2.324821" lat="42.526356"><ele>460.5</ele></trkpt>
   <trkpt lon="-2.325104" lat="42.526210"><ele>462.0</ele></trkpt>
   <trkpt lon="-2.325242" lat="42.526169"><ele>464.0</ele></trkpt>
   <trkpt lon="-2.325475" lat="42.526128"><ele>465.0</ele></trkpt>
   <trkpt lon="-2.325981" lat="42.526053"><ele>466.75</ele></trkpt>
   <trkpt lon="-2.326833" lat="42.525954"><ele>471.25</ele></trkpt>
   <trkpt lon="-2.327022" lat="42.525958"><ele>472.0</ele></trkpt>
   <trkpt lon="-2.327216" lat="42.525982"><ele>472.25</ele></trkpt>
   <trkpt lon="-2.327445" lat="42.526046"><ele>473.0</ele></trkpt>
   <trkpt lon="-2.327691" lat="42.526155"><ele>475.75</ele></trkpt>
   <trkpt lon="-2.327884" lat="42.526256"><ele>476.5</ele></trkpt>
   <trkpt lon="-2.328039" lat="42.526326"><ele>476.75</ele></trkpt>
   <trkpt lon="-2.328176" lat="42.526352"><ele>477.75</ele></trkpt>
   <trkpt lon="-2.328310" lat="42.526349"><ele>478.25</ele></trkpt>
   <trkpt lon="-2.328428" lat="42.526333"><ele>478.5</ele></trkpt>
   <trkpt lon="-2.328667" lat="42.526285"><ele>480.0</ele></trkpt>
   <trkpt lon="-2.329042" lat="42.526237"><ele>483.25</ele></trkpt>
   <trkpt lon="-2.329278" lat="42.526229"><ele>484.5</ele></trkpt>
   <trkpt lon="-2.329439" lat="42.526239"><ele>485.5</ele></trkpt>
   <trkpt lon="-2.329627" lat="42.526276"><ele>485.25</ele></trkpt>
   <trkpt lon="-2.329802" lat="42.526339"><ele>486.5</ele></trkpt>
   <trkpt lon="-2.330196" lat="42.526521"><ele>489.0</ele></trkpt>
   <trkpt lon="-2.330697" lat="42.526875"><ele>492.0</ele></trkpt>
   <trkpt lon="-2.330846" lat="42.526960"><ele>494.0</ele></trkpt>
   <trkpt lon="-2.331093" lat="42.527034"><ele>496.0</ele></trkpt>
   <trkpt lon="-2.331342" lat="42.527012"><ele>498.0</ele></trkpt>
   <trkpt lon="-2.331558" lat="42.526929"><ele>497.5</ele></trkpt>
   <trkpt lon="-2.331651" lat="42.526859"><ele>497.75</ele></trkpt>
   <trkpt lon="-2.331715" lat="42.526717"><ele>498.75</ele></trkpt>
   <trkpt lon="-2.331715" lat="42.526582"><ele>499.25</ele></trkpt>
   <trkpt lon="-2.331688" lat="42.526447"><ele>499.75</ele></trkpt>
   <trkpt lon="-2.331178" lat="42.525448"><ele>505.0</ele></trkpt>
   <trkpt lon="-2.331096" lat="42.525262"><ele>506.0</ele></trkpt>
   <trkpt lon="-2.331064" lat="42.525146"><ele>507.0</ele></trkpt>
   <trkpt lon="-2.331056" lat="42.525071"><ele>507.5</ele></trkpt>
   <trkpt lon="-2.331062" lat="42.524967"><ele>508.0</ele></trkpt>
   <trkpt lon="-2.331097" lat="42.524890"><ele>508.25</ele></trkpt>
   <trkpt lon="-2.331160" lat="42.524801"><ele>508.75</ele></trkpt>
   <trkpt lon="-2.331258" lat="42.524713"><ele>508.75</ele></trkpt>
   <trkpt lon="-2.331364" lat="42.524652"><ele>507.75</ele></trkpt>
   <trkpt lon="-2.331516" lat="42.524602"><ele>507.0</ele></trkpt>
   <trkpt lon="-2.331902" lat="42.524515"><ele>506.5</ele></trkpt>
   <trkpt lon="-2.333115" lat="42.524261"><ele>502.25</ele></trkpt>
   <trkpt lon="-2.333634" lat="42.524171"><ele>498.75</ele></trkpt>
   <trkpt lon="-2.334286" lat="42.524086"><ele>496.25</ele></trkpt>
   <trkpt lon="-2.336074" lat="42.523906"><ele>486.0</ele></trkpt>
   <trkpt lon="-2.336514" lat="42.523857"><ele>484.0</ele></trkpt>
   <trkpt lon="-2.336724" lat="42.523811"><ele>483.25</ele></trkpt>
   <trkpt lon="-2.336909" lat="42.523748"><ele>481.75</ele></trkpt>
   <trkpt lon="-2.337126" lat="42.523628"><ele>481.25</ele></trkpt>
   <trkpt lon="-2.337592" lat="42.523281"><ele>478.75</ele></trkpt>
   <trkpt lon="-2.339500" lat="42.521848"><ele>485.0</ele></trkpt>
   <trkpt lon="-2.340143" lat="42.521372"><ele>483.25</ele></trkpt>
   <trkpt lon="-2.340315" lat="42.521251"><ele>483.5</ele></trkpt>
   <trkpt lon="-2.340510" lat="42.521128"><ele>483.0</ele></trkpt>
   <trkpt lon="-2.340743" lat="42.521019"><ele>483.0</ele></trkpt>
   <trkpt lon="-2.343646" lat="42.519833"><ele>477.75</ele></trkpt>
   <trkpt lon="-2.343985" lat="42.519715"><ele>476.75</ele></trkpt>
   <trkpt lon="-2.344210" lat="42.519664"><ele>476.75</ele></trkpt>
   <trkpt lon="-2.347297" lat="42.518977"><ele>470.5</ele></trkpt>
   <trkpt lon="-2.349916" lat="42.518382"><ele>467.0</ele></trkpt>
   <trkpt lon="-2.351555" lat="42.518017"><ele>462.25</ele></trkpt>
   <trkpt lon="-2.351742" lat="42.517986"><ele>461.25</ele></trkpt>
   <trkpt lon="-2.351938" lat="42.517981"><ele>460.0</ele></trkpt>
   <trkpt lon="-2.353357" lat="42.518100"><ele>454.5</ele></trkpt>
   <trkpt lon="-2.353583" lat="42.518100"><ele>453.0</ele></trkpt>
   <trkpt lon="-2.353863" lat="42.518086"><ele>452.5</ele></trkpt>
   <trkpt lon="-2.354137" lat="42.518033"><ele>451.25</ele></trkpt>
   <trkpt lon="-2.356245" lat="42.517515"><ele>447.25</ele></trkpt>
   <trkpt lon="-2.358049" lat="42.517075"><ele>447.25</ele></trkpt>
   <trkpt lon="-2.358336" lat="42.517008"><ele>446.75</ele></trkpt>
   <trkpt lon="-2.358598" lat="42.516962"><ele>446.0</ele></trkpt>
   <trkpt lon="-2.358732" lat="42.516963"><ele>445.75</ele></trkpt>
   <trkpt lon="-2.358836" lat="42.516981"><ele>446.0</ele></trkpt>
   <trkpt lon="-2.358895" lat="42.517006"><ele>445.75</ele></trkpt>
   <trkpt lon="-2.358961" lat="42.517017"><ele>445.75</ele></trkpt>
   <trkpt lon="-2.359039" lat="42.517013"><ele>445.5</ele></trkpt>
   <trkpt lon="-2.359111" lat="42.516989"><ele>445.25</ele></trkpt>
   <trkpt lon="-2.359158" lat="42.516958"><ele>445.0</ele></trkpt>
   <trkpt lon="-2.359192" lat="42.516919"><ele>444.75</ele></trkpt>
   <trkpt lon="-2.359210" lat="42.516875"><ele>444.75</ele></trkpt>
   <trkpt lon="-2.359282" lat="42.516807"><ele>444.75</ele></trkpt>
   <trkpt lon="-2.359379" lat="42.516761"><ele>444.25</ele></trkpt>
   <trkpt lon="-2.359665" lat="42.516677"><ele>444.75</ele></trkpt>
   <trkpt lon="-2.360298" lat="42.516521"><ele>446.0</ele></trkpt>
   <trkpt lon="-2.362028" lat="42.516092"><ele>446.75</ele></trkpt>
   <trkpt lon="-2.363407" lat="42.515753"><ele>445.25</ele></trkpt>
   <trkpt lon="-2.363817" lat="42.515652"><ele>445.5</ele></trkpt>
   <trkpt lon="-2.364671" lat="42.515445"><ele>444.0</ele></trkpt>
   <trkpt lon="-2.365325" lat="42.515286"><ele>443.0</ele></trkpt>
   <trkpt lon="-2.366077" lat="42.515103"><ele>442.5</ele></trkpt>
   <trkpt lon="-2.366171" lat="42.515077"><ele>442.5</ele></trkpt>
   <trkpt lon="-2.366459" lat="42.515017"><ele>443.0</ele></trkpt>
   <trkpt lon="-2.366713" lat="42.514950"><ele>442.5</ele></trkpt>
   <trkpt lon="-2.367083" lat="42.514816"><ele>443.25</ele></trkpt>
   <trkpt lon="-2.367217" lat="42.514757"><ele>443.0</ele></trkpt>
   <trkpt lon="-2.367368" lat="42.514679"><ele>443.25</ele></trkpt>
   <trkpt lon="-2.367430" lat="42.514650"><ele>443.5</ele></trkpt>
   <trkpt lon="-2.367535" lat="42.514618"><ele>443.75</ele></trkpt>
   <trkpt lon="-2.367640" lat="42.514599"><ele>444.0</ele></trkpt>
   <trkpt lon="-2.367694" lat="42.514605"><ele>444.25</ele></trkpt>
   <trkpt lon="-2.367748" lat="42.514599"><ele>444.25</ele></trkpt>
   <trkpt lon="-2.367803" lat="42.514580"><ele>444.5</ele></trkpt>
   <trkpt lon="-2.367848" lat="42.514549"><ele>444.25</ele></trkpt>
   <trkpt lon="-2.367932" lat="42.514567"><ele>444.5</ele></trkpt>
   <trkpt lon="-2.368145" lat="42.514596"><ele>445.75</ele></trkpt>
   <trkpt lon="-2.368310" lat="42.514556"><ele>447.0</ele></trkpt>
   <trkpt lon="-2.369103" lat="42.514345"><ele>454.25</ele></trkpt>
   <trkpt lon="-2.369362" lat="42.514277"><ele>454.75</ele></trkpt>
   <trkpt lon="-2.369576" lat="42.514174"><ele>452.0</ele></trkpt>
   <trkpt lon="-2.369777" lat="42.514114"><ele>450.75</ele></trkpt>
   <trkpt lon="-2.370057" lat="42.514067"><ele>450.0</ele></trkpt>
   <trkpt lon="-2.370692" lat="42.513945"><ele>449.75</ele></trkpt>
   <trkpt lon="-2.370918" lat="42.513891"><ele>448.25</ele></trkpt>
   <trkpt lon="-2.371089" lat="42.513859"><ele>447.75</ele></trkpt>
   <trkpt lon="-2.371317" lat="42.513828"><ele>446.75</ele></trkpt>
   <trkpt lon="-2.371521" lat="42.513828"><ele>446.25</ele></trkpt>
   <trkpt lon="-2.371762" lat="42.513843"><ele>446.25</ele></trkpt>
   <trkpt lon="-2.371977" lat="42.513832"><ele>445.5</ele></trkpt>
   <trkpt lon="-2.372307" lat="42.513800"><ele>445.0</ele></trkpt>
   <trkpt lon="-2.372725" lat="42.513749"><ele>444.25</ele></trkpt>
   <trkpt lon="-2.372984" lat="42.513729"><ele>443.5</ele></trkpt>
   <trkpt lon="-2.373100" lat="42.513739"><ele>444.0</ele></trkpt>
   <trkpt lon="-2.373414" lat="42.513778"><ele>445.25</ele></trkpt>
   <trkpt lon="-2.373492" lat="42.513801"><ele>445.5</ele></trkpt>
   <trkpt lon="-2.373512" lat="42.513844"><ele>447.25</ele></trkpt>
   <trkpt lon="-2.373666" lat="42.513883"><ele>447.0</ele></trkpt>
   <trkpt lon="-2.373781" lat="42.513934"><ele>447.25</ele></trkpt>
   <trkpt lon="-2.375029" lat="42.514617"><ele>442.25</ele></trkpt>
   <trkpt lon="-2.375121" lat="42.514660"><ele>442.25</ele></trkpt>
   <trkpt lon="-2.375197" lat="42.514683"><ele>442.0</ele></trkpt>
   <trkpt lon="-2.375490" lat="42.514727"><ele>441.25</ele></trkpt>
   <trkpt lon="-2.375589" lat="42.514757"><ele>441.0</ele></trkpt>
   <trkpt lon="-2.375882" lat="42.514870"><ele>440.25</ele></trkpt>
   <trkpt lon="-2.376225" lat="42.514916"><ele>438.0</ele></trkpt>
   <trkpt lon="-2.376304" lat="42.514916"><ele>437.25</ele></trkpt>
   <trkpt lon="-2.376374" lat="42.514896"><ele>436.25</ele></trkpt>
   <trkpt lon="-2.377707" lat="42.514499"><ele>429.75</ele></trkpt>
   <trkpt lon="-2.378369" lat="42.514308"><ele>430.0</ele></trkpt>
   <trkpt lon="-2.378463" lat="42.514248"><ele>430.0</ele></trkpt>
   <trkpt lon="-2.378525" lat="42.514169"><ele>430.0</ele></trkpt>
   <trkpt lon="-2.378612" lat="42.514145"><ele>429.75</ele></trkpt>
   <trkpt lon="-2.378740" lat="42.514133"><ele>429.75</ele></trkpt>
   <trkpt lon="-2.378995" lat="42.514131"><ele>429.75</ele></trkpt>
   <trkpt lon="-2.379201" lat="42.514141"><ele>429.75</ele></trkpt>
   <trkpt lon="-2.379377" lat="42.514179"><ele>430.0</ele></trkpt>
   <trkpt lon="-2.379411" lat="42.514190"><ele>430.0</ele></trkpt>
   <trkpt lon="-2.379715" lat="42.514279"><ele>432.0</ele></trkpt>
   <trkpt lon="-2.379926" lat="42.514316"><ele>433.25</ele></trkpt>
   <trkpt lon="-2.379988" lat="42.514319"><ele>433.5</ele></trkpt>
   <trkpt lon="-2.380146" lat="42.514325"><ele>432.75</ele></trkpt>
   <trkpt lon="-2.380766" lat="42.514303"><ele>431.0</ele></trkpt>
   <trkpt lon="-2.381118" lat="42.514251"><ele>429.0</ele></trkpt>
   <trkpt lon="-2.381349" lat="42.514215"><ele>428.5</ele></trkpt>
   <trkpt lon="-2.381516" lat="42.514176"><ele>428.0</ele></trkpt>
   <trkpt lon="-2.381839" lat="42.514068"><ele>427.25</ele></trkpt>
   <trkpt lon="-2.382156" lat="42.513944"><ele>426.25</ele></trkpt>
   <trkpt lon="-2.382439" lat="42.513825"><ele>424.75</ele></trkpt>
   <trkpt lon="-2.382618" lat="42.513753"><ele>424.5</ele></trkpt>
   <trkpt lon="-2.382651" lat="42.513745"><ele>424.25</ele></trkpt>
   <trkpt lon="-2.383125" lat="42.513621"><ele>425.25</ele></trkpt>
   <trkpt lon="-2.383586" lat="42.513456"><ele>425.25</ele></trkpt>
   <trkpt lon="-2.383683" lat="42.513370"><ele>426.0</ele></trkpt>
   <trkpt lon="-2.383717" lat="42.513215"><ele>426.75</ele></trkpt>
   <trkpt lon="-2.383687" lat="42.512955"><ele>427.25</ele></trkpt>
   <trkpt lon="-2.383731" lat="42.512865"><ele>428.0</ele></trkpt>
   <trkpt lon="-2.383960" lat="42.512637"><ele>429.25</ele></trkpt>
   <trkpt lon="-2.384084" lat="42.512529"><ele>429.5</ele></trkpt>
   <trkpt lon="-2.384206" lat="42.512437"><ele>429.5</ele></trkpt>
   <trkpt lon="-2.384365" lat="42.512361"><ele>428.75</ele></trkpt>
   <trkpt lon="-2.384782" lat="42.512193"><ele>427.75</ele></trkpt>
   <trkpt lon="-2.384925" lat="42.512120"><ele>427.5</ele></trkpt>
   <trkpt lon="-2.385187" lat="42.511967"><ele>427.5</ele></trkpt>
   <trkpt lon="-2.385304" lat="42.511890"><ele>427.75</ele></trkpt>
   <trkpt lon="-2.385555" lat="42.511742"><ele>427.25</ele></trkpt>
   <trkpt lon="-2.385934" lat="42.511644"><ele>428.25</ele></trkpt>
   <trkpt lon="-2.386395" lat="42.511486"><ele>428.25</ele></trkpt>
   <trkpt lon="-2.386823" lat="42.511383"><ele>427.5</ele></trkpt>
   <trkpt lon="-2.387127" lat="42.511318"><ele>426.5</ele></trkpt>
   <trkpt lon="-2.387421" lat="42.511242"><ele>426.25</ele></trkpt>
   <trkpt lon="-2.387767" lat="42.511129"><ele>426.0</ele></trkpt>
   <trkpt lon="-2.388099" lat="42.511038"><ele>425.0</ele></trkpt>
   <trkpt lon="-2.388550" lat="42.510905"><ele>424.25</ele></trkpt>
   <trkpt lon="-2.388757" lat="42.510816"><ele>424.25</ele></trkpt>
   <trkpt lon="-2.388864" lat="42.510757"><ele>424.25</ele></trkpt>
   <trkpt lon="-2.389246" lat="42.510457"><ele>423.25</ele></trkpt>
   <trkpt lon="-2.389917" lat="42.510049"><ele>421.25</ele></trkpt>
   <trkpt lon="-2.390275" lat="42.509850"><ele>419.75</ele></trkpt>
   <trkpt lon="-2.390668" lat="42.509670"><ele>419.25</ele></trkpt>
   <trkpt lon="-2.391000" lat="42.509469"><ele>418.0</ele></trkpt>
   <trkpt lon="-2.391322" lat="42.509302"><ele>418.0</ele></trkpt>
   <trkpt lon="-2.391585" lat="42.509231"><ele>417.5</ele></trkpt>
   <trkpt lon="-2.391998" lat="42.509194"><ele>417.0</ele></trkpt>
   <trkpt lon="-2.392259" lat="42.509151"><ele>415.75</ele></trkpt>
   <trkpt lon="-2.392910" lat="42.509022"><ele>413.25</ele></trkpt>
   <trkpt lon="-2.393318" lat="42.508927"><ele>412.25</ele></trkpt>
   <trkpt lon="-2.393590" lat="42.508846"><ele>411.75</ele></trkpt>
   <trkpt lon="-2.393783" lat="42.508758"><ele>411.75</ele></trkpt>
   <trkpt lon="-2.393916" lat="42.508687"><ele>411.5</ele></trkpt>
   <trkpt lon="-2.394169" lat="42.508608"><ele>410.75</ele></trkpt>
   <trkpt lon="-2.394287" lat="42.508588"><ele>410.75</ele></trkpt>
   <trkpt lon="-2.394383" lat="42.508561"><ele>410.75</ele></trkpt>
   <trkpt lon="-2.394751" lat="42.508327"><ele>409.75</ele></trkpt>
   <trkpt lon="-2.394899" lat="42.508217"><ele>409.75</ele></trkpt>
   <trkpt lon="-2.395137" lat="42.507991"><ele>409.25</ele></trkpt>
   <trkpt lon="-2.395333" lat="42.507789"><ele>408.75</ele></trkpt>
   <trkpt lon="-2.395400" lat="42.507766"><ele>408.75</ele></trkpt>
   <trkpt lon="-2.395464" lat="42.507756"><ele>408.75</ele></trkpt>
   <trkpt lon="-2.395526" lat="42.507744"><ele>408.75</ele></trkpt>
   <trkpt lon="-2.395588" lat="42.507714"><ele>408.75</ele></trkpt>
   <trkpt lon="-2.395758" lat="42.507595"><ele>409.0</ele></trkpt>
   <trkpt lon="-2.395633" lat="42.507261"><ele>408.25</ele></trkpt>
   <trkpt lon="-2.395588" lat="42.507169"><ele>408.0</ele></trkpt>
   <trkpt lon="-2.395489" lat="42.507002"><ele>407.75</ele></trkpt>
   <trkpt lon="-2.395454" lat="42.506882"><ele>407.5</ele></trkpt>
   <trkpt lon="-2.395440" lat="42.506747"><ele>407.5</ele></trkpt>
   <trkpt lon="-2.395446" lat="42.506589"><ele>407.5</ele></trkpt>
   <trkpt lon="-2.395513" lat="42.506208"><ele>407.0</ele></trkpt>
   <trkpt lon="-2.395550" lat="42.506037"><ele>406.75</ele></trkpt>
   <trkpt lon="-2.395620" lat="42.505881"><ele>407.0</ele></trkpt>
   <trkpt lon="-2.395730" lat="42.505703"><ele>407.0</ele></trkpt>
   <trkpt lon="-2.395990" lat="42.505353"><ele>406.5</ele></trkpt>
   <trkpt lon="-2.396124" lat="42.505069"><ele>406.0</ele></trkpt>
   <trkpt lon="-2.396244" lat="42.504772"><ele>405.75</ele></trkpt>
   <trkpt lon="-2.396267" lat="42.504651"><ele>405.75</ele></trkpt>
   <trkpt lon="-2.396270" lat="42.504430"><ele>405.5</ele></trkpt>
   <trkpt lon="-2.396281" lat="42.504305"><ele>405.25</ele></trkpt>
   <trkpt lon="-2.396401" lat="42.503769"><ele>405.0</ele></trkpt>
   <trkpt lon="-2.396554" lat="42.503421"><ele>404.75</ele></trkpt>
   <trkpt lon="-2.396642" lat="42.503255"><ele>404.75</ele></trkpt>
   <trkpt lon="-2.397195" lat="42.502652"><ele>404.0</ele></trkpt>
   <trkpt lon="-2.397428" lat="42.502441"><ele>403.75</ele></trkpt>
   <trkpt lon="-2.397551" lat="42.502346"><ele>403.5</ele></trkpt>
   <trkpt lon="-2.397786" lat="42.502197"><ele>403.75</ele></trkpt>
   <trkpt lon="-2.397908" lat="42.502099"><ele>404.25</ele></trkpt>
   <trkpt lon="-2.398026" lat="42.501945"><ele>403.75</ele></trkpt>
   <trkpt lon="-2.398211" lat="42.501731"><ele>403.0</ele></trkpt>
   <trkpt lon="-2.398487" lat="42.501478"><ele>402.25</ele></trkpt>
   <trkpt lon="-2.398719" lat="42.501227"><ele>402.0</ele></trkpt>
   <trkpt lon="-2.399397" lat="42.500384"><ele>402.5</ele></trkpt>
   <trkpt lon="-2.399868" lat="42.499860"><ele>402.0</ele></trkpt>
   <trkpt lon="-2.400012" lat="42.499686"><ele>402.0</ele></trkpt>
   <trkpt lon="-2.400167" lat="42.499462"><ele>402.0</ele></trkpt>
   <trkpt lon="-2.400268" lat="42.499178"><ele>402.0</ele></trkpt>
   <trkpt lon="-2.400357" lat="42.498972"><ele>402.0</ele></trkpt>
   <trkpt lon="-2.400512" lat="42.498752"><ele>402.75</ele></trkpt>
   <trkpt lon="-2.400955" lat="42.498249"><ele>405.5</ele></trkpt>
   <trkpt lon="-2.401038" lat="42.498130"><ele>406.75</ele></trkpt>
   <trkpt lon="-2.401068" lat="42.498037"><ele>407.0</ele></trkpt>
   <trkpt lon="-2.401100" lat="42.497898"><ele>407.5</ele></trkpt>
   <trkpt lon="-2.401148" lat="42.497821"><ele>407.75</ele></trkpt>
   <trkpt lon="-2.401221" lat="42.497732"><ele>408.25</ele></trkpt>
   <trkpt lon="-2.401686" lat="42.497198"><ele>407.75</ele></trkpt>
   <trkpt lon="-2.401858" lat="42.497084"><ele>407.25</ele></trkpt>
   <trkpt lon="-2.401934" lat="42.497044"><ele>407.25</ele></trkpt>
   <trkpt lon="-2.402009" lat="42.497032"><ele>407.25</ele></trkpt>
   <trkpt lon="-2.402078" lat="42.496844"><ele>406.25</ele></trkpt>
   <trkpt lon="-2.402335" lat="42.496425"><ele>405.0</ele></trkpt>
   <trkpt lon="-2.402438" lat="42.496296"><ele>404.75</ele></trkpt>
   <trkpt lon="-2.402539" lat="42.496144"><ele>405.0</ele></trkpt>
   <trkpt lon="-2.402686" lat="42.495963"><ele>404.75</ele></trkpt>
   <trkpt lon="-2.403188" lat="42.495492"><ele>405.0</ele></trkpt>
   <trkpt lon="-2.403317" lat="42.495380"><ele>405.25</ele></trkpt>
   <trkpt lon="-2.403504" lat="42.495232"><ele>405.5</ele></trkpt>
   <trkpt lon="-2.403703" lat="42.495098"><ele>406.5</ele></trkpt>
   <trkpt lon="-2.403905" lat="42.494986"><ele>407.0</ele></trkpt>
   <trkpt lon="-2.404046" lat="42.494916"><ele>407.75</ele></trkpt>
   <trkpt lon="-2.404321" lat="42.494808"><ele>409.0</ele></trkpt>
   <trkpt lon="-2.404415" lat="42.494748"><ele>409.75</ele></trkpt>
   <trkpt lon="-2.404453" lat="42.494696"><ele>409.75</ele></trkpt>
   <trkpt lon="-2.404484" lat="42.494590"><ele>409.5</ele></trkpt>
   <trkpt lon="-2.404504" lat="42.494477"><ele>409.5</ele></trkpt>
   <trkpt lon="-2.404512" lat="42.494354"><ele>409.0</ele></trkpt>
   <trkpt lon="-2.404611" lat="42.494202"><ele>409.25</ele></trkpt>
   <trkpt lon="-2.404663" lat="42.494141"><ele>409.25</ele></trkpt>
   <trkpt lon="-2.404716" lat="42.494093"><ele>409.25</ele></trkpt>
   <trkpt lon="-2.404772" lat="42.494059"><ele>409.25</ele></trkpt>
   <trkpt lon="-2.404959" lat="42.493979"><ele>409.5</ele></trkpt>
   <trkpt lon="-2.405027" lat="42.493943"><ele>409.5</ele></trkpt>
   <trkpt lon="-2.405059" lat="42.493903"><ele>409.5</ele></trkpt>
   <trkpt lon="-2.405070" lat="42.493864"><ele>409.25</ele></trkpt>
   <trkpt lon="-2.405078" lat="42.493776"><ele>408.5</ele></trkpt>
   <trkpt lon="-2.405069" lat="42.493752"><ele>408.25</ele></trkpt>
   <trkpt lon="-2.405128" lat="42.493701"><ele>408.25</ele></trkpt>
   <trkpt lon="-2.405427" lat="42.493526"><ele>409.5</ele></trkpt>
   <trkpt lon="-2.405640" lat="42.493426"><ele>408.0</ele></trkpt>
   <trkpt lon="-2.405810" lat="42.493334"><ele>405.75</ele></trkpt>
   <trkpt lon="-2.405869" lat="42.493314"><ele>405.5</ele></trkpt>
   <trkpt lon="-2.406054" lat="42.493302"><ele>404.75</ele></trkpt>
   <trkpt lon="-2.406134" lat="42.493280"><ele>404.25</ele></trkpt>
   <trkpt lon="-2.406375" lat="42.493197"><ele>403.5</ele></trkpt>
   <trkpt lon="-2.406978" lat="42.493022"><ele>401.75</ele></trkpt>
   <trkpt lon="-2.407192" lat="42.492971"><ele>402.25</ele></trkpt>
   <trkpt lon="-2.407489" lat="42.492919"><ele>403.75</ele></trkpt>
   <trkpt lon="-2.407740" lat="42.492823"><ele>403.25</ele></trkpt>
   <trkpt lon="-2.408440" lat="42.492613"><ele>401.25</ele></trkpt>
   <trkpt lon="-2.408787" lat="42.492526"><ele>399.75</ele></trkpt>
   <trkpt lon="-2.409136" lat="42.492426"><ele>399.25</ele></trkpt>
   <trkpt lon="-2.409278" lat="42.492410"><ele>399.25</ele></trkpt>
   <trkpt lon="-2.409418" lat="42.492375"><ele>399.0</ele></trkpt>
   <trkpt lon="-2.409599" lat="42.492299"><ele>398.5</ele></trkpt>
   <trkpt lon="-2.409707" lat="42.492266"><ele>398.25</ele></trkpt>
   <trkpt lon="-2.410600" lat="42.492011"><ele>396.5</ele></trkpt>
   <trkpt lon="-2.411250" lat="42.491838"><ele>395.0</ele></trkpt>
   <trkpt lon="-2.412314" lat="42.491524"><ele>391.25</ele></trkpt>
   <trkpt lon="-2.412559" lat="42.491474"><ele>390.5</ele></trkpt>
   <trkpt lon="-2.412712" lat="42.491467"><ele>390.5</ele></trkpt>
   <trkpt lon="-2.413468" lat="42.491272"><ele>389.0</ele></trkpt>
   <trkpt lon="-2.413586" lat="42.491247"><ele>389.0</ele></trkpt>
   <trkpt lon="-2.413705" lat="42.491231"><ele>388.75</ele></trkpt>
   <trkpt lon="-2.413857" lat="42.491251"><ele>388.5</ele></trkpt>
   <trkpt lon="-2.413907" lat="42.491244"><ele>388.25</ele></trkpt>
   <trkpt lon="-2.414018" lat="42.491188"><ele>388.25</ele></trkpt>
   <trkpt lon="-2.414156" lat="42.491087"><ele>388.0</ele></trkpt>
   <trkpt lon="-2.414221" lat="42.491046"><ele>388.0</ele></trkpt>
   <trkpt lon="-2.414363" lat="42.490988"><ele>388.25</ele></trkpt>
   <trkpt lon="-2.415423" lat="42.490701"><ele>389.25</ele></trkpt>
   <trkpt lon="-2.415480" lat="42.490671"><ele>389.25</ele></trkpt>
   <trkpt lon="-2.415541" lat="42.490612"><ele>389.0</ele></trkpt>
   <trkpt lon="-2.415588" lat="42.490582"><ele>388.75</ele></trkpt>
   <trkpt lon="-2.415756" lat="42.490531"><ele>388.25</ele></trkpt>
   <trkpt lon="-2.415807" lat="42.490522"><ele>388.25</ele></trkpt>
   <trkpt lon="-2.415943" lat="42.490528"><ele>388.5</ele></trkpt>
   <trkpt lon="-2.416087" lat="42.490520"><ele>389.0</ele></trkpt>
   <trkpt lon="-2.416320" lat="42.490469"><ele>389.5</ele></trkpt>
   <trkpt lon="-2.416736" lat="42.490360"><ele>390.0</ele></trkpt>
   <trkpt lon="-2.417833" lat="42.490005"><ele>390.75</ele></trkpt>
   <trkpt lon="-2.418154" lat="42.489959"><ele>391.25</ele></trkpt>
   <trkpt lon="-2.418351" lat="42.489896"><ele>392.5</ele></trkpt>
   <trkpt lon="-2.418416" lat="42.489863"><ele>393.25</ele></trkpt>
   <trkpt lon="-2.418437" lat="42.489825"><ele>393.75</ele></trkpt>
   <trkpt lon="-2.418442" lat="42.489772"><ele>394.5</ele></trkpt>
   <trkpt lon="-2.418409" lat="42.489688"><ele>394.75</ele></trkpt>
   <trkpt lon="-2.418403" lat="42.489654"><ele>394.5</ele></trkpt>
   <trkpt lon="-2.418417" lat="42.489626"><ele>394.25</ele></trkpt>
   <trkpt lon="-2.418793" lat="42.489257"><ele>393.75</ele></trkpt>
   <trkpt lon="-2.418861" lat="42.489207"><ele>393.5</ele></trkpt>
   <trkpt lon="-2.418980" lat="42.489160"><ele>393.25</ele></trkpt>
   <trkpt lon="-2.419115" lat="42.489121"><ele>393.75</ele></trkpt>
   <trkpt lon="-2.419240" lat="42.489115"><ele>394.25</ele></trkpt>
   <trkpt lon="-2.419857" lat="42.489144"><ele>395.0</ele></trkpt>
   <trkpt lon="-2.419978" lat="42.489136"><ele>395.0</ele></trkpt>
   <trkpt lon="-2.420027" lat="42.489127"><ele>395.5</ele></trkpt>
   <trkpt lon="-2.420065" lat="42.489105"><ele>396.0</ele></trkpt>
   <trkpt lon="-2.420088" lat="42.489082"><ele>396.25</ele></trkpt>
   <trkpt lon="-2.420118" lat="42.488985"><ele>396.25</ele></trkpt>
   <trkpt lon="-2.420143" lat="42.488943"><ele>396.0</ele></trkpt>
   <trkpt lon="-2.420195" lat="42.488914"><ele>395.75</ele></trkpt>
   <trkpt lon="-2.420333" lat="42.488869"><ele>396.0</ele></trkpt>
   <trkpt lon="-2.420813" lat="42.488805"><ele>400.25</ele></trkpt>
   <trkpt lon="-2.421514" lat="42.488698"><ele>401.0</ele></trkpt>
   <trkpt lon="-2.421775" lat="42.488644"><ele>401.5</ele></trkpt>
   <trkpt lon="-2.422138" lat="42.488554"><ele>402.25</ele></trkpt>
   <trkpt lon="-2.422557" lat="42.488386"><ele>402.25</ele></trkpt>
   <trkpt lon="-2.423181" lat="42.488093"><ele>404.25</ele></trkpt>
   <trkpt lon="-2.423633" lat="42.487844"><ele>405.75</ele></trkpt>
   <trkpt lon="-2.425620" lat="42.486875"><ele>416.0</ele></trkpt>
   <trkpt lon="-2.426141" lat="42.486628"><ele>418.5</ele></trkpt>
   <trkpt lon="-2.426263" lat="42.486561"><ele>418.75</ele></trkpt>
   <trkpt lon="-2.427452" lat="42.485984"><ele>427.5</ele></trkpt>
   <trkpt lon="-2.427729" lat="42.485867"><ele>427.75</ele></trkpt>
   <trkpt lon="-2.427927" lat="42.485775"><ele>428.5</ele></trkpt>
   <trkpt lon="-2.428126" lat="42.485698"><ele>429.25</ele></trkpt>
   <trkpt lon="-2.428397" lat="42.485605"><ele>429.25</ele></trkpt>
   <trkpt lon="-2.428673" lat="42.485520"><ele>429.25</ele></trkpt>
   <trkpt lon="-2.429526" lat="42.485330"><ele>431.25</ele></trkpt>
   <trkpt lon="-2.430356" lat="42.485118"><ele>433.75</ele></trkpt>
   <trkpt lon="-2.430924" lat="42.484986"><ele>435.0</ele></trkpt>
   <trkpt lon="-2.431337" lat="42.484866"><ele>435.5</ele></trkpt>
   <trkpt lon="-2.431431" lat="42.484824"><ele>435.5</ele></trkpt>
   <trkpt lon="-2.431520" lat="42.484777"><ele>435.0</ele></trkpt>
   <trkpt lon="-2.431823" lat="42.484573"><ele>433.25</ele></trkpt>
   <trkpt lon="-2.432475" lat="42.484071"><ele>430.0</ele></trkpt>
   <trkpt lon="-2.432627" lat="42.483943"><ele>429.5</ele></trkpt>
   <trkpt lon="-2.434043" lat="42.482615"><ele>426.5</ele></trkpt>
   <trkpt lon="-2.434300" lat="42.482375"><ele>426.5</ele></trkpt>
   <trkpt lon="-2.434426" lat="42.482208"><ele>425.25</ele></trkpt>
   <trkpt lon="-2.434833" lat="42.481538"><ele>422.5</ele></trkpt>
   <trkpt lon="-2.435507" lat="42.480147"><ele>415.25</ele></trkpt>
   <trkpt lon="-2.435799" lat="42.479723"><ele>413.0</ele></trkpt>
   <trkpt lon="-2.436271" lat="42.479033"><ele>409.5</ele></trkpt>
   <trkpt lon="-2.436621" lat="42.478611"><ele>407.0</ele></trkpt>
   <trkpt lon="-2.437205" lat="42.477833"><ele>402.5</ele></trkpt>
   <trkpt lon="-2.437285" lat="42.477684"><ele>402.5</ele></trkpt>
   <trkpt lon="-2.437495" lat="42.477219"><ele>399.0</ele></trkpt>
   <trkpt lon="-2.437611" lat="42.477014"><ele>398.0</ele></trkpt>
   <trkpt lon="-2.437692" lat="42.476923"><ele>396.0</ele></trkpt>
   <trkpt lon="-2.437713" lat="42.476899"><ele>395.5</ele></trkpt>
   <trkpt lon="-2.437874" lat="42.476806"><ele>394.5</ele></trkpt>
   <trkpt lon="-2.438090" lat="42.476700"><ele>393.0</ele></trkpt>
   <trkpt lon="-2.438262" lat="42.476627"><ele>390.5</ele></trkpt>
   <trkpt lon="-2.438440" lat="42.476567"><ele>388.5</ele></trkpt>
   <trkpt lon="-2.438704" lat="42.476440"><ele>385.25</ele></trkpt>
   <trkpt lon="-2.439010" lat="42.476278"><ele>383.0</ele></trkpt>
   <trkpt lon="-2.439103" lat="42.476213"><ele>381.5</ele></trkpt>
   <trkpt lon="-2.439161" lat="42.476144"><ele>378.5</ele></trkpt>
   <trkpt lon="-2.439180" lat="42.476042"><ele>375.75</ele></trkpt>
   <trkpt lon="-2.439210" lat="42.475741"><ele>372.0</ele></trkpt>
   <trkpt lon="-2.439229" lat="42.475654"><ele>371.5</ele></trkpt>
   <trkpt lon="-2.439258" lat="42.475573"><ele>371.0</ele></trkpt>
   <trkpt lon="-2.439342" lat="42.475428"><ele>370.25</ele></trkpt>
   <trkpt lon="-2.439385" lat="42.475353"><ele>370.0</ele></trkpt>
   <trkpt lon="-2.439444" lat="42.475221"><ele>369.75</ele></trkpt>
   <trkpt lon="-2.439486" lat="42.475075"><ele>370.0</ele></trkpt>
   <trkpt lon="-2.439524" lat="42.474921"><ele>370.0</ele></trkpt>
   <trkpt lon="-2.439550" lat="42.474777"><ele>370.0</ele></trkpt>
   <trkpt lon="-2.439567" lat="42.474634"><ele>370.0</ele></trkpt>
   <trkpt lon="-2.439587" lat="42.474214"><ele>370.0</ele></trkpt>
   <trkpt lon="-2.439610" lat="42.474029"><ele>370.0</ele></trkpt>
   <trkpt lon="-2.439649" lat="42.473851"><ele>370.0</ele></trkpt>
   <trkpt lon="-2.439703" lat="42.473721"><ele>370.0</ele></trkpt>
   <trkpt lon="-2.439764" lat="42.473607"><ele>370.0</ele></trkpt>
   <trkpt lon="-2.440024" lat="42.473259"><ele>369.75</ele></trkpt>
   <trkpt lon="-2.440137" lat="42.473110"><ele>369.5</ele></trkpt>
   <trkpt lon="-2.440191" lat="42.473009"><ele>369.5</ele></trkpt>
   <trkpt lon="-2.440245" lat="42.472873"><ele>369.25</ele></trkpt>
   <trkpt lon="-2.440233" lat="42.472810"><ele>369.0</ele></trkpt>
   <trkpt lon="-2.440200" lat="42.472757"><ele>369.0</ele></trkpt>
   <trkpt lon="-2.440308" lat="42.472665"><ele>369.0</ele></trkpt>
   <trkpt lon="-2.440547" lat="42.472454"><ele>368.75</ele></trkpt>
   <trkpt lon="-2.440966" lat="42.472096"><ele>369.0</ele></trkpt>
   <trkpt lon="-2.441130" lat="42.471983"><ele>369.0</ele></trkpt>
   <trkpt lon="-2.441302" lat="42.471862"><ele>369.5</ele></trkpt>
   <trkpt lon="-2.441511" lat="42.471742"><ele>370.0</ele></trkpt>
   <trkpt lon="-2.441840" lat="42.471612"><ele>369.75</ele></trkpt>
   <trkpt lon="-2.442283" lat="42.471485"><ele>370.25</ele></trkpt>
   <trkpt lon="-2.442818" lat="42.471349"><ele>371.0</ele></trkpt>
   <trkpt lon="-2.443404" lat="42.471203"><ele>372.0</ele></trkpt>
   <trkpt lon="-2.443619" lat="42.471141"><ele>372.75</ele></trkpt>
   <trkpt lon="-2.443755" lat="42.471131"><ele>373.25</ele></trkpt>
   <trkpt lon="-2.443872" lat="42.471153"><ele>373.75</ele></trkpt>
   <trkpt lon="-2.443957" lat="42.471196"><ele>373.75</ele></trkpt>
   <trkpt lon="-2.444034" lat="42.471247"><ele>374.0</ele></trkpt>
   <trkpt lon="-2.444049" lat="42.471270"><ele>374.0</ele></trkpt>
   <trkpt lon="-2.444083" lat="42.471301"><ele>374.0</ele></trkpt>
   <trkpt lon="-2.444147" lat="42.471330"><ele>374.0</ele></trkpt>
   <trkpt lon="-2.444194" lat="42.471335"><ele>374.25</ele></trkpt>
   <trkpt lon="-2.444255" lat="42.471330"><ele>374.25</ele></trkpt>
   <trkpt lon="-2.444311" lat="42.471313"><ele>374.5</ele></trkpt>
   <trkpt lon="-2.444343" lat="42.471289"><ele>374.75</ele></trkpt>
   <trkpt lon="-2.444375" lat="42.471251"><ele>374.75</ele></trkpt>
   <trkpt lon="-2.444390" lat="42.471180"><ele>374.75</ele></trkpt>
   <trkpt lon="-2.444372" lat="42.471136"><ele>374.75</ele></trkpt>
   <trkpt lon="-2.444354" lat="42.471115"><ele>374.75</ele></trkpt>
   <trkpt lon="-2.444338" lat="42.471104"><ele>374.75</ele></trkpt>
   <trkpt lon="-2.444301" lat="42.471084"><ele>374.75</ele></trkpt>
   <trkpt lon="-2.444221" lat="42.471024"><ele>374.5</ele></trkpt>
   <trkpt lon="-2.444190" lat="42.470989"><ele>374.75</ele></trkpt>
   <trkpt lon="-2.444170" lat="42.470962"><ele>374.75</ele></trkpt>
   <trkpt lon="-2.444130" lat="42.470877"><ele>374.5</ele></trkpt>
   <trkpt lon="-2.444090" lat="42.470787"><ele>373.25</ele></trkpt>
   <trkpt lon="-2.443272" lat="42.469033"><ele>374.75</ele></trkpt>
   <trkpt lon="-2.443261" lat="42.469011"><ele>374.75</ele></trkpt>
   <trkpt lon="-2.443250" lat="42.468985"><ele>375.0</ele></trkpt>
   <trkpt lon="-2.443250" lat="42.468948"><ele>375.5</ele></trkpt>
   <trkpt lon="-2.443279" lat="42.468927"><ele>375.75</ele></trkpt>
   <trkpt lon="-2.443311" lat="42.468887"><ele>376.0</ele></trkpt>
   <trkpt lon="-2.443323" lat="42.468845"><ele>376.0</ele></trkpt>
   <trkpt lon="-2.443321" lat="42.468812"><ele>376.25</ele></trkpt>
   <trkpt lon="-2.443291" lat="42.468765"><ele>376.5</ele></trkpt>
   <trkpt lon="-2.443266" lat="42.468745"><ele>376.5</ele></trkpt>
   <trkpt lon="-2.443230" lat="42.468729"><ele>376.5</ele></trkpt>
   <trkpt lon="-2.443219" lat="42.468726"><ele>376.75</ele></trkpt>
   <trkpt lon="-2.443185" lat="42.468678"><ele>376.75</ele></trkpt>
   <trkpt lon="-2.443103" lat="42.468620"><ele>376.75</ele></trkpt>
   <trkpt lon="-2.442994" lat="42.468572"><ele>377.5</ele></trkpt>
   <trkpt lon="-2.442923" lat="42.468552"><ele>378.0</ele></trkpt>
   <trkpt lon="-2.442863" lat="42.468539"><ele>378.5</ele></trkpt>
   <trkpt lon="-2.442505" lat="42.468423"><ele>379.5</ele></trkpt>
   <trkpt lon="-2.442199" lat="42.468332"><ele>381.0</ele></trkpt>
   <trkpt lon="-2.442238" lat="42.468289"><ele>381.0</ele></trkpt>
   <trkpt lon="-2.442396" lat="42.468118"><ele>381.5</ele></trkpt>
   <trkpt lon="-2.442636" lat="42.467903"><ele>382.25</ele></trkpt>
   <trkpt lon="-2.442952" lat="42.467621"><ele>382.5</ele></trkpt>
   <trkpt lon="-2.443111" lat="42.467389"><ele>383.0</ele></trkpt>
   <trkpt lon="-2.443214" lat="42.467166"><ele>383.0</ele></trkpt>
   <trkpt lon="-2.443256" lat="42.467066"><ele>383.25</ele></trkpt>
   <trkpt lon="-2.443294" lat="42.466895"><ele>383.75</ele></trkpt>
   <trkpt lon="-2.443322" lat="42.466767"><ele>383.75</ele></trkpt>
   <trkpt lon="-2.443332" lat="42.466724"><ele>383.75</ele></trkpt>
   <trkpt lon="-2.443348" lat="42.466593"><ele>384.25</ele></trkpt>
   <trkpt lon="-2.443372" lat="42.466396"><ele>384.75</ele></trkpt>
   <trkpt lon="-2.443375" lat="42.466373"><ele>384.75</ele></trkpt>
   <trkpt lon="-2.443301" lat="42.466277"><ele>385.0</ele></trkpt>
   <trkpt lon="-2.443356" lat="42.466239"><ele>384.75</ele></trkpt>
   <trkpt lon="-2.443441" lat="42.466138"><ele>384.75</ele></trkpt>
   <trkpt lon="-2.443719" lat="42.465685"><ele>386.25</ele></trkpt>
   <trkpt lon="-2.443929" lat="42.465364"><ele>386.75</ele></trkpt>
   <trkpt lon="-2.443991" lat="42.465210"><ele>387.0</ele></trkpt>
   <trkpt lon="-2.444007" lat="42.465169"><ele>387.0</ele></trkpt>
   <trkpt lon="-2.444032" lat="42.465102"><ele>387.0</ele></trkpt>
   <trkpt lon="-2.444221" lat="42.464636"><ele>387.0</ele></trkpt>
   <trkpt lon="-2.444263" lat="42.464534"><ele>387.0</ele></trkpt>
   <trkpt lon="-2.444383" lat="42.464239"><ele>386.75</ele></trkpt>
   <trkpt lon="-2.444436" lat="42.464100"><ele>386.75</ele></trkpt>
   <trkpt lon="-2.444489" lat="42.463957"><ele>387.0</ele></trkpt>
   <trkpt lon="-2.444740" lat="42.463347"><ele>387.0</ele></trkpt>
   <trkpt lon="-2.444749" lat="42.463325"><ele>387.0</ele></trkpt>
   <trkpt lon="-2.444834" lat="42.463106"><ele>387.0</ele></trkpt>
   <trkpt lon="-2.444848" lat="42.463071"><ele>387.0</ele></trkpt>
   <trkpt lon="-2.444981" lat="42.462936"><ele>387.25</ele></trkpt>
   <trkpt lon="-2.445014" lat="42.462903"><ele>387.5</ele></trkpt>
   <trkpt lon="-2.445075" lat="42.462890"><ele>387.5</ele></trkpt>
   <trkpt lon="-2.445128" lat="42.462864"><ele>387.75</ele></trkpt>
   <trkpt lon="-2.445154" lat="42.462845"><ele>387.75</ele></trkpt>
   <trkpt lon="-2.445190" lat="42.462799"><ele>387.75</ele></trkpt>
   <trkpt lon="-2.445204" lat="42.462747"><ele>387.75</ele></trkpt>
   <trkpt lon="-2.445202" lat="42.462720"><ele>387.75</ele></trkpt>
   <trkpt lon="-2.445188" lat="42.462682"><ele>387.75</ele></trkpt>
   <trkpt lon="-2.445163" lat="42.462648"><ele>387.75</ele></trkpt>
   <trkpt lon="-2.445127" lat="42.462619"><ele>387.5</ele></trkpt>
   <trkpt lon="-2.445076" lat="42.462595"><ele>387.5</ele></trkpt>
   <trkpt lon="-2.445019" lat="42.462582"><ele>387.25</ele></trkpt>
   <trkpt lon="-2.444959" lat="42.462581"><ele>387.0</ele></trkpt>
   <trkpt lon="-2.444924" lat="42.462590"><ele>387.0</ele></trkpt>
   <trkpt lon="-2.444884" lat="42.462601"><ele>387.0</ele></trkpt>
   <trkpt lon="-2.444840" lat="42.462619"><ele>387.0</ele></trkpt>
   <trkpt lon="-2.444801" lat="42.462653"><ele>387.0</ele></trkpt>
   <trkpt lon="-2.444775" lat="42.462693"><ele>387.0</ele></trkpt>
   <trkpt lon="-2.444765" lat="42.462737"><ele>387.0</ele></trkpt>
   <trkpt lon="-2.444771" lat="42.462781"><ele>387.0</ele></trkpt>
   <trkpt lon="-2.444793" lat="42.462822"><ele>387.0</ele></trkpt>
   <trkpt lon="-2.444846" lat="42.462868"><ele>387.25</ele></trkpt>
   <trkpt lon="-2.444897" lat="42.462891"><ele>387.25</ele></trkpt>
   <trkpt lon="-2.444955" lat="42.462903"><ele>387.25</ele></trkpt>
   <trkpt lon="-2.445014" lat="42.462903"><ele>387.5</ele></trkpt>
   <trkpt lon="-2.445075" lat="42.462890"><ele>387.5</ele></trkpt>
   <trkpt lon="-2.445128" lat="42.462864"><ele>387.75</ele></trkpt>
   <trkpt lon="-2.445273" lat="42.462859"><ele>387.75</ele></trkpt>
   <trkpt lon="-2.445423" lat="42.462891"><ele>388.0</ele></trkpt>
   <trkpt lon="-2.446624" lat="42.463209"><ele>387.75</ele></trkpt>
   <trkpt lon="-2.446659" lat="42.463219"><ele>387.75</ele></trkpt>
   <trkpt lon="-2.446853" lat="42.463267"><ele>388.0</ele></trkpt>
   <trkpt lon="-2.446934" lat="42.463311"><ele>388.0</ele></trkpt>
   <trkpt lon="-2.446985" lat="42.463362"><ele>388.0</ele></trkpt>
   <trkpt lon="-2.447020" lat="42.463404"><ele>388.0</ele></trkpt>
   <trkpt lon="-2.447070" lat="42.463437"><ele>388.0</ele></trkpt>
   <trkpt lon="-2.447224" lat="42.463487"><ele>388.0</ele></trkpt>
   <trkpt lon="-2.447268" lat="42.463498"><ele>388.0</ele></trkpt>
   <trkpt lon="-2.447769" lat="42.463628"><ele>388.0</ele></trkpt>
   <trkpt lon="-2.447890" lat="42.463658"><ele>388.0</ele></trkpt>
   <trkpt lon="-2.447964" lat="42.463674"><ele>388.0</ele></trkpt>
   <trkpt lon="-2.448030" lat="42.463674"><ele>388.0</ele></trkpt>
   <trkpt lon="-2.448091" lat="42.463658"><ele>388.0</ele></trkpt>
   <trkpt lon="-2.448201" lat="42.463663"><ele>388.0</ele></trkpt>
   <trkpt lon="-2.448299" lat="42.463678"><ele>388.0</ele></trkpt>
   <trkpt lon="-2.448345" lat="42.463687"><ele>388.0</ele></trkpt>
   <trkpt lon="-2.448495" lat="42.463717"><ele>388.0</ele></trkpt>
   <trkpt lon="-2.448830" lat="42.463783"><ele>388.0</ele></trkpt>
   <trkpt lon="-2.449812" lat="42.464008"><ele>388.0</ele></trkpt>
   <trkpt lon="-2.450404" lat="42.464154"><ele>388.0</ele></trkpt>
   <trkpt lon="-2.450983" lat="42.464307"><ele>388.0</ele></trkpt>
   <trkpt lon="-2.451388" lat="42.464420"><ele>388.0</ele></trkpt>
   <trkpt lon="-2.452299" lat="42.464698"><ele>388.0</ele></trkpt>
   <trkpt lon="-2.452353" lat="42.464714"><ele>388.0</ele></trkpt>
   <trkpt lon="-2.452401" lat="42.464729"><ele>388.0</ele></trkpt>
   <trkpt lon="-2.452637" lat="42.464802"><ele>388.25</ele></trkpt>
   <trkpt lon="-2.452679" lat="42.464852"><ele>388.5</ele></trkpt>
   <trkpt lon="-2.452711" lat="42.464870"><ele>388.25</ele></trkpt>
   <trkpt lon="-2.452760" lat="42.464886"><ele>388.25</ele></trkpt>
   <trkpt lon="-2.452837" lat="42.464882"><ele>388.25</ele></trkpt>
   <trkpt lon="-2.452879" lat="42.464869"><ele>388.25</ele></trkpt>
   <trkpt lon="-2.452914" lat="42.464849"><ele>388.5</ele></trkpt>
   <trkpt lon="-2.453137" lat="42.464897"><ele>388.25</ele></trkpt>
   <trkpt lon="-2.453480" lat="42.464980"><ele>388.75</ele></trkpt>
   <trkpt lon="-2.453802" lat="42.465063"><ele>388.75</ele></trkpt>
   <trkpt lon="-2.454099" lat="42.465137"><ele>388.5</ele></trkpt>
   <trkpt lon="-2.454340" lat="42.465212"><ele>388.5</ele></trkpt>
   <trkpt lon="-2.454341" lat="42.465247"><ele>388.5</ele></trkpt>
   <trkpt lon="-2.454363" lat="42.465287"><ele>388.5</ele></trkpt>
   <trkpt lon="-2.454412" lat="42.465336"><ele>388.5</ele></trkpt>
   <trkpt lon="-2.454661" lat="42.465387"><ele>388.5</ele></trkpt>
   <trkpt lon="-2.454710" lat="42.465387"><ele>388.5</ele></trkpt>
   <trkpt lon="-2.454755" lat="42.465374"><ele>388.5</ele></trkpt>
   <trkpt lon="-2.454785" lat="42.465358"><ele>388.5</ele></trkpt>
   <trkpt lon="-2.454808" lat="42.465336"><ele>388.75</ele></trkpt>
   <trkpt lon="-2.454824" lat="42.465307"><ele>388.75</ele></trkpt>
   <trkpt lon="-2.454832" lat="42.465272"><ele>389.0</ele></trkpt>
   <trkpt lon="-2.454900" lat="42.465221"><ele>389.0</ele></trkpt>
   <trkpt lon="-2.455017" lat="42.465168"><ele>389.0</ele></trkpt>
   <trkpt lon="-2.455128" lat="42.465139"><ele>389.0</ele></trkpt>
   <trkpt lon="-2.455675" lat="42.465006"><ele>388.75</ele></trkpt>
   <trkpt lon="-2.456038" lat="42.464925"><ele>389.0</ele></trkpt>
   <trkpt lon="-2.456063" lat="42.464919"><ele>389.0</ele></trkpt>
   <trkpt lon="-2.456273" lat="42.464867"><ele>389.0</ele></trkpt>
   <trkpt lon="-2.456424" lat="42.464828"><ele>389.0</ele></trkpt>
   <trkpt lon="-2.457299" lat="42.464612"><ele>389.0</ele></trkpt>
   <trkpt lon="-2.457356" lat="42.464598"><ele>388.75</ele></trkpt>
   <trkpt lon="-2.457582" lat="42.464543"><ele>389.0</ele></trkpt>
   <trkpt lon="-2.457681" lat="42.464518"><ele>389.0</ele></trkpt>
   <trkpt lon="-2.457780" lat="42.464494"><ele>388.75</ele></trkpt>
   <trkpt lon="-2.457926" lat="42.464460"><ele>389.0</ele></trkpt>
   <trkpt lon="-2.458752" lat="42.464263"><ele>390.0</ele></trkpt>
   <trkpt lon="-2.459291" lat="42.464134"><ele>390.0</ele></trkpt>
   <trkpt lon="-2.459662" lat="42.464045"><ele>390.0</ele></trkpt>
   <trkpt lon="-2.459807" lat="42.464010"><ele>389.75</ele></trkpt>
   <trkpt lon="-2.460025" lat="42.463957"><ele>390.0</ele></trkpt>
   <trkpt lon="-2.460161" lat="42.463923"><ele>390.0</ele></trkpt>
   <trkpt lon="-2.460332" lat="42.463882"><ele>390.0</ele></trkpt>
   <trkpt lon="-2.460661" lat="42.463802"><ele>390.0</ele></trkpt>
   <trkpt lon="-2.460765" lat="42.463777"><ele>390.25</ele></trkpt>
   <trkpt lon="-2.461197" lat="42.463670"><ele>390.75</ele></trkpt>
   <trkpt lon="-2.461568" lat="42.463579"><ele>391.0</ele></trkpt>
   <trkpt lon="-2.461698" lat="42.463546"><ele>391.0</ele></trkpt>
   <trkpt lon="-2.461785" lat="42.463519"><ele>391.0</ele></trkpt>
   <trkpt lon="-2.461856" lat="42.463498"><ele>391.25</ele></trkpt>
   <trkpt lon="-2.461928" lat="42.463490"><ele>391.25</ele></trkpt>
   <trkpt lon="-2.462005" lat="42.463495"><ele>391.5</ele></trkpt>
   <trkpt lon="-2.462067" lat="42.463508"><ele>391.5</ele></trkpt>
   <trkpt lon="-2.462105" lat="42.463533"><ele>391.5</ele></trkpt>
   <trkpt lon="-2.462141" lat="42.463545"><ele>391.75</ele></trkpt>
   <trkpt lon="-2.462180" lat="42.463550"><ele>391.75</ele></trkpt>
   <trkpt lon="-2.462257" lat="42.463540"><ele>392.0</ele></trkpt>
   <trkpt lon="-2.462319" lat="42.463505"><ele>392.0</ele></trkpt>
   <trkpt lon="-2.462340" lat="42.463481"><ele>392.0</ele></trkpt>
   <trkpt lon="-2.462356" lat="42.463424"><ele>392.25</ele></trkpt>
   <trkpt lon="-2.462339" lat="42.463374"><ele>392.25</ele></trkpt>
   <trkpt lon="-2.462295" lat="42.463334"><ele>392.25</ele></trkpt>
   <trkpt lon="-2.462265" lat="42.463319"><ele>392.0</ele></trkpt>
   <trkpt lon="-2.462197" lat="42.463306"><ele>391.75</ele></trkpt>
   <trkpt lon="-2.462112" lat="42.463093"><ele>391.25</ele></trkpt>
   <trkpt lon="-2.462093" lat="42.463050"><ele>391.25</ele></trkpt>
   <trkpt lon="-2.462144" lat="42.463038"><ele>391.25</ele></trkpt>
   <trkpt lon="-2.461945" lat="42.462604"><ele>391.75</ele></trkpt>
   <trkpt lon="-2.461940" lat="42.462576"><ele>391.75</ele></trkpt>
   <trkpt lon="-2.461951" lat="42.462545"><ele>391.75</ele></trkpt>
   <trkpt lon="-2.461985" lat="42.462527"><ele>391.75</ele></trkpt>
   <trkpt lon="-2.461970" lat="42.462489"><ele>391.75</ele></trkpt>
   <trkpt lon="-2.461952" lat="42.462442"><ele>391.75</ele></trkpt>
   <trkpt lon="-2.461905" lat="42.462443"><ele>391.75</ele></trkpt>
   <trkpt lon="-2.461870" lat="42.462422"><ele>391.75</ele></trkpt>
   <trkpt lon="-2.461720" lat="42.462069"><ele>391.75</ele></trkpt>
   <trkpt lon="-2.461473" lat="42.461499"><ele>392.25</ele></trkpt>
   <trkpt lon="-2.461271" lat="42.461154"><ele>392.75</ele></trkpt>
   <trkpt lon="-2.461295" lat="42.461122"><ele>392.75</ele></trkpt>
   <trkpt lon="-2.461322" lat="42.461079"><ele>393.0</ele></trkpt>
   <trkpt lon="-2.461415" lat="42.461000"><ele>393.25</ele></trkpt>
   <trkpt lon="-2.461742" lat="42.460829"><ele>394.0</ele></trkpt>
   <trkpt lon="-2.461839" lat="42.460657"><ele>394.5</ele></trkpt>
   <trkpt lon="-2.461871" lat="42.460589"><ele>394.75</ele></trkpt>
   <trkpt lon="-2.461906" lat="42.460477"><ele>394.5</ele></trkpt>
   <trkpt lon="-2.461926" lat="42.460453"><ele>394.25</ele></trkpt>
   <trkpt lon="-2.462017" lat="42.460458"><ele>393.75</ele></trkpt>
   <trkpt lon="-2.462120" lat="42.460579"><ele>394.25</ele></trkpt>
   <trkpt lon="-2.462182" lat="42.460558"><ele>394.0</ele></trkpt>
   <trkpt lon="-2.461999" lat="42.460400"><ele>395.25</ele></trkpt>
   <trkpt lon="-2.462136" lat="42.460287"><ele>396.5</ele></trkpt>
   <trkpt lon="-2.462315" lat="42.460194"><ele>397.75</ele></trkpt>
   <trkpt lon="-2.462469" lat="42.460149"><ele>397.75</ele></trkpt>
   <trkpt lon="-2.463165" lat="42.459979"><ele>401.25</ele></trkpt>
   <trkpt lon="-2.463284" lat="42.459949"><ele>402.0</ele></trkpt>
   <trkpt lon="-2.464108" lat="42.459748"><ele>402.75</ele></trkpt>
   <trkpt lon="-2.464465" lat="42.459674"><ele>404.0</ele></trkpt>
   <trkpt lon="-2.464812" lat="42.459595"><ele>404.5</ele></trkpt>
   <trkpt lon="-2.464951" lat="42.459558"><ele>404.75</ele></trkpt>
   <trkpt lon="-2.465519" lat="42.459419"><ele>406.5</ele></trkpt>
   <trkpt lon="-2.465649" lat="42.459398"><ele>404.75</ele></trkpt>
   <trkpt lon="-2.466042" lat="42.459324"><ele>403.0</ele></trkpt>
   <trkpt lon="-2.466175" lat="42.459298"><ele>404.25</ele></trkpt>
   <trkpt lon="-2.466207" lat="42.459288"><ele>404.75</ele></trkpt>
   <trkpt lon="-2.466383" lat="42.459235"><ele>407.5</ele></trkpt>
   <trkpt lon="-2.466466" lat="42.459229"><ele>407.5</ele></trkpt>
   <trkpt lon="-2.466678" lat="42.459158"><ele>407.0</ele></trkpt>
   <trkpt lon="-2.466788" lat="42.459140"><ele>407.25</ele></trkpt>
   <trkpt lon="-2.467122" lat="42.459131"><ele>408.0</ele></trkpt>
   <trkpt lon="-2.467463" lat="42.459130"><ele>408.5</ele></trkpt>
   <trkpt lon="-2.467641" lat="42.459118"><ele>409.0</ele></trkpt>
   <trkpt lon="-2.467778" lat="42.459093"><ele>409.5</ele></trkpt>
   <trkpt lon="-2.467877" lat="42.459030"><ele>409.75</ele></trkpt>
   <trkpt lon="-2.467939" lat="42.458928"><ele>410.25</ele></trkpt>
   <trkpt lon="-2.467985" lat="42.458773"><ele>410.5</ele></trkpt>
   <trkpt lon="-2.468010" lat="42.458407"><ele>411.0</ele></trkpt>
   <trkpt lon="-2.468061" lat="42.458276"><ele>411.0</ele></trkpt>
   <trkpt lon="-2.468121" lat="42.458240"><ele>411.25</ele></trkpt>
   <trkpt lon="-2.468201" lat="42.458226"><ele>411.5</ele></trkpt>
   <trkpt lon="-2.468693" lat="42.458268"><ele>413.0</ele></trkpt>
   <trkpt lon="-2.469403" lat="42.458326"><ele>412.0</ele></trkpt>
   <trkpt lon="-2.469756" lat="42.458330"><ele>412.0</ele></trkpt>
   <trkpt lon="-2.470042" lat="42.458319"><ele>412.0</ele></trkpt>
   <trkpt lon="-2.470244" lat="42.458281"><ele>412.5</ele></trkpt>
   <trkpt lon="-2.470295" lat="42.458262"><ele>412.5</ele></trkpt>
   <trkpt lon="-2.470472" lat="42.458215"><ele>412.5</ele></trkpt>
   <trkpt lon="-2.470659" lat="42.458132"><ele>412.5</ele></trkpt>
   <trkpt lon="-2.470973" lat="42.457942"><ele>412.5</ele></trkpt>
   <trkpt lon="-2.471362" lat="42.457785"><ele>412.0</ele></trkpt>
   <trkpt lon="-2.471850" lat="42.457623"><ele>410.25</ele></trkpt>
   <trkpt lon="-2.472032" lat="42.457517"><ele>409.25</ele></trkpt>
   <trkpt lon="-2.472020" lat="42.457479"><ele>409.0</ele></trkpt>
   <trkpt lon="-2.472039" lat="42.457436"><ele>409.0</ele></trkpt>
   <trkpt lon="-2.472318" lat="42.457360"><ele>409.25</ele></trkpt>
   <trkpt lon="-2.472288" lat="42.457295"><ele>409.25</ele></trkpt>
   <trkpt lon="-2.472262" lat="42.457238"><ele>409.0</ele></trkpt>
   <trkpt lon="-2.472258" lat="42.457230"><ele>409.0</ele></trkpt>
   <trkpt lon="-2.472272" lat="42.457200"><ele>408.75</ele></trkpt>
   <trkpt lon="-2.472352" lat="42.457065"><ele>408.25</ele></trkpt>
   <trkpt lon="-2.472322" lat="42.456993"><ele>407.75</ele></trkpt>
   <trkpt lon="-2.472308" lat="42.456960"><ele>407.5</ele></trkpt>
   <trkpt lon="-2.472550" lat="42.456885"><ele>409.0</ele></trkpt>
   <trkpt lon="-2.472636" lat="42.456860"><ele>409.25</ele></trkpt>
   <trkpt lon="-2.472851" lat="42.456809"><ele>410.75</ele></trkpt>
   <trkpt lon="-2.472969" lat="42.456837"><ele>411.0</ele></trkpt>
   <trkpt lon="-2.473004" lat="42.456767"><ele>411.25</ele></trkpt>
   <trkpt lon="-2.473245" lat="42.456614"><ele>412.5</ele></trkpt>
   <trkpt lon="-2.473386" lat="42.456561"><ele>413.0</ele></trkpt>
   <trkpt lon="-2.473542" lat="42.456511"><ele>413.75</ele></trkpt>
   <trkpt lon="-2.473699" lat="42.456475"><ele>414.25</ele></trkpt>
   <trkpt lon="-2.474112" lat="42.456430"><ele>415.0</ele></trkpt>
   <trkpt lon="-2.474562" lat="42.456413"><ele>416.25</ele></trkpt>
   <trkpt lon="-2.474703" lat="42.456395"><ele>416.75</ele></trkpt>
   <trkpt lon="-2.474858" lat="42.456361"><ele>416.5</ele></trkpt>
   <trkpt lon="-2.475211" lat="42.456235"><ele>415.5</ele></trkpt>
   <trkpt lon="-2.475512" lat="42.456106"><ele>415.75</ele></trkpt>
   <trkpt lon="-2.475661" lat="42.456081"><ele>415.25</ele></trkpt>
   <trkpt lon="-2.475802" lat="42.456073"><ele>415.25</ele></trkpt>
   <trkpt lon="-2.475999" lat="42.456049"><ele>414.75</ele></trkpt>
   <trkpt lon="-2.476322" lat="42.456011"><ele>414.0</ele></trkpt>
   <trkpt lon="-2.476813" lat="42.455919"><ele>412.75</ele></trkpt>
   <trkpt lon="-2.477307" lat="42.455792"><ele>411.5</ele></trkpt>
   <trkpt lon="-2.477415" lat="42.455759"><ele>413.0</ele></trkpt>
   <trkpt lon="-2.477445" lat="42.455740"><ele>413.25</ele></trkpt>
   <trkpt lon="-2.477458" lat="42.455714"><ele>413.25</ele></trkpt>
   <trkpt lon="-2.477453" lat="42.455675"><ele>412.75</ele></trkpt>
   <trkpt lon="-2.477405" lat="42.455419"><ele>410.5</ele></trkpt>
   <trkpt lon="-2.477413" lat="42.455373"><ele>410.0</ele></trkpt>
   <trkpt lon="-2.477447" lat="42.455333"><ele>409.5</ele></trkpt>
   <trkpt lon="-2.477501" lat="42.455307"><ele>409.25</ele></trkpt>
   <trkpt lon="-2.477703" lat="42.455224"><ele>408.75</ele></trkpt>
   <trkpt lon="-2.479085" lat="42.454978"><ele>410.5</ele></trkpt>
   <trkpt lon="-2.479493" lat="42.454941"><ele>410.75</ele></trkpt>
   <trkpt lon="-2.479610" lat="42.454909"><ele>410.5</ele></trkpt>
   <trkpt lon="-2.479879" lat="42.454770"><ele>410.5</ele></trkpt>
   <trkpt lon="-2.480985" lat="42.454231"><ele>411.0</ele></trkpt>
   <trkpt lon="-2.481156" lat="42.454155"><ele>411.0</ele></trkpt>
   <trkpt lon="-2.481997" lat="42.453822"><ele>410.75</ele></trkpt>
   <trkpt lon="-2.483160" lat="42.453446"><ele>411.0</ele></trkpt>
   <trkpt lon="-2.485402" lat="42.453092"><ele>411.75</ele></trkpt>
   <trkpt lon="-2.486745" lat="42.452965"><ele>412.25</ele></trkpt>
   <trkpt lon="-2.486931" lat="42.452921"><ele>412.75</ele></trkpt>
   <trkpt lon="-2.487543" lat="42.452662"><ele>414.0</ele></trkpt>
   <trkpt lon="-2.488426" lat="42.452304"><ele>414.0</ele></trkpt>
   <trkpt lon="-2.490167" lat="42.451635"><ele>416.25</ele></trkpt>
   <trkpt lon="-2.491222" lat="42.451384"><ele>417.25</ele></trkpt>
   <trkpt lon="-2.492519" lat="42.451014"><ele>419.0</ele></trkpt>
   <trkpt lon="-2.493305" lat="42.450826"><ele>420.0</ele></trkpt>
   <trkpt lon="-2.494207" lat="42.450542"><ele>421.0</ele></trkpt>
   <trkpt lon="-2.494267" lat="42.450490"><ele>421.0</ele></trkpt>
   <trkpt lon="-2.494529" lat="42.450167"><ele>421.25</ele></trkpt>
   <trkpt lon="-2.494701" lat="42.450048"><ele>421.75</ele></trkpt>
   <trkpt lon="-2.494995" lat="42.449925"><ele>424.25</ele></trkpt>
   <trkpt lon="-2.495143" lat="42.449894"><ele>424.75</ele></trkpt>
   <trkpt lon="-2.496197" lat="42.449917"><ele>427.0</ele></trkpt>
   <trkpt lon="-2.496386" lat="42.449900"><ele>427.25</ele></trkpt>
   <trkpt lon="-2.496608" lat="42.449860"><ele>427.25</ele></trkpt>
   <trkpt lon="-2.497026" lat="42.449860"><ele>428.75</ele></trkpt>
   <trkpt lon="-2.497400" lat="42.449838"><ele>430.5</ele></trkpt>
   <trkpt lon="-2.497578" lat="42.449814"><ele>431.0</ele></trkpt>
   <trkpt lon="-2.497717" lat="42.449755"><ele>432.0</ele></trkpt>
   <trkpt lon="-2.497763" lat="42.449719"><ele>432.75</ele></trkpt>
   <trkpt lon="-2.497844" lat="42.449714"><ele>432.0</ele></trkpt>
   <trkpt lon="-2.498053" lat="42.449445"><ele>433.75</ele></trkpt>
   <trkpt lon="-2.498174" lat="42.449322"><ele>434.25</ele></trkpt>
   <trkpt lon="-2.498230" lat="42.449238"><ele>434.25</ele></trkpt>
   <trkpt lon="-2.498235" lat="42.449136"><ele>434.0</ele></trkpt>
   <trkpt lon="-2.498211" lat="42.448886"><ele>431.5</ele></trkpt>
   <trkpt lon="-2.498226" lat="42.448833"><ele>431.5</ele></trkpt>
   <trkpt lon="-2.498272" lat="42.448788"><ele>431.75</ele></trkpt>
   <trkpt lon="-2.498333" lat="42.448769"><ele>432.25</ele></trkpt>
   <trkpt lon="-2.498523" lat="42.448771"><ele>432.5</ele></trkpt>
   <trkpt lon="-2.498604" lat="42.448766"><ele>432.75</ele></trkpt>
   <trkpt lon="-2.498807" lat="42.448676"><ele>431.5</ele></trkpt>
   <trkpt lon="-2.498969" lat="42.448580"><ele>430.5</ele></trkpt>
   <trkpt lon="-2.499116" lat="42.448378"><ele>431.0</ele></trkpt>
   <trkpt lon="-2.499213" lat="42.448303"><ele>431.0</ele></trkpt>
   <trkpt lon="-2.499628" lat="42.448184"><ele>429.0</ele></trkpt>
   <trkpt lon="-2.499777" lat="42.448104"><ele>428.25</ele></trkpt>
   <trkpt lon="-2.499875" lat="42.447988"><ele>428.75</ele></trkpt>
   <trkpt lon="-2.499917" lat="42.447865"><ele>429.5</ele></trkpt>
   <trkpt lon="-2.499912" lat="42.447830"><ele>429.75</ele></trkpt>
   <trkpt lon="-2.499897" lat="42.447796"><ele>430.0</ele></trkpt>
   <trkpt lon="-2.499853" lat="42.447687"><ele>432.5</ele></trkpt>
   <trkpt lon="-2.499896" lat="42.447636"><ele>433.5</ele></trkpt>
   <trkpt lon="-2.500304" lat="42.447411"><ele>434.75</ele></trkpt>
   <trkpt lon="-2.500355" lat="42.447358"><ele>435.0</ele></trkpt>
   <trkpt lon="-2.500390" lat="42.447305"><ele>435.75</ele></trkpt>
   <trkpt lon="-2.500396" lat="42.447284"><ele>436.0</ele></trkpt>
   <trkpt lon="-2.500534" lat="42.447160"><ele>436.0</ele></trkpt>
   <trkpt lon="-2.500631" lat="42.447126"><ele>436.0</ele></trkpt>
   <trkpt lon="-2.503158" lat="42.448035"><ele>436.5</ele></trkpt>
   <trkpt lon="-2.503498" lat="42.448146"><ele>436.5</ele></trkpt>
   <trkpt lon="-2.503713" lat="42.448142"><ele>437.25</ele></trkpt>
   <trkpt lon="-2.504064" lat="42.448096"><ele>438.25</ele></trkpt>
   <trkpt lon="-2.504493" lat="42.448001"><ele>442.25</ele></trkpt>
   <trkpt lon="-2.504694" lat="42.447947"><ele>443.25</ele></trkpt>
   <trkpt lon="-2.504847" lat="42.447497"><ele>443.25</ele></trkpt>
   <trkpt lon="-2.504938" lat="42.447301"><ele>443.75</ele></trkpt>
   <trkpt lon="-2.504990" lat="42.447246"><ele>443.75</ele></trkpt>
   <trkpt lon="-2.505036" lat="42.447154"><ele>443.75</ele></trkpt>
   <trkpt lon="-2.505041" lat="42.447034"><ele>443.25</ele></trkpt>
   <trkpt lon="-2.505143" lat="42.446873"><ele>442.5</ele></trkpt>
   <trkpt lon="-2.505277" lat="42.446756"><ele>441.25</ele></trkpt>
   <trkpt lon="-2.505458" lat="42.446723"><ele>440.25</ele></trkpt>
   <trkpt lon="-2.505808" lat="42.446694"><ele>439.25</ele></trkpt>
   <trkpt lon="-2.505945" lat="42.446714"><ele>439.75</ele></trkpt>
   <trkpt lon="-2.506205" lat="42.446718"><ele>439.5</ele></trkpt>
   <trkpt lon="-2.506413" lat="42.446730"><ele>439.25</ele></trkpt>
   <trkpt lon="-2.506577" lat="42.446724"><ele>439.0</ele></trkpt>
   <trkpt lon="-2.506993" lat="42.446846"><ele>440.25</ele></trkpt>
   <trkpt lon="-2.507419" lat="42.446994"><ele>440.0</ele></trkpt>
   <trkpt lon="-2.507778" lat="42.447098"><ele>442.0</ele></trkpt>
   <trkpt lon="-2.507938" lat="42.447123"><ele>442.5</ele></trkpt>
   <trkpt lon="-2.508043" lat="42.447121"><ele>442.5</ele></trkpt>
   <trkpt lon="-2.508231" lat="42.447093"><ele>442.0</ele></trkpt>
   <trkpt lon="-2.508516" lat="42.447033"><ele>441.5</ele></trkpt>
   <trkpt lon="-2.508644" lat="42.446985"><ele>441.25</ele></trkpt>
   <trkpt lon="-2.509108" lat="42.446755"><ele>440.5</ele></trkpt>
   <trkpt lon="-2.509279" lat="42.446637"><ele>440.25</ele></trkpt>
   <trkpt lon="-2.509428" lat="42.446560"><ele>440.5</ele></trkpt>
   <trkpt lon="-2.509674" lat="42.446483"><ele>441.0</ele></trkpt>
   <trkpt lon="-2.509972" lat="42.446360"><ele>442.75</ele></trkpt>
   <trkpt lon="-2.510373" lat="42.446160"><ele>443.0</ele></trkpt>
   <trkpt lon="-2.510724" lat="42.446058"><ele>443.0</ele></trkpt>
   <trkpt lon="-2.510850" lat="42.446001"><ele>443.0</ele></trkpt>
   <trkpt lon="-2.510963" lat="42.445920"><ele>443.0</ele></trkpt>
   <trkpt lon="-2.511124" lat="42.445779"><ele>443.25</ele></trkpt>
   <trkpt lon="-2.511304" lat="42.445661"><ele>442.75</ele></trkpt>
   <trkpt lon="-2.511475" lat="42.445586"><ele>442.0</ele></trkpt>
   <trkpt lon="-2.511804" lat="42.445466"><ele>441.5</ele></trkpt>
   <trkpt lon="-2.512125" lat="42.445328"><ele>441.75</ele></trkpt>
   <trkpt lon="-2.512702" lat="42.445027"><ele>442.0</ele></trkpt>
   <trkpt lon="-2.512863" lat="42.444965"><ele>442.25</ele></trkpt>
   <trkpt lon="-2.512995" lat="42.444943"><ele>443.0</ele></trkpt>
   <trkpt lon="-2.513108" lat="42.444913"><ele>443.0</ele></trkpt>
   <trkpt lon="-2.513212" lat="42.444858"><ele>443.0</ele></trkpt>
   <trkpt lon="-2.513285" lat="42.444792"><ele>442.5</ele></trkpt>
   <trkpt lon="-2.513340" lat="42.444707"><ele>442.0</ele></trkpt>
   <trkpt lon="-2.513376" lat="42.444612"><ele>443.0</ele></trkpt>
   <trkpt lon="-2.513383" lat="42.444512"><ele>443.5</ele></trkpt>
   <trkpt lon="-2.513331" lat="42.444459"><ele>442.75</ele></trkpt>
   <trkpt lon="-2.513228" lat="42.444408"><ele>442.75</ele></trkpt>
   <trkpt lon="-2.512803" lat="42.444309"><ele>442.75</ele></trkpt>
   <trkpt lon="-2.512487" lat="42.444202"><ele>442.25</ele></trkpt>
   <trkpt lon="-2.512271" lat="42.444150"><ele>440.5</ele></trkpt>
   <trkpt lon="-2.512186" lat="42.444122"><ele>440.25</ele></trkpt>
   <trkpt lon="-2.512131" lat="42.444059"><ele>440.5</ele></trkpt>
   <trkpt lon="-2.512099" lat="42.444008"><ele>440.75</ele></trkpt>
   <trkpt lon="-2.512092" lat="42.443929"><ele>441.25</ele></trkpt>
   <trkpt lon="-2.512132" lat="42.443889"><ele>441.5</ele></trkpt>
   <trkpt lon="-2.512514" lat="42.443657"><ele>442.5</ele></trkpt>
   <trkpt lon="-2.512830" lat="42.443485"><ele>442.75</ele></trkpt>
   <trkpt lon="-2.513149" lat="42.443322"><ele>443.25</ele></trkpt>
   <trkpt lon="-2.513201" lat="42.443246"><ele>443.75</ele></trkpt>
   <trkpt lon="-2.513281" lat="42.442859"><ele>444.5</ele></trkpt>
   <trkpt lon="-2.513283" lat="42.442768"><ele>444.75</ele></trkpt>
   <trkpt lon="-2.513256" lat="42.442656"><ele>444.5</ele></trkpt>
   <trkpt lon="-2.513208" lat="42.442328"><ele>444.5</ele></trkpt>
   <trkpt lon="-2.513206" lat="42.442166"><ele>444.25</ele></trkpt>
   <trkpt lon="-2.513247" lat="42.442008"><ele>444.0</ele></trkpt>
   <trkpt lon="-2.513387" lat="42.441751"><ele>444.0</ele></trkpt>
   <trkpt lon="-2.513402" lat="42.441677"><ele>444.0</ele></trkpt>
   <trkpt lon="-2.513403" lat="42.441593"><ele>444.0</ele></trkpt>
   <trkpt lon="-2.513389" lat="42.441523"><ele>443.75</ele></trkpt>
   <trkpt lon="-2.513368" lat="42.441458"><ele>443.25</ele></trkpt>
   <trkpt lon="-2.513366" lat="42.441369"><ele>443.0</ele></trkpt>
   <trkpt lon="-2.513654" lat="42.441316"><ele>445.0</ele></trkpt>
   <trkpt lon="-2.513735" lat="42.441315"><ele>445.0</ele></trkpt>
   <trkpt lon="-2.513980" lat="42.441408"><ele>445.25</ele></trkpt>
   <trkpt lon="-2.514623" lat="42.441560"><ele>446.75</ele></trkpt>
   <trkpt lon="-2.514730" lat="42.441556"><ele>447.0</ele></trkpt>
   <trkpt lon="-2.514796" lat="42.441530"><ele>447.5</ele></trkpt>
   <trkpt lon="-2.514801" lat="42.441159"><ele>447.5</ele></trkpt>
   <trkpt lon="-2.514819" lat="42.440963"><ele>448.0</ele></trkpt>
   <trkpt lon="-2.514816" lat="42.440607"><ele>448.75</ele></trkpt>
   <trkpt lon="-2.514883" lat="42.440215"><ele>449.5</ele></trkpt>
   <trkpt lon="-2.514906" lat="42.439975"><ele>449.0</ele></trkpt>
   <trkpt lon="-2.514949" lat="42.439791"><ele>449.5</ele></trkpt>
   <trkpt lon="-2.515063" lat="42.439585"><ele>449.25</ele></trkpt>
   <trkpt lon="-2.515266" lat="42.439333"><ele>449.5</ele></trkpt>
   <trkpt lon="-2.515318" lat="42.439200"><ele>449.25</ele></trkpt>
   <trkpt lon="-2.515323" lat="42.439086"><ele>449.75</ele></trkpt>
   <trkpt lon="-2.515295" lat="42.438948"><ele>450.5</ele></trkpt>
   <trkpt lon="-2.515213" lat="42.438827"><ele>450.75</ele></trkpt>
   <trkpt lon="-2.515088" lat="42.438710"><ele>451.0</ele></trkpt>
   <trkpt lon="-2.514797" lat="42.438493"><ele>452.75</ele></trkpt>
   <trkpt lon="-2.514688" lat="42.438395"><ele>453.75</ele></trkpt>
   <trkpt lon="-2.514388" lat="42.437916"><ele>458.25</ele></trkpt>
   <trkpt lon="-2.514372" lat="42.437808"><ele>459.75</ele></trkpt>
   <trkpt lon="-2.514417" lat="42.437744"><ele>460.25</ele></trkpt>
   <trkpt lon="-2.514625" lat="42.437633"><ele>461.25</ele></trkpt>
   <trkpt lon="-2.514922" lat="42.437501"><ele>464.0</ele></trkpt>
   <trkpt lon="-2.515307" lat="42.437329"><ele>465.5</ele></trkpt>
   <trkpt lon="-2.515489" lat="42.437194"><ele>468.0</ele></trkpt>
   <trkpt lon="-2.515655" lat="42.437004"><ele>472.25</ele></trkpt>
   <trkpt lon="-2.515752" lat="42.436865"><ele>474.0</ele></trkpt>
   <trkpt lon="-2.515825" lat="42.436789"><ele>474.5</ele></trkpt>
   <trkpt lon="-2.516150" lat="42.436584"><ele>479.5</ele></trkpt>
   <trkpt lon="-2.516265" lat="42.436542"><ele>480.75</ele></trkpt>
   <trkpt lon="-2.516337" lat="42.436547"><ele>481.75</ele></trkpt>
   <trkpt lon="-2.516394" lat="42.436572"><ele>482.5</ele></trkpt>
   <trkpt lon="-2.516507" lat="42.436670"><ele>483.25</ele></trkpt>
   <trkpt lon="-2.516617" lat="42.436749"><ele>483.75</ele></trkpt>
   <trkpt lon="-2.516746" lat="42.436815"><ele>484.0</ele></trkpt>
   <trkpt lon="-2.517052" lat="42.437038"><ele>483.5</ele></trkpt>
   <trkpt lon="-2.517339" lat="42.437261"><ele>484.0</ele></trkpt>
   <trkpt lon="-2.517669" lat="42.437490"><ele>485.0</ele></trkpt>
   <trkpt lon="-2.517876" lat="42.437613"><ele>485.25</ele></trkpt>
   <trkpt lon="-2.517966" lat="42.437656"><ele>485.5</ele></trkpt>
   <trkpt lon="-2.518434" lat="42.437816"><ele>487.25</ele></trkpt>
   <trkpt lon="-2.518902" lat="42.437952"><ele>489.0</ele></trkpt>
   <trkpt lon="-2.519042" lat="42.438001"><ele>489.5</ele></trkpt>
   <trkpt lon="-2.519446" lat="42.438193"><ele>493.0</ele></trkpt>
   <trkpt lon="-2.519639" lat="42.438297"><ele>494.25</ele></trkpt>
   <trkpt lon="-2.519887" lat="42.438481"><ele>495.75</ele></trkpt>
   <trkpt lon="-2.520074" lat="42.438583"><ele>496.25</ele></trkpt>
   <trkpt lon="-2.520356" lat="42.438696"><ele>496.75</ele></trkpt>
   <trkpt lon="-2.520663" lat="42.438802"><ele>497.75</ele></trkpt>
   <trkpt lon="-2.520851" lat="42.438882"><ele>499.0</ele></trkpt>
   <trkpt lon="-2.521030" lat="42.438980"><ele>500.75</ele></trkpt>
   <trkpt lon="-2.521175" lat="42.439088"><ele>501.75</ele></trkpt>
   <trkpt lon="-2.521270" lat="42.439141"><ele>502.25</ele></trkpt>
   <trkpt lon="-2.521820" lat="42.439299"><ele>506.0</ele></trkpt>
   <trkpt lon="-2.522290" lat="42.439423"><ele>507.5</ele></trkpt>
   <trkpt lon="-2.522483" lat="42.439491"><ele>508.5</ele></trkpt>
   <trkpt lon="-2.522610" lat="42.439536"><ele>509.25</ele></trkpt>
   <trkpt lon="-2.522829" lat="42.439638"><ele>510.75</ele></trkpt>
   <trkpt lon="-2.522981" lat="42.439739"><ele>512.0</ele></trkpt>
   <trkpt lon="-2.523168" lat="42.439864"><ele>513.25</ele></trkpt>
   <trkpt lon="-2.523584" lat="42.440035"><ele>513.25</ele></trkpt>
   <trkpt lon="-2.523714" lat="42.440068"><ele>513.0</ele></trkpt>
   <trkpt lon="-2.523818" lat="42.440086"><ele>513.25</ele></trkpt>
   <trkpt lon="-2.523912" lat="42.440094"><ele>513.5</ele></trkpt>
   <trkpt lon="-2.524029" lat="42.440070"><ele>514.25</ele></trkpt>
   <trkpt lon="-2.524548" lat="42.439965"><ele>518.5</ele></trkpt>
   <trkpt lon="-2.524755" lat="42.439937"><ele>519.0</ele></trkpt>
   <trkpt lon="-2.524977" lat="42.439907"><ele>519.0</ele></trkpt>
   <trkpt lon="-2.525467" lat="42.439865"><ele>519.0</ele></trkpt>
   <trkpt lon="-2.526040" lat="42.439836"><ele>518.25</ele></trkpt>
   <trkpt lon="-2.526616" lat="42.439791"><ele>518.75</ele></trkpt>
   <trkpt lon="-2.526741" lat="42.439783"><ele>518.5</ele></trkpt>
   <trkpt lon="-2.527191" lat="42.439772"><ele>516.25</ele></trkpt>
   <trkpt lon="-2.527795" lat="42.439712"><ele>512.75</ele></trkpt>
   <trkpt lon="-2.528254" lat="42.439650"><ele>512.0</ele></trkpt>
   <trkpt lon="-2.528731" lat="42.439572"><ele>511.0</ele></trkpt>
   <trkpt lon="-2.528855" lat="42.439565"><ele>510.75</ele></trkpt>
   <trkpt lon="-2.528964" lat="42.439566"><ele>510.5</ele></trkpt>
   <trkpt lon="-2.529018" lat="42.439567"><ele>510.5</ele></trkpt>
   <trkpt lon="-2.529125" lat="42.439550"><ele>510.75</ele></trkpt>
   <trkpt lon="-2.529908" lat="42.439380"><ele>508.0</ele></trkpt>
   <trkpt lon="-2.530056" lat="42.439360"><ele>508.0</ele></trkpt>
   <trkpt lon="-2.530154" lat="42.439347"><ele>508.0</ele></trkpt>
   <trkpt lon="-2.530874" lat="42.439217"><ele>507.25</ele></trkpt>
   <trkpt lon="-2.531366" lat="42.439094"><ele>505.75</ele></trkpt>
   <trkpt lon="-2.531921" lat="42.438916"><ele>504.25</ele></trkpt>
   <trkpt lon="-2.531956" lat="42.438906"><ele>503.75</ele></trkpt>
   <trkpt lon="-2.532231" lat="42.438861"><ele>503.0</ele></trkpt>
   <trkpt lon="-2.533149" lat="42.438803"><ele>501.5</ele></trkpt>
   <trkpt lon="-2.533424" lat="42.438780"><ele>501.25</ele></trkpt>
   <trkpt lon="-2.534057" lat="42.438666"><ele>501.25</ele></trkpt>
   <trkpt lon="-2.534338" lat="42.438626"><ele>501.75</ele></trkpt>
   <trkpt lon="-2.534661" lat="42.438605"><ele>501.25</ele></trkpt>
   <trkpt lon="-2.535305" lat="42.438518"><ele>500.25</ele></trkpt>
   <trkpt lon="-2.535449" lat="42.438495"><ele>500.25</ele></trkpt>
   <trkpt lon="-2.535587" lat="42.438463"><ele>500.25</ele></trkpt>
   <trkpt lon="-2.535798" lat="42.438380"><ele>499.0</ele></trkpt>
   <trkpt lon="-2.536171" lat="42.438251"><ele>497.25</ele></trkpt>
   <trkpt lon="-2.536833" lat="42.438044"><ele>496.25</ele></trkpt>
   <trkpt lon="-2.537153" lat="42.437945"><ele>496.75</ele></trkpt>
   <trkpt lon="-2.537602" lat="42.437836"><ele>497.25</ele></trkpt>
   <trkpt lon="-2.537796" lat="42.437796"><ele>497.5</ele></trkpt>
   <trkpt lon="-2.538188" lat="42.437731"><ele>497.75</ele></trkpt>
   <trkpt lon="-2.538608" lat="42.437680"><ele>499.5</ele></trkpt>
   <trkpt lon="-2.538825" lat="42.437638"><ele>499.25</ele></trkpt>
   <trkpt lon="-2.538996" lat="42.437596"><ele>498.75</ele></trkpt>
   <trkpt lon="-2.539245" lat="42.437505"><ele>497.5</ele></trkpt>
   <trkpt lon="-2.539459" lat="42.437415"><ele>497.0</ele></trkpt>
   <trkpt lon="-2.539613" lat="42.437336"><ele>496.5</ele></trkpt>
   <trkpt lon="-2.540358" lat="42.436941"><ele>491.5</ele></trkpt>
   <trkpt lon="-2.540446" lat="42.436892"><ele>491.25</ele></trkpt>
   <trkpt lon="-2.540609" lat="42.436815"><ele>490.5</ele></trkpt>
   <trkpt lon="-2.540827" lat="42.436733"><ele>489.25</ele></trkpt>
   <trkpt lon="-2.541092" lat="42.436668"><ele>488.0</ele></trkpt>
   <trkpt lon="-2.541368" lat="42.436635"><ele>487.0</ele></trkpt>
   <trkpt lon="-2.541557" lat="42.436623"><ele>486.25</ele></trkpt>
   <trkpt lon="-2.541774" lat="42.436602"><ele>485.75</ele></trkpt>
   <trkpt lon="-2.542013" lat="42.436557"><ele>485.0</ele></trkpt>
   <trkpt lon="-2.542287" lat="42.436486"><ele>482.5</ele></trkpt>
   <trkpt lon="-2.542481" lat="42.436427"><ele>481.0</ele></trkpt>
   <trkpt lon="-2.542608" lat="42.436400"><ele>479.75</ele></trkpt>
   <trkpt lon="-2.542745" lat="42.436355"><ele>478.25</ele></trkpt>
   <trkpt lon="-2.542873" lat="42.436326"><ele>477.75</ele></trkpt>
   <trkpt lon="-2.543396" lat="42.436277"><ele>474.75</ele></trkpt>
   <trkpt lon="-2.545206" lat="42.436052"><ele>472.25</ele></trkpt>
   <trkpt lon="-2.546416" lat="42.435832"><ele>471.75</ele></trkpt>
   <trkpt lon="-2.546669" lat="42.435798"><ele>471.0</ele></trkpt>
   <trkpt lon="-2.547300" lat="42.435721"><ele>471.0</ele></trkpt>
   <trkpt lon="-2.547529" lat="42.435682"><ele>470.75</ele></trkpt>
   <trkpt lon="-2.547928" lat="42.435588"><ele>469.75</ele></trkpt>
   <trkpt lon="-2.548093" lat="42.435546"><ele>470.0</ele></trkpt>
   <trkpt lon="-2.548221" lat="42.435544"><ele>470.0</ele></trkpt>
   <trkpt lon="-2.548353" lat="42.435550"><ele>469.75</ele></trkpt>
   <trkpt lon="-2.548559" lat="42.435585"><ele>469.0</ele></trkpt>
   <trkpt lon="-2.548781" lat="42.435620"><ele>469.0</ele></trkpt>
   <trkpt lon="-2.548972" lat="42.435675"><ele>469.25</ele></trkpt>
   <trkpt lon="-2.549343" lat="42.435857"><ele>471.25</ele></trkpt>
   <trkpt lon="-2.549499" lat="42.435917"><ele>470.75</ele></trkpt>
   <trkpt lon="-2.549588" lat="42.435926"><ele>471.0</ele></trkpt>
   <trkpt lon="-2.549674" lat="42.435918"><ele>471.25</ele></trkpt>
   <trkpt lon="-2.549765" lat="42.435890"><ele>471.25</ele></trkpt>
   <trkpt lon="-2.550361" lat="42.435422"><ele>471.5</ele></trkpt>
   <trkpt lon="-2.550710" lat="42.435133"><ele>470.5</ele></trkpt>
   <trkpt lon="-2.550815" lat="42.435055"><ele>470.5</ele></trkpt>
   <trkpt lon="-2.550926" lat="42.434992"><ele>470.25</ele></trkpt>
   <trkpt lon="-2.551217" lat="42.434909"><ele>469.0</ele></trkpt>
   <trkpt lon="-2.551641" lat="42.434778"><ele>468.75</ele></trkpt>
   <trkpt lon="-2.551900" lat="42.434710"><ele>469.0</ele></trkpt>
   <trkpt lon="-2.552623" lat="42.434532"><ele>469.0</ele></trkpt>
   <trkpt lon="-2.553597" lat="42.434212"><ele>469.75</ele></trkpt>
   <trkpt lon="-2.554258" lat="42.434032"><ele>470.0</ele></trkpt>
   <trkpt lon="-2.554929" lat="42.433811"><ele>470.0</ele></trkpt>
   <trkpt lon="-2.555417" lat="42.433690"><ele>470.75</ele></trkpt>
   <trkpt lon="-2.557339" lat="42.433139"><ele>472.25</ele></trkpt>
   <trkpt lon="-2.557771" lat="42.433024"><ele>473.75</ele></trkpt>
   <trkpt lon="-2.558400" lat="42.432857"><ele>477.5</ele></trkpt>
   <trkpt lon="-2.558692" lat="42.432754"><ele>480.0</ele></trkpt>
   <trkpt lon="-2.559034" lat="42.432572"><ele>484.5</ele></trkpt>
   <trkpt lon="-2.559083" lat="42.432560"><ele>484.75</ele></trkpt>
   <trkpt lon="-2.559160" lat="42.432562"><ele>485.5</ele></trkpt>
   <trkpt lon="-2.559191" lat="42.432569"><ele>485.75</ele></trkpt>
   <trkpt lon="-2.559265" lat="42.432608"><ele>487.0</ele></trkpt>
   <trkpt lon="-2.559292" lat="42.432640"><ele>487.0</ele></trkpt>
   <trkpt lon="-2.559311" lat="42.432678"><ele>487.0</ele></trkpt>
   <trkpt lon="-2.559375" lat="42.432909"><ele>486.25</ele></trkpt>
   <trkpt lon="-2.559409" lat="42.432926"><ele>486.75</ele></trkpt>
   <trkpt lon="-2.559469" lat="42.432926"><ele>488.0</ele></trkpt>
   <trkpt lon="-2.559487" lat="42.432868"><ele>488.75</ele></trkpt>
   <trkpt lon="-2.559486" lat="42.432805"><ele>489.0</ele></trkpt>
   <trkpt lon="-2.559401" lat="42.432521"><ele>490.75</ele></trkpt>
   <trkpt lon="-2.559360" lat="42.432412"><ele>490.5</ele></trkpt>
   <trkpt lon="-2.559324" lat="42.432339"><ele>490.25</ele></trkpt>
   <trkpt lon="-2.559286" lat="42.432256"><ele>490.5</ele></trkpt>
   <trkpt lon="-2.559256" lat="42.432146"><ele>491.0</ele></trkpt>
   <trkpt lon="-2.559207" lat="42.431897"><ele>492.25</ele></trkpt>
   <trkpt lon="-2.559346" lat="42.431738"><ele>494.75</ele></trkpt>
   <trkpt lon="-2.559393" lat="42.431655"><ele>496.25</ele></trkpt>
   <trkpt lon="-2.559468" lat="42.431484"><ele>499.5</ele></trkpt>
   <trkpt lon="-2.559415" lat="42.431065"><ele>503.75</ele></trkpt>
   <trkpt lon="-2.559433" lat="42.430985"><ele>504.5</ele></trkpt>
   <trkpt lon="-2.559584" lat="42.430321"><ele>511.25</ele></trkpt>
   <trkpt lon="-2.559605" lat="42.430262"><ele>511.75</ele></trkpt>
   <trkpt lon="-2.559635" lat="42.430177"><ele>511.5</ele></trkpt>
   <trkpt lon="-2.559724" lat="42.430066"><ele>511.5</ele></trkpt>
   <trkpt lon="-2.559833" lat="42.429959"><ele>511.75</ele></trkpt>
   <trkpt lon="-2.560002" lat="42.429842"><ele>512.75</ele></trkpt>
   <trkpt lon="-2.560223" lat="42.429721"><ele>512.75</ele></trkpt>
   <trkpt lon="-2.560367" lat="42.429651"><ele>512.25</ele></trkpt>
   <trkpt lon="-2.560571" lat="42.429587"><ele>511.5</ele></trkpt>
   <trkpt lon="-2.560736" lat="42.429546"><ele>512.25</ele></trkpt>
   <trkpt lon="-2.560925" lat="42.429511"><ele>513.0</ele></trkpt>
   <trkpt lon="-2.560997" lat="42.429502"><ele>513.0</ele></trkpt>
   <trkpt lon="-2.561542" lat="42.429462"><ele>511.0</ele></trkpt>
   <trkpt lon="-2.561615" lat="42.429459"><ele>511.0</ele></trkpt>
   <trkpt lon="-2.561860" lat="42.429452"><ele>512.5</ele></trkpt>
   <trkpt lon="-2.561943" lat="42.429450"><ele>513.0</ele></trkpt>
   <trkpt lon="-2.562024" lat="42.429466"><ele>513.5</ele></trkpt>
   <trkpt lon="-2.562103" lat="42.429491"><ele>514.0</ele></trkpt>
   <trkpt lon="-2.562231" lat="42.429567"><ele>514.5</ele></trkpt>
   <trkpt lon="-2.562312" lat="42.429654"><ele>515.5</ele></trkpt>
   <trkpt lon="-2.562370" lat="42.429736"><ele>516.5</ele></trkpt>
   <trkpt lon="-2.562123" lat="42.429828"><ele>520.0</ele></trkpt>
   <trkpt lon="-2.562059" lat="42.429813"><ele>521.25</ele></trkpt>
   <trkpt lon="-2.561991" lat="42.429817"><ele>522.75</ele></trkpt>
   <trkpt lon="-2.561961" lat="42.429811"><ele>523.25</ele></trkpt>
  </trkseg>
 </trk>
</gpx>
