<?xml version="1.0" encoding="UTF-8"?>
<TrainingCenterDatabase xmlns="http://www.garmin.com/xmlschemas/TrainingCenterDatabase/v2" xmlns:xsi="http://www.w3.org/2001/XMLSchema-instance" xsi:schemaLocation="http://www.garmin.com/xmlschemas/TrainingCenterDatabase/v2 http://www.garmin.com/xmlschemas/TrainingCenterDatabasev2.xsd">
 <Courses><Course>
  <Name>Camino D01</Name>
  <Lap><TotalTimeSeconds>13468</TotalTimeSeconds><DistanceMeters>59858.8</DistanceMeters><BeginPosition><LatitudeDegrees>43.163163</LatitudeDegrees><LongitudeDegrees>-1.238128</LongitudeDegrees></BeginPosition><EndPosition><LatitudeDegrees>42.930423</LatitudeDegrees><LongitudeDegrees>-1.504629</LongitudeDegrees></EndPosition><Intensity>Active</Intensity></Lap>
  <Track>
   <Trackpoint><DistanceMeters>0.0</DistanceMeters><Position><LatitudeDegrees>43.163163</LatitudeDegrees><LongitudeDegrees>-1.238128</LongitudeDegrees></Position><AltitudeMeters>163.5</AltitudeMeters></Trackpoint>
   <Trackpoint><DistanceMeters>34.3</DistanceMeters><Position><LatitudeDegrees>43.162903</LatitudeDegrees><LongitudeDegrees>-1.237987</LongitudeDegrees></Position><AltitudeMeters>163.2</AltitudeMeters></Trackpoint>
   <Trackpoint><DistanceMeters>83.8</DistanceMeters><Position><LatitudeDegrees>43.162525</LatitudeDegrees><LongitudeDegrees>-1.238308</LongitudeDegrees></Position><AltitudeMeters>162.8</AltitudeMeters></Trackpoint>
   <Trackpoint><DistanceMeters>130.7</DistanceMeters><Position><LatitudeDegrees>43.162165</LatitudeDegrees><LongitudeDegrees>-1.238609</LongitudeDegrees></Position><AltitudeMeters>162.8</AltitudeMeters></Trackpoint>
   <Trackpoint><DistanceMeters>169.2</DistanceMeters><Position><LatitudeDegrees>43.161991</LatitudeDegrees><LongitudeDegrees>-1.238972</LongitudeDegrees></Position><AltitudeMeters>164.8</AltitudeMeters></Trackpoint>
   <Trackpoint><DistanceMeters>233.0</DistanceMeters><Position><LatitudeDegrees>43.162455</LatitudeDegrees><LongitudeDegrees>-1.239434</LongitudeDegrees></Position><AltitudeMeters>164.5</AltitudeMeters></Trackpoint>
   <Trackpoint><DistanceMeters>280.8</DistanceMeters><Position><LatitudeDegrees>43.162763</LatitudeDegrees><LongitudeDegrees>-1.239845</LongitudeDegrees></Position><AltitudeMeters>163.0</AltitudeMeters></Trackpoint>
   <Trackpoint><DistanceMeters>314.1</DistanceMeters><Position><LatitudeDegrees>43.162894</LatitudeDegrees><LongitudeDegrees>-1.240197</LongitudeDegrees></Position><AltitudeMeters>162.5</AltitudeMeters></Trackpoint>
   <Trackpoint><DistanceMeters>352.2</DistanceMeters><Position><LatitudeDegrees>43.163077</LatitudeDegrees><LongitudeDegrees>-1.240594</LongitudeDegrees></Position><AltitudeMeters>164.0</AltitudeMeters></Trackpoint>
   <Trackpoint><DistanceMeters>404.7</DistanceMeters><Position><LatitudeDegrees>43.163334</LatitudeDegrees><LongitudeDegrees>-1.241138</LongitudeDegrees></Position><AltitudeMeters>165.0</AltitudeMeters></Trackpoint>
   <Trackpoint><DistanceMeters>441.7</DistanceMeters><Position><LatitudeDegrees>43.163439</LatitudeDegrees><LongitudeDegrees>-1.241564</LongitudeDegrees></Position><AltitudeMeters>165.0</AltitudeMeters></Trackpoint>
   <Trackpoint><DistanceMeters>473.1</DistanceMeters><Position><LatitudeDegrees>43.163412</LatitudeDegrees><LongitudeDegrees>-1.241949</LongitudeDegrees></Position><AltitudeMeters>168.0</AltitudeMeters></Trackpoint>
   <Trackpoint><DistanceMeters>503.5</DistanceMeters><Position><LatitudeDegrees>43.163345</LatitudeDegrees><LongitudeDegrees>-1.242311</LongitudeDegrees></Position><AltitudeMeters>169.2</AltitudeMeters></Trackpoint>
   <Trackpoint><DistanceMeters>621.5</DistanceMeters><Position><LatitudeDegrees>43.162972</LatitudeDegrees><LongitudeDegrees>-1.243673</LongitudeDegrees></Position><AltitudeMeters>175.8</AltitudeMeters></Trackpoint>
   <Trackpoint><DistanceMeters>665.3</DistanceMeters><Position><LatitudeDegrees>43.162834</LatitudeDegrees><LongitudeDegrees>-1.244179</LongitudeDegrees></Position><AltitudeMeters>178.2</AltitudeMeters></Trackpoint>
   <Trackpoint><DistanceMeters>697.7</DistanceMeters><Position><LatitudeDegrees>43.162690</LatitudeDegrees><LongitudeDegrees>-1.244525</LongitudeDegrees></Position><AltitudeMeters>179.0</AltitudeMeters></Trackpoint>
   <Trackpoint><DistanceMeters>732.5</DistanceMeters><Position><LatitudeDegrees>43.162425</LatitudeDegrees><LongitudeDegrees>-1.244745</LongitudeDegrees></Position><AltitudeMeters>181.0</AltitudeMeters></Trackpoint>
   <Trackpoint><DistanceMeters>824.5</DistanceMeters><Position><LatitudeDegrees>43.161602</LatitudeDegrees><LongitudeDegrees>-1.244713</LongitudeDegrees></Position><AltitudeMeters>184.0</AltitudeMeters></Trackpoint>
   <Trackpoint><DistanceMeters>871.5</DistanceMeters><Position><LatitudeDegrees>43.161181</LatitudeDegrees><LongitudeDegrees>-1.244658</LongitudeDegrees></Position><AltitudeMeters>185.5</AltitudeMeters></Trackpoint>
   <Trackpoint><DistanceMeters>943.5</DistanceMeters><Position><LatitudeDegrees>43.160536</LatitudeDegrees><LongitudeDegrees>-1.244579</LongitudeDegrees></Position><AltitudeMeters>188.0</AltitudeMeters></Trackpoint>
   <Trackpoint><DistanceMeters>977.8</DistanceMeters><Position><LatitudeDegrees>43.160228</LatitudeDegrees><LongitudeDegrees>-1.244569</LongitudeDegrees></Position><AltitudeMeters>189.5</AltitudeMeters></Trackpoint>
   <Trackpoint><DistanceMeters>1026.1</DistanceMeters><Position><LatitudeDegrees>43.159806</LatitudeDegrees><LongitudeDegrees>-1.244699</LongitudeDegrees></Position><AltitudeMeters>190.8</AltitudeMeters></Trackpoint>
   <Trackpoint><DistanceMeters>1084.2</DistanceMeters><Position><LatitudeDegrees>43.159365</LatitudeDegrees><LongitudeDegrees>-1.245078</LongitudeDegrees></Position><AltitudeMeters>191.2</AltitudeMeters></Trackpoint>
   <Trackpoint><DistanceMeters>1141.9</DistanceMeters><Position><LatitudeDegrees>43.159052</LatitudeDegrees><LongitudeDegrees>-1.245643</LongitudeDegrees></Position><AltitudeMeters>191.8</AltitudeMeters></Trackpoint>
   <Trackpoint><DistanceMeters>1197.6</DistanceMeters><Position><LatitudeDegrees>43.158801</LatitudeDegrees><LongitudeDegrees>-1.246237</LongitudeDegrees></Position><AltitudeMeters>190.2</AltitudeMeters></Trackpoint>
   <Trackpoint><DistanceMeters>1234.9</DistanceMeters><Position><LatitudeDegrees>43.158639</LatitudeDegrees><LongitudeDegrees>-1.246640</LongitudeDegrees></Position><AltitudeMeters>189.0</AltitudeMeters></Trackpoint>
   <Trackpoint><DistanceMeters>1312.9</DistanceMeters><Position><LatitudeDegrees>43.158318</LatitudeDegrees><LongitudeDegrees>-1.247495</LongitudeDegrees></Position><AltitudeMeters>189.0</AltitudeMeters></Trackpoint>
   <Trackpoint><DistanceMeters>1383.1</DistanceMeters><Position><LatitudeDegrees>43.157923</LatitudeDegrees><LongitudeDegrees>-1.248164</LongitudeDegrees></Position><AltitudeMeters>186.5</AltitudeMeters></Trackpoint>
   <Trackpoint><DistanceMeters>1421.0</DistanceMeters><Position><LatitudeDegrees>43.157753</LatitudeDegrees><LongitudeDegrees>-1.248568</LongitudeDegrees></Position><AltitudeMeters>184.5</AltitudeMeters></Trackpoint>
   <Trackpoint><DistanceMeters>1465.8</DistanceMeters><Position><LatitudeDegrees>43.157523</LatitudeDegrees><LongitudeDegrees>-1.249019</LongitudeDegrees></Position><AltitudeMeters>182.5</AltitudeMeters></Trackpoint>
   <Trackpoint><DistanceMeters>1503.4</DistanceMeters><Position><LatitudeDegrees>43.157241</LatitudeDegrees><LongitudeDegrees>-1.249272</LongitudeDegrees></Position><AltitudeMeters>180.5</AltitudeMeters></Trackpoint>
   <Trackpoint><DistanceMeters>1537.0</DistanceMeters><Position><LatitudeDegrees>43.156950</LatitudeDegrees><LongitudeDegrees>-1.249380</LongitudeDegrees></Position><AltitudeMeters>181.5</AltitudeMeters></Trackpoint>
   <Trackpoint><DistanceMeters>1597.7</DistanceMeters><Position><LatitudeDegrees>43.156414</LatitudeDegrees><LongitudeDegrees>-1.249270</LongitudeDegrees></Position><AltitudeMeters>179.2</AltitudeMeters></Trackpoint>
   <Trackpoint><DistanceMeters>1644.8</DistanceMeters><Position><LatitudeDegrees>43.155994</LatitudeDegrees><LongitudeDegrees>-1.249199</LongitudeDegrees></Position><AltitudeMeters>176.5</AltitudeMeters></Trackpoint>
   <Trackpoint><DistanceMeters>1674.8</DistanceMeters><Position><LatitudeDegrees>43.155724</LatitudeDegrees><LongitudeDegrees>-1.249199</LongitudeDegrees></Position><AltitudeMeters>175.0</AltitudeMeters></Trackpoint>
   <Trackpoint><DistanceMeters>1719.7</DistanceMeters><Position><LatitudeDegrees>43.155324</LatitudeDegrees><LongitudeDegrees>-1.249266</LongitudeDegrees></Position><AltitudeMeters>173.8</AltitudeMeters></Trackpoint>
   <Trackpoint><DistanceMeters>1762.3</DistanceMeters><Position><LatitudeDegrees>43.154941</LatitudeDegrees><LongitudeDegrees>-1.249280</LongitudeDegrees></Position><AltitudeMeters>173.8</AltitudeMeters></Trackpoint>
   <Trackpoint><DistanceMeters>1793.3</DistanceMeters><Position><LatitudeDegrees>43.154668</LatitudeDegrees><LongitudeDegrees>-1.249354</LongitudeDegrees></Position><AltitudeMeters>174.5</AltitudeMeters></Trackpoint>
   <Trackpoint><DistanceMeters>1827.4</DistanceMeters><Position><LatitudeDegrees>43.154377</LatitudeDegrees><LongitudeDegrees>-1.249486</LongitudeDegrees></Position><AltitudeMeters>174.2</AltitudeMeters></Trackpoint>
   <Trackpoint><DistanceMeters>1890.5</DistanceMeters><Position><LatitudeDegrees>43.153851</LatitudeDegrees><LongitudeDegrees>-1.249778</LongitudeDegrees></Position><AltitudeMeters>173.0</AltitudeMeters></Trackpoint>
   <Trackpoint><DistanceMeters>1928.2</DistanceMeters><Position><LatitudeDegrees>43.153537</LatitudeDegrees><LongitudeDegrees>-1.249950</LongitudeDegrees></Position><AltitudeMeters>172.8</AltitudeMeters></Trackpoint>
   <Trackpoint><DistanceMeters>2015.0</DistanceMeters><Position><LatitudeDegrees>43.152936</LatitudeDegrees><LongitudeDegrees>-1.250631</LongitudeDegrees></Position><AltitudeMeters>173.2</AltitudeMeters></Trackpoint>
   <Trackpoint><DistanceMeters>2329.0</DistanceMeters><Position><LatitudeDegrees>43.150693</LatitudeDegrees><LongitudeDegrees>-1.252982</LongitudeDegrees></Position><AltitudeMeters>177.8</AltitudeMeters></Trackpoint>
   <Trackpoint><DistanceMeters>2365.1</DistanceMeters><Position><LatitudeDegrees>43.150481</LatitudeDegrees><LongitudeDegrees>-1.252807</LongitudeDegrees></Position><AltitudeMeters>178.8</AltitudeMeters></Trackpoint>
   <Trackpoint><DistanceMeters>2409.5</DistanceMeters><Position><LatitudeDegrees>43.150147</LatitudeDegrees><LongitudeDegrees>-1.252509</LongitudeDegrees></Position><AltitudeMeters>181.5</AltitudeMeters></Trackpoint>
   <Trackpoint><DistanceMeters>2465.6</DistanceMeters><Position><LatitudeDegrees>43.149816</LatitudeDegrees><LongitudeDegrees>-1.251988</LongitudeDegrees></Position><AltitudeMeters>184.5</AltitudeMeters></Trackpoint>
   <Trackpoint><DistanceMeters>2496.6</DistanceMeters><Position><LatitudeDegrees>43.149680</LatitudeDegrees><LongitudeDegrees>-1.251654</LongitudeDegrees></Position><AltitudeMeters>185.2</AltitudeMeters></Trackpoint>
   <Trackpoint><DistanceMeters>2535.0</DistanceMeters><Position><LatitudeDegrees>43.149414</LatitudeDegrees><LongitudeDegrees>-1.251355</LongitudeDegrees></Position><AltitudeMeters>189.5</AltitudeMeters></Trackpoint>
   <Trackpoint><DistanceMeters>2573.0</DistanceMeters><Position><LatitudeDegrees>43.149083</LatitudeDegrees><LongitudeDegrees>-1.251246</LongitudeDegrees></Position><AltitudeMeters>192.5</AltitudeMeters></Trackpoint>
   <Trackpoint><DistanceMeters>2642.9</DistanceMeters><Position><LatitudeDegrees>43.148454</LatitudeDegrees><LongitudeDegrees>-1.251239</LongitudeDegrees></Position><AltitudeMeters>195.8</AltitudeMeters></Trackpoint>
   <Trackpoint><DistanceMeters>2685.4</DistanceMeters><Position><LatitudeDegrees>43.148098</LatitudeDegrees><LongitudeDegrees>-1.251049</LongitudeDegrees></Position><AltitudeMeters>194.2</AltitudeMeters></Trackpoint>
   <Trackpoint><DistanceMeters>2727.2</DistanceMeters><Position><LatitudeDegrees>43.147752</LatitudeDegrees><LongitudeDegrees>-1.250849</LongitudeDegrees></Position><AltitudeMeters>194.8</AltitudeMeters></Trackpoint>
   <Trackpoint><DistanceMeters>2771.3</DistanceMeters><Position><LatitudeDegrees>43.147559</LatitudeDegrees><LongitudeDegrees>-1.250399</LongitudeDegrees></Position><AltitudeMeters>194.5</AltitudeMeters></Trackpoint>
   <Trackpoint><DistanceMeters>2822.5</DistanceMeters><Position><LatitudeDegrees>43.147728</LatitudeDegrees><LongitudeDegrees>-1.249833</LongitudeDegrees></Position><AltitudeMeters>195.0</AltitudeMeters></Trackpoint>
   <Trackpoint><DistanceMeters>2857.6</DistanceMeters><Position><LatitudeDegrees>43.147636</LatitudeDegrees><LongitudeDegrees>-1.249440</LongitudeDegrees></Position><AltitudeMeters>199.5</AltitudeMeters></Trackpoint>
   <Trackpoint><DistanceMeters>2890.9</DistanceMeters><Position><LatitudeDegrees>43.147417</LatitudeDegrees><LongitudeDegrees>-1.249165</LongitudeDegrees></Position><AltitudeMeters>199.5</AltitudeMeters></Trackpoint>
   <Trackpoint><DistanceMeters>2964.9</DistanceMeters><Position><LatitudeDegrees>43.146758</LatitudeDegrees><LongitudeDegrees>-1.249075</LongitudeDegrees></Position><AltitudeMeters>199.5</AltitudeMeters></Trackpoint>
   <Trackpoint><DistanceMeters>3051.3</DistanceMeters><Position><LatitudeDegrees>43.145989</LatitudeDegrees><LongitudeDegrees>-1.249033</LongitudeDegrees></Position><AltitudeMeters>203.0</AltitudeMeters></Trackpoint>
   <Trackpoint><DistanceMeters>3084.4</DistanceMeters><Position><LatitudeDegrees>43.145699</LatitudeDegrees><LongitudeDegrees>-1.249126</LongitudeDegrees></Position><AltitudeMeters>203.0</AltitudeMeters></Trackpoint>
   <Trackpoint><DistanceMeters>3115.4</DistanceMeters><Position><LatitudeDegrees>43.145423</LatitudeDegrees><LongitudeDegrees>-1.249094</LongitudeDegrees></Position><AltitudeMeters>204.5</AltitudeMeters></Trackpoint>
   <Trackpoint><DistanceMeters>3150.0</DistanceMeters><Position><LatitudeDegrees>43.145114</LatitudeDegrees><LongitudeDegrees>-1.249118</LongitudeDegrees></Position><AltitudeMeters>206.0</AltitudeMeters></Trackpoint>
   <Trackpoint><DistanceMeters>3190.9</DistanceMeters><Position><LatitudeDegrees>43.144770</LatitudeDegrees><LongitudeDegrees>-1.249295</LongitudeDegrees></Position><AltitudeMeters>208.8</AltitudeMeters></Trackpoint>
   <Trackpoint><DistanceMeters>3241.1</DistanceMeters><Position><LatitudeDegrees>43.144363</LatitudeDegrees><LongitudeDegrees>-1.249565</LongitudeDegrees></Position><AltitudeMeters>208.0</AltitudeMeters></Trackpoint>
   <Trackpoint><DistanceMeters>3306.6</DistanceMeters><Position><LatitudeDegrees>43.143804</LatitudeDegrees><LongitudeDegrees>-1.249380</LongitudeDegrees></Position><AltitudeMeters>210.2</AltitudeMeters></Trackpoint>
   <Trackpoint><DistanceMeters>3360.7</DistanceMeters><Position><LatitudeDegrees>43.143401</LatitudeDegrees><LongitudeDegrees>-1.249019</LongitudeDegrees></Position><AltitudeMeters>211.8</AltitudeMeters></Trackpoint>
   <Trackpoint><DistanceMeters>3398.4</DistanceMeters><Position><LatitudeDegrees>43.143087</LatitudeDegrees><LongitudeDegrees>-1.248844</LongitudeDegrees></Position><AltitudeMeters>212.2</AltitudeMeters></Trackpoint>
   <Trackpoint><DistanceMeters>3462.3</DistanceMeters><Position><LatitudeDegrees>43.142532</LatitudeDegrees><LongitudeDegrees>-1.248641</LongitudeDegrees></Position><AltitudeMeters>217.2</AltitudeMeters></Trackpoint>
   <Trackpoint><DistanceMeters>3502.7</DistanceMeters><Position><LatitudeDegrees>43.142169</LatitudeDegrees><LongitudeDegrees>-1.248645</LongitudeDegrees></Position><AltitudeMeters>216.5</AltitudeMeters></Trackpoint>
   <Trackpoint><DistanceMeters>3533.2</DistanceMeters><Position><LatitudeDegrees>43.141939</LatitudeDegrees><LongitudeDegrees>-1.248451</LongitudeDegrees></Position><AltitudeMeters>216.2</AltitudeMeters></Trackpoint>
   <Trackpoint><DistanceMeters>3593.1</DistanceMeters><Position><LatitudeDegrees>43.141720</LatitudeDegrees><LongitudeDegrees>-1.247777</LongitudeDegrees></Position><AltitudeMeters>216.8</AltitudeMeters></Trackpoint>
   <Trackpoint><DistanceMeters>3667.7</DistanceMeters><Position><LatitudeDegrees>43.141214</LatitudeDegrees><LongitudeDegrees>-1.247183</LongitudeDegrees></Position><AltitudeMeters>218.0</AltitudeMeters></Trackpoint>
   <Trackpoint><DistanceMeters>3702.2</DistanceMeters><Position><LatitudeDegrees>43.140919</LatitudeDegrees><LongitudeDegrees>-1.247198</LongitudeDegrees></Position><AltitudeMeters>222.2</AltitudeMeters></Trackpoint>
   <Trackpoint><DistanceMeters>3748.5</DistanceMeters><Position><LatitudeDegrees>43.140505</LatitudeDegrees><LongitudeDegrees>-1.247197</LongitudeDegrees></Position><AltitudeMeters>231.0</AltitudeMeters></Trackpoint>
   <Trackpoint><DistanceMeters>3814.7</DistanceMeters><Position><LatitudeDegrees>43.139948</LatitudeDegrees><LongitudeDegrees>-1.247459</LongitudeDegrees></Position><AltitudeMeters>239.5</AltitudeMeters></Trackpoint>
   <Trackpoint><DistanceMeters>3871.3</DistanceMeters><Position><LatitudeDegrees>43.139519</LatitudeDegrees><LongitudeDegrees>-1.247835</LongitudeDegrees></Position><AltitudeMeters>248.0</AltitudeMeters></Trackpoint>
   <Trackpoint><DistanceMeters>3911.6</DistanceMeters><Position><LatitudeDegrees>43.139172</LatitudeDegrees><LongitudeDegrees>-1.247968</LongitudeDegrees></Position><AltitudeMeters>252.8</AltitudeMeters></Trackpoint>
   <Trackpoint><DistanceMeters>3960.5</DistanceMeters><Position><LatitudeDegrees>43.138733</LatitudeDegrees><LongitudeDegrees>-1.248006</LongitudeDegrees></Position><AltitudeMeters>260.5</AltitudeMeters></Trackpoint>
   <Trackpoint><DistanceMeters>4044.2</DistanceMeters><Position><LatitudeDegrees>43.137983</LatitudeDegrees><LongitudeDegrees>-1.248081</LongitudeDegrees></Position><AltitudeMeters>274.2</AltitudeMeters></Trackpoint>
   <Trackpoint><DistanceMeters>4113.8</DistanceMeters><Position><LatitudeDegrees>43.137357</LatitudeDegrees><LongitudeDegrees>-1.248105</LongitudeDegrees></Position><AltitudeMeters>281.5</AltitudeMeters></Trackpoint>
   <Trackpoint><DistanceMeters>4144.6</DistanceMeters><Position><LatitudeDegrees>43.137081</LatitudeDegrees><LongitudeDegrees>-1.248112</LongitudeDegrees></Position><AltitudeMeters>284.0</AltitudeMeters></Trackpoint>
   <Trackpoint><DistanceMeters>4196.2</DistanceMeters><Position><LatitudeDegrees>43.136636</LatitudeDegrees><LongitudeDegrees>-1.248227</LongitudeDegrees></Position><AltitudeMeters>285.5</AltitudeMeters></Trackpoint>
   <Trackpoint><DistanceMeters>4275.7</DistanceMeters><Position><LatitudeDegrees>43.135924</LatitudeDegrees><LongitudeDegrees>-1.248298</LongitudeDegrees></Position><AltitudeMeters>292.8</AltitudeMeters></Trackpoint>
   <Trackpoint><DistanceMeters>4310.0</DistanceMeters><Position><LatitudeDegrees>43.135616</LatitudeDegrees><LongitudeDegrees>-1.248321</LongitudeDegrees></Position><AltitudeMeters>297.0</AltitudeMeters></Trackpoint>
   <Trackpoint><DistanceMeters>4341.0</DistanceMeters><Position><LatitudeDegrees>43.135340</LatitudeDegrees><LongitudeDegrees>-1.248266</LongitudeDegrees></Position><AltitudeMeters>300.8</AltitudeMeters></Trackpoint>
   <Trackpoint><DistanceMeters>4390.7</DistanceMeters><Position><LatitudeDegrees>43.134915</LatitudeDegrees><LongitudeDegrees>-1.248077</LongitudeDegrees></Position><AltitudeMeters>308.0</AltitudeMeters></Trackpoint>
   <Trackpoint><DistanceMeters>4474.2</DistanceMeters><Position><LatitudeDegrees>43.134220</LatitudeDegrees><LongitudeDegrees>-1.247688</LongitudeDegrees></Position><AltitudeMeters>319.0</AltitudeMeters></Trackpoint>
   <Trackpoint><DistanceMeters>4530.0</DistanceMeters><Position><LatitudeDegrees>43.133744</LatitudeDegrees><LongitudeDegrees>-1.247471</LongitudeDegrees></Position><AltitudeMeters>324.5</AltitudeMeters></Trackpoint>
   <Trackpoint><DistanceMeters>4603.9</DistanceMeters><Position><LatitudeDegrees>43.133150</LatitudeDegrees><LongitudeDegrees>-1.247064</LongitudeDegrees></Position><AltitudeMeters>336.2</AltitudeMeters></Trackpoint>
   <Trackpoint><DistanceMeters>4640.5</DistanceMeters><Position><LatitudeDegrees>43.132850</LatitudeDegrees><LongitudeDegrees>-1.246880</LongitudeDegrees></Position><AltitudeMeters>341.0</AltitudeMeters></Trackpoint>
   <Trackpoint><DistanceMeters>4702.0</DistanceMeters><Position><LatitudeDegrees>43.132326</LatitudeDegrees><LongitudeDegrees>-1.246637</LongitudeDegrees></Position><AltitudeMeters>349.0</AltitudeMeters></Trackpoint>
   <Trackpoint><DistanceMeters>4751.9</DistanceMeters><Position><LatitudeDegrees>43.131924</LatitudeDegrees><LongitudeDegrees>-1.246370</LongitudeDegrees></Position><AltitudeMeters>353.5</AltitudeMeters></Trackpoint>
   <Trackpoint><DistanceMeters>4790.5</DistanceMeters><Position><LatitudeDegrees>43.131582</LatitudeDegrees><LongitudeDegrees>-1.246298</LongitudeDegrees></Position><AltitudeMeters>360.8</AltitudeMeters></Trackpoint>
   <Trackpoint><DistanceMeters>4855.3</DistanceMeters><Position><LatitudeDegrees>43.131081</LatitudeDegrees><LongitudeDegrees>-1.245907</LongitudeDegrees></Position><AltitudeMeters>375.2</AltitudeMeters></Trackpoint>
   <Trackpoint><DistanceMeters>4934.7</DistanceMeters><Position><LatitudeDegrees>43.130482</LatitudeDegrees><LongitudeDegrees>-1.245373</LongitudeDegrees></Position><AltitudeMeters>387.0</AltitudeMeters></Trackpoint>
   <Trackpoint><DistanceMeters>4977.9</DistanceMeters><Position><LatitudeDegrees>43.130160</LatitudeDegrees><LongitudeDegrees>-1.245166</LongitudeDegrees></Position><AltitudeMeters>390.5</AltitudeMeters></Trackpoint>
   <Trackpoint><DistanceMeters>5082.3</DistanceMeters><Position><LatitudeDegrees>43.129286</LatitudeDegrees><LongitudeDegrees>-1.244703</LongitudeDegrees></Position><AltitudeMeters>402.0</AltitudeMeters></Trackpoint>
   <Trackpoint><DistanceMeters>5128.0</DistanceMeters><Position><LatitudeDegrees>43.128890</LatitudeDegrees><LongitudeDegrees>-1.244557</LongitudeDegrees></Position><AltitudeMeters>408.0</AltitudeMeters></Trackpoint>
   <Trackpoint><DistanceMeters>5165.2</DistanceMeters><Position><LatitudeDegrees>43.128575</LatitudeDegrees><LongitudeDegrees>-1.244402</LongitudeDegrees></Position><AltitudeMeters>412.8</AltitudeMeters></Trackpoint>
   <Trackpoint><DistanceMeters>5223.0</DistanceMeters><Position><LatitudeDegrees>43.128070</LatitudeDegrees><LongitudeDegrees>-1.244236</LongitudeDegrees></Position><AltitudeMeters>421.2</AltitudeMeters></Trackpoint>
   <Trackpoint><DistanceMeters>5276.0</DistanceMeters><Position><LatitudeDegrees>43.127594</LatitudeDegrees><LongitudeDegrees>-1.244208</LongitudeDegrees></Position><AltitudeMeters>430.5</AltitudeMeters></Trackpoint>
   <Trackpoint><DistanceMeters>5336.6</DistanceMeters><Position><LatitudeDegrees>43.127051</LatitudeDegrees><LongitudeDegrees>-1.244268</LongitudeDegrees></Position><AltitudeMeters>441.0</AltitudeMeters></Trackpoint>
   <Trackpoint><DistanceMeters>5372.6</DistanceMeters><Position><LatitudeDegrees>43.126729</LatitudeDegrees><LongitudeDegrees>-1.244315</LongitudeDegrees></Position><AltitudeMeters>445.5</AltitudeMeters></Trackpoint>
   <Trackpoint><DistanceMeters>5456.4</DistanceMeters><Position><LatitudeDegrees>43.126005</LatitudeDegrees><LongitudeDegrees>-1.244597</LongitudeDegrees></Position><AltitudeMeters>460.0</AltitudeMeters></Trackpoint>
   <Trackpoint><DistanceMeters>5544.9</DistanceMeters><Position><LatitudeDegrees>43.125214</LatitudeDegrees><LongitudeDegrees>-1.244719</LongitudeDegrees></Position><AltitudeMeters>473.8</AltitudeMeters></Trackpoint>
   <Trackpoint><DistanceMeters>5575.3</DistanceMeters><Position><LatitudeDegrees>43.124942</LatitudeDegrees><LongitudeDegrees>-1.244729</LongitudeDegrees></Position><AltitudeMeters>478.0</AltitudeMeters></Trackpoint>
   <Trackpoint><DistanceMeters>5608.5</DistanceMeters><Position><LatitudeDegrees>43.124661</LatitudeDegrees><LongitudeDegrees>-1.244867</LongitudeDegrees></Position><AltitudeMeters>485.0</AltitudeMeters></Trackpoint>
   <Trackpoint><DistanceMeters>5647.8</DistanceMeters><Position><LatitudeDegrees>43.124314</LatitudeDegrees><LongitudeDegrees>-1.244953</LongitudeDegrees></Position><AltitudeMeters>489.2</AltitudeMeters></Trackpoint>
   <Trackpoint><DistanceMeters>5678.4</DistanceMeters><Position><LatitudeDegrees>43.124050</LatitudeDegrees><LongitudeDegrees>-1.245057</LongitudeDegrees></Position><AltitudeMeters>495.8</AltitudeMeters></Trackpoint>
   <Trackpoint><DistanceMeters>5722.6</DistanceMeters><Position><LatitudeDegrees>43.123685</LatitudeDegrees><LongitudeDegrees>-1.244848</LongitudeDegrees></Position><AltitudeMeters>503.8</AltitudeMeters></Trackpoint>
   <Trackpoint><DistanceMeters>5756.5</DistanceMeters><Position><LatitudeDegrees>43.123385</LatitudeDegrees><LongitudeDegrees>-1.244775</LongitudeDegrees></Position><AltitudeMeters>510.0</AltitudeMeters></Trackpoint>
   <Trackpoint><DistanceMeters>5788.8</DistanceMeters><Position><LatitudeDegrees>43.123102</LatitudeDegrees><LongitudeDegrees>-1.244697</LongitudeDegrees></Position><AltitudeMeters>515.2</AltitudeMeters></Trackpoint>
   <Trackpoint><DistanceMeters>5826.9</DistanceMeters><Position><LatitudeDegrees>43.122790</LatitudeDegrees><LongitudeDegrees>-1.244502</LongitudeDegrees></Position><AltitudeMeters>522.0</AltitudeMeters></Trackpoint>
   <Trackpoint><DistanceMeters>5868.5</DistanceMeters><Position><LatitudeDegrees>43.122483</LatitudeDegrees><LongitudeDegrees>-1.244212</LongitudeDegrees></Position><AltitudeMeters>528.8</AltitudeMeters></Trackpoint>
   <Trackpoint><DistanceMeters>5923.4</DistanceMeters><Position><LatitudeDegrees>43.122034</LatitudeDegrees><LongitudeDegrees>-1.243934</LongitudeDegrees></Position><AltitudeMeters>537.0</AltitudeMeters></Trackpoint>
   <Trackpoint><DistanceMeters>5961.0</DistanceMeters><Position><LatitudeDegrees>43.121723</LatitudeDegrees><LongitudeDegrees>-1.243773</LongitudeDegrees></Position><AltitudeMeters>542.5</AltitudeMeters></Trackpoint>
   <Trackpoint><DistanceMeters>5992.6</DistanceMeters><Position><LatitudeDegrees>43.121492</LatitudeDegrees><LongitudeDegrees>-1.243987</LongitudeDegrees></Position><AltitudeMeters>546.5</AltitudeMeters></Trackpoint>
   <Trackpoint><DistanceMeters>6033.2</DistanceMeters><Position><LatitudeDegrees>43.121209</LatitudeDegrees><LongitudeDegrees>-1.244297</LongitudeDegrees></Position><AltitudeMeters>547.5</AltitudeMeters></Trackpoint>
   <Trackpoint><DistanceMeters>6064.6</DistanceMeters><Position><LatitudeDegrees>43.120937</LatitudeDegrees><LongitudeDegrees>-1.244400</LongitudeDegrees></Position><AltitudeMeters>548.8</AltitudeMeters></Trackpoint>
   <Trackpoint><DistanceMeters>6105.4</DistanceMeters><Position><LatitudeDegrees>43.120578</LatitudeDegrees><LongitudeDegrees>-1.244502</LongitudeDegrees></Position><AltitudeMeters>550.5</AltitudeMeters></Trackpoint>
   <Trackpoint><DistanceMeters>6141.9</DistanceMeters><Position><LatitudeDegrees>43.120250</LatitudeDegrees><LongitudeDegrees>-1.244508</LongitudeDegrees></Position><AltitudeMeters>554.0</AltitudeMeters></Trackpoint>
   <Trackpoint><DistanceMeters>6174.5</DistanceMeters><Position><LatitudeDegrees>43.119971</LatitudeDegrees><LongitudeDegrees>-1.244384</LongitudeDegrees></Position><AltitudeMeters>558.5</AltitudeMeters></Trackpoint>
   <Trackpoint><DistanceMeters>6220.9</DistanceMeters><Position><LatitudeDegrees>43.119594</LatitudeDegrees><LongitudeDegrees>-1.244139</LongitudeDegrees></Position><AltitudeMeters>564.2</AltitudeMeters></Trackpoint>
   <Trackpoint><DistanceMeters>6295.2</DistanceMeters><Position><LatitudeDegrees>43.119079</LatitudeDegrees><LongitudeDegrees>-1.243559</LongitudeDegrees></Position><AltitudeMeters>575.8</AltitudeMeters></Trackpoint>
   <Trackpoint><DistanceMeters>6400.7</DistanceMeters><Position><LatitudeDegrees>43.118354</LatitudeDegrees><LongitudeDegrees>-1.242720</LongitudeDegrees></Position><AltitudeMeters>589.8</AltitudeMeters></Trackpoint>
   <Trackpoint><DistanceMeters>6482.6</DistanceMeters><Position><LatitudeDegrees>43.117807</LatitudeDegrees><LongitudeDegrees>-1.242045</LongitudeDegrees></Position><AltitudeMeters>598.0</AltitudeMeters></Trackpoint>
   <Trackpoint><DistanceMeters>6530.2</DistanceMeters><Position><LatitudeDegrees>43.117445</LatitudeDegrees><LongitudeDegrees>-1.241732</LongitudeDegrees></Position><AltitudeMeters>603.2</AltitudeMeters></Trackpoint>
   <Trackpoint><DistanceMeters>6607.4</DistanceMeters><Position><LatitudeDegrees>43.116765</LatitudeDegrees><LongitudeDegrees>-1.241772</LongitudeDegrees></Position><AltitudeMeters>609.8</AltitudeMeters></Trackpoint>
   <Trackpoint><DistanceMeters>6776.5</DistanceMeters><Position><LatitudeDegrees>43.115244</LatitudeDegrees><LongitudeDegrees>-1.241742</LongitudeDegrees></Position><AltitudeMeters>628.8</AltitudeMeters></Trackpoint>
   <Trackpoint><DistanceMeters>6854.1</DistanceMeters><Position><LatitudeDegrees>43.114550</LatitudeDegrees><LongitudeDegrees>-1.241840</LongitudeDegrees></Position><AltitudeMeters>639.0</AltitudeMeters></Trackpoint>
   <Trackpoint><DistanceMeters>6968.4</DistanceMeters><Position><LatitudeDegrees>43.115090</LatitudeDegrees><LongitudeDegrees>-1.241345</LongitudeDegrees></Position><AltitudeMeters>654.0</AltitudeMeters></Trackpoint>
   <Trackpoint><DistanceMeters>7042.3</DistanceMeters><Position><LatitudeDegrees>43.115721</LatitudeDegrees><LongitudeDegrees>-1.241061</LongitudeDegrees></Position><AltitudeMeters>663.5</AltitudeMeters></Trackpoint>
   <Trackpoint><DistanceMeters>7127.3</DistanceMeters><Position><LatitudeDegrees>43.116441</LatitudeDegrees><LongitudeDegrees>-1.240708</LongitudeDegrees></Position><AltitudeMeters>671.5</AltitudeMeters></Trackpoint>
   <Trackpoint><DistanceMeters>7233.3</DistanceMeters><Position><LatitudeDegrees>43.117277</LatitudeDegrees><LongitudeDegrees>-1.240081</LongitudeDegrees></Position><AltitudeMeters>686.5</AltitudeMeters></Trackpoint>
   <Trackpoint><DistanceMeters>7285.1</DistanceMeters><Position><LatitudeDegrees>43.117730</LatitudeDegrees><LongitudeDegrees>-1.239930</LongitudeDegrees></Position><AltitudeMeters>692.8</AltitudeMeters></Trackpoint>
   <Trackpoint><DistanceMeters>7315.5</DistanceMeters><Position><LatitudeDegrees>43.117942</LatitudeDegrees><LongitudeDegrees>-1.239716</LongitudeDegrees></Position><AltitudeMeters>696.2</AltitudeMeters></Trackpoint>
   <Trackpoint><DistanceMeters>7346.8</DistanceMeters><Position><LatitudeDegrees>43.118066</LatitudeDegrees><LongitudeDegrees>-1.239371</LongitudeDegrees></Position><AltitudeMeters>700.8</AltitudeMeters></Trackpoint>
   <Trackpoint><DistanceMeters>7385.2</DistanceMeters><Position><LatitudeDegrees>43.118077</LatitudeDegrees><LongitudeDegrees>-1.238904</LongitudeDegrees></Position><AltitudeMeters>707.0</AltitudeMeters></Trackpoint>
   <Trackpoint><DistanceMeters>7418.8</DistanceMeters><Position><LatitudeDegrees>43.117913</LatitudeDegrees><LongitudeDegrees>-1.238558</LongitudeDegrees></Position><AltitudeMeters>713.5</AltitudeMeters></Trackpoint>
   <Trackpoint><DistanceMeters>7457.6</DistanceMeters><Position><LatitudeDegrees>43.117630</LatitudeDegrees><LongitudeDegrees>-1.238286</LongitudeDegrees></Position><AltitudeMeters>720.5</AltitudeMeters></Trackpoint>
   <Trackpoint><DistanceMeters>7500.4</DistanceMeters><Position><LatitudeDegrees>43.117255</LatitudeDegrees><LongitudeDegrees>-1.238173</LongitudeDegrees></Position><AltitudeMeters>729.5</AltitudeMeters></Trackpoint>
   <Trackpoint><DistanceMeters>7545.9</DistanceMeters><Position><LatitudeDegrees>43.116872</LatitudeDegrees><LongitudeDegrees>-1.237979</LongitudeDegrees></Position><AltitudeMeters>735.2</AltitudeMeters></Trackpoint>
   <Trackpoint><DistanceMeters>7634.1</DistanceMeters><Position><LatitudeDegrees>43.116111</LatitudeDegrees><LongitudeDegrees>-1.237672</LongitudeDegrees></Position><AltitudeMeters>750.8</AltitudeMeters></Trackpoint>
   <Trackpoint><DistanceMeters>7676.6</DistanceMeters><Position><LatitudeDegrees>43.115733</LatitudeDegrees><LongitudeDegrees>-1.237600</LongitudeDegrees></Position><AltitudeMeters>757.5</AltitudeMeters></Trackpoint>
   <Trackpoint><DistanceMeters>7726.5</DistanceMeters><Position><LatitudeDegrees>43.115284</LatitudeDegrees><LongitudeDegrees>-1.237573</LongitudeDegrees></Position><AltitudeMeters>765.5</AltitudeMeters></Trackpoint>
   <Trackpoint><DistanceMeters>7786.7</DistanceMeters><Position><LatitudeDegrees>43.114744</LatitudeDegrees><LongitudeDegrees>-1.237611</LongitudeDegrees></Position><AltitudeMeters>773.8</AltitudeMeters></Trackpoint>
   <Trackpoint><DistanceMeters>7828.8</DistanceMeters><Position><LatitudeDegrees>43.114369</LatitudeDegrees><LongitudeDegrees>-1.237682</LongitudeDegrees></Position><AltitudeMeters>778.2</AltitudeMeters></Trackpoint>
   <Trackpoint><DistanceMeters>7861.1</DistanceMeters><Position><LatitudeDegrees>43.114082</LatitudeDegrees><LongitudeDegrees>-1.237627</LongitudeDegrees></Position><AltitudeMeters>782.2</AltitudeMeters></Trackpoint>
   <Trackpoint><DistanceMeters>7953.6</DistanceMeters><Position><LatitudeDegrees>43.113279</LatitudeDegrees><LongitudeDegrees>-1.237328</LongitudeDegrees></Position><AltitudeMeters>792.5</AltitudeMeters></Trackpoint>
   <Trackpoint><DistanceMeters>8011.7</DistanceMeters><Position><LatitudeDegrees>43.112764</LatitudeDegrees><LongitudeDegrees>-1.237214</LongitudeDegrees></Position><AltitudeMeters>798.8</AltitudeMeters></Trackpoint>
   <Trackpoint><DistanceMeters>8053.3</DistanceMeters><Position><LatitudeDegrees>43.112391</LatitudeDegrees><LongitudeDegrees>-1.237252</LongitudeDegrees></Position><AltitudeMeters>802.2</AltitudeMeters></Trackpoint>
   <Trackpoint><DistanceMeters>8098.7</DistanceMeters><Position><LatitudeDegrees>43.112012</LatitudeDegrees><LongitudeDegrees>-1.237449</LongitudeDegrees></Position><AltitudeMeters>800.2</AltitudeMeters></Trackpoint>
   <Trackpoint><DistanceMeters>8204.4</DistanceMeters><Position><LatitudeDegrees>43.111132</LatitudeDegrees><LongitudeDegrees>-1.237939</LongitudeDegrees></Position><AltitudeMeters>797.0</AltitudeMeters></Trackpoint>
   <Trackpoint><DistanceMeters>8235.2</DistanceMeters><Position><LatitudeDegrees>43.110864</LatitudeDegrees><LongitudeDegrees>-1.238035</LongitudeDegrees></Position><AltitudeMeters>795.8</AltitudeMeters></Trackpoint>
   <Trackpoint><DistanceMeters>8303.8</DistanceMeters><Position><LatitudeDegrees>43.110251</LatitudeDegrees><LongitudeDegrees>-1.238130</LongitudeDegrees></Position><AltitudeMeters>792.0</AltitudeMeters></Trackpoint>
   <Trackpoint><DistanceMeters>8341.2</DistanceMeters><Position><LatitudeDegrees>43.109921</LatitudeDegrees><LongitudeDegrees>-1.238219</LongitudeDegrees></Position><AltitudeMeters>791.2</AltitudeMeters></Trackpoint>
   <Trackpoint><DistanceMeters>8384.1</DistanceMeters><Position><LatitudeDegrees>43.109560</LatitudeDegrees><LongitudeDegrees>-1.238402</LongitudeDegrees></Position><AltitudeMeters>791.2</AltitudeMeters></Trackpoint>
   <Trackpoint><DistanceMeters>8418.4</DistanceMeters><Position><LatitudeDegrees>43.109293</LatitudeDegrees><LongitudeDegrees>-1.238614</LongitudeDegrees></Position><AltitudeMeters>791.2</AltitudeMeters></Trackpoint>
   <Trackpoint><DistanceMeters>8465.3</DistanceMeters><Position><LatitudeDegrees>43.108984</LatitudeDegrees><LongitudeDegrees>-1.239005</LongitudeDegrees></Position><AltitudeMeters>792.8</AltitudeMeters></Trackpoint>
   <Trackpoint><DistanceMeters>8516.7</DistanceMeters><Position><LatitudeDegrees>43.108556</LatitudeDegrees><LongitudeDegrees>-1.239191</LongitudeDegrees></Position><AltitudeMeters>795.5</AltitudeMeters></Trackpoint>
   <Trackpoint><DistanceMeters>8572.9</DistanceMeters><Position><LatitudeDegrees>43.108076</LatitudeDegrees><LongitudeDegrees>-1.239406</LongitudeDegrees></Position><AltitudeMeters>800.8</AltitudeMeters></Trackpoint>
   <Trackpoint><DistanceMeters>8679.5</DistanceMeters><Position><LatitudeDegrees>43.107120</LatitudeDegrees><LongitudeDegrees>-1.239374</LongitudeDegrees></Position><AltitudeMeters>813.8</AltitudeMeters></Trackpoint>
   <Trackpoint><DistanceMeters>8729.9</DistanceMeters><Position><LatitudeDegrees>43.106673</LatitudeDegrees><LongitudeDegrees>-1.239456</LongitudeDegrees></Position><AltitudeMeters>822.2</AltitudeMeters></Trackpoint>
   <Trackpoint><DistanceMeters>8761.4</DistanceMeters><Position><LatitudeDegrees>43.106490</LatitudeDegrees><LongitudeDegrees>-1.239219</LongitudeDegrees></Position><AltitudeMeters>824.5</AltitudeMeters></Trackpoint>
   <Trackpoint><DistanceMeters>8836.8</DistanceMeters><Position><LatitudeDegrees>43.106412</LatitudeDegrees><LongitudeDegrees>-1.238296</LongitudeDegrees></Position><AltitudeMeters>830.5</AltitudeMeters></Trackpoint>
   <Trackpoint><DistanceMeters>8876.1</DistanceMeters><Position><LatitudeDegrees>43.106173</LatitudeDegrees><LongitudeDegrees>-1.237968</LongitudeDegrees></Position><AltitudeMeters>834.8</AltitudeMeters></Trackpoint>
   <Trackpoint><DistanceMeters>8915.3</DistanceMeters><Position><LatitudeDegrees>43.105826</LatitudeDegrees><LongitudeDegrees>-1.237887</LongitudeDegrees></Position><AltitudeMeters>839.8</AltitudeMeters></Trackpoint>
   <Trackpoint><DistanceMeters>8972.9</DistanceMeters><Position><LatitudeDegrees>43.105365</LatitudeDegrees><LongitudeDegrees>-1.238173</LongitudeDegrees></Position><AltitudeMeters>845.0</AltitudeMeters></Trackpoint>
   <Trackpoint><DistanceMeters>9116.4</DistanceMeters><Position><LatitudeDegrees>43.104390</LatitudeDegrees><LongitudeDegrees>-1.239330</LongitudeDegrees></Position><AltitudeMeters>853.8</AltitudeMeters></Trackpoint>
   <Trackpoint><DistanceMeters>9175.1</DistanceMeters><Position><LatitudeDegrees>43.103937</LatitudeDegrees><LongitudeDegrees>-1.239698</LongitudeDegrees></Position><AltitudeMeters>855.8</AltitudeMeters></Trackpoint>
   <Trackpoint><DistanceMeters>9205.7</DistanceMeters><Position><LatitudeDegrees>43.103679</LatitudeDegrees><LongitudeDegrees>-1.239827</LongitudeDegrees></Position><AltitudeMeters>857.0</AltitudeMeters></Trackpoint>
   <Trackpoint><DistanceMeters>9252.4</DistanceMeters><Position><LatitudeDegrees>43.103264</LatitudeDegrees><LongitudeDegrees>-1.239915</LongitudeDegrees></Position><AltitudeMeters>861.0</AltitudeMeters></Trackpoint>
   <Trackpoint><DistanceMeters>9288.0</DistanceMeters><Position><LatitudeDegrees>43.102945</LatitudeDegrees><LongitudeDegrees>-1.239915</LongitudeDegrees></Position><AltitudeMeters>865.0</AltitudeMeters></Trackpoint>
   <Trackpoint><DistanceMeters>9325.7</DistanceMeters><Position><LatitudeDegrees>43.102612</LatitudeDegrees><LongitudeDegrees>-1.239831</LongitudeDegrees></Position><AltitudeMeters>870.5</AltitudeMeters></Trackpoint>
   <Trackpoint><DistanceMeters>9357.4</DistanceMeters><Position><LatitudeDegrees>43.102327</LatitudeDegrees><LongitudeDegrees>-1.239810</LongitudeDegrees></Position><AltitudeMeters>874.2</AltitudeMeters></Trackpoint>
   <Trackpoint><DistanceMeters>9405.7</DistanceMeters><Position><LatitudeDegrees>43.101899</LatitudeDegrees><LongitudeDegrees>-1.239906</LongitudeDegrees></Position><AltitudeMeters>876.2</AltitudeMeters></Trackpoint>
   <Trackpoint><DistanceMeters>9481.5</DistanceMeters><Position><LatitudeDegrees>43.101224</LatitudeDegrees><LongitudeDegrees>-1.240038</LongitudeDegrees></Position><AltitudeMeters>880.5</AltitudeMeters></Trackpoint>
   <Trackpoint><DistanceMeters>9571.3</DistanceMeters><Position><LatitudeDegrees>43.100459</LatitudeDegrees><LongitudeDegrees>-1.240391</LongitudeDegrees></Position><AltitudeMeters>884.2</AltitudeMeters></Trackpoint>
   <Trackpoint><DistanceMeters>9615.8</DistanceMeters><Position><LatitudeDegrees>43.100078</LatitudeDegrees><LongitudeDegrees>-1.240561</LongitudeDegrees></Position><AltitudeMeters>886.2</AltitudeMeters></Trackpoint>
   <Trackpoint><DistanceMeters>9657.7</DistanceMeters><Position><LatitudeDegrees>43.099711</LatitudeDegrees><LongitudeDegrees>-1.240677</LongitudeDegrees></Position><AltitudeMeters>889.5</AltitudeMeters></Trackpoint>
   <Trackpoint><DistanceMeters>9689.5</DistanceMeters><Position><LatitudeDegrees>43.099427</LatitudeDegrees><LongitudeDegrees>-1.240723</LongitudeDegrees></Position><AltitudeMeters>892.0</AltitudeMeters></Trackpoint>
   <Trackpoint><DistanceMeters>9757.1</DistanceMeters><Position><LatitudeDegrees>43.098843</LatitudeDegrees><LongitudeDegrees>-1.240950</LongitudeDegrees></Position><AltitudeMeters>898.2</AltitudeMeters></Trackpoint>
   <Trackpoint><DistanceMeters>9814.6</DistanceMeters><Position><LatitudeDegrees>43.098342</LatitudeDegrees><LongitudeDegrees>-1.241122</LongitudeDegrees></Position><AltitudeMeters>904.5</AltitudeMeters></Trackpoint>
   <Trackpoint><DistanceMeters>9856.7</DistanceMeters><Position><LatitudeDegrees>43.097995</LatitudeDegrees><LongitudeDegrees>-1.241328</LongitudeDegrees></Position><AltitudeMeters>910.8</AltitudeMeters></Trackpoint>
   <Trackpoint><DistanceMeters>9902.6</DistanceMeters><Position><LatitudeDegrees>43.097591</LatitudeDegrees><LongitudeDegrees>-1.241426</LongitudeDegrees></Position><AltitudeMeters>916.5</AltitudeMeters></Trackpoint>
   <Trackpoint><DistanceMeters>9980.6</DistanceMeters><Position><LatitudeDegrees>43.096931</LatitudeDegrees><LongitudeDegrees>-1.241720</LongitudeDegrees></Position><AltitudeMeters>925.2</AltitudeMeters></Trackpoint>
   <Trackpoint><DistanceMeters>10029.8</DistanceMeters><Position><LatitudeDegrees>43.096503</LatitudeDegrees><LongitudeDegrees>-1.241876</LongitudeDegrees></Position><AltitudeMeters>931.0</AltitudeMeters></Trackpoint>
   <Trackpoint><DistanceMeters>10062.7</DistanceMeters><Position><LatitudeDegrees>43.096220</LatitudeDegrees><LongitudeDegrees>-1.241995</LongitudeDegrees></Position><AltitudeMeters>933.8</AltitudeMeters></Trackpoint>
   <Trackpoint><DistanceMeters>10145.6</DistanceMeters><Position><LatitudeDegrees>43.095518</LatitudeDegrees><LongitudeDegrees>-1.242338</LongitudeDegrees></Position><AltitudeMeters>945.2</AltitudeMeters></Trackpoint>
   <Trackpoint><DistanceMeters>10177.7</DistanceMeters><Position><LatitudeDegrees>43.095231</LatitudeDegrees><LongitudeDegrees>-1.242379</LongitudeDegrees></Position><AltitudeMeters>950.0</AltitudeMeters></Trackpoint>
   <Trackpoint><DistanceMeters>10244.6</DistanceMeters><Position><LatitudeDegrees>43.094631</LatitudeDegrees><LongitudeDegrees>-1.242319</LongitudeDegrees></Position><AltitudeMeters>958.0</AltitudeMeters></Trackpoint>
   <Trackpoint><DistanceMeters>10281.0</DistanceMeters><Position><LatitudeDegrees>43.094304</LatitudeDegrees><LongitudeDegrees>-1.242332</LongitudeDegrees></Position><AltitudeMeters>962.5</AltitudeMeters></Trackpoint>
   <Trackpoint><DistanceMeters>10314.2</DistanceMeters><Position><LatitudeDegrees>43.094009</LatitudeDegrees><LongitudeDegrees>-1.242394</LongitudeDegrees></Position><AltitudeMeters>966.8</AltitudeMeters></Trackpoint>
   <Trackpoint><DistanceMeters>10349.6</DistanceMeters><Position><LatitudeDegrees>43.093702</LatitudeDegrees><LongitudeDegrees>-1.242509</LongitudeDegrees></Position><AltitudeMeters>970.8</AltitudeMeters></Trackpoint>
   <Trackpoint><DistanceMeters>10395.2</DistanceMeters><Position><LatitudeDegrees>43.093320</LatitudeDegrees><LongitudeDegrees>-1.242712</LongitudeDegrees></Position><AltitudeMeters>974.5</AltitudeMeters></Trackpoint>
   <Trackpoint><DistanceMeters>10440.5</DistanceMeters><Position><LatitudeDegrees>43.092943</LatitudeDegrees><LongitudeDegrees>-1.242924</LongitudeDegrees></Position><AltitudeMeters>978.2</AltitudeMeters></Trackpoint>
   <Trackpoint><DistanceMeters>10484.5</DistanceMeters><Position><LatitudeDegrees>43.092588</LatitudeDegrees><LongitudeDegrees>-1.243163</LongitudeDegrees></Position><AltitudeMeters>982.0</AltitudeMeters></Trackpoint>
   <Trackpoint><DistanceMeters>10530.9</DistanceMeters><Position><LatitudeDegrees>43.092244</LatitudeDegrees><LongitudeDegrees>-1.243485</LongitudeDegrees></Position><AltitudeMeters>985.0</AltitudeMeters></Trackpoint>
   <Trackpoint><DistanceMeters>10572.9</DistanceMeters><Position><LatitudeDegrees>43.091913</LatitudeDegrees><LongitudeDegrees>-1.243733</LongitudeDegrees></Position><AltitudeMeters>988.5</AltitudeMeters></Trackpoint>
   <Trackpoint><DistanceMeters>10633.0</DistanceMeters><Position><LatitudeDegrees>43.091407</LatitudeDegrees><LongitudeDegrees>-1.243995</LongitudeDegrees></Position><AltitudeMeters>992.8</AltitudeMeters></Trackpoint>
   <Trackpoint><DistanceMeters>10667.0</DistanceMeters><Position><LatitudeDegrees>43.091113</LatitudeDegrees><LongitudeDegrees>-1.244109</LongitudeDegrees></Position><AltitudeMeters>995.8</AltitudeMeters></Trackpoint>
   <Trackpoint><DistanceMeters>10699.9</DistanceMeters><Position><LatitudeDegrees>43.090825</LatitudeDegrees><LongitudeDegrees>-1.244202</LongitudeDegrees></Position><AltitudeMeters>998.2</AltitudeMeters></Trackpoint>
   <Trackpoint><DistanceMeters>10733.8</DistanceMeters><Position><LatitudeDegrees>43.090524</LatitudeDegrees><LongitudeDegrees>-1.244269</LongitudeDegrees></Position><AltitudeMeters>1000.2</AltitudeMeters></Trackpoint>
   <Trackpoint><DistanceMeters>10796.3</DistanceMeters><Position><LatitudeDegrees>43.089963</LatitudeDegrees><LongitudeDegrees>-1.244305</LongitudeDegrees></Position><AltitudeMeters>1004.2</AltitudeMeters></Trackpoint>
   <Trackpoint><DistanceMeters>10832.6</DistanceMeters><Position><LatitudeDegrees>43.089641</LatitudeDegrees><LongitudeDegrees>-1.244378</LongitudeDegrees></Position><AltitudeMeters>1005.8</AltitudeMeters></Trackpoint>
   <Trackpoint><DistanceMeters>10871.6</DistanceMeters><Position><LatitudeDegrees>43.089318</LatitudeDegrees><LongitudeDegrees>-1.244563</LongitudeDegrees></Position><AltitudeMeters>1007.5</AltitudeMeters></Trackpoint>
   <Trackpoint><DistanceMeters>10960.6</DistanceMeters><Position><LatitudeDegrees>43.088670</LatitudeDegrees><LongitudeDegrees>-1.245206</LongitudeDegrees></Position><AltitudeMeters>1014.8</AltitudeMeters></Trackpoint>
   <Trackpoint><DistanceMeters>10991.1</DistanceMeters><Position><LatitudeDegrees>43.088476</LatitudeDegrees><LongitudeDegrees>-1.245464</LongitudeDegrees></Position><AltitudeMeters>1019.5</AltitudeMeters></Trackpoint>
   <Trackpoint><DistanceMeters>11025.2</DistanceMeters><Position><LatitudeDegrees>43.088684</LatitudeDegrees><LongitudeDegrees>-1.245673</LongitudeDegrees></Position><AltitudeMeters>1018.8</AltitudeMeters></Trackpoint>
   <Trackpoint><DistanceMeters>11074.7</DistanceMeters><Position><LatitudeDegrees>43.089054</LatitudeDegrees><LongitudeDegrees>-1.245994</LongitudeDegrees></Position><AltitudeMeters>1024.0</AltitudeMeters></Trackpoint>
   <Trackpoint><DistanceMeters>11108.1</DistanceMeters><Position><LatitudeDegrees>43.089265</LatitudeDegrees><LongitudeDegrees>-1.246281</LongitudeDegrees></Position><AltitudeMeters>1028.2</AltitudeMeters></Trackpoint>
   <Trackpoint><DistanceMeters>11140.0</DistanceMeters><Position><LatitudeDegrees>43.089507</LatitudeDegrees><LongitudeDegrees>-1.246484</LongitudeDegrees></Position><AltitudeMeters>1030.8</AltitudeMeters></Trackpoint>
   <Trackpoint><DistanceMeters>11175.7</DistanceMeters><Position><LatitudeDegrees>43.089443</LatitudeDegrees><LongitudeDegrees>-1.246872</LongitudeDegrees></Position><AltitudeMeters>1034.5</AltitudeMeters></Trackpoint>
   <Trackpoint><DistanceMeters>11240.9</DistanceMeters><Position><LatitudeDegrees>43.088973</LatitudeDegrees><LongitudeDegrees>-1.247352</LongitudeDegrees></Position><AltitudeMeters>1039.0</AltitudeMeters></Trackpoint>
   <Trackpoint><DistanceMeters>11275.8</DistanceMeters><Position><LatitudeDegrees>43.088750</LatitudeDegrees><LongitudeDegrees>-1.247652</LongitudeDegrees></Position><AltitudeMeters>1040.2</AltitudeMeters></Trackpoint>
   <Trackpoint><DistanceMeters>11318.6</DistanceMeters><Position><LatitudeDegrees>43.088508</LatitudeDegrees><LongitudeDegrees>-1.248062</LongitudeDegrees></Position><AltitudeMeters>1045.0</AltitudeMeters></Trackpoint>
   <Trackpoint><DistanceMeters>11368.2</DistanceMeters><Position><LatitudeDegrees>43.088194</LatitudeDegrees><LongitudeDegrees>-1.248497</LongitudeDegrees></Position><AltitudeMeters>1048.8</AltitudeMeters></Trackpoint>
   <Trackpoint><DistanceMeters>11399.1</DistanceMeters><Position><LatitudeDegrees>43.088018</LatitudeDegrees><LongitudeDegrees>-1.248789</LongitudeDegrees></Position><AltitudeMeters>1051.2</AltitudeMeters></Trackpoint>
   <Trackpoint><DistanceMeters>11465.4</DistanceMeters><Position><LatitudeDegrees>43.087736</LatitudeDegrees><LongitudeDegrees>-1.249508</LongitudeDegrees></Position><AltitudeMeters>1057.5</AltitudeMeters></Trackpoint>
   <Trackpoint><DistanceMeters>11499.1</DistanceMeters><Position><LatitudeDegrees>43.087546</LatitudeDegrees><LongitudeDegrees>-1.249829</LongitudeDegrees></Position><AltitudeMeters>1059.5</AltitudeMeters></Trackpoint>
   <Trackpoint><DistanceMeters>11543.5</DistanceMeters><Position><LatitudeDegrees>43.087188</LatitudeDegrees><LongitudeDegrees>-1.250051</LongitudeDegrees></Position><AltitudeMeters>1062.5</AltitudeMeters></Trackpoint>
   <Trackpoint><DistanceMeters>11583.1</DistanceMeters><Position><LatitudeDegrees>43.086835</LatitudeDegrees><LongitudeDegrees>-1.250121</LongitudeDegrees></Position><AltitudeMeters>1066.8</AltitudeMeters></Trackpoint>
   <Trackpoint><DistanceMeters>11626.0</DistanceMeters><Position><LatitudeDegrees>43.086488</LatitudeDegrees><LongitudeDegrees>-1.250336</LongitudeDegrees></Position><AltitudeMeters>1072.0</AltitudeMeters></Trackpoint>
   <Trackpoint><DistanceMeters>11686.1</DistanceMeters><Position><LatitudeDegrees>43.086164</LatitudeDegrees><LongitudeDegrees>-1.250925</LongitudeDegrees></Position><AltitudeMeters>1076.5</AltitudeMeters></Trackpoint>
   <Trackpoint><DistanceMeters>11747.5</DistanceMeters><Position><LatitudeDegrees>43.085856</LatitudeDegrees><LongitudeDegrees>-1.251552</LongitudeDegrees></Position><AltitudeMeters>1083.0</AltitudeMeters></Trackpoint>
   <Trackpoint><DistanceMeters>11803.8</DistanceMeters><Position><LatitudeDegrees>43.085423</LatitudeDegrees><LongitudeDegrees>-1.251899</LongitudeDegrees></Position><AltitudeMeters>1088.0</AltitudeMeters></Trackpoint>
   <Trackpoint><DistanceMeters>11846.6</DistanceMeters><Position><LatitudeDegrees>43.085061</LatitudeDegrees><LongitudeDegrees>-1.252076</LongitudeDegrees></Position><AltitudeMeters>1089.8</AltitudeMeters></Trackpoint>
   <Trackpoint><DistanceMeters>11883.7</DistanceMeters><Position><LatitudeDegrees>43.084733</LatitudeDegrees><LongitudeDegrees>-1.252156</LongitudeDegrees></Position><AltitudeMeters>1091.2</AltitudeMeters></Trackpoint>
   <Trackpoint><DistanceMeters>11930.9</DistanceMeters><Position><LatitudeDegrees>43.084309</LatitudeDegrees><LongitudeDegrees>-1.252151</LongitudeDegrees></Position><AltitudeMeters>1091.5</AltitudeMeters></Trackpoint>
   <Trackpoint><DistanceMeters>12026.6</DistanceMeters><Position><LatitudeDegrees>43.083464</LatitudeDegrees><LongitudeDegrees>-1.251932</LongitudeDegrees></Position><AltitudeMeters>1092.8</AltitudeMeters></Trackpoint>
   <Trackpoint><DistanceMeters>12075.4</DistanceMeters><Position><LatitudeDegrees>43.083026</LatitudeDegrees><LongitudeDegrees>-1.251930</LongitudeDegrees></Position><AltitudeMeters>1093.2</AltitudeMeters></Trackpoint>
   <Trackpoint><DistanceMeters>12131.3</DistanceMeters><Position><LatitudeDegrees>43.082524</LatitudeDegrees><LongitudeDegrees>-1.251973</LongitudeDegrees></Position><AltitudeMeters>1094.2</AltitudeMeters></Trackpoint>
   <Trackpoint><DistanceMeters>12177.9</DistanceMeters><Position><LatitudeDegrees>43.082105</LatitudeDegrees><LongitudeDegrees>-1.251946</LongitudeDegrees></Position><AltitudeMeters>1094.8</AltitudeMeters></Trackpoint>
   <Trackpoint><DistanceMeters>12235.2</DistanceMeters><Position><LatitudeDegrees>43.081591</LatitudeDegrees><LongitudeDegrees>-1.251972</LongitudeDegrees></Position><AltitudeMeters>1095.0</AltitudeMeters></Trackpoint>
   <Trackpoint><DistanceMeters>12272.1</DistanceMeters><Position><LatitudeDegrees>43.081289</LatitudeDegrees><LongitudeDegrees>-1.252127</LongitudeDegrees></Position><AltitudeMeters>1096.5</AltitudeMeters></Trackpoint>
   <Trackpoint><DistanceMeters>12318.7</DistanceMeters><Position><LatitudeDegrees>43.081192</LatitudeDegrees><LongitudeDegrees>-1.252683</LongitudeDegrees></Position><AltitudeMeters>1100.2</AltitudeMeters></Trackpoint>
   <Trackpoint><DistanceMeters>12361.8</DistanceMeters><Position><LatitudeDegrees>43.081080</LatitudeDegrees><LongitudeDegrees>-1.253190</LongitudeDegrees></Position><AltitudeMeters>1104.2</AltitudeMeters></Trackpoint>
   <Trackpoint><DistanceMeters>12456.2</DistanceMeters><Position><LatitudeDegrees>43.080719</LatitudeDegrees><LongitudeDegrees>-1.254243</LongitudeDegrees></Position><AltitudeMeters>1111.2</AltitudeMeters></Trackpoint>
   <Trackpoint><DistanceMeters>12521.5</DistanceMeters><Position><LatitudeDegrees>43.080480</LatitudeDegrees><LongitudeDegrees>-1.254977</LongitudeDegrees></Position><AltitudeMeters>1115.8</AltitudeMeters></Trackpoint>
   <Trackpoint><DistanceMeters>12562.6</DistanceMeters><Position><LatitudeDegrees>43.080258</LatitudeDegrees><LongitudeDegrees>-1.255380</LongitudeDegrees></Position><AltitudeMeters>1120.5</AltitudeMeters></Trackpoint>
   <Trackpoint><DistanceMeters>12662.5</DistanceMeters><Position><LatitudeDegrees>43.079687</LatitudeDegrees><LongitudeDegrees>-1.256329</LongitudeDegrees></Position><AltitudeMeters>1128.0</AltitudeMeters></Trackpoint>
   <Trackpoint><DistanceMeters>12695.5</DistanceMeters><Position><LatitudeDegrees>43.079608</LatitudeDegrees><LongitudeDegrees>-1.256708</LongitudeDegrees></Position><AltitudeMeters>1131.8</AltitudeMeters></Trackpoint>
   <Trackpoint><DistanceMeters>12728.2</DistanceMeters><Position><LatitudeDegrees>43.079837</LatitudeDegrees><LongitudeDegrees>-1.256941</LongitudeDegrees></Position><AltitudeMeters>1133.8</AltitudeMeters></Trackpoint>
   <Trackpoint><DistanceMeters>12776.9</DistanceMeters><Position><LatitudeDegrees>43.080129</LatitudeDegrees><LongitudeDegrees>-1.257381</LongitudeDegrees></Position><AltitudeMeters>1137.0</AltitudeMeters></Trackpoint>
   <Trackpoint><DistanceMeters>12835.9</DistanceMeters><Position><LatitudeDegrees>43.080190</LatitudeDegrees><LongitudeDegrees>-1.258100</LongitudeDegrees></Position><AltitudeMeters>1137.0</AltitudeMeters></Trackpoint>
   <Trackpoint><DistanceMeters>12879.6</DistanceMeters><Position><LatitudeDegrees>43.080101</LatitudeDegrees><LongitudeDegrees>-1.258618</LongitudeDegrees></Position><AltitudeMeters>1134.0</AltitudeMeters></Trackpoint>
   <Trackpoint><DistanceMeters>12935.5</DistanceMeters><Position><LatitudeDegrees>43.079855</LatitudeDegrees><LongitudeDegrees>-1.259218</LongitudeDegrees></Position><AltitudeMeters>1129.2</AltitudeMeters></Trackpoint>
   <Trackpoint><DistanceMeters>12967.5</DistanceMeters><Position><LatitudeDegrees>43.079684</LatitudeDegrees><LongitudeDegrees>-1.259533</LongitudeDegrees></Position><AltitudeMeters>1127.0</AltitudeMeters></Trackpoint>
   <Trackpoint><DistanceMeters>12999.5</DistanceMeters><Position><LatitudeDegrees>43.079472</LatitudeDegrees><LongitudeDegrees>-1.259799</LongitudeDegrees></Position><AltitudeMeters>1124.8</AltitudeMeters></Trackpoint>
   <Trackpoint><DistanceMeters>13040.8</DistanceMeters><Position><LatitudeDegrees>43.079195</LatitudeDegrees><LongitudeDegrees>-1.260137</LongitudeDegrees></Position><AltitudeMeters>1123.0</AltitudeMeters></Trackpoint>
   <Trackpoint><DistanceMeters>13135.6</DistanceMeters><Position><LatitudeDegrees>43.078647</LatitudeDegrees><LongitudeDegrees>-1.261031</LongitudeDegrees></Position><AltitudeMeters>1116.0</AltitudeMeters></Trackpoint>
   <Trackpoint><DistanceMeters>13184.1</DistanceMeters><Position><LatitudeDegrees>43.078332</LatitudeDegrees><LongitudeDegrees>-1.261444</LongitudeDegrees></Position><AltitudeMeters>1113.2</AltitudeMeters></Trackpoint>
   <Trackpoint><DistanceMeters>13251.8</DistanceMeters><Position><LatitudeDegrees>43.077952</LatitudeDegrees><LongitudeDegrees>-1.262096</LongitudeDegrees></Position><AltitudeMeters>1110.8</AltitudeMeters></Trackpoint>
   <Trackpoint><DistanceMeters>13291.5</DistanceMeters><Position><LatitudeDegrees>43.077700</LatitudeDegrees><LongitudeDegrees>-1.262442</LongitudeDegrees></Position><AltitudeMeters>1112.8</AltitudeMeters></Trackpoint>
   <Trackpoint><DistanceMeters>13326.5</DistanceMeters><Position><LatitudeDegrees>43.077444</LatitudeDegrees><LongitudeDegrees>-1.262692</LongitudeDegrees></Position><AltitudeMeters>1113.2</AltitudeMeters></Trackpoint>
   <Trackpoint><DistanceMeters>13375.4</DistanceMeters><Position><LatitudeDegrees>43.077043</LatitudeDegrees><LongitudeDegrees>-1.262933</LongitudeDegrees></Position><AltitudeMeters>1113.2</AltitudeMeters></Trackpoint>
   <Trackpoint><DistanceMeters>13408.6</DistanceMeters><Position><LatitudeDegrees>43.076759</LatitudeDegrees><LongitudeDegrees>-1.263059</LongitudeDegrees></Position><AltitudeMeters>1112.5</AltitudeMeters></Trackpoint>
   <Trackpoint><DistanceMeters>13490.0</DistanceMeters><Position><LatitudeDegrees>43.076038</LatitudeDegrees><LongitudeDegrees>-1.263227</LongitudeDegrees></Position><AltitudeMeters>1112.8</AltitudeMeters></Trackpoint>
   <Trackpoint><DistanceMeters>13520.6</DistanceMeters><Position><LatitudeDegrees>43.075775</LatitudeDegrees><LongitudeDegrees>-1.263327</LongitudeDegrees></Position><AltitudeMeters>1113.0</AltitudeMeters></Trackpoint>
   <Trackpoint><DistanceMeters>13606.0</DistanceMeters><Position><LatitudeDegrees>43.075226</LatitudeDegrees><LongitudeDegrees>-1.264058</LongitudeDegrees></Position><AltitudeMeters>1116.8</AltitudeMeters></Trackpoint>
   <Trackpoint><DistanceMeters>13664.8</DistanceMeters><Position><LatitudeDegrees>43.074882</LatitudeDegrees><LongitudeDegrees>-1.264608</LongitudeDegrees></Position><AltitudeMeters>1118.2</AltitudeMeters></Trackpoint>
   <Trackpoint><DistanceMeters>13770.5</DistanceMeters><Position><LatitudeDegrees>43.074338</LatitudeDegrees><LongitudeDegrees>-1.265676</LongitudeDegrees></Position><AltitudeMeters>1124.8</AltitudeMeters></Trackpoint>
   <Trackpoint><DistanceMeters>13821.5</DistanceMeters><Position><LatitudeDegrees>43.074099</LatitudeDegrees><LongitudeDegrees>-1.266211</LongitudeDegrees></Position><AltitudeMeters>1127.8</AltitudeMeters></Trackpoint>
   <Trackpoint><DistanceMeters>13855.7</DistanceMeters><Position><LatitudeDegrees>43.073855</LatitudeDegrees><LongitudeDegrees>-1.266463</LongitudeDegrees></Position><AltitudeMeters>1130.8</AltitudeMeters></Trackpoint>
   <Trackpoint><DistanceMeters>13898.7</DistanceMeters><Position><LatitudeDegrees>43.073487</LatitudeDegrees><LongitudeDegrees>-1.266624</LongitudeDegrees></Position><AltitudeMeters>1136.0</AltitudeMeters></Trackpoint>
   <Trackpoint><DistanceMeters>13955.0</DistanceMeters><Position><LatitudeDegrees>43.072991</LatitudeDegrees><LongitudeDegrees>-1.266766</LongitudeDegrees></Position><AltitudeMeters>1140.5</AltitudeMeters></Trackpoint>
   <Trackpoint><DistanceMeters>14009.7</DistanceMeters><Position><LatitudeDegrees>43.072502</LatitudeDegrees><LongitudeDegrees>-1.266750</LongitudeDegrees></Position><AltitudeMeters>1143.8</AltitudeMeters></Trackpoint>
   <Trackpoint><DistanceMeters>14056.1</DistanceMeters><Position><LatitudeDegrees>43.072093</LatitudeDegrees><LongitudeDegrees>-1.266634</LongitudeDegrees></Position><AltitudeMeters>1146.8</AltitudeMeters></Trackpoint>
   <Trackpoint><DistanceMeters>14097.2</DistanceMeters><Position><LatitudeDegrees>43.071726</LatitudeDegrees><LongitudeDegrees>-1.266582</LongitudeDegrees></Position><AltitudeMeters>1149.2</AltitudeMeters></Trackpoint>
   <Trackpoint><DistanceMeters>14138.9</DistanceMeters><Position><LatitudeDegrees>43.071358</LatitudeDegrees><LongitudeDegrees>-1.266669</LongitudeDegrees></Position><AltitudeMeters>1152.0</AltitudeMeters></Trackpoint>
   <Trackpoint><DistanceMeters>14173.2</DistanceMeters><Position><LatitudeDegrees>43.071109</LatitudeDegrees><LongitudeDegrees>-1.266905</LongitudeDegrees></Position><AltitudeMeters>1155.5</AltitudeMeters></Trackpoint>
   <Trackpoint><DistanceMeters>14252.4</DistanceMeters><Position><LatitudeDegrees>43.071173</LatitudeDegrees><LongitudeDegrees>-1.267866</LongitudeDegrees></Position><AltitudeMeters>1164.2</AltitudeMeters></Trackpoint>
   <Trackpoint><DistanceMeters>14290.7</DistanceMeters><Position><LatitudeDegrees>43.071161</LatitudeDegrees><LongitudeDegrees>-1.268335</LongitudeDegrees></Position><AltitudeMeters>1167.5</AltitudeMeters></Trackpoint>
   <Trackpoint><DistanceMeters>14331.0</DistanceMeters><Position><LatitudeDegrees>43.071051</LatitudeDegrees><LongitudeDegrees>-1.268808</LongitudeDegrees></Position><AltitudeMeters>1171.8</AltitudeMeters></Trackpoint>
   <Trackpoint><DistanceMeters>14362.9</DistanceMeters><Position><LatitudeDegrees>43.070857</LatitudeDegrees><LongitudeDegrees>-1.269090</LongitudeDegrees></Position><AltitudeMeters>1174.0</AltitudeMeters></Trackpoint>
   <Trackpoint><DistanceMeters>14401.9</DistanceMeters><Position><LatitudeDegrees>43.070534</LatitudeDegrees><LongitudeDegrees>-1.269274</LongitudeDegrees></Position><AltitudeMeters>1176.8</AltitudeMeters></Trackpoint>
   <Trackpoint><DistanceMeters>14444.1</DistanceMeters><Position><LatitudeDegrees>43.070161</LatitudeDegrees><LongitudeDegrees>-1.269362</LongitudeDegrees></Position><AltitudeMeters>1181.8</AltitudeMeters></Trackpoint>
   <Trackpoint><DistanceMeters>14480.1</DistanceMeters><Position><LatitudeDegrees>43.069837</LatitudeDegrees><LongitudeDegrees>-1.269385</LongitudeDegrees></Position><AltitudeMeters>1185.2</AltitudeMeters></Trackpoint>
   <Trackpoint><DistanceMeters>14579.3</DistanceMeters><Position><LatitudeDegrees>43.068957</LatitudeDegrees><LongitudeDegrees>-1.269204</LongitudeDegrees></Position><AltitudeMeters>1190.5</AltitudeMeters></Trackpoint>
   <Trackpoint><DistanceMeters>14652.3</DistanceMeters><Position><LatitudeDegrees>43.068308</LatitudeDegrees><LongitudeDegrees>-1.269064</LongitudeDegrees></Position><AltitudeMeters>1195.2</AltitudeMeters></Trackpoint>
   <Trackpoint><DistanceMeters>14692.6</DistanceMeters><Position><LatitudeDegrees>43.067986</LatitudeDegrees><LongitudeDegrees>-1.268846</LongitudeDegrees></Position><AltitudeMeters>1196.5</AltitudeMeters></Trackpoint>
   <Trackpoint><DistanceMeters>14748.7</DistanceMeters><Position><LatitudeDegrees>43.067720</LatitudeDegrees><LongitudeDegrees>-1.268267</LongitudeDegrees></Position><AltitudeMeters>1195.5</AltitudeMeters></Trackpoint>
   <Trackpoint><DistanceMeters>14791.7</DistanceMeters><Position><LatitudeDegrees>43.067452</LatitudeDegrees><LongitudeDegrees>-1.267894</LongitudeDegrees></Position><AltitudeMeters>1192.8</AltitudeMeters></Trackpoint>
   <Trackpoint><DistanceMeters>14841.7</DistanceMeters><Position><LatitudeDegrees>43.067046</LatitudeDegrees><LongitudeDegrees>-1.267635</LongitudeDegrees></Position><AltitudeMeters>1190.8</AltitudeMeters></Trackpoint>
   <Trackpoint><DistanceMeters>14908.7</DistanceMeters><Position><LatitudeDegrees>43.066458</LatitudeDegrees><LongitudeDegrees>-1.267454</LongitudeDegrees></Position><AltitudeMeters>1191.2</AltitudeMeters></Trackpoint>
   <Trackpoint><DistanceMeters>14987.8</DistanceMeters><Position><LatitudeDegrees>43.065760</LatitudeDegrees><LongitudeDegrees>-1.267267</LongitudeDegrees></Position><AltitudeMeters>1192.0</AltitudeMeters></Trackpoint>
   <Trackpoint><DistanceMeters>15057.3</DistanceMeters><Position><LatitudeDegrees>43.065151</LatitudeDegrees><LongitudeDegrees>-1.267078</LongitudeDegrees></Position><AltitudeMeters>1192.0</AltitudeMeters></Trackpoint>
   <Trackpoint><DistanceMeters>15186.1</DistanceMeters><Position><LatitudeDegrees>43.064044</LatitudeDegrees><LongitudeDegrees>-1.266611</LongitudeDegrees></Position><AltitudeMeters>1194.2</AltitudeMeters></Trackpoint>
   <Trackpoint><DistanceMeters>15236.2</DistanceMeters><Position><LatitudeDegrees>43.063603</LatitudeDegrees><LongitudeDegrees>-1.266487</LongitudeDegrees></Position><AltitudeMeters>1194.5</AltitudeMeters></Trackpoint>
   <Trackpoint><DistanceMeters>15269.5</DistanceMeters><Position><LatitudeDegrees>43.063304</LatitudeDegrees><LongitudeDegrees>-1.266475</LongitudeDegrees></Position><AltitudeMeters>1193.2</AltitudeMeters></Trackpoint>
   <Trackpoint><DistanceMeters>15332.4</DistanceMeters><Position><LatitudeDegrees>43.062757</LatitudeDegrees><LongitudeDegrees>-1.266673</LongitudeDegrees></Position><AltitudeMeters>1191.8</AltitudeMeters></Trackpoint>
   <Trackpoint><DistanceMeters>15394.0</DistanceMeters><Position><LatitudeDegrees>43.062215</LatitudeDegrees><LongitudeDegrees>-1.266830</LongitudeDegrees></Position><AltitudeMeters>1191.2</AltitudeMeters></Trackpoint>
   <Trackpoint><DistanceMeters>15425.7</DistanceMeters><Position><LatitudeDegrees>43.061935</LatitudeDegrees><LongitudeDegrees>-1.266897</LongitudeDegrees></Position><AltitudeMeters>1194.0</AltitudeMeters></Trackpoint>
   <Trackpoint><DistanceMeters>15465.2</DistanceMeters><Position><LatitudeDegrees>43.061658</LatitudeDegrees><LongitudeDegrees>-1.267177</LongitudeDegrees></Position><AltitudeMeters>1197.0</AltitudeMeters></Trackpoint>
   <Trackpoint><DistanceMeters>15536.3</DistanceMeters><Position><LatitudeDegrees>43.061454</LatitudeDegrees><LongitudeDegrees>-1.268004</LongitudeDegrees></Position><AltitudeMeters>1202.2</AltitudeMeters></Trackpoint>
   <Trackpoint><DistanceMeters>15571.9</DistanceMeters><Position><LatitudeDegrees>43.061239</LatitudeDegrees><LongitudeDegrees>-1.268312</LongitudeDegrees></Position><AltitudeMeters>1205.8</AltitudeMeters></Trackpoint>
   <Trackpoint><DistanceMeters>15716.6</DistanceMeters><Position><LatitudeDegrees>43.059949</LatitudeDegrees><LongitudeDegrees>-1.268170</LongitudeDegrees></Position><AltitudeMeters>1218.8</AltitudeMeters></Trackpoint>
   <Trackpoint><DistanceMeters>15783.0</DistanceMeters><Position><LatitudeDegrees>43.059417</LatitudeDegrees><LongitudeDegrees>-1.267811</LongitudeDegrees></Position><AltitudeMeters>1224.5</AltitudeMeters></Trackpoint>
   <Trackpoint><DistanceMeters>15824.7</DistanceMeters><Position><LatitudeDegrees>43.059090</LatitudeDegrees><LongitudeDegrees>-1.267560</LongitudeDegrees></Position><AltitudeMeters>1226.5</AltitudeMeters></Trackpoint>
   <Trackpoint><DistanceMeters>15881.7</DistanceMeters><Position><LatitudeDegrees>43.058644</LatitudeDegrees><LongitudeDegrees>-1.267213</LongitudeDegrees></Position><AltitudeMeters>1229.8</AltitudeMeters></Trackpoint>
   <Trackpoint><DistanceMeters>15951.6</DistanceMeters><Position><LatitudeDegrees>43.058115</LatitudeDegrees><LongitudeDegrees>-1.266749</LongitudeDegrees></Position><AltitudeMeters>1233.5</AltitudeMeters></Trackpoint>
   <Trackpoint><DistanceMeters>15995.9</DistanceMeters><Position><LatitudeDegrees>43.057791</LatitudeDegrees><LongitudeDegrees>-1.266431</LongitudeDegrees></Position><AltitudeMeters>1236.0</AltitudeMeters></Trackpoint>
   <Trackpoint><DistanceMeters>16085.2</DistanceMeters><Position><LatitudeDegrees>43.057128</LatitudeDegrees><LongitudeDegrees>-1.265811</LongitudeDegrees></Position><AltitudeMeters>1237.2</AltitudeMeters></Trackpoint>
   <Trackpoint><DistanceMeters>16199.0</DistanceMeters><Position><LatitudeDegrees>43.056362</LatitudeDegrees><LongitudeDegrees>-1.264885</LongitudeDegrees></Position><AltitudeMeters>1238.0</AltitudeMeters></Trackpoint>
   <Trackpoint><DistanceMeters>16251.7</DistanceMeters><Position><LatitudeDegrees>43.056035</LatitudeDegrees><LongitudeDegrees>-1.264415</LongitudeDegrees></Position><AltitudeMeters>1238.0</AltitudeMeters></Trackpoint>
   <Trackpoint><DistanceMeters>16336.7</DistanceMeters><Position><LatitudeDegrees>43.055480</LatitudeDegrees><LongitudeDegrees>-1.263696</LongitudeDegrees></Position><AltitudeMeters>1238.0</AltitudeMeters></Trackpoint>
   <Trackpoint><DistanceMeters>16381.4</DistanceMeters><Position><LatitudeDegrees>43.055229</LatitudeDegrees><LongitudeDegrees>-1.263268</LongitudeDegrees></Position><AltitudeMeters>1238.8</AltitudeMeters></Trackpoint>
   <Trackpoint><DistanceMeters>16431.2</DistanceMeters><Position><LatitudeDegrees>43.055028</LatitudeDegrees><LongitudeDegrees>-1.262722</LongitudeDegrees></Position><AltitudeMeters>1238.2</AltitudeMeters></Trackpoint>
   <Trackpoint><DistanceMeters>16462.6</DistanceMeters><Position><LatitudeDegrees>43.054872</LatitudeDegrees><LongitudeDegrees>-1.262400</LongitudeDegrees></Position><AltitudeMeters>1238.5</AltitudeMeters></Trackpoint>
   <Trackpoint><DistanceMeters>16552.0</DistanceMeters><Position><LatitudeDegrees>43.054373</LatitudeDegrees><LongitudeDegrees>-1.261536</LongitudeDegrees></Position><AltitudeMeters>1236.2</AltitudeMeters></Trackpoint>
   <Trackpoint><DistanceMeters>16586.6</DistanceMeters><Position><LatitudeDegrees>43.054201</LatitudeDegrees><LongitudeDegrees>-1.261183</LongitudeDegrees></Position><AltitudeMeters>1234.8</AltitudeMeters></Trackpoint>
   <Trackpoint><DistanceMeters>16631.7</DistanceMeters><Position><LatitudeDegrees>43.054073</LatitudeDegrees><LongitudeDegrees>-1.260656</LongitudeDegrees></Position><AltitudeMeters>1232.8</AltitudeMeters></Trackpoint>
   <Trackpoint><DistanceMeters>16668.7</DistanceMeters><Position><LatitudeDegrees>43.053934</LatitudeDegrees><LongitudeDegrees>-1.260243</LongitudeDegrees></Position><AltitudeMeters>1231.5</AltitudeMeters></Trackpoint>
   <Trackpoint><DistanceMeters>16752.3</DistanceMeters><Position><LatitudeDegrees>43.053565</LatitudeDegrees><LongitudeDegrees>-1.259346</LongitudeDegrees></Position><AltitudeMeters>1230.0</AltitudeMeters></Trackpoint>
   <Trackpoint><DistanceMeters>16796.4</DistanceMeters><Position><LatitudeDegrees>43.053329</LatitudeDegrees><LongitudeDegrees>-1.258912</LongitudeDegrees></Position><AltitudeMeters>1229.5</AltitudeMeters></Trackpoint>
   <Trackpoint><DistanceMeters>16836.2</DistanceMeters><Position><LatitudeDegrees>43.053032</LatitudeDegrees><LongitudeDegrees>-1.258649</LongitudeDegrees></Position><AltitudeMeters>1227.2</AltitudeMeters></Trackpoint>
   <Trackpoint><DistanceMeters>16882.0</DistanceMeters><Position><LatitudeDegrees>43.052626</LatitudeDegrees><LongitudeDegrees>-1.258553</LongitudeDegrees></Position><AltitudeMeters>1228.5</AltitudeMeters></Trackpoint>
   <Trackpoint><DistanceMeters>17000.2</DistanceMeters><Position><LatitudeDegrees>43.051584</LatitudeDegrees><LongitudeDegrees>-1.258265</LongitudeDegrees></Position><AltitudeMeters>1226.8</AltitudeMeters></Trackpoint>
   <Trackpoint><DistanceMeters>17059.6</DistanceMeters><Position><LatitudeDegrees>43.051050</LatitudeDegrees><LongitudeDegrees>-1.258250</LongitudeDegrees></Position><AltitudeMeters>1226.5</AltitudeMeters></Trackpoint>
   <Trackpoint><DistanceMeters>17098.1</DistanceMeters><Position><LatitudeDegrees>43.050714</LatitudeDegrees><LongitudeDegrees>-1.258353</LongitudeDegrees></Position><AltitudeMeters>1226.2</AltitudeMeters></Trackpoint>
   <Trackpoint><DistanceMeters>17137.2</DistanceMeters><Position><LatitudeDegrees>43.050433</LatitudeDegrees><LongitudeDegrees>-1.258638</LongitudeDegrees></Position><AltitudeMeters>1228.0</AltitudeMeters></Trackpoint>
   <Trackpoint><DistanceMeters>17176.0</DistanceMeters><Position><LatitudeDegrees>43.050101</LatitudeDegrees><LongitudeDegrees>-1.258727</LongitudeDegrees></Position><AltitudeMeters>1225.8</AltitudeMeters></Trackpoint>
   <Trackpoint><DistanceMeters>17214.9</DistanceMeters><Position><LatitudeDegrees>43.049759</LatitudeDegrees><LongitudeDegrees>-1.258814</LongitudeDegrees></Position><AltitudeMeters>1225.0</AltitudeMeters></Trackpoint>
   <Trackpoint><DistanceMeters>17321.0</DistanceMeters><Position><LatitudeDegrees>43.048913</LatitudeDegrees><LongitudeDegrees>-1.259419</LongitudeDegrees></Position><AltitudeMeters>1224.5</AltitudeMeters></Trackpoint>
   <Trackpoint><DistanceMeters>17351.1</DistanceMeters><Position><LatitudeDegrees>43.048657</LatitudeDegrees><LongitudeDegrees>-1.259425</LongitudeDegrees></Position><AltitudeMeters>1224.5</AltitudeMeters></Trackpoint>
   <Trackpoint><DistanceMeters>17409.9</DistanceMeters><Position><LatitudeDegrees>43.048509</LatitudeDegrees><LongitudeDegrees>-1.258741</LongitudeDegrees></Position><AltitudeMeters>1223.2</AltitudeMeters></Trackpoint>
   <Trackpoint><DistanceMeters>17440.4</DistanceMeters><Position><LatitudeDegrees>43.048393</LatitudeDegrees><LongitudeDegrees>-1.258401</LongitudeDegrees></Position><AltitudeMeters>1223.5</AltitudeMeters></Trackpoint>
   <Trackpoint><DistanceMeters>17481.8</DistanceMeters><Position><LatitudeDegrees>43.048084</LatitudeDegrees><LongitudeDegrees>-1.258138</LongitudeDegrees></Position><AltitudeMeters>1224.8</AltitudeMeters></Trackpoint>
   <Trackpoint><DistanceMeters>17557.5</DistanceMeters><Position><LatitudeDegrees>43.047412</LatitudeDegrees><LongitudeDegrees>-1.257989</LongitudeDegrees></Position><AltitudeMeters>1227.0</AltitudeMeters></Trackpoint>
   <Trackpoint><DistanceMeters>17588.0</DistanceMeters><Position><LatitudeDegrees>43.047155</LatitudeDegrees><LongitudeDegrees>-1.257865</LongitudeDegrees></Position><AltitudeMeters>1228.5</AltitudeMeters></Trackpoint>
   <Trackpoint><DistanceMeters>17634.6</DistanceMeters><Position><LatitudeDegrees>43.046906</LatitudeDegrees><LongitudeDegrees>-1.257408</LongitudeDegrees></Position><AltitudeMeters>1232.5</AltitudeMeters></Trackpoint>
   <Trackpoint><DistanceMeters>17681.7</DistanceMeters><Position><LatitudeDegrees>43.046597</LatitudeDegrees><LongitudeDegrees>-1.257015</LongitudeDegrees></Position><AltitudeMeters>1235.5</AltitudeMeters></Trackpoint>
   <Trackpoint><DistanceMeters>17719.3</DistanceMeters><Position><LatitudeDegrees>43.046295</LatitudeDegrees><LongitudeDegrees>-1.256808</LongitudeDegrees></Position><AltitudeMeters>1236.2</AltitudeMeters></Trackpoint>
   <Trackpoint><DistanceMeters>17757.6</DistanceMeters><Position><LatitudeDegrees>43.045981</LatitudeDegrees><LongitudeDegrees>-1.256649</LongitudeDegrees></Position><AltitudeMeters>1237.2</AltitudeMeters></Trackpoint>
   <Trackpoint><DistanceMeters>17817.9</DistanceMeters><Position><LatitudeDegrees>43.045798</LatitudeDegrees><LongitudeDegrees>-1.255952</LongitudeDegrees></Position><AltitudeMeters>1232.8</AltitudeMeters></Trackpoint>
   <Trackpoint><DistanceMeters>17875.9</DistanceMeters><Position><LatitudeDegrees>43.045661</LatitudeDegrees><LongitudeDegrees>-1.255264</LongitudeDegrees></Position><AltitudeMeters>1228.0</AltitudeMeters></Trackpoint>
   <Trackpoint><DistanceMeters>17934.4</DistanceMeters><Position><LatitudeDegrees>43.045348</LatitudeDegrees><LongitudeDegrees>-1.254695</LongitudeDegrees></Position><AltitudeMeters>1228.8</AltitudeMeters></Trackpoint>
   <Trackpoint><DistanceMeters>17983.9</DistanceMeters><Position><LatitudeDegrees>43.045128</LatitudeDegrees><LongitudeDegrees>-1.254168</LongitudeDegrees></Position><AltitudeMeters>1229.5</AltitudeMeters></Trackpoint>
   <Trackpoint><DistanceMeters>18042.1</DistanceMeters><Position><LatitudeDegrees>43.044959</LatitudeDegrees><LongitudeDegrees>-1.253490</LongitudeDegrees></Position><AltitudeMeters>1231.8</AltitudeMeters></Trackpoint>
   <Trackpoint><DistanceMeters>18084.6</DistanceMeters><Position><LatitudeDegrees>43.044779</LatitudeDegrees><LongitudeDegrees>-1.253029</LongitudeDegrees></Position><AltitudeMeters>1230.8</AltitudeMeters></Trackpoint>
   <Trackpoint><DistanceMeters>18152.9</DistanceMeters><Position><LatitudeDegrees>43.044420</LatitudeDegrees><LongitudeDegrees>-1.252347</LongitudeDegrees></Position><AltitudeMeters>1230.5</AltitudeMeters></Trackpoint>
   <Trackpoint><DistanceMeters>18187.0</DistanceMeters><Position><LatitudeDegrees>43.044265</LatitudeDegrees><LongitudeDegrees>-1.251986</LongitudeDegrees></Position><AltitudeMeters>1230.0</AltitudeMeters></Trackpoint>
   <Trackpoint><DistanceMeters>18268.1</DistanceMeters><Position><LatitudeDegrees>43.044014</LatitudeDegrees><LongitudeDegrees>-1.251048</LongitudeDegrees></Position><AltitudeMeters>1231.8</AltitudeMeters></Trackpoint>
   <Trackpoint><DistanceMeters>18302.6</DistanceMeters><Position><LatitudeDegrees>43.043888</LatitudeDegrees><LongitudeDegrees>-1.250660</LongitudeDegrees></Position><AltitudeMeters>1233.0</AltitudeMeters></Trackpoint>
   <Trackpoint><DistanceMeters>18353.4</DistanceMeters><Position><LatitudeDegrees>43.043720</LatitudeDegrees><LongitudeDegrees>-1.250079</LongitudeDegrees></Position><AltitudeMeters>1233.0</AltitudeMeters></Trackpoint>
   <Trackpoint><DistanceMeters>18422.4</DistanceMeters><Position><LatitudeDegrees>43.043450</LatitudeDegrees><LongitudeDegrees>-1.249315</LongitudeDegrees></Position><AltitudeMeters>1234.0</AltitudeMeters></Trackpoint>
   <Trackpoint><DistanceMeters>18464.6</DistanceMeters><Position><LatitudeDegrees>43.043231</LatitudeDegrees><LongitudeDegrees>-1.248891</LongitudeDegrees></Position><AltitudeMeters>1235.8</AltitudeMeters></Trackpoint>
   <Trackpoint><DistanceMeters>18496.6</DistanceMeters><Position><LatitudeDegrees>43.043065</LatitudeDegrees><LongitudeDegrees>-1.248601</LongitudeDegrees></Position><AltitudeMeters>1236.8</AltitudeMeters></Trackpoint>
   <Trackpoint><DistanceMeters>18551.2</DistanceMeters><Position><LatitudeDegrees>43.042821</LatitudeDegrees><LongitudeDegrees>-1.248019</LongitudeDegrees></Position><AltitudeMeters>1238.8</AltitudeMeters></Trackpoint>
   <Trackpoint><DistanceMeters>18596.3</DistanceMeters><Position><LatitudeDegrees>43.042625</LatitudeDegrees><LongitudeDegrees>-1.247532</LongitudeDegrees></Position><AltitudeMeters>1240.0</AltitudeMeters></Trackpoint>
   <Trackpoint><DistanceMeters>18648.1</DistanceMeters><Position><LatitudeDegrees>43.042168</LatitudeDegrees><LongitudeDegrees>-1.247647</LongitudeDegrees></Position><AltitudeMeters>1238.8</AltitudeMeters></Trackpoint>
   <Trackpoint><DistanceMeters>18682.0</DistanceMeters><Position><LatitudeDegrees>43.042076</LatitudeDegrees><LongitudeDegrees>-1.247250</LongitudeDegrees></Position><AltitudeMeters>1235.5</AltitudeMeters></Trackpoint>
   <Trackpoint><DistanceMeters>18739.8</DistanceMeters><Position><LatitudeDegrees>43.041934</LatitudeDegrees><LongitudeDegrees>-1.246571</LongitudeDegrees></Position><AltitudeMeters>1227.2</AltitudeMeters></Trackpoint>
   <Trackpoint><DistanceMeters>18779.3</DistanceMeters><Position><LatitudeDegrees>43.041928</LatitudeDegrees><LongitudeDegrees>-1.246085</LongitudeDegrees></Position><AltitudeMeters>1222.5</AltitudeMeters></Trackpoint>
   <Trackpoint><DistanceMeters>18821.5</DistanceMeters><Position><LatitudeDegrees>43.041871</LatitudeDegrees><LongitudeDegrees>-1.245572</LongitudeDegrees></Position><AltitudeMeters>1215.5</AltitudeMeters></Trackpoint>
   <Trackpoint><DistanceMeters>18859.1</DistanceMeters><Position><LatitudeDegrees>43.041772</LatitudeDegrees><LongitudeDegrees>-1.245129</LongitudeDegrees></Position><AltitudeMeters>1212.8</AltitudeMeters></Trackpoint>
   <Trackpoint><DistanceMeters>18918.6</DistanceMeters><Position><LatitudeDegrees>43.041544</LatitudeDegrees><LongitudeDegrees>-1.244467</LongitudeDegrees></Position><AltitudeMeters>1209.2</AltitudeMeters></Trackpoint>
   <Trackpoint><DistanceMeters>18952.3</DistanceMeters><Position><LatitudeDegrees>43.041354</LatitudeDegrees><LongitudeDegrees>-1.244145</LongitudeDegrees></Position><AltitudeMeters>1208.0</AltitudeMeters></Trackpoint>
   <Trackpoint><DistanceMeters>18986.1</DistanceMeters><Position><LatitudeDegrees>43.041189</LatitudeDegrees><LongitudeDegrees>-1.243795</LongitudeDegrees></Position><AltitudeMeters>1208.2</AltitudeMeters></Trackpoint>
   <Trackpoint><DistanceMeters>19059.2</DistanceMeters><Position><LatitudeDegrees>43.040725</LatitudeDegrees><LongitudeDegrees>-1.243159</LongitudeDegrees></Position><AltitudeMeters>1209.0</AltitudeMeters></Trackpoint>
   <Trackpoint><DistanceMeters>19118.3</DistanceMeters><Position><LatitudeDegrees>43.040324</LatitudeDegrees><LongitudeDegrees>-1.242683</LongitudeDegrees></Position><AltitudeMeters>1210.0</AltitudeMeters></Trackpoint>
   <Trackpoint><DistanceMeters>19155.7</DistanceMeters><Position><LatitudeDegrees>43.040079</LatitudeDegrees><LongitudeDegrees>-1.242378</LongitudeDegrees></Position><AltitudeMeters>1209.0</AltitudeMeters></Trackpoint>
   <Trackpoint><DistanceMeters>19200.8</DistanceMeters><Position><LatitudeDegrees>43.039885</LatitudeDegrees><LongitudeDegrees>-1.241890</LongitudeDegrees></Position><AltitudeMeters>1209.2</AltitudeMeters></Trackpoint>
   <Trackpoint><DistanceMeters>19244.1</DistanceMeters><Position><LatitudeDegrees>43.039662</LatitudeDegrees><LongitudeDegrees>-1.241453</LongitudeDegrees></Position><AltitudeMeters>1208.0</AltitudeMeters></Trackpoint>
   <Trackpoint><DistanceMeters>19287.4</DistanceMeters><Position><LatitudeDegrees>43.039468</LatitudeDegrees><LongitudeDegrees>-1.240993</LongitudeDegrees></Position><AltitudeMeters>1208.0</AltitudeMeters></Trackpoint>
   <Trackpoint><DistanceMeters>19323.3</DistanceMeters><Position><LatitudeDegrees>43.039270</LatitudeDegrees><LongitudeDegrees>-1.240644</LongitudeDegrees></Position><AltitudeMeters>1206.0</AltitudeMeters></Trackpoint>
   <Trackpoint><DistanceMeters>19377.3</DistanceMeters><Position><LatitudeDegrees>43.038935</LatitudeDegrees><LongitudeDegrees>-1.240164</LongitudeDegrees></Position><AltitudeMeters>1204.0</AltitudeMeters></Trackpoint>
   <Trackpoint><DistanceMeters>19431.8</DistanceMeters><Position><LatitudeDegrees>43.038527</LatitudeDegrees><LongitudeDegrees>-1.239792</LongitudeDegrees></Position><AltitudeMeters>1205.2</AltitudeMeters></Trackpoint>
   <Trackpoint><DistanceMeters>19461.9</DistanceMeters><Position><LatitudeDegrees>43.038308</LatitudeDegrees><LongitudeDegrees>-1.239576</LongitudeDegrees></Position><AltitudeMeters>1207.2</AltitudeMeters></Trackpoint>
   <Trackpoint><DistanceMeters>19518.3</DistanceMeters><Position><LatitudeDegrees>43.037945</LatitudeDegrees><LongitudeDegrees>-1.239091</LongitudeDegrees></Position><AltitudeMeters>1210.2</AltitudeMeters></Trackpoint>
   <Trackpoint><DistanceMeters>19577.1</DistanceMeters><Position><LatitudeDegrees>43.037591</LatitudeDegrees><LongitudeDegrees>-1.238557</LongitudeDegrees></Position><AltitudeMeters>1212.0</AltitudeMeters></Trackpoint>
   <Trackpoint><DistanceMeters>19613.8</DistanceMeters><Position><LatitudeDegrees>43.037456</LatitudeDegrees><LongitudeDegrees>-1.238146</LongitudeDegrees></Position><AltitudeMeters>1214.0</AltitudeMeters></Trackpoint>
   <Trackpoint><DistanceMeters>19649.5</DistanceMeters><Position><LatitudeDegrees>43.037323</LatitudeDegrees><LongitudeDegrees>-1.237747</LongitudeDegrees></Position><AltitudeMeters>1213.2</AltitudeMeters></Trackpoint>
   <Trackpoint><DistanceMeters>19705.9</DistanceMeters><Position><LatitudeDegrees>43.037505</LatitudeDegrees><LongitudeDegrees>-1.237197</LongitudeDegrees></Position><AltitudeMeters>1199.2</AltitudeMeters></Trackpoint>
   <Trackpoint><DistanceMeters>19737.1</DistanceMeters><Position><LatitudeDegrees>43.037630</LatitudeDegrees><LongitudeDegrees>-1.236862</LongitudeDegrees></Position><AltitudeMeters>1194.0</AltitudeMeters></Trackpoint>
   <Trackpoint><DistanceMeters>19795.3</DistanceMeters><Position><LatitudeDegrees>43.037538</LatitudeDegrees><LongitudeDegrees>-1.236160</LongitudeDegrees></Position><AltitudeMeters>1189.5</AltitudeMeters></Trackpoint>
   <Trackpoint><DistanceMeters>19826.7</DistanceMeters><Position><LatitudeDegrees>43.037457</LatitudeDegrees><LongitudeDegrees>-1.235792</LongitudeDegrees></Position><AltitudeMeters>1185.2</AltitudeMeters></Trackpoint>
   <Trackpoint><DistanceMeters>19866.0</DistanceMeters><Position><LatitudeDegrees>43.037393</LatitudeDegrees><LongitudeDegrees>-1.235317</LongitudeDegrees></Position><AltitudeMeters>1179.5</AltitudeMeters></Trackpoint>
   <Trackpoint><DistanceMeters>19924.5</DistanceMeters><Position><LatitudeDegrees>43.037310</LatitudeDegrees><LongitudeDegrees>-1.234606</LongitudeDegrees></Position><AltitudeMeters>1173.0</AltitudeMeters></Trackpoint>
   <Trackpoint><DistanceMeters>19984.4</DistanceMeters><Position><LatitudeDegrees>43.037325</LatitudeDegrees><LongitudeDegrees>-1.233869</LongitudeDegrees></Position><AltitudeMeters>1158.8</AltitudeMeters></Trackpoint>
   <Trackpoint><DistanceMeters>20041.4</DistanceMeters><Position><LatitudeDegrees>43.037140</LatitudeDegrees><LongitudeDegrees>-1.233215</LongitudeDegrees></Position><AltitudeMeters>1145.8</AltitudeMeters></Trackpoint>
   <Trackpoint><DistanceMeters>20166.9</DistanceMeters><Position><LatitudeDegrees>43.036698</LatitudeDegrees><LongitudeDegrees>-1.231794</LongitudeDegrees></Position><AltitudeMeters>1126.2</AltitudeMeters></Trackpoint>
   <Trackpoint><DistanceMeters>20208.1</DistanceMeters><Position><LatitudeDegrees>43.036737</LatitudeDegrees><LongitudeDegrees>-1.231290</LongitudeDegrees></Position><AltitudeMeters>1117.5</AltitudeMeters></Trackpoint>
   <Trackpoint><DistanceMeters>20248.0</DistanceMeters><Position><LatitudeDegrees>43.036831</LatitudeDegrees><LongitudeDegrees>-1.230817</LongitudeDegrees></Position><AltitudeMeters>1105.2</AltitudeMeters></Trackpoint>
   <Trackpoint><DistanceMeters>20294.2</DistanceMeters><Position><LatitudeDegrees>43.037043</LatitudeDegrees><LongitudeDegrees>-1.230327</LongitudeDegrees></Position><AltitudeMeters>1090.5</AltitudeMeters></Trackpoint>
   <Trackpoint><DistanceMeters>20326.8</DistanceMeters><Position><LatitudeDegrees>43.037223</LatitudeDegrees><LongitudeDegrees>-1.230040</LongitudeDegrees></Position><AltitudeMeters>1079.2</AltitudeMeters></Trackpoint>
   <Trackpoint><DistanceMeters>20416.0</DistanceMeters><Position><LatitudeDegrees>43.037773</LatitudeDegrees><LongitudeDegrees>-1.229246</LongitudeDegrees></Position><AltitudeMeters>1076.8</AltitudeMeters></Trackpoint>
   <Trackpoint><DistanceMeters>20485.5</DistanceMeters><Position><LatitudeDegrees>43.037673</LatitudeDegrees><LongitudeDegrees>-1.228403</LongitudeDegrees></Position><AltitudeMeters>1074.0</AltitudeMeters></Trackpoint>
   <Trackpoint><DistanceMeters>20545.7</DistanceMeters><Position><LatitudeDegrees>43.037546</LatitudeDegrees><LongitudeDegrees>-1.227705</LongitudeDegrees></Position><AltitudeMeters>1067.2</AltitudeMeters></Trackpoint>
   <Trackpoint><DistanceMeters>20614.6</DistanceMeters><Position><LatitudeDegrees>43.037582</LatitudeDegrees><LongitudeDegrees>-1.226858</LongitudeDegrees></Position><AltitudeMeters>1064.2</AltitudeMeters></Trackpoint>
   <Trackpoint><DistanceMeters>20719.7</DistanceMeters><Position><LatitudeDegrees>43.037872</LatitudeDegrees><LongitudeDegrees>-1.225627</LongitudeDegrees></Position><AltitudeMeters>1057.0</AltitudeMeters></Trackpoint>
   <Trackpoint><DistanceMeters>20812.0</DistanceMeters><Position><LatitudeDegrees>43.038205</LatitudeDegrees><LongitudeDegrees>-1.224587</LongitudeDegrees></Position><AltitudeMeters>1054.0</AltitudeMeters></Trackpoint>
   <Trackpoint><DistanceMeters>20860.5</DistanceMeters><Position><LatitudeDegrees>43.038215</LatitudeDegrees><LongitudeDegrees>-1.223990</LongitudeDegrees></Position><AltitudeMeters>1052.8</AltitudeMeters></Trackpoint>
   <Trackpoint><DistanceMeters>20891.4</DistanceMeters><Position><LatitudeDegrees>43.038108</LatitudeDegrees><LongitudeDegrees>-1.223639</LongitudeDegrees></Position><AltitudeMeters>1050.8</AltitudeMeters></Trackpoint>
   <Trackpoint><DistanceMeters>20941.1</DistanceMeters><Position><LatitudeDegrees>43.037691</LatitudeDegrees><LongitudeDegrees>-1.223737</LongitudeDegrees></Position><AltitudeMeters>1048.2</AltitudeMeters></Trackpoint>
   <Trackpoint><DistanceMeters>21005.6</DistanceMeters><Position><LatitudeDegrees>43.037127</LatitudeDegrees><LongitudeDegrees>-1.223549</LongitudeDegrees></Position><AltitudeMeters>1041.0</AltitudeMeters></Trackpoint>
   <Trackpoint><DistanceMeters>21036.3</DistanceMeters><Position><LatitudeDegrees>43.036869</LatitudeDegrees><LongitudeDegrees>-1.223415</LongitudeDegrees></Position><AltitudeMeters>1037.8</AltitudeMeters></Trackpoint>
   <Trackpoint><DistanceMeters>21072.5</DistanceMeters><Position><LatitudeDegrees>43.036584</LatitudeDegrees><LongitudeDegrees>-1.223202</LongitudeDegrees></Position><AltitudeMeters>1033.0</AltitudeMeters></Trackpoint>
   <Trackpoint><DistanceMeters>21105.9</DistanceMeters><Position><LatitudeDegrees>43.036310</LatitudeDegrees><LongitudeDegrees>-1.223323</LongitudeDegrees></Position><AltitudeMeters>1029.5</AltitudeMeters></Trackpoint>
   <Trackpoint><DistanceMeters>21149.9</DistanceMeters><Position><LatitudeDegrees>43.036115</LatitudeDegrees><LongitudeDegrees>-1.223793</LongitudeDegrees></Position><AltitudeMeters>1027.0</AltitudeMeters></Trackpoint>
   <Trackpoint><DistanceMeters>21187.7</DistanceMeters><Position><LatitudeDegrees>43.036049</LatitudeDegrees><LongitudeDegrees>-1.224250</LongitudeDegrees></Position><AltitudeMeters>1024.2</AltitudeMeters></Trackpoint>
   <Trackpoint><DistanceMeters>21220.1</DistanceMeters><Position><LatitudeDegrees>43.035816</LatitudeDegrees><LongitudeDegrees>-1.224265</LongitudeDegrees></Position><AltitudeMeters>1019.2</AltitudeMeters></Trackpoint>
   <Trackpoint><DistanceMeters>21260.2</DistanceMeters><Position><LatitudeDegrees>43.035662</LatitudeDegrees><LongitudeDegrees>-1.223819</LongitudeDegrees></Position><AltitudeMeters>1017.0</AltitudeMeters></Trackpoint>
   <Trackpoint><DistanceMeters>21298.2</DistanceMeters><Position><LatitudeDegrees>43.035351</LatitudeDegrees><LongitudeDegrees>-1.223695</LongitudeDegrees></Position><AltitudeMeters>1013.5</AltitudeMeters></Trackpoint>
   <Trackpoint><DistanceMeters>21397.6</DistanceMeters><Position><LatitudeDegrees>43.034523</LatitudeDegrees><LongitudeDegrees>-1.224148</LongitudeDegrees></Position><AltitudeMeters>1003.0</AltitudeMeters></Trackpoint>
   <Trackpoint><DistanceMeters>21451.4</DistanceMeters><Position><LatitudeDegrees>43.034090</LatitudeDegrees><LongitudeDegrees>-1.224443</LongitudeDegrees></Position><AltitudeMeters>998.5</AltitudeMeters></Trackpoint>
   <Trackpoint><DistanceMeters>21488.3</DistanceMeters><Position><LatitudeDegrees>43.033817</LatitudeDegrees><LongitudeDegrees>-1.224696</LongitudeDegrees></Position><AltitudeMeters>996.5</AltitudeMeters></Trackpoint>
   <Trackpoint><DistanceMeters>21529.2</DistanceMeters><Position><LatitudeDegrees>43.033573</LatitudeDegrees><LongitudeDegrees>-1.225071</LongitudeDegrees></Position><AltitudeMeters>992.2</AltitudeMeters></Trackpoint>
   <Trackpoint><DistanceMeters>21573.8</DistanceMeters><Position><LatitudeDegrees>43.033272</LatitudeDegrees><LongitudeDegrees>-1.225434</LongitudeDegrees></Position><AltitudeMeters>987.2</AltitudeMeters></Trackpoint>
   <Trackpoint><DistanceMeters>21632.5</DistanceMeters><Position><LatitudeDegrees>43.032917</LatitudeDegrees><LongitudeDegrees>-1.225965</LongitudeDegrees></Position><AltitudeMeters>982.5</AltitudeMeters></Trackpoint>
   <Trackpoint><DistanceMeters>21691.2</DistanceMeters><Position><LatitudeDegrees>43.032561</LatitudeDegrees><LongitudeDegrees>-1.226499</LongitudeDegrees></Position><AltitudeMeters>974.2</AltitudeMeters></Trackpoint>
   <Trackpoint><DistanceMeters>21722.7</DistanceMeters><Position><LatitudeDegrees>43.032388</LatitudeDegrees><LongitudeDegrees>-1.226806</LongitudeDegrees></Position><AltitudeMeters>970.8</AltitudeMeters></Trackpoint>
   <Trackpoint><DistanceMeters>21763.2</DistanceMeters><Position><LatitudeDegrees>43.032182</LatitudeDegrees><LongitudeDegrees>-1.227217</LongitudeDegrees></Position><AltitudeMeters>966.0</AltitudeMeters></Trackpoint>
   <Trackpoint><DistanceMeters>21798.8</DistanceMeters><Position><LatitudeDegrees>43.031881</LatitudeDegrees><LongitudeDegrees>-1.227352</LongitudeDegrees></Position><AltitudeMeters>964.0</AltitudeMeters></Trackpoint>
   <Trackpoint><DistanceMeters>21851.9</DistanceMeters><Position><LatitudeDegrees>43.031405</LatitudeDegrees><LongitudeDegrees>-1.227403</LongitudeDegrees></Position><AltitudeMeters>959.8</AltitudeMeters></Trackpoint>
   <Trackpoint><DistanceMeters>21893.0</DistanceMeters><Position><LatitudeDegrees>43.031037</LatitudeDegrees><LongitudeDegrees>-1.227438</LongitudeDegrees></Position><AltitudeMeters>955.2</AltitudeMeters></Trackpoint>
   <Trackpoint><DistanceMeters>21960.6</DistanceMeters><Position><LatitudeDegrees>43.030446</LatitudeDegrees><LongitudeDegrees>-1.227632</LongitudeDegrees></Position><AltitudeMeters>946.2</AltitudeMeters></Trackpoint>
   <Trackpoint><DistanceMeters>21994.0</DistanceMeters><Position><LatitudeDegrees>43.030156</LatitudeDegrees><LongitudeDegrees>-1.227741</LongitudeDegrees></Position><AltitudeMeters>942.2</AltitudeMeters></Trackpoint>
   <Trackpoint><DistanceMeters>22028.4</DistanceMeters><Position><LatitudeDegrees>43.029849</LatitudeDegrees><LongitudeDegrees>-1.227763</LongitudeDegrees></Position><AltitudeMeters>938.5</AltitudeMeters></Trackpoint>
   <Trackpoint><DistanceMeters>22072.4</DistanceMeters><Position><LatitudeDegrees>43.029466</LatitudeDegrees><LongitudeDegrees>-1.227628</LongitudeDegrees></Position><AltitudeMeters>933.0</AltitudeMeters></Trackpoint>
   <Trackpoint><DistanceMeters>22121.1</DistanceMeters><Position><LatitudeDegrees>43.029064</LatitudeDegrees><LongitudeDegrees>-1.227846</LongitudeDegrees></Position><AltitudeMeters>928.2</AltitudeMeters></Trackpoint>
   <Trackpoint><DistanceMeters>22170.5</DistanceMeters><Position><LatitudeDegrees>43.028626</LatitudeDegrees><LongitudeDegrees>-1.227861</LongitudeDegrees></Position><AltitudeMeters>921.8</AltitudeMeters></Trackpoint>
   <Trackpoint><DistanceMeters>22203.9</DistanceMeters><Position><LatitudeDegrees>43.028340</LatitudeDegrees><LongitudeDegrees>-1.227965</LongitudeDegrees></Position><AltitudeMeters>919.8</AltitudeMeters></Trackpoint>
   <Trackpoint><DistanceMeters>22282.6</DistanceMeters><Position><LatitudeDegrees>43.027704</LatitudeDegrees><LongitudeDegrees>-1.228389</LongitudeDegrees></Position><AltitudeMeters>910.8</AltitudeMeters></Trackpoint>
   <Trackpoint><DistanceMeters>22326.5</DistanceMeters><Position><LatitudeDegrees>43.027469</LatitudeDegrees><LongitudeDegrees>-1.228818</LongitudeDegrees></Position><AltitudeMeters>904.5</AltitudeMeters></Trackpoint>
   <Trackpoint><DistanceMeters>22384.2</DistanceMeters><Position><LatitudeDegrees>43.027046</LatitudeDegrees><LongitudeDegrees>-1.229229</LongitudeDegrees></Position><AltitudeMeters>899.0</AltitudeMeters></Trackpoint>
   <Trackpoint><DistanceMeters>22437.4</DistanceMeters><Position><LatitudeDegrees>43.026673</LatitudeDegrees><LongitudeDegrees>-1.229639</LongitudeDegrees></Position><AltitudeMeters>892.8</AltitudeMeters></Trackpoint>
   <Trackpoint><DistanceMeters>22474.3</DistanceMeters><Position><LatitudeDegrees>43.026386</LatitudeDegrees><LongitudeDegrees>-1.229508</LongitudeDegrees></Position><AltitudeMeters>888.5</AltitudeMeters></Trackpoint>
   <Trackpoint><DistanceMeters>22507.9</DistanceMeters><Position><LatitudeDegrees>43.026227</LatitudeDegrees><LongitudeDegrees>-1.229156</LongitudeDegrees></Position><AltitudeMeters>885.8</AltitudeMeters></Trackpoint>
   <Trackpoint><DistanceMeters>22568.8</DistanceMeters><Position><LatitudeDegrees>43.025752</LatitudeDegrees><LongitudeDegrees>-1.228858</LongitudeDegrees></Position><AltitudeMeters>883.2</AltitudeMeters></Trackpoint>
   <Trackpoint><DistanceMeters>22649.2</DistanceMeters><Position><LatitudeDegrees>43.025035</LatitudeDegrees><LongitudeDegrees>-1.228976</LongitudeDegrees></Position><AltitudeMeters>878.0</AltitudeMeters></Trackpoint>
   <Trackpoint><DistanceMeters>22731.5</DistanceMeters><Position><LatitudeDegrees>43.024492</LatitudeDegrees><LongitudeDegrees>-1.229624</LongitudeDegrees></Position><AltitudeMeters>876.5</AltitudeMeters></Trackpoint>
   <Trackpoint><DistanceMeters>22777.0</DistanceMeters><Position><LatitudeDegrees>43.024262</LatitudeDegrees><LongitudeDegrees>-1.230083</LongitudeDegrees></Position><AltitudeMeters>875.0</AltitudeMeters></Trackpoint>
   <Trackpoint><DistanceMeters>22820.5</DistanceMeters><Position><LatitudeDegrees>43.023997</LatitudeDegrees><LongitudeDegrees>-1.230478</LongitudeDegrees></Position><AltitudeMeters>874.2</AltitudeMeters></Trackpoint>
   <Trackpoint><DistanceMeters>22860.1</DistanceMeters><Position><LatitudeDegrees>43.023677</LatitudeDegrees><LongitudeDegrees>-1.230685</LongitudeDegrees></Position><AltitudeMeters>872.2</AltitudeMeters></Trackpoint>
   <Trackpoint><DistanceMeters>22904.2</DistanceMeters><Position><LatitudeDegrees>43.023282</LatitudeDegrees><LongitudeDegrees>-1.230672</LongitudeDegrees></Position><AltitudeMeters>870.0</AltitudeMeters></Trackpoint>
   <Trackpoint><DistanceMeters>22938.0</DistanceMeters><Position><LatitudeDegrees>43.023003</LatitudeDegrees><LongitudeDegrees>-1.230518</LongitudeDegrees></Position><AltitudeMeters>867.2</AltitudeMeters></Trackpoint>
   <Trackpoint><DistanceMeters>22970.4</DistanceMeters><Position><LatitudeDegrees>43.022760</LatitudeDegrees><LongitudeDegrees>-1.230298</LongitudeDegrees></Position><AltitudeMeters>866.0</AltitudeMeters></Trackpoint>
   <Trackpoint><DistanceMeters>23018.5</DistanceMeters><Position><LatitudeDegrees>43.022342</LatitudeDegrees><LongitudeDegrees>-1.230165</LongitudeDegrees></Position><AltitudeMeters>864.8</AltitudeMeters></Trackpoint>
   <Trackpoint><DistanceMeters>23083.6</DistanceMeters><Position><LatitudeDegrees>43.021757</LatitudeDegrees><LongitudeDegrees>-1.230120</LongitudeDegrees></Position><AltitudeMeters>861.5</AltitudeMeters></Trackpoint>
   <Trackpoint><DistanceMeters>23184.4</DistanceMeters><Position><LatitudeDegrees>43.020857</LatitudeDegrees><LongitudeDegrees>-1.230269</LongitudeDegrees></Position><AltitudeMeters>852.2</AltitudeMeters></Trackpoint>
   <Trackpoint><DistanceMeters>23231.1</DistanceMeters><Position><LatitudeDegrees>43.020474</LatitudeDegrees><LongitudeDegrees>-1.230505</LongitudeDegrees></Position><AltitudeMeters>851.2</AltitudeMeters></Trackpoint>
   <Trackpoint><DistanceMeters>23261.8</DistanceMeters><Position><LatitudeDegrees>43.020213</LatitudeDegrees><LongitudeDegrees>-1.230628</LongitudeDegrees></Position><AltitudeMeters>848.2</AltitudeMeters></Trackpoint>
   <Trackpoint><DistanceMeters>23313.7</DistanceMeters><Position><LatitudeDegrees>43.019774</LatitudeDegrees><LongitudeDegrees>-1.230839</LongitudeDegrees></Position><AltitudeMeters>844.2</AltitudeMeters></Trackpoint>
   <Trackpoint><DistanceMeters>23389.5</DistanceMeters><Position><LatitudeDegrees>43.019099</LatitudeDegrees><LongitudeDegrees>-1.230736</LongitudeDegrees></Position><AltitudeMeters>838.8</AltitudeMeters></Trackpoint>
   <Trackpoint><DistanceMeters>23424.0</DistanceMeters><Position><LatitudeDegrees>43.018860</LatitudeDegrees><LongitudeDegrees>-1.230493</LongitudeDegrees></Position><AltitudeMeters>836.0</AltitudeMeters></Trackpoint>
   <Trackpoint><DistanceMeters>23489.8</DistanceMeters><Position><LatitudeDegrees>43.018613</LatitudeDegrees><LongitudeDegrees>-1.229758</LongitudeDegrees></Position><AltitudeMeters>832.8</AltitudeMeters></Trackpoint>
   <Trackpoint><DistanceMeters>23522.1</DistanceMeters><Position><LatitudeDegrees>43.018452</LatitudeDegrees><LongitudeDegrees>-1.229427</LongitudeDegrees></Position><AltitudeMeters>835.0</AltitudeMeters></Trackpoint>
   <Trackpoint><DistanceMeters>23555.0</DistanceMeters><Position><LatitudeDegrees>43.018206</LatitudeDegrees><LongitudeDegrees>-1.229204</LongitudeDegrees></Position><AltitudeMeters>833.8</AltitudeMeters></Trackpoint>
   <Trackpoint><DistanceMeters>23599.5</DistanceMeters><Position><LatitudeDegrees>43.017821</LatitudeDegrees><LongitudeDegrees>-1.229073</LongitudeDegrees></Position><AltitudeMeters>834.2</AltitudeMeters></Trackpoint>
   <Trackpoint><DistanceMeters>23636.5</DistanceMeters><Position><LatitudeDegrees>43.017488</LatitudeDegrees><LongitudeDegrees>-1.229062</LongitudeDegrees></Position><AltitudeMeters>831.8</AltitudeMeters></Trackpoint>
   <Trackpoint><DistanceMeters>23707.7</DistanceMeters><Position><LatitudeDegrees>43.016856</LatitudeDegrees><LongitudeDegrees>-1.228926</LongitudeDegrees></Position><AltitudeMeters>828.5</AltitudeMeters></Trackpoint>
   <Trackpoint><DistanceMeters>23763.4</DistanceMeters><Position><LatitudeDegrees>43.016394</LatitudeDegrees><LongitudeDegrees>-1.228661</LongitudeDegrees></Position><AltitudeMeters>830.0</AltitudeMeters></Trackpoint>
   <Trackpoint><DistanceMeters>23805.0</DistanceMeters><Position><LatitudeDegrees>43.016022</LatitudeDegrees><LongitudeDegrees>-1.228628</LongitudeDegrees></Position><AltitudeMeters>830.8</AltitudeMeters></Trackpoint>
   <Trackpoint><DistanceMeters>23850.5</DistanceMeters><Position><LatitudeDegrees>43.015627</LatitudeDegrees><LongitudeDegrees>-1.228767</LongitudeDegrees></Position><AltitudeMeters>830.0</AltitudeMeters></Trackpoint>
   <Trackpoint><DistanceMeters>23903.6</DistanceMeters><Position><LatitudeDegrees>43.015200</LatitudeDegrees><LongitudeDegrees>-1.229060</LongitudeDegrees></Position><AltitudeMeters>827.8</AltitudeMeters></Trackpoint>
   <Trackpoint><DistanceMeters>23959.9</DistanceMeters><Position><LatitudeDegrees>43.014707</LatitudeDegrees><LongitudeDegrees>-1.229150</LongitudeDegrees></Position><AltitudeMeters>824.8</AltitudeMeters></Trackpoint>
   <Trackpoint><DistanceMeters>23997.3</DistanceMeters><Position><LatitudeDegrees>43.014374</LatitudeDegrees><LongitudeDegrees>-1.229113</LongitudeDegrees></Position><AltitudeMeters>824.2</AltitudeMeters></Trackpoint>
   <Trackpoint><DistanceMeters>24032.8</DistanceMeters><Position><LatitudeDegrees>43.014072</LatitudeDegrees><LongitudeDegrees>-1.228970</LongitudeDegrees></Position><AltitudeMeters>824.2</AltitudeMeters></Trackpoint>
   <Trackpoint><DistanceMeters>24147.9</DistanceMeters><Position><LatitudeDegrees>43.013125</LatitudeDegrees><LongitudeDegrees>-1.228399</LongitudeDegrees></Position><AltitudeMeters>821.8</AltitudeMeters></Trackpoint>
   <Trackpoint><DistanceMeters>24181.0</DistanceMeters><Position><LatitudeDegrees>43.012852</LatitudeDegrees><LongitudeDegrees>-1.228237</LongitudeDegrees></Position><AltitudeMeters>820.8</AltitudeMeters></Trackpoint>
   <Trackpoint><DistanceMeters>24213.2</DistanceMeters><Position><LatitudeDegrees>43.012566</LatitudeDegrees><LongitudeDegrees>-1.228181</LongitudeDegrees></Position><AltitudeMeters>821.0</AltitudeMeters></Trackpoint>
   <Trackpoint><DistanceMeters>24260.2</DistanceMeters><Position><LatitudeDegrees>43.012143</LatitudeDegrees><LongitudeDegrees>-1.228179</LongitudeDegrees></Position><AltitudeMeters>820.2</AltitudeMeters></Trackpoint>
   <Trackpoint><DistanceMeters>24301.9</DistanceMeters><Position><LatitudeDegrees>43.011795</LatitudeDegrees><LongitudeDegrees>-1.228353</LongitudeDegrees></Position><AltitudeMeters>822.0</AltitudeMeters></Trackpoint>
   <Trackpoint><DistanceMeters>24347.8</DistanceMeters><Position><LatitudeDegrees>43.011539</LatitudeDegrees><LongitudeDegrees>-1.228792</LongitudeDegrees></Position><AltitudeMeters>818.0</AltitudeMeters></Trackpoint>
   <Trackpoint><DistanceMeters>24395.2</DistanceMeters><Position><LatitudeDegrees>43.011225</LatitudeDegrees><LongitudeDegrees>-1.229186</LongitudeDegrees></Position><AltitudeMeters>815.8</AltitudeMeters></Trackpoint>
   <Trackpoint><DistanceMeters>24435.8</DistanceMeters><Position><LatitudeDegrees>43.010881</LatitudeDegrees><LongitudeDegrees>-1.229307</LongitudeDegrees></Position><AltitudeMeters>815.5</AltitudeMeters></Trackpoint>
   <Trackpoint><DistanceMeters>24504.5</DistanceMeters><Position><LatitudeDegrees>43.010276</LatitudeDegrees><LongitudeDegrees>-1.229133</LongitudeDegrees></Position><AltitudeMeters>816.2</AltitudeMeters></Trackpoint>
   <Trackpoint><DistanceMeters>24549.3</DistanceMeters><Position><LatitudeDegrees>43.009919</LatitudeDegrees><LongitudeDegrees>-1.228879</LongitudeDegrees></Position><AltitudeMeters>815.2</AltitudeMeters></Trackpoint>
   <Trackpoint><DistanceMeters>24584.1</DistanceMeters><Position><LatitudeDegrees>43.010089</LatitudeDegrees><LongitudeDegrees>-1.229223</LongitudeDegrees></Position><AltitudeMeters>811.5</AltitudeMeters></Trackpoint>
   <Trackpoint><DistanceMeters>24619.3</DistanceMeters><Position><LatitudeDegrees>43.010196</LatitudeDegrees><LongitudeDegrees>-1.229595</LongitudeDegrees></Position><AltitudeMeters>810.5</AltitudeMeters></Trackpoint>
   <Trackpoint><DistanceMeters>24661.3</DistanceMeters><Position><LatitudeDegrees>43.010550</LatitudeDegrees><LongitudeDegrees>-1.229743</LongitudeDegrees></Position><AltitudeMeters>812.2</AltitudeMeters></Trackpoint>
   <Trackpoint><DistanceMeters>24693.2</DistanceMeters><Position><LatitudeDegrees>43.010816</LatitudeDegrees><LongitudeDegrees>-1.229890</LongitudeDegrees></Position><AltitudeMeters>812.8</AltitudeMeters></Trackpoint>
   <Trackpoint><DistanceMeters>24746.2</DistanceMeters><Position><LatitudeDegrees>43.010899</LatitudeDegrees><LongitudeDegrees>-1.230532</LongitudeDegrees></Position><AltitudeMeters>817.2</AltitudeMeters></Trackpoint>
   <Trackpoint><DistanceMeters>24796.7</DistanceMeters><Position><LatitudeDegrees>43.010961</LatitudeDegrees><LongitudeDegrees>-1.231147</LongitudeDegrees></Position><AltitudeMeters>821.0</AltitudeMeters></Trackpoint>
   <Trackpoint><DistanceMeters>24849.6</DistanceMeters><Position><LatitudeDegrees>43.011071</LatitudeDegrees><LongitudeDegrees>-1.231780</LongitudeDegrees></Position><AltitudeMeters>830.0</AltitudeMeters></Trackpoint>
   <Trackpoint><DistanceMeters>24923.2</DistanceMeters><Position><LatitudeDegrees>43.011109</LatitudeDegrees><LongitudeDegrees>-1.232683</LongitudeDegrees></Position><AltitudeMeters>838.8</AltitudeMeters></Trackpoint>
   <Trackpoint><DistanceMeters>24978.6</DistanceMeters><Position><LatitudeDegrees>43.011135</LatitudeDegrees><LongitudeDegrees>-1.233361</LongitudeDegrees></Position><AltitudeMeters>844.5</AltitudeMeters></Trackpoint>
   <Trackpoint><DistanceMeters>25034.9</DistanceMeters><Position><LatitudeDegrees>43.011136</LatitudeDegrees><LongitudeDegrees>-1.234054</LongitudeDegrees></Position><AltitudeMeters>847.2</AltitudeMeters></Trackpoint>
   <Trackpoint><DistanceMeters>25092.9</DistanceMeters><Position><LatitudeDegrees>43.011106</LatitudeDegrees><LongitudeDegrees>-1.234766</LongitudeDegrees></Position><AltitudeMeters>846.8</AltitudeMeters></Trackpoint>
   <Trackpoint><DistanceMeters>25152.0</DistanceMeters><Position><LatitudeDegrees>43.011084</LatitudeDegrees><LongitudeDegrees>-1.235492</LongitudeDegrees></Position><AltitudeMeters>850.2</AltitudeMeters></Trackpoint>
   <Trackpoint><DistanceMeters>25208.1</DistanceMeters><Position><LatitudeDegrees>43.010996</LatitudeDegrees><LongitudeDegrees>-1.236171</LongitudeDegrees></Position><AltitudeMeters>852.5</AltitudeMeters></Trackpoint>
   <Trackpoint><DistanceMeters>25256.0</DistanceMeters><Position><LatitudeDegrees>43.010968</LatitudeDegrees><LongitudeDegrees>-1.236755</LongitudeDegrees></Position><AltitudeMeters>857.0</AltitudeMeters></Trackpoint>
   <Trackpoint><DistanceMeters>25302.7</DistanceMeters><Position><LatitudeDegrees>43.011113</LatitudeDegrees><LongitudeDegrees>-1.237289</LongitudeDegrees></Position><AltitudeMeters>853.5</AltitudeMeters></Trackpoint>
   <Trackpoint><DistanceMeters>25377.6</DistanceMeters><Position><LatitudeDegrees>43.011061</LatitudeDegrees><LongitudeDegrees>-1.238205</LongitudeDegrees></Position><AltitudeMeters>849.5</AltitudeMeters></Trackpoint>
   <Trackpoint><DistanceMeters>25417.2</DistanceMeters><Position><LatitudeDegrees>43.011065</LatitudeDegrees><LongitudeDegrees>-1.238692</LongitudeDegrees></Position><AltitudeMeters>848.2</AltitudeMeters></Trackpoint>
   <Trackpoint><DistanceMeters>25466.5</DistanceMeters><Position><LatitudeDegrees>43.010936</LatitudeDegrees><LongitudeDegrees>-1.239265</LongitudeDegrees></Position><AltitudeMeters>846.5</AltitudeMeters></Trackpoint>
   <Trackpoint><DistanceMeters>25500.4</DistanceMeters><Position><LatitudeDegrees>43.010741</LatitudeDegrees><LongitudeDegrees>-1.239581</LongitudeDegrees></Position><AltitudeMeters>847.5</AltitudeMeters></Trackpoint>
   <Trackpoint><DistanceMeters>25534.0</DistanceMeters><Position><LatitudeDegrees>43.010454</LatitudeDegrees><LongitudeDegrees>-1.239702</LongitudeDegrees></Position><AltitudeMeters>843.8</AltitudeMeters></Trackpoint>
   <Trackpoint><DistanceMeters>25570.2</DistanceMeters><Position><LatitudeDegrees>43.010131</LatitudeDegrees><LongitudeDegrees>-1.239663</LongitudeDegrees></Position><AltitudeMeters>839.5</AltitudeMeters></Trackpoint>
   <Trackpoint><DistanceMeters>25615.5</DistanceMeters><Position><LatitudeDegrees>43.009816</LatitudeDegrees><LongitudeDegrees>-1.239990</LongitudeDegrees></Position><AltitudeMeters>841.5</AltitudeMeters></Trackpoint>
   <Trackpoint><DistanceMeters>25648.3</DistanceMeters><Position><LatitudeDegrees>43.009796</LatitudeDegrees><LongitudeDegrees>-1.240374</LongitudeDegrees></Position><AltitudeMeters>842.0</AltitudeMeters></Trackpoint>
   <Trackpoint><DistanceMeters>25700.1</DistanceMeters><Position><LatitudeDegrees>43.010042</LatitudeDegrees><LongitudeDegrees>-1.240913</LongitudeDegrees></Position><AltitudeMeters>844.0</AltitudeMeters></Trackpoint>
   <Trackpoint><DistanceMeters>25780.1</DistanceMeters><Position><LatitudeDegrees>43.010605</LatitudeDegrees><LongitudeDegrees>-1.241525</LongitudeDegrees></Position><AltitudeMeters>847.5</AltitudeMeters></Trackpoint>
   <Trackpoint><DistanceMeters>25812.6</DistanceMeters><Position><LatitudeDegrees>43.010670</LatitudeDegrees><LongitudeDegrees>-1.241907</LongitudeDegrees></Position><AltitudeMeters>847.8</AltitudeMeters></Trackpoint>
   <Trackpoint><DistanceMeters>25852.1</DistanceMeters><Position><LatitudeDegrees>43.010587</LatitudeDegrees><LongitudeDegrees>-1.242379</LongitudeDegrees></Position><AltitudeMeters>845.8</AltitudeMeters></Trackpoint>
   <Trackpoint><DistanceMeters>25888.7</DistanceMeters><Position><LatitudeDegrees>43.010564</LatitudeDegrees><LongitudeDegrees>-1.242828</LongitudeDegrees></Position><AltitudeMeters>846.5</AltitudeMeters></Trackpoint>
   <Trackpoint><DistanceMeters>25928.4</DistanceMeters><Position><LatitudeDegrees>43.010596</LatitudeDegrees><LongitudeDegrees>-1.243315</LongitudeDegrees></Position><AltitudeMeters>848.8</AltitudeMeters></Trackpoint>
   <Trackpoint><DistanceMeters>25979.9</DistanceMeters><Position><LatitudeDegrees>43.010616</LatitudeDegrees><LongitudeDegrees>-1.243948</LongitudeDegrees></Position><AltitudeMeters>854.2</AltitudeMeters></Trackpoint>
   <Trackpoint><DistanceMeters>26014.2</DistanceMeters><Position><LatitudeDegrees>43.010692</LatitudeDegrees><LongitudeDegrees>-1.244355</LongitudeDegrees></Position><AltitudeMeters>855.0</AltitudeMeters></Trackpoint>
   <Trackpoint><DistanceMeters>26047.1</DistanceMeters><Position><LatitudeDegrees>43.010913</LatitudeDegrees><LongitudeDegrees>-1.244621</LongitudeDegrees></Position><AltitudeMeters>855.8</AltitudeMeters></Trackpoint>
   <Trackpoint><DistanceMeters>26090.7</DistanceMeters><Position><LatitudeDegrees>43.011175</LatitudeDegrees><LongitudeDegrees>-1.245010</LongitudeDegrees></Position><AltitudeMeters>857.5</AltitudeMeters></Trackpoint>
   <Trackpoint><DistanceMeters>26137.9</DistanceMeters><Position><LatitudeDegrees>43.011329</LatitudeDegrees><LongitudeDegrees>-1.245551</LongitudeDegrees></Position><AltitudeMeters>857.8</AltitudeMeters></Trackpoint>
   <Trackpoint><DistanceMeters>26195.7</DistanceMeters><Position><LatitudeDegrees>43.011630</LatitudeDegrees><LongitudeDegrees>-1.246129</LongitudeDegrees></Position><AltitudeMeters>855.5</AltitudeMeters></Trackpoint>
   <Trackpoint><DistanceMeters>26234.7</DistanceMeters><Position><LatitudeDegrees>43.011931</LatitudeDegrees><LongitudeDegrees>-1.246369</LongitudeDegrees></Position><AltitudeMeters>856.0</AltitudeMeters></Trackpoint>
   <Trackpoint><DistanceMeters>26266.6</DistanceMeters><Position><LatitudeDegrees>43.011915</LatitudeDegrees><LongitudeDegrees>-1.246728</LongitudeDegrees></Position><AltitudeMeters>859.0</AltitudeMeters></Trackpoint>
   <Trackpoint><DistanceMeters>26329.6</DistanceMeters><Position><LatitudeDegrees>43.011873</LatitudeDegrees><LongitudeDegrees>-1.247497</LongitudeDegrees></Position><AltitudeMeters>865.2</AltitudeMeters></Trackpoint>
   <Trackpoint><DistanceMeters>26371.2</DistanceMeters><Position><LatitudeDegrees>43.011863</LatitudeDegrees><LongitudeDegrees>-1.248008</LongitudeDegrees></Position><AltitudeMeters>865.8</AltitudeMeters></Trackpoint>
   <Trackpoint><DistanceMeters>26437.6</DistanceMeters><Position><LatitudeDegrees>43.011810</LatitudeDegrees><LongitudeDegrees>-1.248818</LongitudeDegrees></Position><AltitudeMeters>866.5</AltitudeMeters></Trackpoint>
   <Trackpoint><DistanceMeters>26468.9</DistanceMeters><Position><LatitudeDegrees>43.011757</LatitudeDegrees><LongitudeDegrees>-1.249192</LongitudeDegrees></Position><AltitudeMeters>867.5</AltitudeMeters></Trackpoint>
   <Trackpoint><DistanceMeters>26514.6</DistanceMeters><Position><LatitudeDegrees>43.011473</LatitudeDegrees><LongitudeDegrees>-1.249551</LongitudeDegrees></Position><AltitudeMeters>866.2</AltitudeMeters></Trackpoint>
   <Trackpoint><DistanceMeters>26552.2</DistanceMeters><Position><LatitudeDegrees>43.011232</LatitudeDegrees><LongitudeDegrees>-1.249876</LongitudeDegrees></Position><AltitudeMeters>870.0</AltitudeMeters></Trackpoint>
   <Trackpoint><DistanceMeters>26587.3</DistanceMeters><Position><LatitudeDegrees>43.011046</LatitudeDegrees><LongitudeDegrees>-1.250224</LongitudeDegrees></Position><AltitudeMeters>870.2</AltitudeMeters></Trackpoint>
   <Trackpoint><DistanceMeters>26631.8</DistanceMeters><Position><LatitudeDegrees>43.010879</LatitudeDegrees><LongitudeDegrees>-1.250719</LongitudeDegrees></Position><AltitudeMeters>870.2</AltitudeMeters></Trackpoint>
   <Trackpoint><DistanceMeters>26663.8</DistanceMeters><Position><LatitudeDegrees>43.010910</LatitudeDegrees><LongitudeDegrees>-1.251109</LongitudeDegrees></Position><AltitudeMeters>871.5</AltitudeMeters></Trackpoint>
   <Trackpoint><DistanceMeters>26705.5</DistanceMeters><Position><LatitudeDegrees>43.010643</LatitudeDegrees><LongitudeDegrees>-1.251375</LongitudeDegrees></Position><AltitudeMeters>874.0</AltitudeMeters></Trackpoint>
   <Trackpoint><DistanceMeters>26741.7</DistanceMeters><Position><LatitudeDegrees>43.010401</LatitudeDegrees><LongitudeDegrees>-1.251658</LongitudeDegrees></Position><AltitudeMeters>881.0</AltitudeMeters></Trackpoint>
   <Trackpoint><DistanceMeters>26774.1</DistanceMeters><Position><LatitudeDegrees>43.010323</LatitudeDegrees><LongitudeDegrees>-1.252017</LongitudeDegrees></Position><AltitudeMeters>883.2</AltitudeMeters></Trackpoint>
   <Trackpoint><DistanceMeters>26825.2</DistanceMeters><Position><LatitudeDegrees>43.010521</LatitudeDegrees><LongitudeDegrees>-1.252583</LongitudeDegrees></Position><AltitudeMeters>882.5</AltitudeMeters></Trackpoint>
   <Trackpoint><DistanceMeters>26878.3</DistanceMeters><Position><LatitudeDegrees>43.010548</LatitudeDegrees><LongitudeDegrees>-1.253226</LongitudeDegrees></Position><AltitudeMeters>883.0</AltitudeMeters></Trackpoint>
   <Trackpoint><DistanceMeters>26935.7</DistanceMeters><Position><LatitudeDegrees>43.010298</LatitudeDegrees><LongitudeDegrees>-1.253835</LongitudeDegrees></Position><AltitudeMeters>884.5</AltitudeMeters></Trackpoint>
   <Trackpoint><DistanceMeters>26970.1</DistanceMeters><Position><LatitudeDegrees>43.010189</LatitudeDegrees><LongitudeDegrees>-1.254227</LongitudeDegrees></Position><AltitudeMeters>886.2</AltitudeMeters></Trackpoint>
   <Trackpoint><DistanceMeters>27022.0</DistanceMeters><Position><LatitudeDegrees>43.010272</LatitudeDegrees><LongitudeDegrees>-1.254851</LongitudeDegrees></Position><AltitudeMeters>887.8</AltitudeMeters></Trackpoint>
   <Trackpoint><DistanceMeters>27063.6</DistanceMeters><Position><LatitudeDegrees>43.010218</LatitudeDegrees><LongitudeDegrees>-1.255347</LongitudeDegrees></Position><AltitudeMeters>890.0</AltitudeMeters></Trackpoint>
   <Trackpoint><DistanceMeters>27113.2</DistanceMeters><Position><LatitudeDegrees>43.009970</LatitudeDegrees><LongitudeDegrees>-1.255855</LongitudeDegrees></Position><AltitudeMeters>891.2</AltitudeMeters></Trackpoint>
   <Trackpoint><DistanceMeters>27207.9</DistanceMeters><Position><LatitudeDegrees>43.009472</LatitudeDegrees><LongitudeDegrees>-1.256799</LongitudeDegrees></Position><AltitudeMeters>897.2</AltitudeMeters></Trackpoint>
   <Trackpoint><DistanceMeters>27265.9</DistanceMeters><Position><LatitudeDegrees>43.009045</LatitudeDegrees><LongitudeDegrees>-1.257193</LongitudeDegrees></Position><AltitudeMeters>897.2</AltitudeMeters></Trackpoint>
   <Trackpoint><DistanceMeters>27301.9</DistanceMeters><Position><LatitudeDegrees>43.008861</LatitudeDegrees><LongitudeDegrees>-1.257549</LongitudeDegrees></Position><AltitudeMeters>898.2</AltitudeMeters></Trackpoint>
   <Trackpoint><DistanceMeters>27343.1</DistanceMeters><Position><LatitudeDegrees>43.008722</LatitudeDegrees><LongitudeDegrees>-1.258016</LongitudeDegrees></Position><AltitudeMeters>900.2</AltitudeMeters></Trackpoint>
   <Trackpoint><DistanceMeters>27379.5</DistanceMeters><Position><LatitudeDegrees>43.008473</LatitudeDegrees><LongitudeDegrees>-1.258296</LongitudeDegrees></Position><AltitudeMeters>898.0</AltitudeMeters></Trackpoint>
   <Trackpoint><DistanceMeters>27411.2</DistanceMeters><Position><LatitudeDegrees>43.008202</LatitudeDegrees><LongitudeDegrees>-1.258416</LongitudeDegrees></Position><AltitudeMeters>898.5</AltitudeMeters></Trackpoint>
   <Trackpoint><DistanceMeters>27445.7</DistanceMeters><Position><LatitudeDegrees>43.007911</LatitudeDegrees><LongitudeDegrees>-1.258562</LongitudeDegrees></Position><AltitudeMeters>899.2</AltitudeMeters></Trackpoint>
   <Trackpoint><DistanceMeters>27496.1</DistanceMeters><Position><LatitudeDegrees>43.007485</LatitudeDegrees><LongitudeDegrees>-1.258771</LongitudeDegrees></Position><AltitudeMeters>898.5</AltitudeMeters></Trackpoint>
   <Trackpoint><DistanceMeters>27543.4</DistanceMeters><Position><LatitudeDegrees>43.007060</LatitudeDegrees><LongitudeDegrees>-1.258802</LongitudeDegrees></Position><AltitudeMeters>898.2</AltitudeMeters></Trackpoint>
   <Trackpoint><DistanceMeters>27604.5</DistanceMeters><Position><LatitudeDegrees>43.006512</LatitudeDegrees><LongitudeDegrees>-1.258739</LongitudeDegrees></Position><AltitudeMeters>898.5</AltitudeMeters></Trackpoint>
   <Trackpoint><DistanceMeters>27638.6</DistanceMeters><Position><LatitudeDegrees>43.006210</LatitudeDegrees><LongitudeDegrees>-1.258809</LongitudeDegrees></Position><AltitudeMeters>899.2</AltitudeMeters></Trackpoint>
   <Trackpoint><DistanceMeters>27672.3</DistanceMeters><Position><LatitudeDegrees>43.005940</LatitudeDegrees><LongitudeDegrees>-1.258996</LongitudeDegrees></Position><AltitudeMeters>900.5</AltitudeMeters></Trackpoint>
   <Trackpoint><DistanceMeters>27720.3</DistanceMeters><Position><LatitudeDegrees>43.005577</LatitudeDegrees><LongitudeDegrees>-1.259316</LongitudeDegrees></Position><AltitudeMeters>902.0</AltitudeMeters></Trackpoint>
   <Trackpoint><DistanceMeters>27771.5</DistanceMeters><Position><LatitudeDegrees>43.005303</LatitudeDegrees><LongitudeDegrees>-1.259817</LongitudeDegrees></Position><AltitudeMeters>901.8</AltitudeMeters></Trackpoint>
   <Trackpoint><DistanceMeters>27824.7</DistanceMeters><Position><LatitudeDegrees>43.005040</LatitudeDegrees><LongitudeDegrees>-1.260361</LongitudeDegrees></Position><AltitudeMeters>903.5</AltitudeMeters></Trackpoint>
   <Trackpoint><DistanceMeters>27872.9</DistanceMeters><Position><LatitudeDegrees>43.004940</LatitudeDegrees><LongitudeDegrees>-1.260937</LongitudeDegrees></Position><AltitudeMeters>909.5</AltitudeMeters></Trackpoint>
   <Trackpoint><DistanceMeters>27914.8</DistanceMeters><Position><LatitudeDegrees>43.004891</LatitudeDegrees><LongitudeDegrees>-1.261448</LongitudeDegrees></Position><AltitudeMeters>914.2</AltitudeMeters></Trackpoint>
   <Trackpoint><DistanceMeters>27945.2</DistanceMeters><Position><LatitudeDegrees>43.004866</LatitudeDegrees><LongitudeDegrees>-1.261820</LongitudeDegrees></Position><AltitudeMeters>916.8</AltitudeMeters></Trackpoint>
   <Trackpoint><DistanceMeters>28008.2</DistanceMeters><Position><LatitudeDegrees>43.004736</LatitudeDegrees><LongitudeDegrees>-1.262574</LongitudeDegrees></Position><AltitudeMeters>924.5</AltitudeMeters></Trackpoint>
   <Trackpoint><DistanceMeters>28043.6</DistanceMeters><Position><LatitudeDegrees>43.004559</LatitudeDegrees><LongitudeDegrees>-1.262935</LongitudeDegrees></Position><AltitudeMeters>927.5</AltitudeMeters></Trackpoint>
   <Trackpoint><DistanceMeters>28074.9</DistanceMeters><Position><LatitudeDegrees>43.004497</LatitudeDegrees><LongitudeDegrees>-1.263305</LongitudeDegrees></Position><AltitudeMeters>932.0</AltitudeMeters></Trackpoint>
   <Trackpoint><DistanceMeters>28124.3</DistanceMeters><Position><LatitudeDegrees>43.004581</LatitudeDegrees><LongitudeDegrees>-1.263902</LongitudeDegrees></Position><AltitudeMeters>939.0</AltitudeMeters></Trackpoint>
   <Trackpoint><DistanceMeters>28154.9</DistanceMeters><Position><LatitudeDegrees>43.004527</LatitudeDegrees><LongitudeDegrees>-1.264269</LongitudeDegrees></Position><AltitudeMeters>942.0</AltitudeMeters></Trackpoint>
   <Trackpoint><DistanceMeters>28189.9</DistanceMeters><Position><LatitudeDegrees>43.004417</LatitudeDegrees><LongitudeDegrees>-1.264671</LongitudeDegrees></Position><AltitudeMeters>946.5</AltitudeMeters></Trackpoint>
   <Trackpoint><DistanceMeters>28237.6</DistanceMeters><Position><LatitudeDegrees>43.004438</LatitudeDegrees><LongitudeDegrees>-1.265240</LongitudeDegrees></Position><AltitudeMeters>950.8</AltitudeMeters></Trackpoint>
   <Trackpoint><DistanceMeters>28278.6</DistanceMeters><Position><LatitudeDegrees>43.004559</LatitudeDegrees><LongitudeDegrees>-1.265716</LongitudeDegrees></Position><AltitudeMeters>955.8</AltitudeMeters></Trackpoint>
   <Trackpoint><DistanceMeters>28316.9</DistanceMeters><Position><LatitudeDegrees>43.004405</LatitudeDegrees><LongitudeDegrees>-1.266114</LongitudeDegrees></Position><AltitudeMeters>957.8</AltitudeMeters></Trackpoint>
   <Trackpoint><DistanceMeters>28347.5</DistanceMeters><Position><LatitudeDegrees>43.004164</LatitudeDegrees><LongitudeDegrees>-1.266295</LongitudeDegrees></Position><AltitudeMeters>959.8</AltitudeMeters></Trackpoint>
   <Trackpoint><DistanceMeters>28389.1</DistanceMeters><Position><LatitudeDegrees>43.003844</LatitudeDegrees><LongitudeDegrees>-1.266560</LongitudeDegrees></Position><AltitudeMeters>966.5</AltitudeMeters></Trackpoint>
   <Trackpoint><DistanceMeters>28436.9</DistanceMeters><Position><LatitudeDegrees>43.003612</LatitudeDegrees><LongitudeDegrees>-1.267052</LongitudeDegrees></Position><AltitudeMeters>971.0</AltitudeMeters></Trackpoint>
   <Trackpoint><DistanceMeters>28555.7</DistanceMeters><Position><LatitudeDegrees>43.003362</LatitudeDegrees><LongitudeDegrees>-1.268472</LongitudeDegrees></Position><AltitudeMeters>978.5</AltitudeMeters></Trackpoint>
   <Trackpoint><DistanceMeters>28601.4</DistanceMeters><Position><LatitudeDegrees>43.003313</LatitudeDegrees><LongitudeDegrees>-1.269030</LongitudeDegrees></Position><AltitudeMeters>981.8</AltitudeMeters></Trackpoint>
   <Trackpoint><DistanceMeters>28653.0</DistanceMeters><Position><LatitudeDegrees>43.003324</LatitudeDegrees><LongitudeDegrees>-1.269662</LongitudeDegrees></Position><AltitudeMeters>983.8</AltitudeMeters></Trackpoint>
   <Trackpoint><DistanceMeters>28683.4</DistanceMeters><Position><LatitudeDegrees>43.003131</LatitudeDegrees><LongitudeDegrees>-1.269864</LongitudeDegrees></Position><AltitudeMeters>985.0</AltitudeMeters></Trackpoint>
   <Trackpoint><DistanceMeters>28715.0</DistanceMeters><Position><LatitudeDegrees>43.002906</LatitudeDegrees><LongitudeDegrees>-1.270062</LongitudeDegrees></Position><AltitudeMeters>985.8</AltitudeMeters></Trackpoint>
   <Trackpoint><DistanceMeters>28760.7</DistanceMeters><Position><LatitudeDegrees>43.002759</LatitudeDegrees><LongitudeDegrees>-1.270586</LongitudeDegrees></Position><AltitudeMeters>987.5</AltitudeMeters></Trackpoint>
   <Trackpoint><DistanceMeters>28796.8</DistanceMeters><Position><LatitudeDegrees>43.002653</LatitudeDegrees><LongitudeDegrees>-1.271006</LongitudeDegrees></Position><AltitudeMeters>990.0</AltitudeMeters></Trackpoint>
   <Trackpoint><DistanceMeters>28912.1</DistanceMeters><Position><LatitudeDegrees>43.002515</LatitudeDegrees><LongitudeDegrees>-1.272411</LongitudeDegrees></Position><AltitudeMeters>997.0</AltitudeMeters></Trackpoint>
   <Trackpoint><DistanceMeters>28970.5</DistanceMeters><Position><LatitudeDegrees>43.002430</LatitudeDegrees><LongitudeDegrees>-1.273120</LongitudeDegrees></Position><AltitudeMeters>1003.0</AltitudeMeters></Trackpoint>
   <Trackpoint><DistanceMeters>29003.0</DistanceMeters><Position><LatitudeDegrees>43.002427</LatitudeDegrees><LongitudeDegrees>-1.273519</LongitudeDegrees></Position><AltitudeMeters>1005.0</AltitudeMeters></Trackpoint>
   <Trackpoint><DistanceMeters>29060.5</DistanceMeters><Position><LatitudeDegrees>43.002476</LatitudeDegrees><LongitudeDegrees>-1.274222</LongitudeDegrees></Position><AltitudeMeters>1007.0</AltitudeMeters></Trackpoint>
   <Trackpoint><DistanceMeters>29099.3</DistanceMeters><Position><LatitudeDegrees>43.002477</LatitudeDegrees><LongitudeDegrees>-1.274699</LongitudeDegrees></Position><AltitudeMeters>1010.8</AltitudeMeters></Trackpoint>
   <Trackpoint><DistanceMeters>29147.5</DistanceMeters><Position><LatitudeDegrees>43.002113</LatitudeDegrees><LongitudeDegrees>-1.274753</LongitudeDegrees></Position><AltitudeMeters>1014.2</AltitudeMeters></Trackpoint>
   <Trackpoint><DistanceMeters>29189.0</DistanceMeters><Position><LatitudeDegrees>43.001749</LatitudeDegrees><LongitudeDegrees>-1.274855</LongitudeDegrees></Position><AltitudeMeters>1018.2</AltitudeMeters></Trackpoint>
   <Trackpoint><DistanceMeters>29221.2</DistanceMeters><Position><LatitudeDegrees>43.001464</LatitudeDegrees><LongitudeDegrees>-1.274923</LongitudeDegrees></Position><AltitudeMeters>1018.8</AltitudeMeters></Trackpoint>
   <Trackpoint><DistanceMeters>29268.1</DistanceMeters><Position><LatitudeDegrees>43.001123</LatitudeDegrees><LongitudeDegrees>-1.275255</LongitudeDegrees></Position><AltitudeMeters>1023.5</AltitudeMeters></Trackpoint>
   <Trackpoint><DistanceMeters>29330.8</DistanceMeters><Position><LatitudeDegrees>43.000919</LatitudeDegrees><LongitudeDegrees>-1.275963</LongitudeDegrees></Position><AltitudeMeters>1030.8</AltitudeMeters></Trackpoint>
   <Trackpoint><DistanceMeters>29364.3</DistanceMeters><Position><LatitudeDegrees>43.000905</LatitudeDegrees><LongitudeDegrees>-1.276373</LongitudeDegrees></Position><AltitudeMeters>1030.5</AltitudeMeters></Trackpoint>
   <Trackpoint><DistanceMeters>29426.0</DistanceMeters><Position><LatitudeDegrees>43.001259</LatitudeDegrees><LongitudeDegrees>-1.276954</LongitudeDegrees></Position><AltitudeMeters>1030.5</AltitudeMeters></Trackpoint>
   <Trackpoint><DistanceMeters>29485.3</DistanceMeters><Position><LatitudeDegrees>43.001541</LatitudeDegrees><LongitudeDegrees>-1.277572</LongitudeDegrees></Position><AltitudeMeters>1032.8</AltitudeMeters></Trackpoint>
   <Trackpoint><DistanceMeters>29531.2</DistanceMeters><Position><LatitudeDegrees>43.001736</LatitudeDegrees><LongitudeDegrees>-1.278070</LongitudeDegrees></Position><AltitudeMeters>1033.0</AltitudeMeters></Trackpoint>
   <Trackpoint><DistanceMeters>29568.6</DistanceMeters><Position><LatitudeDegrees>43.001918</LatitudeDegrees><LongitudeDegrees>-1.278456</LongitudeDegrees></Position><AltitudeMeters>1033.5</AltitudeMeters></Trackpoint>
   <Trackpoint><DistanceMeters>29600.3</DistanceMeters><Position><LatitudeDegrees>43.002085</LatitudeDegrees><LongitudeDegrees>-1.278772</LongitudeDegrees></Position><AltitudeMeters>1033.8</AltitudeMeters></Trackpoint>
   <Trackpoint><DistanceMeters>29652.8</DistanceMeters><Position><LatitudeDegrees>43.002415</LatitudeDegrees><LongitudeDegrees>-1.279234</LongitudeDegrees></Position><AltitudeMeters>1034.5</AltitudeMeters></Trackpoint>
   <Trackpoint><DistanceMeters>29692.3</DistanceMeters><Position><LatitudeDegrees>43.002572</LatitudeDegrees><LongitudeDegrees>-1.279662</LongitudeDegrees></Position><AltitudeMeters>1037.5</AltitudeMeters></Trackpoint>
   <Trackpoint><DistanceMeters>29729.9</DistanceMeters><Position><LatitudeDegrees>43.002545</LatitudeDegrees><LongitudeDegrees>-1.280123</LongitudeDegrees></Position><AltitudeMeters>1040.2</AltitudeMeters></Trackpoint>
   <Trackpoint><DistanceMeters>29771.1</DistanceMeters><Position><LatitudeDegrees>43.002636</LatitudeDegrees><LongitudeDegrees>-1.280597</LongitudeDegrees></Position><AltitudeMeters>1042.2</AltitudeMeters></Trackpoint>
   <Trackpoint><DistanceMeters>29825.5</DistanceMeters><Position><LatitudeDegrees>43.002948</LatitudeDegrees><LongitudeDegrees>-1.281113</LongitudeDegrees></Position><AltitudeMeters>1042.5</AltitudeMeters></Trackpoint>
   <Trackpoint><DistanceMeters>29867.7</DistanceMeters><Position><LatitudeDegrees>43.003262</LatitudeDegrees><LongitudeDegrees>-1.281403</LongitudeDegrees></Position><AltitudeMeters>1042.5</AltitudeMeters></Trackpoint>
   <Trackpoint><DistanceMeters>29912.0</DistanceMeters><Position><LatitudeDegrees>43.003627</LatitudeDegrees><LongitudeDegrees>-1.281621</LongitudeDegrees></Position><AltitudeMeters>1045.2</AltitudeMeters></Trackpoint>
   <Trackpoint><DistanceMeters>29991.3</DistanceMeters><Position><LatitudeDegrees>43.003943</LatitudeDegrees><LongitudeDegrees>-1.282480</LongitudeDegrees></Position><AltitudeMeters>1048.8</AltitudeMeters></Trackpoint>
   <Trackpoint><DistanceMeters>30060.4</DistanceMeters><Position><LatitudeDegrees>43.004168</LatitudeDegrees><LongitudeDegrees>-1.283272</LongitudeDegrees></Position><AltitudeMeters>1048.2</AltitudeMeters></Trackpoint>
   <Trackpoint><DistanceMeters>30135.6</DistanceMeters><Position><LatitudeDegrees>43.004400</LatitudeDegrees><LongitudeDegrees>-1.284141</LongitudeDegrees></Position><AltitudeMeters>1049.2</AltitudeMeters></Trackpoint>
   <Trackpoint><DistanceMeters>30178.8</DistanceMeters><Position><LatitudeDegrees>43.004590</LatitudeDegrees><LongitudeDegrees>-1.284604</LongitudeDegrees></Position><AltitudeMeters>1050.0</AltitudeMeters></Trackpoint>
   <Trackpoint><DistanceMeters>30226.8</DistanceMeters><Position><LatitudeDegrees>43.004834</LatitudeDegrees><LongitudeDegrees>-1.285092</LongitudeDegrees></Position><AltitudeMeters>1049.2</AltitudeMeters></Trackpoint>
   <Trackpoint><DistanceMeters>30309.6</DistanceMeters><Position><LatitudeDegrees>43.005346</LatitudeDegrees><LongitudeDegrees>-1.285830</LongitudeDegrees></Position><AltitudeMeters>1045.2</AltitudeMeters></Trackpoint>
   <Trackpoint><DistanceMeters>30345.2</DistanceMeters><Position><LatitudeDegrees>43.005596</LatitudeDegrees><LongitudeDegrees>-1.286105</LongitudeDegrees></Position><AltitudeMeters>1041.0</AltitudeMeters></Trackpoint>
   <Trackpoint><DistanceMeters>30396.1</DistanceMeters><Position><LatitudeDegrees>43.006045</LatitudeDegrees><LongitudeDegrees>-1.286225</LongitudeDegrees></Position><AltitudeMeters>1039.5</AltitudeMeters></Trackpoint>
   <Trackpoint><DistanceMeters>30430.9</DistanceMeters><Position><LatitudeDegrees>43.006164</LatitudeDegrees><LongitudeDegrees>-1.286535</LongitudeDegrees></Position><AltitudeMeters>1037.0</AltitudeMeters></Trackpoint>
   <Trackpoint><DistanceMeters>30474.7</DistanceMeters><Position><LatitudeDegrees>43.005842</LatitudeDegrees><LongitudeDegrees>-1.286820</LongitudeDegrees></Position><AltitudeMeters>1038.0</AltitudeMeters></Trackpoint>
   <Trackpoint><DistanceMeters>30523.9</DistanceMeters><Position><LatitudeDegrees>43.005444</LatitudeDegrees><LongitudeDegrees>-1.287079</LongitudeDegrees></Position><AltitudeMeters>1040.2</AltitudeMeters></Trackpoint>
   <Trackpoint><DistanceMeters>30590.9</DistanceMeters><Position><LatitudeDegrees>43.004849</LatitudeDegrees><LongitudeDegrees>-1.287180</LongitudeDegrees></Position><AltitudeMeters>1041.8</AltitudeMeters></Trackpoint>
   <Trackpoint><DistanceMeters>30635.6</DistanceMeters><Position><LatitudeDegrees>43.004449</LatitudeDegrees><LongitudeDegrees>-1.287217</LongitudeDegrees></Position><AltitudeMeters>1043.8</AltitudeMeters></Trackpoint>
   <Trackpoint><DistanceMeters>30667.3</DistanceMeters><Position><LatitudeDegrees>43.004362</LatitudeDegrees><LongitudeDegrees>-1.287496</LongitudeDegrees></Position><AltitudeMeters>1044.5</AltitudeMeters></Trackpoint>
   <Trackpoint><DistanceMeters>30712.4</DistanceMeters><Position><LatitudeDegrees>43.004677</LatitudeDegrees><LongitudeDegrees>-1.287845</LongitudeDegrees></Position><AltitudeMeters>1048.5</AltitudeMeters></Trackpoint>
   <Trackpoint><DistanceMeters>30764.2</DistanceMeters><Position><LatitudeDegrees>43.004966</LatitudeDegrees><LongitudeDegrees>-1.288342</LongitudeDegrees></Position><AltitudeMeters>1052.8</AltitudeMeters></Trackpoint>
   <Trackpoint><DistanceMeters>30794.9</DistanceMeters><Position><LatitudeDegrees>43.005019</LatitudeDegrees><LongitudeDegrees>-1.288711</LongitudeDegrees></Position><AltitudeMeters>1054.2</AltitudeMeters></Trackpoint>
   <Trackpoint><DistanceMeters>30834.3</DistanceMeters><Position><LatitudeDegrees>43.004704</LatitudeDegrees><LongitudeDegrees>-1.288683</LongitudeDegrees></Position><AltitudeMeters>1055.2</AltitudeMeters></Trackpoint>
   <Trackpoint><DistanceMeters>30869.9</DistanceMeters><Position><LatitudeDegrees>43.004385</LatitudeDegrees><LongitudeDegrees>-1.288711</LongitudeDegrees></Position><AltitudeMeters>1055.5</AltitudeMeters></Trackpoint>
   <Trackpoint><DistanceMeters>30916.8</DistanceMeters><Position><LatitudeDegrees>43.003998</LatitudeDegrees><LongitudeDegrees>-1.288938</LongitudeDegrees></Position><AltitudeMeters>1058.0</AltitudeMeters></Trackpoint>
   <Trackpoint><DistanceMeters>30961.7</DistanceMeters><Position><LatitudeDegrees>43.003709</LatitudeDegrees><LongitudeDegrees>-1.289320</LongitudeDegrees></Position><AltitudeMeters>1060.0</AltitudeMeters></Trackpoint>
   <Trackpoint><DistanceMeters>31003.7</DistanceMeters><Position><LatitudeDegrees>43.003571</LatitudeDegrees><LongitudeDegrees>-1.289795</LongitudeDegrees></Position><AltitudeMeters>1058.8</AltitudeMeters></Trackpoint>
   <Trackpoint><DistanceMeters>31049.6</DistanceMeters><Position><LatitudeDegrees>43.003580</LatitudeDegrees><LongitudeDegrees>-1.290358</LongitudeDegrees></Position><AltitudeMeters>1056.2</AltitudeMeters></Trackpoint>
   <Trackpoint><DistanceMeters>31101.7</DistanceMeters><Position><LatitudeDegrees>43.003651</LatitudeDegrees><LongitudeDegrees>-1.290990</LongitudeDegrees></Position><AltitudeMeters>1054.5</AltitudeMeters></Trackpoint>
   <Trackpoint><DistanceMeters>31140.0</DistanceMeters><Position><LatitudeDegrees>43.003494</LatitudeDegrees><LongitudeDegrees>-1.291396</LongitudeDegrees></Position><AltitudeMeters>1052.2</AltitudeMeters></Trackpoint>
   <Trackpoint><DistanceMeters>31175.9</DistanceMeters><Position><LatitudeDegrees>43.003198</LatitudeDegrees><LongitudeDegrees>-1.291542</LongitudeDegrees></Position><AltitudeMeters>1052.8</AltitudeMeters></Trackpoint>
   <Trackpoint><DistanceMeters>31231.7</DistanceMeters><Position><LatitudeDegrees>43.002699</LatitudeDegrees><LongitudeDegrees>-1.291478</LongitudeDegrees></Position><AltitudeMeters>1047.5</AltitudeMeters></Trackpoint>
   <Trackpoint><DistanceMeters>31288.4</DistanceMeters><Position><LatitudeDegrees>43.002190</LatitudeDegrees><LongitudeDegrees>-1.291427</LongitudeDegrees></Position><AltitudeMeters>1041.8</AltitudeMeters></Trackpoint>
   <Trackpoint><DistanceMeters>31325.6</DistanceMeters><Position><LatitudeDegrees>43.001875</LatitudeDegrees><LongitudeDegrees>-1.291543</LongitudeDegrees></Position><AltitudeMeters>1037.0</AltitudeMeters></Trackpoint>
   <Trackpoint><DistanceMeters>31361.6</DistanceMeters><Position><LatitudeDegrees>43.001868</LatitudeDegrees><LongitudeDegrees>-1.291960</LongitudeDegrees></Position><AltitudeMeters>1036.0</AltitudeMeters></Trackpoint>
   <Trackpoint><DistanceMeters>31414.7</DistanceMeters><Position><LatitudeDegrees>43.002103</LatitudeDegrees><LongitudeDegrees>-1.292528</LongitudeDegrees></Position><AltitudeMeters>1036.0</AltitudeMeters></Trackpoint>
   <Trackpoint><DistanceMeters>31445.6</DistanceMeters><Position><LatitudeDegrees>43.002214</LatitudeDegrees><LongitudeDegrees>-1.292877</LongitudeDegrees></Position><AltitudeMeters>1034.0</AltitudeMeters></Trackpoint>
   <Trackpoint><DistanceMeters>31488.2</DistanceMeters><Position><LatitudeDegrees>43.002193</LatitudeDegrees><LongitudeDegrees>-1.293393</LongitudeDegrees></Position><AltitudeMeters>1030.5</AltitudeMeters></Trackpoint>
   <Trackpoint><DistanceMeters>31527.0</DistanceMeters><Position><LatitudeDegrees>43.001958</LatitudeDegrees><LongitudeDegrees>-1.293736</LongitudeDegrees></Position><AltitudeMeters>1028.5</AltitudeMeters></Trackpoint>
   <Trackpoint><DistanceMeters>31566.7</DistanceMeters><Position><LatitudeDegrees>43.001650</LatitudeDegrees><LongitudeDegrees>-1.293982</LongitudeDegrees></Position><AltitudeMeters>1027.2</AltitudeMeters></Trackpoint>
   <Trackpoint><DistanceMeters>31596.9</DistanceMeters><Position><LatitudeDegrees>43.001443</LatitudeDegrees><LongitudeDegrees>-1.294218</LongitudeDegrees></Position><AltitudeMeters>1025.8</AltitudeMeters></Trackpoint>
   <Trackpoint><DistanceMeters>31638.3</DistanceMeters><Position><LatitudeDegrees>43.001319</LatitudeDegrees><LongitudeDegrees>-1.294693</LongitudeDegrees></Position><AltitudeMeters>1024.0</AltitudeMeters></Trackpoint>
   <Trackpoint><DistanceMeters>31717.1</DistanceMeters><Position><LatitudeDegrees>43.001320</LatitudeDegrees><LongitudeDegrees>-1.295661</LongitudeDegrees></Position><AltitudeMeters>1017.8</AltitudeMeters></Trackpoint>
   <Trackpoint><DistanceMeters>31762.7</DistanceMeters><Position><LatitudeDegrees>43.001279</LatitudeDegrees><LongitudeDegrees>-1.296218</LongitudeDegrees></Position><AltitudeMeters>1015.0</AltitudeMeters></Trackpoint>
   <Trackpoint><DistanceMeters>31800.0</DistanceMeters><Position><LatitudeDegrees>43.001170</LatitudeDegrees><LongitudeDegrees>-1.296650</LongitudeDegrees></Position><AltitudeMeters>1015.0</AltitudeMeters></Trackpoint>
   <Trackpoint><DistanceMeters>31846.2</DistanceMeters><Position><LatitudeDegrees>43.001402</LatitudeDegrees><LongitudeDegrees>-1.297062</LongitudeDegrees></Position><AltitudeMeters>1014.5</AltitudeMeters></Trackpoint>
   <Trackpoint><DistanceMeters>31891.4</DistanceMeters><Position><LatitudeDegrees>43.001742</LatitudeDegrees><LongitudeDegrees>-1.297367</LongitudeDegrees></Position><AltitudeMeters>1011.0</AltitudeMeters></Trackpoint>
   <Trackpoint><DistanceMeters>31934.8</DistanceMeters><Position><LatitudeDegrees>43.002084</LatitudeDegrees><LongitudeDegrees>-1.297621</LongitudeDegrees></Position><AltitudeMeters>1007.0</AltitudeMeters></Trackpoint>
   <Trackpoint><DistanceMeters>31977.1</DistanceMeters><Position><LatitudeDegrees>43.002454</LatitudeDegrees><LongitudeDegrees>-1.297734</LongitudeDegrees></Position><AltitudeMeters>1002.8</AltitudeMeters></Trackpoint>
   <Trackpoint><DistanceMeters>32022.0</DistanceMeters><Position><LatitudeDegrees>43.002856</LatitudeDegrees><LongitudeDegrees>-1.297700</LongitudeDegrees></Position><AltitudeMeters>998.2</AltitudeMeters></Trackpoint>
   <Trackpoint><DistanceMeters>32060.0</DistanceMeters><Position><LatitudeDegrees>43.003165</LatitudeDegrees><LongitudeDegrees>-1.297500</LongitudeDegrees></Position><AltitudeMeters>995.0</AltitudeMeters></Trackpoint>
   <Trackpoint><DistanceMeters>32091.2</DistanceMeters><Position><LatitudeDegrees>43.003418</LatitudeDegrees><LongitudeDegrees>-1.297334</LongitudeDegrees></Position><AltitudeMeters>992.0</AltitudeMeters></Trackpoint>
   <Trackpoint><DistanceMeters>32130.1</DistanceMeters><Position><LatitudeDegrees>43.003763</LatitudeDegrees><LongitudeDegrees>-1.297299</LongitudeDegrees></Position><AltitudeMeters>987.5</AltitudeMeters></Trackpoint>
   <Trackpoint><DistanceMeters>32175.0</DistanceMeters><Position><LatitudeDegrees>43.004164</LatitudeDegrees><LongitudeDegrees>-1.297344</LongitudeDegrees></Position><AltitudeMeters>985.2</AltitudeMeters></Trackpoint>
   <Trackpoint><DistanceMeters>32207.0</DistanceMeters><Position><LatitudeDegrees>43.004451</LatitudeDegrees><LongitudeDegrees>-1.297377</LongitudeDegrees></Position><AltitudeMeters>982.0</AltitudeMeters></Trackpoint>
   <Trackpoint><DistanceMeters>32240.7</DistanceMeters><Position><LatitudeDegrees>43.004603</LatitudeDegrees><LongitudeDegrees>-1.297702</LongitudeDegrees></Position><AltitudeMeters>980.5</AltitudeMeters></Trackpoint>
   <Trackpoint><DistanceMeters>32284.0</DistanceMeters><Position><LatitudeDegrees>43.004521</LatitudeDegrees><LongitudeDegrees>-1.298222</LongitudeDegrees></Position><AltitudeMeters>977.2</AltitudeMeters></Trackpoint>
   <Trackpoint><DistanceMeters>32328.1</DistanceMeters><Position><LatitudeDegrees>43.004508</LatitudeDegrees><LongitudeDegrees>-1.298763</LongitudeDegrees></Position><AltitudeMeters>974.8</AltitudeMeters></Trackpoint>
   <Trackpoint><DistanceMeters>32366.4</DistanceMeters><Position><LatitudeDegrees>43.004613</LatitudeDegrees><LongitudeDegrees>-1.299211</LongitudeDegrees></Position><AltitudeMeters>972.5</AltitudeMeters></Trackpoint>
   <Trackpoint><DistanceMeters>32430.5</DistanceMeters><Position><LatitudeDegrees>43.004928</LatitudeDegrees><LongitudeDegrees>-1.299868</LongitudeDegrees></Position><AltitudeMeters>968.0</AltitudeMeters></Trackpoint>
   <Trackpoint><DistanceMeters>32467.9</DistanceMeters><Position><LatitudeDegrees>43.005138</LatitudeDegrees><LongitudeDegrees>-1.300228</LongitudeDegrees></Position><AltitudeMeters>964.5</AltitudeMeters></Trackpoint>
   <Trackpoint><DistanceMeters>32563.8</DistanceMeters><Position><LatitudeDegrees>43.005377</LatitudeDegrees><LongitudeDegrees>-1.301356</LongitudeDegrees></Position><AltitudeMeters>960.8</AltitudeMeters></Trackpoint>
   <Trackpoint><DistanceMeters>32648.5</DistanceMeters><Position><LatitudeDegrees>43.005515</LatitudeDegrees><LongitudeDegrees>-1.302380</LongitudeDegrees></Position><AltitudeMeters>959.5</AltitudeMeters></Trackpoint>
   <Trackpoint><DistanceMeters>32687.6</DistanceMeters><Position><LatitudeDegrees>43.005640</LatitudeDegrees><LongitudeDegrees>-1.302829</LongitudeDegrees></Position><AltitudeMeters>957.0</AltitudeMeters></Trackpoint>
   <Trackpoint><DistanceMeters>32727.1</DistanceMeters><Position><LatitudeDegrees>43.005802</LatitudeDegrees><LongitudeDegrees>-1.303260</LongitudeDegrees></Position><AltitudeMeters>952.8</AltitudeMeters></Trackpoint>
   <Trackpoint><DistanceMeters>32777.6</DistanceMeters><Position><LatitudeDegrees>43.005783</LatitudeDegrees><LongitudeDegrees>-1.303871</LongitudeDegrees></Position><AltitudeMeters>947.8</AltitudeMeters></Trackpoint>
   <Trackpoint><DistanceMeters>32814.9</DistanceMeters><Position><LatitudeDegrees>43.005575</LatitudeDegrees><LongitudeDegrees>-1.304187</LongitudeDegrees></Position><AltitudeMeters>948.2</AltitudeMeters></Trackpoint>
   <Trackpoint><DistanceMeters>32848.6</DistanceMeters><Position><LatitudeDegrees>43.005647</LatitudeDegrees><LongitudeDegrees>-1.304588</LongitudeDegrees></Position><AltitudeMeters>952.0</AltitudeMeters></Trackpoint>
   <Trackpoint><DistanceMeters>32887.5</DistanceMeters><Position><LatitudeDegrees>43.005534</LatitudeDegrees><LongitudeDegrees>-1.305025</LongitudeDegrees></Position><AltitudeMeters>955.2</AltitudeMeters></Trackpoint>
   <Trackpoint><DistanceMeters>32929.9</DistanceMeters><Position><LatitudeDegrees>43.005475</LatitudeDegrees><LongitudeDegrees>-1.305534</LongitudeDegrees></Position><AltitudeMeters>958.0</AltitudeMeters></Trackpoint>
   <Trackpoint><DistanceMeters>32975.7</DistanceMeters><Position><LatitudeDegrees>43.005624</LatitudeDegrees><LongitudeDegrees>-1.306057</LongitudeDegrees></Position><AltitudeMeters>960.0</AltitudeMeters></Trackpoint>
   <Trackpoint><DistanceMeters>33034.7</DistanceMeters><Position><LatitudeDegrees>43.005724</LatitudeDegrees><LongitudeDegrees>-1.306769</LongitudeDegrees></Position><AltitudeMeters>963.2</AltitudeMeters></Trackpoint>
   <Trackpoint><DistanceMeters>33084.1</DistanceMeters><Position><LatitudeDegrees>43.005793</LatitudeDegrees><LongitudeDegrees>-1.307369</LongitudeDegrees></Position><AltitudeMeters>962.5</AltitudeMeters></Trackpoint>
   <Trackpoint><DistanceMeters>33138.6</DistanceMeters><Position><LatitudeDegrees>43.005745</LatitudeDegrees><LongitudeDegrees>-1.308035</LongitudeDegrees></Position><AltitudeMeters>961.2</AltitudeMeters></Trackpoint>
   <Trackpoint><DistanceMeters>33176.0</DistanceMeters><Position><LatitudeDegrees>43.005594</LatitudeDegrees><LongitudeDegrees>-1.308427</LongitudeDegrees></Position><AltitudeMeters>961.0</AltitudeMeters></Trackpoint>
   <Trackpoint><DistanceMeters>33212.3</DistanceMeters><Position><LatitudeDegrees>43.005401</LatitudeDegrees><LongitudeDegrees>-1.308769</LongitudeDegrees></Position><AltitudeMeters>963.2</AltitudeMeters></Trackpoint>
   <Trackpoint><DistanceMeters>33256.4</DistanceMeters><Position><LatitudeDegrees>43.005448</LatitudeDegrees><LongitudeDegrees>-1.309305</LongitudeDegrees></Position><AltitudeMeters>964.8</AltitudeMeters></Trackpoint>
   <Trackpoint><DistanceMeters>33295.2</DistanceMeters><Position><LatitudeDegrees>43.005577</LatitudeDegrees><LongitudeDegrees>-1.309748</LongitudeDegrees></Position><AltitudeMeters>964.0</AltitudeMeters></Trackpoint>
   <Trackpoint><DistanceMeters>33325.3</DistanceMeters><Position><LatitudeDegrees>43.005717</LatitudeDegrees><LongitudeDegrees>-1.310064</LongitudeDegrees></Position><AltitudeMeters>962.5</AltitudeMeters></Trackpoint>
   <Trackpoint><DistanceMeters>33361.9</DistanceMeters><Position><LatitudeDegrees>43.005922</LatitudeDegrees><LongitudeDegrees>-1.310416</LongitudeDegrees></Position><AltitudeMeters>961.5</AltitudeMeters></Trackpoint>
   <Trackpoint><DistanceMeters>33456.6</DistanceMeters><Position><LatitudeDegrees>43.006222</LatitudeDegrees><LongitudeDegrees>-1.311505</LongitudeDegrees></Position><AltitudeMeters>960.0</AltitudeMeters></Trackpoint>
   <Trackpoint><DistanceMeters>33492.0</DistanceMeters><Position><LatitudeDegrees>43.006275</LatitudeDegrees><LongitudeDegrees>-1.311935</LongitudeDegrees></Position><AltitudeMeters>961.2</AltitudeMeters></Trackpoint>
   <Trackpoint><DistanceMeters>33522.2</DistanceMeters><Position><LatitudeDegrees>43.006312</LatitudeDegrees><LongitudeDegrees>-1.312302</LongitudeDegrees></Position><AltitudeMeters>960.8</AltitudeMeters></Trackpoint>
   <Trackpoint><DistanceMeters>33552.7</DistanceMeters><Position><LatitudeDegrees>43.006347</LatitudeDegrees><LongitudeDegrees>-1.312674</LongitudeDegrees></Position><AltitudeMeters>959.8</AltitudeMeters></Trackpoint>
   <Trackpoint><DistanceMeters>33590.0</DistanceMeters><Position><LatitudeDegrees>43.006418</LatitudeDegrees><LongitudeDegrees>-1.313123</LongitudeDegrees></Position><AltitudeMeters>959.8</AltitudeMeters></Trackpoint>
   <Trackpoint><DistanceMeters>33630.5</DistanceMeters><Position><LatitudeDegrees>43.006496</LatitudeDegrees><LongitudeDegrees>-1.313609</LongitudeDegrees></Position><AltitudeMeters>960.8</AltitudeMeters></Trackpoint>
   <Trackpoint><DistanceMeters>33670.5</DistanceMeters><Position><LatitudeDegrees>43.006544</LatitudeDegrees><LongitudeDegrees>-1.314085</LongitudeDegrees></Position><AltitudeMeters>957.5</AltitudeMeters></Trackpoint>
   <Trackpoint><DistanceMeters>33713.3</DistanceMeters><Position><LatitudeDegrees>43.006561</LatitudeDegrees><LongitudeDegrees>-1.314610</LongitudeDegrees></Position><AltitudeMeters>954.2</AltitudeMeters></Trackpoint>
   <Trackpoint><DistanceMeters>33744.5</DistanceMeters><Position><LatitudeDegrees>43.006659</LatitudeDegrees><LongitudeDegrees>-1.314969</LongitudeDegrees></Position><AltitudeMeters>952.2</AltitudeMeters></Trackpoint>
   <Trackpoint><DistanceMeters>33780.0</DistanceMeters><Position><LatitudeDegrees>43.006831</LatitudeDegrees><LongitudeDegrees>-1.315337</LongitudeDegrees></Position><AltitudeMeters>950.2</AltitudeMeters></Trackpoint>
   <Trackpoint><DistanceMeters>33835.5</DistanceMeters><Position><LatitudeDegrees>43.007147</LatitudeDegrees><LongitudeDegrees>-1.315865</LongitudeDegrees></Position><AltitudeMeters>950.0</AltitudeMeters></Trackpoint>
   <Trackpoint><DistanceMeters>33878.0</DistanceMeters><Position><LatitudeDegrees>43.007407</LatitudeDegrees><LongitudeDegrees>-1.316247</LongitudeDegrees></Position><AltitudeMeters>948.2</AltitudeMeters></Trackpoint>
   <Trackpoint><DistanceMeters>33925.3</DistanceMeters><Position><LatitudeDegrees>43.007601</LatitudeDegrees><LongitudeDegrees>-1.316762</LongitudeDegrees></Position><AltitudeMeters>945.5</AltitudeMeters></Trackpoint>
   <Trackpoint><DistanceMeters>33968.3</DistanceMeters><Position><LatitudeDegrees>43.007804</LatitudeDegrees><LongitudeDegrees>-1.317210</LongitudeDegrees></Position><AltitudeMeters>943.2</AltitudeMeters></Trackpoint>
   <Trackpoint><DistanceMeters>34034.2</DistanceMeters><Position><LatitudeDegrees>43.008226</LatitudeDegrees><LongitudeDegrees>-1.317779</LongitudeDegrees></Position><AltitudeMeters>938.0</AltitudeMeters></Trackpoint>
   <Trackpoint><DistanceMeters>34071.4</DistanceMeters><Position><LatitudeDegrees>43.008448</LatitudeDegrees><LongitudeDegrees>-1.318116</LongitudeDegrees></Position><AltitudeMeters>935.5</AltitudeMeters></Trackpoint>
   <Trackpoint><DistanceMeters>34109.4</DistanceMeters><Position><LatitudeDegrees>43.008688</LatitudeDegrees><LongitudeDegrees>-1.318416</LongitudeDegrees></Position><AltitudeMeters>935.8</AltitudeMeters></Trackpoint>
   <Trackpoint><DistanceMeters>34142.8</DistanceMeters><Position><LatitudeDegrees>43.008891</LatitudeDegrees><LongitudeDegrees>-1.318713</LongitudeDegrees></Position><AltitudeMeters>938.0</AltitudeMeters></Trackpoint>
   <Trackpoint><DistanceMeters>34180.6</DistanceMeters><Position><LatitudeDegrees>43.008929</LatitudeDegrees><LongitudeDegrees>-1.319154</LongitudeDegrees></Position><AltitudeMeters>942.5</AltitudeMeters></Trackpoint>
   <Trackpoint><DistanceMeters>34213.4</DistanceMeters><Position><LatitudeDegrees>43.008988</LatitudeDegrees><LongitudeDegrees>-1.319316</LongitudeDegrees></Position><AltitudeMeters>946.2</AltitudeMeters></Trackpoint>
   <Trackpoint><DistanceMeters>34249.0</DistanceMeters><Position><LatitudeDegrees>43.008988</LatitudeDegrees><LongitudeDegrees>-1.319316</LongitudeDegrees></Position><AltitudeMeters>946.2</AltitudeMeters></Trackpoint>
   <Trackpoint><DistanceMeters>34300.8</DistanceMeters><Position><LatitudeDegrees>43.008537</LatitudeDegrees><LongitudeDegrees>-1.319200</LongitudeDegrees></Position><AltitudeMeters>944.5</AltitudeMeters></Trackpoint>
   <Trackpoint><DistanceMeters>34332.3</DistanceMeters><Position><LatitudeDegrees>43.008301</LatitudeDegrees><LongitudeDegrees>-1.319291</LongitudeDegrees></Position><AltitudeMeters>945.2</AltitudeMeters></Trackpoint>
   <Trackpoint><DistanceMeters>34371.5</DistanceMeters><Position><LatitudeDegrees>43.008373</LatitudeDegrees><LongitudeDegrees>-1.319644</LongitudeDegrees></Position><AltitudeMeters>946.0</AltitudeMeters></Trackpoint>
   <Trackpoint><DistanceMeters>34432.2</DistanceMeters><Position><LatitudeDegrees>43.008247</LatitudeDegrees><LongitudeDegrees>-1.319742</LongitudeDegrees></Position><AltitudeMeters>945.8</AltitudeMeters></Trackpoint>
   <Trackpoint><DistanceMeters>34486.8</DistanceMeters><Position><LatitudeDegrees>43.007771</LatitudeDegrees><LongitudeDegrees>-1.319580</LongitudeDegrees></Position><AltitudeMeters>943.8</AltitudeMeters></Trackpoint>
   <Trackpoint><DistanceMeters>34532.6</DistanceMeters><Position><LatitudeDegrees>43.007363</LatitudeDegrees><LongitudeDegrees>-1.319505</LongitudeDegrees></Position><AltitudeMeters>942.8</AltitudeMeters></Trackpoint>
   <Trackpoint><DistanceMeters>34570.3</DistanceMeters><Position><LatitudeDegrees>43.007026</LatitudeDegrees><LongitudeDegrees>-1.319452</LongitudeDegrees></Position><AltitudeMeters>941.2</AltitudeMeters></Trackpoint>
   <Trackpoint><DistanceMeters>34601.0</DistanceMeters><Position><LatitudeDegrees>43.006750</LatitudeDegrees><LongitudeDegrees>-1.319428</LongitudeDegrees></Position><AltitudeMeters>940.8</AltitudeMeters></Trackpoint>
   <Trackpoint><DistanceMeters>34658.6</DistanceMeters><Position><LatitudeDegrees>43.006235</LatitudeDegrees><LongitudeDegrees>-1.319358</LongitudeDegrees></Position><AltitudeMeters>939.8</AltitudeMeters></Trackpoint>
   <Trackpoint><DistanceMeters>34720.1</DistanceMeters><Position><LatitudeDegrees>43.005682</LatitudeDegrees><LongitudeDegrees>-1.319351</LongitudeDegrees></Position><AltitudeMeters>937.2</AltitudeMeters></Trackpoint>
   <Trackpoint><DistanceMeters>34760.7</DistanceMeters><Position><LatitudeDegrees>43.005327</LatitudeDegrees><LongitudeDegrees>-1.319463</LongitudeDegrees></Position><AltitudeMeters>936.0</AltitudeMeters></Trackpoint>
   <Trackpoint><DistanceMeters>34790.7</DistanceMeters><Position><LatitudeDegrees>43.005079</LatitudeDegrees><LongitudeDegrees>-1.319610</LongitudeDegrees></Position><AltitudeMeters>935.8</AltitudeMeters></Trackpoint>
   <Trackpoint><DistanceMeters>34851.5</DistanceMeters><Position><LatitudeDegrees>43.004594</LatitudeDegrees><LongitudeDegrees>-1.319954</LongitudeDegrees></Position><AltitudeMeters>934.5</AltitudeMeters></Trackpoint>
   <Trackpoint><DistanceMeters>34918.4</DistanceMeters><Position><LatitudeDegrees>43.004038</LatitudeDegrees><LongitudeDegrees>-1.320269</LongitudeDegrees></Position><AltitudeMeters>932.5</AltitudeMeters></Trackpoint>
   <Trackpoint><DistanceMeters>35016.8</DistanceMeters><Position><LatitudeDegrees>43.003257</LatitudeDegrees><LongitudeDegrees>-1.320837</LongitudeDegrees></Position><AltitudeMeters>930.5</AltitudeMeters></Trackpoint>
   <Trackpoint><DistanceMeters>35059.1</DistanceMeters><Position><LatitudeDegrees>43.002950</LatitudeDegrees><LongitudeDegrees>-1.321145</LongitudeDegrees></Position><AltitudeMeters>929.2</AltitudeMeters></Trackpoint>
   <Trackpoint><DistanceMeters>35129.9</DistanceMeters><Position><LatitudeDegrees>43.002439</LatitudeDegrees><LongitudeDegrees>-1.321663</LongitudeDegrees></Position><AltitudeMeters>925.0</AltitudeMeters></Trackpoint>
   <Trackpoint><DistanceMeters>35161.7</DistanceMeters><Position><LatitudeDegrees>43.002259</LatitudeDegrees><LongitudeDegrees>-1.321967</LongitudeDegrees></Position><AltitudeMeters>923.8</AltitudeMeters></Trackpoint>
   <Trackpoint><DistanceMeters>35202.0</DistanceMeters><Position><LatitudeDegrees>43.002075</LatitudeDegrees><LongitudeDegrees>-1.322394</LongitudeDegrees></Position><AltitudeMeters>923.0</AltitudeMeters></Trackpoint>
   <Trackpoint><DistanceMeters>35265.6</DistanceMeters><Position><LatitudeDegrees>43.001850</LatitudeDegrees><LongitudeDegrees>-1.323112</LongitudeDegrees></Position><AltitudeMeters>923.2</AltitudeMeters></Trackpoint>
   <Trackpoint><DistanceMeters>35305.5</DistanceMeters><Position><LatitudeDegrees>43.001724</LatitudeDegrees><LongitudeDegrees>-1.323572</LongitudeDegrees></Position><AltitudeMeters>923.0</AltitudeMeters></Trackpoint>
   <Trackpoint><DistanceMeters>35356.0</DistanceMeters><Position><LatitudeDegrees>43.001598</LatitudeDegrees><LongitudeDegrees>-1.324168</LongitudeDegrees></Position><AltitudeMeters>921.2</AltitudeMeters></Trackpoint>
   <Trackpoint><DistanceMeters>35398.7</DistanceMeters><Position><LatitudeDegrees>43.001433</LatitudeDegrees><LongitudeDegrees>-1.324642</LongitudeDegrees></Position><AltitudeMeters>920.5</AltitudeMeters></Trackpoint>
   <Trackpoint><DistanceMeters>35459.2</DistanceMeters><Position><LatitudeDegrees>43.001065</LatitudeDegrees><LongitudeDegrees>-1.325189</LongitudeDegrees></Position><AltitudeMeters>919.2</AltitudeMeters></Trackpoint>
   <Trackpoint><DistanceMeters>35548.9</DistanceMeters><Position><LatitudeDegrees>43.000549</LatitudeDegrees><LongitudeDegrees>-1.326037</LongitudeDegrees></Position><AltitudeMeters>918.5</AltitudeMeters></Trackpoint>
   <Trackpoint><DistanceMeters>35639.6</DistanceMeters><Position><LatitudeDegrees>43.000143</LatitudeDegrees><LongitudeDegrees>-1.327004</LongitudeDegrees></Position><AltitudeMeters>915.5</AltitudeMeters></Trackpoint>
   <Trackpoint><DistanceMeters>35672.4</DistanceMeters><Position><LatitudeDegrees>42.999981</LatitudeDegrees><LongitudeDegrees>-1.327341</LongitudeDegrees></Position><AltitudeMeters>915.0</AltitudeMeters></Trackpoint>
   <Trackpoint><DistanceMeters>35719.2</DistanceMeters><Position><LatitudeDegrees>42.999583</LatitudeDegrees><LongitudeDegrees>-1.327511</LongitudeDegrees></Position><AltitudeMeters>916.2</AltitudeMeters></Trackpoint>
   <Trackpoint><DistanceMeters>35757.4</DistanceMeters><Position><LatitudeDegrees>42.999243</LatitudeDegrees><LongitudeDegrees>-1.327570</LongitudeDegrees></Position><AltitudeMeters>916.0</AltitudeMeters></Trackpoint>
   <Trackpoint><DistanceMeters>35824.7</DistanceMeters><Position><LatitudeDegrees>42.998658</LatitudeDegrees><LongitudeDegrees>-1.327783</LongitudeDegrees></Position><AltitudeMeters>914.0</AltitudeMeters></Trackpoint>
   <Trackpoint><DistanceMeters>35872.5</DistanceMeters><Position><LatitudeDegrees>42.998252</LatitudeDegrees><LongitudeDegrees>-1.327977</LongitudeDegrees></Position><AltitudeMeters>913.0</AltitudeMeters></Trackpoint>
   <Trackpoint><DistanceMeters>35907.2</DistanceMeters><Position><LatitudeDegrees>42.997963</LatitudeDegrees><LongitudeDegrees>-1.328137</LongitudeDegrees></Position><AltitudeMeters>912.8</AltitudeMeters></Trackpoint>
   <Trackpoint><DistanceMeters>35995.4</DistanceMeters><Position><LatitudeDegrees>42.997362</LatitudeDegrees><LongitudeDegrees>-1.328837</LongitudeDegrees></Position><AltitudeMeters>910.2</AltitudeMeters></Trackpoint>
   <Trackpoint><DistanceMeters>36034.0</DistanceMeters><Position><LatitudeDegrees>42.997115</LatitudeDegrees><LongitudeDegrees>-1.329169</LongitudeDegrees></Position><AltitudeMeters>908.8</AltitudeMeters></Trackpoint>
   <Trackpoint><DistanceMeters>36105.2</DistanceMeters><Position><LatitudeDegrees>42.996750</LatitudeDegrees><LongitudeDegrees>-1.329886</LongitudeDegrees></Position><AltitudeMeters>906.0</AltitudeMeters></Trackpoint>
   <Trackpoint><DistanceMeters>36139.8</DistanceMeters><Position><LatitudeDegrees>42.996607</LatitudeDegrees><LongitudeDegrees>-1.330264</LongitudeDegrees></Position><AltitudeMeters>905.0</AltitudeMeters></Trackpoint>
   <Trackpoint><DistanceMeters>36179.1</DistanceMeters><Position><LatitudeDegrees>42.996288</LatitudeDegrees><LongitudeDegrees>-1.330362</LongitudeDegrees></Position><AltitudeMeters>903.8</AltitudeMeters></Trackpoint>
   <Trackpoint><DistanceMeters>36224.3</DistanceMeters><Position><LatitudeDegrees>42.995887</LatitudeDegrees><LongitudeDegrees>-1.330268</LongitudeDegrees></Position><AltitudeMeters>902.2</AltitudeMeters></Trackpoint>
   <Trackpoint><DistanceMeters>36377.7</DistanceMeters><Position><LatitudeDegrees>42.994536</LatitudeDegrees><LongitudeDegrees>-1.329886</LongitudeDegrees></Position><AltitudeMeters>904.2</AltitudeMeters></Trackpoint>
   <Trackpoint><DistanceMeters>36412.4</DistanceMeters><Position><LatitudeDegrees>42.994236</LatitudeDegrees><LongitudeDegrees>-1.329778</LongitudeDegrees></Position><AltitudeMeters>904.0</AltitudeMeters></Trackpoint>
   <Trackpoint><DistanceMeters>36446.7</DistanceMeters><Position><LatitudeDegrees>42.994021</LatitudeDegrees><LongitudeDegrees>-1.329476</LongitudeDegrees></Position><AltitudeMeters>903.2</AltitudeMeters></Trackpoint>
   <Trackpoint><DistanceMeters>36477.3</DistanceMeters><Position><LatitudeDegrees>42.993795</LatitudeDegrees><LongitudeDegrees>-1.329690</LongitudeDegrees></Position><AltitudeMeters>902.8</AltitudeMeters></Trackpoint>
   <Trackpoint><DistanceMeters>36522.4</DistanceMeters><Position><LatitudeDegrees>42.993437</LatitudeDegrees><LongitudeDegrees>-1.329634</LongitudeDegrees></Position><AltitudeMeters>902.2</AltitudeMeters></Trackpoint>
   <Trackpoint><DistanceMeters>36605.9</DistanceMeters><Position><LatitudeDegrees>42.992827</LatitudeDegrees><LongitudeDegrees>-1.330234</LongitudeDegrees></Position><AltitudeMeters>899.2</AltitudeMeters></Trackpoint>
   <Trackpoint><DistanceMeters>36665.3</DistanceMeters><Position><LatitudeDegrees>42.992414</LatitudeDegrees><LongitudeDegrees>-1.330696</LongitudeDegrees></Position><AltitudeMeters>897.8</AltitudeMeters></Trackpoint>
   <Trackpoint><DistanceMeters>36703.0</DistanceMeters><Position><LatitudeDegrees>42.992284</LatitudeDegrees><LongitudeDegrees>-1.331010</LongitudeDegrees></Position><AltitudeMeters>897.0</AltitudeMeters></Trackpoint>
   <Trackpoint><DistanceMeters>36734.6</DistanceMeters><Position><LatitudeDegrees>42.992095</LatitudeDegrees><LongitudeDegrees>-1.330719</LongitudeDegrees></Position><AltitudeMeters>898.0</AltitudeMeters></Trackpoint>
   <Trackpoint><DistanceMeters>36789.2</DistanceMeters><Position><LatitudeDegrees>42.991681</LatitudeDegrees><LongitudeDegrees>-1.331063</LongitudeDegrees></Position><AltitudeMeters>897.0</AltitudeMeters></Trackpoint>
   <Trackpoint><DistanceMeters>36821.1</DistanceMeters><Position><LatitudeDegrees>42.991464</LatitudeDegrees><LongitudeDegrees>-1.331321</LongitudeDegrees></Position><AltitudeMeters>897.0</AltitudeMeters></Trackpoint>
   <Trackpoint><DistanceMeters>36858.9</DistanceMeters><Position><LatitudeDegrees>42.991216</LatitudeDegrees><LongitudeDegrees>-1.331639</LongitudeDegrees></Position><AltitudeMeters>896.5</AltitudeMeters></Trackpoint>
   <Trackpoint><DistanceMeters>37034.5</DistanceMeters><Position><LatitudeDegrees>42.990116</LatitudeDegrees><LongitudeDegrees>-1.333187</LongitudeDegrees></Position><AltitudeMeters>894.2</AltitudeMeters></Trackpoint>
   <Trackpoint><DistanceMeters>37071.1</DistanceMeters><Position><LatitudeDegrees>42.989899</LatitudeDegrees><LongitudeDegrees>-1.333525</LongitudeDegrees></Position><AltitudeMeters>893.5</AltitudeMeters></Trackpoint>
   <Trackpoint><DistanceMeters>37144.0</DistanceMeters><Position><LatitudeDegrees>42.989439</LatitudeDegrees><LongitudeDegrees>-1.334165</LongitudeDegrees></Position><AltitudeMeters>892.8</AltitudeMeters></Trackpoint>
   <Trackpoint><DistanceMeters>37187.7</DistanceMeters><Position><LatitudeDegrees>42.989164</LatitudeDegrees><LongitudeDegrees>-1.334548</LongitudeDegrees></Position><AltitudeMeters>891.8</AltitudeMeters></Trackpoint>
   <Trackpoint><DistanceMeters>37258.1</DistanceMeters><Position><LatitudeDegrees>42.988841</LatitudeDegrees><LongitudeDegrees>-1.334348</LongitudeDegrees></Position><AltitudeMeters>890.8</AltitudeMeters></Trackpoint>
   <Trackpoint><DistanceMeters>37361.5</DistanceMeters><Position><LatitudeDegrees>42.988395</LatitudeDegrees><LongitudeDegrees>-1.333232</LongitudeDegrees></Position><AltitudeMeters>890.0</AltitudeMeters></Trackpoint>
   <Trackpoint><DistanceMeters>37441.9</DistanceMeters><Position><LatitudeDegrees>42.987727</LatitudeDegrees><LongitudeDegrees>-1.333610</LongitudeDegrees></Position><AltitudeMeters>889.0</AltitudeMeters></Trackpoint>
   <Trackpoint><DistanceMeters>37505.9</DistanceMeters><Position><LatitudeDegrees>42.987192</LatitudeDegrees><LongitudeDegrees>-1.333898</LongitudeDegrees></Position><AltitudeMeters>888.8</AltitudeMeters></Trackpoint>
   <Trackpoint><DistanceMeters>37550.9</DistanceMeters><Position><LatitudeDegrees>42.986852</LatitudeDegrees><LongitudeDegrees>-1.334198</LongitudeDegrees></Position><AltitudeMeters>888.0</AltitudeMeters></Trackpoint>
   <Trackpoint><DistanceMeters>37612.0</DistanceMeters><Position><LatitudeDegrees>42.986416</LatitudeDegrees><LongitudeDegrees>-1.334654</LongitudeDegrees></Position><AltitudeMeters>887.0</AltitudeMeters></Trackpoint>
   <Trackpoint><DistanceMeters>37699.7</DistanceMeters><Position><LatitudeDegrees>42.985806</LatitudeDegrees><LongitudeDegrees>-1.335338</LongitudeDegrees></Position><AltitudeMeters>885.5</AltitudeMeters></Trackpoint>
   <Trackpoint><DistanceMeters>37743.3</DistanceMeters><Position><LatitudeDegrees>42.985508</LatitudeDegrees><LongitudeDegrees>-1.335686</LongitudeDegrees></Position><AltitudeMeters>885.0</AltitudeMeters></Trackpoint>
   <Trackpoint><DistanceMeters>37779.2</DistanceMeters><Position><LatitudeDegrees>42.985228</LatitudeDegrees><LongitudeDegrees>-1.335903</LongitudeDegrees></Position><AltitudeMeters>884.5</AltitudeMeters></Trackpoint>
   <Trackpoint><DistanceMeters>37818.3</DistanceMeters><Position><LatitudeDegrees>42.984919</LatitudeDegrees><LongitudeDegrees>-1.336133</LongitudeDegrees></Position><AltitudeMeters>883.8</AltitudeMeters></Trackpoint>
   <Trackpoint><DistanceMeters>37864.4</DistanceMeters><Position><LatitudeDegrees>42.984523</LatitudeDegrees><LongitudeDegrees>-1.336301</LongitudeDegrees></Position><AltitudeMeters>883.0</AltitudeMeters></Trackpoint>
   <Trackpoint><DistanceMeters>38231.9</DistanceMeters><Position><LatitudeDegrees>42.981309</LatitudeDegrees><LongitudeDegrees>-1.337355</LongitudeDegrees></Position><AltitudeMeters>881.0</AltitudeMeters></Trackpoint>
   <Trackpoint><DistanceMeters>38408.0</DistanceMeters><Position><LatitudeDegrees>42.979818</LatitudeDegrees><LongitudeDegrees>-1.338084</LongitudeDegrees></Position><AltitudeMeters>878.2</AltitudeMeters></Trackpoint>
   <Trackpoint><DistanceMeters>38465.5</DistanceMeters><Position><LatitudeDegrees>42.979315</LatitudeDegrees><LongitudeDegrees>-1.338245</LongitudeDegrees></Position><AltitudeMeters>879.2</AltitudeMeters></Trackpoint>
   <Trackpoint><DistanceMeters>38599.6</DistanceMeters><Position><LatitudeDegrees>42.978193</LatitudeDegrees><LongitudeDegrees>-1.338851</LongitudeDegrees></Position><AltitudeMeters>878.0</AltitudeMeters></Trackpoint>
   <Trackpoint><DistanceMeters>38641.3</DistanceMeters><Position><LatitudeDegrees>42.977874</LatitudeDegrees><LongitudeDegrees>-1.339119</LongitudeDegrees></Position><AltitudeMeters>877.0</AltitudeMeters></Trackpoint>
   <Trackpoint><DistanceMeters>38735.0</DistanceMeters><Position><LatitudeDegrees>42.977078</LatitudeDegrees><LongitudeDegrees>-1.339500</LongitudeDegrees></Position><AltitudeMeters>875.8</AltitudeMeters></Trackpoint>
   <Trackpoint><DistanceMeters>38819.4</DistanceMeters><Position><LatitudeDegrees>42.976348</LatitudeDegrees><LongitudeDegrees>-1.339784</LongitudeDegrees></Position><AltitudeMeters>875.5</AltitudeMeters></Trackpoint>
   <Trackpoint><DistanceMeters>38871.8</DistanceMeters><Position><LatitudeDegrees>42.975885</LatitudeDegrees><LongitudeDegrees>-1.339885</LongitudeDegrees></Position><AltitudeMeters>875.2</AltitudeMeters></Trackpoint>
   <Trackpoint><DistanceMeters>38941.8</DistanceMeters><Position><LatitudeDegrees>42.975255</LatitudeDegrees><LongitudeDegrees>-1.339862</LongitudeDegrees></Position><AltitudeMeters>874.2</AltitudeMeters></Trackpoint>
   <Trackpoint><DistanceMeters>38997.7</DistanceMeters><Position><LatitudeDegrees>42.974755</LatitudeDegrees><LongitudeDegrees>-1.339935</LongitudeDegrees></Position><AltitudeMeters>871.0</AltitudeMeters></Trackpoint>
   <Trackpoint><DistanceMeters>39031.7</DistanceMeters><Position><LatitudeDegrees>42.974492</LatitudeDegrees><LongitudeDegrees>-1.340105</LongitudeDegrees></Position><AltitudeMeters>870.0</AltitudeMeters></Trackpoint>
   <Trackpoint><DistanceMeters>39075.0</DistanceMeters><Position><LatitudeDegrees>42.974473</LatitudeDegrees><LongitudeDegrees>-1.340632</LongitudeDegrees></Position><AltitudeMeters>869.8</AltitudeMeters></Trackpoint>
   <Trackpoint><DistanceMeters>39108.4</DistanceMeters><Position><LatitudeDegrees>42.974449</LatitudeDegrees><LongitudeDegrees>-1.341039</LongitudeDegrees></Position><AltitudeMeters>869.8</AltitudeMeters></Trackpoint>
   <Trackpoint><DistanceMeters>39167.5</DistanceMeters><Position><LatitudeDegrees>42.974017</LatitudeDegrees><LongitudeDegrees>-1.341450</LongitudeDegrees></Position><AltitudeMeters>870.0</AltitudeMeters></Trackpoint>
   <Trackpoint><DistanceMeters>39213.4</DistanceMeters><Position><LatitudeDegrees>42.973656</LatitudeDegrees><LongitudeDegrees>-1.341724</LongitudeDegrees></Position><AltitudeMeters>869.2</AltitudeMeters></Trackpoint>
   <Trackpoint><DistanceMeters>39263.4</DistanceMeters><Position><LatitudeDegrees>42.973259</LatitudeDegrees><LongitudeDegrees>-1.341906</LongitudeDegrees></Position><AltitudeMeters>868.5</AltitudeMeters></Trackpoint>
   <Trackpoint><DistanceMeters>39305.5</DistanceMeters><Position><LatitudeDegrees>42.972909</LatitudeDegrees><LongitudeDegrees>-1.342090</LongitudeDegrees></Position><AltitudeMeters>867.5</AltitudeMeters></Trackpoint>
   <Trackpoint><DistanceMeters>39347.7</DistanceMeters><Position><LatitudeDegrees>42.972632</LatitudeDegrees><LongitudeDegrees>-1.342439</LongitudeDegrees></Position><AltitudeMeters>867.2</AltitudeMeters></Trackpoint>
   <Trackpoint><DistanceMeters>39382.6</DistanceMeters><Position><LatitudeDegrees>42.972398</LatitudeDegrees><LongitudeDegrees>-1.342706</LongitudeDegrees></Position><AltitudeMeters>866.8</AltitudeMeters></Trackpoint>
   <Trackpoint><DistanceMeters>39439.5</DistanceMeters><Position><LatitudeDegrees>42.972010</LatitudeDegrees><LongitudeDegrees>-1.343028</LongitudeDegrees></Position><AltitudeMeters>866.0</AltitudeMeters></Trackpoint>
   <Trackpoint><DistanceMeters>39484.4</DistanceMeters><Position><LatitudeDegrees>42.971679</LatitudeDegrees><LongitudeDegrees>-1.343320</LongitudeDegrees></Position><AltitudeMeters>865.0</AltitudeMeters></Trackpoint>
   <Trackpoint><DistanceMeters>39520.7</DistanceMeters><Position><LatitudeDegrees>42.971567</LatitudeDegrees><LongitudeDegrees>-1.343729</LongitudeDegrees></Position><AltitudeMeters>866.0</AltitudeMeters></Trackpoint>
   <Trackpoint><DistanceMeters>39580.3</DistanceMeters><Position><LatitudeDegrees>42.971722</LatitudeDegrees><LongitudeDegrees>-1.344426</LongitudeDegrees></Position><AltitudeMeters>868.0</AltitudeMeters></Trackpoint>
   <Trackpoint><DistanceMeters>39654.8</DistanceMeters><Position><LatitudeDegrees>42.972114</LatitudeDegrees><LongitudeDegrees>-1.345169</LongitudeDegrees></Position><AltitudeMeters>870.5</AltitudeMeters></Trackpoint>
   <Trackpoint><DistanceMeters>39692.2</DistanceMeters><Position><LatitudeDegrees>42.972316</LatitudeDegrees><LongitudeDegrees>-1.345537</LongitudeDegrees></Position><AltitudeMeters>873.5</AltitudeMeters></Trackpoint>
   <Trackpoint><DistanceMeters>39735.5</DistanceMeters><Position><LatitudeDegrees>42.972461</LatitudeDegrees><LongitudeDegrees>-1.346025</LongitudeDegrees></Position><AltitudeMeters>873.8</AltitudeMeters></Trackpoint>
   <Trackpoint><DistanceMeters>39775.7</DistanceMeters><Position><LatitudeDegrees>42.972440</LatitudeDegrees><LongitudeDegrees>-1.346510</LongitudeDegrees></Position><AltitudeMeters>872.0</AltitudeMeters></Trackpoint>
   <Trackpoint><DistanceMeters>39815.9</DistanceMeters><Position><LatitudeDegrees>42.972419</LatitudeDegrees><LongitudeDegrees>-1.346999</LongitudeDegrees></Position><AltitudeMeters>870.5</AltitudeMeters></Trackpoint>
   <Trackpoint><DistanceMeters>39850.1</DistanceMeters><Position><LatitudeDegrees>42.972523</LatitudeDegrees><LongitudeDegrees>-1.347395</LongitudeDegrees></Position><AltitudeMeters>871.2</AltitudeMeters></Trackpoint>
   <Trackpoint><DistanceMeters>39882.3</DistanceMeters><Position><LatitudeDegrees>42.972605</LatitudeDegrees><LongitudeDegrees>-1.347774</LongitudeDegrees></Position><AltitudeMeters>870.0</AltitudeMeters></Trackpoint>
   <Trackpoint><DistanceMeters>39947.6</DistanceMeters><Position><LatitudeDegrees>42.972763</LatitudeDegrees><LongitudeDegrees>-1.348545</LongitudeDegrees></Position><AltitudeMeters>869.8</AltitudeMeters></Trackpoint>
   <Trackpoint><DistanceMeters>39984.5</DistanceMeters><Position><LatitudeDegrees>42.972854</LatitudeDegrees><LongitudeDegrees>-1.348981</LongitudeDegrees></Position><AltitudeMeters>867.0</AltitudeMeters></Trackpoint>
   <Trackpoint><DistanceMeters>40016.6</DistanceMeters><Position><LatitudeDegrees>42.972945</LatitudeDegrees><LongitudeDegrees>-1.349356</LongitudeDegrees></Position><AltitudeMeters>865.5</AltitudeMeters></Trackpoint>
   <Trackpoint><DistanceMeters>40048.9</DistanceMeters><Position><LatitudeDegrees>42.973142</LatitudeDegrees><LongitudeDegrees>-1.349631</LongitudeDegrees></Position><AltitudeMeters>863.5</AltitudeMeters></Trackpoint>
   <Trackpoint><DistanceMeters>40088.1</DistanceMeters><Position><LatitudeDegrees>42.973492</LatitudeDegrees><LongitudeDegrees>-1.349578</LongitudeDegrees></Position><AltitudeMeters>862.2</AltitudeMeters></Trackpoint>
   <Trackpoint><DistanceMeters>40136.9</DistanceMeters><Position><LatitudeDegrees>42.973914</LatitudeDegrees><LongitudeDegrees>-1.349414</LongitudeDegrees></Position><AltitudeMeters>862.2</AltitudeMeters></Trackpoint>
   <Trackpoint><DistanceMeters>40183.3</DistanceMeters><Position><LatitudeDegrees>42.974117</LatitudeDegrees><LongitudeDegrees>-1.349751</LongitudeDegrees></Position><AltitudeMeters>862.0</AltitudeMeters></Trackpoint>
   <Trackpoint><DistanceMeters>40303.6</DistanceMeters><Position><LatitudeDegrees>42.973618</LatitudeDegrees><LongitudeDegrees>-1.351057</LongitudeDegrees></Position><AltitudeMeters>862.8</AltitudeMeters></Trackpoint>
   <Trackpoint><DistanceMeters>40347.2</DistanceMeters><Position><LatitudeDegrees>42.973340</LatitudeDegrees><LongitudeDegrees>-1.351430</LongitudeDegrees></Position><AltitudeMeters>862.0</AltitudeMeters></Trackpoint>
   <Trackpoint><DistanceMeters>40404.2</DistanceMeters><Position><LatitudeDegrees>42.973076</LatitudeDegrees><LongitudeDegrees>-1.352030</LongitudeDegrees></Position><AltitudeMeters>863.2</AltitudeMeters></Trackpoint>
   <Trackpoint><DistanceMeters>40437.6</DistanceMeters><Position><LatitudeDegrees>42.973019</LatitudeDegrees><LongitudeDegrees>-1.352426</LongitudeDegrees></Position><AltitudeMeters>865.0</AltitudeMeters></Trackpoint>
   <Trackpoint><DistanceMeters>40484.0</DistanceMeters><Position><LatitudeDegrees>42.972778</LatitudeDegrees><LongitudeDegrees>-1.352783</LongitudeDegrees></Position><AltitudeMeters>866.0</AltitudeMeters></Trackpoint>
   <Trackpoint><DistanceMeters>40546.3</DistanceMeters><Position><LatitudeDegrees>42.972504</LatitudeDegrees><LongitudeDegrees>-1.353450</LongitudeDegrees></Position><AltitudeMeters>870.2</AltitudeMeters></Trackpoint>
   <Trackpoint><DistanceMeters>40579.4</DistanceMeters><Position><LatitudeDegrees>42.972356</LatitudeDegrees><LongitudeDegrees>-1.353770</LongitudeDegrees></Position><AltitudeMeters>871.8</AltitudeMeters></Trackpoint>
   <Trackpoint><DistanceMeters>40663.4</DistanceMeters><Position><LatitudeDegrees>42.971648</LatitudeDegrees><LongitudeDegrees>-1.354125</LongitudeDegrees></Position><AltitudeMeters>877.2</AltitudeMeters></Trackpoint>
   <Trackpoint><DistanceMeters>40728.2</DistanceMeters><Position><LatitudeDegrees>42.971099</LatitudeDegrees><LongitudeDegrees>-1.354393</LongitudeDegrees></Position><AltitudeMeters>880.8</AltitudeMeters></Trackpoint>
   <Trackpoint><DistanceMeters>40793.1</DistanceMeters><Position><LatitudeDegrees>42.970589</LatitudeDegrees><LongitudeDegrees>-1.354779</LongitudeDegrees></Position><AltitudeMeters>885.0</AltitudeMeters></Trackpoint>
   <Trackpoint><DistanceMeters>40854.7</DistanceMeters><Position><LatitudeDegrees>42.970109</LatitudeDegrees><LongitudeDegrees>-1.355157</LongitudeDegrees></Position><AltitudeMeters>887.8</AltitudeMeters></Trackpoint>
   <Trackpoint><DistanceMeters>40885.0</DistanceMeters><Position><LatitudeDegrees>42.969875</LatitudeDegrees><LongitudeDegrees>-1.355347</LongitudeDegrees></Position><AltitudeMeters>889.2</AltitudeMeters></Trackpoint>
   <Trackpoint><DistanceMeters>40923.9</DistanceMeters><Position><LatitudeDegrees>42.969549</LatitudeDegrees><LongitudeDegrees>-1.355513</LongitudeDegrees></Position><AltitudeMeters>890.5</AltitudeMeters></Trackpoint>
   <Trackpoint><DistanceMeters>40962.3</DistanceMeters><Position><LatitudeDegrees>42.969206</LatitudeDegrees><LongitudeDegrees>-1.355470</LongitudeDegrees></Position><AltitudeMeters>891.2</AltitudeMeters></Trackpoint>
   <Trackpoint><DistanceMeters>41000.1</DistanceMeters><Position><LatitudeDegrees>42.968872</LatitudeDegrees><LongitudeDegrees>-1.355385</LongitudeDegrees></Position><AltitudeMeters>893.8</AltitudeMeters></Trackpoint>
   <Trackpoint><DistanceMeters>41032.7</DistanceMeters><Position><LatitudeDegrees>42.968583</LatitudeDegrees><LongitudeDegrees>-1.355321</LongitudeDegrees></Position><AltitudeMeters>896.0</AltitudeMeters></Trackpoint>
   <Trackpoint><DistanceMeters>41064.1</DistanceMeters><Position><LatitudeDegrees>42.968314</LatitudeDegrees><LongitudeDegrees>-1.355412</LongitudeDegrees></Position><AltitudeMeters>896.8</AltitudeMeters></Trackpoint>
   <Trackpoint><DistanceMeters>41149.6</DistanceMeters><Position><LatitudeDegrees>42.967989</LatitudeDegrees><LongitudeDegrees>-1.356350</LongitudeDegrees></Position><AltitudeMeters>898.2</AltitudeMeters></Trackpoint>
   <Trackpoint><DistanceMeters>41187.9</DistanceMeters><Position><LatitudeDegrees>42.967793</LatitudeDegrees><LongitudeDegrees>-1.356735</LongitudeDegrees></Position><AltitudeMeters>899.5</AltitudeMeters></Trackpoint>
   <Trackpoint><DistanceMeters>41237.0</DistanceMeters><Position><LatitudeDegrees>42.967455</LatitudeDegrees><LongitudeDegrees>-1.357123</LongitudeDegrees></Position><AltitudeMeters>899.0</AltitudeMeters></Trackpoint>
   <Trackpoint><DistanceMeters>41270.5</DistanceMeters><Position><LatitudeDegrees>42.967211</LatitudeDegrees><LongitudeDegrees>-1.357364</LongitudeDegrees></Position><AltitudeMeters>900.8</AltitudeMeters></Trackpoint>
   <Trackpoint><DistanceMeters>41326.7</DistanceMeters><Position><LatitudeDegrees>42.966780</LatitudeDegrees><LongitudeDegrees>-1.357724</LongitudeDegrees></Position><AltitudeMeters>901.2</AltitudeMeters></Trackpoint>
   <Trackpoint><DistanceMeters>41373.1</DistanceMeters><Position><LatitudeDegrees>42.966397</LatitudeDegrees><LongitudeDegrees>-1.357949</LongitudeDegrees></Position><AltitudeMeters>900.5</AltitudeMeters></Trackpoint>
   <Trackpoint><DistanceMeters>41403.1</DistanceMeters><Position><LatitudeDegrees>42.966139</LatitudeDegrees><LongitudeDegrees>-1.358057</LongitudeDegrees></Position><AltitudeMeters>900.2</AltitudeMeters></Trackpoint>
   <Trackpoint><DistanceMeters>41477.8</DistanceMeters><Position><LatitudeDegrees>42.965475</LatitudeDegrees><LongitudeDegrees>-1.358195</LongitudeDegrees></Position><AltitudeMeters>899.2</AltitudeMeters></Trackpoint>
   <Trackpoint><DistanceMeters>41528.0</DistanceMeters><Position><LatitudeDegrees>42.965052</LatitudeDegrees><LongitudeDegrees>-1.358411</LongitudeDegrees></Position><AltitudeMeters>899.8</AltitudeMeters></Trackpoint>
   <Trackpoint><DistanceMeters>41565.4</DistanceMeters><Position><LatitudeDegrees>42.964751</LatitudeDegrees><LongitudeDegrees>-1.358615</LongitudeDegrees></Position><AltitudeMeters>899.8</AltitudeMeters></Trackpoint>
   <Trackpoint><DistanceMeters>41639.8</DistanceMeters><Position><LatitudeDegrees>42.964109</LatitudeDegrees><LongitudeDegrees>-1.358866</LongitudeDegrees></Position><AltitudeMeters>898.5</AltitudeMeters></Trackpoint>
   <Trackpoint><DistanceMeters>41678.8</DistanceMeters><Position><LatitudeDegrees>42.963769</LatitudeDegrees><LongitudeDegrees>-1.358983</LongitudeDegrees></Position><AltitudeMeters>898.8</AltitudeMeters></Trackpoint>
   <Trackpoint><DistanceMeters>41733.2</DistanceMeters><Position><LatitudeDegrees>42.963446</LatitudeDegrees><LongitudeDegrees>-1.359480</LongitudeDegrees></Position><AltitudeMeters>898.5</AltitudeMeters></Trackpoint>
   <Trackpoint><DistanceMeters>41798.6</DistanceMeters><Position><LatitudeDegrees>42.963061</LatitudeDegrees><LongitudeDegrees>-1.360087</LongitudeDegrees></Position><AltitudeMeters>898.0</AltitudeMeters></Trackpoint>
   <Trackpoint><DistanceMeters>41836.2</DistanceMeters><Position><LatitudeDegrees>42.962857</LatitudeDegrees><LongitudeDegrees>-1.360456</LongitudeDegrees></Position><AltitudeMeters>898.2</AltitudeMeters></Trackpoint>
   <Trackpoint><DistanceMeters>41873.0</DistanceMeters><Position><LatitudeDegrees>42.962789</LatitudeDegrees><LongitudeDegrees>-1.360898</LongitudeDegrees></Position><AltitudeMeters>896.2</AltitudeMeters></Trackpoint>
   <Trackpoint><DistanceMeters>41906.0</DistanceMeters><Position><LatitudeDegrees>42.962916</LatitudeDegrees><LongitudeDegrees>-1.361257</LongitudeDegrees></Position><AltitudeMeters>895.8</AltitudeMeters></Trackpoint>
   <Trackpoint><DistanceMeters>41957.8</DistanceMeters><Position><LatitudeDegrees>42.963235</LatitudeDegrees><LongitudeDegrees>-1.361720</LongitudeDegrees></Position><AltitudeMeters>895.2</AltitudeMeters></Trackpoint>
   <Trackpoint><DistanceMeters>42003.8</DistanceMeters><Position><LatitudeDegrees>42.963502</LatitudeDegrees><LongitudeDegrees>-1.362152</LongitudeDegrees></Position><AltitudeMeters>895.0</AltitudeMeters></Trackpoint>
   <Trackpoint><DistanceMeters>42036.3</DistanceMeters><Position><LatitudeDegrees>42.963634</LatitudeDegrees><LongitudeDegrees>-1.362498</LongitudeDegrees></Position><AltitudeMeters>892.8</AltitudeMeters></Trackpoint>
   <Trackpoint><DistanceMeters>42097.9</DistanceMeters><Position><LatitudeDegrees>42.963140</LatitudeDegrees><LongitudeDegrees>-1.362739</LongitudeDegrees></Position><AltitudeMeters>894.8</AltitudeMeters></Trackpoint>
   <Trackpoint><DistanceMeters>42139.0</DistanceMeters><Position><LatitudeDegrees>42.962818</LatitudeDegrees><LongitudeDegrees>-1.362983</LongitudeDegrees></Position><AltitudeMeters>897.2</AltitudeMeters></Trackpoint>
   <Trackpoint><DistanceMeters>42191.4</DistanceMeters><Position><LatitudeDegrees>42.962556</LatitudeDegrees><LongitudeDegrees>-1.363519</LongitudeDegrees></Position><AltitudeMeters>898.8</AltitudeMeters></Trackpoint>
   <Trackpoint><DistanceMeters>42225.2</DistanceMeters><Position><LatitudeDegrees>42.962367</LatitudeDegrees><LongitudeDegrees>-1.363844</LongitudeDegrees></Position><AltitudeMeters>897.8</AltitudeMeters></Trackpoint>
   <Trackpoint><DistanceMeters>42260.9</DistanceMeters><Position><LatitudeDegrees>42.962186</LatitudeDegrees><LongitudeDegrees>-1.364205</LongitudeDegrees></Position><AltitudeMeters>898.5</AltitudeMeters></Trackpoint>
   <Trackpoint><DistanceMeters>42306.9</DistanceMeters><Position><LatitudeDegrees>42.962214</LatitudeDegrees><LongitudeDegrees>-1.364753</LongitudeDegrees></Position><AltitudeMeters>900.0</AltitudeMeters></Trackpoint>
   <Trackpoint><DistanceMeters>42346.8</DistanceMeters><Position><LatitudeDegrees>42.962356</LatitudeDegrees><LongitudeDegrees>-1.365204</LongitudeDegrees></Position><AltitudeMeters>902.5</AltitudeMeters></Trackpoint>
   <Trackpoint><DistanceMeters>42383.9</DistanceMeters><Position><LatitudeDegrees>42.962474</LatitudeDegrees><LongitudeDegrees>-1.365627</LongitudeDegrees></Position><AltitudeMeters>902.0</AltitudeMeters></Trackpoint>
   <Trackpoint><DistanceMeters>42414.2</DistanceMeters><Position><LatitudeDegrees>42.962291</LatitudeDegrees><LongitudeDegrees>-1.365759</LongitudeDegrees></Position><AltitudeMeters>903.0</AltitudeMeters></Trackpoint>
   <Trackpoint><DistanceMeters>42468.1</DistanceMeters><Position><LatitudeDegrees>42.961833</LatitudeDegrees><LongitudeDegrees>-1.365543</LongitudeDegrees></Position><AltitudeMeters>902.0</AltitudeMeters></Trackpoint>
   <Trackpoint><DistanceMeters>42658.3</DistanceMeters><Position><LatitudeDegrees>42.960372</LatitudeDegrees><LongitudeDegrees>-1.366728</LongitudeDegrees></Position><AltitudeMeters>907.8</AltitudeMeters></Trackpoint>
   <Trackpoint><DistanceMeters>42688.9</DistanceMeters><Position><LatitudeDegrees>42.960117</LatitudeDegrees><LongitudeDegrees>-1.366872</LongitudeDegrees></Position><AltitudeMeters>908.0</AltitudeMeters></Trackpoint>
   <Trackpoint><DistanceMeters>42724.2</DistanceMeters><Position><LatitudeDegrees>42.959813</LatitudeDegrees><LongitudeDegrees>-1.366996</LongitudeDegrees></Position><AltitudeMeters>909.5</AltitudeMeters></Trackpoint>
   <Trackpoint><DistanceMeters>42756.5</DistanceMeters><Position><LatitudeDegrees>42.959524</LatitudeDegrees><LongitudeDegrees>-1.367033</LongitudeDegrees></Position><AltitudeMeters>909.2</AltitudeMeters></Trackpoint>
   <Trackpoint><DistanceMeters>42806.5</DistanceMeters><Position><LatitudeDegrees>42.959080</LatitudeDegrees><LongitudeDegrees>-1.366990</LongitudeDegrees></Position><AltitudeMeters>909.8</AltitudeMeters></Trackpoint>
   <Trackpoint><DistanceMeters>42847.3</DistanceMeters><Position><LatitudeDegrees>42.958745</LatitudeDegrees><LongitudeDegrees>-1.366784</LongitudeDegrees></Position><AltitudeMeters>910.5</AltitudeMeters></Trackpoint>
   <Trackpoint><DistanceMeters>42885.5</DistanceMeters><Position><LatitudeDegrees>42.958488</LatitudeDegrees><LongitudeDegrees>-1.367028</LongitudeDegrees></Position><AltitudeMeters>912.5</AltitudeMeters></Trackpoint>
   <Trackpoint><DistanceMeters>42951.5</DistanceMeters><Position><LatitudeDegrees>42.958311</LatitudeDegrees><LongitudeDegrees>-1.367800</LongitudeDegrees></Position><AltitudeMeters>911.8</AltitudeMeters></Trackpoint>
   <Trackpoint><DistanceMeters>43009.1</DistanceMeters><Position><LatitudeDegrees>42.958150</LatitudeDegrees><LongitudeDegrees>-1.368474</LongitudeDegrees></Position><AltitudeMeters>915.0</AltitudeMeters></Trackpoint>
   <Trackpoint><DistanceMeters>43053.5</DistanceMeters><Position><LatitudeDegrees>42.958070</LatitudeDegrees><LongitudeDegrees>-1.369005</LongitudeDegrees></Position><AltitudeMeters>916.0</AltitudeMeters></Trackpoint>
   <Trackpoint><DistanceMeters>43104.1</DistanceMeters><Position><LatitudeDegrees>42.958079</LatitudeDegrees><LongitudeDegrees>-1.369627</LongitudeDegrees></Position><AltitudeMeters>916.2</AltitudeMeters></Trackpoint>
   <Trackpoint><DistanceMeters>43192.1</DistanceMeters><Position><LatitudeDegrees>42.957989</LatitudeDegrees><LongitudeDegrees>-1.370700</LongitudeDegrees></Position><AltitudeMeters>918.2</AltitudeMeters></Trackpoint>
   <Trackpoint><DistanceMeters>43232.2</DistanceMeters><Position><LatitudeDegrees>42.958013</LatitudeDegrees><LongitudeDegrees>-1.371188</LongitudeDegrees></Position><AltitudeMeters>919.2</AltitudeMeters></Trackpoint>
   <Trackpoint><DistanceMeters>43276.5</DistanceMeters><Position><LatitudeDegrees>42.958116</LatitudeDegrees><LongitudeDegrees>-1.371714</LongitudeDegrees></Position><AltitudeMeters>920.8</AltitudeMeters></Trackpoint>
   <Trackpoint><DistanceMeters>43310.7</DistanceMeters><Position><LatitudeDegrees>42.957958</LatitudeDegrees><LongitudeDegrees>-1.372004</LongitudeDegrees></Position><AltitudeMeters>921.2</AltitudeMeters></Trackpoint>
   <Trackpoint><DistanceMeters>43384.1</DistanceMeters><Position><LatitudeDegrees>42.957326</LatitudeDegrees><LongitudeDegrees>-1.371750</LongitudeDegrees></Position><AltitudeMeters>923.2</AltitudeMeters></Trackpoint>
   <Trackpoint><DistanceMeters>43451.0</DistanceMeters><Position><LatitudeDegrees>42.956752</LatitudeDegrees><LongitudeDegrees>-1.371507</LongitudeDegrees></Position><AltitudeMeters>925.5</AltitudeMeters></Trackpoint>
   <Trackpoint><DistanceMeters>43484.7</DistanceMeters><Position><LatitudeDegrees>42.956454</LatitudeDegrees><LongitudeDegrees>-1.371440</LongitudeDegrees></Position><AltitudeMeters>926.5</AltitudeMeters></Trackpoint>
   <Trackpoint><DistanceMeters>43559.2</DistanceMeters><Position><LatitudeDegrees>42.955955</LatitudeDegrees><LongitudeDegrees>-1.372028</LongitudeDegrees></Position><AltitudeMeters>929.5</AltitudeMeters></Trackpoint>
   <Trackpoint><DistanceMeters>43635.1</DistanceMeters><Position><LatitudeDegrees>42.955439</LatitudeDegrees><LongitudeDegrees>-1.372639</LongitudeDegrees></Position><AltitudeMeters>929.0</AltitudeMeters></Trackpoint>
   <Trackpoint><DistanceMeters>43676.2</DistanceMeters><Position><LatitudeDegrees>42.955147</LatitudeDegrees><LongitudeDegrees>-1.372948</LongitudeDegrees></Position><AltitudeMeters>930.5</AltitudeMeters></Trackpoint>
   <Trackpoint><DistanceMeters>43712.5</DistanceMeters><Position><LatitudeDegrees>42.954933</LatitudeDegrees><LongitudeDegrees>-1.373283</LongitudeDegrees></Position><AltitudeMeters>932.0</AltitudeMeters></Trackpoint>
   <Trackpoint><DistanceMeters>43778.4</DistanceMeters><Position><LatitudeDegrees>42.954797</LatitudeDegrees><LongitudeDegrees>-1.374069</LongitudeDegrees></Position><AltitudeMeters>934.5</AltitudeMeters></Trackpoint>
   <Trackpoint><DistanceMeters>43811.5</DistanceMeters><Position><LatitudeDegrees>42.954657</LatitudeDegrees><LongitudeDegrees>-1.374421</LongitudeDegrees></Position><AltitudeMeters>935.0</AltitudeMeters></Trackpoint>
   <Trackpoint><DistanceMeters>43866.0</DistanceMeters><Position><LatitudeDegrees>42.954178</LatitudeDegrees><LongitudeDegrees>-1.374474</LongitudeDegrees></Position><AltitudeMeters>934.5</AltitudeMeters></Trackpoint>
   <Trackpoint><DistanceMeters>43901.8</DistanceMeters><Position><LatitudeDegrees>42.953865</LatitudeDegrees><LongitudeDegrees>-1.374548</LongitudeDegrees></Position><AltitudeMeters>935.8</AltitudeMeters></Trackpoint>
   <Trackpoint><DistanceMeters>43939.2</DistanceMeters><Position><LatitudeDegrees>42.953694</LatitudeDegrees><LongitudeDegrees>-1.374932</LongitudeDegrees></Position><AltitudeMeters>936.5</AltitudeMeters></Trackpoint>
   <Trackpoint><DistanceMeters>43971.3</DistanceMeters><Position><LatitudeDegrees>42.953721</LatitudeDegrees><LongitudeDegrees>-1.375324</LongitudeDegrees></Position><AltitudeMeters>936.5</AltitudeMeters></Trackpoint>
   <Trackpoint><DistanceMeters>44019.0</DistanceMeters><Position><LatitudeDegrees>42.953806</LatitudeDegrees><LongitudeDegrees>-1.375898</LongitudeDegrees></Position><AltitudeMeters>937.0</AltitudeMeters></Trackpoint>
   <Trackpoint><DistanceMeters>44049.7</DistanceMeters><Position><LatitudeDegrees>42.953813</LatitudeDegrees><LongitudeDegrees>-1.376275</LongitudeDegrees></Position><AltitudeMeters>938.0</AltitudeMeters></Trackpoint>
   <Trackpoint><DistanceMeters>44087.3</DistanceMeters><Position><LatitudeDegrees>42.953622</LatitudeDegrees><LongitudeDegrees>-1.376614</LongitudeDegrees></Position><AltitudeMeters>937.8</AltitudeMeters></Trackpoint>
   <Trackpoint><DistanceMeters>44150.1</DistanceMeters><Position><LatitudeDegrees>42.953084</LatitudeDegrees><LongitudeDegrees>-1.376851</LongitudeDegrees></Position><AltitudeMeters>936.5</AltitudeMeters></Trackpoint>
   <Trackpoint><DistanceMeters>44197.9</DistanceMeters><Position><LatitudeDegrees>42.952669</LatitudeDegrees><LongitudeDegrees>-1.377004</LongitudeDegrees></Position><AltitudeMeters>936.2</AltitudeMeters></Trackpoint>
   <Trackpoint><DistanceMeters>44258.1</DistanceMeters><Position><LatitudeDegrees>42.952145</LatitudeDegrees><LongitudeDegrees>-1.377186</LongitudeDegrees></Position><AltitudeMeters>935.8</AltitudeMeters></Trackpoint>
   <Trackpoint><DistanceMeters>44297.4</DistanceMeters><Position><LatitudeDegrees>42.951801</LatitudeDegrees><LongitudeDegrees>-1.377298</LongitudeDegrees></Position><AltitudeMeters>935.2</AltitudeMeters></Trackpoint>
   <Trackpoint><DistanceMeters>44359.5</DistanceMeters><Position><LatitudeDegrees>42.951269</LatitudeDegrees><LongitudeDegrees>-1.377532</LongitudeDegrees></Position><AltitudeMeters>936.8</AltitudeMeters></Trackpoint>
   <Trackpoint><DistanceMeters>44395.8</DistanceMeters><Position><LatitudeDegrees>42.950949</LatitudeDegrees><LongitudeDegrees>-1.377470</LongitudeDegrees></Position><AltitudeMeters>934.8</AltitudeMeters></Trackpoint>
   <Trackpoint><DistanceMeters>44445.1</DistanceMeters><Position><LatitudeDegrees>42.950508</LatitudeDegrees><LongitudeDegrees>-1.377408</LongitudeDegrees></Position><AltitudeMeters>935.0</AltitudeMeters></Trackpoint>
   <Trackpoint><DistanceMeters>44503.0</DistanceMeters><Position><LatitudeDegrees>42.949991</LatitudeDegrees><LongitudeDegrees>-1.377473</LongitudeDegrees></Position><AltitudeMeters>932.8</AltitudeMeters></Trackpoint>
   <Trackpoint><DistanceMeters>44533.7</DistanceMeters><Position><LatitudeDegrees>42.949738</LatitudeDegrees><LongitudeDegrees>-1.377612</LongitudeDegrees></Position><AltitudeMeters>934.0</AltitudeMeters></Trackpoint>
   <Trackpoint><DistanceMeters>44585.5</DistanceMeters><Position><LatitudeDegrees>42.949595</LatitudeDegrees><LongitudeDegrees>-1.378213</LongitudeDegrees></Position><AltitudeMeters>933.5</AltitudeMeters></Trackpoint>
   <Trackpoint><DistanceMeters>44782.3</DistanceMeters><Position><LatitudeDegrees>42.949281</LatitudeDegrees><LongitudeDegrees>-1.380592</LongitudeDegrees></Position><AltitudeMeters>928.2</AltitudeMeters></Trackpoint>
   <Trackpoint><DistanceMeters>44822.0</DistanceMeters><Position><LatitudeDegrees>42.949071</LatitudeDegrees><LongitudeDegrees>-1.380951</LongitudeDegrees></Position><AltitudeMeters>930.8</AltitudeMeters></Trackpoint>
   <Trackpoint><DistanceMeters>44863.9</DistanceMeters><Position><LatitudeDegrees>42.948805</LatitudeDegrees><LongitudeDegrees>-1.380672</LongitudeDegrees></Position><AltitudeMeters>929.2</AltitudeMeters></Trackpoint>
   <Trackpoint><DistanceMeters>44934.3</DistanceMeters><Position><LatitudeDegrees>42.948526</LatitudeDegrees><LongitudeDegrees>-1.379896</LongitudeDegrees></Position><AltitudeMeters>926.0</AltitudeMeters></Trackpoint>
   <Trackpoint><DistanceMeters>44970.2</DistanceMeters><Position><LatitudeDegrees>42.948359</LatitudeDegrees><LongitudeDegrees>-1.379519</LongitudeDegrees></Position><AltitudeMeters>924.0</AltitudeMeters></Trackpoint>
   <Trackpoint><DistanceMeters>45015.9</DistanceMeters><Position><LatitudeDegrees>42.948088</LatitudeDegrees><LongitudeDegrees>-1.379098</LongitudeDegrees></Position><AltitudeMeters>922.5</AltitudeMeters></Trackpoint>
   <Trackpoint><DistanceMeters>45073.2</DistanceMeters><Position><LatitudeDegrees>42.947595</LatitudeDegrees><LongitudeDegrees>-1.378980</LongitudeDegrees></Position><AltitudeMeters>920.8</AltitudeMeters></Trackpoint>
   <Trackpoint><DistanceMeters>45112.8</DistanceMeters><Position><LatitudeDegrees>42.947243</LatitudeDegrees><LongitudeDegrees>-1.379052</LongitudeDegrees></Position><AltitudeMeters>918.2</AltitudeMeters></Trackpoint>
   <Trackpoint><DistanceMeters>45166.1</DistanceMeters><Position><LatitudeDegrees>42.946781</LatitudeDegrees><LongitudeDegrees>-1.378881</LongitudeDegrees></Position><AltitudeMeters>917.2</AltitudeMeters></Trackpoint>
   <Trackpoint><DistanceMeters>45215.3</DistanceMeters><Position><LatitudeDegrees>42.946342</LatitudeDegrees><LongitudeDegrees>-1.378851</LongitudeDegrees></Position><AltitudeMeters>913.8</AltitudeMeters></Trackpoint>
   <Trackpoint><DistanceMeters>45256.9</DistanceMeters><Position><LatitudeDegrees>42.945972</LatitudeDegrees><LongitudeDegrees>-1.378924</LongitudeDegrees></Position><AltitudeMeters>912.8</AltitudeMeters></Trackpoint>
   <Trackpoint><DistanceMeters>45293.7</DistanceMeters><Position><LatitudeDegrees>42.945647</LatitudeDegrees><LongitudeDegrees>-1.379012</LongitudeDegrees></Position><AltitudeMeters>911.5</AltitudeMeters></Trackpoint>
   <Trackpoint><DistanceMeters>45341.9</DistanceMeters><Position><LatitudeDegrees>42.945252</LatitudeDegrees><LongitudeDegrees>-1.379245</LongitudeDegrees></Position><AltitudeMeters>910.5</AltitudeMeters></Trackpoint>
   <Trackpoint><DistanceMeters>45389.1</DistanceMeters><Position><LatitudeDegrees>42.944918</LatitudeDegrees><LongitudeDegrees>-1.379602</LongitudeDegrees></Position><AltitudeMeters>907.5</AltitudeMeters></Trackpoint>
   <Trackpoint><DistanceMeters>45434.8</DistanceMeters><Position><LatitudeDegrees>42.944543</LatitudeDegrees><LongitudeDegrees>-1.379828</LongitudeDegrees></Position><AltitudeMeters>905.2</AltitudeMeters></Trackpoint>
   <Trackpoint><DistanceMeters>45495.0</DistanceMeters><Position><LatitudeDegrees>42.944042</LatitudeDegrees><LongitudeDegrees>-1.380109</LongitudeDegrees></Position><AltitudeMeters>903.5</AltitudeMeters></Trackpoint>
   <Trackpoint><DistanceMeters>45533.5</DistanceMeters><Position><LatitudeDegrees>42.943789</LatitudeDegrees><LongitudeDegrees>-1.380426</LongitudeDegrees></Position><AltitudeMeters>902.2</AltitudeMeters></Trackpoint>
   <Trackpoint><DistanceMeters>45570.8</DistanceMeters><Position><LatitudeDegrees>42.943652</LatitudeDegrees><LongitudeDegrees>-1.380844</LongitudeDegrees></Position><AltitudeMeters>902.0</AltitudeMeters></Trackpoint>
   <Trackpoint><DistanceMeters>45607.4</DistanceMeters><Position><LatitudeDegrees>42.943394</LatitudeDegrees><LongitudeDegrees>-1.381120</LongitudeDegrees></Position><AltitudeMeters>901.8</AltitudeMeters></Trackpoint>
   <Trackpoint><DistanceMeters>45683.0</DistanceMeters><Position><LatitudeDegrees>42.942743</LatitudeDegrees><LongitudeDegrees>-1.381381</LongitudeDegrees></Position><AltitudeMeters>897.8</AltitudeMeters></Trackpoint>
   <Trackpoint><DistanceMeters>45714.8</DistanceMeters><Position><LatitudeDegrees>42.942468</LatitudeDegrees><LongitudeDegrees>-1.381488</LongitudeDegrees></Position><AltitudeMeters>896.5</AltitudeMeters></Trackpoint>
   <Trackpoint><DistanceMeters>45756.9</DistanceMeters><Position><LatitudeDegrees>42.942091</LatitudeDegrees><LongitudeDegrees>-1.381525</LongitudeDegrees></Position><AltitudeMeters>894.0</AltitudeMeters></Trackpoint>
   <Trackpoint><DistanceMeters>45832.8</DistanceMeters><Position><LatitudeDegrees>42.941409</LatitudeDegrees><LongitudeDegrees>-1.381515</LongitudeDegrees></Position><AltitudeMeters>890.8</AltitudeMeters></Trackpoint>
   <Trackpoint><DistanceMeters>45883.1</DistanceMeters><Position><LatitudeDegrees>42.940971</LatitudeDegrees><LongitudeDegrees>-1.381383</LongitudeDegrees></Position><AltitudeMeters>885.2</AltitudeMeters></Trackpoint>
   <Trackpoint><DistanceMeters>45942.4</DistanceMeters><Position><LatitudeDegrees>42.940485</LatitudeDegrees><LongitudeDegrees>-1.381083</LongitudeDegrees></Position><AltitudeMeters>884.0</AltitudeMeters></Trackpoint>
   <Trackpoint><DistanceMeters>45972.8</DistanceMeters><Position><LatitudeDegrees>42.940241</LatitudeDegrees><LongitudeDegrees>-1.380914</LongitudeDegrees></Position><AltitudeMeters>881.2</AltitudeMeters></Trackpoint>
   <Trackpoint><DistanceMeters>46010.5</DistanceMeters><Position><LatitudeDegrees>42.939988</LatitudeDegrees><LongitudeDegrees>-1.380608</LongitudeDegrees></Position><AltitudeMeters>880.0</AltitudeMeters></Trackpoint>
   <Trackpoint><DistanceMeters>46050.3</DistanceMeters><Position><LatitudeDegrees>42.939754</LatitudeDegrees><LongitudeDegrees>-1.380243</LongitudeDegrees></Position><AltitudeMeters>877.0</AltitudeMeters></Trackpoint>
   <Trackpoint><DistanceMeters>46083.1</DistanceMeters><Position><LatitudeDegrees>42.939475</LatitudeDegrees><LongitudeDegrees>-1.380128</LongitudeDegrees></Position><AltitudeMeters>874.5</AltitudeMeters></Trackpoint>
   <Trackpoint><DistanceMeters>46146.3</DistanceMeters><Position><LatitudeDegrees>42.938935</LatitudeDegrees><LongitudeDegrees>-1.380367</LongitudeDegrees></Position><AltitudeMeters>872.2</AltitudeMeters></Trackpoint>
   <Trackpoint><DistanceMeters>46199.0</DistanceMeters><Position><LatitudeDegrees>42.938527</LatitudeDegrees><LongitudeDegrees>-1.380694</LongitudeDegrees></Position><AltitudeMeters>868.8</AltitudeMeters></Trackpoint>
   <Trackpoint><DistanceMeters>46235.7</DistanceMeters><Position><LatitudeDegrees>42.938358</LatitudeDegrees><LongitudeDegrees>-1.381077</LongitudeDegrees></Position><AltitudeMeters>867.0</AltitudeMeters></Trackpoint>
   <Trackpoint><DistanceMeters>46268.8</DistanceMeters><Position><LatitudeDegrees>42.938309</LatitudeDegrees><LongitudeDegrees>-1.381477</LongitudeDegrees></Position><AltitudeMeters>865.2</AltitudeMeters></Trackpoint>
   <Trackpoint><DistanceMeters>46351.8</DistanceMeters><Position><LatitudeDegrees>42.938120</LatitudeDegrees><LongitudeDegrees>-1.382464</LongitudeDegrees></Position><AltitudeMeters>861.8</AltitudeMeters></Trackpoint>
   <Trackpoint><DistanceMeters>46391.5</DistanceMeters><Position><LatitudeDegrees>42.938050</LatitudeDegrees><LongitudeDegrees>-1.382942</LongitudeDegrees></Position><AltitudeMeters>859.0</AltitudeMeters></Trackpoint>
   <Trackpoint><DistanceMeters>46424.3</DistanceMeters><Position><LatitudeDegrees>42.938034</LatitudeDegrees><LongitudeDegrees>-1.383344</LongitudeDegrees></Position><AltitudeMeters>857.8</AltitudeMeters></Trackpoint>
   <Trackpoint><DistanceMeters>46467.5</DistanceMeters><Position><LatitudeDegrees>42.938050</LatitudeDegrees><LongitudeDegrees>-1.383875</LongitudeDegrees></Position><AltitudeMeters>854.8</AltitudeMeters></Trackpoint>
   <Trackpoint><DistanceMeters>46500.6</DistanceMeters><Position><LatitudeDegrees>42.938089</LatitudeDegrees><LongitudeDegrees>-1.384278</LongitudeDegrees></Position><AltitudeMeters>853.2</AltitudeMeters></Trackpoint>
   <Trackpoint><DistanceMeters>46535.1</DistanceMeters><Position><LatitudeDegrees>42.938149</LatitudeDegrees><LongitudeDegrees>-1.384693</LongitudeDegrees></Position><AltitudeMeters>852.0</AltitudeMeters></Trackpoint>
   <Trackpoint><DistanceMeters>46582.1</DistanceMeters><Position><LatitudeDegrees>42.938130</LatitudeDegrees><LongitudeDegrees>-1.385266</LongitudeDegrees></Position><AltitudeMeters>850.5</AltitudeMeters></Trackpoint>
   <Trackpoint><DistanceMeters>46613.0</DistanceMeters><Position><LatitudeDegrees>42.937944</LatitudeDegrees><LongitudeDegrees>-1.385503</LongitudeDegrees></Position><AltitudeMeters>850.5</AltitudeMeters></Trackpoint>
   <Trackpoint><DistanceMeters>46673.7</DistanceMeters><Position><LatitudeDegrees>42.937561</LatitudeDegrees><LongitudeDegrees>-1.384977</LongitudeDegrees></Position><AltitudeMeters>845.8</AltitudeMeters></Trackpoint>
   <Trackpoint><DistanceMeters>46711.4</DistanceMeters><Position><LatitudeDegrees>42.937274</LatitudeDegrees><LongitudeDegrees>-1.384736</LongitudeDegrees></Position><AltitudeMeters>842.5</AltitudeMeters></Trackpoint>
   <Trackpoint><DistanceMeters>46767.4</DistanceMeters><Position><LatitudeDegrees>42.936834</LatitudeDegrees><LongitudeDegrees>-1.384977</LongitudeDegrees></Position><AltitudeMeters>841.8</AltitudeMeters></Trackpoint>
   <Trackpoint><DistanceMeters>46804.1</DistanceMeters><Position><LatitudeDegrees>42.936550</LatitudeDegrees><LongitudeDegrees>-1.385203</LongitudeDegrees></Position><AltitudeMeters>839.0</AltitudeMeters></Trackpoint>
   <Trackpoint><DistanceMeters>46862.6</DistanceMeters><Position><LatitudeDegrees>42.936053</LatitudeDegrees><LongitudeDegrees>-1.385439</LongitudeDegrees></Position><AltitudeMeters>835.5</AltitudeMeters></Trackpoint>
   <Trackpoint><DistanceMeters>46894.3</DistanceMeters><Position><LatitudeDegrees>42.935809</LatitudeDegrees><LongitudeDegrees>-1.385637</LongitudeDegrees></Position><AltitudeMeters>834.2</AltitudeMeters></Trackpoint>
   <Trackpoint><DistanceMeters>46999.2</DistanceMeters><Position><LatitudeDegrees>42.935257</LatitudeDegrees><LongitudeDegrees>-1.386681</LongitudeDegrees></Position><AltitudeMeters>829.5</AltitudeMeters></Trackpoint>
   <Trackpoint><DistanceMeters>47076.8</DistanceMeters><Position><LatitudeDegrees>42.934869</LatitudeDegrees><LongitudeDegrees>-1.387474</LongitudeDegrees></Position><AltitudeMeters>824.5</AltitudeMeters></Trackpoint>
   <Trackpoint><DistanceMeters>47110.0</DistanceMeters><Position><LatitudeDegrees>42.934676</LatitudeDegrees><LongitudeDegrees>-1.387783</LongitudeDegrees></Position><AltitudeMeters>824.5</AltitudeMeters></Trackpoint>
   <Trackpoint><DistanceMeters>47142.3</DistanceMeters><Position><LatitudeDegrees>42.934446</LatitudeDegrees><LongitudeDegrees>-1.388009</LongitudeDegrees></Position><AltitudeMeters>825.2</AltitudeMeters></Trackpoint>
   <Trackpoint><DistanceMeters>47192.7</DistanceMeters><Position><LatitudeDegrees>42.934175</LatitudeDegrees><LongitudeDegrees>-1.388505</LongitudeDegrees></Position><AltitudeMeters>828.2</AltitudeMeters></Trackpoint>
   <Trackpoint><DistanceMeters>47225.9</DistanceMeters><Position><LatitudeDegrees>42.934345</LatitudeDegrees><LongitudeDegrees>-1.388711</LongitudeDegrees></Position><AltitudeMeters>829.5</AltitudeMeters></Trackpoint>
   <Trackpoint><DistanceMeters>47267.3</DistanceMeters><Position><LatitudeDegrees>42.934503</LatitudeDegrees><LongitudeDegrees>-1.389171</LongitudeDegrees></Position><AltitudeMeters>829.2</AltitudeMeters></Trackpoint>
   <Trackpoint><DistanceMeters>47307.5</DistanceMeters><Position><LatitudeDegrees>42.934698</LatitudeDegrees><LongitudeDegrees>-1.389575</LongitudeDegrees></Position><AltitudeMeters>827.2</AltitudeMeters></Trackpoint>
   <Trackpoint><DistanceMeters>47347.1</DistanceMeters><Position><LatitudeDegrees>42.934715</LatitudeDegrees><LongitudeDegrees>-1.390036</LongitudeDegrees></Position><AltitudeMeters>826.2</AltitudeMeters></Trackpoint>
   <Trackpoint><DistanceMeters>47392.4</DistanceMeters><Position><LatitudeDegrees>42.934428</LatitudeDegrees><LongitudeDegrees>-1.390426</LongitudeDegrees></Position><AltitudeMeters>822.8</AltitudeMeters></Trackpoint>
   <Trackpoint><DistanceMeters>47423.6</DistanceMeters><Position><LatitudeDegrees>42.934350</LatitudeDegrees><LongitudeDegrees>-1.390779</LongitudeDegrees></Position><AltitudeMeters>820.0</AltitudeMeters></Trackpoint>
   <Trackpoint><DistanceMeters>47470.8</DistanceMeters><Position><LatitudeDegrees>42.934348</LatitudeDegrees><LongitudeDegrees>-1.391359</LongitudeDegrees></Position><AltitudeMeters>817.2</AltitudeMeters></Trackpoint>
   <Trackpoint><DistanceMeters>47501.4</DistanceMeters><Position><LatitudeDegrees>42.934252</LatitudeDegrees><LongitudeDegrees>-1.391708</LongitudeDegrees></Position><AltitudeMeters>817.8</AltitudeMeters></Trackpoint>
   <Trackpoint><DistanceMeters>47541.0</DistanceMeters><Position><LatitudeDegrees>42.934170</LatitudeDegrees><LongitudeDegrees>-1.392181</LongitudeDegrees></Position><AltitudeMeters>818.0</AltitudeMeters></Trackpoint>
   <Trackpoint><DistanceMeters>47589.0</DistanceMeters><Position><LatitudeDegrees>42.933994</LatitudeDegrees><LongitudeDegrees>-1.392714</LongitudeDegrees></Position><AltitudeMeters>817.5</AltitudeMeters></Trackpoint>
   <Trackpoint><DistanceMeters>47637.1</DistanceMeters><Position><LatitudeDegrees>42.933886</LatitudeDegrees><LongitudeDegrees>-1.393283</LongitudeDegrees></Position><AltitudeMeters>816.8</AltitudeMeters></Trackpoint>
   <Trackpoint><DistanceMeters>47682.5</DistanceMeters><Position><LatitudeDegrees>42.933545</LatitudeDegrees><LongitudeDegrees>-1.393279</LongitudeDegrees></Position><AltitudeMeters>817.0</AltitudeMeters></Trackpoint>
   <Trackpoint><DistanceMeters>47739.9</DistanceMeters><Position><LatitudeDegrees>42.933138</LatitudeDegrees><LongitudeDegrees>-1.392850</LongitudeDegrees></Position><AltitudeMeters>821.8</AltitudeMeters></Trackpoint>
   <Trackpoint><DistanceMeters>47779.7</DistanceMeters><Position><LatitudeDegrees>42.932804</LatitudeDegrees><LongitudeDegrees>-1.392675</LongitudeDegrees></Position><AltitudeMeters>826.8</AltitudeMeters></Trackpoint>
   <Trackpoint><DistanceMeters>47818.3</DistanceMeters><Position><LatitudeDegrees>42.932602</LatitudeDegrees><LongitudeDegrees>-1.392930</LongitudeDegrees></Position><AltitudeMeters>831.2</AltitudeMeters></Trackpoint>
   <Trackpoint><DistanceMeters>47858.1</DistanceMeters><Position><LatitudeDegrees>42.932723</LatitudeDegrees><LongitudeDegrees>-1.393387</LongitudeDegrees></Position><AltitudeMeters>834.0</AltitudeMeters></Trackpoint>
   <Trackpoint><DistanceMeters>47896.0</DistanceMeters><Position><LatitudeDegrees>42.932950</LatitudeDegrees><LongitudeDegrees>-1.393732</LongitudeDegrees></Position><AltitudeMeters>833.8</AltitudeMeters></Trackpoint>
   <Trackpoint><DistanceMeters>47929.5</DistanceMeters><Position><LatitudeDegrees>42.932965</LatitudeDegrees><LongitudeDegrees>-1.394140</LongitudeDegrees></Position><AltitudeMeters>833.8</AltitudeMeters></Trackpoint>
   <Trackpoint><DistanceMeters>47979.2</DistanceMeters><Position><LatitudeDegrees>42.932862</LatitudeDegrees><LongitudeDegrees>-1.394734</LongitudeDegrees></Position><AltitudeMeters>839.0</AltitudeMeters></Trackpoint>
   <Trackpoint><DistanceMeters>48018.9</DistanceMeters><Position><LatitudeDegrees>42.932666</LatitudeDegrees><LongitudeDegrees>-1.395141</LongitudeDegrees></Position><AltitudeMeters>843.8</AltitudeMeters></Trackpoint>
   <Trackpoint><DistanceMeters>48053.6</DistanceMeters><Position><LatitudeDegrees>42.932470</LatitudeDegrees><LongitudeDegrees>-1.395471</LongitudeDegrees></Position><AltitudeMeters>847.8</AltitudeMeters></Trackpoint>
   <Trackpoint><DistanceMeters>48089.9</DistanceMeters><Position><LatitudeDegrees>42.932438</LatitudeDegrees><LongitudeDegrees>-1.395897</LongitudeDegrees></Position><AltitudeMeters>852.0</AltitudeMeters></Trackpoint>
   <Trackpoint><DistanceMeters>48128.3</DistanceMeters><Position><LatitudeDegrees>42.932658</LatitudeDegrees><LongitudeDegrees>-1.396258</LongitudeDegrees></Position><AltitudeMeters>856.5</AltitudeMeters></Trackpoint>
   <Trackpoint><DistanceMeters>48204.3</DistanceMeters><Position><LatitudeDegrees>42.933048</LatitudeDegrees><LongitudeDegrees>-1.397024</LongitudeDegrees></Position><AltitudeMeters>865.0</AltitudeMeters></Trackpoint>
   <Trackpoint><DistanceMeters>48246.7</DistanceMeters><Position><LatitudeDegrees>42.933269</LatitudeDegrees><LongitudeDegrees>-1.397447</LongitudeDegrees></Position><AltitudeMeters>868.8</AltitudeMeters></Trackpoint>
   <Trackpoint><DistanceMeters>48316.6</DistanceMeters><Position><LatitudeDegrees>42.933389</LatitudeDegrees><LongitudeDegrees>-1.398285</LongitudeDegrees></Position><AltitudeMeters>876.2</AltitudeMeters></Trackpoint>
   <Trackpoint><DistanceMeters>48370.5</DistanceMeters><Position><LatitudeDegrees>42.933481</LatitudeDegrees><LongitudeDegrees>-1.398935</LongitudeDegrees></Position><AltitudeMeters>881.2</AltitudeMeters></Trackpoint>
   <Trackpoint><DistanceMeters>48414.8</DistanceMeters><Position><LatitudeDegrees>42.933571</LatitudeDegrees><LongitudeDegrees>-1.399465</LongitudeDegrees></Position><AltitudeMeters>886.0</AltitudeMeters></Trackpoint>
   <Trackpoint><DistanceMeters>48445.0</DistanceMeters><Position><LatitudeDegrees>42.933600</LatitudeDegrees><LongitudeDegrees>-1.399824</LongitudeDegrees></Position><AltitudeMeters>888.0</AltitudeMeters></Trackpoint>
   <Trackpoint><DistanceMeters>48475.1</DistanceMeters><Position><LatitudeDegrees>42.933842</LatitudeDegrees><LongitudeDegrees>-1.399929</LongitudeDegrees></Position><AltitudeMeters>891.8</AltitudeMeters></Trackpoint>
   <Trackpoint><DistanceMeters>48514.6</DistanceMeters><Position><LatitudeDegrees>42.934186</LatitudeDegrees><LongitudeDegrees>-1.399808</LongitudeDegrees></Position><AltitudeMeters>892.8</AltitudeMeters></Trackpoint>
   <Trackpoint><DistanceMeters>48555.5</DistanceMeters><Position><LatitudeDegrees>42.934552</LatitudeDegrees><LongitudeDegrees>-1.399808</LongitudeDegrees></Position><AltitudeMeters>892.2</AltitudeMeters></Trackpoint>
   <Trackpoint><DistanceMeters>48587.6</DistanceMeters><Position><LatitudeDegrees>42.934763</LatitudeDegrees><LongitudeDegrees>-1.400066</LongitudeDegrees></Position><AltitudeMeters>897.5</AltitudeMeters></Trackpoint>
   <Trackpoint><DistanceMeters>48625.8</DistanceMeters><Position><LatitudeDegrees>42.935059</LatitudeDegrees><LongitudeDegrees>-1.400296</LongitudeDegrees></Position><AltitudeMeters>900.0</AltitudeMeters></Trackpoint>
   <Trackpoint><DistanceMeters>48664.4</DistanceMeters><Position><LatitudeDegrees>42.935268</LatitudeDegrees><LongitudeDegrees>-1.400662</LongitudeDegrees></Position><AltitudeMeters>903.2</AltitudeMeters></Trackpoint>
   <Trackpoint><DistanceMeters>48698.3</DistanceMeters><Position><LatitudeDegrees>42.935322</LatitudeDegrees><LongitudeDegrees>-1.401072</LongitudeDegrees></Position><AltitudeMeters>905.0</AltitudeMeters></Trackpoint>
   <Trackpoint><DistanceMeters>48742.6</DistanceMeters><Position><LatitudeDegrees>42.935463</LatitudeDegrees><LongitudeDegrees>-1.401580</LongitudeDegrees></Position><AltitudeMeters>906.2</AltitudeMeters></Trackpoint>
   <Trackpoint><DistanceMeters>48776.7</DistanceMeters><Position><LatitudeDegrees>42.935568</LatitudeDegrees><LongitudeDegrees>-1.401974</LongitudeDegrees></Position><AltitudeMeters>907.2</AltitudeMeters></Trackpoint>
   <Trackpoint><DistanceMeters>48833.2</DistanceMeters><Position><LatitudeDegrees>42.935803</LatitudeDegrees><LongitudeDegrees>-1.402586</LongitudeDegrees></Position><AltitudeMeters>912.0</AltitudeMeters></Trackpoint>
   <Trackpoint><DistanceMeters>48879.7</DistanceMeters><Position><LatitudeDegrees>42.936024</LatitudeDegrees><LongitudeDegrees>-1.403071</LongitudeDegrees></Position><AltitudeMeters>910.5</AltitudeMeters></Trackpoint>
   <Trackpoint><DistanceMeters>48930.6</DistanceMeters><Position><LatitudeDegrees>42.936006</LatitudeDegrees><LongitudeDegrees>-1.403681</LongitudeDegrees></Position><AltitudeMeters>906.2</AltitudeMeters></Trackpoint>
   <Trackpoint><DistanceMeters>48978.1</DistanceMeters><Position><LatitudeDegrees>42.936012</LatitudeDegrees><LongitudeDegrees>-1.404262</LongitudeDegrees></Position><AltitudeMeters>903.0</AltitudeMeters></Trackpoint>
   <Trackpoint><DistanceMeters>49012.5</DistanceMeters><Position><LatitudeDegrees>42.936001</LatitudeDegrees><LongitudeDegrees>-1.404684</LongitudeDegrees></Position><AltitudeMeters>900.8</AltitudeMeters></Trackpoint>
   <Trackpoint><DistanceMeters>49055.7</DistanceMeters><Position><LatitudeDegrees>42.936012</LatitudeDegrees><LongitudeDegrees>-1.405215</LongitudeDegrees></Position><AltitudeMeters>899.8</AltitudeMeters></Trackpoint>
   <Trackpoint><DistanceMeters>49088.0</DistanceMeters><Position><LatitudeDegrees>42.936077</LatitudeDegrees><LongitudeDegrees>-1.405601</LongitudeDegrees></Position><AltitudeMeters>897.8</AltitudeMeters></Trackpoint>
   <Trackpoint><DistanceMeters>49187.7</DistanceMeters><Position><LatitudeDegrees>42.936446</LatitudeDegrees><LongitudeDegrees>-1.406714</LongitudeDegrees></Position><AltitudeMeters>889.2</AltitudeMeters></Trackpoint>
   <Trackpoint><DistanceMeters>49244.0</DistanceMeters><Position><LatitudeDegrees>42.936729</LatitudeDegrees><LongitudeDegrees>-1.407288</LongitudeDegrees></Position><AltitudeMeters>886.8</AltitudeMeters></Trackpoint>
   <Trackpoint><DistanceMeters>49279.4</DistanceMeters><Position><LatitudeDegrees>42.936934</LatitudeDegrees><LongitudeDegrees>-1.407620</LongitudeDegrees></Position><AltitudeMeters>885.5</AltitudeMeters></Trackpoint>
   <Trackpoint><DistanceMeters>49316.7</DistanceMeters><Position><LatitudeDegrees>42.937114</LatitudeDegrees><LongitudeDegrees>-1.408004</LongitudeDegrees></Position><AltitudeMeters>885.0</AltitudeMeters></Trackpoint>
   <Trackpoint><DistanceMeters>49346.7</DistanceMeters><Position><LatitudeDegrees>42.937144</LatitudeDegrees><LongitudeDegrees>-1.408369</LongitudeDegrees></Position><AltitudeMeters>883.2</AltitudeMeters></Trackpoint>
   <Trackpoint><DistanceMeters>49383.5</DistanceMeters><Position><LatitudeDegrees>42.937066</LatitudeDegrees><LongitudeDegrees>-1.408806</LongitudeDegrees></Position><AltitudeMeters>879.8</AltitudeMeters></Trackpoint>
   <Trackpoint><DistanceMeters>49417.7</DistanceMeters><Position><LatitudeDegrees>42.936856</LatitudeDegrees><LongitudeDegrees>-1.409108</LongitudeDegrees></Position><AltitudeMeters>876.8</AltitudeMeters></Trackpoint>
   <Trackpoint><DistanceMeters>49493.6</DistanceMeters><Position><LatitudeDegrees>42.936225</LatitudeDegrees><LongitudeDegrees>-1.408890</LongitudeDegrees></Position><AltitudeMeters>872.0</AltitudeMeters></Trackpoint>
   <Trackpoint><DistanceMeters>49524.7</DistanceMeters><Position><LatitudeDegrees>42.935993</LatitudeDegrees><LongitudeDegrees>-1.409016</LongitudeDegrees></Position><AltitudeMeters>870.8</AltitudeMeters></Trackpoint>
   <Trackpoint><DistanceMeters>49565.2</DistanceMeters><Position><LatitudeDegrees>42.936069</LatitudeDegrees><LongitudeDegrees>-1.409497</LongitudeDegrees></Position><AltitudeMeters>868.0</AltitudeMeters></Trackpoint>
   <Trackpoint><DistanceMeters>49605.8</DistanceMeters><Position><LatitudeDegrees>42.936145</LatitudeDegrees><LongitudeDegrees>-1.409985</LongitudeDegrees></Position><AltitudeMeters>865.5</AltitudeMeters></Trackpoint>
   <Trackpoint><DistanceMeters>49638.6</DistanceMeters><Position><LatitudeDegrees>42.936233</LatitudeDegrees><LongitudeDegrees>-1.410370</LongitudeDegrees></Position><AltitudeMeters>862.8</AltitudeMeters></Trackpoint>
   <Trackpoint><DistanceMeters>49686.3</DistanceMeters><Position><LatitudeDegrees>42.936147</LatitudeDegrees><LongitudeDegrees>-1.410937</LongitudeDegrees></Position><AltitudeMeters>859.2</AltitudeMeters></Trackpoint>
   <Trackpoint><DistanceMeters>49734.9</DistanceMeters><Position><LatitudeDegrees>42.936277</LatitudeDegrees><LongitudeDegrees>-1.411478</LongitudeDegrees></Position><AltitudeMeters>857.8</AltitudeMeters></Trackpoint>
   <Trackpoint><DistanceMeters>49772.7</DistanceMeters><Position><LatitudeDegrees>42.936286</LatitudeDegrees><LongitudeDegrees>-1.411915</LongitudeDegrees></Position><AltitudeMeters>857.8</AltitudeMeters></Trackpoint>
   <Trackpoint><DistanceMeters>49807.6</DistanceMeters><Position><LatitudeDegrees>42.936143</LatitudeDegrees><LongitudeDegrees>-1.412296</LongitudeDegrees></Position><AltitudeMeters>856.2</AltitudeMeters></Trackpoint>
   <Trackpoint><DistanceMeters>49847.8</DistanceMeters><Position><LatitudeDegrees>42.936102</LatitudeDegrees><LongitudeDegrees>-1.412781</LongitudeDegrees></Position><AltitudeMeters>855.0</AltitudeMeters></Trackpoint>
   <Trackpoint><DistanceMeters>49905.3</DistanceMeters><Position><LatitudeDegrees>42.936036</LatitudeDegrees><LongitudeDegrees>-1.413481</LongitudeDegrees></Position><AltitudeMeters>851.5</AltitudeMeters></Trackpoint>
   <Trackpoint><DistanceMeters>49980.8</DistanceMeters><Position><LatitudeDegrees>42.935783</LatitudeDegrees><LongitudeDegrees>-1.414340</LongitudeDegrees></Position><AltitudeMeters>845.5</AltitudeMeters></Trackpoint>
   <Trackpoint><DistanceMeters>50017.4</DistanceMeters><Position><LatitudeDegrees>42.935643</LatitudeDegrees><LongitudeDegrees>-1.414747</LongitudeDegrees></Position><AltitudeMeters>841.8</AltitudeMeters></Trackpoint>
   <Trackpoint><DistanceMeters>50058.3</DistanceMeters><Position><LatitudeDegrees>42.935516</LatitudeDegrees><LongitudeDegrees>-1.415216</LongitudeDegrees></Position><AltitudeMeters>839.2</AltitudeMeters></Trackpoint>
   <Trackpoint><DistanceMeters>50101.3</DistanceMeters><Position><LatitudeDegrees>42.935346</LatitudeDegrees><LongitudeDegrees>-1.415684</LongitudeDegrees></Position><AltitudeMeters>838.2</AltitudeMeters></Trackpoint>
   <Trackpoint><DistanceMeters>50141.3</DistanceMeters><Position><LatitudeDegrees>42.935088</LatitudeDegrees><LongitudeDegrees>-1.416026</LongitudeDegrees></Position><AltitudeMeters>837.5</AltitudeMeters></Trackpoint>
   <Trackpoint><DistanceMeters>50179.9</DistanceMeters><Position><LatitudeDegrees>42.934873</LatitudeDegrees><LongitudeDegrees>-1.416397</LongitudeDegrees></Position><AltitudeMeters>837.8</AltitudeMeters></Trackpoint>
   <Trackpoint><DistanceMeters>50221.9</DistanceMeters><Position><LatitudeDegrees>42.934704</LatitudeDegrees><LongitudeDegrees>-1.416857</LongitudeDegrees></Position><AltitudeMeters>837.2</AltitudeMeters></Trackpoint>
   <Trackpoint><DistanceMeters>50252.8</DistanceMeters><Position><LatitudeDegrees>42.934645</LatitudeDegrees><LongitudeDegrees>-1.417227</LongitudeDegrees></Position><AltitudeMeters>837.5</AltitudeMeters></Trackpoint>
   <Trackpoint><DistanceMeters>50288.6</DistanceMeters><Position><LatitudeDegrees>42.934762</LatitudeDegrees><LongitudeDegrees>-1.417621</LongitudeDegrees></Position><AltitudeMeters>836.8</AltitudeMeters></Trackpoint>
   <Trackpoint><DistanceMeters>50333.1</DistanceMeters><Position><LatitudeDegrees>42.934678</LatitudeDegrees><LongitudeDegrees>-1.418145</LongitudeDegrees></Position><AltitudeMeters>837.2</AltitudeMeters></Trackpoint>
   <Trackpoint><DistanceMeters>50382.0</DistanceMeters><Position><LatitudeDegrees>42.934539</LatitudeDegrees><LongitudeDegrees>-1.418713</LongitudeDegrees></Position><AltitudeMeters>837.5</AltitudeMeters></Trackpoint>
   <Trackpoint><DistanceMeters>50418.8</DistanceMeters><Position><LatitudeDegrees>42.934666</LatitudeDegrees><LongitudeDegrees>-1.419080</LongitudeDegrees></Position><AltitudeMeters>836.8</AltitudeMeters></Trackpoint>
   <Trackpoint><DistanceMeters>50470.6</DistanceMeters><Position><LatitudeDegrees>42.934885</LatitudeDegrees><LongitudeDegrees>-1.419619</LongitudeDegrees></Position><AltitudeMeters>837.0</AltitudeMeters></Trackpoint>
   <Trackpoint><DistanceMeters>50506.6</DistanceMeters><Position><LatitudeDegrees>42.935033</LatitudeDegrees><LongitudeDegrees>-1.420002</LongitudeDegrees></Position><AltitudeMeters>835.8</AltitudeMeters></Trackpoint>
   <Trackpoint><DistanceMeters>50547.9</DistanceMeters><Position><LatitudeDegrees>42.935330</LatitudeDegrees><LongitudeDegrees>-1.420306</LongitudeDegrees></Position><AltitudeMeters>834.8</AltitudeMeters></Trackpoint>
   <Trackpoint><DistanceMeters>50584.2</DistanceMeters><Position><LatitudeDegrees>42.935605</LatitudeDegrees><LongitudeDegrees>-1.420536</LongitudeDegrees></Position><AltitudeMeters>833.5</AltitudeMeters></Trackpoint>
   <Trackpoint><DistanceMeters>50615.4</DistanceMeters><Position><LatitudeDegrees>42.935769</LatitudeDegrees><LongitudeDegrees>-1.420847</LongitudeDegrees></Position><AltitudeMeters>833.0</AltitudeMeters></Trackpoint>
   <Trackpoint><DistanceMeters>50678.5</DistanceMeters><Position><LatitudeDegrees>42.936147</LatitudeDegrees><LongitudeDegrees>-1.421425</LongitudeDegrees></Position><AltitudeMeters>830.8</AltitudeMeters></Trackpoint>
   <Trackpoint><DistanceMeters>50713.4</DistanceMeters><Position><LatitudeDegrees>42.936429</LatitudeDegrees><LongitudeDegrees>-1.421611</LongitudeDegrees></Position><AltitudeMeters>830.0</AltitudeMeters></Trackpoint>
   <Trackpoint><DistanceMeters>50757.5</DistanceMeters><Position><LatitudeDegrees>42.936597</LatitudeDegrees><LongitudeDegrees>-1.422102</LongitudeDegrees></Position><AltitudeMeters>827.2</AltitudeMeters></Trackpoint>
   <Trackpoint><DistanceMeters>50788.8</DistanceMeters><Position><LatitudeDegrees>42.936723</LatitudeDegrees><LongitudeDegrees>-1.422446</LongitudeDegrees></Position><AltitudeMeters>826.5</AltitudeMeters></Trackpoint>
   <Trackpoint><DistanceMeters>50843.0</DistanceMeters><Position><LatitudeDegrees>42.936876</LatitudeDegrees><LongitudeDegrees>-1.423078</LongitudeDegrees></Position><AltitudeMeters>823.8</AltitudeMeters></Trackpoint>
   <Trackpoint><DistanceMeters>50945.3</DistanceMeters><Position><LatitudeDegrees>42.937060</LatitudeDegrees><LongitudeDegrees>-1.424309</LongitudeDegrees></Position><AltitudeMeters>819.2</AltitudeMeters></Trackpoint>
   <Trackpoint><DistanceMeters>51049.0</DistanceMeters><Position><LatitudeDegrees>42.937229</LatitudeDegrees><LongitudeDegrees>-1.425562</LongitudeDegrees></Position><AltitudeMeters>810.0</AltitudeMeters></Trackpoint>
   <Trackpoint><DistanceMeters>51088.9</DistanceMeters><Position><LatitudeDegrees>42.937308</LatitudeDegrees><LongitudeDegrees>-1.426040</LongitudeDegrees></Position><AltitudeMeters>806.5</AltitudeMeters></Trackpoint>
   <Trackpoint><DistanceMeters>51156.4</DistanceMeters><Position><LatitudeDegrees>42.937300</LatitudeDegrees><LongitudeDegrees>-1.426866</LongitudeDegrees></Position><AltitudeMeters>801.5</AltitudeMeters></Trackpoint>
   <Trackpoint><DistanceMeters>51190.9</DistanceMeters><Position><LatitudeDegrees>42.937332</LatitudeDegrees><LongitudeDegrees>-1.427285</LongitudeDegrees></Position><AltitudeMeters>799.0</AltitudeMeters></Trackpoint>
   <Trackpoint><DistanceMeters>51255.1</DistanceMeters><Position><LatitudeDegrees>42.937591</LatitudeDegrees><LongitudeDegrees>-1.427987</LongitudeDegrees></Position><AltitudeMeters>796.5</AltitudeMeters></Trackpoint>
   <Trackpoint><DistanceMeters>51288.9</DistanceMeters><Position><LatitudeDegrees>42.937673</LatitudeDegrees><LongitudeDegrees>-1.428384</LongitudeDegrees></Position><AltitudeMeters>796.0</AltitudeMeters></Trackpoint>
   <Trackpoint><DistanceMeters>51355.6</DistanceMeters><Position><LatitudeDegrees>42.937630</LatitudeDegrees><LongitudeDegrees>-1.429200</LongitudeDegrees></Position><AltitudeMeters>790.8</AltitudeMeters></Trackpoint>
   <Trackpoint><DistanceMeters>51399.1</DistanceMeters><Position><LatitudeDegrees>42.937555</LatitudeDegrees><LongitudeDegrees>-1.429725</LongitudeDegrees></Position><AltitudeMeters>786.8</AltitudeMeters></Trackpoint>
   <Trackpoint><DistanceMeters>51475.4</DistanceMeters><Position><LatitudeDegrees>42.937418</LatitudeDegrees><LongitudeDegrees>-1.430643</LongitudeDegrees></Position><AltitudeMeters>781.8</AltitudeMeters></Trackpoint>
   <Trackpoint><DistanceMeters>51537.5</DistanceMeters><Position><LatitudeDegrees>42.937591</LatitudeDegrees><LongitudeDegrees>-1.431356</LongitudeDegrees></Position><AltitudeMeters>777.5</AltitudeMeters></Trackpoint>
   <Trackpoint><DistanceMeters>51569.7</DistanceMeters><Position><LatitudeDegrees>42.937709</LatitudeDegrees><LongitudeDegrees>-1.431716</LongitudeDegrees></Position><AltitudeMeters>774.8</AltitudeMeters></Trackpoint>
   <Trackpoint><DistanceMeters>51606.2</DistanceMeters><Position><LatitudeDegrees>42.937881</LatitudeDegrees><LongitudeDegrees>-1.432097</LongitudeDegrees></Position><AltitudeMeters>772.5</AltitudeMeters></Trackpoint>
   <Trackpoint><DistanceMeters>51659.4</DistanceMeters><Position><LatitudeDegrees>42.938239</LatitudeDegrees><LongitudeDegrees>-1.432531</LongitudeDegrees></Position><AltitudeMeters>769.5</AltitudeMeters></Trackpoint>
   <Trackpoint><DistanceMeters>51695.1</DistanceMeters><Position><LatitudeDegrees>42.938467</LatitudeDegrees><LongitudeDegrees>-1.432837</LongitudeDegrees></Position><AltitudeMeters>767.8</AltitudeMeters></Trackpoint>
   <Trackpoint><DistanceMeters>51745.5</DistanceMeters><Position><LatitudeDegrees>42.938655</LatitudeDegrees><LongitudeDegrees>-1.433400</LongitudeDegrees></Position><AltitudeMeters>762.2</AltitudeMeters></Trackpoint>
   <Trackpoint><DistanceMeters>51799.6</DistanceMeters><Position><LatitudeDegrees>42.938871</LatitudeDegrees><LongitudeDegrees>-1.433996</LongitudeDegrees></Position><AltitudeMeters>757.5</AltitudeMeters></Trackpoint>
   <Trackpoint><DistanceMeters>51837.8</DistanceMeters><Position><LatitudeDegrees>42.938938</LatitudeDegrees><LongitudeDegrees>-1.434451</LongitudeDegrees></Position><AltitudeMeters>753.5</AltitudeMeters></Trackpoint>
   <Trackpoint><DistanceMeters>51878.4</DistanceMeters><Position><LatitudeDegrees>42.938820</LatitudeDegrees><LongitudeDegrees>-1.434918</LongitudeDegrees></Position><AltitudeMeters>748.8</AltitudeMeters></Trackpoint>
   <Trackpoint><DistanceMeters>51913.2</DistanceMeters><Position><LatitudeDegrees>42.938554</LatitudeDegrees><LongitudeDegrees>-1.435113</LongitudeDegrees></Position><AltitudeMeters>746.8</AltitudeMeters></Trackpoint>
   <Trackpoint><DistanceMeters>51945.9</DistanceMeters><Position><LatitudeDegrees>42.938270</LatitudeDegrees><LongitudeDegrees>-1.435025</LongitudeDegrees></Position><AltitudeMeters>746.0</AltitudeMeters></Trackpoint>
   <Trackpoint><DistanceMeters>51993.2</DistanceMeters><Position><LatitudeDegrees>42.937909</LatitudeDegrees><LongitudeDegrees>-1.434720</LongitudeDegrees></Position><AltitudeMeters>743.8</AltitudeMeters></Trackpoint>
   <Trackpoint><DistanceMeters>52037.5</DistanceMeters><Position><LatitudeDegrees>42.937689</LatitudeDegrees><LongitudeDegrees>-1.434269</LongitudeDegrees></Position><AltitudeMeters>742.8</AltitudeMeters></Trackpoint>
   <Trackpoint><DistanceMeters>52069.9</DistanceMeters><Position><LatitudeDegrees>42.937563</LatitudeDegrees><LongitudeDegrees>-1.433910</LongitudeDegrees></Position><AltitudeMeters>742.5</AltitudeMeters></Trackpoint>
   <Trackpoint><DistanceMeters>52101.4</DistanceMeters><Position><LatitudeDegrees>42.937363</LatitudeDegrees><LongitudeDegrees>-1.433888</LongitudeDegrees></Position><AltitudeMeters>737.0</AltitudeMeters></Trackpoint>
   <Trackpoint><DistanceMeters>52137.6</DistanceMeters><Position><LatitudeDegrees>42.937497</LatitudeDegrees><LongitudeDegrees>-1.434291</LongitudeDegrees></Position><AltitudeMeters>735.5</AltitudeMeters></Trackpoint>
   <Trackpoint><DistanceMeters>52180.7</DistanceMeters><Position><LatitudeDegrees>42.937634</LatitudeDegrees><LongitudeDegrees>-1.434784</LongitudeDegrees></Position><AltitudeMeters>733.8</AltitudeMeters></Trackpoint>
   <Trackpoint><DistanceMeters>52211.9</DistanceMeters><Position><LatitudeDegrees>42.937689</LatitudeDegrees><LongitudeDegrees>-1.435160</LongitudeDegrees></Position><AltitudeMeters>730.2</AltitudeMeters></Trackpoint>
   <Trackpoint><DistanceMeters>52245.6</DistanceMeters><Position><LatitudeDegrees>42.937764</LatitudeDegrees><LongitudeDegrees>-1.435562</LongitudeDegrees></Position><AltitudeMeters>726.2</AltitudeMeters></Trackpoint>
   <Trackpoint><DistanceMeters>52280.0</DistanceMeters><Position><LatitudeDegrees>42.937807</LatitudeDegrees><LongitudeDegrees>-1.435980</LongitudeDegrees></Position><AltitudeMeters>724.8</AltitudeMeters></Trackpoint>
   <Trackpoint><DistanceMeters>52372.1</DistanceMeters><Position><LatitudeDegrees>42.937881</LatitudeDegrees><LongitudeDegrees>-1.437107</LongitudeDegrees></Position><AltitudeMeters>718.5</AltitudeMeters></Trackpoint>
   <Trackpoint><DistanceMeters>52411.3</DistanceMeters><Position><LatitudeDegrees>42.937952</LatitudeDegrees><LongitudeDegrees>-1.437578</LongitudeDegrees></Position><AltitudeMeters>716.0</AltitudeMeters></Trackpoint>
   <Trackpoint><DistanceMeters>52454.8</DistanceMeters><Position><LatitudeDegrees>42.938066</LatitudeDegrees><LongitudeDegrees>-1.438089</LongitudeDegrees></Position><AltitudeMeters>711.8</AltitudeMeters></Trackpoint>
   <Trackpoint><DistanceMeters>52505.6</DistanceMeters><Position><LatitudeDegrees>42.938179</LatitudeDegrees><LongitudeDegrees>-1.438694</LongitudeDegrees></Position><AltitudeMeters>709.0</AltitudeMeters></Trackpoint>
   <Trackpoint><DistanceMeters>52542.7</DistanceMeters><Position><LatitudeDegrees>42.938242</LatitudeDegrees><LongitudeDegrees>-1.439142</LongitudeDegrees></Position><AltitudeMeters>706.8</AltitudeMeters></Trackpoint>
   <Trackpoint><DistanceMeters>52582.0</DistanceMeters><Position><LatitudeDegrees>42.938274</LatitudeDegrees><LongitudeDegrees>-1.439622</LongitudeDegrees></Position><AltitudeMeters>705.2</AltitudeMeters></Trackpoint>
   <Trackpoint><DistanceMeters>52625.1</DistanceMeters><Position><LatitudeDegrees>42.938318</LatitudeDegrees><LongitudeDegrees>-1.440149</LongitudeDegrees></Position><AltitudeMeters>701.8</AltitudeMeters></Trackpoint>
   <Trackpoint><DistanceMeters>52658.9</DistanceMeters><Position><LatitudeDegrees>42.938394</LatitudeDegrees><LongitudeDegrees>-1.440550</LongitudeDegrees></Position><AltitudeMeters>699.8</AltitudeMeters></Trackpoint>
   <Trackpoint><DistanceMeters>52688.9</DistanceMeters><Position><LatitudeDegrees>42.938525</LatitudeDegrees><LongitudeDegrees>-1.440872</LongitudeDegrees></Position><AltitudeMeters>696.5</AltitudeMeters></Trackpoint>
   <Trackpoint><DistanceMeters>52783.6</DistanceMeters><Position><LatitudeDegrees>42.939109</LatitudeDegrees><LongitudeDegrees>-1.441718</LongitudeDegrees></Position><AltitudeMeters>689.5</AltitudeMeters></Trackpoint>
   <Trackpoint><DistanceMeters>52830.3</DistanceMeters><Position><LatitudeDegrees>42.939319</LatitudeDegrees><LongitudeDegrees>-1.442208</LongitudeDegrees></Position><AltitudeMeters>689.0</AltitudeMeters></Trackpoint>
   <Trackpoint><DistanceMeters>52869.3</DistanceMeters><Position><LatitudeDegrees>42.939397</LatitudeDegrees><LongitudeDegrees>-1.442675</LongitudeDegrees></Position><AltitudeMeters>686.8</AltitudeMeters></Trackpoint>
   <Trackpoint><DistanceMeters>52922.5</DistanceMeters><Position><LatitudeDegrees>42.939550</LatitudeDegrees><LongitudeDegrees>-1.443293</LongitudeDegrees></Position><AltitudeMeters>682.8</AltitudeMeters></Trackpoint>
   <Trackpoint><DistanceMeters>53112.3</DistanceMeters><Position><LatitudeDegrees>42.940222</LatitudeDegrees><LongitudeDegrees>-1.445437</LongitudeDegrees></Position><AltitudeMeters>667.0</AltitudeMeters></Trackpoint>
   <Trackpoint><DistanceMeters>53165.3</DistanceMeters><Position><LatitudeDegrees>42.940490</LatitudeDegrees><LongitudeDegrees>-1.445974</LongitudeDegrees></Position><AltitudeMeters>664.2</AltitudeMeters></Trackpoint>
   <Trackpoint><DistanceMeters>53225.8</DistanceMeters><Position><LatitudeDegrees>42.940877</LatitudeDegrees><LongitudeDegrees>-1.446495</LongitudeDegrees></Position><AltitudeMeters>660.5</AltitudeMeters></Trackpoint>
   <Trackpoint><DistanceMeters>53340.5</DistanceMeters><Position><LatitudeDegrees>42.939946</LatitudeDegrees><LongitudeDegrees>-1.446773</LongitudeDegrees></Position><AltitudeMeters>665.0</AltitudeMeters></Trackpoint>
   <Trackpoint><DistanceMeters>53401.2</DistanceMeters><Position><LatitudeDegrees>42.939412</LatitudeDegrees><LongitudeDegrees>-1.446917</LongitudeDegrees></Position><AltitudeMeters>666.8</AltitudeMeters></Trackpoint>
   <Trackpoint><DistanceMeters>53431.4</DistanceMeters><Position><LatitudeDegrees>42.939173</LatitudeDegrees><LongitudeDegrees>-1.447092</LongitudeDegrees></Position><AltitudeMeters>667.5</AltitudeMeters></Trackpoint>
   <Trackpoint><DistanceMeters>53503.6</DistanceMeters><Position><LatitudeDegrees>42.938600</LatitudeDegrees><LongitudeDegrees>-1.447511</LongitudeDegrees></Position><AltitudeMeters>668.0</AltitudeMeters></Trackpoint>
   <Trackpoint><DistanceMeters>53535.0</DistanceMeters><Position><LatitudeDegrees>42.938371</LatitudeDegrees><LongitudeDegrees>-1.447737</LongitudeDegrees></Position><AltitudeMeters>668.8</AltitudeMeters></Trackpoint>
   <Trackpoint><DistanceMeters>53632.0</DistanceMeters><Position><LatitudeDegrees>42.937664</LatitudeDegrees><LongitudeDegrees>-1.448434</LongitudeDegrees></Position><AltitudeMeters>669.2</AltitudeMeters></Trackpoint>
   <Trackpoint><DistanceMeters>53761.7</DistanceMeters><Position><LatitudeDegrees>42.936802</LatitudeDegrees><LongitudeDegrees>-1.449507</LongitudeDegrees></Position><AltitudeMeters>667.2</AltitudeMeters></Trackpoint>
   <Trackpoint><DistanceMeters>54080.2</DistanceMeters><Position><LatitudeDegrees>42.934685</LatitudeDegrees><LongitudeDegrees>-1.452142</LongitudeDegrees></Position><AltitudeMeters>656.8</AltitudeMeters></Trackpoint>
   <Trackpoint><DistanceMeters>54112.9</DistanceMeters><Position><LatitudeDegrees>42.934723</LatitudeDegrees><LongitudeDegrees>-1.452540</LongitudeDegrees></Position><AltitudeMeters>657.0</AltitudeMeters></Trackpoint>
   <Trackpoint><DistanceMeters>54147.7</DistanceMeters><Position><LatitudeDegrees>42.934564</LatitudeDegrees><LongitudeDegrees>-1.452902</LongitudeDegrees></Position><AltitudeMeters>656.2</AltitudeMeters></Trackpoint>
   <Trackpoint><DistanceMeters>54185.6</DistanceMeters><Position><LatitudeDegrees>42.934443</LatitudeDegrees><LongitudeDegrees>-1.453331</LongitudeDegrees></Position><AltitudeMeters>654.8</AltitudeMeters></Trackpoint>
   <Trackpoint><DistanceMeters>54226.0</DistanceMeters><Position><LatitudeDegrees>42.934443</LatitudeDegrees><LongitudeDegrees>-1.453828</LongitudeDegrees></Position><AltitudeMeters>655.8</AltitudeMeters></Trackpoint>
   <Trackpoint><DistanceMeters>54306.1</DistanceMeters><Position><LatitudeDegrees>42.934530</LatitudeDegrees><LongitudeDegrees>-1.454805</LongitudeDegrees></Position><AltitudeMeters>657.5</AltitudeMeters></Trackpoint>
   <Trackpoint><DistanceMeters>54358.8</DistanceMeters><Position><LatitudeDegrees>42.934754</LatitudeDegrees><LongitudeDegrees>-1.455359</LongitudeDegrees></Position><AltitudeMeters>659.0</AltitudeMeters></Trackpoint>
   <Trackpoint><DistanceMeters>54428.1</DistanceMeters><Position><LatitudeDegrees>42.934671</LatitudeDegrees><LongitudeDegrees>-1.456192</LongitudeDegrees></Position><AltitudeMeters>657.0</AltitudeMeters></Trackpoint>
   <Trackpoint><DistanceMeters>54461.9</DistanceMeters><Position><LatitudeDegrees>42.934701</LatitudeDegrees><LongitudeDegrees>-1.456595</LongitudeDegrees></Position><AltitudeMeters>654.2</AltitudeMeters></Trackpoint>
   <Trackpoint><DistanceMeters>54494.8</DistanceMeters><Position><LatitudeDegrees>42.934921</LatitudeDegrees><LongitudeDegrees>-1.456864</LongitudeDegrees></Position><AltitudeMeters>651.0</AltitudeMeters></Trackpoint>
   <Trackpoint><DistanceMeters>54534.8</DistanceMeters><Position><LatitudeDegrees>42.935033</LatitudeDegrees><LongitudeDegrees>-1.457290</LongitudeDegrees></Position><AltitudeMeters>646.0</AltitudeMeters></Trackpoint>
   <Trackpoint><DistanceMeters>54580.8</DistanceMeters><Position><LatitudeDegrees>42.935333</LatitudeDegrees><LongitudeDegrees>-1.457664</LongitudeDegrees></Position><AltitudeMeters>650.2</AltitudeMeters></Trackpoint>
   <Trackpoint><DistanceMeters>54618.7</DistanceMeters><Position><LatitudeDegrees>42.935664</LatitudeDegrees><LongitudeDegrees>-1.457770</LongitudeDegrees></Position><AltitudeMeters>652.2</AltitudeMeters></Trackpoint>
   <Trackpoint><DistanceMeters>54673.0</DistanceMeters><Position><LatitudeDegrees>42.936152</LatitudeDegrees><LongitudeDegrees>-1.457770</LongitudeDegrees></Position><AltitudeMeters>654.5</AltitudeMeters></Trackpoint>
   <Trackpoint><DistanceMeters>54709.7</DistanceMeters><Position><LatitudeDegrees>42.936455</LatitudeDegrees><LongitudeDegrees>-1.457933</LongitudeDegrees></Position><AltitudeMeters>655.0</AltitudeMeters></Trackpoint>
   <Trackpoint><DistanceMeters>54744.6</DistanceMeters><Position><LatitudeDegrees>42.936759</LatitudeDegrees><LongitudeDegrees>-1.457860</LongitudeDegrees></Position><AltitudeMeters>654.5</AltitudeMeters></Trackpoint>
   <Trackpoint><DistanceMeters>54786.1</DistanceMeters><Position><LatitudeDegrees>42.937087</LatitudeDegrees><LongitudeDegrees>-1.457631</LongitudeDegrees></Position><AltitudeMeters>655.0</AltitudeMeters></Trackpoint>
   <Trackpoint><DistanceMeters>54825.4</DistanceMeters><Position><LatitudeDegrees>42.937416</LatitudeDegrees><LongitudeDegrees>-1.457452</LongitudeDegrees></Position><AltitudeMeters>655.0</AltitudeMeters></Trackpoint>
   <Trackpoint><DistanceMeters>54872.1</DistanceMeters><Position><LatitudeDegrees>42.937813</LatitudeDegrees><LongitudeDegrees>-1.457278</LongitudeDegrees></Position><AltitudeMeters>657.0</AltitudeMeters></Trackpoint>
   <Trackpoint><DistanceMeters>54925.0</DistanceMeters><Position><LatitudeDegrees>42.937646</LatitudeDegrees><LongitudeDegrees>-1.457550</LongitudeDegrees></Position><AltitudeMeters>661.8</AltitudeMeters></Trackpoint>
   <Trackpoint><DistanceMeters>54974.9</DistanceMeters><Position><LatitudeDegrees>42.937231</LatitudeDegrees><LongitudeDegrees>-1.457784</LongitudeDegrees></Position><AltitudeMeters>661.2</AltitudeMeters></Trackpoint>
   <Trackpoint><DistanceMeters>55010.4</DistanceMeters><Position><LatitudeDegrees>42.936976</LatitudeDegrees><LongitudeDegrees>-1.458046</LongitudeDegrees></Position><AltitudeMeters>664.5</AltitudeMeters></Trackpoint>
   <Trackpoint><DistanceMeters>55054.3</DistanceMeters><Position><LatitudeDegrees>42.936844</LatitudeDegrees><LongitudeDegrees>-1.458544</LongitudeDegrees></Position><AltitudeMeters>666.8</AltitudeMeters></Trackpoint>
   <Trackpoint><DistanceMeters>55105.7</DistanceMeters><Position><LatitudeDegrees>42.936897</LatitudeDegrees><LongitudeDegrees>-1.459171</LongitudeDegrees></Position><AltitudeMeters>665.2</AltitudeMeters></Trackpoint>
   <Trackpoint><DistanceMeters>55152.8</DistanceMeters><Position><LatitudeDegrees>42.937091</LatitudeDegrees><LongitudeDegrees>-1.459664</LongitudeDegrees></Position><AltitudeMeters>664.0</AltitudeMeters></Trackpoint>
   <Trackpoint><DistanceMeters>55193.9</DistanceMeters><Position><LatitudeDegrees>42.937321</LatitudeDegrees><LongitudeDegrees>-1.460058</LongitudeDegrees></Position><AltitudeMeters>666.5</AltitudeMeters></Trackpoint>
   <Trackpoint><DistanceMeters>55233.6</DistanceMeters><Position><LatitudeDegrees>42.937524</LatitudeDegrees><LongitudeDegrees>-1.460459</LongitudeDegrees></Position><AltitudeMeters>668.5</AltitudeMeters></Trackpoint>
   <Trackpoint><DistanceMeters>55275.7</DistanceMeters><Position><LatitudeDegrees>42.937655</LatitudeDegrees><LongitudeDegrees>-1.460945</LongitudeDegrees></Position><AltitudeMeters>672.8</AltitudeMeters></Trackpoint>
   <Trackpoint><DistanceMeters>55319.0</DistanceMeters><Position><LatitudeDegrees>42.937759</LatitudeDegrees><LongitudeDegrees>-1.461457</LongitudeDegrees></Position><AltitudeMeters>674.0</AltitudeMeters></Trackpoint>
   <Trackpoint><DistanceMeters>55388.3</DistanceMeters><Position><LatitudeDegrees>42.937840</LatitudeDegrees><LongitudeDegrees>-1.462301</LongitudeDegrees></Position><AltitudeMeters>679.5</AltitudeMeters></Trackpoint>
   <Trackpoint><DistanceMeters>55462.5</DistanceMeters><Position><LatitudeDegrees>42.938246</LatitudeDegrees><LongitudeDegrees>-1.463004</LongitudeDegrees></Position><AltitudeMeters>683.0</AltitudeMeters></Trackpoint>
   <Trackpoint><DistanceMeters>55500.6</DistanceMeters><Position><LatitudeDegrees>42.938553</LatitudeDegrees><LongitudeDegrees>-1.463213</LongitudeDegrees></Position><AltitudeMeters>684.8</AltitudeMeters></Trackpoint>
   <Trackpoint><DistanceMeters>55535.6</DistanceMeters><Position><LatitudeDegrees>42.938760</LatitudeDegrees><LongitudeDegrees>-1.463533</LongitudeDegrees></Position><AltitudeMeters>688.5</AltitudeMeters></Trackpoint>
   <Trackpoint><DistanceMeters>55577.8</DistanceMeters><Position><LatitudeDegrees>42.938887</LatitudeDegrees><LongitudeDegrees>-1.464020</LongitudeDegrees></Position><AltitudeMeters>691.0</AltitudeMeters></Trackpoint>
   <Trackpoint><DistanceMeters>55618.5</DistanceMeters><Position><LatitudeDegrees>42.938986</LatitudeDegrees><LongitudeDegrees>-1.464482</LongitudeDegrees></Position><AltitudeMeters>693.2</AltitudeMeters></Trackpoint>
   <Trackpoint><DistanceMeters>55696.2</DistanceMeters><Position><LatitudeDegrees>42.939284</LatitudeDegrees><LongitudeDegrees>-1.465339</LongitudeDegrees></Position><AltitudeMeters>699.0</AltitudeMeters></Trackpoint>
   <Trackpoint><DistanceMeters>55732.8</DistanceMeters><Position><LatitudeDegrees>42.939500</LatitudeDegrees><LongitudeDegrees>-1.465666</LongitudeDegrees></Position><AltitudeMeters>701.0</AltitudeMeters></Trackpoint>
   <Trackpoint><DistanceMeters>55801.5</DistanceMeters><Position><LatitudeDegrees>42.940096</LatitudeDegrees><LongitudeDegrees>-1.465887</LongitudeDegrees></Position><AltitudeMeters>707.2</AltitudeMeters></Trackpoint>
   <Trackpoint><DistanceMeters>55838.5</DistanceMeters><Position><LatitudeDegrees>42.940413</LatitudeDegrees><LongitudeDegrees>-1.466015</LongitudeDegrees></Position><AltitudeMeters>709.0</AltitudeMeters></Trackpoint>
   <Trackpoint><DistanceMeters>56237.8</DistanceMeters><Position><LatitudeDegrees>42.941272</LatitudeDegrees><LongitudeDegrees>-1.470778</LongitudeDegrees></Position><AltitudeMeters>801.2</AltitudeMeters></Trackpoint>
   <Trackpoint><DistanceMeters>56350.8</DistanceMeters><Position><LatitudeDegrees>42.940321</LatitudeDegrees><LongitudeDegrees>-1.471233</LongitudeDegrees></Position><AltitudeMeters>798.5</AltitudeMeters></Trackpoint>
   <Trackpoint><DistanceMeters>56387.2</DistanceMeters><Position><LatitudeDegrees>42.940038</LatitudeDegrees><LongitudeDegrees>-1.471458</LongitudeDegrees></Position><AltitudeMeters>792.0</AltitudeMeters></Trackpoint>
   <Trackpoint><DistanceMeters>56447.0</DistanceMeters><Position><LatitudeDegrees>42.939581</LatitudeDegrees><LongitudeDegrees>-1.471840</LongitudeDegrees></Position><AltitudeMeters>788.2</AltitudeMeters></Trackpoint>
   <Trackpoint><DistanceMeters>56487.3</DistanceMeters><Position><LatitudeDegrees>42.939281</LatitudeDegrees><LongitudeDegrees>-1.472118</LongitudeDegrees></Position><AltitudeMeters>787.2</AltitudeMeters></Trackpoint>
   <Trackpoint><DistanceMeters>56549.2</DistanceMeters><Position><LatitudeDegrees>42.938881</LatitudeDegrees><LongitudeDegrees>-1.472647</LongitudeDegrees></Position><AltitudeMeters>782.2</AltitudeMeters></Trackpoint>
   <Trackpoint><DistanceMeters>56599.5</DistanceMeters><Position><LatitudeDegrees>42.938595</LatitudeDegrees><LongitudeDegrees>-1.473125</LongitudeDegrees></Position><AltitudeMeters>774.5</AltitudeMeters></Trackpoint>
   <Trackpoint><DistanceMeters>56640.0</DistanceMeters><Position><LatitudeDegrees>42.938405</LatitudeDegrees><LongitudeDegrees>-1.473550</LongitudeDegrees></Position><AltitudeMeters>770.2</AltitudeMeters></Trackpoint>
   <Trackpoint><DistanceMeters>56688.4</DistanceMeters><Position><LatitudeDegrees>42.938198</LatitudeDegrees><LongitudeDegrees>-1.474073</LongitudeDegrees></Position><AltitudeMeters>768.2</AltitudeMeters></Trackpoint>
   <Trackpoint><DistanceMeters>56719.5</DistanceMeters><Position><LatitudeDegrees>42.938074</LatitudeDegrees><LongitudeDegrees>-1.474416</LongitudeDegrees></Position><AltitudeMeters>767.8</AltitudeMeters></Trackpoint>
   <Trackpoint><DistanceMeters>56832.1</DistanceMeters><Position><LatitudeDegrees>42.937758</LatitudeDegrees><LongitudeDegrees>-1.475729</LongitudeDegrees></Position><AltitudeMeters>770.0</AltitudeMeters></Trackpoint>
   <Trackpoint><DistanceMeters>56875.7</DistanceMeters><Position><LatitudeDegrees>42.937715</LatitudeDegrees><LongitudeDegrees>-1.476262</LongitudeDegrees></Position><AltitudeMeters>771.2</AltitudeMeters></Trackpoint>
   <Trackpoint><DistanceMeters>56950.1</DistanceMeters><Position><LatitudeDegrees>42.937485</LatitudeDegrees><LongitudeDegrees>-1.477120</LongitudeDegrees></Position><AltitudeMeters>778.2</AltitudeMeters></Trackpoint>
   <Trackpoint><DistanceMeters>56982.7</DistanceMeters><Position><LatitudeDegrees>42.937515</LatitudeDegrees><LongitudeDegrees>-1.477513</LongitudeDegrees></Position><AltitudeMeters>776.0</AltitudeMeters></Trackpoint>
   <Trackpoint><DistanceMeters>57034.3</DistanceMeters><Position><LatitudeDegrees>42.937616</LatitudeDegrees><LongitudeDegrees>-1.478131</LongitudeDegrees></Position><AltitudeMeters>775.2</AltitudeMeters></Trackpoint>
   <Trackpoint><DistanceMeters>57077.8</DistanceMeters><Position><LatitudeDegrees>42.937635</LatitudeDegrees><LongitudeDegrees>-1.478664</LongitudeDegrees></Position><AltitudeMeters>774.8</AltitudeMeters></Trackpoint>
   <Trackpoint><DistanceMeters>57112.5</DistanceMeters><Position><LatitudeDegrees>42.937707</LatitudeDegrees><LongitudeDegrees>-1.479079</LongitudeDegrees></Position><AltitudeMeters>773.8</AltitudeMeters></Trackpoint>
   <Trackpoint><DistanceMeters>57169.2</DistanceMeters><Position><LatitudeDegrees>42.937855</LatitudeDegrees><LongitudeDegrees>-1.479744</LongitudeDegrees></Position><AltitudeMeters>770.5</AltitudeMeters></Trackpoint>
   <Trackpoint><DistanceMeters>57203.6</DistanceMeters><Position><LatitudeDegrees>42.937953</LatitudeDegrees><LongitudeDegrees>-1.480145</LongitudeDegrees></Position><AltitudeMeters>769.5</AltitudeMeters></Trackpoint>
   <Trackpoint><DistanceMeters>57244.9</DistanceMeters><Position><LatitudeDegrees>42.938055</LatitudeDegrees><LongitudeDegrees>-1.480632</LongitudeDegrees></Position><AltitudeMeters>767.8</AltitudeMeters></Trackpoint>
   <Trackpoint><DistanceMeters>57289.9</DistanceMeters><Position><LatitudeDegrees>42.938182</LatitudeDegrees><LongitudeDegrees>-1.481156</LongitudeDegrees></Position><AltitudeMeters>764.5</AltitudeMeters></Trackpoint>
   <Trackpoint><DistanceMeters>57332.5</DistanceMeters><Position><LatitudeDegrees>42.938238</LatitudeDegrees><LongitudeDegrees>-1.481672</LongitudeDegrees></Position><AltitudeMeters>760.0</AltitudeMeters></Trackpoint>
   <Trackpoint><DistanceMeters>57385.9</DistanceMeters><Position><LatitudeDegrees>42.938361</LatitudeDegrees><LongitudeDegrees>-1.482307</LongitudeDegrees></Position><AltitudeMeters>755.2</AltitudeMeters></Trackpoint>
   <Trackpoint><DistanceMeters>57430.9</DistanceMeters><Position><LatitudeDegrees>42.938485</LatitudeDegrees><LongitudeDegrees>-1.482833</LongitudeDegrees></Position><AltitudeMeters>749.5</AltitudeMeters></Trackpoint>
   <Trackpoint><DistanceMeters>57472.9</DistanceMeters><Position><LatitudeDegrees>42.938724</LatitudeDegrees><LongitudeDegrees>-1.483184</LongitudeDegrees></Position><AltitudeMeters>745.2</AltitudeMeters></Trackpoint>
   <Trackpoint><DistanceMeters>57511.8</DistanceMeters><Position><LatitudeDegrees>42.938679</LatitudeDegrees><LongitudeDegrees>-1.483645</LongitudeDegrees></Position><AltitudeMeters>740.2</AltitudeMeters></Trackpoint>
   <Trackpoint><DistanceMeters>57541.9</DistanceMeters><Position><LatitudeDegrees>42.938563</LatitudeDegrees><LongitudeDegrees>-1.483978</LongitudeDegrees></Position><AltitudeMeters>737.0</AltitudeMeters></Trackpoint>
   <Trackpoint><DistanceMeters>57574.3</DistanceMeters><Position><LatitudeDegrees>42.938488</LatitudeDegrees><LongitudeDegrees>-1.484348</LongitudeDegrees></Position><AltitudeMeters>733.5</AltitudeMeters></Trackpoint>
   <Trackpoint><DistanceMeters>57606.2</DistanceMeters><Position><LatitudeDegrees>42.938523</LatitudeDegrees><LongitudeDegrees>-1.484711</LongitudeDegrees></Position><AltitudeMeters>730.0</AltitudeMeters></Trackpoint>
   <Trackpoint><DistanceMeters>57748.8</DistanceMeters><Position><LatitudeDegrees>42.938480</LatitudeDegrees><LongitudeDegrees>-1.486462</LongitudeDegrees></Position><AltitudeMeters>712.5</AltitudeMeters></Trackpoint>
   <Trackpoint><DistanceMeters>58099.2</DistanceMeters><Position><LatitudeDegrees>42.937007</LatitudeDegrees><LongitudeDegrees>-1.490268</LongitudeDegrees></Position><AltitudeMeters>615.8</AltitudeMeters></Trackpoint>
   <Trackpoint><DistanceMeters>58203.3</DistanceMeters><Position><LatitudeDegrees>42.936589</LatitudeDegrees><LongitudeDegrees>-1.491412</LongitudeDegrees></Position><AltitudeMeters>605.5</AltitudeMeters></Trackpoint>
   <Trackpoint><DistanceMeters>58233.9</DistanceMeters><Position><LatitudeDegrees>42.936435</LatitudeDegrees><LongitudeDegrees>-1.491724</LongitudeDegrees></Position><AltitudeMeters>603.5</AltitudeMeters></Trackpoint>
   <Trackpoint><DistanceMeters>58293.2</DistanceMeters><Position><LatitudeDegrees>42.936218</LatitudeDegrees><LongitudeDegrees>-1.492389</LongitudeDegrees></Position><AltitudeMeters>600.8</AltitudeMeters></Trackpoint>
   <Trackpoint><DistanceMeters>58328.8</DistanceMeters><Position><LatitudeDegrees>42.936062</LatitudeDegrees><LongitudeDegrees>-1.492770</LongitudeDegrees></Position><AltitudeMeters>597.8</AltitudeMeters></Trackpoint>
   <Trackpoint><DistanceMeters>58364.4</DistanceMeters><Position><LatitudeDegrees>42.935906</LatitudeDegrees><LongitudeDegrees>-1.493153</LongitudeDegrees></Position><AltitudeMeters>593.8</AltitudeMeters></Trackpoint>
   <Trackpoint><DistanceMeters>58425.6</DistanceMeters><Position><LatitudeDegrees>42.935473</LatitudeDegrees><LongitudeDegrees>-1.493617</LongitudeDegrees></Position><AltitudeMeters>589.0</AltitudeMeters></Trackpoint>
   <Trackpoint><DistanceMeters>58516.1</DistanceMeters><Position><LatitudeDegrees>42.934668</LatitudeDegrees><LongitudeDegrees>-1.493777</LongitudeDegrees></Position><AltitudeMeters>583.2</AltitudeMeters></Trackpoint>
   <Trackpoint><DistanceMeters>58582.5</DistanceMeters><Position><LatitudeDegrees>42.934093</LatitudeDegrees><LongitudeDegrees>-1.493996</LongitudeDegrees></Position><AltitudeMeters>579.0</AltitudeMeters></Trackpoint>
   <Trackpoint><DistanceMeters>58640.2</DistanceMeters><Position><LatitudeDegrees>42.933574</LatitudeDegrees><LongitudeDegrees>-1.493991</LongitudeDegrees></Position><AltitudeMeters>575.0</AltitudeMeters></Trackpoint>
   <Trackpoint><DistanceMeters>58693.0</DistanceMeters><Position><LatitudeDegrees>42.933129</LatitudeDegrees><LongitudeDegrees>-1.494219</LongitudeDegrees></Position><AltitudeMeters>572.5</AltitudeMeters></Trackpoint>
   <Trackpoint><DistanceMeters>58746.7</DistanceMeters><Position><LatitudeDegrees>42.932652</LatitudeDegrees><LongitudeDegrees>-1.494309</LongitudeDegrees></Position><AltitudeMeters>570.2</AltitudeMeters></Trackpoint>
   <Trackpoint><DistanceMeters>58795.3</DistanceMeters><Position><LatitudeDegrees>42.932225</LatitudeDegrees><LongitudeDegrees>-1.494434</LongitudeDegrees></Position><AltitudeMeters>567.0</AltitudeMeters></Trackpoint>
   <Trackpoint><DistanceMeters>58923.6</DistanceMeters><Position><LatitudeDegrees>42.931071</LatitudeDegrees><LongitudeDegrees>-1.494455</LongitudeDegrees></Position><AltitudeMeters>560.8</AltitudeMeters></Trackpoint>
   <Trackpoint><DistanceMeters>58989.9</DistanceMeters><Position><LatitudeDegrees>42.930505</LatitudeDegrees><LongitudeDegrees>-1.494712</LongitudeDegrees></Position><AltitudeMeters>556.5</AltitudeMeters></Trackpoint>
   <Trackpoint><DistanceMeters>59026.2</DistanceMeters><Position><LatitudeDegrees>42.930489</LatitudeDegrees><LongitudeDegrees>-1.495154</LongitudeDegrees></Position><AltitudeMeters>563.0</AltitudeMeters></Trackpoint>
   <Trackpoint><DistanceMeters>59065.1</DistanceMeters><Position><LatitudeDegrees>42.930377</LatitudeDegrees><LongitudeDegrees>-1.495605</LongitudeDegrees></Position><AltitudeMeters>563.8</AltitudeMeters></Trackpoint>
   <Trackpoint><DistanceMeters>59141.6</DistanceMeters><Position><LatitudeDegrees>42.930153</LatitudeDegrees><LongitudeDegrees>-1.496493</LongitudeDegrees></Position><AltitudeMeters>563.5</AltitudeMeters></Trackpoint>
   <Trackpoint><DistanceMeters>59179.6</DistanceMeters><Position><LatitudeDegrees>42.930073</LatitudeDegrees><LongitudeDegrees>-1.496947</LongitudeDegrees></Position><AltitudeMeters>564.2</AltitudeMeters></Trackpoint>
   <Trackpoint><DistanceMeters>59212.7</DistanceMeters><Position><LatitudeDegrees>42.930042</LatitudeDegrees><LongitudeDegrees>-1.497346</LongitudeDegrees></Position><AltitudeMeters>563.5</AltitudeMeters></Trackpoint>
   <Trackpoint><DistanceMeters>59249.0</DistanceMeters><Position><LatitudeDegrees>42.930132</LatitudeDegrees><LongitudeDegrees>-1.497772</LongitudeDegrees></Position><AltitudeMeters>564.2</AltitudeMeters></Trackpoint>
   <Trackpoint><DistanceMeters>59280.2</DistanceMeters><Position><LatitudeDegrees>42.930265</LatitudeDegrees><LongitudeDegrees>-1.498107</LongitudeDegrees></Position><AltitudeMeters>564.5</AltitudeMeters></Trackpoint>
   <Trackpoint><DistanceMeters>59357.6</DistanceMeters><Position><LatitudeDegrees>42.930339</LatitudeDegrees><LongitudeDegrees>-1.499052</LongitudeDegrees></Position><AltitudeMeters>558.2</AltitudeMeters></Trackpoint>
   <Trackpoint><DistanceMeters>59405.8</DistanceMeters><Position><LatitudeDegrees>42.930402</LatitudeDegrees><LongitudeDegrees>-1.499636</LongitudeDegrees></Position><AltitudeMeters>552.0</AltitudeMeters></Trackpoint>
   <Trackpoint><DistanceMeters>59445.0</DistanceMeters><Position><LatitudeDegrees>42.930385</LatitudeDegrees><LongitudeDegrees>-1.500117</LongitudeDegrees></Position><AltitudeMeters>547.8</AltitudeMeters></Trackpoint>
   <Trackpoint><DistanceMeters>59491.9</DistanceMeters><Position><LatitudeDegrees>42.930335</LatitudeDegrees><LongitudeDegrees>-1.500688</LongitudeDegrees></Position><AltitudeMeters>543.8</AltitudeMeters></Trackpoint>
   <Trackpoint><DistanceMeters>59548.7</DistanceMeters><Position><LatitudeDegrees>42.930202</LatitudeDegrees><LongitudeDegrees>-1.501361</LongitudeDegrees></Position><AltitudeMeters>540.8</AltitudeMeters></Trackpoint>
   <Trackpoint><DistanceMeters>59591.5</DistanceMeters><Position><LatitudeDegrees>42.930137</LatitudeDegrees><LongitudeDegrees>-1.501873</LongitudeDegrees></Position><AltitudeMeters>537.8</AltitudeMeters></Trackpoint>
   <Trackpoint><DistanceMeters>59627.0</DistanceMeters><Position><LatitudeDegrees>42.930178</LatitudeDegrees><LongitudeDegrees>-1.502305</LongitudeDegrees></Position><AltitudeMeters>532.8</AltitudeMeters></Trackpoint>
   <Trackpoint><DistanceMeters>59659.3</DistanceMeters><Position><LatitudeDegrees>42.929986</LatitudeDegrees><LongitudeDegrees>-1.502583</LongitudeDegrees></Position><AltitudeMeters>529.5</AltitudeMeters></Trackpoint>
   <Trackpoint><DistanceMeters>59696.1</DistanceMeters><Position><LatitudeDegrees>42.929822</LatitudeDegrees><LongitudeDegrees>-1.502964</LongitudeDegrees></Position><AltitudeMeters>526.2</AltitudeMeters></Trackpoint>
   <Trackpoint><DistanceMeters>59732.3</DistanceMeters><Position><LatitudeDegrees>42.929869</LatitudeDegrees><LongitudeDegrees>-1.503404</LongitudeDegrees></Position><AltitudeMeters>525.0</AltitudeMeters></Trackpoint>
   <Trackpoint><DistanceMeters>59775.8</DistanceMeters><Position><LatitudeDegrees>42.930001</LatitudeDegrees><LongitudeDegrees>-1.503898</LongitudeDegrees></Position><AltitudeMeters>525.0</AltitudeMeters></Trackpoint>
   <Trackpoint><DistanceMeters>59820.2</DistanceMeters><Position><LatitudeDegrees>42.930206</LatitudeDegrees><LongitudeDegrees>-1.504366</LongitudeDegrees></Position><AltitudeMeters>525.0</AltitudeMeters></Trackpoint>
   <Trackpoint><DistanceMeters>59854.4</DistanceMeters><Position><LatitudeDegrees>42.930386</LatitudeDegrees><LongitudeDegrees>-1.504646</LongitudeDegrees></Position><AltitudeMeters>526.0</AltitudeMeters></Trackpoint>
   <Trackpoint><DistanceMeters>59858.8</DistanceMeters><Position><LatitudeDegrees>42.930423</LatitudeDegrees><LongitudeDegrees>-1.504629</LongitudeDegrees></Position><AltitudeMeters>526.2</AltitudeMeters></Trackpoint>
  </Track>
  <CoursePoint><Name>Porte Sain</Name><Time>2027-05-09T06:00:00Z</Time><Position><LatitudeDegrees>43.162903</LatitudeDegrees><LongitudeDegrees>-1.237987</LongitudeDegrees></Position><PointType>Generic</PointType><Notes>순례자의 문 (생 자크)</Notes></CoursePoint>
  <CoursePoint><Name>Refuge Ori</Name><Time>2027-05-09T06:00:00Z</Time><Position><LatitudeDegrees>43.108798</LatitudeDegrees><LongitudeDegrees>-1.239135</LongitudeDegrees></Position><PointType>Generic</PointType><Notes>오리손 산장 · 해발 792 m</Notes></CoursePoint>
  <CoursePoint><Name>Albergue d</Name><Time>2027-05-09T06:00:00Z</Time><Position><LatitudeDegrees>43.009146</LatitudeDegrees><LongitudeDegrees>-1.319279</LongitudeDegrees></Position><PointType>Water</PointType><Notes>Roncesvalles Â· Tel +34 9 48 76 00 00</Notes></CoursePoint>
  <CoursePoint><Name>Real Coleg</Name><Time>2027-05-09T06:00:00Z</Time><Position><LatitudeDegrees>43.009146</LatitudeDegrees><LongitudeDegrees>-1.319279</LongitudeDegrees></Position><PointType>Left</PointType><Notes>산타 마리아 왕립 성당</Notes></CoursePoint>
  <CoursePoint><Name>Río Rio Ar</Name><Time>2027-05-09T06:00:00Z</Time><Position><LatitudeDegrees>42.929890</LatitudeDegrees><LongitudeDegrees>-1.503604</LongitudeDegrees></Position><PointType>Generic</PointType><Notes>c/ Puenta de la Rabia 7, Zubiri Â· Tel +34 948 304 243</Notes></CoursePoint>
  <CoursePoint><Name>Albergue Z</Name><Time>2027-05-09T06:00:00Z</Time><Position><LatitudeDegrees>42.930127</LatitudeDegrees><LongitudeDegrees>-1.504186</LongitudeDegrees></Position><PointType>Water</PointType><Notes>c/ Puenta de la Rabia 1, Zubiri Â· Tel +34 609 736 420</Notes></CoursePoint>
  <CoursePoint><Name>Albergue m</Name><Time>2027-05-09T06:00:00Z</Time><Position><LatitudeDegrees>42.930423</LatitudeDegrees><LongitudeDegrees>-1.504629</LongitudeDegrees></Position><PointType>Water</PointType><Notes>Av. De Zubiri, Zubiri Â· Tel +34 628 324 186</Notes></CoursePoint>
  <CoursePoint><Name>El Palo de</Name><Time>2027-05-09T06:00:00Z</Time><Position><LatitudeDegrees>42.930423</LatitudeDegrees><LongitudeDegrees>-1.504629</LongitudeDegrees></Position><PointType>Generic</PointType><Notes>Av. de Roncesvalles 16, Zubiri Â· Tel +34 666 499 175</Notes></CoursePoint>
  <CoursePoint><Name>Albergue S</Name><Time>2027-05-09T06:00:00Z</Time><Position><LatitudeDegrees>42.930423</LatitudeDegrees><LongitudeDegrees>-1.504629</LongitudeDegrees></Position><PointType>Water</PointType><Notes>Av. de Roncesvalles 22, Zubiri Â· Tel +34 697 186 560</Notes></CoursePoint>
 </Course></Courses>
</TrainingCenterDatabase>