<?xml version='1.0' encoding='utf-8'?>
<gpx version="1.1" creator="split_camino_gpx.py" xmlns="http://www.topografix.com/GPX/1/1">
  <metadata>
    <name>Camino day10</name>
  </metadata>
  <wpt lat="42.4811376" lon="-6.2847357">
    <name>Stop 1</name>
  </wpt>
  <wpt lat="42.5376891" lon="-6.5189754">
    <name>Stop 2</name>
  </wpt>
  <wpt lat="42.5481271" lon="-6.5982400">
    <name>Stop 3</name>
  </wpt>
  <wpt lat="42.5986660" lon="-6.7259138">
    <name>Stop 4</name>
  </wpt>
  <wpt lat="42.6640879" lon="-6.9454043">
    <name>Stop 5</name>
  </wpt>
  <trk>
    <name>Camino day10</name>
    <trkseg>
      <trkpt lat="42.4823300" lon="-6.2845600">
        <ele>1153.6</ele>
      </trkpt>
      <trkpt lat="42.4824000" lon="-6.2851800">
        <ele>1156.9</ele>
      </trkpt>
      <trkpt lat="42.4824600" lon="-6.2858000">
        <ele>1159.1</ele>
      </trkpt>
      <trkpt lat="42.4825300" lon="-6.2864200">
        <ele>1160.7</ele>
      </trkpt>
      <trkpt lat="42.4826700" lon="-6.2870800">
        <ele>1161.9</ele>
      </trkpt>
      <trkpt lat="42.4828000" lon="-6.2877300">
        <ele>1164.0</ele>
      </trkpt>
      <trkpt lat="42.4829400" lon="-6.2883900">
        <ele>1166.6</ele>
      </trkpt>
      <trkpt lat="42.4829500" lon="-6.2894200">
        <ele>1169.6</ele>
      </trkpt>
      <trkpt lat="42.4827500" lon="-6.2903500">
        <ele>1172.6</ele>
      </trkpt>
      <trkpt lat="42.4826700" lon="-6.2910900">
        <ele>1175.6</ele>
      </trkpt>
      <trkpt lat="42.4825800" lon="-6.2918300">
        <ele>1177.6</ele>
      </trkpt>
      <trkpt lat="42.4826500" lon="-6.2925400">
        <ele>1179.5</ele>
      </trkpt>
      <trkpt lat="42.4827100" lon="-6.2932500">
        <ele>1181.6</ele>
      </trkpt>
      <trkpt lat="42.4827800" lon="-6.2939600">
        <ele>1184.0</ele>
      </trkpt>
      <trkpt lat="42.4828900" lon="-6.2945600">
        <ele>1187.0</ele>
      </trkpt>
      <trkpt lat="42.4830100" lon="-6.2951600">
        <ele>1190.0</ele>
      </trkpt>
      <trkpt lat="42.4831200" lon="-6.2957600">
        <ele>1192.7</ele>
      </trkpt>
      <trkpt lat="42.4830900" lon="-6.2965300">
        <ele>1195.2</ele>
      </trkpt>
      <trkpt lat="42.4832800" lon="-6.2976500">
        <ele>1196.8</ele>
      </trkpt>
      <trkpt lat="42.4836000" lon="-6.2987100">
        <ele>1197.7</ele>
      </trkpt>
      <trkpt lat="42.4835700" lon="-6.2989500">
        <ele>1198.6</ele>
      </trkpt>
      <trkpt lat="42.4836300" lon="-6.2991800">
        <ele>1200.1</ele>
      </trkpt>
      <trkpt lat="42.4837800" lon="-6.2995300">
        <ele>1201.2</ele>
      </trkpt>
      <trkpt lat="42.4840600" lon="-6.2999400">
        <ele>1202.7</ele>
      </trkpt>
      <trkpt lat="42.4843800" lon="-6.3005400">
        <ele>1204.3</ele>
      </trkpt>
      <trkpt lat="42.4847000" lon="-6.3011400">
        <ele>1206.5</ele>
      </trkpt>
      <trkpt lat="42.4849100" lon="-6.3018300">
        <ele>1208.6</ele>
      </trkpt>
      <trkpt lat="42.4852200" lon="-6.3025500">
        <ele>1211.2</ele>
      </trkpt>
      <trkpt lat="42.4854200" lon="-6.3031800">
        <ele>1214.6</ele>
      </trkpt>
      <trkpt lat="42.4856200" lon="-6.3038100">
        <ele>1218.3</ele>
      </trkpt>
      <trkpt lat="42.4858100" lon="-6.3044300">
        <ele>1221.6</ele>
      </trkpt>
      <trkpt lat="42.4860100" lon="-6.3050600">
        <ele>1224.9</ele>
      </trkpt>
      <trkpt lat="42.4864200" lon="-6.3061200">
        <ele>1227.9</ele>
      </trkpt>
      <trkpt lat="42.4866800" lon="-6.3065200">
        <ele>1231.9</ele>
      </trkpt>
      <trkpt lat="42.4866700" lon="-6.3072600">
        <ele>1236.6</ele>
      </trkpt>
      <trkpt lat="42.4866500" lon="-6.3080000">
        <ele>1241.1</ele>
      </trkpt>
      <trkpt lat="42.4864200" lon="-6.3085800">
        <ele>1245.2</ele>
      </trkpt>
      <trkpt lat="42.4862200" lon="-6.3087800">
        <ele>1249.5</ele>
      </trkpt>
      <trkpt lat="42.4862600" lon="-6.3087900">
        <ele>1253.0</ele>
      </trkpt>
      <trkpt lat="42.4861300" lon="-6.3091200">
        <ele>1255.9</ele>
      </trkpt>
      <trkpt lat="42.4862500" lon="-6.3094700">
        <ele>1258.9</ele>
      </trkpt>
      <trkpt lat="42.4861800" lon="-6.3098700">
        <ele>1263.2</ele>
      </trkpt>
      <trkpt lat="42.4861800" lon="-6.3106900">
        <ele>1267.5</ele>
      </trkpt>
      <trkpt lat="42.4863500" lon="-6.3115600">
        <ele>1270.9</ele>
      </trkpt>
      <trkpt lat="42.4867500" lon="-6.3121800">
        <ele>1274.4</ele>
      </trkpt>
      <trkpt lat="42.4871500" lon="-6.3127900">
        <ele>1278.4</ele>
      </trkpt>
      <trkpt lat="42.4875700" lon="-6.3131900">
        <ele>1282.0</ele>
      </trkpt>
      <trkpt lat="42.4879900" lon="-6.3135800">
        <ele>1285.9</ele>
      </trkpt>
      <trkpt lat="42.4883300" lon="-6.3140400">
        <ele>1289.2</ele>
      </trkpt>
      <trkpt lat="42.4885300" lon="-6.3141900">
        <ele>1291.9</ele>
      </trkpt>
      <trkpt lat="42.4884000" lon="-6.3143100">
        <ele>1293.1</ele>
      </trkpt>
      <trkpt lat="42.4883900" lon="-6.3145000">
        <ele>1293.6</ele>
      </trkpt>
      <trkpt lat="42.4881500" lon="-6.3149800">
        <ele>1293.1</ele>
      </trkpt>
      <trkpt lat="42.4881600" lon="-6.3154100">
        <ele>1293.6</ele>
      </trkpt>
      <trkpt lat="42.4881000" lon="-6.3155800">
        <ele>1294.2</ele>
      </trkpt>
      <trkpt lat="42.4882400" lon="-6.3162800">
        <ele>1296.0</ele>
      </trkpt>
      <trkpt lat="42.4883800" lon="-6.3169800">
        <ele>1298.6</ele>
      </trkpt>
      <trkpt lat="42.4888400" lon="-6.3178800">
        <ele>1302.5</ele>
      </trkpt>
      <trkpt lat="42.4892000" lon="-6.3182900">
        <ele>1306.3</ele>
      </trkpt>
      <trkpt lat="42.4895500" lon="-6.3187000">
        <ele>1311.1</ele>
      </trkpt>
      <trkpt lat="42.4896800" lon="-6.3187700">
        <ele>1315.4</ele>
      </trkpt>
      <trkpt lat="42.4899100" lon="-6.3191200">
        <ele>1318.8</ele>
      </trkpt>
      <trkpt lat="42.4899700" lon="-6.3193700">
        <ele>1320.1</ele>
      </trkpt>
      <trkpt lat="42.4899500" lon="-6.3196100">
        <ele>1321.3</ele>
      </trkpt>
      <trkpt lat="42.4896100" lon="-6.3204700">
        <ele>1323.1</ele>
      </trkpt>
      <trkpt lat="42.4896400" lon="-6.3210900">
        <ele>1325.7</ele>
      </trkpt>
      <trkpt lat="42.4900600" lon="-6.3220100">
        <ele>1330.0</ele>
      </trkpt>
      <trkpt lat="42.4903500" lon="-6.3224500">
        <ele>1335.8</ele>
      </trkpt>
      <trkpt lat="42.4910300" lon="-6.3230400">
        <ele>1341.2</ele>
      </trkpt>
      <trkpt lat="42.4914700" lon="-6.3240000">
        <ele>1344.4</ele>
      </trkpt>
      <trkpt lat="42.4915600" lon="-6.3249600">
        <ele>1347.5</ele>
      </trkpt>
      <trkpt lat="42.4915500" lon="-6.3257100">
        <ele>1349.8</ele>
      </trkpt>
      <trkpt lat="42.4915400" lon="-6.3264600">
        <ele>1352.5</ele>
      </trkpt>
      <trkpt lat="42.4915900" lon="-6.3267600">
        <ele>1356.9</ele>
      </trkpt>
      <trkpt lat="42.4915400" lon="-6.3270700">
        <ele>1362.1</ele>
      </trkpt>
      <trkpt lat="42.4912300" lon="-6.3276500">
        <ele>1367.2</ele>
      </trkpt>
      <trkpt lat="42.4910900" lon="-6.3278000">
        <ele>1370.8</ele>
      </trkpt>
      <trkpt lat="42.4907100" lon="-6.3281200">
        <ele>1373.6</ele>
      </trkpt>
      <trkpt lat="42.4902900" lon="-6.3283400">
        <ele>1375.6</ele>
      </trkpt>
      <trkpt lat="42.4900900" lon="-6.3286100">
        <ele>1377.4</ele>
      </trkpt>
      <trkpt lat="42.4897900" lon="-6.3294800">
        <ele>1378.2</ele>
      </trkpt>
      <trkpt lat="42.4896900" lon="-6.3305000">
        <ele>1379.7</ele>
      </trkpt>
      <trkpt lat="42.4897000" lon="-6.3306500">
        <ele>1381.2</ele>
      </trkpt>
      <trkpt lat="42.4900200" lon="-6.3311800">
        <ele>1382.0</ele>
      </trkpt>
      <trkpt lat="42.4903200" lon="-6.3317900">
        <ele>1383.7</ele>
      </trkpt>
      <trkpt lat="42.4906100" lon="-6.3323900">
        <ele>1385.6</ele>
      </trkpt>
      <trkpt lat="42.4911400" lon="-6.3332600">
        <ele>1387.2</ele>
      </trkpt>
      <trkpt lat="42.4913800" lon="-6.3337700">
        <ele>1389.2</ele>
      </trkpt>
      <trkpt lat="42.4916200" lon="-6.3345000">
        <ele>1391.9</ele>
      </trkpt>
      <trkpt lat="42.4916300" lon="-6.3354500">
        <ele>1394.4</ele>
      </trkpt>
      <trkpt lat="42.4915000" lon="-6.3362600">
        <ele>1397.2</ele>
      </trkpt>
      <trkpt lat="42.4913700" lon="-6.3370700">
        <ele>1400.6</ele>
      </trkpt>
      <trkpt lat="42.4910400" lon="-6.3379600">
        <ele>1404.2</ele>
      </trkpt>
      <trkpt lat="42.4908600" lon="-6.3388000">
        <ele>1407.9</ele>
      </trkpt>
      <trkpt lat="42.4906700" lon="-6.3396400">
        <ele>1412.0</ele>
      </trkpt>
      <trkpt lat="42.4908300" lon="-6.3408300">
        <ele>1416.3</ele>
      </trkpt>
      <trkpt lat="42.4908800" lon="-6.3417700">
        <ele>1420.6</ele>
      </trkpt>
      <trkpt lat="42.4910700" lon="-6.3423200">
        <ele>1425.0</ele>
      </trkpt>
      <trkpt lat="42.4913300" lon="-6.3427400">
        <ele>1429.0</ele>
      </trkpt>
      <trkpt lat="42.4916100" lon="-6.3430100">
        <ele>1432.7</ele>
      </trkpt>
      <trkpt lat="42.4917100" lon="-6.3432300">
        <ele>1435.8</ele>
      </trkpt>
      <trkpt lat="42.4918600" lon="-6.3440000">
        <ele>1438.9</ele>
      </trkpt>
      <trkpt lat="42.4921600" lon="-6.3445700">
        <ele>1441.3</ele>
      </trkpt>
      <trkpt lat="42.4924600" lon="-6.3451300">
        <ele>1443.7</ele>
      </trkpt>
      <trkpt lat="42.4925800" lon="-6.3455500">
        <ele>1445.2</ele>
      </trkpt>
      <trkpt lat="42.4926600" lon="-6.3462500">
        <ele>1446.6</ele>
      </trkpt>
      <trkpt lat="42.4925100" lon="-6.3473300">
        <ele>1447.8</ele>
      </trkpt>
      <trkpt lat="42.4922900" lon="-6.3481800">
        <ele>1449.9</ele>
      </trkpt>
      <trkpt lat="42.4920900" lon="-6.3486200">
        <ele>1454.0</ele>
      </trkpt>
      <trkpt lat="42.4920400" lon="-6.3492000">
        <ele>1458.1</ele>
      </trkpt>
      <trkpt lat="42.4917800" lon="-6.3501900">
        <ele>1460.5</ele>
      </trkpt>
      <trkpt lat="42.4915200" lon="-6.3503200">
        <ele>1462.7</ele>
      </trkpt>
      <trkpt lat="42.4910600" lon="-6.3501900">
        <ele>1465.0</ele>
      </trkpt>
      <trkpt lat="42.4905200" lon="-6.3502800">
        <ele>1465.5</ele>
      </trkpt>
      <trkpt lat="42.4900400" lon="-6.3506100">
        <ele>1466.7</ele>
      </trkpt>
      <trkpt lat="42.4898100" lon="-6.3511100">
        <ele>1470.4</ele>
      </trkpt>
      <trkpt lat="42.4898300" lon="-6.3515900">
        <ele>1474.8</ele>
      </trkpt>
      <trkpt lat="42.4901800" lon="-6.3522500">
        <ele>1478.9</ele>
      </trkpt>
      <trkpt lat="42.4905600" lon="-6.3526600">
        <ele>1482.6</ele>
      </trkpt>
      <trkpt lat="42.4910000" lon="-6.3529600">
        <ele>1485.6</ele>
      </trkpt>
      <trkpt lat="42.4912100" lon="-6.3532200">
        <ele>1486.6</ele>
      </trkpt>
      <trkpt lat="42.4915900" lon="-6.3541300">
        <ele>1487.5</ele>
      </trkpt>
      <trkpt lat="42.4915500" lon="-6.3544700">
        <ele>1487.6</ele>
      </trkpt>
      <trkpt lat="42.4916300" lon="-6.3548900">
        <ele>1487.1</ele>
      </trkpt>
      <trkpt lat="42.4912300" lon="-6.3553100">
        <ele>1487.7</ele>
      </trkpt>
      <trkpt lat="42.4908200" lon="-6.3558900">
        <ele>1489.9</ele>
      </trkpt>
      <trkpt lat="42.4908000" lon="-6.3565000">
        <ele>1491.9</ele>
      </trkpt>
      <trkpt lat="42.4907800" lon="-6.3571100">
        <ele>1493.7</ele>
      </trkpt>
      <trkpt lat="42.4905900" lon="-6.3581500">
        <ele>1495.7</ele>
      </trkpt>
      <trkpt lat="42.4903300" lon="-6.3587700">
        <ele>1496.9</ele>
      </trkpt>
      <trkpt lat="42.4900800" lon="-6.3593800">
        <ele>1498.0</ele>
      </trkpt>
      <trkpt lat="42.4898200" lon="-6.3600000">
        <ele>1498.3</ele>
      </trkpt>
      <trkpt lat="42.4892300" lon="-6.3607800">
        <ele>1498.8</ele>
      </trkpt>
      <trkpt lat="42.4889200" lon="-6.3613200">
        <ele>1498.7</ele>
      </trkpt>
      <trkpt lat="42.4889000" lon="-6.3615400">
        <ele>1497.4</ele>
      </trkpt>
      <trkpt lat="42.4886700" lon="-6.3620300">
        <ele>1495.4</ele>
      </trkpt>
      <trkpt lat="42.4885600" lon="-6.3630100">
        <ele>1493.1</ele>
      </trkpt>
      <trkpt lat="42.4885800" lon="-6.3633000">
        <ele>1490.3</ele>
      </trkpt>
      <trkpt lat="42.4887300" lon="-6.3640300">
        <ele>1487.5</ele>
      </trkpt>
      <trkpt lat="42.4889600" lon="-6.3648000">
        <ele>1484.7</ele>
      </trkpt>
      <trkpt lat="42.4891800" lon="-6.3655700">
        <ele>1481.8</ele>
      </trkpt>
      <trkpt lat="42.4892700" lon="-6.3666400">
        <ele>1479.2</ele>
      </trkpt>
      <trkpt lat="42.4891700" lon="-6.3672900">
        <ele>1476.9</ele>
      </trkpt>
      <trkpt lat="42.4890600" lon="-6.3679400">
        <ele>1475.0</ele>
      </trkpt>
      <trkpt lat="42.4890700" lon="-6.3688300">
        <ele>1474.3</ele>
      </trkpt>
      <trkpt lat="42.4890800" lon="-6.3697200">
        <ele>1474.0</ele>
      </trkpt>
      <trkpt lat="42.4891300" lon="-6.3701100">
        <ele>1474.3</ele>
      </trkpt>
      <trkpt lat="42.4893800" lon="-6.3709900">
        <ele>1475.1</ele>
      </trkpt>
      <trkpt lat="42.4896500" lon="-6.3716400">
        <ele>1475.9</ele>
      </trkpt>
      <trkpt lat="42.4899200" lon="-6.3722900">
        <ele>1476.9</ele>
      </trkpt>
      <trkpt lat="42.4900200" lon="-6.3728400">
        <ele>1477.8</ele>
      </trkpt>
      <trkpt lat="42.4898400" lon="-6.3734000">
        <ele>1477.6</ele>
      </trkpt>
      <trkpt lat="42.4892500" lon="-6.3738700">
        <ele>1476.3</ele>
      </trkpt>
      <trkpt lat="42.4888000" lon="-6.3745100">
        <ele>1474.4</ele>
      </trkpt>
      <trkpt lat="42.4884100" lon="-6.3755400">
        <ele>1471.0</ele>
      </trkpt>
      <trkpt lat="42.4883600" lon="-6.3760000">
        <ele>1466.7</ele>
      </trkpt>
      <trkpt lat="42.4884500" lon="-6.3768200">
        <ele>1462.8</ele>
      </trkpt>
      <trkpt lat="42.4885400" lon="-6.3776400">
        <ele>1459.7</ele>
      </trkpt>
      <trkpt lat="42.4884800" lon="-6.3781400">
        <ele>1457.4</ele>
      </trkpt>
      <trkpt lat="42.4883900" lon="-6.3785400">
        <ele>1457.1</ele>
      </trkpt>
      <trkpt lat="42.4879700" lon="-6.3793600">
        <ele>1457.9</ele>
      </trkpt>
      <trkpt lat="42.4876300" lon="-6.3802800">
        <ele>1458.5</ele>
      </trkpt>
      <trkpt lat="42.4875600" lon="-6.3808400">
        <ele>1458.7</ele>
      </trkpt>
      <trkpt lat="42.4876000" lon="-6.3811900">
        <ele>1458.5</ele>
      </trkpt>
      <trkpt lat="42.4878200" lon="-6.3818600">
        <ele>1457.1</ele>
      </trkpt>
      <trkpt lat="42.4880300" lon="-6.3825200">
        <ele>1455.1</ele>
      </trkpt>
      <trkpt lat="42.4881300" lon="-6.3831300">
        <ele>1452.8</ele>
      </trkpt>
      <trkpt lat="42.4882400" lon="-6.3837500">
        <ele>1451.1</ele>
      </trkpt>
      <trkpt lat="42.4883400" lon="-6.3843600">
        <ele>1448.8</ele>
      </trkpt>
      <trkpt lat="42.4885700" lon="-6.3844400">
        <ele>1446.5</ele>
      </trkpt>
      <trkpt lat="42.4891500" lon="-6.3849800">
        <ele>1444.0</ele>
      </trkpt>
      <trkpt lat="42.4894400" lon="-6.3855300">
        <ele>1442.1</ele>
      </trkpt>
      <trkpt lat="42.4897200" lon="-6.3860800">
        <ele>1440.7</ele>
      </trkpt>
      <trkpt lat="42.4902800" lon="-6.3867700">
        <ele>1439.8</ele>
      </trkpt>
      <trkpt lat="42.4905200" lon="-6.3876200">
        <ele>1438.8</ele>
      </trkpt>
      <trkpt lat="42.4904100" lon="-6.3886100">
        <ele>1438.5</ele>
      </trkpt>
      <trkpt lat="42.4901600" lon="-6.3892600">
        <ele>1438.6</ele>
      </trkpt>
      <trkpt lat="42.4900600" lon="-6.3897600">
        <ele>1437.5</ele>
      </trkpt>
      <trkpt lat="42.4900900" lon="-6.3905500">
        <ele>1436.3</ele>
      </trkpt>
      <trkpt lat="42.4899600" lon="-6.3913000">
        <ele>1435.8</ele>
      </trkpt>
      <trkpt lat="42.4900400" lon="-6.3916700">
        <ele>1435.5</ele>
      </trkpt>
      <trkpt lat="42.4902100" lon="-6.3919600">
        <ele>1436.6</ele>
      </trkpt>
      <trkpt lat="42.4904800" lon="-6.3921900">
        <ele>1438.9</ele>
      </trkpt>
      <trkpt lat="42.4910700" lon="-6.3929400">
        <ele>1441.7</ele>
      </trkpt>
      <trkpt lat="42.4911800" lon="-6.3931600">
        <ele>1443.1</ele>
      </trkpt>
      <trkpt lat="42.4911800" lon="-6.3935600">
        <ele>1443.7</ele>
      </trkpt>
      <trkpt lat="42.4908000" lon="-6.3942200">
        <ele>1442.3</ele>
      </trkpt>
      <trkpt lat="42.4907600" lon="-6.3945400">
        <ele>1440.6</ele>
      </trkpt>
      <trkpt lat="42.4908800" lon="-6.3953700">
        <ele>1438.8</ele>
      </trkpt>
      <trkpt lat="42.4910700" lon="-6.3962100">
        <ele>1439.6</ele>
      </trkpt>
      <trkpt lat="42.4912700" lon="-6.3970400">
        <ele>1442.3</ele>
      </trkpt>
      <trkpt lat="42.4914600" lon="-6.3974700">
        <ele>1447.3</ele>
      </trkpt>
      <trkpt lat="42.4917460" lon="-6.3978340">
        <ele>1452.2</ele>
      </trkpt>
      <trkpt lat="42.4920900" lon="-6.3982170">
        <ele>1456.8</ele>
      </trkpt>
      <trkpt lat="42.4921070" lon="-6.3983250">
        <ele>1459.8</ele>
      </trkpt>
      <trkpt lat="42.4920750" lon="-6.3984520">
        <ele>1461.4</ele>
      </trkpt>
      <trkpt lat="42.4919430" lon="-6.3988050">
        <ele>1460.2</ele>
      </trkpt>
      <trkpt lat="42.4919220" lon="-6.3990090">
        <ele>1458.7</ele>
      </trkpt>
      <trkpt lat="42.4917490" lon="-6.3996450">
        <ele>1457.4</ele>
      </trkpt>
      <trkpt lat="42.4917350" lon="-6.3998210">
        <ele>1457.0</ele>
      </trkpt>
      <trkpt lat="42.4917650" lon="-6.3999990">
        <ele>1457.5</ele>
      </trkpt>
      <trkpt lat="42.4921090" lon="-6.4012250">
        <ele>1458.7</ele>
      </trkpt>
      <trkpt lat="42.4924590" lon="-6.4026590">
        <ele>1459.8</ele>
      </trkpt>
      <trkpt lat="42.4924890" lon="-6.4031720">
        <ele>1461.2</ele>
      </trkpt>
      <trkpt lat="42.4924540" lon="-6.4034890">
        <ele>1463.4</ele>
      </trkpt>
      <trkpt lat="42.4925200" lon="-6.4041400">
        <ele>1465.5</ele>
      </trkpt>
      <trkpt lat="42.4923600" lon="-6.4049700">
        <ele>1468.2</ele>
      </trkpt>
      <trkpt lat="42.4922300" lon="-6.4053200">
        <ele>1471.1</ele>
      </trkpt>
      <trkpt lat="42.4919900" lon="-6.4055600">
        <ele>1474.7</ele>
      </trkpt>
      <trkpt lat="42.4916300" lon="-6.4056800">
        <ele>1478.7</ele>
      </trkpt>
      <trkpt lat="42.4908500" lon="-6.4057900">
        <ele>1481.3</ele>
      </trkpt>
      <trkpt lat="42.4904100" lon="-6.4061500">
        <ele>1483.4</ele>
      </trkpt>
      <trkpt lat="42.4897400" lon="-6.4063900">
        <ele>1485.5</ele>
      </trkpt>
      <trkpt lat="42.4894800" lon="-6.4066500">
        <ele>1487.4</ele>
      </trkpt>
      <trkpt lat="42.4894100" lon="-6.4068300">
        <ele>1488.6</ele>
      </trkpt>
      <trkpt lat="42.4896900" lon="-6.4077800">
        <ele>1491.0</ele>
      </trkpt>
      <trkpt lat="42.4900800" lon="-6.4085600">
        <ele>1493.1</ele>
      </trkpt>
      <trkpt lat="42.4903900" lon="-6.4094200">
        <ele>1495.3</ele>
      </trkpt>
      <trkpt lat="42.4904800" lon="-6.4101900">
        <ele>1496.7</ele>
      </trkpt>
      <trkpt lat="42.4905700" lon="-6.4109500">
        <ele>1497.6</ele>
      </trkpt>
      <trkpt lat="42.4905400" lon="-6.4113100">
        <ele>1498.1</ele>
      </trkpt>
      <trkpt lat="42.4903100" lon="-6.4120800">
        <ele>1499.0</ele>
      </trkpt>
      <trkpt lat="42.4901500" lon="-6.4124100">
        <ele>1500.0</ele>
      </trkpt>
      <trkpt lat="42.4896400" lon="-6.4131400">
        <ele>1500.9</ele>
      </trkpt>
      <trkpt lat="42.4895700" lon="-6.4136300">
        <ele>1500.8</ele>
      </trkpt>
      <trkpt lat="42.4896100" lon="-6.4145100">
        <ele>1500.1</ele>
      </trkpt>
      <trkpt lat="42.4896400" lon="-6.4153900">
        <ele>1499.4</ele>
      </trkpt>
      <trkpt lat="42.4895300" lon="-6.4163700">
        <ele>1499.2</ele>
      </trkpt>
      <trkpt lat="42.4895640" lon="-6.4167090">
        <ele>1499.9</ele>
      </trkpt>
      <trkpt lat="42.4895450" lon="-6.4175100">
        <ele>1501.5</ele>
      </trkpt>
      <trkpt lat="42.4894720" lon="-6.4182400">
        <ele>1503.7</ele>
      </trkpt>
      <trkpt lat="42.4893890" lon="-6.4184230">
        <ele>1505.8</ele>
      </trkpt>
      <trkpt lat="42.4890880" lon="-6.4186100">
        <ele>1507.3</ele>
      </trkpt>
      <trkpt lat="42.4889200" lon="-6.4187890">
        <ele>1507.8</ele>
      </trkpt>
      <trkpt lat="42.4883969" lon="-6.4195991">
        <ele>1508.1</ele>
      </trkpt>
      <trkpt lat="42.4883811" lon="-6.4207578">
        <ele>1506.8</ele>
      </trkpt>
      <trkpt lat="42.4883570" lon="-6.4207660">
        <ele>1503.6</ele>
      </trkpt>
      <trkpt lat="42.4885970" lon="-6.4216110">
        <ele>1500.2</ele>
      </trkpt>
      <trkpt lat="42.4886610" lon="-6.4221620">
        <ele>1496.9</ele>
      </trkpt>
      <trkpt lat="42.4888580" lon="-6.4227690">
        <ele>1492.4</ele>
      </trkpt>
      <trkpt lat="42.4889180" lon="-6.4230640">
        <ele>1488.2</ele>
      </trkpt>
      <trkpt lat="42.4888100" lon="-6.4240600">
        <ele>1484.3</ele>
      </trkpt>
      <trkpt lat="42.4890800" lon="-6.4248200">
        <ele>1479.2</ele>
      </trkpt>
      <trkpt lat="42.4892500" lon="-6.4254500">
        <ele>1471.2</ele>
      </trkpt>
      <trkpt lat="42.4894200" lon="-6.4260700">
        <ele>1462.2</ele>
      </trkpt>
      <trkpt lat="42.4898100" lon="-6.4270400">
        <ele>1453.4</ele>
      </trkpt>
      <trkpt lat="42.4904100" lon="-6.4277900">
        <ele>1445.6</ele>
      </trkpt>
      <trkpt lat="42.4910000" lon="-6.4284000">
        <ele>1439.1</ele>
      </trkpt>
      <trkpt lat="42.4911800" lon="-6.4289700">
        <ele>1434.4</ele>
      </trkpt>
      <trkpt lat="42.4913700" lon="-6.4295300">
        <ele>1430.6</ele>
      </trkpt>
      <trkpt lat="42.4915500" lon="-6.4301000">
        <ele>1426.3</ele>
      </trkpt>
      <trkpt lat="42.4916900" lon="-6.4307800">
        <ele>1421.4</ele>
      </trkpt>
      <trkpt lat="42.4918300" lon="-6.4314500">
        <ele>1415.8</ele>
      </trkpt>
      <trkpt lat="42.4918400" lon="-6.4319300">
        <ele>1410.8</ele>
      </trkpt>
      <trkpt lat="42.4917600" lon="-6.4325700">
        <ele>1407.4</ele>
      </trkpt>
      <trkpt lat="42.4916700" lon="-6.4332000">
        <ele>1405.5</ele>
      </trkpt>
      <trkpt lat="42.4915900" lon="-6.4338400">
        <ele>1404.4</ele>
      </trkpt>
      <trkpt lat="42.4915100" lon="-6.4344800">
        <ele>1404.1</ele>
      </trkpt>
      <trkpt lat="42.4914200" lon="-6.4351100">
        <ele>1404.1</ele>
      </trkpt>
      <trkpt lat="42.4913400" lon="-6.4357500">
        <ele>1403.7</ele>
      </trkpt>
      <trkpt lat="42.4912500" lon="-6.4363800">
        <ele>1403.0</ele>
      </trkpt>
      <trkpt lat="42.4911700" lon="-6.4370200">
        <ele>1401.3</ele>
      </trkpt>
      <trkpt lat="42.4911500" lon="-6.4374900">
        <ele>1398.7</ele>
      </trkpt>
      <trkpt lat="42.4910100" lon="-6.4379500">
        <ele>1396.3</ele>
      </trkpt>
      <trkpt lat="42.4910600" lon="-6.4387500">
        <ele>1395.2</ele>
      </trkpt>
      <trkpt lat="42.4911900" lon="-6.4392900">
        <ele>1392.6</ele>
      </trkpt>
      <trkpt lat="42.4914600" lon="-6.4399300">
        <ele>1386.8</ele>
      </trkpt>
      <trkpt lat="42.4919300" lon="-6.4404700">
        <ele>1377.9</ele>
      </trkpt>
      <trkpt lat="42.4926200" lon="-6.4409300">
        <ele>1366.8</ele>
      </trkpt>
      <trkpt lat="42.4932100" lon="-6.4415700">
        <ele>1352.4</ele>
      </trkpt>
      <trkpt lat="42.4938300" lon="-6.4418700">
        <ele>1338.0</ele>
      </trkpt>
      <trkpt lat="42.4944900" lon="-6.4420700">
        <ele>1327.2</ele>
      </trkpt>
      <trkpt lat="42.4949100" lon="-6.4423400">
        <ele>1320.0</ele>
      </trkpt>
      <trkpt lat="42.4951160" lon="-6.4425300">
        <ele>1314.1</ele>
      </trkpt>
      <trkpt lat="42.4952930" lon="-6.4426980">
        <ele>1310.1</ele>
      </trkpt>
      <trkpt lat="42.4954210" lon="-6.4431010">
        <ele>1303.4</ele>
      </trkpt>
      <trkpt lat="42.4955630" lon="-6.4434020">
        <ele>1297.0</ele>
      </trkpt>
      <trkpt lat="42.4964000" lon="-6.4454200">
        <ele>1289.2</ele>
      </trkpt>
      <trkpt lat="42.4964400" lon="-6.4455200">
        <ele>1281.2</ele>
      </trkpt>
      <trkpt lat="42.4965300" lon="-6.4461400">
        <ele>1272.7</ele>
      </trkpt>
      <trkpt lat="42.4966100" lon="-6.4467500">
        <ele>1267.7</ele>
      </trkpt>
      <trkpt lat="42.4967000" lon="-6.4473700">
        <ele>1262.5</ele>
      </trkpt>
      <trkpt lat="42.4967800" lon="-6.4479800">
        <ele>1258.5</ele>
      </trkpt>
      <trkpt lat="42.4968700" lon="-6.4486000">
        <ele>1255.2</ele>
      </trkpt>
      <trkpt lat="42.4969500" lon="-6.4492100">
        <ele>1252.0</ele>
      </trkpt>
      <trkpt lat="42.4969000" lon="-6.4493900">
        <ele>1249.1</ele>
      </trkpt>
      <trkpt lat="42.4968900" lon="-6.4500800">
        <ele>1245.6</ele>
      </trkpt>
      <trkpt lat="42.4968900" lon="-6.4507700">
        <ele>1241.7</ele>
      </trkpt>
      <trkpt lat="42.4969600" lon="-6.4515100">
        <ele>1236.3</ele>
      </trkpt>
      <trkpt lat="42.4971200" lon="-6.4520100">
        <ele>1229.0</ele>
      </trkpt>
      <trkpt lat="42.4970600" lon="-6.4526300">
        <ele>1218.5</ele>
      </trkpt>
      <trkpt lat="42.4973700" lon="-6.4533600">
        <ele>1205.3</ele>
      </trkpt>
      <trkpt lat="42.4975000" lon="-6.4542300">
        <ele>1189.9</ele>
      </trkpt>
      <trkpt lat="42.4977500" lon="-6.4549400">
        <ele>1175.5</ele>
      </trkpt>
      <trkpt lat="42.4980000" lon="-6.4556400">
        <ele>1163.3</ele>
      </trkpt>
      <trkpt lat="42.4976700" lon="-6.4558200">
        <ele>1154.7</ele>
      </trkpt>
      <trkpt lat="42.4976800" lon="-6.4559300">
        <ele>1149.1</ele>
      </trkpt>
      <trkpt lat="42.4982400" lon="-6.4562100">
        <ele>1146.0</ele>
      </trkpt>
      <trkpt lat="42.4986300" lon="-6.4567000">
        <ele>1143.5</ele>
      </trkpt>
      <trkpt lat="42.4990100" lon="-6.4571900">
        <ele>1141.2</ele>
      </trkpt>
      <trkpt lat="42.4993200" lon="-6.4580400">
        <ele>1138.8</ele>
      </trkpt>
      <trkpt lat="42.4995600" lon="-6.4583000">
        <ele>1136.3</ele>
      </trkpt>
      <trkpt lat="42.5000300" lon="-6.4584300">
        <ele>1133.4</ele>
      </trkpt>
      <trkpt lat="42.5005000" lon="-6.4585600">
        <ele>1130.4</ele>
      </trkpt>
      <trkpt lat="42.5009200" lon="-6.4589600">
        <ele>1127.1</ele>
      </trkpt>
      <trkpt lat="42.5009900" lon="-6.4588300">
        <ele>1123.9</ele>
      </trkpt>
      <trkpt lat="42.5011900" lon="-6.4587800">
        <ele>1121.2</ele>
      </trkpt>
      <trkpt lat="42.5014200" lon="-6.4588400">
        <ele>1119.3</ele>
      </trkpt>
      <trkpt lat="42.5020100" lon="-6.4592100">
        <ele>1117.5</ele>
      </trkpt>
      <trkpt lat="42.5026000" lon="-6.4595800">
        <ele>1116.1</ele>
      </trkpt>
      <trkpt lat="42.5033800" lon="-6.4597900">
        <ele>1115.2</ele>
      </trkpt>
      <trkpt lat="42.5037500" lon="-6.4600400">
        <ele>1113.9</ele>
      </trkpt>
      <trkpt lat="42.5039600" lon="-6.4604200">
        <ele>1112.3</ele>
      </trkpt>
      <trkpt lat="42.5043500" lon="-6.4608700">
        <ele>1111.1</ele>
      </trkpt>
      <trkpt lat="42.5048000" lon="-6.4611900">
        <ele>1110.7</ele>
      </trkpt>
      <trkpt lat="42.5052500" lon="-6.4615000">
        <ele>1110.4</ele>
      </trkpt>
      <trkpt lat="42.5059200" lon="-6.4621100">
        <ele>1111.1</ele>
      </trkpt>
      <trkpt lat="42.5062000" lon="-6.4626200">
        <ele>1112.3</ele>
      </trkpt>
      <trkpt lat="42.5064800" lon="-6.4631300">
        <ele>1113.3</ele>
      </trkpt>
      <trkpt lat="42.5067600" lon="-6.4636400">
        <ele>1113.1</ele>
      </trkpt>
      <trkpt lat="42.5070200" lon="-6.4639200">
        <ele>1110.4</ele>
      </trkpt>
      <trkpt lat="42.5071200" lon="-6.4641200">
        <ele>1105.0</ele>
      </trkpt>
      <trkpt lat="42.5071500" lon="-6.4649400">
        <ele>1097.8</ele>
      </trkpt>
      <trkpt lat="42.5071800" lon="-6.4657500">
        <ele>1086.8</ele>
      </trkpt>
      <trkpt lat="42.5075200" lon="-6.4663300">
        <ele>1074.4</ele>
      </trkpt>
      <trkpt lat="42.5082200" lon="-6.4669000">
        <ele>1062.5</ele>
      </trkpt>
      <trkpt lat="42.5086800" lon="-6.4671200">
        <ele>1050.0</ele>
      </trkpt>
      <trkpt lat="42.5091400" lon="-6.4673400">
        <ele>1038.9</ele>
      </trkpt>
      <trkpt lat="42.5098100" lon="-6.4678800">
        <ele>1031.6</ele>
      </trkpt>
      <trkpt lat="42.5098910" lon="-6.4680900">
        <ele>1025.5</ele>
      </trkpt>
      <trkpt lat="42.5100010" lon="-6.4682370">
        <ele>1020.5</ele>
      </trkpt>
      <trkpt lat="42.5102180" lon="-6.4683160">
        <ele>1017.7</ele>
      </trkpt>
      <trkpt lat="42.5106790" lon="-6.4689280">
        <ele>1014.8</ele>
      </trkpt>
      <trkpt lat="42.5111070" lon="-6.4694260">
        <ele>1010.6</ele>
      </trkpt>
      <trkpt lat="42.5112760" lon="-6.4695600">
        <ele>1005.8</ele>
      </trkpt>
      <trkpt lat="42.5120130" lon="-6.4701040">
        <ele>1000.0</ele>
      </trkpt>
      <trkpt lat="42.5125520" lon="-6.4706070">
        <ele>994.7</ele>
      </trkpt>
      <trkpt lat="42.5130530" lon="-6.4710060">
        <ele>990.5</ele>
      </trkpt>
      <trkpt lat="42.5133770" lon="-6.4711690">
        <ele>988.0</ele>
      </trkpt>
      <trkpt lat="42.5137110" lon="-6.4714290">
        <ele>986.9</ele>
      </trkpt>
      <trkpt lat="42.5137800" lon="-6.4715240">
        <ele>987.7</ele>
      </trkpt>
      <trkpt lat="42.5138510" lon="-6.4718220">
        <ele>986.9</ele>
      </trkpt>
      <trkpt lat="42.5139660" lon="-6.4719340">
        <ele>984.7</ele>
      </trkpt>
      <trkpt lat="42.5146530" lon="-6.4721580">
        <ele>981.9</ele>
      </trkpt>
      <trkpt lat="42.5148600" lon="-6.4722430">
        <ele>978.0</ele>
      </trkpt>
      <trkpt lat="42.5150690" lon="-6.4722240">
        <ele>973.4</ele>
      </trkpt>
      <trkpt lat="42.5154900" lon="-6.4720800">
        <ele>969.3</ele>
      </trkpt>
      <trkpt lat="42.5158100" lon="-6.4719800">
        <ele>965.7</ele>
      </trkpt>
      <trkpt lat="42.5163600" lon="-6.4719900">
        <ele>961.9</ele>
      </trkpt>
      <trkpt lat="42.5165000" lon="-6.4720500">
        <ele>958.7</ele>
      </trkpt>
      <trkpt lat="42.5169000" lon="-6.4725700">
        <ele>956.7</ele>
      </trkpt>
      <trkpt lat="42.5174500" lon="-6.4735000">
        <ele>955.6</ele>
      </trkpt>
      <trkpt lat="42.5177700" lon="-6.4737700">
        <ele>953.8</ele>
      </trkpt>
      <trkpt lat="42.5188800" lon="-6.4760500">
        <ele>951.3</ele>
      </trkpt>
      <trkpt lat="42.5191200" lon="-6.4767400">
        <ele>948.0</ele>
      </trkpt>
      <trkpt lat="42.5195200" lon="-6.4774200">
        <ele>943.3</ele>
      </trkpt>
      <trkpt lat="42.5201600" lon="-6.4780100">
        <ele>939.1</ele>
      </trkpt>
      <trkpt lat="42.5204600" lon="-6.4784600">
        <ele>935.4</ele>
      </trkpt>
      <trkpt lat="42.5209500" lon="-6.4787200">
        <ele>932.1</ele>
      </trkpt>
      <trkpt lat="42.5214400" lon="-6.4789800">
        <ele>929.6</ele>
      </trkpt>
      <trkpt lat="42.5218000" lon="-6.4793300">
        <ele>927.7</ele>
      </trkpt>
      <trkpt lat="42.5218800" lon="-6.4794800">
        <ele>925.5</ele>
      </trkpt>
      <trkpt lat="42.5220600" lon="-6.4796200">
        <ele>923.5</ele>
      </trkpt>
      <trkpt lat="42.5222300" lon="-6.4796500">
        <ele>921.6</ele>
      </trkpt>
      <trkpt lat="42.5223500" lon="-6.4798500">
        <ele>919.9</ele>
      </trkpt>
      <trkpt lat="42.5227700" lon="-6.4808600">
        <ele>918.0</ele>
      </trkpt>
      <trkpt lat="42.5228400" lon="-6.4808400">
        <ele>914.7</ele>
      </trkpt>
      <trkpt lat="42.5230500" lon="-6.4813100">
        <ele>910.6</ele>
      </trkpt>
      <trkpt lat="42.5235400" lon="-6.4820100">
        <ele>906.3</ele>
      </trkpt>
      <trkpt lat="42.5237900" lon="-6.4829000">
        <ele>901.4</ele>
      </trkpt>
      <trkpt lat="42.5241000" lon="-6.4834600">
        <ele>896.0</ele>
      </trkpt>
      <trkpt lat="42.5241800" lon="-6.4838000">
        <ele>890.0</ele>
      </trkpt>
      <trkpt lat="42.5245100" lon="-6.4842100">
        <ele>884.2</ele>
      </trkpt>
      <trkpt lat="42.5248400" lon="-6.4851400">
        <ele>878.7</ele>
      </trkpt>
      <trkpt lat="42.5252700" lon="-6.4859200">
        <ele>873.3</ele>
      </trkpt>
      <trkpt lat="42.5253600" lon="-6.4866500">
        <ele>868.7</ele>
      </trkpt>
      <trkpt lat="42.5252800" lon="-6.4868600">
        <ele>865.1</ele>
      </trkpt>
      <trkpt lat="42.5252600" lon="-6.4871800">
        <ele>862.8</ele>
      </trkpt>
      <trkpt lat="42.5253500" lon="-6.4880700">
        <ele>861.4</ele>
      </trkpt>
      <trkpt lat="42.5255800" lon="-6.4888000">
        <ele>860.4</ele>
      </trkpt>
      <trkpt lat="42.5258100" lon="-6.4895200">
        <ele>859.1</ele>
      </trkpt>
      <trkpt lat="42.5258200" lon="-6.4898900">
        <ele>858.4</ele>
      </trkpt>
      <trkpt lat="42.5257200" lon="-6.4902700">
        <ele>857.4</ele>
      </trkpt>
      <trkpt lat="42.5257200" lon="-6.4905600">
        <ele>856.1</ele>
      </trkpt>
      <trkpt lat="42.5259400" lon="-6.4911600">
        <ele>854.2</ele>
      </trkpt>
      <trkpt lat="42.5261600" lon="-6.4917500">
        <ele>852.7</ele>
      </trkpt>
      <trkpt lat="42.5261800" lon="-6.4924300">
        <ele>850.7</ele>
      </trkpt>
      <trkpt lat="42.5262700" lon="-6.4928300">
        <ele>848.6</ele>
      </trkpt>
      <trkpt lat="42.5266800" lon="-6.4935500">
        <ele>846.9</ele>
      </trkpt>
      <trkpt lat="42.5268700" lon="-6.4935900">
        <ele>845.8</ele>
      </trkpt>
      <trkpt lat="42.5271100" lon="-6.4935300">
        <ele>844.9</ele>
      </trkpt>
      <trkpt lat="42.5276000" lon="-6.4936200">
        <ele>844.2</ele>
      </trkpt>
      <trkpt lat="42.5279800" lon="-6.4938500">
        <ele>843.3</ele>
      </trkpt>
      <trkpt lat="42.5284800" lon="-6.4944900">
        <ele>842.1</ele>
      </trkpt>
      <trkpt lat="42.5287000" lon="-6.4956700">
        <ele>841.2</ele>
      </trkpt>
      <trkpt lat="42.5286800" lon="-6.4961300">
        <ele>840.0</ele>
      </trkpt>
      <trkpt lat="42.5290800" lon="-6.4968900">
        <ele>837.9</ele>
      </trkpt>
      <trkpt lat="42.5291700" lon="-6.4971800">
        <ele>834.9</ele>
      </trkpt>
      <trkpt lat="42.5291900" lon="-6.4980600">
        <ele>830.6</ele>
      </trkpt>
      <trkpt lat="42.5294900" lon="-6.4984500">
        <ele>824.7</ele>
      </trkpt>
      <trkpt lat="42.5296400" lon="-6.4990700">
        <ele>818.8</ele>
      </trkpt>
      <trkpt lat="42.5299000" lon="-6.4995800">
        <ele>813.0</ele>
      </trkpt>
      <trkpt lat="42.5299200" lon="-6.4997300">
        <ele>807.6</ele>
      </trkpt>
      <trkpt lat="42.5301600" lon="-6.5000100">
        <ele>802.8</ele>
      </trkpt>
      <trkpt lat="42.5302700" lon="-6.5003800">
        <ele>798.7</ele>
      </trkpt>
      <trkpt lat="42.5302600" lon="-6.5011400">
        <ele>794.8</ele>
      </trkpt>
      <trkpt lat="42.5302400" lon="-6.5018900">
        <ele>792.4</ele>
      </trkpt>
      <trkpt lat="42.5302900" lon="-6.5019000">
        <ele>790.7</ele>
      </trkpt>
      <trkpt lat="42.5304000" lon="-6.5015600">
        <ele>789.8</ele>
      </trkpt>
      <trkpt lat="42.5305100" lon="-6.5014300">
        <ele>789.5</ele>
      </trkpt>
      <trkpt lat="42.5305740" lon="-6.5015660">
        <ele>789.0</ele>
      </trkpt>
      <trkpt lat="42.5306000" lon="-6.5019200">
        <ele>787.8</ele>
      </trkpt>
      <trkpt lat="42.5305900" lon="-6.5023000">
        <ele>785.9</ele>
      </trkpt>
      <trkpt lat="42.5304300" lon="-6.5025600">
        <ele>782.9</ele>
      </trkpt>
      <trkpt lat="42.5303700" lon="-6.5028900">
        <ele>778.7</ele>
      </trkpt>
      <trkpt lat="42.5304200" lon="-6.5035100">
        <ele>773.8</ele>
      </trkpt>
      <trkpt lat="42.5304800" lon="-6.5041300">
        <ele>768.7</ele>
      </trkpt>
      <trkpt lat="42.5305300" lon="-6.5047500">
        <ele>763.7</ele>
      </trkpt>
      <trkpt lat="42.5305300" lon="-6.5050400">
        <ele>759.5</ele>
      </trkpt>
      <trkpt lat="42.5304700" lon="-6.5052100">
        <ele>755.3</ele>
      </trkpt>
      <trkpt lat="42.5304800" lon="-6.5057900">
        <ele>751.1</ele>
      </trkpt>
      <trkpt lat="42.5302600" lon="-6.5063600">
        <ele>747.2</ele>
      </trkpt>
      <trkpt lat="42.5300400" lon="-6.5069300">
        <ele>743.0</ele>
      </trkpt>
      <trkpt lat="42.5300300" lon="-6.5071000">
        <ele>737.5</ele>
      </trkpt>
      <trkpt lat="42.5301600" lon="-6.5079400">
        <ele>732.9</ele>
      </trkpt>
      <trkpt lat="42.5301800" lon="-6.5086500">
        <ele>728.8</ele>
      </trkpt>
      <trkpt lat="42.5302700" lon="-6.5089100">
        <ele>721.5</ele>
      </trkpt>
      <trkpt lat="42.5307700" lon="-6.5097600">
        <ele>713.9</ele>
      </trkpt>
      <trkpt lat="42.5309600" lon="-6.5104900">
        <ele>708.1</ele>
      </trkpt>
      <trkpt lat="42.5311300" lon="-6.5108000">
        <ele>703.9</ele>
      </trkpt>
      <trkpt lat="42.5312400" lon="-6.5108000">
        <ele>700.4</ele>
      </trkpt>
      <trkpt lat="42.5317100" lon="-6.5105800">
        <ele>700.2</ele>
      </trkpt>
      <trkpt lat="42.5323400" lon="-6.5105100">
        <ele>697.4</ele>
      </trkpt>
      <trkpt lat="42.5325400" lon="-6.5105900">
        <ele>693.2</ele>
      </trkpt>
      <trkpt lat="42.5327800" lon="-6.5112800">
        <ele>688.3</ele>
      </trkpt>
      <trkpt lat="42.5329100" lon="-6.5114100">
        <ele>680.6</ele>
      </trkpt>
      <trkpt lat="42.5330700" lon="-6.5112500">
        <ele>672.0</ele>
      </trkpt>
      <trkpt lat="42.5337000" lon="-6.5112100">
        <ele>668.1</ele>
      </trkpt>
      <trkpt lat="42.5343200" lon="-6.5111700">
        <ele>665.8</ele>
      </trkpt>
      <trkpt lat="42.5349700" lon="-6.5109100">
        <ele>662.7</ele>
      </trkpt>
      <trkpt lat="42.5350800" lon="-6.5109200">
        <ele>661.2</ele>
      </trkpt>
      <trkpt lat="42.5349300" lon="-6.5117400">
        <ele>659.6</ele>
      </trkpt>
      <trkpt lat="42.5346900" lon="-6.5120300">
        <ele>654.7</ele>
      </trkpt>
      <trkpt lat="42.5344400" lon="-6.5125700">
        <ele>648.7</ele>
      </trkpt>
      <trkpt lat="42.5341900" lon="-6.5131100">
        <ele>641.4</ele>
      </trkpt>
      <trkpt lat="42.5341700" lon="-6.5132700">
        <ele>637.3</ele>
      </trkpt>
      <trkpt lat="42.5342300" lon="-6.5138700">
        <ele>634.6</ele>
      </trkpt>
      <trkpt lat="42.5346800" lon="-6.5142800">
        <ele>632.5</ele>
      </trkpt>
      <trkpt lat="42.5347400" lon="-6.5144000">
        <ele>630.9</ele>
      </trkpt>
      <trkpt lat="42.5347500" lon="-6.5148200">
        <ele>628.8</ele>
      </trkpt>
      <trkpt lat="42.5348500" lon="-6.5150500">
        <ele>623.0</ele>
      </trkpt>
      <trkpt lat="42.5347800" lon="-6.5154000">
        <ele>616.2</ele>
      </trkpt>
      <trkpt lat="42.5348000" lon="-6.5159200">
        <ele>611.3</ele>
      </trkpt>
      <trkpt lat="42.5350200" lon="-6.5166600">
        <ele>605.8</ele>
      </trkpt>
      <trkpt lat="42.5354800" lon="-6.5169200">
        <ele>601.9</ele>
      </trkpt>
      <trkpt lat="42.5359500" lon="-6.5171800">
        <ele>600.0</ele>
      </trkpt>
      <trkpt lat="42.5364100" lon="-6.5174400">
        <ele>598.6</ele>
      </trkpt>
      <trkpt lat="42.5368300" lon="-6.5175300">
        <ele>595.9</ele>
      </trkpt>
      <trkpt lat="42.5372200" lon="-6.5177400">
        <ele>592.8</ele>
      </trkpt>
      <trkpt lat="42.5375700" lon="-6.5181300">
        <ele>590.1</ele>
      </trkpt>
      <trkpt lat="42.5376000" lon="-6.5190900">
        <ele>587.1</ele>
      </trkpt>
      <trkpt lat="42.5377800" lon="-6.5196500">
        <ele>584.1</ele>
      </trkpt>
      <trkpt lat="42.5379700" lon="-6.5202000">
        <ele>582.4</ele>
      </trkpt>
      <trkpt lat="42.5381500" lon="-6.5207600">
        <ele>581.6</ele>
      </trkpt>
      <trkpt lat="42.5383300" lon="-6.5213200">
        <ele>581.0</ele>
      </trkpt>
      <trkpt lat="42.5385200" lon="-6.5218700">
        <ele>580.3</ele>
      </trkpt>
      <trkpt lat="42.5387000" lon="-6.5224300">
        <ele>579.8</ele>
      </trkpt>
      <trkpt lat="42.5389900" lon="-6.5227400">
        <ele>579.5</ele>
      </trkpt>
      <trkpt lat="42.5392300" lon="-6.5233200">
        <ele>579.3</ele>
      </trkpt>
      <trkpt lat="42.5394600" lon="-6.5239000">
        <ele>578.9</ele>
      </trkpt>
      <trkpt lat="42.5397200" lon="-6.5244200">
        <ele>578.5</ele>
      </trkpt>
      <trkpt lat="42.5399800" lon="-6.5249500">
        <ele>578.0</ele>
      </trkpt>
      <trkpt lat="42.5402400" lon="-6.5254700">
        <ele>577.3</ele>
      </trkpt>
      <trkpt lat="42.5405000" lon="-6.5259900">
        <ele>576.2</ele>
      </trkpt>
      <trkpt lat="42.5408500" lon="-6.5265100">
        <ele>575.0</ele>
      </trkpt>
      <trkpt lat="42.5412000" lon="-6.5270400">
        <ele>573.7</ele>
      </trkpt>
      <trkpt lat="42.5415500" lon="-6.5275600">
        <ele>572.5</ele>
      </trkpt>
      <trkpt lat="42.5419000" lon="-6.5280800">
        <ele>571.7</ele>
      </trkpt>
      <trkpt lat="42.5421400" lon="-6.5286000">
        <ele>571.1</ele>
      </trkpt>
      <trkpt lat="42.5423800" lon="-6.5291200">
        <ele>570.9</ele>
      </trkpt>
      <trkpt lat="42.5426300" lon="-6.5296400">
        <ele>570.8</ele>
      </trkpt>
      <trkpt lat="42.5428700" lon="-6.5301700">
        <ele>570.7</ele>
      </trkpt>
      <trkpt lat="42.5431100" lon="-6.5306900">
        <ele>570.8</ele>
      </trkpt>
      <trkpt lat="42.5433500" lon="-6.5312100">
        <ele>570.8</ele>
      </trkpt>
      <trkpt lat="42.5435900" lon="-6.5317300">
        <ele>570.7</ele>
      </trkpt>
      <trkpt lat="42.5438400" lon="-6.5322500">
        <ele>570.5</ele>
      </trkpt>
      <trkpt lat="42.5440800" lon="-6.5327700">
        <ele>570.0</ele>
      </trkpt>
      <trkpt lat="42.5443200" lon="-6.5332900">
        <ele>569.7</ele>
      </trkpt>
      <trkpt lat="42.5445600" lon="-6.5338100">
        <ele>569.5</ele>
      </trkpt>
      <trkpt lat="42.5448000" lon="-6.5343400">
        <ele>569.6</ele>
      </trkpt>
      <trkpt lat="42.5450500" lon="-6.5348600">
        <ele>569.8</ele>
      </trkpt>
      <trkpt lat="42.5452900" lon="-6.5353800">
        <ele>570.9</ele>
      </trkpt>
      <trkpt lat="42.5455300" lon="-6.5359000">
        <ele>572.4</ele>
      </trkpt>
      <trkpt lat="42.5455200" lon="-6.5366900">
        <ele>575.2</ele>
      </trkpt>
      <trkpt lat="42.5455100" lon="-6.5374800">
        <ele>578.0</ele>
      </trkpt>
      <trkpt lat="42.5456900" lon="-6.5383200">
        <ele>580.8</ele>
      </trkpt>
      <trkpt lat="42.5461300" lon="-6.5392600">
        <ele>583.0</ele>
      </trkpt>
      <trkpt lat="42.5461700" lon="-6.5399300">
        <ele>584.5</ele>
      </trkpt>
      <trkpt lat="42.5462100" lon="-6.5405900">
        <ele>584.9</ele>
      </trkpt>
      <trkpt lat="42.5462500" lon="-6.5412600">
        <ele>585.5</ele>
      </trkpt>
      <trkpt lat="42.5462900" lon="-6.5419200">
        <ele>586.6</ele>
      </trkpt>
      <trkpt lat="42.5462400" lon="-6.5425700">
        <ele>588.3</ele>
      </trkpt>
      <trkpt lat="42.5461800" lon="-6.5432100">
        <ele>590.9</ele>
      </trkpt>
      <trkpt lat="42.5461300" lon="-6.5438600">
        <ele>593.7</ele>
      </trkpt>
      <trkpt lat="42.5460700" lon="-6.5445000">
        <ele>596.8</ele>
      </trkpt>
      <trkpt lat="42.5460200" lon="-6.5451500">
        <ele>599.9</ele>
      </trkpt>
      <trkpt lat="42.5459700" lon="-6.5458000">
        <ele>602.8</ele>
      </trkpt>
      <trkpt lat="42.5459100" lon="-6.5464400">
        <ele>605.4</ele>
      </trkpt>
      <trkpt lat="42.5458600" lon="-6.5470900">
        <ele>608.1</ele>
      </trkpt>
      <trkpt lat="42.5458000" lon="-6.5477300">
        <ele>610.4</ele>
      </trkpt>
      <trkpt lat="42.5457500" lon="-6.5483800">
        <ele>611.7</ele>
      </trkpt>
      <trkpt lat="42.5456600" lon="-6.5487100">
        <ele>611.4</ele>
      </trkpt>
      <trkpt lat="42.5453600" lon="-6.5493500">
        <ele>609.9</ele>
      </trkpt>
      <trkpt lat="42.5452300" lon="-6.5502000">
        <ele>605.9</ele>
      </trkpt>
      <trkpt lat="42.5450900" lon="-6.5504900">
        <ele>600.6</ele>
      </trkpt>
      <trkpt lat="42.5448100" lon="-6.5514500">
        <ele>594.9</ele>
      </trkpt>
      <trkpt lat="42.5446600" lon="-6.5522900">
        <ele>588.8</ele>
      </trkpt>
      <trkpt lat="42.5445000" lon="-6.5531200">
        <ele>582.1</ele>
      </trkpt>
      <trkpt lat="42.5441100" lon="-6.5541000">
        <ele>576.1</ele>
      </trkpt>
      <trkpt lat="42.5439700" lon="-6.5549400">
        <ele>570.2</ele>
      </trkpt>
      <trkpt lat="42.5439300" lon="-6.5557700">
        <ele>565.5</ele>
      </trkpt>
      <trkpt lat="42.5434400" lon="-6.5562500">
        <ele>563.1</ele>
      </trkpt>
      <trkpt lat="42.5430700" lon="-6.5567200">
        <ele>563.0</ele>
      </trkpt>
      <trkpt lat="42.5427000" lon="-6.5571800">
        <ele>565.0</ele>
      </trkpt>
      <trkpt lat="42.5423300" lon="-6.5576500">
        <ele>568.5</ele>
      </trkpt>
      <trkpt lat="42.5419600" lon="-6.5581100">
        <ele>571.6</ele>
      </trkpt>
      <trkpt lat="42.5416900" lon="-6.5586600">
        <ele>573.8</ele>
      </trkpt>
      <trkpt lat="42.5414200" lon="-6.5592100">
        <ele>575.2</ele>
      </trkpt>
      <trkpt lat="42.5412900" lon="-6.5597000">
        <ele>574.4</ele>
      </trkpt>
      <trkpt lat="42.5411900" lon="-6.5598800">
        <ele>572.3</ele>
      </trkpt>
      <trkpt lat="42.5406300" lon="-6.5606200">
        <ele>569.4</ele>
      </trkpt>
      <trkpt lat="42.5401800" lon="-6.5610100">
        <ele>565.1</ele>
      </trkpt>
      <trkpt lat="42.5397400" lon="-6.5613900">
        <ele>560.1</ele>
      </trkpt>
      <trkpt lat="42.5392900" lon="-6.5617800">
        <ele>555.8</ele>
      </trkpt>
      <trkpt lat="42.5392200" lon="-6.5619700">
        <ele>551.3</ele>
      </trkpt>
      <trkpt lat="42.5390000" lon="-6.5621300">
        <ele>546.5</ele>
      </trkpt>
      <trkpt lat="42.5388100" lon="-6.5626800">
        <ele>542.1</ele>
      </trkpt>
      <trkpt lat="42.5387000" lon="-6.5633300">
        <ele>538.2</ele>
      </trkpt>
      <trkpt lat="42.5385900" lon="-6.5639700">
        <ele>534.8</ele>
      </trkpt>
      <trkpt lat="42.5385490" lon="-6.5640250">
        <ele>532.6</ele>
      </trkpt>
      <trkpt lat="42.5385150" lon="-6.5640310">
        <ele>531.1</ele>
      </trkpt>
      <trkpt lat="42.5385280" lon="-6.5641050">
        <ele>530.4</ele>
      </trkpt>
      <trkpt lat="42.5385500" lon="-6.5647500">
        <ele>529.7</ele>
      </trkpt>
      <trkpt lat="42.5386100" lon="-6.5654800">
        <ele>528.7</ele>
      </trkpt>
      <trkpt lat="42.5387200" lon="-6.5662600">
        <ele>527.8</ele>
      </trkpt>
      <trkpt lat="42.5388400" lon="-6.5670500">
        <ele>527.1</ele>
      </trkpt>
      <trkpt lat="42.5389500" lon="-6.5678300">
        <ele>526.5</ele>
      </trkpt>
      <trkpt lat="42.5387800" lon="-6.5684400">
        <ele>525.8</ele>
      </trkpt>
      <trkpt lat="42.5386000" lon="-6.5690600">
        <ele>525.0</ele>
      </trkpt>
      <trkpt lat="42.5384300" lon="-6.5696700">
        <ele>524.0</ele>
      </trkpt>
      <trkpt lat="42.5383000" lon="-6.5704900">
        <ele>523.0</ele>
      </trkpt>
      <trkpt lat="42.5382500" lon="-6.5712100">
        <ele>521.8</ele>
      </trkpt>
      <trkpt lat="42.5381800" lon="-6.5718500">
        <ele>520.5</ele>
      </trkpt>
      <trkpt lat="42.5381100" lon="-6.5725000">
        <ele>519.8</ele>
      </trkpt>
      <trkpt lat="42.5380400" lon="-6.5731400">
        <ele>519.3</ele>
      </trkpt>
      <trkpt lat="42.5379600" lon="-6.5737800">
        <ele>519.0</ele>
      </trkpt>
      <trkpt lat="42.5378900" lon="-6.5744300">
        <ele>518.9</ele>
      </trkpt>
      <trkpt lat="42.5378200" lon="-6.5750700">
        <ele>518.9</ele>
      </trkpt>
      <trkpt lat="42.5376600" lon="-6.5755200">
        <ele>518.9</ele>
      </trkpt>
      <trkpt lat="42.5372400" lon="-6.5761800">
        <ele>518.8</ele>
      </trkpt>
      <trkpt lat="42.5368100" lon="-6.5768400">
        <ele>518.6</ele>
      </trkpt>
      <trkpt lat="42.5364700" lon="-6.5772700">
        <ele>518.5</ele>
      </trkpt>
      <trkpt lat="42.5360800" lon="-6.5780000">
        <ele>518.5</ele>
      </trkpt>
      <trkpt lat="42.5359500" lon="-6.5785400">
        <ele>517.8</ele>
      </trkpt>
      <trkpt lat="42.5359400" lon="-6.5788400">
        <ele>516.7</ele>
      </trkpt>
      <trkpt lat="42.5361500" lon="-6.5797000">
        <ele>515.6</ele>
      </trkpt>
      <trkpt lat="42.5361900" lon="-6.5804000">
        <ele>514.6</ele>
      </trkpt>
      <trkpt lat="42.5358400" lon="-6.5811700">
        <ele>513.6</ele>
      </trkpt>
      <trkpt lat="42.5356900" lon="-6.5813000">
        <ele>513.0</ele>
      </trkpt>
      <trkpt lat="42.5354200" lon="-6.5813800">
        <ele>512.9</ele>
      </trkpt>
      <trkpt lat="42.5353600" lon="-6.5814800">
        <ele>512.4</ele>
      </trkpt>
      <trkpt lat="42.5353200" lon="-6.5814500">
        <ele>511.9</ele>
      </trkpt>
      <trkpt lat="42.5349100" lon="-6.5820300">
        <ele>511.6</ele>
      </trkpt>
      <trkpt lat="42.5347700" lon="-6.5823300">
        <ele>511.6</ele>
      </trkpt>
      <trkpt lat="42.5345600" lon="-6.5831200">
        <ele>511.9</ele>
      </trkpt>
      <trkpt lat="42.5345900" lon="-6.5835500">
        <ele>513.3</ele>
      </trkpt>
      <trkpt lat="42.5348200" lon="-6.5839500">
        <ele>514.4</ele>
      </trkpt>
      <trkpt lat="42.5350100" lon="-6.5849800">
        <ele>515.0</ele>
      </trkpt>
      <trkpt lat="42.5352400" lon="-6.5857600">
        <ele>515.2</ele>
      </trkpt>
      <trkpt lat="42.5354300" lon="-6.5860800">
        <ele>514.6</ele>
      </trkpt>
      <trkpt lat="42.5355100" lon="-6.5861000">
        <ele>513.1</ele>
      </trkpt>
      <trkpt lat="42.5358100" lon="-6.5864000">
        <ele>512.0</ele>
      </trkpt>
      <trkpt lat="42.5361900" lon="-6.5869900">
        <ele>511.3</ele>
      </trkpt>
      <trkpt lat="42.5365600" lon="-6.5875700">
        <ele>510.6</ele>
      </trkpt>
      <trkpt lat="42.5365600" lon="-6.5877000">
        <ele>510.7</ele>
      </trkpt>
      <trkpt lat="42.5368200" lon="-6.5880000">
        <ele>511.1</ele>
      </trkpt>
      <trkpt lat="42.5367500" lon="-6.5881300">
        <ele>511.2</ele>
      </trkpt>
      <trkpt lat="42.5371200" lon="-6.5885700">
        <ele>511.1</ele>
      </trkpt>
      <trkpt lat="42.5374900" lon="-6.5890000">
        <ele>511.0</ele>
      </trkpt>
      <trkpt lat="42.5378600" lon="-6.5894400">
        <ele>510.4</ele>
      </trkpt>
      <trkpt lat="42.5380100" lon="-6.5897000">
        <ele>509.7</ele>
      </trkpt>
      <trkpt lat="42.5380700" lon="-6.5896100">
        <ele>508.5</ele>
      </trkpt>
      <trkpt lat="42.5381300" lon="-6.5896700">
        <ele>507.8</ele>
      </trkpt>
      <trkpt lat="42.5383200" lon="-6.5896400">
        <ele>507.5</ele>
      </trkpt>
      <trkpt lat="42.5391100" lon="-6.5891500">
        <ele>507.3</ele>
      </trkpt>
      <trkpt lat="42.5393300" lon="-6.5892200">
        <ele>506.9</ele>
      </trkpt>
      <trkpt lat="42.5393000" lon="-6.5893800">
        <ele>506.9</ele>
      </trkpt>
      <trkpt lat="42.5394700" lon="-6.5899800">
        <ele>506.9</ele>
      </trkpt>
      <trkpt lat="42.5396300" lon="-6.5905700">
        <ele>508.1</ele>
      </trkpt>
      <trkpt lat="42.5400600" lon="-6.5911200">
        <ele>509.9</ele>
      </trkpt>
      <trkpt lat="42.5404800" lon="-6.5916700">
        <ele>513.6</ele>
      </trkpt>
      <trkpt lat="42.5406600" lon="-6.5917400">
        <ele>517.8</ele>
      </trkpt>
      <trkpt lat="42.5411500" lon="-6.5925700">
        <ele>521.9</ele>
      </trkpt>
      <trkpt lat="42.5412500" lon="-6.5929400">
        <ele>525.2</ele>
      </trkpt>
      <trkpt lat="42.5418400" lon="-6.5929300">
        <ele>528.7</ele>
      </trkpt>
      <trkpt lat="42.5424200" lon="-6.5929200">
        <ele>530.1</ele>
      </trkpt>
      <trkpt lat="42.5430100" lon="-6.5929100">
        <ele>531.3</ele>
      </trkpt>
      <trkpt lat="42.5429900" lon="-6.5934200">
        <ele>532.7</ele>
      </trkpt>
      <trkpt lat="42.5430600" lon="-6.5934100">
        <ele>533.8</ele>
      </trkpt>
      <trkpt lat="42.5433800" lon="-6.5930800">
        <ele>535.0</ele>
      </trkpt>
      <trkpt lat="42.5433600" lon="-6.5923700">
        <ele>535.3</ele>
      </trkpt>
      <trkpt lat="42.5441800" lon="-6.5922500">
        <ele>533.5</ele>
      </trkpt>
      <trkpt lat="42.5448100" lon="-6.5924700">
        <ele>530.4</ele>
      </trkpt>
      <trkpt lat="42.5454300" lon="-6.5926900">
        <ele>526.7</ele>
      </trkpt>
      <trkpt lat="42.5459600" lon="-6.5926000">
        <ele>522.1</ele>
      </trkpt>
      <trkpt lat="42.5464800" lon="-6.5925100">
        <ele>518.0</ele>
      </trkpt>
      <trkpt lat="42.5467900" lon="-6.5924000">
        <ele>514.3</ele>
      </trkpt>
      <trkpt lat="42.5468800" lon="-6.5925300">
        <ele>513.3</ele>
      </trkpt>
      <trkpt lat="42.5470200" lon="-6.5932200">
        <ele>512.3</ele>
      </trkpt>
      <trkpt lat="42.5471600" lon="-6.5939100">
        <ele>511.6</ele>
      </trkpt>
      <trkpt lat="42.5475100" lon="-6.5937900">
        <ele>511.3</ele>
      </trkpt>
      <trkpt lat="42.5475400" lon="-6.5935500">
        <ele>512.3</ele>
      </trkpt>
      <trkpt lat="42.5477000" lon="-6.5934300">
        <ele>511.4</ele>
      </trkpt>
      <trkpt lat="42.5480200" lon="-6.5933700">
        <ele>510.7</ele>
      </trkpt>
      <trkpt lat="42.5481700" lon="-6.5934800">
        <ele>510.0</ele>
      </trkpt>
      <trkpt lat="42.5482900" lon="-6.5937800">
        <ele>509.4</ele>
      </trkpt>
      <trkpt lat="42.5487300" lon="-6.5940600">
        <ele>509.2</ele>
      </trkpt>
      <trkpt lat="42.5489800" lon="-6.5941100">
        <ele>509.1</ele>
      </trkpt>
      <trkpt lat="42.5494400" lon="-6.5941100">
        <ele>508.9</ele>
      </trkpt>
      <trkpt lat="42.5496100" lon="-6.5940600">
        <ele>508.7</ele>
      </trkpt>
      <trkpt lat="42.5503400" lon="-6.5936700">
        <ele>508.6</ele>
      </trkpt>
      <trkpt lat="42.5506100" lon="-6.5936200">
        <ele>508.6</ele>
      </trkpt>
      <trkpt lat="42.5511200" lon="-6.5934300">
        <ele>508.9</ele>
      </trkpt>
      <trkpt lat="42.5516300" lon="-6.5932500">
        <ele>509.3</ele>
      </trkpt>
      <trkpt lat="42.5521400" lon="-6.5930600">
        <ele>509.7</ele>
      </trkpt>
      <trkpt lat="42.5526500" lon="-6.5928700">
        <ele>510.1</ele>
      </trkpt>
      <trkpt lat="42.5525900" lon="-6.5925800">
        <ele>510.9</ele>
      </trkpt>
      <trkpt lat="42.5531400" lon="-6.5925400">
        <ele>511.4</ele>
      </trkpt>
      <trkpt lat="42.5536800" lon="-6.5925000">
        <ele>511.9</ele>
      </trkpt>
      <trkpt lat="42.5541200" lon="-6.5923300">
        <ele>512.8</ele>
      </trkpt>
      <trkpt lat="42.5545700" lon="-6.5921600">
        <ele>513.6</ele>
      </trkpt>
      <trkpt lat="42.5550100" lon="-6.5919900">
        <ele>514.0</ele>
      </trkpt>
      <trkpt lat="42.5554500" lon="-6.5918200">
        <ele>514.5</ele>
      </trkpt>
      <trkpt lat="42.5554800" lon="-6.5917300">
        <ele>515.2</ele>
      </trkpt>
      <trkpt lat="42.5556600" lon="-6.5915900">
        <ele>515.9</ele>
      </trkpt>
      <trkpt lat="42.5560800" lon="-6.5913300">
        <ele>516.7</ele>
      </trkpt>
      <trkpt lat="42.5565000" lon="-6.5910600">
        <ele>517.7</ele>
      </trkpt>
      <trkpt lat="42.5570600" lon="-6.5905000">
        <ele>519.0</ele>
      </trkpt>
      <trkpt lat="42.5575800" lon="-6.5898300">
        <ele>520.7</ele>
      </trkpt>
      <trkpt lat="42.5579100" lon="-6.5892800">
        <ele>522.8</ele>
      </trkpt>
      <trkpt lat="42.5582300" lon="-6.5887300">
        <ele>525.1</ele>
      </trkpt>
      <trkpt lat="42.5585600" lon="-6.5881800">
        <ele>527.3</ele>
      </trkpt>
      <trkpt lat="42.5586600" lon="-6.5883500">
        <ele>529.4</ele>
      </trkpt>
      <trkpt lat="42.5587200" lon="-6.5883100">
        <ele>531.0</ele>
      </trkpt>
      <trkpt lat="42.5588250" lon="-6.5883540">
        <ele>532.0</ele>
      </trkpt>
      <trkpt lat="42.5588540" lon="-6.5884330">
        <ele>532.8</ele>
      </trkpt>
      <trkpt lat="42.5588400" lon="-6.5885330">
        <ele>533.4</ele>
      </trkpt>
      <trkpt lat="42.5589860" lon="-6.5886470">
        <ele>532.7</ele>
      </trkpt>
      <trkpt lat="42.5590250" lon="-6.5885970">
        <ele>531.5</ele>
      </trkpt>
      <trkpt lat="42.5594820" lon="-6.5892180">
        <ele>532.8</ele>
      </trkpt>
      <trkpt lat="42.5597180" lon="-6.5895340">
        <ele>533.9</ele>
      </trkpt>
      <trkpt lat="42.5614480" lon="-6.5918640">
        <ele>535.0</ele>
      </trkpt>
      <trkpt lat="42.5614980" lon="-6.5919370">
        <ele>537.0</ele>
      </trkpt>
      <trkpt lat="42.5615030" lon="-6.5919440">
        <ele>539.5</ele>
      </trkpt>
      <trkpt lat="42.5621490" lon="-6.5927770">
        <ele>539.5</ele>
      </trkpt>
      <trkpt lat="42.5621980" lon="-6.5927110">
        <ele>539.5</ele>
      </trkpt>
      <trkpt lat="42.5628600" lon="-6.5936000">
        <ele>539.5</ele>
      </trkpt>
      <trkpt lat="42.5626900" lon="-6.5938300">
        <ele>539.7</ele>
      </trkpt>
      <trkpt lat="42.5630100" lon="-6.5942600">
        <ele>539.3</ele>
      </trkpt>
      <trkpt lat="42.5632500" lon="-6.5943900">
        <ele>538.7</ele>
      </trkpt>
      <trkpt lat="42.5637300" lon="-6.5950700">
        <ele>538.0</ele>
      </trkpt>
      <trkpt lat="42.5635700" lon="-6.5952900">
        <ele>537.1</ele>
      </trkpt>
      <trkpt lat="42.5638900" lon="-6.5957300">
        <ele>536.0</ele>
      </trkpt>
      <trkpt lat="42.5642000" lon="-6.5961700">
        <ele>535.4</ele>
      </trkpt>
      <trkpt lat="42.5645200" lon="-6.5966000">
        <ele>535.0</ele>
      </trkpt>
      <trkpt lat="42.5648410" lon="-6.5970240">
        <ele>534.9</ele>
      </trkpt>
      <trkpt lat="42.5653070" lon="-6.5976420">
        <ele>535.0</ele>
      </trkpt>
      <trkpt lat="42.5656900" lon="-6.5980300">
        <ele>535.4</ele>
      </trkpt>
      <trkpt lat="42.5657100" lon="-6.5981400">
        <ele>536.0</ele>
      </trkpt>
      <trkpt lat="42.5660300" lon="-6.5983400">
        <ele>536.8</ele>
      </trkpt>
      <trkpt lat="42.5666100" lon="-6.5988800">
        <ele>537.8</ele>
      </trkpt>
      <trkpt lat="42.5670600" lon="-6.5994000">
        <ele>539.0</ele>
      </trkpt>
      <trkpt lat="42.5675100" lon="-6.5999200">
        <ele>540.3</ele>
      </trkpt>
      <trkpt lat="42.5679600" lon="-6.6004400">
        <ele>541.5</ele>
      </trkpt>
      <trkpt lat="42.5681000" lon="-6.6005000">
        <ele>542.6</ele>
      </trkpt>
      <trkpt lat="42.5686700" lon="-6.6010800">
        <ele>543.2</ele>
      </trkpt>
      <trkpt lat="42.5689500" lon="-6.6012900">
        <ele>543.3</ele>
      </trkpt>
      <trkpt lat="42.5698100" lon="-6.6016000">
        <ele>543.1</ele>
      </trkpt>
      <trkpt lat="42.5700300" lon="-6.6017900">
        <ele>542.6</ele>
      </trkpt>
      <trkpt lat="42.5706300" lon="-6.6020600">
        <ele>542.3</ele>
      </trkpt>
      <trkpt lat="42.5708200" lon="-6.6028200">
        <ele>542.4</ele>
      </trkpt>
      <trkpt lat="42.5709900" lon="-6.6032300">
        <ele>542.7</ele>
      </trkpt>
      <trkpt lat="42.5715200" lon="-6.6039400">
        <ele>543.1</ele>
      </trkpt>
      <trkpt lat="42.5717700" lon="-6.6040000">
        <ele>543.2</ele>
      </trkpt>
      <trkpt lat="42.5718600" lon="-6.6041000">
        <ele>542.5</ele>
      </trkpt>
      <trkpt lat="42.5721300" lon="-6.6050300">
        <ele>540.9</ele>
      </trkpt>
      <trkpt lat="42.5722500" lon="-6.6059000">
        <ele>538.7</ele>
      </trkpt>
      <trkpt lat="42.5723000" lon="-6.6066700">
        <ele>536.6</ele>
      </trkpt>
      <trkpt lat="42.5723580" lon="-6.6074450">
        <ele>534.7</ele>
      </trkpt>
      <trkpt lat="42.5723600" lon="-6.6074310">
        <ele>533.2</ele>
      </trkpt>
      <trkpt lat="42.5723730" lon="-6.6076880">
        <ele>532.2</ele>
      </trkpt>
      <trkpt lat="42.5723990" lon="-6.6078760">
        <ele>531.8</ele>
      </trkpt>
      <trkpt lat="42.5725400" lon="-6.6081600">
        <ele>531.1</ele>
      </trkpt>
      <trkpt lat="42.5725800" lon="-6.6083600">
        <ele>530.2</ele>
      </trkpt>
      <trkpt lat="42.5725400" lon="-6.6087100">
        <ele>529.1</ele>
      </trkpt>
      <trkpt lat="42.5728400" lon="-6.6097800">
        <ele>527.8</ele>
      </trkpt>
      <trkpt lat="42.5730900" lon="-6.6103800">
        <ele>526.6</ele>
      </trkpt>
      <trkpt lat="42.5733400" lon="-6.6109800">
        <ele>525.4</ele>
      </trkpt>
      <trkpt lat="42.5733500" lon="-6.6111200">
        <ele>524.4</ele>
      </trkpt>
      <trkpt lat="42.5737900" lon="-6.6115100">
        <ele>523.7</ele>
      </trkpt>
      <trkpt lat="42.5742200" lon="-6.6119000">
        <ele>523.2</ele>
      </trkpt>
      <trkpt lat="42.5744600" lon="-6.6123200">
        <ele>522.6</ele>
      </trkpt>
      <trkpt lat="42.5745200" lon="-6.6126200">
        <ele>522.0</ele>
      </trkpt>
      <trkpt lat="42.5745700" lon="-6.6132400">
        <ele>521.5</ele>
      </trkpt>
      <trkpt lat="42.5746200" lon="-6.6138600">
        <ele>521.0</ele>
      </trkpt>
      <trkpt lat="42.5746700" lon="-6.6144800">
        <ele>520.3</ele>
      </trkpt>
      <trkpt lat="42.5747100" lon="-6.6150900">
        <ele>519.7</ele>
      </trkpt>
      <trkpt lat="42.5747600" lon="-6.6157100">
        <ele>519.1</ele>
      </trkpt>
      <trkpt lat="42.5748100" lon="-6.6163300">
        <ele>518.6</ele>
      </trkpt>
      <trkpt lat="42.5749300" lon="-6.6170700">
        <ele>518.2</ele>
      </trkpt>
      <trkpt lat="42.5750500" lon="-6.6178000">
        <ele>518.0</ele>
      </trkpt>
      <trkpt lat="42.5751300" lon="-6.6185700">
        <ele>517.7</ele>
      </trkpt>
      <trkpt lat="42.5752200" lon="-6.6193300">
        <ele>517.2</ele>
      </trkpt>
      <trkpt lat="42.5753000" lon="-6.6201000">
        <ele>516.8</ele>
      </trkpt>
      <trkpt lat="42.5753200" lon="-6.6212100">
        <ele>516.6</ele>
      </trkpt>
      <trkpt lat="42.5753800" lon="-6.6219300">
        <ele>516.5</ele>
      </trkpt>
      <trkpt lat="42.5754300" lon="-6.6226600">
        <ele>516.4</ele>
      </trkpt>
      <trkpt lat="42.5754900" lon="-6.6233800">
        <ele>516.5</ele>
      </trkpt>
      <trkpt lat="42.5755400" lon="-6.6241100">
        <ele>516.6</ele>
      </trkpt>
      <trkpt lat="42.5756000" lon="-6.6248300">
        <ele>516.4</ele>
      </trkpt>
      <trkpt lat="42.5757500" lon="-6.6256000">
        <ele>515.8</ele>
      </trkpt>
      <trkpt lat="42.5758200" lon="-6.6262400">
        <ele>515.2</ele>
      </trkpt>
      <trkpt lat="42.5759000" lon="-6.6268800">
        <ele>514.5</ele>
      </trkpt>
      <trkpt lat="42.5759700" lon="-6.6275200">
        <ele>513.7</ele>
      </trkpt>
      <trkpt lat="42.5761800" lon="-6.6280800">
        <ele>513.0</ele>
      </trkpt>
      <trkpt lat="42.5763900" lon="-6.6286500">
        <ele>512.3</ele>
      </trkpt>
      <trkpt lat="42.5766000" lon="-6.6292100">
        <ele>511.9</ele>
      </trkpt>
      <trkpt lat="42.5769000" lon="-6.6296900">
        <ele>511.5</ele>
      </trkpt>
      <trkpt lat="42.5772100" lon="-6.6301600">
        <ele>511.3</ele>
      </trkpt>
      <trkpt lat="42.5775100" lon="-6.6306400">
        <ele>511.3</ele>
      </trkpt>
      <trkpt lat="42.5778400" lon="-6.6313800">
        <ele>511.3</ele>
      </trkpt>
      <trkpt lat="42.5780800" lon="-6.6322000">
        <ele>510.8</ele>
      </trkpt>
      <trkpt lat="42.5780600" lon="-6.6325200">
        <ele>510.1</ele>
      </trkpt>
      <trkpt lat="42.5779100" lon="-6.6332600">
        <ele>509.6</ele>
      </trkpt>
      <trkpt lat="42.5777500" lon="-6.6340000">
        <ele>509.1</ele>
      </trkpt>
      <trkpt lat="42.5775000" lon="-6.6347300">
        <ele>508.9</ele>
      </trkpt>
      <trkpt lat="42.5772400" lon="-6.6354500">
        <ele>509.2</ele>
      </trkpt>
      <trkpt lat="42.5770600" lon="-6.6363200">
        <ele>509.4</ele>
      </trkpt>
      <trkpt lat="42.5770500" lon="-6.6369200">
        <ele>509.1</ele>
      </trkpt>
      <trkpt lat="42.5768500" lon="-6.6379900">
        <ele>508.8</ele>
      </trkpt>
      <trkpt lat="42.5767600" lon="-6.6390100">
        <ele>508.1</ele>
      </trkpt>
      <trkpt lat="42.5769200" lon="-6.6398500">
        <ele>507.2</ele>
      </trkpt>
      <trkpt lat="42.5773300" lon="-6.6409200">
        <ele>506.6</ele>
      </trkpt>
      <trkpt lat="42.5773400" lon="-6.6416000">
        <ele>506.0</ele>
      </trkpt>
      <trkpt lat="42.5773400" lon="-6.6422800">
        <ele>505.2</ele>
      </trkpt>
      <trkpt lat="42.5773500" lon="-6.6429700">
        <ele>504.7</ele>
      </trkpt>
      <trkpt lat="42.5773500" lon="-6.6436500">
        <ele>504.4</ele>
      </trkpt>
      <trkpt lat="42.5773600" lon="-6.6443300">
        <ele>504.3</ele>
      </trkpt>
      <trkpt lat="42.5774200" lon="-6.6445800">
        <ele>504.3</ele>
      </trkpt>
      <trkpt lat="42.5773700" lon="-6.6452000">
        <ele>504.3</ele>
      </trkpt>
      <trkpt lat="42.5773100" lon="-6.6458200">
        <ele>504.2</ele>
      </trkpt>
      <trkpt lat="42.5772600" lon="-6.6464300">
        <ele>504.1</ele>
      </trkpt>
      <trkpt lat="42.5772100" lon="-6.6470500">
        <ele>503.9</ele>
      </trkpt>
      <trkpt lat="42.5771500" lon="-6.6476700">
        <ele>503.7</ele>
      </trkpt>
      <trkpt lat="42.5771000" lon="-6.6482900">
        <ele>503.6</ele>
      </trkpt>
      <trkpt lat="42.5770500" lon="-6.6489000">
        <ele>503.7</ele>
      </trkpt>
      <trkpt lat="42.5769900" lon="-6.6495200">
        <ele>503.4</ele>
      </trkpt>
      <trkpt lat="42.5769400" lon="-6.6501400">
        <ele>502.9</ele>
      </trkpt>
      <trkpt lat="42.5769300" lon="-6.6513300">
        <ele>502.2</ele>
      </trkpt>
      <trkpt lat="42.5769900" lon="-6.6520300">
        <ele>501.2</ele>
      </trkpt>
      <trkpt lat="42.5770600" lon="-6.6527300">
        <ele>499.9</ele>
      </trkpt>
      <trkpt lat="42.5771200" lon="-6.6534300">
        <ele>498.8</ele>
      </trkpt>
      <trkpt lat="42.5770100" lon="-6.6540800">
        <ele>497.5</ele>
      </trkpt>
      <trkpt lat="42.5768900" lon="-6.6547300">
        <ele>496.7</ele>
      </trkpt>
      <trkpt lat="42.5769800" lon="-6.6557800">
        <ele>496.4</ele>
      </trkpt>
      <trkpt lat="42.5769500" lon="-6.6567300">
        <ele>496.8</ele>
      </trkpt>
      <trkpt lat="42.5768200" lon="-6.6573400">
        <ele>497.4</ele>
      </trkpt>
      <trkpt lat="42.5764000" lon="-6.6583500">
        <ele>497.7</ele>
      </trkpt>
      <trkpt lat="42.5763100" lon="-6.6589900">
        <ele>497.5</ele>
      </trkpt>
      <trkpt lat="42.5760500" lon="-6.6608900">
        <ele>496.4</ele>
      </trkpt>
      <trkpt lat="42.5769000" lon="-6.6629800">
        <ele>495.0</ele>
      </trkpt>
      <trkpt lat="42.5779700" lon="-6.6659500">
        <ele>493.6</ele>
      </trkpt>
      <trkpt lat="42.5783100" lon="-6.6665200">
        <ele>492.8</ele>
      </trkpt>
      <trkpt lat="42.5786400" lon="-6.6670800">
        <ele>492.4</ele>
      </trkpt>
      <trkpt lat="42.5787800" lon="-6.6670300">
        <ele>492.4</ele>
      </trkpt>
      <trkpt lat="42.5789000" lon="-6.6671100">
        <ele>492.2</ele>
      </trkpt>
      <trkpt lat="42.5789100" lon="-6.6674100">
        <ele>491.7</ele>
      </trkpt>
      <trkpt lat="42.5792000" lon="-6.6679100">
        <ele>491.5</ele>
      </trkpt>
      <trkpt lat="42.5797300" lon="-6.6690900">
        <ele>491.4</ele>
      </trkpt>
      <trkpt lat="42.5799900" lon="-6.6696800">
        <ele>491.4</ele>
      </trkpt>
      <trkpt lat="42.5802470" lon="-6.6702630">
        <ele>491.4</ele>
      </trkpt>
      <trkpt lat="42.5802520" lon="-6.6702750">
        <ele>491.7</ele>
      </trkpt>
      <trkpt lat="42.5802170" lon="-6.6703090">
        <ele>491.7</ele>
      </trkpt>
      <trkpt lat="42.5804900" lon="-6.6709800">
        <ele>491.7</ele>
      </trkpt>
      <trkpt lat="42.5805120" lon="-6.6711340">
        <ele>491.7</ele>
      </trkpt>
      <trkpt lat="42.5805610" lon="-6.6711710">
        <ele>491.8</ele>
      </trkpt>
      <trkpt lat="42.5806200" lon="-6.6712160">
        <ele>491.9</ele>
      </trkpt>
      <trkpt lat="42.5807200" lon="-6.6714490">
        <ele>492.0</ele>
      </trkpt>
      <trkpt lat="42.5808280" lon="-6.6716980">
        <ele>492.5</ele>
      </trkpt>
      <trkpt lat="42.5810610" lon="-6.6722000">
        <ele>493.0</ele>
      </trkpt>
      <trkpt lat="42.5828800" lon="-6.6742100">
        <ele>493.6</ele>
      </trkpt>
      <trkpt lat="42.5832700" lon="-6.6746000">
        <ele>494.2</ele>
      </trkpt>
      <trkpt lat="42.5833000" lon="-6.6747500">
        <ele>494.9</ele>
      </trkpt>
      <trkpt lat="42.5832300" lon="-6.6748800">
        <ele>495.1</ele>
      </trkpt>
      <trkpt lat="42.5833100" lon="-6.6749700">
        <ele>495.2</ele>
      </trkpt>
      <trkpt lat="42.5833540" lon="-6.6750040">
        <ele>495.3</ele>
      </trkpt>
      <trkpt lat="42.5834690" lon="-6.6749790">
        <ele>495.5</ele>
      </trkpt>
      <trkpt lat="42.5836900" lon="-6.6750000">
        <ele>496.1</ele>
      </trkpt>
      <trkpt lat="42.5840600" lon="-6.6753600">
        <ele>497.3</ele>
      </trkpt>
      <trkpt lat="42.5844200" lon="-6.6757200">
        <ele>499.0</ele>
      </trkpt>
      <trkpt lat="42.5847900" lon="-6.6760800">
        <ele>501.3</ele>
      </trkpt>
      <trkpt lat="42.5851500" lon="-6.6764400">
        <ele>504.0</ele>
      </trkpt>
      <trkpt lat="42.5855200" lon="-6.6768000">
        <ele>507.3</ele>
      </trkpt>
      <trkpt lat="42.5858800" lon="-6.6771600">
        <ele>510.5</ele>
      </trkpt>
      <trkpt lat="42.5862300" lon="-6.6776200">
        <ele>513.0</ele>
      </trkpt>
      <trkpt lat="42.5865900" lon="-6.6780800">
        <ele>516.0</ele>
      </trkpt>
      <trkpt lat="42.5869400" lon="-6.6785400">
        <ele>518.9</ele>
      </trkpt>
      <trkpt lat="42.5872900" lon="-6.6790000">
        <ele>520.8</ele>
      </trkpt>
      <trkpt lat="42.5873000" lon="-6.6793600">
        <ele>521.8</ele>
      </trkpt>
      <trkpt lat="42.5870100" lon="-6.6800400">
        <ele>523.0</ele>
      </trkpt>
      <trkpt lat="42.5869200" lon="-6.6804300">
        <ele>522.6</ele>
      </trkpt>
      <trkpt lat="42.5869600" lon="-6.6807500">
        <ele>521.6</ele>
      </trkpt>
      <trkpt lat="42.5871900" lon="-6.6813800">
        <ele>520.6</ele>
      </trkpt>
      <trkpt lat="42.5874700" lon="-6.6819000">
        <ele>520.0</ele>
      </trkpt>
      <trkpt lat="42.5877600" lon="-6.6822800">
        <ele>519.2</ele>
      </trkpt>
      <trkpt lat="42.5880000" lon="-6.6828100">
        <ele>518.4</ele>
      </trkpt>
      <trkpt lat="42.5882400" lon="-6.6833400">
        <ele>517.7</ele>
      </trkpt>
      <trkpt lat="42.5882900" lon="-6.6835900">
        <ele>516.8</ele>
      </trkpt>
      <trkpt lat="42.5882700" lon="-6.6846600">
        <ele>515.3</ele>
      </trkpt>
      <trkpt lat="42.5884100" lon="-6.6855100">
        <ele>513.3</ele>
      </trkpt>
      <trkpt lat="42.5885300" lon="-6.6861300">
        <ele>510.8</ele>
      </trkpt>
      <trkpt lat="42.5887100" lon="-6.6867700">
        <ele>507.9</ele>
      </trkpt>
      <trkpt lat="42.5888900" lon="-6.6874000">
        <ele>505.1</ele>
      </trkpt>
      <trkpt lat="42.5890700" lon="-6.6880400">
        <ele>502.9</ele>
      </trkpt>
      <trkpt lat="42.5893500" lon="-6.6887700">
        <ele>501.2</ele>
      </trkpt>
      <trkpt lat="42.5894100" lon="-6.6890700">
        <ele>500.0</ele>
      </trkpt>
      <trkpt lat="42.5893400" lon="-6.6896700">
        <ele>498.9</ele>
      </trkpt>
      <trkpt lat="42.5893700" lon="-6.6901400">
        <ele>497.8</ele>
      </trkpt>
      <trkpt lat="42.5895400" lon="-6.6908000">
        <ele>496.9</ele>
      </trkpt>
      <trkpt lat="42.5897000" lon="-6.6914600">
        <ele>496.1</ele>
      </trkpt>
      <trkpt lat="42.5897600" lon="-6.6915800">
        <ele>495.8</ele>
      </trkpt>
      <trkpt lat="42.5900100" lon="-6.6917500">
        <ele>495.7</ele>
      </trkpt>
      <trkpt lat="42.5901900" lon="-6.6921400">
        <ele>495.5</ele>
      </trkpt>
      <trkpt lat="42.5905600" lon="-6.6925700">
        <ele>495.3</ele>
      </trkpt>
      <trkpt lat="42.5907810" lon="-6.6933640">
        <ele>495.1</ele>
      </trkpt>
      <trkpt lat="42.5911600" lon="-6.6944600">
        <ele>495.0</ele>
      </trkpt>
      <trkpt lat="42.5914700" lon="-6.6955500">
        <ele>494.9</ele>
      </trkpt>
      <trkpt lat="42.5916600" lon="-6.6961400">
        <ele>494.6</ele>
      </trkpt>
      <trkpt lat="42.5918760" lon="-6.6967100">
        <ele>494.4</ele>
      </trkpt>
      <trkpt lat="42.5920750" lon="-6.6972850">
        <ele>494.3</ele>
      </trkpt>
      <trkpt lat="42.5922400" lon="-6.6979000">
        <ele>494.2</ele>
      </trkpt>
      <trkpt lat="42.5924300" lon="-6.6984900">
        <ele>494.6</ele>
      </trkpt>
      <trkpt lat="42.5926300" lon="-6.6990700">
        <ele>495.8</ele>
      </trkpt>
      <trkpt lat="42.5928200" lon="-6.6996600">
        <ele>497.4</ele>
      </trkpt>
      <trkpt lat="42.5930700" lon="-6.7006400">
        <ele>499.3</ele>
      </trkpt>
      <trkpt lat="42.5932100" lon="-6.7014200">
        <ele>501.8</ele>
      </trkpt>
      <trkpt lat="42.5933600" lon="-6.7022000">
        <ele>504.5</ele>
      </trkpt>
      <trkpt lat="42.5935000" lon="-6.7029800">
        <ele>506.9</ele>
      </trkpt>
      <trkpt lat="42.5937700" lon="-6.7037600">
        <ele>509.0</ele>
      </trkpt>
      <trkpt lat="42.5940300" lon="-6.7045400">
        <ele>510.6</ele>
      </trkpt>
      <trkpt lat="42.5940300" lon="-6.7047200">
        <ele>511.8</ele>
      </trkpt>
      <trkpt lat="42.5941200" lon="-6.7048400">
        <ele>512.6</ele>
      </trkpt>
      <trkpt lat="42.5943400" lon="-6.7054700">
        <ele>513.1</ele>
      </trkpt>
      <trkpt lat="42.5945600" lon="-6.7060900">
        <ele>513.4</ele>
      </trkpt>
      <trkpt lat="42.5948100" lon="-6.7066800">
        <ele>513.2</ele>
      </trkpt>
      <trkpt lat="42.5950500" lon="-6.7072700">
        <ele>512.2</ele>
      </trkpt>
      <trkpt lat="42.5953000" lon="-6.7078500">
        <ele>510.6</ele>
      </trkpt>
      <trkpt lat="42.5955400" lon="-6.7084400">
        <ele>508.6</ele>
      </trkpt>
      <trkpt lat="42.5957700" lon="-6.7090300">
        <ele>506.8</ele>
      </trkpt>
      <trkpt lat="42.5960000" lon="-6.7096300">
        <ele>505.4</ele>
      </trkpt>
      <trkpt lat="42.5962200" lon="-6.7102200">
        <ele>504.6</ele>
      </trkpt>
      <trkpt lat="42.5964500" lon="-6.7108200">
        <ele>504.3</ele>
      </trkpt>
      <trkpt lat="42.5966800" lon="-6.7114100">
        <ele>504.4</ele>
      </trkpt>
      <trkpt lat="42.5969100" lon="-6.7120000">
        <ele>504.3</ele>
      </trkpt>
      <trkpt lat="42.5971300" lon="-6.7126000">
        <ele>504.3</ele>
      </trkpt>
      <trkpt lat="42.5973600" lon="-6.7131900">
        <ele>504.3</ele>
      </trkpt>
      <trkpt lat="42.5977600" lon="-6.7136300">
        <ele>503.7</ele>
      </trkpt>
      <trkpt lat="42.5981500" lon="-6.7140800">
        <ele>502.0</ele>
      </trkpt>
      <trkpt lat="42.5985500" lon="-6.7145200">
        <ele>498.5</ele>
      </trkpt>
      <trkpt lat="42.5987800" lon="-6.7150700">
        <ele>494.5</ele>
      </trkpt>
      <trkpt lat="42.5993700" lon="-6.7159300">
        <ele>490.6</ele>
      </trkpt>
      <trkpt lat="42.5995200" lon="-6.7164300">
        <ele>487.4</ele>
      </trkpt>
      <trkpt lat="42.5995500" lon="-6.7170600">
        <ele>485.3</ele>
      </trkpt>
      <trkpt lat="42.5995800" lon="-6.7176800">
        <ele>484.8</ele>
      </trkpt>
      <trkpt lat="42.5996100" lon="-6.7183100">
        <ele>484.6</ele>
      </trkpt>
      <trkpt lat="42.5996400" lon="-6.7189300">
        <ele>484.4</ele>
      </trkpt>
      <trkpt lat="42.5996600" lon="-6.7195600">
        <ele>484.2</ele>
      </trkpt>
      <trkpt lat="42.5996900" lon="-6.7201800">
        <ele>484.0</ele>
      </trkpt>
      <trkpt lat="42.5997200" lon="-6.7208100">
        <ele>484.1</ele>
      </trkpt>
      <trkpt lat="42.5997500" lon="-6.7214300">
        <ele>484.6</ele>
      </trkpt>
      <trkpt lat="42.5997800" lon="-6.7220600">
        <ele>485.0</ele>
      </trkpt>
      <trkpt lat="42.5997300" lon="-6.7227200">
        <ele>485.0</ele>
      </trkpt>
      <trkpt lat="42.5998000" lon="-6.7233400">
        <ele>484.8</ele>
      </trkpt>
      <trkpt lat="42.5998700" lon="-6.7239600">
        <ele>484.5</ele>
      </trkpt>
      <trkpt lat="42.5998700" lon="-6.7249300">
        <ele>484.1</ele>
      </trkpt>
      <trkpt lat="42.5997700" lon="-6.7254800">
        <ele>483.5</ele>
      </trkpt>
      <trkpt lat="42.5995800" lon="-6.7258200">
        <ele>483.1</ele>
      </trkpt>
      <trkpt lat="42.5995700" lon="-6.7260900">
        <ele>482.5</ele>
      </trkpt>
      <trkpt lat="42.5996400" lon="-6.7265100">
        <ele>481.7</ele>
      </trkpt>
      <trkpt lat="42.5998900" lon="-6.7271200">
        <ele>480.4</ele>
      </trkpt>
      <trkpt lat="42.5999700" lon="-6.7275200">
        <ele>479.3</ele>
      </trkpt>
      <trkpt lat="42.6000000" lon="-6.7282000">
        <ele>478.1</ele>
      </trkpt>
      <trkpt lat="42.6000400" lon="-6.7288800">
        <ele>477.0</ele>
      </trkpt>
      <trkpt lat="42.6000700" lon="-6.7295600">
        <ele>476.1</ele>
      </trkpt>
      <trkpt lat="42.6001000" lon="-6.7302300">
        <ele>475.8</ele>
      </trkpt>
      <trkpt lat="42.6001400" lon="-6.7309100">
        <ele>475.2</ele>
      </trkpt>
      <trkpt lat="42.6001700" lon="-6.7315900">
        <ele>474.8</ele>
      </trkpt>
      <trkpt lat="42.6003200" lon="-6.7321800">
        <ele>474.8</ele>
      </trkpt>
      <trkpt lat="42.6004800" lon="-6.7327700">
        <ele>474.9</ele>
      </trkpt>
      <trkpt lat="42.6006300" lon="-6.7333600">
        <ele>475.1</ele>
      </trkpt>
      <trkpt lat="42.6007900" lon="-6.7339500">
        <ele>475.6</ele>
      </trkpt>
      <trkpt lat="42.6009400" lon="-6.7345400">
        <ele>476.3</ele>
      </trkpt>
      <trkpt lat="42.6011000" lon="-6.7351300">
        <ele>477.1</ele>
      </trkpt>
      <trkpt lat="42.6012500" lon="-6.7357200">
        <ele>477.7</ele>
      </trkpt>
      <trkpt lat="42.6014800" lon="-6.7364600">
        <ele>478.5</ele>
      </trkpt>
      <trkpt lat="42.6017100" lon="-6.7372000">
        <ele>479.4</ele>
      </trkpt>
      <trkpt lat="42.6019700" lon="-6.7377100">
        <ele>480.1</ele>
      </trkpt>
      <trkpt lat="42.6022300" lon="-6.7382300">
        <ele>480.8</ele>
      </trkpt>
      <trkpt lat="42.6024900" lon="-6.7387400">
        <ele>481.9</ele>
      </trkpt>
      <trkpt lat="42.6027500" lon="-6.7392500">
        <ele>483.6</ele>
      </trkpt>
      <trkpt lat="42.6030100" lon="-6.7397700">
        <ele>486.1</ele>
      </trkpt>
      <trkpt lat="42.6032700" lon="-6.7402800">
        <ele>489.4</ele>
      </trkpt>
      <trkpt lat="42.6035300" lon="-6.7407900">
        <ele>492.9</ele>
      </trkpt>
      <trkpt lat="42.6037900" lon="-6.7413000">
        <ele>496.1</ele>
      </trkpt>
      <trkpt lat="42.6040500" lon="-6.7418200">
        <ele>498.9</ele>
      </trkpt>
      <trkpt lat="42.6043130" lon="-6.7423270">
        <ele>501.1</ele>
      </trkpt>
      <trkpt lat="42.6045790" lon="-6.7429550">
        <ele>504.2</ele>
      </trkpt>
      <trkpt lat="42.6047110" lon="-6.7435880">
        <ele>508.6</ele>
      </trkpt>
      <trkpt lat="42.6049430" lon="-6.7449700">
        <ele>514.2</ele>
      </trkpt>
      <trkpt lat="42.6051170" lon="-6.7460520">
        <ele>520.3</ele>
      </trkpt>
      <trkpt lat="42.6054000" lon="-6.7479000">
        <ele>526.5</ele>
      </trkpt>
      <trkpt lat="42.6055000" lon="-6.7485200">
        <ele>531.4</ele>
      </trkpt>
      <trkpt lat="42.6056000" lon="-6.7491400">
        <ele>535.0</ele>
      </trkpt>
      <trkpt lat="42.6057100" lon="-6.7497500">
        <ele>538.6</ele>
      </trkpt>
      <trkpt lat="42.6058160" lon="-6.7503680">
        <ele>542.2</ele>
      </trkpt>
      <trkpt lat="42.6060010" lon="-6.7519570">
        <ele>546.8</ele>
      </trkpt>
      <trkpt lat="42.6060880" lon="-6.7530080">
        <ele>552.1</ele>
      </trkpt>
      <trkpt lat="42.6061850" lon="-6.7543280">
        <ele>557.9</ele>
      </trkpt>
      <trkpt lat="42.6062230" lon="-6.7552460">
        <ele>562.6</ele>
      </trkpt>
      <trkpt lat="42.6060900" lon="-6.7556920">
        <ele>566.2</ele>
      </trkpt>
      <trkpt lat="42.6060220" lon="-6.7559830">
        <ele>567.8</ele>
      </trkpt>
      <trkpt lat="42.6059700" lon="-6.7561900">
        <ele>567.8</ele>
      </trkpt>
      <trkpt lat="42.6058300" lon="-6.7568300">
        <ele>566.5</ele>
      </trkpt>
      <trkpt lat="42.6056800" lon="-6.7574800">
        <ele>564.3</ele>
      </trkpt>
      <trkpt lat="42.6055400" lon="-6.7581200">
        <ele>561.3</ele>
      </trkpt>
      <trkpt lat="42.6053900" lon="-6.7587700">
        <ele>558.1</ele>
      </trkpt>
      <trkpt lat="42.6052500" lon="-6.7594100">
        <ele>554.8</ele>
      </trkpt>
      <trkpt lat="42.6051000" lon="-6.7600600">
        <ele>551.4</ele>
      </trkpt>
      <trkpt lat="42.6049200" lon="-6.7606600">
        <ele>548.0</ele>
      </trkpt>
      <trkpt lat="42.6047300" lon="-6.7612700">
        <ele>544.0</ele>
      </trkpt>
      <trkpt lat="42.6045500" lon="-6.7618700">
        <ele>539.7</ele>
      </trkpt>
      <trkpt lat="42.6043600" lon="-6.7624700">
        <ele>535.1</ele>
      </trkpt>
      <trkpt lat="42.6043600" lon="-6.7631300">
        <ele>530.5</ele>
      </trkpt>
      <trkpt lat="42.6043600" lon="-6.7637900">
        <ele>526.5</ele>
      </trkpt>
      <trkpt lat="42.6043680" lon="-6.7644510">
        <ele>523.7</ele>
      </trkpt>
      <trkpt lat="42.6043430" lon="-6.7648690">
        <ele>521.9</ele>
      </trkpt>
      <trkpt lat="42.6042800" lon="-6.7652700">
        <ele>520.9</ele>
      </trkpt>
      <trkpt lat="42.6041400" lon="-6.7658100">
        <ele>520.6</ele>
      </trkpt>
      <trkpt lat="42.6039500" lon="-6.7662500">
        <ele>520.2</ele>
      </trkpt>
      <trkpt lat="42.6035900" lon="-6.7668900">
        <ele>519.5</ele>
      </trkpt>
      <trkpt lat="42.6032300" lon="-6.7675200">
        <ele>519.8</ele>
      </trkpt>
      <trkpt lat="42.6028700" lon="-6.7681600">
        <ele>520.8</ele>
      </trkpt>
      <trkpt lat="42.6025100" lon="-6.7686300">
        <ele>522.5</ele>
      </trkpt>
      <trkpt lat="42.6021500" lon="-6.7691100">
        <ele>524.9</ele>
      </trkpt>
      <trkpt lat="42.6017800" lon="-6.7695800">
        <ele>527.9</ele>
      </trkpt>
      <trkpt lat="42.6014200" lon="-6.7700500">
        <ele>530.2</ele>
      </trkpt>
      <trkpt lat="42.6013200" lon="-6.7703700">
        <ele>532.1</ele>
      </trkpt>
      <trkpt lat="42.6013000" lon="-6.7707300">
        <ele>533.0</ele>
      </trkpt>
      <trkpt lat="42.6013500" lon="-6.7713600">
        <ele>532.7</ele>
      </trkpt>
      <trkpt lat="42.6013900" lon="-6.7719900">
        <ele>531.2</ele>
      </trkpt>
      <trkpt lat="42.6014400" lon="-6.7726200">
        <ele>528.6</ele>
      </trkpt>
      <trkpt lat="42.6015560" lon="-6.7732750">
        <ele>525.5</ele>
      </trkpt>
      <trkpt lat="42.6016810" lon="-6.7739870">
        <ele>522.5</ele>
      </trkpt>
      <trkpt lat="42.6017300" lon="-6.7746100">
        <ele>520.1</ele>
      </trkpt>
      <trkpt lat="42.6016300" lon="-6.7753000">
        <ele>519.3</ele>
      </trkpt>
      <trkpt lat="42.6011900" lon="-6.7763400">
        <ele>520.1</ele>
      </trkpt>
      <trkpt lat="42.6015520" lon="-6.7770000">
        <ele>521.5</ele>
      </trkpt>
      <trkpt lat="42.6015220" lon="-6.7777010">
        <ele>523.6</ele>
      </trkpt>
      <trkpt lat="42.6015600" lon="-6.7784100">
        <ele>526.7</ele>
      </trkpt>
      <trkpt lat="42.6015600" lon="-6.7791100">
        <ele>530.6</ele>
      </trkpt>
      <trkpt lat="42.6015600" lon="-6.7798100">
        <ele>535.3</ele>
      </trkpt>
      <trkpt lat="42.6015700" lon="-6.7805200">
        <ele>540.2</ele>
      </trkpt>
      <trkpt lat="42.6015700" lon="-6.7812200">
        <ele>545.2</ele>
      </trkpt>
      <trkpt lat="42.6016100" lon="-6.7816400">
        <ele>549.7</ele>
      </trkpt>
      <trkpt lat="42.6017800" lon="-6.7822500">
        <ele>552.4</ele>
      </trkpt>
      <trkpt lat="42.6019500" lon="-6.7828600">
        <ele>552.2</ele>
      </trkpt>
      <trkpt lat="42.6021200" lon="-6.7834700">
        <ele>551.6</ele>
      </trkpt>
      <trkpt lat="42.6020600" lon="-6.7845300">
        <ele>550.2</ele>
      </trkpt>
      <trkpt lat="42.6022300" lon="-6.7851400">
        <ele>548.7</ele>
      </trkpt>
      <trkpt lat="42.6023000" lon="-6.7857200">
        <ele>547.5</ele>
      </trkpt>
      <trkpt lat="42.6025500" lon="-6.7862300">
        <ele>548.3</ele>
      </trkpt>
      <trkpt lat="42.6024200" lon="-6.7869400">
        <ele>550.1</ele>
      </trkpt>
      <trkpt lat="42.6024200" lon="-6.7875800">
        <ele>552.6</ele>
      </trkpt>
      <trkpt lat="42.6029100" lon="-6.7883800">
        <ele>555.6</ele>
      </trkpt>
      <trkpt lat="42.6032600" lon="-6.7886800">
        <ele>559.2</ele>
      </trkpt>
      <trkpt lat="42.6035900" lon="-6.7891500">
        <ele>562.7</ele>
      </trkpt>
      <trkpt lat="42.6039200" lon="-6.7896100">
        <ele>566.1</ele>
      </trkpt>
      <trkpt lat="42.6042200" lon="-6.7907000">
        <ele>569.1</ele>
      </trkpt>
      <trkpt lat="42.6047400" lon="-6.7916800">
        <ele>571.9</ele>
      </trkpt>
      <trkpt lat="42.6047500" lon="-6.7923200">
        <ele>574.6</ele>
      </trkpt>
      <trkpt lat="42.6047500" lon="-6.7929600">
        <ele>577.2</ele>
      </trkpt>
      <trkpt lat="42.6047600" lon="-6.7936100">
        <ele>578.6</ele>
      </trkpt>
      <trkpt lat="42.6047600" lon="-6.7942500">
        <ele>579.2</ele>
      </trkpt>
      <trkpt lat="42.6047700" lon="-6.7948900">
        <ele>578.5</ele>
      </trkpt>
      <trkpt lat="42.6047300" lon="-6.7956600">
        <ele>576.4</ele>
      </trkpt>
      <trkpt lat="42.6046900" lon="-6.7964300">
        <ele>573.6</ele>
      </trkpt>
      <trkpt lat="42.6044500" lon="-6.7969700">
        <ele>571.1</ele>
      </trkpt>
      <trkpt lat="42.6042200" lon="-6.7975100">
        <ele>569.2</ele>
      </trkpt>
      <trkpt lat="42.6039800" lon="-6.7980500">
        <ele>568.1</ele>
      </trkpt>
      <trkpt lat="42.6039100" lon="-6.7986000">
        <ele>567.6</ele>
      </trkpt>
      <trkpt lat="42.6039700" lon="-6.7992700">
        <ele>567.1</ele>
      </trkpt>
      <trkpt lat="42.6040300" lon="-6.7999300">
        <ele>565.4</ele>
      </trkpt>
      <trkpt lat="42.6040900" lon="-6.8006000">
        <ele>563.1</ele>
      </trkpt>
      <trkpt lat="42.6042200" lon="-6.8012800">
        <ele>560.3</ele>
      </trkpt>
      <trkpt lat="42.6043400" lon="-6.8019600">
        <ele>557.3</ele>
      </trkpt>
      <trkpt lat="42.6044700" lon="-6.8026400">
        <ele>554.3</ele>
      </trkpt>
      <trkpt lat="42.6044800" lon="-6.8032800">
        <ele>551.8</ele>
      </trkpt>
      <trkpt lat="42.6044900" lon="-6.8039200">
        <ele>548.8</ele>
      </trkpt>
      <trkpt lat="42.6045100" lon="-6.8045500">
        <ele>545.7</ele>
      </trkpt>
      <trkpt lat="42.6045200" lon="-6.8051900">
        <ele>542.2</ele>
      </trkpt>
      <trkpt lat="42.6045300" lon="-6.8058300">
        <ele>538.3</ele>
      </trkpt>
      <trkpt lat="42.6044300" lon="-6.8064700">
        <ele>535.0</ele>
      </trkpt>
      <trkpt lat="42.6043400" lon="-6.8071100">
        <ele>531.5</ele>
      </trkpt>
      <trkpt lat="42.6042500" lon="-6.8072000">
        <ele>528.6</ele>
      </trkpt>
      <trkpt lat="42.6041500" lon="-6.8081000">
        <ele>526.1</ele>
      </trkpt>
      <trkpt lat="42.6042000" lon="-6.8088000">
        <ele>523.9</ele>
      </trkpt>
      <trkpt lat="42.6042400" lon="-6.8095000">
        <ele>521.6</ele>
      </trkpt>
      <trkpt lat="42.6044300" lon="-6.8097700">
        <ele>519.0</ele>
      </trkpt>
      <trkpt lat="42.6044600" lon="-6.8100200">
        <ele>515.8</ele>
      </trkpt>
      <trkpt lat="42.6052300" lon="-6.8103100">
        <ele>512.8</ele>
      </trkpt>
      <trkpt lat="42.6055200" lon="-6.8106100">
        <ele>509.7</ele>
      </trkpt>
      <trkpt lat="42.6055500" lon="-6.8107400">
        <ele>506.4</ele>
      </trkpt>
      <trkpt lat="42.6057300" lon="-6.8108600">
        <ele>504.0</ele>
      </trkpt>
      <trkpt lat="42.6059100" lon="-6.8109000">
        <ele>502.4</ele>
      </trkpt>
      <trkpt lat="42.6064200" lon="-6.8108600">
        <ele>500.9</ele>
      </trkpt>
      <trkpt lat="42.6069200" lon="-6.8108100">
        <ele>499.9</ele>
      </trkpt>
      <trkpt lat="42.6073900" lon="-6.8108400">
        <ele>499.2</ele>
      </trkpt>
      <trkpt lat="42.6078700" lon="-6.8108800">
        <ele>499.1</ele>
      </trkpt>
      <trkpt lat="42.6083400" lon="-6.8109100">
        <ele>499.5</ele>
      </trkpt>
      <trkpt lat="42.6087100" lon="-6.8107500">
        <ele>500.5</ele>
      </trkpt>
      <trkpt lat="42.6090200" lon="-6.8113400">
        <ele>501.9</ele>
      </trkpt>
      <trkpt lat="42.6093200" lon="-6.8119400">
        <ele>502.9</ele>
      </trkpt>
      <trkpt lat="42.6095200" lon="-6.8129800">
        <ele>503.6</ele>
      </trkpt>
      <trkpt lat="42.6096900" lon="-6.8133200">
        <ele>504.0</ele>
      </trkpt>
      <trkpt lat="42.6098600" lon="-6.8135100">
        <ele>504.0</ele>
      </trkpt>
      <trkpt lat="42.6100300" lon="-6.8136100">
        <ele>503.8</ele>
      </trkpt>
      <trkpt lat="42.6108300" lon="-6.8138600">
        <ele>504.4</ele>
      </trkpt>
      <trkpt lat="42.6113500" lon="-6.8142400">
        <ele>504.8</ele>
      </trkpt>
      <trkpt lat="42.6118700" lon="-6.8146300">
        <ele>505.0</ele>
      </trkpt>
      <trkpt lat="42.6123900" lon="-6.8150100">
        <ele>505.0</ele>
      </trkpt>
      <trkpt lat="42.6126400" lon="-6.8151300">
        <ele>505.7</ele>
      </trkpt>
      <trkpt lat="42.6127700" lon="-6.8151600">
        <ele>507.4</ele>
      </trkpt>
      <trkpt lat="42.6133900" lon="-6.8150600">
        <ele>509.8</ele>
      </trkpt>
      <trkpt lat="42.6138000" lon="-6.8148800">
        <ele>512.4</ele>
      </trkpt>
      <trkpt lat="42.6144100" lon="-6.8150700">
        <ele>516.4</ele>
      </trkpt>
      <trkpt lat="42.6145800" lon="-6.8151900">
        <ele>520.2</ele>
      </trkpt>
      <trkpt lat="42.6151000" lon="-6.8158000">
        <ele>522.7</ele>
      </trkpt>
      <trkpt lat="42.6152600" lon="-6.8165200">
        <ele>524.2</ele>
      </trkpt>
      <trkpt lat="42.6152500" lon="-6.8168500">
        <ele>526.4</ele>
      </trkpt>
      <trkpt lat="42.6150700" lon="-6.8175700">
        <ele>527.3</ele>
      </trkpt>
      <trkpt lat="42.6148900" lon="-6.8182900">
        <ele>527.6</ele>
      </trkpt>
      <trkpt lat="42.6147700" lon="-6.8185500">
        <ele>527.2</ele>
      </trkpt>
      <trkpt lat="42.6146100" lon="-6.8187300">
        <ele>527.0</ele>
      </trkpt>
      <trkpt lat="42.6140300" lon="-6.8189400">
        <ele>524.6</ele>
      </trkpt>
      <trkpt lat="42.6134800" lon="-6.8189600">
        <ele>522.8</ele>
      </trkpt>
      <trkpt lat="42.6129200" lon="-6.8189700">
        <ele>519.8</ele>
      </trkpt>
      <trkpt lat="42.6124600" lon="-6.8194800">
        <ele>517.0</ele>
      </trkpt>
      <trkpt lat="42.6118800" lon="-6.8198000">
        <ele>514.8</ele>
      </trkpt>
      <trkpt lat="42.6115700" lon="-6.8204100">
        <ele>514.6</ele>
      </trkpt>
      <trkpt lat="42.6121600" lon="-6.8207800">
        <ele>514.0</ele>
      </trkpt>
      <trkpt lat="42.6127400" lon="-6.8211500">
        <ele>514.7</ele>
      </trkpt>
      <trkpt lat="42.6131700" lon="-6.8213500">
        <ele>515.3</ele>
      </trkpt>
      <trkpt lat="42.6133700" lon="-6.8213400">
        <ele>516.3</ele>
      </trkpt>
      <trkpt lat="42.6140600" lon="-6.8210200">
        <ele>517.3</ele>
      </trkpt>
      <trkpt lat="42.6143900" lon="-6.8209900">
        <ele>518.8</ele>
      </trkpt>
      <trkpt lat="42.6146700" lon="-6.8211300">
        <ele>521.3</ele>
      </trkpt>
      <trkpt lat="42.6148900" lon="-6.8213700">
        <ele>523.9</ele>
      </trkpt>
      <trkpt lat="42.6150500" lon="-6.8217300">
        <ele>524.3</ele>
      </trkpt>
      <trkpt lat="42.6151000" lon="-6.8221500">
        <ele>524.4</ele>
      </trkpt>
      <trkpt lat="42.6149200" lon="-6.8233100">
        <ele>523.7</ele>
      </trkpt>
      <trkpt lat="42.6149900" lon="-6.8240400">
        <ele>522.4</ele>
      </trkpt>
      <trkpt lat="42.6151000" lon="-6.8243500">
        <ele>521.8</ele>
      </trkpt>
      <trkpt lat="42.6154600" lon="-6.8248400">
        <ele>523.2</ele>
      </trkpt>
      <trkpt lat="42.6161400" lon="-6.8253700">
        <ele>524.2</ele>
      </trkpt>
      <trkpt lat="42.6166100" lon="-6.8258400">
        <ele>525.5</ele>
      </trkpt>
      <trkpt lat="42.6169100" lon="-6.8262500">
        <ele>526.7</ele>
      </trkpt>
      <trkpt lat="42.6174100" lon="-6.8271400">
        <ele>527.4</ele>
      </trkpt>
      <trkpt lat="42.6176600" lon="-6.8278100">
        <ele>528.7</ele>
      </trkpt>
      <trkpt lat="42.6179000" lon="-6.8284800">
        <ele>530.5</ele>
      </trkpt>
      <trkpt lat="42.6181500" lon="-6.8291500">
        <ele>532.4</ele>
      </trkpt>
      <trkpt lat="42.6185500" lon="-6.8295900">
        <ele>533.9</ele>
      </trkpt>
      <trkpt lat="42.6190400" lon="-6.8298300">
        <ele>535.4</ele>
      </trkpt>
      <trkpt lat="42.6195400" lon="-6.8300700">
        <ele>535.8</ele>
      </trkpt>
      <trkpt lat="42.6200300" lon="-6.8303100">
        <ele>535.1</ele>
      </trkpt>
      <trkpt lat="42.6205200" lon="-6.8305500">
        <ele>533.9</ele>
      </trkpt>
      <trkpt lat="42.6208700" lon="-6.8305000">
        <ele>533.9</ele>
      </trkpt>
      <trkpt lat="42.6210600" lon="-6.8304000">
        <ele>535.3</ele>
      </trkpt>
      <trkpt lat="42.6215300" lon="-6.8300400">
        <ele>536.9</ele>
      </trkpt>
      <trkpt lat="42.6219900" lon="-6.8296800">
        <ele>538.8</ele>
      </trkpt>
      <trkpt lat="42.6222500" lon="-6.8295700">
        <ele>540.7</ele>
      </trkpt>
      <trkpt lat="42.6226100" lon="-6.8295900">
        <ele>542.1</ele>
      </trkpt>
      <trkpt lat="42.6228200" lon="-6.8296800">
        <ele>541.9</ele>
      </trkpt>
      <trkpt lat="42.6231900" lon="-6.8301100">
        <ele>541.2</ele>
      </trkpt>
      <trkpt lat="42.6233700" lon="-6.8306300">
        <ele>540.3</ele>
      </trkpt>
      <trkpt lat="42.6233900" lon="-6.8310500">
        <ele>539.7</ele>
      </trkpt>
      <trkpt lat="42.6232900" lon="-6.8317900">
        <ele>539.8</ele>
      </trkpt>
      <trkpt lat="42.6231800" lon="-6.8325300">
        <ele>539.0</ele>
      </trkpt>
      <trkpt lat="42.6228400" lon="-6.8334600">
        <ele>538.1</ele>
      </trkpt>
      <trkpt lat="42.6224900" lon="-6.8340000">
        <ele>538.0</ele>
      </trkpt>
      <trkpt lat="42.6220600" lon="-6.8344800">
        <ele>536.6</ele>
      </trkpt>
      <trkpt lat="42.6216300" lon="-6.8349600">
        <ele>534.4</ele>
      </trkpt>
      <trkpt lat="42.6212000" lon="-6.8354400">
        <ele>533.0</ele>
      </trkpt>
      <trkpt lat="42.6210700" lon="-6.8357500">
        <ele>532.6</ele>
      </trkpt>
      <trkpt lat="42.6210100" lon="-6.8361700">
        <ele>532.0</ele>
      </trkpt>
      <trkpt lat="42.6211400" lon="-6.8368200">
        <ele>532.0</ele>
      </trkpt>
      <trkpt lat="42.6213100" lon="-6.8370800">
        <ele>532.3</ele>
      </trkpt>
      <trkpt lat="42.6218600" lon="-6.8375300">
        <ele>532.3</ele>
      </trkpt>
      <trkpt lat="42.6224000" lon="-6.8379700">
        <ele>532.0</ele>
      </trkpt>
      <trkpt lat="42.6228900" lon="-6.8388300">
        <ele>532.3</ele>
      </trkpt>
      <trkpt lat="42.6230600" lon="-6.8388700">
        <ele>533.3</ele>
      </trkpt>
      <trkpt lat="42.6235900" lon="-6.8392500">
        <ele>534.1</ele>
      </trkpt>
      <trkpt lat="42.6238100" lon="-6.8394500">
        <ele>535.3</ele>
      </trkpt>
      <trkpt lat="42.6240300" lon="-6.8398200">
        <ele>536.3</ele>
      </trkpt>
      <trkpt lat="42.6242800" lon="-6.8404000">
        <ele>536.8</ele>
      </trkpt>
      <trkpt lat="42.6245300" lon="-6.8409700">
        <ele>537.0</ele>
      </trkpt>
      <trkpt lat="42.6247800" lon="-6.8415500">
        <ele>537.6</ele>
      </trkpt>
      <trkpt lat="42.6250300" lon="-6.8423200">
        <ele>538.8</ele>
      </trkpt>
      <trkpt lat="42.6251100" lon="-6.8422800">
        <ele>540.6</ele>
      </trkpt>
      <trkpt lat="42.6254500" lon="-6.8429800">
        <ele>542.5</ele>
      </trkpt>
      <trkpt lat="42.6257800" lon="-6.8434200">
        <ele>543.8</ele>
      </trkpt>
      <trkpt lat="42.6261100" lon="-6.8438500">
        <ele>544.2</ele>
      </trkpt>
      <trkpt lat="42.6264300" lon="-6.8449500">
        <ele>543.5</ele>
      </trkpt>
      <trkpt lat="42.6265500" lon="-6.8458000">
        <ele>542.0</ele>
      </trkpt>
      <trkpt lat="42.6266600" lon="-6.8461200">
        <ele>540.7</ele>
      </trkpt>
      <trkpt lat="42.6269600" lon="-6.8462800">
        <ele>540.2</ele>
      </trkpt>
      <trkpt lat="42.6274600" lon="-6.8464300">
        <ele>540.0</ele>
      </trkpt>
      <trkpt lat="42.6279700" lon="-6.8465700">
        <ele>539.9</ele>
      </trkpt>
      <trkpt lat="42.6284700" lon="-6.8467200">
        <ele>539.5</ele>
      </trkpt>
      <trkpt lat="42.6290700" lon="-6.8470400">
        <ele>538.7</ele>
      </trkpt>
      <trkpt lat="42.6294500" lon="-6.8473400">
        <ele>538.1</ele>
      </trkpt>
      <trkpt lat="42.6298900" lon="-6.8477500">
        <ele>538.0</ele>
      </trkpt>
      <trkpt lat="42.6302300" lon="-6.8481600">
        <ele>539.0</ele>
      </trkpt>
      <trkpt lat="42.6305800" lon="-6.8485700">
        <ele>540.7</ele>
      </trkpt>
      <trkpt lat="42.6309200" lon="-6.8489700">
        <ele>543.0</ele>
      </trkpt>
      <trkpt lat="42.6312700" lon="-6.8493800">
        <ele>545.3</ele>
      </trkpt>
      <trkpt lat="42.6316100" lon="-6.8497900">
        <ele>547.0</ele>
      </trkpt>
      <trkpt lat="42.6320000" lon="-6.8503000">
        <ele>548.5</ele>
      </trkpt>
      <trkpt lat="42.6323800" lon="-6.8508000">
        <ele>548.9</ele>
      </trkpt>
      <trkpt lat="42.6327700" lon="-6.8513100">
        <ele>548.6</ele>
      </trkpt>
      <trkpt lat="42.6331500" lon="-6.8518100">
        <ele>548.2</ele>
      </trkpt>
      <trkpt lat="42.6335400" lon="-6.8523200">
        <ele>547.8</ele>
      </trkpt>
      <trkpt lat="42.6338100" lon="-6.8524900">
        <ele>547.5</ele>
      </trkpt>
      <trkpt lat="42.6343100" lon="-6.8526700">
        <ele>547.9</ele>
      </trkpt>
      <trkpt lat="42.6348100" lon="-6.8528500">
        <ele>548.3</ele>
      </trkpt>
      <trkpt lat="42.6353000" lon="-6.8531800">
        <ele>548.8</ele>
      </trkpt>
      <trkpt lat="42.6357400" lon="-6.8535600">
        <ele>549.3</ele>
      </trkpt>
      <trkpt lat="42.6361700" lon="-6.8539300">
        <ele>550.3</ele>
      </trkpt>
      <trkpt lat="42.6366100" lon="-6.8543100">
        <ele>550.8</ele>
      </trkpt>
      <trkpt lat="42.6370400" lon="-6.8546800">
        <ele>552.1</ele>
      </trkpt>
      <trkpt lat="42.6374000" lon="-6.8551700">
        <ele>553.1</ele>
      </trkpt>
      <trkpt lat="42.6377600" lon="-6.8556500">
        <ele>554.7</ele>
      </trkpt>
      <trkpt lat="42.6383000" lon="-6.8565700">
        <ele>555.1</ele>
      </trkpt>
      <trkpt lat="42.6384900" lon="-6.8570300">
        <ele>555.4</ele>
      </trkpt>
      <trkpt lat="42.6385700" lon="-6.8576300">
        <ele>555.3</ele>
      </trkpt>
      <trkpt lat="42.6386500" lon="-6.8582400">
        <ele>555.0</ele>
      </trkpt>
      <trkpt lat="42.6387400" lon="-6.8588400">
        <ele>555.1</ele>
      </trkpt>
      <trkpt lat="42.6388200" lon="-6.8594500">
        <ele>555.2</ele>
      </trkpt>
      <trkpt lat="42.6389000" lon="-6.8600500">
        <ele>556.5</ele>
      </trkpt>
      <trkpt lat="42.6388600" lon="-6.8605100">
        <ele>558.6</ele>
      </trkpt>
      <trkpt lat="42.6387400" lon="-6.8608800">
        <ele>560.5</ele>
      </trkpt>
      <trkpt lat="42.6381500" lon="-6.8617300">
        <ele>561.3</ele>
      </trkpt>
      <trkpt lat="42.6379900" lon="-6.8620900">
        <ele>561.9</ele>
      </trkpt>
      <trkpt lat="42.6379200" lon="-6.8625000">
        <ele>561.7</ele>
      </trkpt>
      <trkpt lat="42.6379500" lon="-6.8629000">
        <ele>560.4</ele>
      </trkpt>
      <trkpt lat="42.6381000" lon="-6.8633600">
        <ele>558.1</ele>
      </trkpt>
      <trkpt lat="42.6384500" lon="-6.8639900">
        <ele>556.1</ele>
      </trkpt>
      <trkpt lat="42.6387900" lon="-6.8646300">
        <ele>554.7</ele>
      </trkpt>
      <trkpt lat="42.6391400" lon="-6.8652600">
        <ele>553.5</ele>
      </trkpt>
      <trkpt lat="42.6394200" lon="-6.8658500">
        <ele>552.7</ele>
      </trkpt>
      <trkpt lat="42.6397000" lon="-6.8664400">
        <ele>551.8</ele>
      </trkpt>
      <trkpt lat="42.6399700" lon="-6.8670300">
        <ele>551.5</ele>
      </trkpt>
      <trkpt lat="42.6402500" lon="-6.8676200">
        <ele>551.4</ele>
      </trkpt>
      <trkpt lat="42.6406100" lon="-6.8678400">
        <ele>552.1</ele>
      </trkpt>
      <trkpt lat="42.6408500" lon="-6.8678800">
        <ele>553.1</ele>
      </trkpt>
      <trkpt lat="42.6413100" lon="-6.8678300">
        <ele>554.6</ele>
      </trkpt>
      <trkpt lat="42.6418000" lon="-6.8680200">
        <ele>554.9</ele>
      </trkpt>
      <trkpt lat="42.6423100" lon="-6.8685300">
        <ele>554.8</ele>
      </trkpt>
      <trkpt lat="42.6426600" lon="-6.8689300">
        <ele>553.8</ele>
      </trkpt>
      <trkpt lat="42.6430100" lon="-6.8693200">
        <ele>552.6</ele>
      </trkpt>
      <trkpt lat="42.6433600" lon="-6.8697200">
        <ele>552.2</ele>
      </trkpt>
      <trkpt lat="42.6437000" lon="-6.8701200">
        <ele>552.6</ele>
      </trkpt>
      <trkpt lat="42.6440500" lon="-6.8705100">
        <ele>553.3</ele>
      </trkpt>
      <trkpt lat="42.6444000" lon="-6.8709100">
        <ele>553.9</ele>
      </trkpt>
      <trkpt lat="42.6449900" lon="-6.8718200">
        <ele>555.3</ele>
      </trkpt>
      <trkpt lat="42.6451500" lon="-6.8719700">
        <ele>556.9</ele>
      </trkpt>
      <trkpt lat="42.6458000" lon="-6.8723000">
        <ele>558.1</ele>
      </trkpt>
      <trkpt lat="42.6461700" lon="-6.8726900">
        <ele>558.5</ele>
      </trkpt>
      <trkpt lat="42.6466900" lon="-6.8736100">
        <ele>559.1</ele>
      </trkpt>
      <trkpt lat="42.6469300" lon="-6.8743700">
        <ele>560.3</ele>
      </trkpt>
      <trkpt lat="42.6472500" lon="-6.8749800">
        <ele>562.3</ele>
      </trkpt>
      <trkpt lat="42.6477400" lon="-6.8755600">
        <ele>562.6</ele>
      </trkpt>
      <trkpt lat="42.6480500" lon="-6.8762800">
        <ele>562.1</ele>
      </trkpt>
      <trkpt lat="42.6480300" lon="-6.8770000">
        <ele>561.9</ele>
      </trkpt>
      <trkpt lat="42.6480100" lon="-6.8777100">
        <ele>561.7</ele>
      </trkpt>
      <trkpt lat="42.6481100" lon="-6.8780600">
        <ele>560.8</ele>
      </trkpt>
      <trkpt lat="42.6486000" lon="-6.8790600">
        <ele>563.1</ele>
      </trkpt>
      <trkpt lat="42.6487100" lon="-6.8794800">
        <ele>566.6</ele>
      </trkpt>
      <trkpt lat="42.6492300" lon="-6.8804100">
        <ele>570.0</ele>
      </trkpt>
      <trkpt lat="42.6492400" lon="-6.8808500">
        <ele>572.0</ele>
      </trkpt>
      <trkpt lat="42.6494000" lon="-6.8814600">
        <ele>575.1</ele>
      </trkpt>
      <trkpt lat="42.6494400" lon="-6.8825100">
        <ele>576.8</ele>
      </trkpt>
      <trkpt lat="42.6496600" lon="-6.8835800">
        <ele>579.3</ele>
      </trkpt>
      <trkpt lat="42.6496300" lon="-6.8840400">
        <ele>581.6</ele>
      </trkpt>
      <trkpt lat="42.6497200" lon="-6.8850400">
        <ele>584.1</ele>
      </trkpt>
      <trkpt lat="42.6501200" lon="-6.8861200">
        <ele>584.3</ele>
      </trkpt>
      <trkpt lat="42.6503500" lon="-6.8864800">
        <ele>584.6</ele>
      </trkpt>
      <trkpt lat="42.6503800" lon="-6.8868500">
        <ele>584.3</ele>
      </trkpt>
      <trkpt lat="42.6504500" lon="-6.8870200">
        <ele>584.0</ele>
      </trkpt>
      <trkpt lat="42.6507100" lon="-6.8873400">
        <ele>583.3</ele>
      </trkpt>
      <trkpt lat="42.6509300" lon="-6.8874300">
        <ele>582.5</ele>
      </trkpt>
      <trkpt lat="42.6512500" lon="-6.8876700">
        <ele>581.5</ele>
      </trkpt>
      <trkpt lat="42.6515900" lon="-6.8880900">
        <ele>580.6</ele>
      </trkpt>
      <trkpt lat="42.6519300" lon="-6.8885100">
        <ele>578.9</ele>
      </trkpt>
      <trkpt lat="42.6523200" lon="-6.8887400">
        <ele>577.1</ele>
      </trkpt>
      <trkpt lat="42.6530100" lon="-6.8893700">
        <ele>576.6</ele>
      </trkpt>
      <trkpt lat="42.6531500" lon="-6.8894400">
        <ele>576.2</ele>
      </trkpt>
      <trkpt lat="42.6535500" lon="-6.8894600">
        <ele>576.4</ele>
      </trkpt>
      <trkpt lat="42.6538200" lon="-6.8899000">
        <ele>577.8</ele>
      </trkpt>
      <trkpt lat="42.6544000" lon="-6.8905200">
        <ele>579.2</ele>
      </trkpt>
      <trkpt lat="42.6548100" lon="-6.8912400">
        <ele>579.8</ele>
      </trkpt>
      <trkpt lat="42.6552200" lon="-6.8919500">
        <ele>581.0</ele>
      </trkpt>
      <trkpt lat="42.6556800" lon="-6.8923100">
        <ele>581.7</ele>
      </trkpt>
      <trkpt lat="42.6562400" lon="-6.8924700">
        <ele>581.5</ele>
      </trkpt>
      <trkpt lat="42.6563800" lon="-6.8925600">
        <ele>581.0</ele>
      </trkpt>
      <trkpt lat="42.6566100" lon="-6.8929000">
        <ele>581.4</ele>
      </trkpt>
      <trkpt lat="42.6567800" lon="-6.8935800">
        <ele>581.4</ele>
      </trkpt>
      <trkpt lat="42.6570200" lon="-6.8941100">
        <ele>583.9</ele>
      </trkpt>
      <trkpt lat="42.6570200" lon="-6.8943500">
        <ele>586.9</ele>
      </trkpt>
      <trkpt lat="42.6568200" lon="-6.8948700">
        <ele>589.6</ele>
      </trkpt>
      <trkpt lat="42.6566400" lon="-6.8949600">
        <ele>591.5</ele>
      </trkpt>
      <trkpt lat="42.6563400" lon="-6.8950100">
        <ele>592.6</ele>
      </trkpt>
      <trkpt lat="42.6560000" lon="-6.8955800">
        <ele>590.0</ele>
      </trkpt>
      <trkpt lat="42.6558500" lon="-6.8955400">
        <ele>586.9</ele>
      </trkpt>
      <trkpt lat="42.6553700" lon="-6.8957400">
        <ele>584.9</ele>
      </trkpt>
      <trkpt lat="42.6551700" lon="-6.8966300">
        <ele>583.8</ele>
      </trkpt>
      <trkpt lat="42.6549800" lon="-6.8972800">
        <ele>583.9</ele>
      </trkpt>
      <trkpt lat="42.6547800" lon="-6.8979200">
        <ele>584.6</ele>
      </trkpt>
      <trkpt lat="42.6545900" lon="-6.8985700">
        <ele>586.5</ele>
      </trkpt>
      <trkpt lat="42.6545100" lon="-6.8990400">
        <ele>587.8</ele>
      </trkpt>
      <trkpt lat="42.6544900" lon="-6.8997500">
        <ele>588.9</ele>
      </trkpt>
      <trkpt lat="42.6545900" lon="-6.9006100">
        <ele>590.2</ele>
      </trkpt>
      <trkpt lat="42.6547300" lon="-6.9012100">
        <ele>592.9</ele>
      </trkpt>
      <trkpt lat="42.6548700" lon="-6.9018100">
        <ele>594.1</ele>
      </trkpt>
      <trkpt lat="42.6550100" lon="-6.9024100">
        <ele>595.5</ele>
      </trkpt>
      <trkpt lat="42.6551400" lon="-6.9030000">
        <ele>596.3</ele>
      </trkpt>
      <trkpt lat="42.6552800" lon="-6.9036000">
        <ele>596.5</ele>
      </trkpt>
      <trkpt lat="42.6554200" lon="-6.9042000">
        <ele>596.3</ele>
      </trkpt>
      <trkpt lat="42.6555600" lon="-6.9048000">
        <ele>596.9</ele>
      </trkpt>
      <trkpt lat="42.6557500" lon="-6.9051400">
        <ele>597.1</ele>
      </trkpt>
      <trkpt lat="42.6561400" lon="-6.9056300">
        <ele>597.0</ele>
      </trkpt>
      <trkpt lat="42.6565200" lon="-6.9061100">
        <ele>597.0</ele>
      </trkpt>
      <trkpt lat="42.6567100" lon="-6.9066500">
        <ele>596.7</ele>
      </trkpt>
      <trkpt lat="42.6569500" lon="-6.9076500">
        <ele>596.9</ele>
      </trkpt>
      <trkpt lat="42.6571500" lon="-6.9081000">
        <ele>597.9</ele>
      </trkpt>
      <trkpt lat="42.6574300" lon="-6.9084400">
        <ele>600.1</ele>
      </trkpt>
      <trkpt lat="42.6578600" lon="-6.9087500">
        <ele>603.5</ele>
      </trkpt>
      <trkpt lat="42.6582800" lon="-6.9090600">
        <ele>607.3</ele>
      </trkpt>
      <trkpt lat="42.6585200" lon="-6.9093600">
        <ele>610.0</ele>
      </trkpt>
      <trkpt lat="42.6587100" lon="-6.9097800">
        <ele>613.0</ele>
      </trkpt>
      <trkpt lat="42.6587800" lon="-6.9102300">
        <ele>614.8</ele>
      </trkpt>
      <trkpt lat="42.6587400" lon="-6.9107900">
        <ele>613.8</ele>
      </trkpt>
      <trkpt lat="42.6585500" lon="-6.9112600">
        <ele>611.6</ele>
      </trkpt>
      <trkpt lat="42.6581900" lon="-6.9116900">
        <ele>609.6</ele>
      </trkpt>
      <trkpt lat="42.6578300" lon="-6.9121100">
        <ele>606.2</ele>
      </trkpt>
      <trkpt lat="42.6577300" lon="-6.9123000">
        <ele>602.7</ele>
      </trkpt>
      <trkpt lat="42.6575800" lon="-6.9129400">
        <ele>600.5</ele>
      </trkpt>
      <trkpt lat="42.6576300" lon="-6.9133400">
        <ele>598.6</ele>
      </trkpt>
      <trkpt lat="42.6578500" lon="-6.9137800">
        <ele>597.3</ele>
      </trkpt>
      <trkpt lat="42.6582400" lon="-6.9141600">
        <ele>596.8</ele>
      </trkpt>
      <trkpt lat="42.6586300" lon="-6.9145500">
        <ele>596.7</ele>
      </trkpt>
      <trkpt lat="42.6590200" lon="-6.9149300">
        <ele>596.9</ele>
      </trkpt>
      <trkpt lat="42.6589800" lon="-6.9151000">
        <ele>597.4</ele>
      </trkpt>
      <trkpt lat="42.6590200" lon="-6.9152600">
        <ele>597.9</ele>
      </trkpt>
      <trkpt lat="42.6592400" lon="-6.9155700">
        <ele>599.3</ele>
      </trkpt>
      <trkpt lat="42.6594000" lon="-6.9156300">
        <ele>600.8</ele>
      </trkpt>
      <trkpt lat="42.6598800" lon="-6.9163900">
        <ele>601.8</ele>
      </trkpt>
      <trkpt lat="42.6601300" lon="-6.9170600">
        <ele>602.4</ele>
      </trkpt>
      <trkpt lat="42.6601400" lon="-6.9178400">
        <ele>602.9</ele>
      </trkpt>
      <trkpt lat="42.6600900" lon="-6.9184800">
        <ele>602.5</ele>
      </trkpt>
      <trkpt lat="42.6600400" lon="-6.9191200">
        <ele>601.6</ele>
      </trkpt>
      <trkpt lat="42.6599800" lon="-6.9197600">
        <ele>601.2</ele>
      </trkpt>
      <trkpt lat="42.6599300" lon="-6.9204000">
        <ele>601.2</ele>
      </trkpt>
      <trkpt lat="42.6599900" lon="-6.9213200">
        <ele>601.8</ele>
      </trkpt>
      <trkpt lat="42.6601200" lon="-6.9216400">
        <ele>602.6</ele>
      </trkpt>
      <trkpt lat="42.6604400" lon="-6.9221500">
        <ele>604.1</ele>
      </trkpt>
      <trkpt lat="42.6606000" lon="-6.9228800">
        <ele>606.4</ele>
      </trkpt>
      <trkpt lat="42.6607700" lon="-6.9236100">
        <ele>608.9</ele>
      </trkpt>
      <trkpt lat="42.6609300" lon="-6.9243400">
        <ele>611.3</ele>
      </trkpt>
      <trkpt lat="42.6611600" lon="-6.9249900">
        <ele>612.7</ele>
      </trkpt>
      <trkpt lat="42.6615400" lon="-6.9256800">
        <ele>613.0</ele>
      </trkpt>
      <trkpt lat="42.6619100" lon="-6.9263600">
        <ele>612.6</ele>
      </trkpt>
      <trkpt lat="42.6621500" lon="-6.9265600">
        <ele>611.5</ele>
      </trkpt>
      <trkpt lat="42.6627900" lon="-6.9266200">
        <ele>610.0</ele>
      </trkpt>
      <trkpt lat="42.6634300" lon="-6.9266700">
        <ele>610.2</ele>
      </trkpt>
      <trkpt lat="42.6641800" lon="-6.9267200">
        <ele>611.2</ele>
      </trkpt>
      <trkpt lat="42.6650300" lon="-6.9265900">
        <ele>612.4</ele>
      </trkpt>
      <trkpt lat="42.6654300" lon="-6.9268000">
        <ele>613.7</ele>
      </trkpt>
      <trkpt lat="42.6656800" lon="-6.9270200">
        <ele>614.3</ele>
      </trkpt>
      <trkpt lat="42.6659100" lon="-6.9273700">
        <ele>614.4</ele>
      </trkpt>
      <trkpt lat="42.6657700" lon="-6.9285200">
        <ele>614.6</ele>
      </trkpt>
      <trkpt lat="42.6655900" lon="-6.9291800">
        <ele>614.8</ele>
      </trkpt>
      <trkpt lat="42.6654100" lon="-6.9298500">
        <ele>616.2</ele>
      </trkpt>
      <trkpt lat="42.6652300" lon="-6.9305100">
        <ele>619.0</ele>
      </trkpt>
      <trkpt lat="42.6654200" lon="-6.9310800">
        <ele>621.6</ele>
      </trkpt>
      <trkpt lat="42.6656100" lon="-6.9316500">
        <ele>623.7</ele>
      </trkpt>
      <trkpt lat="42.6657200" lon="-6.9323200">
        <ele>625.5</ele>
      </trkpt>
      <trkpt lat="42.6658300" lon="-6.9329900">
        <ele>626.2</ele>
      </trkpt>
      <trkpt lat="42.6659400" lon="-6.9336500">
        <ele>626.0</ele>
      </trkpt>
      <trkpt lat="42.6660500" lon="-6.9343200">
        <ele>625.5</ele>
      </trkpt>
      <trkpt lat="42.6661700" lon="-6.9349200">
        <ele>625.3</ele>
      </trkpt>
      <trkpt lat="42.6663000" lon="-6.9355100">
        <ele>625.3</ele>
      </trkpt>
      <trkpt lat="42.6664200" lon="-6.9361100">
        <ele>625.6</ele>
      </trkpt>
      <trkpt lat="42.6664400" lon="-6.9364300">
        <ele>627.2</ele>
      </trkpt>
      <trkpt lat="42.6662800" lon="-6.9373700">
        <ele>630.0</ele>
      </trkpt>
      <trkpt lat="42.6664200" lon="-6.9380800">
        <ele>633.3</ele>
      </trkpt>
      <trkpt lat="42.6662100" lon="-6.9387700">
        <ele>638.2</ele>
      </trkpt>
      <trkpt lat="42.6660400" lon="-6.9390600">
        <ele>644.4</ele>
      </trkpt>
      <trkpt lat="42.6656200" lon="-6.9395500">
        <ele>646.8</ele>
      </trkpt>
      <trkpt lat="42.6652000" lon="-6.9400300">
        <ele>645.4</ele>
      </trkpt>
      <trkpt lat="42.6646900" lon="-6.9404200">
        <ele>643.0</ele>
      </trkpt>
      <trkpt lat="42.6641700" lon="-6.9408100">
        <ele>638.8</ele>
      </trkpt>
      <trkpt lat="42.6640100" lon="-6.9412100">
        <ele>633.9</ele>
      </trkpt>
      <trkpt lat="42.6640200" lon="-6.9423600">
        <ele>631.9</ele>
      </trkpt>
      <trkpt lat="42.6642500" lon="-6.9430600">
        <ele>633.0</ele>
      </trkpt>
      <trkpt lat="42.6643700" lon="-6.9437900">
        <ele>634.2</ele>
      </trkpt>
      <trkpt lat="42.6646500" lon="-6.9444500">
        <ele>634.8</ele>
      </trkpt>
      <trkpt lat="42.6649300" lon="-6.9451100">
        <ele>635.9</ele>
      </trkpt>
    </trkseg>
  </trk>
</gpx>